source_row_id,sequence,type,label,split_seed
0,COCN1C(=O)CN=C(c2ccccc2)c2cc([N+](=O)[O-])ccc21,SMILES,1,88
1,CNC(=O)O[C@H]1OC(=O)[C@@]2(C)[C@@H]1[C@H]1C=C[C@@H]2C1,SMILES,1,88
3,CCCCCCCCCCCCCC(=O)O[C@H]1C=C[C@H]2[C@H]3Cc4ccc(OCc5ccccc5)c5c4[C@@]2(CCN3C)[C@H]1O5,SMILES,1,88
4,CCCCCC(C)C(C)c1cc(OC(=O)CCCN2CCCCCC2)c2c(c1)OC(C)(C)C1=C2CC(C)CC1,SMILES,1,88
5,CCCCCCC(C)(C)c1cc(O)c2c(c1)OC(C)(C)[C@@H]1CCC(=O)C[C@@H]21,SMILES,1,88
7,C[C@]12C=CC(=O)C=C1CC[C@H]1[C@@H]3C[C@H]4Cc5ccccc5C[C@@]4(C(=O)CO)[C@@]3(C)C[C@H](O)[C@@]12F,SMILES,1,88
8,C=C1CC[C@@]2(O)[C@H]3Cc4ccc(O)c5c4[C@@]2(CCN3CC2CC2)[C@H]1O5,SMILES,1,88
9,CC(C)=CCN1CC[C@]23c4c5ccc(O)c4O[C@H]2C(=O)CC[C@@]3(O)[C@H]1C5,SMILES,1,88
10,CN=C(Cc1ccc2ccccc2c1)[NH2+]C,SMILES,1,88
11,C1=C(CC2=NCNC2)CCc2ccccc21,SMILES,1,88
12,CC(Oc1cccc2ccccc12)/C(N)=N/O,SMILES,1,88
14,Cc1cccc(C)c1NC(=O)CN1CCCC1=O,SMILES,1,88
15,O=C(CCNNC(=O)c1ccncc1)NCc1ccccc1,SMILES,1,88
16,CC(CCN1CCN(c2ccc(F)cc2)CC1)NC(=O)c1cccnc1,SMILES,1,88
17,C/C=C\C1O[C@]2(C(=O)COC(=O)c3ccncc3)CC[C@@]3(O1)[C@@H]1CCC4=CC(=O)CC[C@]4(C)[C@H]1[C@@H](O)C[C@]23C,SMILES,1,88
18,CN1CC[C@]23c4c5ccc(OC(=O)c6cccnc6)c4O[C@H]2[C@@H](OC(=O)c2cccnc2)C=C[C@H]3[C@H]1C5,SMILES,1,88
19,O=C(c1cccnc1)N1CCOCC1,SMILES,1,88
21,CCN(CC)C(=O)c1cccnc1,SMILES,1,88
22,CN1C(=O)CN=C(c2ccccc2)c2cc([N+](=O)[O-])ccc21,SMILES,1,88
23,CNCCC(Oc1ccccc1OC)c1ccccc1,SMILES,1,88
24,C#C[C@]1(O)CC[C@H]2C3CCC4=Cc5c(cnn5-c5ccc(F)cc5)CC4(C)[C@H]3CCC21C,SMILES,1,88
25,CNC/C=C(/c1ccc(Br)cc1)c1cccnc1,SMILES,1,88
26,CN1Cc2c(N)cccc2C(c2ccccc2)C1,SMILES,1,88
28,FCC(F)(F)F,SMILES,1,88
29,Oc1ccc2c(c1)C13CCCCC1C(C2)NCC3,SMILES,1,88
30,O=C1CN=C(C2=CCCCC2)c2cc(Cl)ccc2N1,SMILES,1,88
31,COc1ccc2c(c1OC)C(=O)O[C@@H]2[C@H]1c2c(cc3c(c2OC)OCO3)CCN1C,SMILES,1,88
32,CN(C)CCON=C1c2ccccc2CCc2ccccc21,SMILES,1,88
33,Clc1ccc2c(c1)/C(=C/C1CN3CCC1CC3)c1ccccc1S2,SMILES,1,88
34,Cc1nc2c(C)cccn2c(=O)c1CCN1CCC(c2noc3cc(F)ccc23)CC1,SMILES,1,88
35,O=C(c1ccccn1)c1cnn2c(-c3ccncc3)ccnc12,SMILES,1,88
36,CCCCCCC(C)NN,SMILES,1,88
38,CC(C)N1CCOC(c2ccc(C(F)(F)F)cc2)C1,SMILES,1,88
39,NC(=O)N1c2ccccc2CC(=O)c2ccccc21,SMILES,1,88
40,CC(Cc1ccccc1)[N+](C)([O-])Cc1ccccc1,SMILES,1,88
41,NC(=O)CN1CC(O)CC1=O,SMILES,1,88
42,COC(=O)[C@@]1(O)CC[C@H]2C3CCC(=O)C4C(=O)C=CC4(C)[C@H]3C(O)CC21C,SMILES,1,88
43,NC(Cc1c[nH]c2ccc(O)cc12)C(=O)O,SMILES,1,88
45,CC(C)n1c(=O)c2c(-c3noc(C4CC4)n3)ncn2c2ccccc21,SMILES,1,88
46,COc1ccc(N2C[C@H](CN3CCC(O)(c4ccc5c(c4)OCO5)CC3)OC2=O)cc1,SMILES,1,88
47,Nc1cc(OCC2CC2)c(C(=O)NC2CN3CCC2CC3)cc1Cl,SMILES,1,88
48,O=C(NC(=O)c1ccccc1)NC1CCN(Cc2ccc3ccccc3c2)CC1,SMILES,1,88
49,CC1OC(C)OC(C)O1,SMILES,1,88
51,C#CCN(C)Cc1ccccc1,SMILES,1,88
52,Fc1ccc([C@@H]2CCNC[C@H]2COc2ccc3c(c2)OCO3)cc1,SMILES,1,88
54,OC1(c2ccc(Cl)c(C(F)(F)F)c2)CCN(CCCC(c2ccc(F)cc2)c2ccc(F)cc2)CC1,SMILES,1,88
55,CC(OC(N)=O)C(C)C(C)OC(N)=O,SMILES,1,88
56,CCCCCN[C@@]12C=CC(=O)[C@@H]3Oc4c(O)ccc5c4[C@@]31CCN(C)[C@@H]2C5,SMILES,1,88
58,c1ccc(-c2nc(N3CCNCC3)cc3ccccc23)cc1,SMILES,1,88
61,OC(OCC(COC(O)C(Cl)(Cl)Cl)(COC(O)C(Cl)(Cl)Cl)COC(O)C(Cl)(Cl)Cl)C(Cl)(Cl)Cl,SMILES,1,88
62,NC(=O)NC(=O)Cc1ccccc1,SMILES,1,88
63,CC1C2Cc3ccc(O)cc3C1(C)CCN2CCc1ccccc1,SMILES,1,88
64,CCC(C(=O)NC(N)=O)c1ccccc1,SMILES,1,88
65,CC1NCCOC1c1ccccc1,SMILES,1,88
66,CC(COc1ccccc1)NN,SMILES,1,88
67,CN1C(=O)CC(c2ccccc2)C1=O,SMILES,1,88
68,O=C([O-])c1ccccc1Oc1ccccc1,SMILES,1,88
69,O=C1NC(=O)C(c2ccccc2)(c2ccccc2)N1,SMILES,1,88
70,CCC1(CC)C(=O)NC(=O)N(c2ccccc2)C1=O,SMILES,1,88
71,O=C(c1ccccn1)N1CCN(Cc2ccccc2)CC1,SMILES,1,88
72,CCC[C@]1(c2cccc(O)c2)CCN(C)C[C@@H]1C,SMILES,1,88
73,CC(=O)Nc1ccc(OC(=O)[C@@H]2CCC(=O)N2)cc1,SMILES,1,88
75,CC(=O)c1ccc2c(c1)N(CCCN1CCC(CCO)CC1)c1ccccc1S2,SMILES,1,88
76,O=C(OCCN1CCCCC1)C(O)(c1ccccc1)c1ccccc1,SMILES,1,88
77,CCCCCCCCCCCCCCCC(=O)OCCC1CCN(CCCN2c3ccccc3Sc3ccc(S(=O)(=O)N(C)C)cc32)CC1,SMILES,1,88
78,CCc1c(C)[nH]c2c1C(=O)[C@@H]1CN(C)CC[C@H]1C2,SMILES,1,88
79,NC(=O)CN1CCCC1=O,SMILES,1,88
80,CN(C)CCC1(C)OCCC2=C1c1ccccc1C2,SMILES,1,88
81,N#CC(CCN1CCC(C(N)=O)(N2CCCCC2)CC1)(c1ccccc1)c1ccccc1,SMILES,1,88
82,Cc1ccc2c(c1)c1c3n2CCNC3CCC1.[H+],SMILES,1,88
83,CC(C)(C)C(=O)NCCCC(=O)O,SMILES,1,88
85,CC(C)N(CCNC(=O)CN1CCCC1=O)C(C)C,SMILES,1,88
86,O=C1NC(=O)C(CC2CCCCN2)(c2ccccc2)C(=O)N1,SMILES,1,88
87,CCOC(=O)O[C@]1(C(=O)COC(=O)CC)CC[C@H]2[C@@H]3CCC4=CC(=O)C=C[C@]4(C)[C@H]3[C@@H](O)C[C@@]21C,SMILES,1,88
88,CCN(CC)CC(=O)OCC(=O)C1(O)CCC2C3CCC4=CC(=O)C=CC4(C)C3C(O)CC21C,SMILES,1,88
90,CC(C)(C)CC(=O)OCC(=O)[C@@]1(O)CC[C@H]2[C@@H]3CCC4=CC(=O)C=C[C@]4(C)[C@H]3[C@@H](O)C[C@@]21C,SMILES,1,88
91,C=C1CC2C3CCC4=CC(=O)C=CC4(C)C3C(O)CC2(C)C1(O)C(=O)CO,SMILES,1,88
93,CC(=O)C1CCC2C3CC=C4CC(OC(=O)CCC(=O)O)CCC4(C)C3CCC12C,SMILES,1,88
94,CCN1CCC(=C(c2ccccc2)c2ccccc2)C1.[H+],SMILES,1,88
95,CNNCc1ccc(C(=O)NC(C)C)cc1,SMILES,1,88
96,CCC(OC(N)=O)C1CCCCC1,SMILES,1,88
98,NC(=O)CCCN/C(=C1\C=C(F)C=CC1=O)c1ccc(Cl)cc1,SMILES,1,88
99,CCCC(Cc1ccccc1)N1CCCC1,SMILES,1,88
100,CC(C)C1(C(C)C)OCC(CO)O1,SMILES,1,88
101,CCN(CC)CC(=O)Oc1ccc(NC(C)=O)cc1,SMILES,1,88
102,[CH2-][CH-]C,SMILES,1,88
103,CC(CN1C(=O)c2cccnc2Nc2ccccc21)N(C)C,SMILES,1,88
104,CC(C)c1cccc(C(C)C)c1O,SMILES,1,88
105,CCC(=O)C1(N2CCCCC2)CCN(CCCC(=O)c2ccc(F)cc2)CC1,SMILES,1,88
106,CN(C)CCC=C1c2ccccc2Sc2ccccc21,SMILES,1,88
107,C=CCC1(CC(C)O)C(=O)NC(=O)NC1=O,SMILES,1,88
108,CC(O)Cn1cnc2c1c(=O)n(C)c(=O)n2C,SMILES,1,88
110,Cc1ncc(CSSCc2cnc(C)c(O)c2CO)c(CO)c1O,SMILES,1,88
111,OCCOCCN1CCN(C2=Nc3ccccc3Sc3ccccc32)CC1,SMILES,1,88
112,CN1CC[C@@]2(C)c3cc(OC(=O)N4CCc5ccccc5C4)ccc3N(C)[C@@H]12,SMILES,1,88
113,CCCN1CC(NS(=O)(=O)N(CC)CC)CC2Cc3c(O)cccc3CC21,SMILES,1,88
114,CN(C)CCOC1(Cc2ccccc2)CC2CCC1(C)C2(C)C,SMILES,1,88
115,C#CCN[C@@H]1CCc2ccccc21,SMILES,1,88
117,CC(Cc1ccccc1)(NC(=O)CN)c1ccccc1,SMILES,1,88
118,CCC(=O)N(c1ccccc1)C1(C(=O)OC)CCN(CCC(=O)OC)CC1,SMILES,1,88
119,CCOC(=O)Nc1ccc(NCc2ccc(F)cc2)cc1N,SMILES,1,88
120,CN1[C@@H]2CC[C@H]1CC(NC(=O)N1CC(C)(C)c3ccccc31)C2,SMILES,1,88
123,CCn1nc(C)c2c1C(c1ccccc1)=NCC(=O)N2,SMILES,1,88
124,CCN(C)C(=O)Oc1cccc([C@H](C)N(C)C)c1,SMILES,1,88
125,NC(=O)c1ccc(F)c2c1C[C@@H](N(C1CCC1)C1CCC1)CO2,SMILES,1,88
127,O=C1CCN=C2CC(c3ccccc3)CN12,SMILES,1,88
128,CCC[C@@H]1O[C@@H]2C[C@H]3[C@@H]4C[C@H](F)C5=CC(=O)CC[C@]5(C)[C@@]4(F)[C@@H](O)C[C@]3(C)[C@]2(C(=O)CO)O1,SMILES,1,88
129,O=C1CCC(C(=O)NC2CC2c2ccccc2)N1,SMILES,1,88
130,COc1ccc(C2CNC(=O)C2)cc1OC1CCCC1,SMILES,1,88
131,CN1C[C@H](CN2CC(=O)NC(=O)C2)C=C2c3cccc4[nH]cc(c34)C[C@H]21,SMILES,1,88
132,Fc1cccc(Br)c1NC1=NCCN1,SMILES,1,88
135,OCc1ccccc1O[C@@H]1O[C@H](CO)[C@@H](O)[C@H](O)[C@H]1O,SMILES,1,88
136,NC(=O)c1ccccc1O,SMILES,1,88
139,CCCC(=O)N(C)Cc1c(-c2ccc(Cl)cc2)nc2ccccn12,SMILES,1,88
140,C#CCN(C)[C@H](C)Cc1ccccc1,SMILES,1,88
141,COCCN1CC[C@]23c4c5ccc(O)c4O[C@H]2C(=O)CC[C@@]3(O)[C@H]1C5,SMILES,1,88
142,O=C1NCCN1CCN1CCC(c2cn(-c3ccc(F)cc3)c3ccc(Cl)cc23)CC1,SMILES,1,88
143,CN1CCC2=C(C1)c1ccccc1Cc1ccccc12,SMILES,1,88
146,CN1CCN(c2ccccc2Cc2ccccc2)CC1,SMILES,1,88
147,CCC(C)(C)C(=O)O[C@H]1C[C@@H](C)C=C2C=C[C@H](C)[C@H](CC[C@@H]3C[C@@H](O)CC(=O)O3)[C@H]21,SMILES,1,88
148,Cc1cc(NC(=O)c2c(C)cccc2C)no1,SMILES,1,88
149,O=C(CCCN1CCC2(CC1)C(=O)NCN2c1ccccc1)c1ccc(F)cc1,SMILES,1,88
150,CN(C(=O)Cc1ccc(Cl)c(Cl)c1)[C@H]1CC[C@@]2(CCCO2)C[C@@H]1N1CCCC1,SMILES,1,88
151,O=C1NCN(c2ccccc2)C12CCN(CCCOc1ccc(F)cc1)CC2,SMILES,1,88
152,C/C(=C/CCN1CCC2(CC1)C(=O)NCN2c1ccccc1)c1ccc(F)cc1,SMILES,1,88
154,CCN(CC)C(=O)N1CCN(CCCc2nc3c(c(=O)n(C)c(=O)n3C)n2C)CC1,SMILES,1,88
156,NS(=O)(=O)c1ccc(N2C(=O)CC(c3ccccc3)C2=O)c(Cl)c1,SMILES,1,88
157,Cc1cc(NS(=O)(=O)c2ccc(N)cc2)no1,SMILES,1,88
159,COc1ccc(S(N)(=O)=O)cc1C(=O)NCC1CCCN1C,SMILES,1,88
160,NS(=O)(=O)c1ccc(N2CCCCS2(=O)=O)cc1,SMILES,1,88
161,CCN1CCCC1CNC(=O)c1cc(S(=O)(=O)CC)ccc1OC,SMILES,1,88
162,CSCC[C@H](NC(C)=O)C(=O)Oc1ccc(NC(C)=O)cc1,SMILES,1,88
164,Cn1nc(-c2cccc(F)c2)n(C)c1=S,SMILES,1,88
165,O=C1CCC(N2C(=O)C3C4CCC(C4)C3C2=O)C(=O)N1,SMILES,1,88
167,CNCCCC1(c2ccccc2)SC(C)(C)c2ccccc21,SMILES,1,88
168,CC(C)NS(=O)(=O)CCN1C(=O)c2ccccc2C1=O,SMILES,1,88
169,Cn1c(=O)c2c(ncn2CCN2CCC(c3c[nH]c4ccccc34)CC2)n(C)c1=O,SMILES,1,88
172,O=C(O)CC(O)(CC(=O)O)C(=O)O.O=C1[C@@H]2[C@H]3CC[C@H](C3)[C@@H]2C(=O)N1CCCCN1CCN(c2ncccn2)CC1,SMILES,1,88
173,COc1nc2nc(-c3noc(C)n3)cn2c2c1CCCC2,SMILES,1,88
174,Cc1nc(C)c2c(n1)N(Cc1ccc(-c3ccccc3-c3nn[nH]n3)cc1)C(=O)CC2,SMILES,1,88
175,CCCCCCSc1nsnc1C1=CCCN(C)C1,SMILES,1,88
177,OCCN1CCN(CCCC2c3ccc(F)cc3Sc3ccc(C(F)(F)F)cc32)CC1,SMILES,1,88
178,O=C1NCCNC1c1cccs1,SMILES,1,88
179,CCCN1CC=C(c2c[nH]c3ccc(Cl)cc23)CC1,SMILES,1,88
180,CCN(CC)C(=O)N[C@H]1C[C@@H]2c3cccc4[nH]cc(c34)C[C@H]2N(C)C1,SMILES,1,88
181,CCCC(CC)C1(CC)C(=O)NC(=O)NC1=O,SMILES,1,88
182,COc1cc2c(cc1OC)C1CC(=O)C(CC(C)C)CN1CC2,SMILES,1,88
183,O=C1NC(=O)C2(CCc3ccccc3C2)N1,SMILES,1,88
184,O=C1CCC(N2C(=O)c3ccccc3C2=O)C(=O)N1,SMILES,1,88
185,COc1ccc2c3c1OC1C(OC(C)=O)=CCC4C(C2)N(C)CCC314,SMILES,1,88
186,C=CCC1(C2C=CCCC2)C(=O)NC(=S)NC1=O,SMILES,1,88
187,C=CCC1(C(C)CCC)C(=O)NC(=S)NC1=O,SMILES,1,88
188,CN(C)CCN1C(=O)CC(c2ccccc2)Sc2ccccc21,SMILES,1,88
189,CC(=O)OCCN1CCN(CCCN2c3ccccc3Sc3ccc(Cl)cc32)CC1,SMILES,1,88
190,CN1CCN(CCCN2c3ccccc3Sc3ccc(S(=O)(=O)N(C)C)cc32)CC1,SMILES,1,88
191,CN(C)C1=NC(=O)C(c2ccccc2)O1,SMILES,1,88
193,CN1c2ccccc2C(NCCCCCCC(=O)O)c2ccc(Cl)cc2S1(=O)=O,SMILES,1,88
194,Cc1csc2ccc3[nH]c4c(c3c12)CN(C)CC4,SMILES,1,88
195,S=C1NCCC(COc2ccccc2)O1,SMILES,1,88
196,CCOC(=O)C1(c2ccccc2)CCC=CC1N(C)C.[H+],SMILES,1,88
198,O=C(CCCN1CCC(n2c(=S)[nH]c3ccccc32)CC1)c1ccc(F)cc1,SMILES,1,88
199,N=C1SCCN1c1ccc(Cl)cc1N,SMILES,1,88
200,CSC(=O)C1(OC(C)=O)[C@@H](C)C[C@H]2[C@@H]3CCC4=CC(=O)C=C[C@]4(C)C3(F)[C@@H](O)C[C@@]21C,SMILES,1,88
201,CCS(=O)(=O)CCn1c([N+](=O)[O-])cnc1C,SMILES,1,88
202,CN1CC(CSc2ccccn2)C=C2c3cccc4[nH]cc(c34)CC21,SMILES,1,88
203,CCCSc1ccccc1N1CCN(CCCCn2c(=O)[nH]c3ccccc3c2=O)CC1,SMILES,1,88
204,O=C1CC2(CCCC2)CC(=O)N1CCCCN1CCN(c2nsc3ccccc23)CC1,SMILES,1,88
205,CCS[C@]1(SC)CC[C@H]2[C@@H]3CCC4=CC(=O)C=C[C@]4(C)[C@@]3(F)[C@@H](O)C[C@@]21C,SMILES,1,88
206,COc1cc2c(cc1OC)S(=O)(=O)OC(C(=O)NC(C)CC(C)(C)N(C)C)C2,SMILES,1,88
207,CC(Cc1ccccc1)NCCC1c2ccccc2Sc2ccccc21,SMILES,1,88
208,C[C@]12CCC(=O)C=C1CC[C@@H]1[C@@H]2[C@@H](O)C[C@@]2(C)[C@H]1CC[C@]2(O)C(=O)CS,SMILES,1,88
209,CC(C)(C)C(=O)SCC(=O)[C@@]1(O)CC[C@H]2[C@@H]3CCC4=CC(=O)CC[C@]4(C)[C@H]3[C@@H](O)C[C@@]21C,SMILES,1,88
210,CNCCOC(c1ccccc1)c1ccccc1C,SMILES,1,88
211,CCC1C(C)=NN=C(c2ccc(OC)c(OC)c2)c2cc(OC)c(OC)cc21,SMILES,1,88
213,Cc1cccc(N2CCN(CCc3cc(C)[nH]n3)CC2)c1,SMILES,1,88
215,Cc1ccc(S(=O)(=O)CCN2C(=O)CN=C(c3ccccc3Cl)c3cc(Cl)ccc32)cc1,SMILES,1,88
216,CCCCCC(=O)CC[C@]1(C)[C@@H]2Cc3ccc(O)cc3[C@@]1(C)CCN2C,SMILES,1,88
218,CCCCNc1c(C(=O)OCC)c(C)nc2c1cnn2CC,SMILES,1,88
219,CC1(C)O[C@@H]2CC3C4C[C@H](F)C5=CC(=O)C=CC5(C)[C@@]4(Cl)[C@@H](Cl)CC3(C)[C@]2(C(=O)CF)O1,SMILES,1,88
220,COc1cccc([C@@]2(O)CCCC[C@@H]2CN(C)C)c1.[H+],SMILES,1,88
221,CC1Oc2ccccc2CC1N(C)C,SMILES,1,88
222,CCC(=O)N(c1ccccc1F)C1(c2ccccc2)CCN(CCn2nnn(CC)c2=O)CC1.[H+],SMILES,1,88
223,CC(CNC(=O)c1ccccc1)C(=O)OCC(=O)[C@@]12OC(C)(C)O[C@@H]1C[C@H]1[C@@H]3CCC4=CC(=O)C=C[C@]4(C)[C@@]3(F)[C@@H](O)C[C@@]12C,SMILES,1,88
224,CC1(C)O[C@@H]2C[C@H]3[C@@H]4CCC5=CC(=O)C=C[C@]5(C)[C@@]4(F)[C@@H](O)C[C@]3(C)[C@]2(C(=O)COC(=O)c2cc3ccccc3o2)O1,SMILES,1,88
225,OC(Br)(Br)CBr,SMILES,1,88
226,CCN(CC)C(=O)CNC(=O)c1cc(OC)c(OC)c(OC)c1,SMILES,1,88
227,O=C1N(C(O)C(Cl)(Cl)Cl)CNC1(c1ccccc1)c1ccccc1,SMILES,1,88
228,CC1(C)O[C@@H]2C[C@H]3C4C[C@H](F)C5=CC(=O)C=CC5(C)[C@@]4(Cl)[C@@H](Cl)CC3(C)[C@]2(C(=O)CCl)O1,SMILES,1,88
229,COc1cc(NCc2ccc3nc(N)nc(N)c3c2C)cc(OC)c1OC,SMILES,1,88
230,N/C(N=O)=C1\NNc2ccccc2N(Cc2ccccc2)C1=O,SMILES,1,88
231,COc1cc(C(=O)N2CCCCCCC2)cc(OC)c1OC,SMILES,1,88
232,N[C@@H](Cc1c[nH]c2ccccc12)C(=O)O,SMILES,1,88
233,C=CCONC1=Nc2ccc(Cl)cc2C(c2ccccc2Cl)=NC1,SMILES,1,88
234,CCCCN1C(=O)C2C(=O)N(CCCCN3CCN(c4ccccc4OC)CC3)C(=O)C(C1=O)C2(C)C,SMILES,1,88
235,CCOC(N)=O,SMILES,1,88
236,CC(C)[C@H](N)C(=O)OCCOCn1cnc2c(=O)nc(N)[nH]c21,SMILES,1,88
238,CC(C)[C@H](N)C(=O)OCC(CO)OCn1cnc2c(=O)nc(N)[nH]c21,SMILES,1,88
239,CCCC(CCC)C(=O)OCOC(=O)C(C)(C)C,SMILES,1,88
240,CC(=O)OCC1=CO[C@@H](OC(=O)CC(C)C)[C@H]2C1=C[C@H](OC(=O)CC(C)C)[C@]21CO1,SMILES,1,88
242,COc1ccc(C(CN(C)C)C2(O)CCCCC2)cc1,SMILES,1,88
243,C=CCN1CCCC1CNC(=O)c1cc(S(N)(=O)=O)cc(OC)c1OC,SMILES,1,88
245,CCOc1ccccc1OCC1CNCCO1,SMILES,1,88
246,C=COC=C,SMILES,1,88
247,Cc1c(C)c2c(c(C)c1O)CC[C@@](C)(CCC[C@H](C)CCC[C@H](C)CCCC(C)C)O2,SMILES,1,88
248,FC(F)(F)c1cccc(C2=CCN(CCc3ccc4ccccc4c3)CC2)c1,SMILES,1,88
249,C=C1C[C@H](C)[C@H]2[C@H]3Cc4ccc(O)cc4[C@@]2(CCN3CC2CCC2)C1,SMILES,1,88
250,Cc1cccc(C)c1NC1=NCCCS1,SMILES,1,88
253,CC1(C)CN(CCN2CCN(c3cccc(Cl)c3)C2=O)C1,SMILES,1,88
254,O=C1Cc2cc(CCN3CCN(c4nsc5ccccc45)CC3)c(Cl)cc2N1,SMILES,1,88
255,Cc1nn(C)c2c1C(c1ccccc1F)=NCC(=O)N2C,SMILES,1,88
256,COc1ccccc1N1CCN(CCc2oc(=O)[nH]c2-c2ccc(F)cc2)CC1,SMILES,1,88
258,CN(C)CCOC1=Cc2ccccc2Sc2ccc(Cl)cc21,SMILES,1,88
259,CCN[C@H](Cc1ccccc1)[C@H]1CCCO1,SMILES,1,88
260,CC(=O)c1ccc2c(c1)N(CC(C)N(C)C)c1ccccc1S2,SMILES,1,88
261,CN(C)Cc1nnc2n1-c1ccc(Cl)cc1C(c1ccccc1)=NC2,SMILES,1,88
262,C=CCN1C(=O)C(CC(C)C)NC1=S,SMILES,1,88
263,C[C@@H]1C[C@H]2[C@H]3[C@H]([C@@H](O)C[C@]2(C)[C@@]1(O)C(=O)CO)[C@@]1(C)C=CC(=O)C=C1C[C@H]3Cl,SMILES,1,88
264,C=CCC(N)Cc1ccccc1,SMILES,1,88
266,CC(CN(C)C)CN1c2ccccc2Sc2ccccc21,SMILES,1,88
267,CCOC(=O)c1[nH]c2cc(OC)c(OC)cc2c1CCN1CCN(c2ccccc2)CC1,SMILES,1,88
268,CCC(=O)OC1(c2ccccc2)CCN(C)CC1C,SMILES,1,88
269,CCCN(CCC)C(=O)Cc1c(-c2ccc(Cl)cc2)nc2ccc(Cl)cn12,SMILES,1,88
270,CCCC(=O)O[C@]1(C(=O)COC(C)=O)CC[C@H]2[C@@H]3C[C@H](C)C4=CC(=O)CC[C@]4(C)[C@H]3[C@@H](O)C[C@@]21C,SMILES,1,88
271,CCn1cc(C(=O)O)c(=O)c2ccc(Cc3ccccc3)nc21,SMILES,1,88
272,Cc1cc(N(C)C)ccc1C[C@H](C)N,SMILES,1,88
273,CCC1(c2ccc(N)cc2)CCC(=O)NC1=O,SMILES,1,88
274,CN(C)CC(CN1c2ccccc2Sc2ccccc21)N(C)C,SMILES,1,88
275,CN(C)C(=O)C1(c2ccc(Cl)cc2)CCN(CCCC(=O)c2ccc(F)cc2)CC1,SMILES,1,88
276,Clc1ccc2c(c1)C(N1CCNCC1)=Nc1ccccc1O2,SMILES,1,88
277,COc1ccccc1N1CCN(CCCC(O)c2ccc(F)cc2)CC1,SMILES,1,88
278,CN1CCN2c3ccccc3Cn3cccc3C2C1,SMILES,1,88
279,CCOC(=O)N1CCC(=O)N(c2ccccc2)c2cc(Cl)ccc21,SMILES,1,88
280,CN(C(=O)C(c1ccccc1)c1ccccc1)[C@H](CN1CC[C@H](O)C1)c1ccccc1,SMILES,1,88
281,Cc1c(C)c2ccc(OCc3nnc(C(C)C)s3)cc2oc1=O,SMILES,1,88
282,CN1C2CCC1CC(OC(=O)C(CO)c1ccccc1)C2,SMILES,1,88
283,N#Cc1cc(-c2ccccc2)nnc1NCCN1CCOCC1,SMILES,1,88
284,CCC(=O)OCC(=O)[C@@]1(OC(=O)CC)[C@@H](C)C[C@H]2[C@@H]3CCC4=CC(=O)C=C[C@]4(C)[C@@]3(Cl)[C@@H](O)C[C@@]21C,SMILES,1,88
285,O=C(c1cc2ccccc2o1)N1CCN(Cc2ccccc2)CC1,SMILES,1,88
286,Cc1cccc2c1Oc1ccccc1[C@@]1(O)CCN(C)C[C@@H]21,SMILES,1,88
288,CCC1(c2ccccc2)C(=O)NC(=O)N(C(=O)c2ccccc2)C1=O,SMILES,1,88
289,O=C(OC1CN2CCC1CC2)c1ccccc1,SMILES,1,88
290,CNCC12CCC(c3ccccc31)c1ccccc12,SMILES,1,88
291,CC(Cc1ccccc1)N(C)Cc1ccccc1,SMILES,1,88
292,CCCN(c1ccncc1)n1ccc2ccccc21.[H+],SMILES,1,88
293,CCC(O)C(CC(C)N(C)C)(c1ccccc1)c1ccccc1,SMILES,1,88
294,CC(=O)OCC(=O)[C@@]1(OC(=O)C(C)C)[C@@H](C)C[C@H]2[C@@H]3CCC4=CC(=O)C=C[C@]4(C)[C@@]3(F)[C@@H](O)C[C@@]21C,SMILES,1,88
295,CC(=O)OCC(=O)[C@@]1(O)[C@@H](C)C[C@H]2[C@@H]3CCC4=CC(=O)C=C[C@]4(C)[C@@]3(F)[C@@H](O)C[C@@]21C,SMILES,1,88
296,CCC(=O)OCC(=O)[C@@]1(OC(=O)CC)[C@@H](C)C[C@H]2[C@@H]3CCC4=CC(=O)C=C[C@]4(C)[C@@]3(F)[C@@H](O)C[C@@]21C,SMILES,1,88
297,CNCCCCOc1ccccc1Cc1ccccc1.[H+],SMILES,1,88
298,CN(C)CCN(C)n1cc(-c2ccccc2)c2ccccc21,SMILES,1,88
300,CCn1nnn(CCN2CC[C@H](N(C(=O)COC)c3ccccc3F)[C@H](C)C2)c1=O,SMILES,1,88
301,COc1cc(Br)c2oc(C3CCNCC3)cc2c1,SMILES,1,88
302,CN(C)C(=O)CCNc1ccc(Br)cc1,SMILES,1,88
304,CCN(CC)CCNC(=O)c1cc(Br)c(N)cc1OC,SMILES,1,88
305,CCCCCCCCCC(=O)OC1(c2ccc(Br)cc2)CCN(CCCC(=O)c2ccc(F)cc2)CC1,SMILES,1,88
306,CCCC1O[C@@H]2C[C@H]3[C@@H]4CCC5=CC(=O)C=C[C@]5(C)[C@H]4[C@@H](O)C[C@]3(C)[C@]2(C(=O)CO)O1,SMILES,1,88
307,CC(C)(C)N1CCC(c2ccccc2)(c2ccccc2)CC1,SMILES,1,88
308,CN(C)CCOC(c1ccccc1)c1ccccc1C(C)(C)C,SMILES,1,88
309,O=C1CC2(CCCC2)CC(=O)N1CCCCN1CCN(c2ncccn2)CC1,SMILES,1,88
311,CCCCNCC1COc2ccccc2O1,SMILES,1,88
312,CCOC(=O)NNC(C)c1ccccc1,SMILES,1,88
314,CCC(Br)(CC)C(=O)NC(N)=O,SMILES,1,88
315,CCC(=O)N(c1ccccc1)C1(C(=O)OC)CCN(CCc2ccccc2)CC1,SMILES,1,88
316,Fc1ccc2[nH]c3c(c2c1)CN(CCc1ccncc1)CC3,SMILES,1,88
317,CN(C)C(C)(CO)Cc1ccc(Cl)c(Cl)c1.[H+],SMILES,1,88
318,CN1CCN(C(c2ccccc2)c2ccc(Cl)cc2)CC1,SMILES,1,88
319,CCCC(O)Cl,SMILES,1,88
320,COC(=O)[C@H]1[C@H]2C[C@@H]3c4[nH]c5ccc(Cl)cc5c4CCN3C[C@H]2C[C@@H](OC(=O)c2cc(OC)c(OC)c(OC)c2)[C@@H]1OC,SMILES,1,88
321,NC(=O)OCC(O)COc1ccc(Cl)cc1,SMILES,1,88
322,CN(C)CCOC(C)(c1ccccc1)c1ccc(Cl)cc1,SMILES,1,88
323,O=C1NC(CCCl)Oc2ccccc21,SMILES,1,88
324,CN(C)CCCN1c2ccccc2CCc2ccc(C#N)cc21,SMILES,1,88
325,OC1(c2cccc(Cl)c2)C2=NCCCN2c2ccccc21,SMILES,1,88
326,CNC1CCN2c3ccccc3CCc3cccc1c32,SMILES,1,88
327,COc1ccc([C@H](O)CN2CCN(c3cccccc3=O)CC2)cc1OC,SMILES,1,88
328,CN(C/C=C/c1ccccc1)CCOC(c1ccccc1)c1ccccc1,SMILES,1,88
329,CCOc1cc(N)c([N+](=O)[O-])cc1C(=O)NC1CCN(CC2CC=CCC2)CC1,SMILES,1,88
330,O=C1CCC(c2ccccc2)(C2CCN(C/C=C/c3ccccc3)CC2)C(=O)N1,SMILES,1,88
332,COc1cc(/C=C/C(N)=O)cc(OC)c1OC,SMILES,1,88
333,O=C(CCCN1CCN(c2cc3ccccc3cn2)CC1)c1ccc(F)cc1,SMILES,1,88
334,CN(C)CCCC1(c2ccc(F)cc2)OCc2cc(C#N)ccc21,SMILES,1,88
335,NC(=O)C1c2ccccc2C=Cc2ccccc21,SMILES,1,88
336,CN1C(=O)CN2CCc3ccccc3C2c2cc(Cl)ccc21,SMILES,1,88
338,Cc1ncc2n1-c1ccc(Cl)cc1C(c1ccccc1Cl)=NC2,SMILES,1,88
339,CC1CC2C3CCC4=CC(=O)C=CC4(C)[C@@]3(F)C(O)CC2(C)[C@@]1(O)C(=O)CCl,SMILES,1,88
340,CCC(=O)O[C@]1(C(=O)CCl)[C@@H](C)C[C@H]2[C@@H]3CCC4=CC(=O)C=C[C@]4(C)[C@@]3(F)[C@@H](O)C[C@@]21C,SMILES,1,88
341,CCN(CC)CCNC(=O)COc1ccc(Cl)cc1,SMILES,1,88
342,CN(C)CCCC1c2ccccc2Nc2ccc(Cl)cc21,SMILES,1,88
343,CN1CCN(C2=Nc3ccccc3Sc3ccc(Cl)cc32)CC1,SMILES,1,88
344,COCCCC/C(=N\OCCN)c1ccc(Cl)cc1,SMILES,1,88
346,OCCN1CCN(CCCN2c3ccccc3Sc3cc(Cl)cnc32)CC1,SMILES,1,88
347,C/C=C/C(=O)N(CCC)C(CC)C(=O)N(C)C,SMILES,1,88
348,CC(CN(C)C)CN1c2ccccc2Sc2ccc(C#N)cc21,SMILES,1,88
349,O=C1N=C(NC2CC2)OC1c1ccccc1,SMILES,1,88
350,NC1CCCC1c1ccccc1,SMILES,1,88
351,ON1CC(=NCC2CC2)N=c2ccc(Cl)cc2=C1c1ccccc1,SMILES,1,88
354,CN(C)CC1=Cc2ccccc2Sc2ccccc21,SMILES,1,88
355,CN1CCC(=C2c3ccccc3C(O)c3ccccc32)CC1,SMILES,1,88
356,CN(C)[C@@H](CCOc1cccc2ccccc12)c1ccccc1,SMILES,1,88
357,CCC(=O)O[C@](Cc1ccccc1)(c1ccccc1)[C@H](C)CN(C)C.[H+],SMILES,1,88
358,O=C(c1ccc(F)cc1)C1CCN(CCCn2c(=O)[nH]c3ccccc32)CC1,SMILES,1,88
359,CC(=O)OCC(=O)[C@@]12N=C(C)O[C@@H]1C[C@H]1[C@@H]3CCC4=CC(=O)C=C[C@]4(C)[C@H]3[C@@H](O)C[C@@]12C,SMILES,1,88
360,CN1C[C@@H](CC#N)CC2c3cccc4[nH]cc(c34)C[C@H]21,SMILES,1,88
361,O=C1CN=C(c2ccccc2Cl)c2cc(Cl)ccc2N1,SMILES,1,88
362,CNCCON=c1c2ccccc2ccc2ccccc12,SMILES,1,88
363,OC(Cn1ccnc1)c1ccc(CCc2ccccc2)cc1,SMILES,1,88
364,CN(C)CCCN1c2ccccc2C=Cc2ccccc21,SMILES,1,88
365,FC(F)OC(F)C(F)(F)F,SMILES,1,88
367,CC(C)[C@@]1(O)CCN2C[C@@H]3c4ccccc4CCc4cccc(c43)[C@H]2C1,SMILES,1,88
368,CC(CN1CCOCC1)C(C(=O)N1CCCC1)(c1ccccc1)c1ccccc1,SMILES,1,88
369,CN1CC[C@@]23CCCC[C@@H]2[C@@H]1Cc1ccc(O)cc13,SMILES,1,88
370,NC(=O)N1CC(Oc2cccc(C(F)(F)F)c2)C1,SMILES,1,88
371,C=CCN1CCC23c4c5ccc(OC(C)=O)c4OC2C(OC(C)=O)C=CC3C1C5,SMILES,1,88
372,CN(C)CCN1C(=O)c2ccccc2N(C)c2ccccc21,SMILES,1,88
373,Cc1ccc2c(c1)C1CN(C)CCC1N2,SMILES,1,88
374,CN1C(=O)CCS(=O)(=O)C1c1ccc(Cl)c(Cl)c1,SMILES,1,88
375,COc1ccc2c(c1)CN(C)CC2c1ccc(Cl)c(Cl)c1,SMILES,1,88
376,CCN(CC)CCN1c2ccccc2Sc2ccccc21,SMILES,1,88
377,CC(=O)OCC(=O)[C@@]1(OC(C)=O)[C@@H](C)C[C@H]2[C@@H]3C[C@H](F)C4=CC(=O)C=C[C@]4(C)[C@@]3(F)[C@@H](O)C[C@@]21C,SMILES,1,88
378,CCCC(=O)O[C@]1(C(=O)COC(C)=O)CC[C@H]2[C@@H]3C[C@H](F)C4=CC(=O)C=C[C@]4(C)[C@@]3(F)[C@@H](O)C[C@@]21C,SMILES,1,88
379,Cc1ccc2c(c1)[C@]13CCCC[C@@H]1[C@H](C2)N(C)CC3,SMILES,1,88
381,C[C@@H]1C[C@H]2[C@@H]3CCC4=CC(=O)C=C[C@]4(C)[C@@]3(F)[C@@H](O)C[C@]2(C)[C@@]1(C)C(=O)CO,SMILES,1,88
384,CN(C)CC/C=C1/c2ccccc2CSc2ccccc21.[H+],SMILES,1,88
386,O=C1NCNC1(c1ccccc1)c1ccccc1,SMILES,1,88
387,CC(=O)[C@@]1(O)[C@@H](C)C[C@H]2[C@@H]3CCC4=CC(=O)C=C[C@]4(C)[C@@]3(F)[C@@H](O)C[C@@]21C,SMILES,1,88
388,CC1(C)O[C@@H]2C[C@H]3C4CCC5CC(=O)CCC5(C)[C@@]4(F)[C@@H](O)CC3(C)[C@]2(C(=O)CO)O1,SMILES,1,88
389,CN(C(=O)CN(CCO)CCO)c1ccc(Cl)cc1C(=O)c1ccccc1Cl,SMILES,1,88
391,C=C1c2ccccc2CN(CCCN(C)C)c2ccccc21,SMILES,1,88
392,O=C(NCCCN1CCOCC1)c1ccc(Cl)cc1,SMILES,1,88
393,CN1CCC2(C)CC(Cc3ccc(O)cc32)C1,SMILES,1,88
394,CCC1(c2ccccc2)C(=O)N(COC)C(=O)N(COC)C1=O,SMILES,1,88
395,CCN1C(=O)NC(c2ccccc2)C1=O,SMILES,1,88
396,CCOC(=O)C1N=C(c2ccccc2F)c2cc(Cl)ccc2NC1=O,SMILES,1,88
397,CCc1cc2c(s1)-n1c(C)nnc1CN=C2c1ccccc1Cl,SMILES,1,88
398,CCC(N)Cc1c[nH]c2ccccc12,SMILES,1,88
399,O=C(CCCl)NCCc1ccccc1,SMILES,1,88
401,CN(C)CCCn1cc(-c2ccccc2)c(-c2ccccc2)n1,SMILES,1,88
402,Fc1ccccc1C1=NCCN(CC(F)(F)F)c2ccc(Cl)cc21,SMILES,1,88
403,COc1ccccc1N1CCN(CCCC(=O)c2ccc(F)cc2)CC1,SMILES,1,88
404,C#CC1(OCC(O)CN2CCN(c3ccc(F)cc3)CC2)CCCCC1,SMILES,1,88
405,CN1C(=O)CN=C(c2ccccc2F)c2cc(Cl)ccc21,SMILES,1,88
406,C[C@@H]1C[C@H]2[C@@H]3C[C@H](F)C4=CC(=O)C=C[C@]4(C)[C@@]3(F)[C@@H](O)C[C@]2(C)[C@@]1(O)C(=O)CO,SMILES,1,88
407,C[C@@H]1C[C@H]2C3C[C@H](F)C4=CC(=O)C=CC4(C)[C@@]3(F)[C@@H](O)CC2(C)[C@@]1(O)C(=O)COC(=O)C(C)(C)C,SMILES,1,88
408,CC1(C)O[C@@H]2CC3[C@@H]4C[C@H](F)C5=CC(=O)C=CC5(C)[C@H]4[C@@H](O)C[C@]3(C)[C@]2(C(=O)CO)O1.CC1(C)O[C@@H]2CC3[C@@H]4C[C@H](F)C5=CC(=O)C=CC5(C)[C@H]4[C@@H](O)C[C@]3(C)[C@]2(C(=O)CO)O1,SMILES,1,88
409,CC(=O)OCC(=O)[C@@]12OC(C)(C)O[C@@H]1CC1C3C[C@H](F)C4=CC(=O)C=CC4(C)[C@H]3C(O)CC12C,SMILES,1,88
411,CC1(C)O[C@@H]2C[C@H]3[C@@H]4C[C@H](F)C5=CC(=O)C=C[C@]5(C)[C@@]4(F)[C@@H](O)C[C@]3(C)[C@]2(C(=O)CO)O1,SMILES,1,88
413,C[C@@H]1C[C@H]2[C@@H]3C[C@H](F)C4=CC(=O)C=C[C@]4(C)[C@H]3[C@@H](O)C[C@]2(C)[C@H]1C(=O)CO,SMILES,1,88
414,CC(=O)[C@@]1(O)CC[C@H]2[C@@H]3C[C@H](C)C4=CC(=O)C=C[C@]4(C)[C@@]3(F)[C@@H](O)C[C@@]21C,SMILES,1,88
415,CN1CCN(C2=Nc3cc(F)ccc3Cc3ccccc32)CC1,SMILES,1,88
416,CC(=O)O[C@@H](C)C(=O)[C@@]1(O)CC[C@H]2[C@@H]3CCC4=CC(=O)C=C[C@]4(C)[C@@]3(F)[C@@H](O)C[C@@]21C,SMILES,1,88
417,C=C1C[C@H]2[C@@H]3CCC4=CC(=O)C=C[C@]4(C)[C@@]3(F)C(O)C[C@]2(C)[C@@]1(O)C(=O)CO,SMILES,1,88
418,C[C@]12C=CC(=O)C=C1[C@@H](F)C[C@@H]1[C@@H]2[C@@H](O)C[C@@]2(C)[C@H]1CC[C@]2(O)C(=O)CO,SMILES,1,88
419,CCCCC(=O)O[C@]1(C(=O)CO)CCC2C3CC(F)C4=CC(=O)C=CC4(C)C3C(O)CC21C,SMILES,1,88
420,CNCCSC1=Cc2cc(F)ccc2Oc2ccccc21,SMILES,1,88
421,CC1(C)O[C@@H]2C[C@H]3[C@@H]4C[C@H](F)C5=CC(=O)CC[C@]5(C)[C@H]4[C@@H](O)C[C@]3(C)[C@]2(C(=O)CO)O1,SMILES,1,88
422,O=C(CCCN1CCC2(CC1)C(=O)NCN2c1ccc(F)cc1)c1ccc(F)cc1,SMILES,1,88
424,CC(Cc1ccccc1)N(C)Cc1ccco1,SMILES,1,88
425,COc1ccc2c3c1O[C@H]1C[C@@H](O)C=C[C@@]31CCN(C)C2,SMILES,1,88
426,CN(C)CCC(c1ccccc1)C1CCCCC1,SMILES,1,88
427,O=C1CN=C(c2ccccc2)c2cc(Cl)ccc2N1CC(F)(F)F,SMILES,1,88
428,CCC1(C2=CCCCCC2)C(=O)NC(=O)NC1=O,SMILES,1,88
431,OCCN1CCCN(CCCN2c3ccccc3Sc3ccc(C(F)(F)F)cc32)CC1,SMILES,1,88
432,CC(=O)OCC(=O)[C@@]1(O)CC[C@H]2[C@@H]3CCC4=CC(=O)CC[C@]4(C)[C@H]3[C@@H](O)C[C@@]21C,SMILES,1,88
433,CCCC(=O)O[C@]1(C(=O)COC(=O)CC)CC[C@H]2[C@@H]3CCC4=CC(=O)CC[C@]4(C)[C@H]3[C@@H](O)C[C@@]21C,SMILES,1,88
434,CCCC(=O)O[C@]1(C(=O)CO)CC[C@H]2[C@@H]3CCC4=CC(=O)CC[C@]4(C)[C@H]3[C@@H](O)C[C@@]21C,SMILES,1,88
435,CN1CC[C@]23c4c5ccc(O)c4O[C@H]2C(=O)CC[C@H]3[C@H]1C5,SMILES,1,88
436,CCOC(=O)C1(c2cccc(O)c2)CCN(C)CC1,SMILES,1,88
437,CCCC(=O)O[C@]1(C(=O)COC(C)=O)[C@H](C)C[C@H]2[C@@H]3CCC4=CC(=O)C=C[C@]4(C)[C@@]3(Cl)[C@@H](O)C[C@@]21C,SMILES,1,88
438,CCC1(c2ccccc2)NCC(=O)NC1=O,SMILES,1,88
439,c1ccc2c(CCC3CCNCC3)c[nH]c2c1,SMILES,1,88
441,CC(C)NNC(=O)c1ccncc1,SMILES,1,88
442,CCC(=O)C(c1ccccc1)(c1ccccc1)C(C)CN(C)C,SMILES,1,88
443,C=C1CC2C3C=CC4=CC(=O)CCC4(C)C3C(O)CC2(C)[C@@]1(O)C(=O)CO,SMILES,1,88
444,CCN(CC)C(C)CN1c2ccccc2Sc2ccccc21,SMILES,1,88
445,CN(C)CCCN1c2ccccc2CC(=O)c2ccccc21,SMILES,1,88
446,O=C1CC[C@H]2[C@H]3Cc4cccc(O)c4[C@@]2(CCN3CC2CC2)C1,SMILES,1,88
448,COc1ccc2c(c1)N(C[C@H](C)CN(C)C)c1ccccc1S2,SMILES,1,88
449,CNC[C@H](O)CC12CCC(c3ccccc31)c1ccccc12,SMILES,1,88
450,CCO[C@H]1CCN(C(=O)c2cc(-c3ccccc3)c(=O)n3c2-c2cc(Cl)ccc2CC3)C1,SMILES,1,88
454,Clc1ccc(N2CCN(C/C=C/c3ccccc3)CC2)nn1,SMILES,1,88
455,Cl/C(=C\n1cncn1)c1ccc(Cl)cc1Cl,SMILES,1,88
459,CN(C)CC(Oc1ccccc1)Oc1ccccc1,SMILES,1,88
460,COc1ccc(CCN2CCN(c3cccc(Cl)c3)CC2)cc1OC,SMILES,1,88
461,CN1C(=O)CN=C(C2=CCCCC2)c2cc([N+](=O)[O-])ccc21,SMILES,1,88
464,Cc1cc(CCN2CCN(c3cccc(Cl)c3)CC2)n[nH]1,SMILES,1,88
465,C[C@H]1C[C@H]2[C@@H]3CCC4=CC(=O)C=C[C@]4(C)[C@H]3C(=O)C[C@]2(C)[C@@]1(O)C(=O)CO,SMILES,1,88
466,COCC1CN=C(c2ccccc2Cl)c2cc(Br)ccc2N1C,SMILES,1,88
467,CC(C(=O)c1ccccc1)N(C)C,SMILES,1,88
468,CNC1Cc2ccccc2N(C)c2ccccc21,SMILES,1,88
469,Cc1cc(C)cc(OCC2CNC(=O)O2)c1,SMILES,1,88
470,CC1C2Cc3ccc(O)cc3C1(C)CCN2C,SMILES,1,88
471,CCC1(c2ccccc2)C(=O)NC(=O)N1C,SMILES,1,88
472,CCC(=O)C(CC(C)N(C)C)(c1ccccc1)c1ccccc1,SMILES,1,88
473,CC1(C)NC(=O)C(/C=C/c2ccccc2)O1,SMILES,1,88
474,CSc1ccc2c(c1)N(CC(C)CN(C)C)c1ccccc1S2,SMILES,1,88
475,CN1C(=O)CC(C)(c2ccccc2)C1=O,SMILES,1,88
476,C[C@H]1C[C@@H]2[C@H]([C@@H](O)C[C@@]3(C)[C@H]2CC[C@]3(O)C(=O)CO)[C@@]2(C)C=CC(=O)C=C12,SMILES,1,88
477,CC(=O)OCC(=O)[C@@]1(O)CC[C@H]2[C@@H]3C[C@H](C)C4=CC(=O)C=C[C@]4(C)[C@H]3[C@@H](O)C[C@@]21C,SMILES,1,88
478,C[C@H]1C[C@@H]2[C@H]([C@@H](O)C[C@@]3(C)[C@H]2CC[C@]3(O)C(=O)COC(=O)CCC(=O)O)[C@@]2(C)C=CC(=O)C=C12,SMILES,1,88
479,CSc1ccc2c(c1)C(N1CCN(C)CC1)Cc1ccccc1S2,SMILES,1,88
480,COC(=O)c1cncn1C(C)c1ccccc1,SMILES,1,88
482,Cc1ncc2n1-c1ccc(Cl)cc1C(c1ccccc1F)=NC2,SMILES,1,88
484,COc1cc2[nH]c(C)c(CCN3CCN(c4ccccc4OC)CC3)c2cc1OC,SMILES,1,88
485,CCN(CC)C(=O)[C@]1(c2ccccc2)C[C@@H]1CN.[H+],SMILES,1,88
486,COc1ccc2c(C3CCN(CCCC(=O)c4ccc(F)cc4)CC3)c(C)[nH]c2c1,SMILES,1,88
487,O=C(c1ccco1)N(c1cnccn1)C1CCN(CCc2ccccc2)CC1,SMILES,1,88
488,Cc1nccnc1N1CCCCC1,SMILES,1,88
489,NC/C(=C/F)CCc1ccc(F)cc1,SMILES,1,88
490,CCc1c(C)[nH]c2c1C(=O)C(CN1CCOCC1)CC2,SMILES,1,88
491,CN(C)CC[C@]1(c2ccccc2)CCc2ccccc2C1=O,SMILES,1,88
492,CC1CN(C)CC2Cc3c(ccc4ccccc34)OC12O,SMILES,1,88
493,C=CCC1(CC(C)(C)C)C(=O)NC(=O)NC1=O,SMILES,1,88
494,NCC1CC(=O)N(Cc2ccccc2)C1,SMILES,1,88
496,CNc1cc(OC)c(C(=O)N[C@@H]2CCN(Cc3ccccc3)[C@@H]2C)cc1Cl,SMILES,1,88
497,COc1cc2c(cc1OC)C(c1ccc(N)cc1)=NN=C(C)C2,SMILES,1,88
498,COc1ccc2c3c1OC1C(OC(=O)c4cccnc4)CCC4C(C2)N(C)CCC341,SMILES,1,88
500,COc1ccc2c3c1OC1C(O)C=CC4C(C2)NCCC341,SMILES,1,88
501,CCC(=O)C(CCN(C)C)(c1ccccc1)c1ccccc1,SMILES,1,88
502,COCC(=O)N(c1ccccc1F)C1CCN(CCc2ccccc2)CC1,SMILES,1,88
503,CN1CCc2cc(Cl)c(O)cc2[C@@H](c2cccc3c2OCC3)C1,SMILES,1,88
504,Cc1cc2c(s1)=Nc1ccccc1NC=2N1CCN(C)CC1,SMILES,1,88
505,OCCN1CCN(CCCN2c3ccccc3C=Cc3ccccc32)CC1,SMILES,1,88
506,NC(=O)C1CCCCO1,SMILES,1,88
507,C[C@@H]1CN2CC(=O)Nc3ccc(Cl)cc3[C@]2(c2ccccc2)O1,SMILES,1,88
508,Oc1ccc2c(c1)[C@@]13CCCC[C@@]1(O)[C@@H](C2)N(CC1CC1)CC3,SMILES,1,88
509,CC(CN(C)C)CN1c2ccccc2S(=O)(=O)c2ccccc21,SMILES,1,88
510,COc1cc2[nH]c(C)c(CCN3CCN(c4ccccc4)CC3)c2cc1OC,SMILES,1,88
512,CC(=O)Nc1ccc(O)cc1,SMILES,1,88
513,CCC1(C)OC(=O)N(C)C1=O,SMILES,1,88
516,NC(=O)CN1C(=O)COc2ccccc21,SMILES,1,88
517,Nc1nc(=O)c2ncn(CCC(CO)CO)c2[nH]1,SMILES,1,88
518,C1CCc2nnnn2CC1,SMILES,1,88
519,N#Cc1ccc2c(c1)N(CCCN1CCC(O)CC1)c1ccccc1S2,SMILES,1,88
520,COc1ccc2c(c1)N(CC(C)CN1CCC(O)CC1)c1ccccc1S2,SMILES,1,88
521,OC(CN1CCCCC1)c1cc(-c2ccccc2)on1,SMILES,1,88
522,CC(C)(O)C(C)(O)c1ccc(Cl)cc1,SMILES,1,88
524,CC(Cc1ccccc1)NN,SMILES,1,88
525,Oc1ccc2c(c1)C13CCCCC1C(C2)N(CCc1ccccc1)CC3,SMILES,1,88
526,CN1CCC(=C2c3ccccc3Sc3ccccc32)CC1,SMILES,1,88
527,CCOC(=O)C1(c2ccccc2)CCN(CCCNc2ccccc2)CC1,SMILES,1,88
528,C#CCN1C(=O)CN=C(c2ccccc2)c2cc(Cl)ccc21,SMILES,1,88
529,CN(C)S(=O)(=O)c1ccc2c(c1)N(CCCN1CCC(CCO)CC1)c1ccccc1S2,SMILES,1,88
531,CN(C)CCCN1c2ccccc2CCc2ccccc21,SMILES,1,88
532,CC(=O)OCC(=O)[C@@]1(O)CC[C@H]2[C@@H]3CCC4=CC(=O)C=C[C@]4(C)[C@H]3[C@@H](O)C[C@@]21C,SMILES,1,88
533,C[C@]12C=CC(=O)C=C1CC[C@@H]1[C@@H]2[C@@H](O)C[C@@]2(C)[C@H]1CC[C@]2(O)C(=O)COC(=O)CCC(=O)[O-],SMILES,1,88
534,CCCCC(=O)OC1(C(=O)CO)CCC2C3CCC4=CC(=O)C=CC4(C)C3C(O)CC21C,SMILES,1,88
535,Cc1c2c(cn1C)NC(=O)CN=C2c1ccccc1,SMILES,1,88
538,CCCNC(=O)N1CC(c2ccccc2)OC1=O,SMILES,1,88
540,CCCOC(=O)c1cncn1C(C)c1ccccc1,SMILES,1,88
541,CCCN1CCCC1CNC(=O)c1cc(S(N)(=O)=O)ccc1OC,SMILES,1,88
543,CCC1(CC)C(=O)C=CNC1=O,SMILES,1,88
544,CCCC(C(=O)c1ccc(C)cc1)N1CCCC1,SMILES,1,88
545,c1ccc2c(c1)CCc1ccccc1N2C1CN2CCC1CC2,SMILES,1,88
546,Cc1cccc(Cl)c1NC(=O)/C=C1\SCC(=O)N1C,SMILES,1,88
547,Cc1[nH]nc2c1N(c1ccccc1)C(=O)CC(=O)N2C,SMILES,1,88
548,CCOc1ccccc1O[C@@H](c1ccccc1)[C@@H]1CNCCO1,SMILES,1,88
549,CCN1CCC[C@H]1CNC(=O)c1c(OC)ccc(Br)c1OC,SMILES,1,88
552,Nc1nc2ccc(OC(F)(F)F)cc2s1.[H+],SMILES,1,88
553,COC(F)(F)C(F)Br,SMILES,1,88
554,COc1cc(C(=O)/C=C/N2CC=CC2)cc(OC)c1OC,SMILES,1,88
555,O=C1CCC2CCC(=O)N12,SMILES,1,88
557,NC(=O)c1cn(Cc2c(F)cccc2F)nn1,SMILES,1,88
558,CN(c1nc2ccccc2s1)C1CCN(CC(O)COc2ccc(F)cc2)CC1,SMILES,1,88
559,Cc1nc2n(c(=O)c1CCN1CCC(C(=O)c3ccc(F)cc3)CC1)CCS2,SMILES,1,88
561,Clc1ccc([C@@H]2[C@H]3CC[C@@H](C3)C23CCC(N2CCOCC2)=N3)cc1,SMILES,1,88
563,CCC(C)(S(=O)(=O)CC)S(=O)(=O)CC,SMILES,1,88
564,CCN1CCCC1CNC(=O)c1cc(S(N)(=O)=O)ccc1OC,SMILES,1,88
565,O=C1NCCCC1N1C(=O)c2ccccc2S1(=O)=O,SMILES,1,88
566,c1ccc2c(c1)CCc1cccc3c1C2CN1CCCCC31,SMILES,1,88
567,C=CCC1(C(C)CC)C(=O)NC(=O)NC1=O,SMILES,1,88
568,CN1CCN(C2=Nc3cscc3/C(=C/C#N)c3cscc32)CC1,SMILES,1,88
569,c1csc(Cc2ccccc2OCC2CNCCO2)c1,SMILES,1,88
570,CN1C(=O)CN=C(C2=CCCCC2)c2cc(Cl)ccc21,SMILES,1,88
571,CCCC(CC)C1(CC)C(=O)NC(=S)NC1=O,SMILES,1,88
572,CCN(CC)CCNC(=O)c1cc(S(C)(=O)=O)ccc1OC,SMILES,1,88
574,CN(C)CCCN1c2ccccc2C=Cc2sccc21,SMILES,1,88
575,CCN1CCc2[nH]c3cc(F)c4scc(C)c4c3c2C1,SMILES,1,88
576,CCNC1(c2cccs2)CCCCC1=O,SMILES,1,88
577,CCCC1(C)COB(c2ccc(C)cc2)OC1,SMILES,1,88
578,Cc1cccc(N2CC(CO)OC2=O)c1,SMILES,1,88
580,Cc1ccccc1N1CCN(CCCOc2ccccn2)CC1,SMILES,1,88
582,CC1(C)O[C@@H]2C[C@H]3[C@@H]4CCC5=CC(=O)C=C[C@]5(C)[C@@]4(F)[C@@H](O)C[C@]3(C)[C@]2(C(=O)CO)O1,SMILES,1,88
583,CC(=O)OCC(=O)[C@@]1(O)[C@H](OC(C)=O)C[C@H]2[C@@H]3CCC4=CC(=O)C=C[C@]4(C)[C@@]3(F)[C@@H](O)C[C@@]21C,SMILES,1,88
584,CC(C)(C)CC(=O)OCC(=O)[C@@]12OC(C)(C)O[C@@H]1C[C@H]1[C@@H]3CCC4=CC(=O)C=C[C@]4(C)[C@@]3(F)[C@@H](O)C[C@@]12C,SMILES,1,88
585,O=C(Nc1ccc(O)cc1)C(Cl)(Cl)Cl,SMILES,1,88
586,CN1C(=O)CC(=O)N(c2ccccc2)c2cc(C(F)(F)F)ccc21,SMILES,1,88
588,CN1CCN(CCCN2c3ccccc3Sc3ccc(C(F)(F)F)cc32)CC1,SMILES,1,88
589,CN1C(=O)OC(C)(C)C1=O,SMILES,1,88
590,COc1cccc(C(=O)NC2C[C@H]3CC[C@@H](C2)N3Cc2ccccc2)c1OC,SMILES,1,88
592,C=CCC(CC)(CC)C(N)=O,SMILES,1,88
593,CCC(C)C(CC)C(N)=O,SMILES,1,88
594,CO[C@@H]1O[C@H]2O[C@@]3(CN4CCCCC4)[C@@H]1[C@H](C[C@@H]3O)[C@H]2C,SMILES,1,88
595,CCCC(CCC)C(N)=O,SMILES,1,88
596,CC/C=C(\C)C1(CC)C(=O)NC(=O)NC1=O,SMILES,1,88
597,C=CC1(C(C)CCC)C(=O)NC(=O)NC1=O,SMILES,1,88
598,C=CC1CNCCC1CCCc1ccnc2ccc(OC)cc12,SMILES,1,88
599,CCCCCCOc1nsnc1C1=CCCN(C)C1,SMILES,1,88
600,CCN(C(C)=O)c1cccc(-c2ccnc3c(C#N)cnn23)c1,SMILES,1,88
601,CN(C)C/C=C(/c1ccc(Br)cc1)c1cccnc1,SMILES,1,88
602,Cc1nn(C)c2c1N(c1ccccc1)C(=O)CC(=O)N2C,SMILES,1,88
603,CC1=C2C(c3cccc(Cl)c3)=NCCN=C2N(C)N1,SMILES,1,88
604,[N-]=[N+]=O,SMILES,1,88
605,O=c1[nH]c2cc(Cl)c(Cl)c([N+](=O)[O-])c2[nH]c1=O,SMILES,1,88
606,C[S+](CC[C@H](N)C(=O)[O-])C[C@H]1O[C@@H](n2cnc3c(N)ncnc32)[C@H](O)[C@@H]1O,SMILES,1,88
607,CC(Cc1ccccc1)n1cc([N-]C(=O)Nc2ccccc2)[o+]n1,SMILES,1,88
608,CCc1c(C)[n+]([NH-])c(-c2ccc(OC)c(OC)c2)c2cc(OC)c(OC)cc12,SMILES,1,88
609,[N-]=[N+]=NCC(=O)N[C@H](CO)[C@H](O)c1ccc([N+](=O)[O-])cc1,SMILES,1,88
610,C[C@@H]1COc2c(N3CCN(C)CC3)c(F)c(C(=O)O)c3c(=O)ccn1c23,SMILES,1,88
611,Cc1ccc(C(=O)NC[C@H]2CN=C(c3ccc(F)cc3)c3ccc(C)cc3N2C)cc1,SMILES,1,88
612,CN1CCc2cccc3c2[C@@H]1Cc1ccc(O)c(O)c1-3,SMILES,1,88
613,O=C(Cc1ccc(Cl)c(Cl)c1)N1CCc2ccsc2[C@H]1CN1CCCC1,SMILES,1,88
614,C[C@@H]1[C@H]2Cc3ccc(O)cc3[C@]1(C)CCN2CC1CC1,SMILES,1,88
615,CN(C)CCOC(c1ccccc1)c1ccccc1,SMILES,1,88
618,OCCN1CCN(CC/C=C2\c3ccccc3Sc3ccc(C(F)(F)F)cc32)CC1,SMILES,1,88
619,CC(C)[C@H](CN1CCCC1)N(C)C(=O)Cc1ccc(Cl)c(Cl)c1,SMILES,1,88
622,C=CCN1CC[C@@]23c4c5ccc(O)c4O[C@@H]2[C@@H](O)C=C[C@@H]3[C@@H]1C5,SMILES,1,88
623,O=C1CC[C@]2(O)[C@@H]3Cc4ccc(O)c5c4[C@]2(CCN3CC2CC2)[C@@H]1O5,SMILES,1,88
624,CC(=O)[C@H]1CC[C@H]2[C@@H]3CCC4=CC(=O)CC[C@]4(C)[C@H]3CC[C@]12C,SMILES,1,88
626,CCCNC(=O)c1ccc2c(c1)N([C@@H](C)CN1CCCC1)c1ccccc1S2,SMILES,1,88
627,CN1CCN(C(=O)Cc2ccc(Cl)c(Cl)c2)[C@@H](CN2CCCC2)C1,SMILES,1,88
628,O=C(Cc1ccc(Cl)c(Cl)c1)N1CCn2ccnc2[C@H]1CN1CCCC1,SMILES,1,88
629,O=C(Cc1ccc(Cl)c(Cl)c1)N1CCn2ncnc2[C@H]1CN1CCCC1,SMILES,1,88
630,CC[C@H](NC(=O)c1c(O)c(-c2ccccc2)nc2ccccc12)c1ccccc1,SMILES,1,88
631,CC[C@H](NC(=O)c1c(OCCCN(C)C)c(-c2ccccc2)nc2ccccc12)c1ccccc1,SMILES,1,88
632,C[C@]12CC[C@H]3[C@@H](CCC4=CC(=O)CC[C@@]43C)[C@@H]1CC[C@@H]2O,SMILES,1,88
633,CN(C(=O)Cc1ccc(Cl)c(Cl)c1)[C@H]1CCCC[C@H]1N1CCCC1,SMILES,1,88
634,Nc1nc(NC2CC2)c2ncn([C@H]3C=C[C@@H](CO)C3)c2n1,SMILES,1,88
636,Nc1nc2c(ncn2COCCO)c(=O)[nH]1,SMILES,1,88
637,NC12CC3CC(CC(C3)C1)C2,SMILES,1,88
638,C[C@H](N)Cc1ccccc1,SMILES,1,88
639,NCC[C@H](O)C(=O)N[C@@H]1C[C@H](N)[C@@H](O[C@H]2O[C@H](CN)[C@@H](O)[C@H](O)[C@H]2O)[C@H](O)[C@H]1O[C@H]1O[C@H](CO)[C@@H](O)[C@H](N)[C@H]1O,SMILES,1,88
640,Nc1ccn([C@@H]2O[C@H](CO)[C@@H](O)[C@H]2O)c(=O)n1,SMILES,1,88
641,CN(C)/N=N/c1[nH]cnc1C(N)=O,SMILES,1,88
642,O=C1CN=C(c2ccccc2)c2cc(Cl)ccc2N1,SMILES,1,88
643,COc1ccc2c(c1)[C@@]13CCCC[C@@H]1[C@@H](C2)N(C)CC3,SMILES,1,88
645,C[C@H]1c2cccc(O)c2C(=O)C2=C(O)[C@]3(O)C(=O)C(C(N)=O)=C(O)[C@@H](N(C)C)[C@@H]3[C@@H](O)[C@@H]21,SMILES,1,88
646,CCc1cc(C(N)=S)ccn1,SMILES,1,88
647,CC[C@]1(C)CC(=O)NC1=O,SMILES,1,88
648,OC(Cn1cncn1)(Cn1cncn1)c1ccc(F)cc1F,SMILES,1,88
649,O=C(O)P(=O)(O)O,SMILES,1,88
650,NCC1(CC(=O)O)CCCCC1,SMILES,1,88
651,CC(C)=CCN1CC[C@@]2(C)c3cc(O)ccc3C[C@@H]1[C@@H]2C,SMILES,1,88
652,OC[C@H]1O[C@@H](n2cnc3c2N=CNC[C@H]3O)CC1O,SMILES,1,88
653,CCOC(=O)C1(c2ccccc2)CCN(C)CC1,SMILES,1,88
654,CCC1(c2ccccc2)C(=O)NC(=O)NC1=O,SMILES,1,88
655,CC(C)NC[C@@H](O)COc1cccc2[nH]ccc12,SMILES,1,88
657,O=C(C1CCCCC1)N1CC(=O)N2CCc3ccccc3[C@H]2C1,SMILES,1,88
658,COc1cc(Cc2cnc(N)nc2N)cc(OC)c1OC,SMILES,1,88
659,NC1[C@H]2CN(c3nc4c(cc3F)c(=O)c(C(=O)O)cn4-c3ccc(F)cc3F)C[C@H]12,SMILES,1,88
660,NC(N)=O,SMILES,1,88
661,CN1[C@@H]2CC[C@H]1CC(OC(=O)[C@@H](CO)c1ccccc1)C2,SMILES,1,88
662,C[C@H](NC(C)(C)C)C(=O)c1cccc(Cl)c1,SMILES,1,88
664,O=NN(CCCl)C(=O)NCCCl,SMILES,1,88
665,CCN(CC)CCC[C@@H](C)Nc1ccnc2cc(Cl)ccc12,SMILES,1,88
666,COc1cc(N)c(Cl)cc1C(=O)N[C@H]1CCN(CCCOc2ccc(F)cc2)C[C@@H]1OC,SMILES,1,88
667,CN(C)CCCN1c2ccccc2CCc2ccc(Cl)cc21,SMILES,1,88
668,N[C@@H]1CONC1=O,SMILES,1,88
669,NNC(=O)c1ccncc1,SMILES,1,88
670,C[C@H](C(=O)O)c1cccc(C(=O)c2ccccc2)c1,SMILES,1,88
671,C[C@H]1COc2c(N3CCN(C)CC3)c(F)cc3c(=O)c(C(=O)O)cn1c23,SMILES,1,88
672,COCCc1ccc(OC[C@H](O)CNC(C)C)cc1,SMILES,1,88
673,O=C(NCCN1CCOCC1)c1ccc(Cl)cc1,SMILES,1,88
674,NC(=O)c1cnccn1,SMILES,1,88
675,CN(C)C(=O)Oc1ccc[n+](C)c1,SMILES,1,88
676,CCc1nc(N)nc(N)c1-c1ccc(Cl)cc1,SMILES,1,88
677,NC(=O)c1cnn([C@@H]2O[C@H](CO)[C@@H](O)[C@H]2O)n1,SMILES,1,88
678,FCOC(C(F)(F)F)C(F)(F)F,SMILES,1,88
679,Cc1cn([C@H]2C=C[C@@H](CO)O2)c(=O)[nH]c1=O,SMILES,1,88
680,Nc1ccc(S(=O)(=O)Nc2ncccn2)cc1,SMILES,1,88
681,Nc1c2c(nc3ccccc13)CCCC2,SMILES,1,88
683,CN1C(=O)[C@H](O)N=C(c2ccccc2)c2cc(Cl)ccc21,SMILES,1,88
687,NS(=O)(=O)Cc1noc2ccccc12,SMILES,1,88
688,Nc1nc(O)c2c(n1)NC[C@@H](CNc1ccc(C(=O)N[C@@H](CCC(=O)[O-])C(=O)[O-])cc1)N2C=O,SMILES,1,88
689,Nc1nc(O)ncc1F,SMILES,1,88
690,O=NN(CCCl)C(=O)NC1CCCCC1,SMILES,1,88
691,COc1cc([C@H]2c3cc4c(cc3[C@H](O[C@H]3O[C@H]5CO[C@H](c6cccs6)O[C@@H]5[C@@H](O)[C@@H]3O)[C@H]3COC(=O)[C@H]23)OCO4)cc(O)c1O,SMILES,1,88
693,CC(=C(CCOP(=O)(O)O)SC(=O)c1ccccc1)N(C=O)Cc1cnc(C)nc1N,SMILES,1,88
696,CC1OC1P(=O)(O)O,SMILES,1,88
697,O=C1NC(c2ccccc2)(c2ccccc2)C(=O)N1CP(=O)(O)O,SMILES,1,88
698,CN(C)CCc1c[nH]c2cccc(OP(=O)(O)O)c12,SMILES,1,88
699,O=P(O)(O)OCC(Cl)(Cl)Cl,SMILES,1,88
701,C[C@]12CCC(=O)C=C1CC[C@@H]1[C@@H]2[C@H](O)C[C@]2(C)[C@H]1CC[C@@]2(O)C(=O)CS,SMILES,1,88
702,S=C1NCC[C@H](COc2ccccc2)O1,SMILES,1,88
703,C=CCC1([C@H]2C=CCCC2)C(=O)NC(=S)NC1=O,SMILES,1,88
704,CCC[C@@H](CC)C1(CC)C(=O)NC(=S)NC1=O,SMILES,1,88
705,C=CCC1([C@H](C)CCC)C(=O)NC(=S)NC1=O,SMILES,1,88
707,C=CCN1C(=O)[C@H](CC(C)C)NC1=S,SMILES,1,88
708,C/C(=C(/CCO)SSC[C@@H]1CCCO1)N(C=O)Cc1cnc(C)nc1N,SMILES,1,88
710,CCC[C@H](C)C1(CCSC)C(=O)NC(=S)NC1=O,SMILES,1,88
711,CSCC[C@@H](NC(C)=O)C(=O)Oc1ccc(NC(C)=O)cc1,SMILES,1,88
712,CCCN1C[C@H](CSC)C[C@@H]2c3cccc4[nH]cc(c34)C[C@H]21,SMILES,1,88
713,CN1C[C@H](CSc2ccccn2)C=C2c3cccc4[nH]cc(c34)C[C@@H]21,SMILES,1,88
714,CSc1ccc2c(c1)N(CC[C@@H]1CCCCN1C)c1ccccc1S2,SMILES,1,88
715,CSc1ccc2c(c1)N(C[C@@H](C)CN(C)C)c1ccccc1S2,SMILES,1,88
716,CSc1ccc2c(c1)[C@@H](N1CCN(C)CC1)Cc1ccccc1S2,SMILES,1,88
717,Cc1cc(C(C)(C)SC(C)(C)CNc2[nH]ccc2[N+](=O)[O-])nc(C)c1C,SMILES,1,88
718,CCOC(=O)OCC/C(SC(=O)OCC)=C(/C)N(C=O)Cc1cnc(C)nc1N,SMILES,1,88
719,CC(=O)SC[C@@H](Cc1ccccc1)C(=O)NCC(=O)OCc1ccccc1,SMILES,1,88
721,CCC(=O)O[C@@]1(C(=O)SCF)[C@@H](C)C[C@@H]2[C@H]3C[C@@H](F)C4=CC(=O)C=C[C@@]4(C)[C@]3(F)[C@@H](O)C[C@]21C,SMILES,1,88
722,CCC(=O)O[C@@]1(C(=O)SC)[C@@H](C)C[C@@H]2[C@H]3C[C@@H](F)C4=CC(=O)C=C[C@@]4(C)[C@]3(F)[C@@H](O)C[C@]21C,SMILES,1,88
723,CSC(=O)[C@]1(OC(C)=O)[C@@H](C)C[C@@H]2[C@H]3CCC4=CC(=O)C=C[C@@]4(C)[C@]3(F)[C@@H](O)C[C@]21C,SMILES,1,88
724,C[C@@H]1C[C@@H]2[C@H]3C[C@@H](F)C4=CC(=O)C=C[C@@]4(C)[C@]3(F)[C@@H](O)C[C@@]2(C)[C@]1(O)C(=O)SCF,SMILES,1,88
725,CSC(=O)[C@@]1(O)[C@@H](C)C[C@H]2[C@@H]3CCC4=CC(=O)C=C[C@]4(C)[C@@]3(F)[C@H](O)C[C@@]21C,SMILES,1,88
726,CC1(C)O[C@H]2[C@H](CO[C@@]3(COS(N)(=O)=O)OC(C)(C)O[C@H]23)O1,SMILES,1,88
727,CC1=C[C@@H]2[C@@H]([C@@H](O)C[C@]3(C)[C@H]2C[C@@H](C)[C@@]3(O)C(=O)COC(=O)c2cccc(S(=O)(=O)O)c2)[C@]2(C)Cc3cnn(-c4ccccc4)c3C=C12,SMILES,1,88
728,C=CCN1CCC[C@H]1CNC(=O)c1cc(S(=O)(=O)NC)c(N)cc1OC,SMILES,1,88
729,C=CCN1CCC[C@@H]1CNC(=O)c1cc(S(N)(=O)=O)cc(OC)c1OC,SMILES,1,88
731,CCN1CCC[C@H]1CNC(=O)c1cc(S(N)(=O)=O)ccc1OC,SMILES,1,88
732,COc1ccc(S(N)(=O)=O)cc1C(=O)NC[C@H]1CCCN1Cc1ccc(F)cc1,SMILES,1,88
733,COc1ccc(S(N)(=O)=O)cc1C(=O)NC[C@H]1CCCN1C,SMILES,1,88
734,CCCN1C[C@H](NS(=O)(=O)N(CC)CC)C[C@@H]2Cc3c(O)cccc3C[C@@H]21,SMILES,1,88
735,CCN(CC)S(=O)(=O)N[C@@H]1C[C@@H]2c3cccc4[nH]cc(c34)C[C@@H]2N(C)C1,SMILES,1,88
736,CN1C[C@H](NS(=O)(=O)N(C)C)C[C@@H]2c3cccc4c3c(cn4C)C[C@H]21,SMILES,1,88
737,CN1CCN(CC/C=C2\c3ccccc3Sc3ccc(S(=O)(=O)N(C)C)cc32)CC1,SMILES,1,88
739,CCN1CCC[C@H]1CNC(=O)c1cc(S(=O)(=O)CC)c(N)cc1OC,SMILES,1,88
740,CN1CCCC[C@H]1CCN1c2ccccc2Sc2ccc(S(C)(=O)=O)cc21,SMILES,1,88
741,CCCCSc1ccc([C@@H](SCCN(C)C)c2ccccc2)cc1,SMILES,1,88
742,C/C(=C(/CCOC(=O)c1ccccc1)SC(=O)c1ccccc1)N(C=O)Cc1cnc(C)nc1N,SMILES,1,88
743,CC(=O)OCC/C(SC(C)=O)=C(/C)N(C=O)Cc1cnc(C)nc1N,SMILES,1,88
744,NNO,SMILES,1,88
745,OCCN1CCN(CC/C=C2/c3ccccc3COc3ccc(Cl)cc32)CC1,SMILES,1,88
746,OCCN1CCN([C@H]2C[C@@H](c3ccc(F)cc3)c3ccc(C(F)(F)F)cc32)CC1,SMILES,1,88
747,CCCN(CCC)[C@H]1Cc2cccc3cc(O)cc(c23)C1,SMILES,1,88
748,Oc1ccc2c(c1)[C@@]13CCCC[C@H]1[C@@H](C2)NCC3,SMILES,1,88
749,Oc1ccc2c(c1)[C@@]13CCCC[C@H]1[C@@H](C2)N(CCc1ccccc1)CC3,SMILES,1,88
750,C=C1C[C@@H](C)[C@@H]2[C@H]3Cc4ccc(O)cc4[C@@]2(CCN3CC2CCC2)C1,SMILES,1,88
751,Oc1ccc2c(c1)[C@]13CCN(CC4CC4)[C@H](C2)[C@@H]1CCOC3,SMILES,1,88
753,Oc1ccc2c(c1)[C@]13CCCC[C@]1(O)[C@H](C2)N(CC1CC1)CC3,SMILES,1,88
754,C=CCN1CC[C@@]23CCCC[C@H]2[C@@H]1Cc1ccc(O)cc13,SMILES,1,88
755,CC[C@@]12CCN(CC3CCC3)[C@H](Cc3ccc(O)cc31)C2(C)C,SMILES,1,88
758,CC[C@]12CCN(CC3(O)CC3)[C@H](Cc3ccc(O)cc31)C2(C)C,SMILES,1,88
759,C[C@]12CCCCC[C@@H](Cc3ccc(O)cc31)[C@H]2N,SMILES,1,88
760,C[C@@H]1[C@H]2Cc3ccc(O)cc3[C@]1(C)CCN2CCc1ccccc1,SMILES,1,88
761,C[C@@H]1[C@@H]2Cc3ccc(O)cc3[C@]1(C)CCN2CC1CC1,SMILES,1,88
763,C[C@@H]1[C@@H]2Cc3ccc(O)cc3[C@]1(C)CCN2C,SMILES,1,88
764,CCC[C@]1(c2cccc(O)c2)CCN(C)C[C@H]1C,SMILES,1,88
765,CN1CC[C@]23c4c5ccc(O)c4O[C@H]2[C@@](C)(O)CC[C@@H]3[C@H]1C5,SMILES,1,88
766,CN1CC[C@@]23c4c5ccc(O)c4O[C@@H]2CCC[C@@H]3[C@@H]1C5,SMILES,1,88
767,CC1=CC[C@@H]2N(C)[C@@H]3Cc4ccc(O)c5c4[C@]2(C3)[C@@H]1O5,SMILES,1,88
768,C=C1CC[C@@]2(O)[C@@H]3Cc4ccc(O)c5c4[C@]2(CCN3CC2CC2)[C@@H]1O5,SMILES,1,88
769,C=C1Cc2c(CCN(CCC)CCC)ccc(O)c2N1,SMILES,1,88
770,CN1CCc2cccc3c2[C@H]1Cc1ccc(O)c(O)c1-3,SMILES,1,88
772,CN1C[C@]23C=CC(O)=C[C@@]24C[C@]42CCCC[C@@H]2[C@H]1C3,SMILES,1,88
773,CC(C)C1(C(C)C)OC[C@@H](CO)O1,SMILES,1,88
774,OC[C@H]1O[C@@H](n2cnc3c2N=CNC[C@H]3O)C[C@H]1O,SMILES,1,88
775,OCc1ccccc1O[C@@H]1O[C@H](CO)[C@@H](O)[C@@H](O)[C@H]1O,SMILES,1,88
776,OC[C@H]1O[C@H](n2cnc3c2NC=NC[C@@H]3O)C[C@@H]1O,SMILES,1,88
777,OC[C@H](O)[C@H]1O[C@H]2O[C@H](C(Cl)(Cl)Cl)O[C@H]2[C@@H]1O,SMILES,1,88
778,O=C(N[C@H](CO)[C@H](O)c1ccc([N+](=O)[O-])cc1)C(Cl)Cl,SMILES,1,88
779,O=C(O)CCCC[C@H]1SC[C@H]2NC(=O)N[C@H]21,SMILES,1,88
780,OC(c1ccccc1)(c1ccccc1)[C@H]1CCCCN1,SMILES,1,88
781,OC(c1ccccc1)(c1ccccc1)[C@H]1C[C@@H]1c1ccncc1,SMILES,1,88
782,CCCCC[C@H](N)C(O)(c1ccccc1)c1ccccc1,SMILES,1,88
783,O=C1NCCC[C@H]1N1C(=O)c2ccccc2S1(=O)=O,SMILES,1,88
785,C/C(=C1/CCOC(=O)S1)N(C=O)Cc1cnc(C)nc1N,SMILES,1,88
786,O=C1[C@@H]2[C@H]3CC[C@@H](C3)[C@H]2C(=O)N1CCCCN1CCN(c2ncccn2)CC1,SMILES,1,88
787,O=C1[C@@H]2[C@H]3C=C[C@@H]([C@H]4C=C[C@H]43)[C@H]2C(=O)N1CCCCN1CCN(c2ncccn2)CC1,SMILES,1,88
788,O=C1NCCN[C@H]1c1cccs1,SMILES,1,88
789,CN1C[C@@H](CN2CC(=O)NC(=O)C2)C=C2c3cccc4[nH]cc(c34)C[C@H]21,SMILES,1,88
790,O=C1CCN=C2C[C@H](c3ccccc3)CN12,SMILES,1,88
791,O=C1CN2C(=O)CC[C@H]2N1,SMILES,1,88
792,C[C@H]1NC(=O)CO[C@H]1c1ccccc1,SMILES,1,88
793,C[C@@]1(c2ccccc2)CC(=O)N(CN2CCOCC2)C1=O,SMILES,1,88
794,O=C1CC2(CCCC2)CC(=O)N1CCNC[C@@H]1COc2ccccc2O1,SMILES,1,88
795,CN(C)CCN1C(=O)C[C@@H](c2ccccc2)Sc2ccccc21,SMILES,1,88
796,O=C1[C@@H]2[C@@H]3CC[C@@H](C3)[C@@H]2C(=O)N1CCCCN1CCN(c2ncccn2)CC1,SMILES,1,88
798,NC[C@H]1CC(=O)N(Cc2ccccc2)C1,SMILES,1,88
800,CCN1C[C@@H](CCN2CCOCC2)C(c2ccccc2)(c2ccccc2)C1=O,SMILES,1,88
801,CCN1C(=O)N[C@@H](c2ccccc2)C1=O,SMILES,1,88
803,CNCCC[C@@]1(C)C(=O)N(c2ccccc2)c2ccccc21,SMILES,1,88
804,Cc1cccc(N2C[C@H](CO)OC2=O)c1,SMILES,1,88
806,O=C1CCC(=O)N1C[C@@H]1CC[C@H]2CN(c3ncccn3)CCN2C1,SMILES,1,88
807,C[C@H](CN1C(=O)c2cccnc2Nc2ccccc21)N(C)C,SMILES,1,88
808,CC[C@@]1(C)OC(=O)N(C)C1=O,SMILES,1,88
809,CC[C@@]1(c2ccccc2)C(=O)NC(=O)N(C)C1=O,SMILES,1,88
810,CN1C(=O)NC(=O)[C@@](C)(C2=CCCCC2)C1=O,SMILES,1,88
811,C=CC[C@]1([C@H](C)C#CCC)C(=O)NC(=O)N(C)C1=O,SMILES,1,88
813,C[C@@H](Cc1ccccc1)NCCn1cnc2c1c(=O)n(C)c(=O)n2C,SMILES,1,88
814,C[C@H](NCCn1cnc2c1c(=O)n(C)c(=O)n2C)[C@@H](O)c1ccccc1,SMILES,1,88
815,C[C@H](O)Cn1cnc2c1c(=O)n(C)c(=O)n2C,SMILES,1,88
816,CN1C(=O)C[C@H](c2ccccc2)C1=O,SMILES,1,88
817,CN1C(=O)C[C@@](C)(c2ccccc2)C1=O,SMILES,1,88
818,CC[C@@]1(c2ccccc2)C(=O)NC(=O)N1C,SMILES,1,88
819,CN1C(=O)CC[C@@H]1c1cccnc1,SMILES,1,88
820,C#C[C@]1(O)CC[C@H]2[C@@H]3[C@H](C)CC4=C(CCC(=O)C4)[C@@H]3CC[C@@]21C,SMILES,1,88
821,O=C1CC[C@@](c2ccccc2)(C2CCN(C/C=C/c3ccccc3)CC2)C(=O)N1,SMILES,1,88
823,O=C1NCN(c2ccccc2)C12CCN(C[C@@H]1COc3ccccc3O1)CC2,SMILES,1,88
825,CCCCCCC(C)(C)c1cc(O)c2c(c1)OC(C)(C)[C@H]1CCC(=O)C[C@H]21,SMILES,1,88
827,O=C1O[C@H]([C@@H](O)CO)C(O)=C1O,SMILES,1,88
829,C=CCC1(C[C@H](C)O)C(=O)NC(=O)NC1=O,SMILES,1,88
830,CCC[C@H](C)C1(CC)C(=O)NC(O)NC1=O,SMILES,1,88
831,CCC[C@H](C)C1(CC)C(=O)NC(=O)NC1=O,SMILES,1,88
832,CCC[C@@H](CC)C1(CC)C(=O)NC(=O)NC1=O,SMILES,1,88
833,C=CCC1([C@H](C)CCC)C(=O)NC(=O)NC1=O,SMILES,1,88
834,C=CC1([C@H](C)CCC)C(=O)NC(=O)NC1=O,SMILES,1,88
836,CC[C@@H](C)C1(CC)C(=O)NC(=O)NC1=O,SMILES,1,88
837,CN1CC[C@@]23c4c5ccc(O)c4O[C@@H]2C(=O)CC[C@H]3[C@@H]1C5,SMILES,1,88
838,O=C1CC[C@@]2(O)[C@@H]3Cc4ccc(O)c5c4[C@]2(CCN3CC2CC2)[C@@H]1O5,SMILES,1,88
839,C[C@H]1[C@H]2C(=O)c3ccc(O)cc3[C@@]1(C)CCN2CC1CC1,SMILES,1,88
840,CCc1c(C)[nH]c2c1C(=O)[C@@H]1CN(C)CC[C@@H]1C2,SMILES,1,88
841,CCC1(CC)C(=O)NC[C@@H](C)C1=O,SMILES,1,88
842,CC1(C)NC(=O)[C@H](/C=C/c2ccccc2)O1,SMILES,1,88
843,CN1CC[C@@]23c4c5ccc(O)c4O[C@@]2(C)C(=O)CC[C@H]3[C@@H]1C5,SMILES,1,88
844,CC1(C)[C@H]2CC[C@]1(C)C(=O)C2,SMILES,1,88
845,CC[C@@]1(c2ccccc2)NCC(=O)NC1=O,SMILES,1,88
846,CC[C@@]1(c2ccccc2)CCC(=O)NC1=O,SMILES,1,88
848,CC(C)=CCN1CC[C@]23c4c5ccc(O)c4O[C@H]2C(=O)CC[C@]3(O)[C@H]1C5,SMILES,1,88
849,CN1CC[C@]23c4c5ccc(O)c4O[C@H]2C(=O)CC[C@]3(O)[C@H]1C5,SMILES,1,88
850,CCCCCN[C@]12C=CC(=O)[C@@H]3Oc4c(O)ccc5c4[C@@]31CCN(C)[C@@H]2C5,SMILES,1,88
851,O=C1CC[C@H](N2C(=O)c3ccccc3C2=O)C(=O)N1,SMILES,1,88
852,O=C1CC[C@H](N2C(=O)[C@@H]3[C@H]4CC[C@H](C4)[C@@H]3C2=O)C(=O)N1,SMILES,1,88
853,C#[S@]1(C[C@H]2O[C@H](n3cnc4c3NC=N[C@@H]4N)[C@@H](O)[C@@H]2O)CC[C@H](N)C(=O)O1,SMILES,1,88
854,CCc1c(C)[nH]c2c1C(=O)[C@@H](CN1CCOCC1)CC2,SMILES,1,88
855,CC[C@@H]1C(=O)NC(=O)[C@]1(C)c1ccccc1,SMILES,1,88
856,O=C1NCCN[C@@H]1c1cccs1,SMILES,1,88
857,CCNC1=NC(=O)[C@@H](c2ccccc2)O1,SMILES,1,88
858,O=C1N=C(NC2CC2)O[C@@H]1c1ccccc1,SMILES,1,88
859,NC1=NC(=O)[C@@H](c2ccccc2)O1,SMILES,1,88
860,CN(C)C1=NC(=O)[C@@H](c2ccccc2)O1,SMILES,1,88
864,CC[C@]1(c2ccc(N)cc2)CCC(=O)NC1=O,SMILES,1,88
867,CC[C@@H](C(=O)OCCN1CCO[C@@H](c2ccccc2)[C@@H]1C)c1ccccc1,SMILES,1,88
868,CCCOC(=O)N1CCN(C(=O)Cc2ccc(Cl)c(Cl)c2)[C@H](CN2CCCC2)C1,SMILES,1,88
869,CCCOC(=O)c1cncn1[C@@H](C)c1ccccc1,SMILES,1,88
870,CCOC(=O)O[C@@]1(C(=O)COC(=O)CC)CC[C@@H]2[C@H]3CCC4=CC(=O)C=C[C@]4(C)[C@@H]3[C@H](O)C[C@@]21C,SMILES,1,88
871,CCOC(=O)NN[C@H](C)c1ccccc1,SMILES,1,88
872,CCOC(=O)c1cncn1[C@@H](C)c1ccccc1,SMILES,1,88
874,CC(=O)OCC(=O)[C@]1(O)[C@H](C)C[C@H]2[C@@H]3C=C(C)C4=Cc5c(cnn5-c5ccccc5)C[C@@]4(C)[C@@H]3[C@@H](O)C[C@]21C,SMILES,1,88
875,CCN(CC)CC(=O)OCC(=O)[C@@]1(O)CC[C@H]2[C@@H]3CCC4=CC(=O)C=C[C@@]4(C)[C@H]3[C@H](O)C[C@@]21C,SMILES,1,88
876,CC(=O)OCC(=O)[C@@]1(O)CC[C@@H]2[C@H]3CCC4=CC(=O)CC[C@@]4(C)[C@@H]3C(=O)C[C@@]21C,SMILES,1,88
877,C[C@]12C[C@@H](O)[C@@H]3[C@H](CCC4=CC(=O)C=C[C@]43C)[C@H]1CC[C@]2(O)C(=O)COC(=O)CCC(=O)O,SMILES,1,88
878,CC(C)(C)CC(=O)OCC(=O)[C@@]1(O)CC[C@@H]2[C@H]3CCC4=CC(=O)C=C[C@@]4(C)[C@@H]3[C@H](O)C[C@@]21C,SMILES,1,88
879,CC(=O)OCC(=O)[C@@]1(O)CC[C@@H]2[C@H]3CCC4=CC(=O)C=C[C@@]4(C)[C@@H]3[C@H](O)C[C@@]21C,SMILES,1,88
880,CC(=O)OCC(=O)[C@@]1(O)CC[C@@H]2[C@H]3C[C@@H](C)C4=CC(=O)C=C[C@@]4(C)[C@@H]3[C@H](O)C[C@@]21C,SMILES,1,88
881,C[C@]12C[C@H](O)[C@@H]3[C@H](CCC4=CC(=O)CC[C@]43C)[C@H]1CC[C@]2(O)C(=O)COC(=O)CCC1CCCC1,SMILES,1,88
882,CC(=O)OCC(=O)[C@]12N=C(C)O[C@H]1C[C@H]1[C@@H]3CCC4=CC(=O)C=C[C@]4(C)[C@H]3[C@@H](O)C[C@]12C,SMILES,1,88
885,CC(=O)OCC(=O)[C@]1(O)CC[C@H]2[C@@H]3CCC4=CC(=O)CC[C@]4(C)[C@H]3[C@H](O)C[C@]21C,SMILES,1,88
886,C[C@H]1C[C@@H]2[C@H]([C@@H](O)C[C@]3(C)[C@H]2CC[C@@]3(O)C(=O)COC(=O)CCC(=O)O)[C@@]2(C)C=CC(=O)C=C12,SMILES,1,88
887,CCN(CC)CC(=O)OCC(=O)[C@]1(O)CC[C@H]2[C@@H]3CCC4=CC(=O)CC[C@@]4(C)[C@H]3[C@@H](O)C[C@]21C,SMILES,1,88
888,CCCCCCCCCCCCCCCCCC(=O)OCC(=O)OCC(=O)[C@]1(O)CC[C@H]2[C@@H]3CCC4=CC(=O)C=C[C@@]4(C)[C@H]3[C@@H](O)C[C@]21C,SMILES,1,88
889,CC[C@H](C)C(C)(COC(N)=O)COC(N)=O,SMILES,1,88
890,CNC(=O)Oc1ccc2c(c1)[C@@]1(C)CCN(C)[C@H]1N2C,SMILES,1,88
891,CCCCCCCNC(=O)Oc1ccc2c(c1)[C@]1(C)CCN(C)[C@@H]1N2C,SMILES,1,88
892,CN1CC[C@@]2(C)c3cc(OC(=O)Nc4ccccc4)ccc3N(C)[C@@H]12,SMILES,1,88
893,CCCCC[C@@H](C)[C@@H](C)c1cc(OC(=O)CCCN2CCCCCC2)c2c(c1)OC(C)(C)C1=C2C[C@@H](C)CC1,SMILES,1,88
896,CN1[C@@H]2CC[C@H]1CC(OC(=O)[C@](C)(CO)c1ccccc1)C2,SMILES,1,88
898,COc1ccc2c3c1O[C@@H]1C(OC(C)=O)=CC[C@H]4[C@H](C2)N(C)CC[C@@]314,SMILES,1,88
899,CC(C)[C@H](N)C(=O)OC[C@@H](CO)OCn1cnc2c(=O)[nH]c(N)nc21,SMILES,1,88
900,CC[C@@H](C)[C@](C)(COC(N)=O)COC(=O)NC(C)C,SMILES,1,88
902,CC[C@](O)(COC(N)=O)c1ccccc1,SMILES,1,88
903,CCCCNC(=O)OC[C@](C)(CCC)COC(N)=O,SMILES,1,88
904,COC(=O)c1cncn1[C@H](C)c1ccccc1,SMILES,1,88
907,COC(=O)[C@H]1[C@@H]2C[C@@H]3c4[nH]c5cc(OC)ccc5c4CCN3C[C@H]2C[C@@H](OC)[C@@H]1OC,SMILES,1,88
908,CC(=O)OCC1=CO[C@H](OC(=O)CC(C)(C)OC(C)=O)[C@H]2C1=C[C@H](OC(=O)CC(C)C)[C@@]21CO1,SMILES,1,88
909,CC(=O)OCC1=CO[C@H](OC(=O)CC(C)C)[C@@H]2C1=C[C@@H](OC(=O)CC(C)C)[C@]21CO1,SMILES,1,88
910,CNC(=O)O[C@H]1OC(=O)[C@@H]2[C@H]1[C@H]1C=C[C@@H]2C1,SMILES,1,88
911,CC(=O)[C@@H]1CC[C@@H]2[C@@H]3CC=C4C[C@H](OC(=O)CCC(=O)O)CC[C@]4(C)[C@@H]3CC[C@]21C,SMILES,1,88
912,O=C(O[C@@H]1CN2CCC1CC2)c1ccccc1,SMILES,1,88
913,C[C@@H]1C[C@H](OC(=O)[C@@H]2CCC(=O)N2)CC(C)(C)C1,SMILES,1,88
914,CCN(CC)C(=O)[C@@H]1CN2CCc3cc(OC)c(OC)cc3[C@@H]2C[C@H]1OC(C)=O,SMILES,1,88
916,COc1ccc2c3c1O[C@H]1[C@H](OC(=O)c4cccnc4)CC[C@@H]4[C@@H](C2)N(C)CC[C@@]341,SMILES,1,88
918,CC(=O)Oc1ccc2c3c1O[C@H]1[C@H](OC(C)=O)C=C[C@H]4[C@@H](C2)N(C)CC[C@@]341,SMILES,1,88
919,CCC(C)(C)C(=O)O[C@@H]1C[C@H](C)C=C2C=C[C@@H](C)[C@H](CC[C@@H]3C[C@H](O)CC(=O)O3)[C@H]21,SMILES,1,88
920,CCCC(=O)O[C@@]1(C(=O)COC(=O)CC)CC[C@@H]2[C@H]3CCC4=CC(=O)CC[C@]4(C)[C@@H]3[C@@H](O)C[C@]21C,SMILES,1,88
922,CCCC(=O)O[C@@]1(C(=O)COC(C)=O)CC[C@@H]2[C@H]3C[C@@H](C)C4=CC(=O)CC[C@@]4(C)[C@@H]3[C@@H](O)C[C@]21C,SMILES,1,88
923,CCCC(=O)O[C@@]1(C(=O)CO)CC[C@@H]2[C@H]3CCC4=CC(=O)CC[C@@]4(C)[C@H]3[C@@H](O)C[C@]21C,SMILES,1,88
924,CCCCC(=O)O[C@@]1(C(=O)CO)CC[C@@H]2[C@H]3CCC4=CC(=O)CC[C@@]4(C)[C@@H]3[C@@H](O)C[C@]21C,SMILES,1,88
925,CCCC(=O)O[C@@]1(C(C)=O)CCC[C@@H]2[C@H]3CCC4=CC(=O)C=C[C@@]4(C)[C@@H]3[C@@H](O)C[C@]21C,SMILES,1,88
927,C=CCN1CC[C@@]23c4c5ccc(OC(C)=O)c4O[C@@H]2[C@@H](OC(C)=O)C=C[C@@H]3[C@@H]1C5,SMILES,1,88
929,COc1ccc2c3c([nH]c2c1)[C@H]1C[C@@H]2[C@H](C[C@@H](OC(=O)c4cc(OC)c(OC)c(OC)c4)[C@H](OC)[C@H]2OC(C)=O)CN1CC3,SMILES,1,88
932,CCC(=O)O[C@@]1(c2ccccc2)CCN(C)C[C@@H]1C,SMILES,1,88
933,O=C(O)CCCC[C@H]1SC[C@H]2NC(=O)N[C@@H]21,SMILES,1,88
934,C=C[C@@H](N)CCC(=O)O,SMILES,1,88
935,C[C@H]1C[C@@H]2CCC[C@](N3CC[C@H]3C(=O)O)(C1)C2,SMILES,1,88
936,C[C@H]1C[C@@H]2[C@@H]([C@H](O)C[C@@]3(C)[C@H](C(=O)O)CC[C@@H]23)[C@@]2(C)CCC(=O)C=C12,SMILES,1,88
938,C[C@@H](C(=O)O)c1cccc(C(=O)c2ccccc2)c1,SMILES,1,88
944,C[C@H](NNC(=O)c1ccccc1)c1ccccc1,SMILES,1,88
945,CC(C)(CO)[C@@H](O)C(=O)NCCCC(=O)O,SMILES,1,88
946,CCCNC(=O)N1C[C@@H](c2ccccc2)OC1=O,SMILES,1,88
948,C[C@H](Cc1ccccc1)N1C=C(NC(=O)Nc2ccccc2)ON1,SMILES,1,88
949,CC(C)n1cc2c3c(cccc31)[C@@H]1C[C@H](C(=O)NC3CCCCC3)CN(C)[C@@H]1C2,SMILES,1,88
950,CN1[C@@H]2CC[C@H]1CC(NC(=O)c1cn(C3CCCCC3)c3ccccc3c1=O)C2,SMILES,1,88
951,CCCC[C@H](CC)CNC(=O)C[C@@H](C)O,SMILES,1,88
952,CCN1CCC[C@@H]1CNC(=O)c1cc(C(C)=O)ccc1OC,SMILES,1,88
953,CC[C@@H](C)[C@H](CC)C(=O)NC(N)=O,SMILES,1,88
954,CC[C@H](C(=O)NC(N)=O)c1ccccc1,SMILES,1,88
955,C/C=C(\CC)C(=O)NC(N)=O,SMILES,1,88
956,O=C1CC[C@@H](C(=O)N2CCCCC2)N1,SMILES,1,88
957,CC[C@@]1(c2ccccc2)C(=O)NC(=O)N(C(=O)c2ccccc2)C1=O,SMILES,1,88
958,O=C1CC[C@@H](C(=O)N[C@@H]2C[C@H]2c2ccccc2)N1,SMILES,1,88
959,COc1cc2c(cc1OC)S(=O)(=O)O[C@@H](C(=O)N[C@@H](C)CC(C)(C)N(C)C)C2,SMILES,1,88
960,C[C@@](Cc1ccccc1)(NC(=O)CN)c1ccccc1,SMILES,1,88
961,CC[C@H](NC(=O)c1c(C)c(-c2ccccc2)nc2ccccc12)c1ccccc1,SMILES,1,88
962,NC(=O)N1c2ccccc2[C@H]2O[C@@H]2c2ccccc21,SMILES,1,88
965,NC(=O)c1cnn([C@H]2O[C@H](CO)[C@@H](O)[C@H]2O)n1,SMILES,1,88
966,CC[C@H](C(N)=O)[C@@H](C)CC,SMILES,1,88
967,CCC[C@@H]1O[C@]1(CC)C(N)=O,SMILES,1,88
968,CC[C@H](C(N)=O)N1CCCC1=O,SMILES,1,88
970,CCN(CC)C(=O)N[C@H]1C=C2c3cccc4[nH]cc(c34)C[C@H]2N(C)C1,SMILES,1,88
972,CCN(CC)C(=O)[C@]1(c2ccccc2)C[C@@H]1CN,SMILES,1,88
973,CCN(C(C)=O)c1cccc(C2=CC=NC3=C(C#N)CNN23)c1,SMILES,1,88
974,CCC(=O)N(c1ccccc1)[C@]1(C(=O)OC)CCN(CCc2ccccc2)C[C@@H]1C,SMILES,1,88
975,CC1=CN2C(CC(=O)N(C)C)=C(c3ccc(C)cc3)N[C@@H]2C=C1,SMILES,1,88
976,C/C=C/C(=O)N(CCC)[C@H](CC)C(=O)N(C)C,SMILES,1,88
977,C/C=C/C(=O)N(CC)[C@@H](CC)C(=O)N(C)C,SMILES,1,88
981,C=C1C[C@H]2[C@@H]3CCC4=CC(=O)C=C[C@]4(C)[C@H]3[C@@H](O)C[C@@]2(C)[C@]1(O)C(=O)CO,SMILES,1,88
982,C[C@@]12C=CC(=O)[C@H]1C(=O)CC[C@H]1[C@H]2[C@@H](O)C[C@@]2(C)[C@H]1CC[C@]2(O)C(=O)CO,SMILES,1,88
983,C[C@@H]1C[C@H]2[C@@H]([C@H](O)C[C@@]3(C)[C@@H]2CC[C@]3(O)C(=O)CO)[C@]2(C)C=CC(=O)C=C12,SMILES,1,88
984,C[C@@]12CC(=O)[C@@H]3[C@H](CC[C@@H]4C[C@H](O)CC[C@]43C)[C@H]1CC[C@@H]2C(=O)CO,SMILES,1,88
985,CC1(C)O[C@H]2C[C@@H]3[C@H]4CCC5=CC(=O)C=C[C@]5(C)[C@@H]4[C@H](O)C[C@]3(C)[C@@]2(C(=O)CO)O1,SMILES,1,88
986,CCC[C@H]1O[C@H]2C[C@@H]3[C@H]4CCC5=CC(=O)C=C[C@@]5(C)[C@@H]4[C@H](O)C[C@]3(C)[C@@]2(C(=O)CO)O1,SMILES,1,88
987,C[C@H]1C[C@@H]2[C@H]3CCC4=CC(=O)C=C[C@]4(C)[C@@H]3C(=O)C[C@]2(C)[C@@]1(O)C(=O)CO,SMILES,1,88
988,C[C@@]12CCC(=O)C=C1CC[C@@H]1[C@@H]2C(=O)C[C@]2(C)[C@H]1CC[C@@]2(O)C(=O)CO,SMILES,1,88
989,C[C@]12C=CC(=O)C=C1CC[C@@H]1[C@@H]2[C@@H](O)C[C@]2(C)[C@H]1CC[C@@]2(O)C(=O)CO,SMILES,1,88
991,C[C@]12C=CC(=O)C=C1CC[C@@H]1[C@@H]2C(=O)C[C@]2(C)[C@H]1CC[C@@]2(O)C(=O)CO,SMILES,1,88
992,CN1CCN(CC(=O)[C@@]2(O)CC[C@H]3[C@@H]4CCC5=CC(=O)C=C[C@]5(C)[C@@H]4[C@H](O)C[C@@]32C)CC1,SMILES,1,88
993,O=C(CN1CC[C@]23CCCC[C@@H]2[C@H]1Cc1ccc(O)cc13)c1ccccc1,SMILES,1,88
994,CCCCCC(=O)CC[C@]1(C)[C@@H]2Cc3ccc(O)cc3[C@]1(C)CCN2C,SMILES,1,88
995,CCC(=O)c1ccc2c(c1)N(C[C@@H](C)N(C)C)c1ccccc1S2,SMILES,1,88
996,CCC(=O)[C@]1(C)[C@H](C)C[C@H]2[C@@H]3CCC4=CC(=O)C=C[C@@]4(C)[C@H]3[C@@H](O)C[C@]21C,SMILES,1,88
999,CC(=O)c1ccc2c(c1)N(C[C@H](C)N(C)C)c1ccccc1S2,SMILES,1,88
1000,CC(=O)[C@@H]1CC[C@H]2[C@@H]3CC[C@H]4C[C@@H](O)CC[C@]4(C)[C@@H]3CC[C@@]12C,SMILES,1,88
1001,CC(=O)[C@@H]1CC[C@H]2[C@@H]3C[C@H](C)C4=CC(=O)C=C[C@@]4(C)[C@H]3[C@@H](O)C[C@@]12C,SMILES,1,88
1002,CCO[C@H]1C[C@]2(C)[C@H](CC[C@H]3[C@@H]2[C@H](N(C)C)C[C@]2(C)[C@@H]3CC[C@H]2C(C)=O)C[C@@H]1O,SMILES,1,88
1003,CC(=O)[C@@H]1CC[C@@H]2[C@H]3CC[C@@H]4C[C@H](O)CC[C@@]4(C)[C@@H]3C(=O)C[C@]21C,SMILES,1,88
1004,CC(=O)[C@]1(O)[C@H](O)C[C@H]2[C@@H]3CCC4=CC(=O)CC[C@@]4(C)[C@H]3CC[C@]21C,SMILES,1,88
1005,CC(=O)[C@@]1(O)CC[C@@H]2[C@H]3CCC4=CC(=O)C=C[C@@]4(C)[C@@H]3[C@H](O)C[C@@]21C,SMILES,1,88
1006,CC(=O)[C@H]1CC[C@H]2[C@@H]3C[C@H](O)[C@]45C[C@H]4CC[C@]5(C)[C@H]3CC[C@]12C,SMILES,1,88
1007,CC(=O)[C@H]1CC[C@@H]2[C@H]3CC[C@@H]4C[C@@](C)(O)CC[C@@]4(C)[C@H]3CC[C@]12C,SMILES,1,88
1009,CCC(=O)C(C[C@H](C)N(C)C)(c1ccccc1)c1ccccc1,SMILES,1,88
1010,C=C(C(=O)COC(=O)c1ccncc1)[C@]1(C)C[C@@H](O)[C@H]2[C@@H](CCC3=CC(=O)CC[C@@]32C)[C@]12CO[C@H](/C=C/C)O2,SMILES,1,88
1011,CCC(=O)C(c1ccccc1)(c1ccccc1)[C@@H](C)CN(C)C,SMILES,1,88
1012,C[C@H](CN1CCOCC1)C(C(=O)N1CCCC1)(c1ccccc1)c1ccccc1,SMILES,1,88
1013,C[C@@H](N)C(=O)c1ccccc1,SMILES,1,88
1014,CO[C@H](C(=O)[C@@H](O)[C@@H](C)O)[C@@H]1Cc2cc3cc(O[C@H]4C[C@@H](O[C@H]5C[C@@H](O)[C@H](O)[C@@H](C)O5)[C@@H](O)[C@@H](C)O4)c(C)c(O)c3c(O)c2C(=O)[C@H]1O[C@H]1C[C@@H](O[C@H]2C[C@@H](O[C@H]3C[C@](C)(O)[C@H](O)[C@@H](C)O3)[C@H](O)[C@@H](C)O2)[C@H](O)[C@@H](C)O1,SMILES,1,88
1015,C[C@@H](C(=O)c1ccccc1)N(C)C,SMILES,1,88
1016,CCC[C@H](C(=O)c1ccc(C)cc1)N1CCCC1,SMILES,1,88
1018,CN(C)CC(=O)C=C1c2ccccc2CCc2ccccc21,SMILES,1,88
1020,Nc1c2c(nc3ccccc13)CCC[C@H]2O,SMILES,1,88
1021,CN1CC[C@]23c4c5ccc(O)c4O[C@H]2[C@H](O)C=C[C@H]3[C@H]1C5,SMILES,1,88
1022,Oc1ccc2c3c1O[C@H]1[C@H](O)CC[C@]4(O)[C@@H](C2)N(CC2CCC2)CC[C@]314,SMILES,1,88
1024,CNC[C@@H](O)CC12CCC(c3ccccc31)c1ccccc12,SMILES,1,88
1025,O[C@H](CN1CCCCC1)c1cc(-c2ccccc2)on1,SMILES,1,88
1026,CC[C@H](O)C(C[C@H](C)N(C)C)(c1ccccc1)c1ccccc1,SMILES,1,88
1027,CC(C)(C)[C@@H](O)/C=C/c1ccc2c(c1)OCO2,SMILES,1,88
1028,Cc1cccc2c1Oc1ccccc1[C@@]1(O)CCN(C)C[C@H]21,SMILES,1,88
1029,C[C@H]1CN(C)C[C@H]2Cc3c(ccc4ccccc34)O[C@]21O,SMILES,1,88
1030,CC[C@]1(O)CCN2CCc3ccc(C)cc3[C@@H]2C1,SMILES,1,88
1031,CC(C)[C@]1(O)CCN2C[C@@H]3c4ccccc4CCc4cccc(c43)[C@@H]2C1,SMILES,1,88
1032,C#C[C@@](C)(O)CC,SMILES,1,88
1033,Oc1ccc2c3c1O[C@@H]1[C@@H](O)C=C[C@H]4[C@H](C2)NCC[C@@]314,SMILES,1,88
1034,O[C@@H](Cn1ccnc1)c1ccc(CCc2ccccc2)cc1,SMILES,1,88
1035,CC(C)[C@H](O)C1CCCCC1,SMILES,1,88
1037,O[C@]1(c2ccccc2Cl)C2=NCCCN2c2ccccc21,SMILES,1,88
1038,O[C@@H]1[C@@H](O[C@H]2[C@@H](OCCOCCO[C@H](O)C(Cl)(Cl)Cl)[C@H](O)[C@@H](O)O[C@H]2COCCO[C@H](O)C(Cl)(Cl)Cl)O[C@@H](COCCOCCO[C@H](O)C(Cl)(Cl)Cl)C[C@H]1O[C@H](O)C(Cl)(Cl)Cl,SMILES,1,88
1039,Cc1cccc2c1Oc1ccccc1[C@]1(O)CCNC[C@H]21,SMILES,1,88
1040,CC(C)(C)[C@@]1(O)CCN2C[C@@H]3c4ccccc4CCc4cccc(c43)[C@H]2C1,SMILES,1,88
1041,Oc1ccc2c3c1O[C@@H]1[C@@H](O)CC[C@@]4(O)[C@@H](C2)N(CC2CCC2)CC[C@@]314,SMILES,1,88
1045,C=CCN1CC[C@]23CCCC[C@H]2[C@H]1Cc1ccc(O)cc13,SMILES,1,88
1046,O=C(CN1CC[C@]23CCCC[C@H]2[C@H]1Cc1ccc(O)cc13)c1ccccc1,SMILES,1,88
1047,C=CCN1CC[C@@]23c4c5ccc(O)c4O[C@H]2C(=O)CC[C@@]3(O)[C@H]1C5,SMILES,1,88
1048,O=C1CC[C@@]2(O)[C@H]3Cc4ccc(O)c5c4[C@]2(CCN3CC2CC2)[C@H]1O5,SMILES,1,88
1049,C=C1CC[C@@]2(O)[C@H]3Cc4ccc(O)c5c4[C@]2(CCN3CC2CC2)[C@H]1O5,SMILES,1,88
1050,NC1=NCc2ncn(COCCO)c2N1,SMILES,1,88
1051,COCCN1CC[C@@]23c4c5ccc(O)c4O[C@H]2C(=O)CC[C@@]3(O)[C@@H]1C5,SMILES,1,88
1052,CN(C)CCO[C@@]1(Cc2ccccc2)C[C@H]2CC[C@]1(C)C2(C)C,SMILES,1,88
1053,CCCCNC[C@@H]1COc2cccc(OCC)c2O1,SMILES,1,88
1056,c1csc(Cc2ccccc2OC[C@@H]2CNCCO2)c1,SMILES,1,88
1057,Cc1cc(C)cc(OC[C@@H]2CNC(=O)O2)c1,SMILES,1,88
1058,COC[C@@H]1CN(c2ccc(OCc3cccc(C#N)c3)cc2)C(=O)O1,SMILES,1,88
1059,COc1ccccc1N1CCN(C[C@@H](O)COc2cc(OC)c(OC)c(OC)c2)CC1,SMILES,1,88
1060,Cc1cccc(C)c1OC[C@@H](C)N,SMILES,1,88
1061,CN1CCCc2cccc(OC[C@H]3CNCCO3)c21,SMILES,1,88
1062,C1=Cc2cccc(OC[C@H]3CNCCO3)c2C1,SMILES,1,88
1064,COc1ccc(OC[C@H]2CN(C)CC[C@@H]2c2ccccc2)cc1,SMILES,1,88
1065,C[C@@H](COc1ccccc1)NN,SMILES,1,88
1067,COc1ccc([C@H](CN(C)C)C2(O)CCCCC2)cc1,SMILES,1,88
1068,COc1ccc2c(c1)N(CC[C@@H]1CCCCN1C)c1ccccc1S2,SMILES,1,88
1070,COc1ccc2c(c1)N(C[C@H](C)CN1CCC(O)CC1)c1ccccc1S2,SMILES,1,88
1071,C=C[C@@H]1CNCC[C@H]1CCCc1ccnc2ccc(OC)cc12,SMILES,1,88
1072,COc1ccc2c(c1)[C@@](O)(CCCN(C)C)c1ccccc1S2,SMILES,1,88
1073,COc1cc2c(c(CN[C@@H]3CCCN[C@H]3c3ccccc3)c1)OCC2,SMILES,1,88
1074,COc1cccc([C@@]2(O)CCCC[C@@H]2CN(C)C)c1,SMILES,1,88
1075,COc1ccc2c3c1O[C@H]1C(=O)CC[C@]4(O)[C@@H](C2)N(C)CC[C@]314,SMILES,1,88
1077,COc1ccc2c3c1O[C@@H]1C(=O)CC[C@@H]4[C@H](C2)N(C)CC[C@@]314,SMILES,1,88
1078,CC[C@@H]1CC(=O)[C@H]2Oc3c(OC)ccc4c3[C@]23CCN(CC2CC2)[C@@H](C4)[C@@H]13,SMILES,1,88
1079,COc1ccc2c3c1O[C@H]1C[C@H](O)C=C[C@@]31CCN(C)C2,SMILES,1,88
1081,COc1ccc2c3c1O[C@@H]1[C@@H](O)C=C[C@@H]4[C@H](C2)N(C)CC[C@]341,SMILES,1,88
1083,COc1ccc([C@H]2CNC(=O)C2)cc1OC1CCCC1,SMILES,1,88
1084,COc1ccc2c(c1OC)[C@]13CCN(C)[C@H](C2)[C@]1(O)CC[C@H](O)C3,SMILES,1,88
1086,CC[C@@H]1C(C)=NN=C(c2ccc(OC)c(OC)c2)c2cc(OC)c(OC)cc21,SMILES,1,88
1087,CCC1=C(C)N(N)C(c2ccc(OC)c(OC)c2)=C2C=C(OC)C(OC)=C[C@@H]21,SMILES,1,88
1088,COc1ccc([C@H](O)CN2CCN(C(c3ccccc3)c3ccccc3)CC2)cc1OC,SMILES,1,88
1089,COc1ccc([C@@H](O)CN2CCN(c3cccccc3=O)CC2)cc1OC,SMILES,1,88
1090,COc1cc2c(cc1OC)C(=O)[C@H](CC1CCN(Cc3ccccc3)CC1)C2,SMILES,1,88
1091,COc1cc2c(cc1OC)[C@@H]1CC(=O)[C@H](CC(C)C)CN1CC2,SMILES,1,88
1092,COc1cc2c(cc1OC)[C@H](c1ccccc1)CN(C)CC2,SMILES,1,88
1095,C=C[C@](C)(O)C(C)(C)C.COC12CC3(C1)[C@H]1Cc4ccc(O)c5c4[C@@]3(CCN1CC1CC1)[C@H]2O5,SMILES,1,88
1096,C=CCN1CC[C@@]23c4c5ccc(O)c4[C@](O)(CCC)[C@H]4C[C@@]2(C=C[C@@]4(OC)[C@@H]3OC)[C@H]1C5,SMILES,1,88
1097,CCC[C@@](C)(O)[C@@H]1C[C@@]23C=C[C@]1(OC)[C@H]1Oc4c(O)ccc5c4[C@]12CCN(C)[C@H]3C5,SMILES,1,88
1098,CO[C@@H]1O[C@H]2O[C@@]3(CN4CCCCC4)[C@@H]1[C@H](C[C@@H]3O)[C@@H]2C,SMILES,1,88
1099,CO[C@@]12C=C[C@]3(C[C@@H]1C(C)(C)O)[C@H]1Cc4ccc(O)c5c4[C@@]3(CCN1CC1CC1)[C@H]2O5,SMILES,1,88
1100,N[C@H]1N[C@H](O)[C@H]2NCN(COC(CO)CO)[C@H]2N1,SMILES,1,88
1103,CCCCOC[C@H](CN1C(=O)NC(=O)[C@](CC)(c2ccccc2)C1=O)OC(N)=O,SMILES,1,88
1104,CNCCO[C@@H](c1ccccc1)c1ccccc1C,SMILES,1,88
1106,C#C[C@@H](OC(N)=O)c1ccccc1,SMILES,1,88
1108,CCOc1ccccc1O[C@@H](c1ccccc1)[C@H]1CNCCO1,SMILES,1,88
1109,C[C@H](Oc1cccc2ccccc12)/C(N)=N/O,SMILES,1,88
1110,Cc1cccc(O[C@H]2CCNC[C@@H]2O)c1C,SMILES,1,88
1111,OCc1ccccc1O[C@H]1O[C@@H](CO)[C@H](O)[C@@H](O)[C@@H]1O,SMILES,1,88
1112,CCCCOC[C@@H](CN1C(=O)N(C[C@H](COCCCC)OC(N)=O)C(=O)C(CC)(c2ccccc2)C1=O)OC(N)=O,SMILES,1,88
1113,CC(C)CCO[C@@H](CN1CCCC1)c1ccccc1,SMILES,1,88
1114,CNCC[C@H](Oc1cccc2ccccc12)c1cccs1,SMILES,1,88
1116,CNCC[C@H](Oc1ccccc1C)c1ccccc1,SMILES,1,88
1118,CN(C)CCO[C@H](c1ccccc1)c1ccccc1C(C)(C)C,SMILES,1,88
1119,CC[C@@H](OC(C)=O)C(C[C@@H](C)N(C)C)(c1ccccc1)c1ccccc1,SMILES,1,88
1120,CO/N=C/C1=CCCN(C)C1,SMILES,1,88
1122,CO/N=C(\C#N)[C@@H]1CN2CCC1CC2,SMILES,1,88
1123,NCN.Nc1nc(-c2ccccc2)cs1,SMILES,1,88
1124,NCC[C@@H](Oc1ccc(C(F)(F)F)cc1)c1ccccc1,SMILES,1,88
1126,CN1Cc2c(N)cccc2[C@@H](c2ccccc2)C1,SMILES,1,88
1127,C[C@]12CC3CC(N)(C1)C[C@@](C)(C3)C2,SMILES,1,88
1128,Nc1ccn([C@H]2O[C@@H](CO)[C@H](O)[C@@H]2O)c(=O)n1,SMILES,1,88
1130,NC(N)=Nc1nc(-c2ccccc2)cs1,SMILES,1,88
1132,NC(=O)N1c2ccccc2[C@H]2O[C@H]2c2ccccc21,SMILES,1,88
1134,c1ccc2c(c1)CCc1ccccc1N2[C@@H]1CN2CCC1CC2,SMILES,1,88
1135,N[C@@H]1C[C@@H]1c1ccccc1,SMILES,1,88
1136,C=CC[C@@H](N)Cc1ccccc1,SMILES,1,88
1137,CC[C@@H](N)Cc1c[nH]c2ccccc12,SMILES,1,88
1138,N[C@H]1CCC[C@@H]1c1ccccc1,SMILES,1,88
1139,C[C@@H](N)Cc1ccccc1,SMILES,1,88
1140,C=CC[C@H](N)c1ccccc1-c1noc2ccccc12,SMILES,1,88
1141,N[C@H]1CONC1=O,SMILES,1,88
1142,Nc1ncnc2c1ncn2[C@H]1O[C@@H](CO)[C@H](O)[C@@H]1O,SMILES,1,88
1143,Nc1nc(Cl)nc2c1ncn2[C@H]1C[C@H](O)[C@@H](CO)O1,SMILES,1,88
1145,CCCCCC[C@@H](C)NN,SMILES,1,88
1146,C[C@H](NN)c1ccccc1,SMILES,1,88
1147,CCCCCCCCCN[C@@H]1N=CNc2[nH]ccc21,SMILES,1,88
1148,CCCCNC[C@H]1COc2ccccc2O1,SMILES,1,88
1149,CNCCC[C@]1(c2ccccc2)OC(C)(C)c2ccccc21,SMILES,1,88
1150,CNCCC[C@@]1(C)CN(c2ccccc2)c2ccccc21,SMILES,1,88
1152,CC(C)CCNC[C@@H]1COc2ccccc2O1,SMILES,1,88
1153,CN(C)CC[C@@]1(c2ccccc2)C=Cc2ccccc21,SMILES,1,88
1154,CCn1c2c(c3ccccc31)CCS[C@@]2(C)CCN(C)C,SMILES,1,88
1155,CN(C)CC[C@@H](c1ccccc1)C1CCCCC1,SMILES,1,88
1156,CN(C)CC[C@@]1(C)OCCC2=C1Cc1ccccc12,SMILES,1,88
1157,CN(C)CC/C=C1\c2ccccc2CSc2ccccc21,SMILES,1,88
1158,CN(C)CC/C=C1\c2ccccc2COc2ccccc21,SMILES,1,88
1159,CNCC/C=C1/c2ccccc2[C@H]2C[C@H]2c2ccccc21,SMILES,1,88
1160,CCN[C@@H]1[C@H]2CC[C@H](C2)[C@H]1c1ccccc1,SMILES,1,88
1161,CN(C)C[C@@H]1CO[C@@]2(O1)c1ccccc1COc1ccccc12,SMILES,1,88
1163,CCc1ccc2c(c1)N(C[C@H](C)CN(C)C)c1ccccc1S2,SMILES,1,88
1164,C[C@H](CN(C)C)CN1c2ccccc2CCc2ccccc21,SMILES,1,88
1165,C[C@@H](CC1c2ccccc2CCc2ccccc21)CN(C)C,SMILES,1,88
1166,CN[C@@H]1CCc2ncsc2C1,SMILES,1,88
1167,CN[C@@H]1CC[C@@H](c2ccccc2)c2ccccc21,SMILES,1,88
1168,CN[C@H]1CCN2c3ccccc3CCc3cccc1c32,SMILES,1,88
1169,CN[C@H]1Cc2ccccc2N(C)c2ccccc21,SMILES,1,88
1170,Cc1cc(N(C)C)ccc1C[C@@H](C)N,SMILES,1,88
1171,CN(C)[C@H]1CCc2[nH]c3ccccc3c2C1,SMILES,1,88
1172,C[C@@H]1Oc2ccccc2C[C@@H]1N(C)C,SMILES,1,88
1173,C[C@@H](CN1c2ccccc2Sc2ccccc21)N(C)C,SMILES,1,88
1177,C#CCN(C)[C@@H](C)Cc1ccccc1,SMILES,1,88
1178,CCc1cccc(NC(C)Nc2cccc(CC)c2)c1,SMILES,1,88
1179,CCN(CC)[C@H](C)CN1c2ccccc2Sc2ccccc21,SMILES,1,88
1180,C[C@H](Cc1ccccc1)NCCC1c2ccccc2Sc2ccccc21,SMILES,1,88
1181,CN[C@H](C)Cc1ccccc1,SMILES,1,88
1182,C[C@H](Cc1ccccc1)N(C)C,SMILES,1,88
1183,CCN[C@@H](Cc1ccccc1)[C@@H]1CCCO1,SMILES,1,88
1184,N#CCN[C@@H]1CCc2ccccc21,SMILES,1,88
1185,N#CCN[C@H]1CCc2ccccc21,SMILES,1,88
1186,CN1CCN(C2=Nc3cscc3C(CC#N)=C3CSC=C23)CC1,SMILES,1,88
1188,CN1C[C@H](CC#N)C[C@@H]2c3cccc4[nH]cc(c34)C[C@H]21,SMILES,1,88
1189,C[C@@H](Cc1ccccc1)N[C@@H](C#N)c1ccccc1,SMILES,1,88
1190,N#Cc1ccc2c(c1)C1=C(CCN(CC3CCCC3)CC1)c1ccccc1O2,SMILES,1,88
1191,CN(c1nc2ccccc2s1)C1CCN(C[C@@H](O)COc2ccc(F)cc2)CC1,SMILES,1,88
1192,C#C[C@@]1(O)CC[C@@H]2[C@H]3CCC4=Cc5c(cnn5-c5ccc(F)cc5)C[C@@]4(C)[C@@H]3CC[C@@]21C,SMILES,1,88
1194,CC(C)[C@H](CCCCCC(=O)O)NCc1ccc(F)cc1,SMILES,1,88
1195,COCc1c(C(C)C)nc(C(C)C)c(/C=C/[C@H](O)C[C@H](O)CC(=O)O)c1-c1ccc(F)cc1,SMILES,1,88
1196,CC(C)n1c(/C=C/[C@@H](O)C[C@H](O)CC(=O)O)c(-c2ccc(F)cc2)c2ccccc21,SMILES,1,88
1197,CCOC(=O)C[C@H](O)C[C@H](O)/C=C/C1=C(c2ccc(F)cc2)c2ccccc2OC12CCCC2,SMILES,1,88
1199,O=C(CCCN1CCN2CCC[C@H]2C1)c1ccc(F)cc1,SMILES,1,88
1200,O=C(CCCN1CCN2Cc3[nH]c4ccccc4c3C[C@H]2C1)c1ccc(F)cc1,SMILES,1,88
1201,COc1ccccc1N1CCN(CCC[C@@H](O)c2ccc(F)cc2)CC1,SMILES,1,88
1202,O=c1[nH]c2ccccc2c(=O)n1CCN1C[C@@H]2C[C@H](c3ccc(F)cc3)[C@@H]2C1,SMILES,1,88
1203,Fc1ccc([C@H]2CCNC[C@@H]2COc2ccc3c(c2)OCO3)cc1,SMILES,1,88
1204,CCOC(=O)c1cncn1[C@H](C)c1ccc(F)cc1,SMILES,1,88
1205,CN(C)CCC[C@]1(c2ccc(F)cc2)OCc2cc(C#N)ccc21,SMILES,1,88
1206,C/C(=C\CCN1CCC2(CC1)C(=O)NCN2c1ccccc1)c1ccc(F)cc1,SMILES,1,88
1208,CC1=CC=CN2C(=O)C(CCN3CCC(c4noc5cc(F)ccc45)CC3)=C(C)N[C@@H]12,SMILES,1,88
1209,CN1CCN2c3cc(F)ccc3C(c3cccs3)=NC[C@H]2C1,SMILES,1,88
1211,O[C@H](CCCN1CCc2c(c3cc(F)ccc3n2-c2ccc(F)cc2)C1)c1ccc(F)cc1,SMILES,1,88
1212,CN(C)[C@@H]1CCc2[nH]c3c(F)cc(F)cc3c2C1,SMILES,1,88
1213,CCn1nnn(CCN2CC[C@H](N(C(=O)COC)c3ccccc3F)[C@@H](C)C2)c1=O,SMILES,1,88
1214,OC(CN1CN=CN1)(CN1CN=CN1)c1ccc(F)cc1F,SMILES,1,88
1215,CC(C)(C)NC[C@H](O)c1ccccc1F,SMILES,1,88
1216,CNCC[C@@H](Oc1ccc(C(F)(F)F)cc1)c1ccccc1,SMILES,1,88
1218,COCCCC/C(=N\OCCN)c1ccc(C(F)(F)F)cc1,SMILES,1,88
1219,C[C@H](CN(C)C)CN1c2ccccc2Sc2ccc(C(F)(F)F)cc21,SMILES,1,88
1220,OCCN1CCN(CCC[C@@H]2c3ccc(F)cc3Sc3ccc(C(F)(F)F)cc32)CC1,SMILES,1,88
1222,C[C@@H]1c2ccccc2[C@H](CCCN(C)C)c2cc(C(F)(F)F)ccc21,SMILES,1,88
1223,OCCC1CCN(CC/C=C2\c3ccc(F)cc3Sc3ccc(C(F)(F)F)cc32)CC1,SMILES,1,88
1224,FC(F)(F)c1cccc(N2CCN(CCc3nnc4n3C[C@@H]3CCC[C@@H]43)CC2)c1,SMILES,1,88
1225,CC(C)N1CCO[C@H](c2cccc(C(F)(F)F)c2)C1,SMILES,1,88
1226,COC[C@@H]1CN(c2ccc(OCC[C@H](O)C(F)(F)F)cc2)C(=O)O1,SMILES,1,88
1227,CCCCCC(=O)OCC(=O)[C@@H]1[C@H](C)C[C@@H]2[C@H]3C[C@@H](F)C4=CC(=O)C=C[C@@]4(C)[C@H]3[C@@H](O)C[C@]21C,SMILES,1,88
1229,C[C@H]1C[C@@H]2[C@H]3C[C@@H](F)C4=CC(=O)C=C[C@@]4(C)[C@]3(F)[C@@H](O)C[C@]2(C)[C@@]1(O)C(=O)COC(=O)C(C)(C)C,SMILES,1,88
1230,C[C@H]1C[C@@H]2[C@H]3C[C@@H](F)C4=CC(=O)C=C[C@@]4(C)[C@]3(F)[C@@H](O)C[C@]2(C)[C@@]1(O)C(=O)CO,SMILES,1,88
1231,C[C@@H]1C[C@@H]2[C@H]3C[C@@H](F)C4=CC(=O)C=C[C@@]4(C)[C@]3(F)[C@@H](O)C[C@@]2(C)[C@@H]1C(=O)CO,SMILES,1,88
1232,CCC(=O)OCC(=O)[C@@]12OC(C)(C)O[C@@H]1C[C@@H]1[C@H]3C[C@@H](F)C4=CC(=O)C=C[C@@]4(C)[C@]3(F)[C@@H](O)C[C@]12C,SMILES,1,88
1233,CCCC(=O)O[C@@]1(C(=O)COC(C)=O)CC[C@@H]2[C@H]3C[C@@H](F)C4=CC(=O)C=C[C@@]4(C)[C@]3(F)[C@@H](O)C[C@]21C,SMILES,1,88
1234,C[C@@]12C=CC(=O)C=C1[C@H](F)C[C@H]1[C@H]2[C@@H](O)C[C@]2(C)[C@@H]1CC[C@@]2(O)C(=O)CO,SMILES,1,88
1235,CC1(C)O[C@H]2C[C@@H]3[C@H]4C[C@@H](F)C5=CC(=O)CC[C@]5(C)[C@@H]4[C@H](O)C[C@]3(C)[C@@]2(C(=O)CO)O1,SMILES,1,88
1236,COC(OC)C(=O)[C@]12OC(C)(C)O[C@H]1C[C@@H]1[C@H]3C[C@@H](F)C4=CC(=O)C=C[C@]4(C)[C@@]3(F)[C@H](O)C[C@@]12C,SMILES,1,88
1237,CC1(C)O[C@H]2C[C@@H]3[C@H]4C[C@@H](F)C5=CC(=O)C=C[C@]5(C)[C@@]4(F)[C@H](O)C[C@@]3(C)[C@]2(C(=O)COC(=O)C2CC2)O1,SMILES,1,88
1238,CC1(C)O[C@H]2C[C@@H]3[C@H]4C[C@@H](F)C5=CC(=O)C=C[C@]5(C)[C@@]4(F)[C@H](O)C[C@@]3(C)[C@@]2(C(=O)CO)O1,SMILES,1,88
1239,CCC[C@@H]1O[C@@H]2C[C@@H]3[C@H]4C[C@@H](F)C5=CC(=O)C=C[C@]5(C)[C@@]4(F)[C@@H](O)C[C@@]3(C)[C@]2(C(=O)O[C@H](C)OC(=O)OCC)O1,SMILES,1,88
1240,FC(F)O[C@@H](F)C(F)(F)F,SMILES,1,88
1241,CC(=O)OCC(=O)[C@@]12N=C(C)O[C@H]1C[C@H]1[C@@H]3CCC4=CC(=O)C=C[C@]4(C)[C@@]3(F)[C@H](O)C[C@@]12C,SMILES,1,88
1245,CC(=O)O[C@]1(C(C)=O)CC[C@H]2[C@@H]3C[C@H](C)C4=CC(=O)C=C[C@]4(C)[C@@]3(F)[C@H](O)C[C@@]21C,SMILES,1,88
1247,CC(=O)OCC(=O)[C@@]1(O)CC[C@H]2[C@@H]3CCC4=CC(=O)C=C[C@]4(C)[C@@]3(F)[C@H](O)C[C@@]21C,SMILES,1,88
1252,C[C@@H](CNC(=O)c1ccccc1)C(=O)OCC(=O)[C@@]12OC(C)(C)O[C@@H]1C[C@@H]1[C@H]3CCC4=CC(=O)C=C[C@]4(C)[C@@]3(F)[C@H](O)C[C@]12C,SMILES,1,88
1253,C[C@]1(c2ccccc2)O[C@@H]2C[C@H]3[C@@H]4CCC5=CC(=O)C=C[C@]5(C)[C@@]4(F)[C@H](O)C[C@@]3(C)[C@]2(C(=O)CO)O1,SMILES,1,88
1254,CC(=O)OCC(=O)[C@]1(OC(=O)c2ccco2)[C@H](C)C[C@H]2[C@@H]3CCC4=CC(=O)C=C[C@]4(C)[C@@]3(F)[C@H](O)C[C@]21C,SMILES,1,88
1256,CC(=O)OCC(=O)[C@]1(O)[C@H](C)C[C@H]2[C@@H]3CC(F)(F)C4=CC(=O)C=C[C@]4(C)[C@@]3(F)[C@H](O)C[C@]21C,SMILES,1,88
1257,CC(=O)[C@]1(O)[C@H](C)C[C@H]2[C@@H]3CCC4=CC(=O)C=C[C@]4(C)[C@@]3(F)[C@H](O)C[C@]21C,SMILES,1,88
1259,CC(=O)OCC(=O)[C@@]12OC(C)(C)O[C@@H]1C[C@H]1[C@@H]3C[C@H](F)C4=CC(=O)C=C[C@]4(C)[C@H]3[C@@H](O)C[C@]12C,SMILES,1,88
1260,CC(=O)OCC(=O)[C@]1(O)[C@H](C)C[C@H]2[C@@H]3C[C@H](F)C4=CC(=O)C=C[C@]4(C)[C@H]3[C@@H](O)C[C@]21C,SMILES,1,88
1261,C[C@@H]1C[C@H]2[C@@H]3C[C@H](F)C4=CC(=O)C=C[C@]4(C)[C@H]3[C@@H](O)C[C@@]2(C)[C@]1(O)C(=O)CO,SMILES,1,88
1262,CCCCOC(=O)C(=O)[C@H]1[C@@H](C)C[C@H]2[C@@H]3C[C@H](F)C4=CC(=O)C=C[C@]4(C)[C@@H]3[C@H](O)C[C@@]21C,SMILES,1,88
1263,CCCCC(=O)O[C@@]1(C(=O)CO)CC[C@H]2[C@@H]3C[C@H](F)C4=CC(=O)C=C[C@]4(C)[C@@H]3[C@H](O)C[C@]21C,SMILES,1,88
1265,CC(=O)OCC(=O)[C@]12OC(C)(C)O[C@@H]1C[C@H]1[C@@H]3C[C@H](F)C4=CC(=O)C=C[C@]4(C)[C@@]3(F)[C@H](O)C[C@@]12C,SMILES,1,88
1270,CC(C)(C)CC(=O)OCC(=O)[C@]12OC(C)(C)O[C@H]1C[C@@H]1[C@H]3CC4=CC(=O)C=C[C@@]4(C)[C@]3(F)[C@@H](O)C[C@@]12C,SMILES,1,88
1271,CCC1(CC)O[C@H]2C[C@@H]3[C@H]4CCC5=CC(=O)C=C[C@@]5(C)[C@]4(F)[C@@H](O)C[C@]3(C)[C@@]2(C(=O)CO)O1,SMILES,1,88
1272,CC1(C)O[C@H]2C[C@@H]3[C@H]4CC[C@@H]5CC(=O)CC[C@@]5(C)[C@]4(F)[C@@H](O)C[C@]3(C)[C@@]2(C(=O)CO)O1,SMILES,1,88
1273,C=C[C@H]1O[C@H]2C[C@H]3[C@@H]4CCC5=CC(=O)C=C[C@@]5(C)[C@]4(F)[C@@H](O)C[C@]3(C)[C@@]2(C(=O)CO)O1,SMILES,1,88
1274,CCC(=O)O[C@]1(C(=O)COC)[C@H](C)C[C@@H]2[C@H]3CCC4=CC(=O)C=C[C@@]4(C)[C@]3(F)[C@@H](O)C[C@@]21C,SMILES,1,88
1275,C[C@H]1C[C@@H]2[C@H]3CCC4=CC(=O)C=C[C@@]4(C)[C@]3(F)[C@@H](O)C[C@]2(C)[C@@]1(OC(=O)c1ccccc1)C(=O)CO,SMILES,1,88
1276,CC(=O)O[C@@H](C)C(=O)[C@@]1(O)CC[C@@H]2[C@H]3CCC4=CC(=O)C=C[C@@]4(C)[C@]3(F)[C@@H](O)C[C@@]21C,SMILES,1,88
1277,C[C@@]12C=CC(=O)C=C1CC[C@H]1[C@@H]3C[C@@H]4Cc5ccccc5C[C@]4(C(=O)CO)[C@]3(C)C[C@H](O)[C@]12F,SMILES,1,88
1278,CC(=O)OCC(=O)[C@]1(O)[C@H](C)C[C@@H]2[C@H]3CCC4=CC(=O)C=C[C@@]4(C)[C@]3(F)[C@@H](O)C[C@]21C,SMILES,1,88
1280,C[C@@]12C=CC(=O)C=C1CC[C@@H]1[C@H]3CC[C@@](O)(C(=O)CO)[C@]3(C)C[C@H](O)[C@]12F,SMILES,1,88
1281,C=C1C[C@@H]2[C@H]3CCC4=CC(=O)C=C[C@@]4(C)[C@]3(F)[C@@H](O)C[C@@]2(C)[C@]1(O)C(=O)CO,SMILES,1,88
1284,C[C@@H]1C[C@@H]2[C@H]3CCC4=CC(=O)C=C[C@@]4(C)[C@]3(F)[C@@H](O)C[C@@]2(C)[C@]1(C)C(=O)CO,SMILES,1,88
1285,NC/C(=C\F)CCc1ccc(F)cc1,SMILES,1,88
1286,COCCN1CC[C@@]23c4c5ccc(O)c4O[C@H]2C(=O)CC[C@@]3(O)[C@H]1C5,SMILES,1,88
1288,COc1cc2c(c(CN[C@H]3CCCN[C@H]3c3ccccc3)c1)OCC2,SMILES,1,88
1289,COC[C@H]1CN(c2ccc(OCc3cccc(C#N)c3)cc2)C(=O)O1,SMILES,1,88
1290,COC[C@H]1CN(c2ccc(OCC[C@H](O)C(F)(F)F)cc2)C(=O)O1,SMILES,1,88
1291,COC(OC)C(=O)[C@@]12OC(C)(C)O[C@H]1C[C@H]1[C@H]3C[C@H](F)C4=CC(=O)C=C[C@@]4(C)[C@@]3(F)[C@H](O)C[C@]12C,SMILES,1,88
1292,COC(=O)[C@@H]1[C@@H]2C[C@@H]3c4[nH]c5cc(OC)ccc5c4CCN3C[C@@H]2C[C@H](OC)[C@@H]1OC,SMILES,1,88
1293,COC(=O)[C@@H]1[C@@H]2C[C@@H]3c4[nH]c5ccccc5c4CCN3C[C@@H]2C[C@@H](OC(=O)c2cc(OC)c(OC)c(OC)c2)[C@@H]1OC,SMILES,1,88
1294,COc1ccc2c3c([nH]c2c1)[C@H]1C[C@@H]2[C@@H](C[C@@H](OC(=O)c4cc(OC)c(OC)c(OC)c4)[C@H](OC)[C@@H]2OC(C)=O)CN1CC3,SMILES,1,88
1295,COC(=O)[C@@H]1[C@@H]2C[C@@H]3c4[nH]c5ccc(Cl)cc5c4CCN3C[C@@H]2C[C@@H](OC(=O)c2cc(OC)c(OC)c(OC)c2)[C@@H]1OC,SMILES,1,88
1296,CO[C@H]1O[C@H]2O[C@]3(CN4CCCCC4)[C@H]1[C@@H](C[C@H]3O)[C@@H]2C,SMILES,1,88
1298,COc1ccc2c(c1OC)C(=O)O[C@H]2[C@@H]1c2c(cc3c(c2OC)OCO3)CCN1C,SMILES,1,88
1299,COc1ccc2c(c1)[C@@]13CCCC[C@H]1[C@@H](C2)N(C)CC3,SMILES,1,88
1300,COc1ccc2c(c1OC)[C@]13CCN(C)[C@H](C2)[C@]1(O)CC[C@@H](O)C3,SMILES,1,88
1301,C=C[C@@H]1CNCC[C@@H]1CCCc1ccnc2ccc(OC)cc12,SMILES,1,88
1302,COc1ccc2c3c1O[C@@H]1C[C@@H](O)C=C[C@@]31CCN(C)C2,SMILES,1,88
1303,COc1ccc2c3c1O[C@H]1[C@H](O)C=C[C@H]4[C@@H](C2)NCC[C@]341,SMILES,1,88
1304,COc1ccc2c3c1O[C@H]1C(=O)CC[C@@]4(O)[C@@H](C2)N(C)CC[C@@]314,SMILES,1,88
1305,COc1ccc2c3c1O[C@H]1C(=O)CC[C@H]4[C@@H](C2)N(C)CC[C@@]314,SMILES,1,88
1306,COc1ccc2c3c1O[C@H]1[C@H](O)CC[C@H]4[C@@H](C2)N(C)CC[C@]341,SMILES,1,88
1308,COc1ccc2c3c1O[C@H]1[C@H](OC(=O)c4cccnc4)CC[C@H]4[C@@H](C2)N(C)CC[C@]341,SMILES,1,88
1309,COc1cc(/C=C/C(=O)N2CCCCCCC2)cc(OC)c1OC,SMILES,1,88
1310,COc1ccccc1N1CCN(CCCCN2C(=O)[C@@H]3C(=O)N(C(C)(C)C)C(=O)[C@H](C2=O)C3(C)C)CC1,SMILES,1,88
1311,COc1cc(C=CC(N)=O)cc(OC)c1OC,SMILES,1,88
1312,CNC[C@H]1CN(c2ccc(OCc3cccc(Cl)c3)cc2)C(=O)O1,SMILES,1,88
1314,CNC(=O)OC1OC(=O)C2C3C=CC(C3)C12,SMILES,1,88
1315,CNC(=O)Oc1ccc2c(c1)[C@]1(C)CCN(C)[C@@H]1N2C,SMILES,1,88
1317,Cc1cccc2c1Oc1ccccc1[C@]1(O)CCN(C)C[C@H]21,SMILES,1,88
1318,CN1C[C@H]2Cc3ccc(Cl)cc3[C@@H](c3ccccc3)[C@H]2C1,SMILES,1,88
1319,CN1C[C@@H]2c3cc(Cl)ccc3Oc3ccccc3[C@@H]2C1,SMILES,1,88
1320,CN1CC[C@@]23c4c5ccc(O)c4O[C@@]2(C)C(=O)CC[C@H]3[C@H]1C5,SMILES,1,88
1321,CN1CC[C@@]23c4c5ccc(O)c4O[C@H]2C(=O)CC[C@@]3(O)[C@H]1C5,SMILES,1,88
1322,CN1CC[C@@]23c4c5ccc(O)c4O[C@H]2C(=O)CC[C@H]3[C@H]1C5,SMILES,1,88
1323,CN1CC[C@@]23c4c5ccc(O)c4O[C@H]2[C@H](O)CC[C@@]3(O)[C@H]1C5,SMILES,1,88
1325,CC(=O)Oc1ccc2c3c1O[C@H]1[C@H](OC(C)=O)C=C[C@H]4[C@@H](C2)N(C)CC[C@]341,SMILES,1,88
1326,CN1CC[C@@]23c4c5ccc(OC(=O)c6cccnc6)c4O[C@H]2[C@H](OC(=O)c2cccnc2)C=C[C@H]3[C@H]1C5,SMILES,1,88
1327,CC1=CC[C@H]2[C@H]3Cc4ccc(O)c5c4[C@]2(CN3C)[C@H]1O5,SMILES,1,88
1328,CN1CCc2cc(Cl)c(O)cc2[C@H](c2cccc3c2OCC3)C1,SMILES,1,88
1329,CN1CC[C@@]23CCCC[C@H]2[C@H]1Cc1ccc(O)cc13,SMILES,1,88
1330,Cc1ccc2c(c1)[C@]13CCCC[C@H]1[C@@H](C2)N(C)CC3,SMILES,1,88
1331,CN1CCN(CC(=O)[C@@]2(O)CC[C@H]3[C@H]4CCC5=CC(=O)C=C[C@@]5(C)[C@H]4[C@H](O)C[C@]32C)CC1,SMILES,1,88
1332,CN1CCN(C2=Cc3cc(Cl)ccc3/C(=C/C#N)c3ccccc32)CC1,SMILES,1,88
1333,CN1CCN(C=C2N=C3CN=C(c4ccccc4Cl)c4cc([N+](=O)[O-])ccc4N3C2=O)CC1,SMILES,1,88
1334,CC1=N[C@@H]2Cc3ccccc3N=C(N3CCN(C)CC3)N2N1,SMILES,1,88
1336,CN1CCC23NC(=O)CC(c4cc(Cl)ccc4O2)C3C1,SMILES,1,88
1337,CON=CC1=CCCN(C)C1,SMILES,1,88
1338,CN1CCO[C@H](c2ccccc2)c2ccccc2C1,SMILES,1,88
1339,CN1CC[C@]23c4c5ccc(O)c4O[C@@H]2CCC[C@@H]3[C@@H]1C5,SMILES,1,88
1340,CN1C2CCC1CC(OC(=O)C(O)c1ccccc1)C2,SMILES,1,88
1341,CN1CCN2c3ccccc3Cn3cccc3[C@H]2C1,SMILES,1,88
1343,CN1CCN2c3ncccc3Cc3ccccc3[C@@H]2C1,SMILES,1,88
1344,Cc1ccc2c(c1)[C@@H]1CN(C)CC[C@H]1N2,SMILES,1,88
1345,CN1C[C@@H](CC#N)C[C@H]2c3cccc4[nH]cc(c34)C[C@H]21,SMILES,1,88
1346,CN1C[C@H](NS(=O)(=O)N(C)C)C[C@H]2c3cccc4c3c(cn4C)C[C@H]21,SMILES,1,88
1348,Cc1cccc(Cl)c1NC(=O)/C=C1/SCC(=O)N1C,SMILES,1,88
1350,CN1CCC[C@H]1c1cccnc1,SMILES,1,88
1352,C[C@H]1[C@@H](c2ccccc2)OCCN1C,SMILES,1,88
1353,CN1[C@H]2CC[C@H]1CC(OC(=O)[C@@H](CO)c1ccccc1)C2,SMILES,1,88
1354,C[N+]1([O-])[C@H]2CC[C@H]1CC(OC(=O)[C@@H](CO)c1ccccc1)C2,SMILES,1,88
1356,CN[C@H]1C[C@@H](c2ccc(Cl)c(Cl)c2)c2ccccc21,SMILES,1,88
1357,CNC1=Nc2ccc(Cl)cc2C(c2ccccc2)=[N+]([O-])C1,SMILES,1,88
1358,C#CCN(C)CCCOc1ccc(Cl)cc1Cl,SMILES,1,88
1360,CN(C)CC#CC=C1c2ccccc2C=Cc2ccccc21,SMILES,1,88
1361,CN(C)C[C@H](O)[C@@H](c1ccccc1)c1cccc(Cl)c1,SMILES,1,88
1362,CN(C(=O)Cc1ccc(Cl)c(Cl)c1)[C@H]1CC[C@@]2(CCCO2)C[C@H]1N1CCCC1,SMILES,1,88
1364,CCC(=O)O[C@@]1(C(=O)SCCl)[C@@H](C)C[C@@H]2[C@H]3C[C@@H](F)C4=CC(=O)C=C[C@@]4(C)[C@]3(F)[C@@H](O)C[C@]21C,SMILES,1,88
1365,CCOC(=O)O[C@]1(C(=O)OCCl)CC[C@@H]2[C@H]3CCC4=CC(=O)C=C[C@]4(C)[C@@H]3[C@H](O)C[C@@]21C,SMILES,1,88
1366,CC(=O)OCC(=O)[C@]12OC(C)(C)O[C@H]1C[C@@H]1[C@H]3CC(C=O)=C4C=C(OCCCl)CC[C@]4(C)[C@]3(F)[C@@H](O)C[C@@]12C,SMILES,1,88
1367,CC(=O)CC(=O)[C@]12OC(C)(C)O[C@H]1C[C@H]1[C@@H]3CC(C#N)=C4C=C(OCCCl)CC[C@]4(C)[C@@]3(F)[C@H](O)C[C@]12C,SMILES,1,88
1368,O=C1N[C@@H](CCCl)Oc2ccccc21,SMILES,1,88
1369,CCC(=O)O[C@@]1(C(=O)CCl)[C@@H](C)C[C@@H]2[C@H]3CCC4=CC(=O)C=C[C@@]4(C)[C@]3(F)[C@@H](O)C[C@]21C,SMILES,1,88
1370,C[C@H]1C[C@@H]2[C@H]3C[C@@H](F)C4=CC(=O)C=C[C@@]4(C)[C@]3(F)[C@@H](O)C[C@@]2(C)[C@]1(O)C(=O)CCl,SMILES,1,88
1371,CC1(C)O[C@H]2C[C@@H]3[C@H]4CCC5=CC(=O)CC[C@@]5(C)[C@]4(F)[C@@H](O)C[C@]3(C)[C@@]2(C(=O)CCl)O1,SMILES,1,88
1372,CC1(C)O[C@H]2C[C@@H]3[C@H]4C[C@H](F)C5=CC(=O)C=C[C@@]5(C)[C@]4(Cl)[C@@H](Cl)C[C@@]3(C)[C@@]2(C(=O)CCl)O1,SMILES,1,88
1373,CCCC(=O)O[C@]1(C(=O)CCl)[C@@H](C)C[C@@H]2[C@H]3CCC4=CC(=O)C=C[C@@]4(C)[C@]3(F)C(=O)C[C@@]21C,SMILES,1,88
1374,C[C@@H]1C[C@H]2[C@@H]3CCC4=CC(=O)C=C[C@]4(C)[C@@]3(Cl)[C@@H](O)C[C@@]2(C)[C@@]1(OC(=O)c1ccco1)C(=O)CCl,SMILES,1,88
1375,C[C@H]1C[C@@H]2[C@H]3CCC4=CC(=O)C=C[C@@]4(C)[C@]3(F)C(=O)C[C@]2(C)[C@@]1(O)C(=O)CCl,SMILES,1,88
1378,O=C(C[C@@H]1c2ccccc2C(=O)N1c1ccc2ccc(Cl)nc2n1)N1CCC2(CC1)OCCO2,SMILES,1,88
1379,CCC(=O)N1CCN(C(=O)O[C@H]2C3=C(SCCS3)C(=O)N2c2ccc3ccc(Cl)nc3n2)CC1,SMILES,1,88
1380,CC(C)CCC(=O)C[C@H]1c2ccccc2C(=O)N1c1ccc2ccc(Cl)nc2n1,SMILES,1,88
1381,O=C1CCCN1CCCCN1CCN(c2cc(C(F)(F)F)cc(Cl)n2)CC1,SMILES,1,88
1382,CN1CCN(C(=O)O[C@@H]2c3nccnc3C(=O)N2c2ccc(Cl)cn2)CC1,SMILES,1,88
1383,NC(=O)OC[C@H](O)COc1ccc(Cl)cc1,SMILES,1,88
1384,C[C@@H](N)C(=O)OC(C)(C)Cc1ccc(Cl)cc1,SMILES,1,88
1386,O=C1CN(C(=O)CN2C[C@H](c3ccc(Cl)cc3)CC2=O)CCN1,SMILES,1,88
1387,OCCOCCOCCN1CCN([C@H](c2ccccc2)c2ccc(Cl)cc2)CC1,SMILES,1,88
1388,OCCOCCN1CCN([C@H](c2ccccc2)c2ccc(Cl)cc2)CC1,SMILES,1,88
1389,CC(C)(C)c1ccc(CN2CCN([C@H](c3ccccc3)c3ccc(Cl)cc3)CC2)cc1,SMILES,1,88
1390,CN1CCCN([C@H](c2ccccc2)c2ccc(Cl)cc2)CC1,SMILES,1,88
1391,CN1CCN([C@H](c2ccccc2)c2ccc(Cl)cc2)CC1,SMILES,1,88
1392,O[C@]1(c2ccc(Cl)cc2)c2ccccc2[C@@H]2NCCN21,SMILES,1,88
1393,CC(C)(O)C[C@@](C)(O)c1ccc(Cl)cc1,SMILES,1,88
1394,CC(C)(O)[C@@](C)(O)c1ccc(Cl)cc1,SMILES,1,88
1395,CN1C(=O)CCS(=O)(=O)[C@H]1c1ccc(Cl)cc1,SMILES,1,88
1396,Clc1ccc([C@H]2[C@H]3CC[C@H](C3)[C@]23CCC(N2CCOCC2)=N3)cc1,SMILES,1,88
1397,Clc1ccc([C@@H](OCCN2CCOCC2)c2ccccc2)cc1,SMILES,1,88
1399,CN(C)CCO[C@](C)(c1ccccc1)c1ccc(Cl)cc1,SMILES,1,88
1400,O[C@](C1=NCCN1)(c1ccc(Cl)cc1)c1ccccn1,SMILES,1,88
1401,CN1c2ccccc2[C@H](NCCCCCCC(=O)O)c2ccc(Cl)cc2S1(=O)=O,SMILES,1,88
1403,O=c1[nH]c2cc(Cl)ccc2n1C1CCN(C[C@H]2COc3ccccc3O2)CC1,SMILES,1,88
1404,O=C1N[C@@H]2CCCCN2C12CCN(CCCN1c3ccccc3CCc3ccc(Cl)cc31)CC2,SMILES,1,88
1405,O=C1OCC[C@H]1C1(O)CCN(CCCN2c3ccccc3Sc3ccc(Cl)cc32)CC1,SMILES,1,88
1406,CCO[C@@H]1CCN(C(=O)c2cc(-c3ccccc3)c(=O)n3c2-c2cc(Cl)ccc2CC3)C1,SMILES,1,88
1407,CN(C)C(=O)O[C@H]1N=C(c2ccccc2)c2cc(Cl)ccc2N(C)C1=O,SMILES,1,88
1408,O=C1Nc2ccc(Cl)cc2C(c2ccccc2)=N[C@@H]1O,SMILES,1,88
1409,CC(C)(C)C(=O)O[C@@H]1N=C(c2ccccc2)c2cc(Cl)ccc2NC1=O,SMILES,1,88
1410,O=C1CN=C(c2ccccc2F)c2cc(Cl)ccc2N1C[C@@H](O)CO,SMILES,1,88
1411,Cc1ncc2n1-c1ccc(Cl)cc1C(c1ccccc1F)=N[C@@H]2O,SMILES,1,88
1412,CN1C(=O)[C@@H](O)N=C(c2ccccc2F)c2cc(Cl)ccc21,SMILES,1,88
1414,N#CCCN1C(=O)[C@H](O)N=C(c2ccccc2F)c2cc(Cl)ccc21,SMILES,1,88
1415,CCOC(=O)[C@@H]1N=C(c2ccccc2F)c2cc(Cl)ccc2NC1=O,SMILES,1,88
1417,C[C@@H](c1noc2ccc(Cl)cc12)n1ccnc1,SMILES,1,88
1418,CN1C(=O)CN2CCc3ccccc3[C@H]2c2cc(Cl)ccc21,SMILES,1,88
1419,CN1C[C@@H]2Cc3ccc(Cl)cc3[C@H](c3ccccc3)[C@H]2C1,SMILES,1,88
1420,CC1=CC(=O)N2CC(=O)N(C)c3ccc(Cl)cc3[C@]2(c2ccccc2)O1,SMILES,1,88
1421,C[C@H]1CN2CC(=O)Nc3ccc(Cl)cc3[C@]2(c2ccccc2)O1,SMILES,1,88
1422,CCNC1=Nc2ccc(Cl)cc2[C@](C)(c2ccccc2)O1,SMILES,1,88
1425,CN1CC[C@@H]2c3cc(Cl)ccc3Oc3ccccc3[C@H]2C1,SMILES,1,88
1426,CN1CCN([C@H]2Cc3ccccc3Sc3ccc(Cl)cc32)CC1,SMILES,1,88
1427,ON1CC(NCC2CC2)=Nc2ccc(Cl)cc2[C@@H]1c1ccccc1,SMILES,1,88
1428,CNC1=Nc2ccc(Cl)cc2[C@H](c2ccccc2)N(O)C1,SMILES,1,88
1429,O=C1CN(O)[C@@H](c2ccccc2)c2cc(Cl)ccc2N1,SMILES,1,88
1430,CN1C(=O)CN(C(N)=O)[C@@H](c2ccccc2)c2cc(Cl)ccc21,SMILES,1,88
1431,OCCCN1CCN(CCC[C@H]2c3ccccc3Sc3ccc(Cl)cc32)CC1,SMILES,1,88
1433,CCNC1=Nc2ccc(Cl)cc2[C@@H](c2ccccc2)S1,SMILES,1,88
1434,O=C1CN2CCO[C@]2(c2ccccc2F)c2cc(Cl)ccc2N1CCO,SMILES,1,88
1435,OCCN1CCN(CC/C=C2\c3ccccc3Sc3ccc(Cl)cc32)CC1,SMILES,1,88
1438,CN(C)CC/C=C1\c2ccccc2Sc2ccc(Cl)cc21,SMILES,1,88
1439,Clc1ccc2c(c1)/C(=C/[C@@H]1CN3CCC1CC3)c1ccccc1S2,SMILES,1,88
1440,C[C@@H]1O[C@]2(CCCC[C@H]2Oc2cccc(Cl)c2)NC1=O,SMILES,1,88
1442,O=C1N(CCCN2CCN(c3cccc(Cl)c3)CC2)N[C@H]2C=CC=CN12,SMILES,1,88
1443,CN(C(=O)CNC(=O)[C@@H](N)CCCCN)c1ccc(Cl)cc1C(=O)c1ccccc1,SMILES,1,88
1444,C[C@@H](CC#N)N(C)CC(=O)N(C)c1ccc(Cl)cc1C(=O)c1ccccc1F,SMILES,1,88
1446,C[N+](C)([O-])CC/C=C1/c2ccccc2C=Cc2c(Cl)cccc21,SMILES,1,88
1447,COc1ccc(Cl)c2c1CCC[C@@H]2N(C)C,SMILES,1,88
1448,NS(=O)(=O)c1ccc(N2C(=O)C[C@H](c3ccccc3)C2=O)c(Cl)c1,SMILES,1,88
1449,Nc1cc(OCC2CC2)c(C(=O)N[C@H]2CN3CCC2CC3)cc1Cl,SMILES,1,88
1450,CCC(=O)N(c1ccc(Cl)c(Cl)c1)[C@H]1CCC[C@@H]1N(C)C,SMILES,1,88
1451,O=C(Cc1ccc(Cl)c(Cl)c1)N1CCCC[C@H]1CN1CCCC1,SMILES,1,88
1452,O=C(Cc1ccc(Cl)c(Cl)c1)N1CCc2sccc2[C@H]1CN1CCCC1,SMILES,1,88
1453,O=C(Cc1ccc(Cl)c(Cl)c1)N1CCc2occc2[C@H]1CN1CCCC1,SMILES,1,88
1454,O=C(Cc1ccc(Cl)c(Cl)c1)N1CCc2ccccc2[C@H]1CN1CCCC1,SMILES,1,88
1455,O=C(Cc1ccc(Cl)c(Cl)c1)N1CCc2occc2[C@H]1CN1CC[C@@H](O)C1,SMILES,1,88
1456,CCCOC(=O)N1CCN(C(=O)Cc2ccc(Cl)c(Cl)c2)[C@@H](CN2CCCC2)C1,SMILES,1,88
1457,CCOC(=O)N1CCN(C(=O)Cc2ccc(Cl)c(Cl)c2)[C@@H](CN2CCCC2)C1,SMILES,1,88
1458,COC(=O)N1CCN(C(=O)Cc2ccc(Cl)c(Cl)c2)[C@@H](CN2CCCC2)C1,SMILES,1,88
1460,CC1(C)CCN(C(=O)Cc2ccc(Cl)c(Cl)c2)[C@@H](CN2CCCC2)C1,SMILES,1,88
1461,CN(C(=O)Cc1ccc(Cl)c(Cl)c1)[C@H]1CC[C@]2(CCCO2)C[C@@H]1N1CCCC1,SMILES,1,88
1462,CN(C)[C@](C)(CO)Cc1ccc(Cl)c(Cl)c1,SMILES,1,88
1463,CN1C(=O)CCS(=O)(=O)[C@@H]1c1ccc(Cl)c(Cl)c1,SMILES,1,88
1464,CN[C@@H]1CC[C@@H](c2ccc(Cl)c(Cl)c2)c2ccccc21,SMILES,1,88
1465,COc1ccc2c(c1)CN(C)C[C@@H]2c1ccc(Cl)c(Cl)c1,SMILES,1,88
1466,CN[C@@H]1C[C@H](c2ccc(Cl)c(Cl)c2)c2ccccc21,SMILES,1,88
1467,CC(C)N[C@H]1C2CCC(CC2)[C@@]1(O)c1ccc(Cl)c(Cl)c1,SMILES,1,88
1469,CN1CCN(/C=C2\N=C3CN=C(c4ccccc4Cl)c4cc([N+](=O)[O-])ccc4N3C2=O)CC1,SMILES,1,88
1470,CN1c2ccc(Cl)cc2C(c2ccccc2Cl)=NC[C@@H]1CO,SMILES,1,88
1471,O=C1Nc2ccc(Cl)nc2C(c2ccccc2Cl)=N[C@@H]1O,SMILES,1,88
1472,C[C@H]1N=C(c2ccccc2Cl)c2cc([N+](=O)[O-])ccc2NC1=O,SMILES,1,88
1473,O=C1Nc2ccc(Cl)cc2C(c2ccccc2Cl)=N[C@H]1O,SMILES,1,88
1474,CN1C(=O)[C@H](O)N=C(c2ccccc2Cl)c2cc(Cl)ccc21,SMILES,1,88
1475,CN(C)C(=O)C1=N[C@@H](CNC(=O)CN)N(c2ccc(Cl)cc2C(=O)c2ccccc2Cl)N1,SMILES,1,88
1476,COC1=CC(=O)O[C@@H]1[C@@H](O)c1ccccc1Cl,SMILES,1,88
1477,C[C@H]1CO[C@]2(c3ccccc3Cl)c3cc(Cl)ccc3NC(=O)CN12,SMILES,1,88
1478,CN[C@]1(c2ccccc2Cl)CCCCC1=O,SMILES,1,88
1480,O=C1CN2CCO[C@@]2(c2ccccc2Cl)c2cc(Cl)ccc2N1,SMILES,1,88
1482,C[C@]12C=CC(=O)C=C1C(Cl)=C[C@@H]1[C@@H]2[C@@H](O)C[C@]2(C)[C@H]1CC[C@@]2(O)C(=O)CO,SMILES,1,88
1483,C[C@H]1C[C@@H]2[C@H]3C[C@@H](F)C4=CC(=O)C(Cl)=C[C@@]4(C)[C@]3(F)[C@@H](O)C[C@]2(C)[C@@]1(O)C(=O)CO,SMILES,1,88
1485,CS(=O)(=O)c1ccc([C@@H](O)[C@H](CO)NC(=O)C(Cl)Cl)cc1,SMILES,1,88
1486,CS(=O)(=O)c1ccc([C@@H](O)[C@H](CF)NC(=O)C(Cl)Cl)cc1,SMILES,1,88
1487,CC(=O)c1ccc([C@@H](O)[C@H](CO)NC(=O)C(Cl)Cl)cc1,SMILES,1,88
1489,O=C(N[C@H](CO)[C@H](O)C1CCC([N+](=O)[O-])CC1)C(Cl)Cl,SMILES,1,88
1491,Cc1ccccc1OC[C@@H](CO[C@@H](O)C(Cl)(Cl)Cl)O[C@H](O)C(Cl)(Cl)Cl,SMILES,1,88
1492,C[C@H](CC(C)(C)O)O[C@H](O)C(Cl)(Cl)Cl,SMILES,1,88
1493,O=C1N([C@@H](O)C(Cl)(Cl)Cl)CNC1(c1ccccc1)c1ccccc1,SMILES,1,88
1494,OC[C@H](O)[C@@H]1O[C@@H]2O[C@H](C(Cl)(Cl)Cl)O[C@H]2[C@H]1O,SMILES,1,88
1495,O[C@@H]1[C@@H](O[C@@H]2[C@@H](OCCOCCO[C@H](O)C(Cl)(Cl)Cl)[C@H](O)[C@H](O)O[C@H]2COCCO[C@H](O)C(Cl)(Cl)Cl)O[C@H](COCCOCCO[C@@H](O)C(Cl)(Cl)Cl)C[C@@H]1O[C@@H](O)C(Cl)(Cl)Cl,SMILES,1,88
1496,CCOC(=O)N[C@H](O)C(Cl)(Cl)Cl,SMILES,1,88
1497,CNC(=O)N[C@H](O)C(Cl)(Cl)Cl,SMILES,1,88
1498,CCCC(=O)OCC(=O)[C@]1(OC(=O)CCC)[C@@H](C)C[C@H]2[C@@H]3CCC4=CC(=O)C=C[C@]4(C)[C@@]3(Cl)[C@H](Cl)C[C@]21C,SMILES,1,88
1499,C[C@]12C=CC(=O)C=C1CC[C@H]1[C@@H]3CC[C@@](O)(C(=O)CO)[C@]3(C)C[C@@H](Cl)[C@@]12Cl,SMILES,1,88
1500,FC(F)OC(F)(F)[C@@H](F)Cl,SMILES,1,88
1502,C[C@@H]1C[C@H]2[C@@H]3CCC4=CC(=O)C=C[C@]4(C)[C@@]3(Cl)[C@H](O)C[C@@]2(C)[C@]1(O)C(=O)CO,SMILES,1,88
1503,C[C@@H]1C[C@H]2[C@@H]3C[C@@H](F)C4=CC(=O)C=C[C@]4(C)[C@@]3(Cl)[C@H](F)C[C@@]2(C)[C@@H]1C(=O)CO,SMILES,1,88
1505,CC(=O)OCC(=O)[C@]1(O)CC[C@H]2[C@@H]3C[C@H](Cl)C4=CC(=O)C=C[C@@]4(C)[C@H]3C(=O)C[C@]21C,SMILES,1,88
1506,C[C@@]12C=CC(=O)C=C1[C@@H](Cl)C[C@@H]1[C@@H]2C(=O)C[C@]2(C)[C@H]1CC[C@@]2(O)C(=O)CO,SMILES,1,88
1509,CC(=O)CC(=O)[C@@]1(O)CC[C@@H]2[C@H]3CCC4=CC(=O)C=C[C@@]4(C)[C@]3(Cl)[C@@H](Cl)C[C@@]21C,SMILES,1,88
1510,CC1(C)O[C@H]2C[C@@H]3[C@H]4C[C@H](F)C5=CC(=O)C=C[C@@]5(C)[C@]4(Cl)[C@@H](Cl)C[C@@]3(C)[C@@]2(C(=O)CO)O1,SMILES,1,88
1513,CC(=O)OCC(=O)[C@H]1[C@@H](C)C[C@@H]2[C@H]3C[C@H](F)C4=CC(=O)C=C[C@@]4(C)[C@]3(Cl)[C@@H](O)C[C@@]21C,SMILES,1,88
1514,C[C@H]1C[C@@H]2[C@H]3C[C@H](F)C4=CC(=O)C=C[C@@]4(C)[C@]3(Cl)[C@@H](O)C[C@]2(C)[C@H]1C(=O)COC(=O)C(C)(C)C,SMILES,1,88
1515,C[C@H]1C[C@@H]2[C@H]3C[C@H](F)C4=CC(=O)C=C[C@@]4(C)[C@]3(Cl)[C@@H](O)C[C@]2(C)[C@H]1C(=O)CO,SMILES,1,88
1517,C#C[C@](O)(/C=C/Cl)CC,SMILES,1,88
1518,Cl/C(=C\N1CN=CN1)c1ccc(Cl)cc1Cl,SMILES,1,88
1519,CCOC(=O)OCCC(SC(=O)OCC)=C(C)N(C=O)Cc1cnc(C)nc1N,SMILES,1,88
1523,CCO[C@H]1C[C@@]2(C)[C@@H](CC[C@@H]3[C@H]2[C@H](N(C)C)C[C@@]2(C)[C@@H]3CC[C@H]2C(C)=O)C[C@@H]1O,SMILES,1,88
1524,C=CCN1C[C@@H](C(=O)N(CCCN(C)C)C(=O)NCC)C[C@H]2c3cccc4[nH]cc(c34)C[C@H]21,SMILES,1,88
1525,CCNC(=O)C=Cc1cccc(Br)c1,SMILES,1,88
1526,CCn1nnn(CCN2CC[C@@H](N(C(=O)COC)c3ccccc3F)[C@H](C)C2)c1=O,SMILES,1,88
1527,CCN[C@@H](Cc1ccccc1)[C@H]1CCCO1,SMILES,1,88
1528,CCN(CC)CC=C1c2ccccc2Nc2cc(Cl)ccc21,SMILES,1,88
1529,CCN(CC)CC(=O)OCC(=O)[C@@]1(O)CC[C@H]2[C@H]3CCC4=CC(=O)CC[C@@]4(C)[C@H]3[C@H](O)C[C@]21C,SMILES,1,88
1530,CCN(CC)CC(=O)OCC(=O)[C@@]1(O)CC[C@H]2[C@H]3CCC4=CC(=O)C=C[C@@]4(C)[C@H]3[C@H](O)C[C@]21C,SMILES,1,88
1531,CCN(CC)C(=O)[C@@H]1[C@H](C(=O)N(CC)CC)[C@@H]2C=C[C@@H]1C2,SMILES,1,88
1532,CCN(CC)S(=O)(=O)N[C@H]1C[C@H]2c3cccc4[nH]cc(c34)C[C@H]2N(C)C1,SMILES,1,88
1533,CCCN(CCCCN1C(=O)CC2(CCCC2)CC1=O)C1COc2cccc(OC)c2C1,SMILES,1,88
1534,CCCCOC(=O)C(=O)[C@H]1[C@H](C)C[C@H]2[C@H]3C[C@H](F)C4=CC(=O)C=C[C@@]4(C)[C@H]3[C@H](O)C[C@]21C,SMILES,1,88
1535,CCCCCN[C@]12C=CC(=O)[C@H]3Oc4c(O)ccc5c4[C@@]31CCN(C)[C@@H]2C5,SMILES,1,88
1536,CCCCCCCCCCCCCCCCCC(=O)OCC(=O)OCC(=O)[C@@]1(O)CC[C@H]2[C@H]3CCC4=CC(=O)C=C[C@@]4(C)[C@H]3[C@H](O)C[C@]21C,SMILES,1,88
1537,CCCCCCCCCCCCCC(=O)O[C@H]1C=C[C@H]2[C@H]3Cc4ccc(OCc5ccccc5)c5c4[C@]2(CCN3C)[C@@H]1O5,SMILES,1,88
1538,CCCCCC(=O)OCC(=O)[C@H]1[C@H](C)C[C@H]2[C@H]3C[C@H](F)C4=CC(=O)C=C[C@@]4(C)[C@H]3[C@H](O)C[C@]21C,SMILES,1,88
1539,CCCCCC(=O)CC[C@@]1(C)[C@H]2Cc3ccc(O)cc3[C@@]1(C)CCN2C,SMILES,1,88
1540,CCCCC/C(=N/OCCN)c1ccc(C)c(N)c1,SMILES,1,88
1542,CCCCC(=O)O[C@]1(C(=O)CO)CC[C@H]2[C@H]3C[C@H](F)C4=CC(=O)C=C[C@@]4(C)[C@H]3[C@H](O)C[C@]21C,SMILES,1,88
1544,C=CCN1CCC23c4c5ccc(O)c4OC2C2(OC)C=CC3(CC2C(C)(O)CCC)C1C5,SMILES,1,88
1545,CCCC(=O)OCC(=O)[C@@]1(OC(=O)CCC)[C@H](C)C[C@H]2[C@H]3CCC4=CC(=O)C=C[C@@]4(C)[C@@]3(Cl)[C@H](Cl)C[C@]21C,SMILES,1,88
1546,CCCC(=O)O[C@]1(C(C)=O)CCC[C@H]2[C@H]3CCC4=CC(=O)C=C[C@@]4(C)[C@H]3[C@H](O)C[C@]21C,SMILES,1,88
1547,CCCC(=O)O[C@]1(C(=O)COC(=O)CC)CC[C@H]2[C@H]3CCC4=CC(=O)CC[C@@]4(C)[C@H]3[C@H](O)C[C@]21C,SMILES,1,88
1548,CCCC(=O)O[C@]1(C(=O)CO)CC[C@H]2[C@H]3CCC4=CC(=O)CC[C@@]4(C)[C@H]3[C@H](O)C[C@]21C,SMILES,1,88
1549,CCCC(=O)O[C@]1(C(=O)COC(C)=O)CC[C@H]2[C@H]3C[C@H](C)C4=CC(=O)CC[C@@]4(C)[C@H]3[C@H](O)C[C@]21C,SMILES,1,88
1550,CCCC(=O)O[C@]1(C(=O)COC(C)=O)CC[C@H]2[C@H]3C[C@H](F)C4=CC(=O)C=C[C@@]4(C)[C@@]3(F)[C@H](O)C[C@]21C,SMILES,1,88
1551,CCCC(=O)O[C@@]1(C(=O)COC(C)=O)[C@H](C)C[C@H]2[C@H]3CCC4=CC(=O)C=C[C@@]4(C)[C@@]3(Cl)[C@H](O)C[C@]21C,SMILES,1,88
1552,CCCC(=O)O[C@@]1(C(=O)CCl)[C@H](C)C[C@H]2[C@H]3CCC4=CC(=O)C=C[C@@]4(C)[C@@]3(F)C(=O)C[C@]21C,SMILES,1,88
1553,CCc1cccc(/N=C(/C)Nc2cccc(CC)c2)c1,SMILES,1,88
1554,CCC[C@H]1O[C@H]2C[C@H]3[C@H]4CCC5=CC(=O)C=C[C@@]5(C)[C@H]4[C@H](O)C[C@@]3(C)[C@]2(C(=O)CO)O1,SMILES,1,88
1555,CCC[C@H]1O[C@H]2C[C@H]3[C@H]4C[C@H](F)C5=CC(=O)CC[C@@]5(C)[C@@]4(F)[C@H](O)C[C@@]3(C)[C@]2(C(=O)CO)O1,SMILES,1,88
1557,CCC[C@@](C)(O)[C@H]1C[C@]23C=C[C@@]1(OC)[C@H]1Oc4c(OC(C)=O)ccc5c4[C@@]12CCN(C)[C@@H]3C5,SMILES,1,88
1558,CCC(C)(C)C(=O)O[C@H]1C[C@H](C)C=C2C=C[C@H](C)[C@@H](CC[C@H]3C[C@H](O)CC(=O)O3)[C@H]21,SMILES,1,88
1559,CCC(=O)OCC(=O)[C@@]1(OC(=O)CC)[C@H](C)C[C@H]2[C@H]3CCC4=CC(=O)C=C[C@@]4(C)[C@@]3(F)[C@H](O)C[C@]21C,SMILES,1,88
1560,CCC(=O)OCC(=O)[C@@]1(OC(=O)CC)[C@H](C)C[C@H]2[C@H]3CCC4=CC(=O)C=C[C@@]4(C)[C@@]3(Cl)[C@H](O)C[C@]21C,SMILES,1,88
1561,CCC(=O)OCC(=O)[C@@]1(OC(=O)CC)[C@H](C)C[C@H]2[C@@H]3[C@H]([C@H](O)C[C@]21C)[C@]1(C)C=CC(=O)C=C1C[C@H]3Cl,SMILES,1,88
1562,CCC(=O)OCC(=O)[C@@]12OC(C)(C)O[C@H]1C[C@H]1[C@H]3C[C@H](F)C4=CC(=O)C=C[C@@]4(C)[C@@]3(F)[C@H](O)C[C@]12C,SMILES,1,88
1564,CCC(=O)O[C@]1(C(=O)COC(C)=O)CC[C@H]2[C@H]3CCC4=CC(=O)CC[C@@]4(C)[C@H]3[C@H](O)C[C@]21C,SMILES,1,88
1565,CCC(=O)O[C@]1(C(=O)COC(C)=O)CC[C@H]2[C@H]3C[C@H](C)C4=CC(=O)C=C[C@@]4(C)[C@H]3[C@H](O)C[C@]21C,SMILES,1,88
1566,CCC(=O)O[C@@]1(C(=O)COC)[C@H](C)C[C@H]2[C@H]3CCC4=CC(=O)C=C[C@@]4(C)[C@@]3(F)[C@H](O)C[C@]21C,SMILES,1,88
1568,CCC(=O)O[C@@]1(C(=O)SCF)[C@H](C)C[C@H]2[C@H]3C[C@H](F)C4=CC(=O)C=C[C@@]4(C)[C@@]3(F)[C@H](O)C[C@]21C,SMILES,1,88
1569,CCC(=O)O[C@@]1(C(=O)SCCl)[C@H](C)C[C@H]2[C@H]3C[C@H](F)C4=CC(=O)C=C[C@@]4(C)[C@@]3(F)[C@H](O)C[C@]21C,SMILES,1,88
1570,CCC(=O)O[C@@]1(C(=O)SC)[C@H](C)C[C@H]2[C@H]3C[C@H](F)C4=CC(=O)C=C[C@@]4(C)[C@@]3(F)[C@H](O)C[C@]21C,SMILES,1,88
1571,CCC(=O)N(c1ccc(Cl)c(Cl)c1)[C@H]1CCC[C@H]1N(C)C,SMILES,1,88
1572,CCC(=O)[C@@]1(O)CC[C@H]2[C@H]3CCC4=CC(=O)CC[C@@]4(C)[C@H]3[C@H](O)C[C@]21C,SMILES,1,88
1573,CCC(=O)[C@@]1(C)[C@H](C)C[C@H]2[C@H]3CCC4=CC(=O)C=C[C@@]4(C)[C@H]3[C@H](O)C[C@]21C,SMILES,1,88
1575,CC1(C)O[C@H]2C[C@H]3[C@H]4CCC5=CC(=O)CC[C@@]5(C)[C@@]4(F)[C@H](O)C[C@@]3(C)[C@]2(C(=O)CCl)O1,SMILES,1,88
1576,CC1(C)O[C@H]2C[C@H]3[C@H]4CCC5=CC(=O)C=C[C@@]5(C)[C@H]4[C@H](O)C[C@@]3(C)[C@]2(C(=O)CO)O1,SMILES,1,88
1577,CC1(C)O[C@H]2C[C@H]3[C@H]4CCC5=CC(=O)C=C[C@@]5(C)[C@@]4(F)[C@H](O)C[C@@]3(C)[C@]2(C(=O)CO)O1,SMILES,1,88
1578,CC1(C)O[C@H]2C[C@H]3[C@H]4CC5=CC(=O)C=C[C@@]5(C)[C@@]4(F)[C@H](O)C[C@@]3(C)[C@]2(C(=O)COC(=O)c2cc3ccccc3o2)O1,SMILES,1,88
1579,CC1(C)O[C@H]2C[C@H]3[C@H]4CC[C@H]5CC(=O)CC[C@@]5(C)[C@@]4(F)[C@H](O)C[C@@]3(C)[C@]2(C(=O)CO)O1,SMILES,1,88
1580,CC1(C)O[C@H]2C[C@H]3[C@H]4C[C@H](F)C5=CC(=O)CC[C@@]5(C)[C@H]4[C@H](O)C[C@@]3(C)[C@]2(C(=O)CO)O1,SMILES,1,88
1582,CC1(C)O[C@H]2C[C@H]3[C@H]4C[C@H](F)C5=CC(=O)C=C[C@@]5(C)[C@@]4(F)[C@H](O)C[C@@]3(C)[C@]2(C(=O)COC(=O)C2CC2)O1,SMILES,1,88
1583,CC1(C)O[C@H]2C[C@H]3[C@H]4C[C@H](F)C5=CC(=O)C=C[C@@]5(C)[C@@]4(Cl)[C@H](Cl)C[C@@]3(C)[C@]2(C(=O)CO)O1,SMILES,1,88
1584,CC1(C)O[C@H]2C[C@H]3[C@H]4C[C@H](F)C5=CC(=O)C=C[C@@]5(C)[C@@]4(Cl)[C@H](Cl)C[C@@]3(C)[C@]2(C(=O)CF)O1,SMILES,1,88
1585,CC1(C)O[C@H]2C[C@H]3[C@H]4C[C@H](F)C5=CC(=O)C=C[C@@]5(C)[C@@]4(Cl)[C@H](Cl)C[C@@]3(C)[C@]2(C(=O)CCl)O1,SMILES,1,88
1586,CC1(C)O[C@H]2[C@H](CO[C@@]3(COS(N)(=O)=O)OC(C)(C)O[C@@H]23)O1,SMILES,1,88
1587,CC1CC2C3CC(F)(F)C4=CC(=O)C=CC4(C)C3(F)C(O)CC2(C)C1(O)C(=O)CO,SMILES,1,88
1588,Cc1ccc2c(c1)c1c3n2CCN[C@@H]3CCC1,SMILES,1,88
1589,CC12C=CC(=O)C=C1CCC1C3CC4Cc5ccccc5CC4(C(=O)CO)C3(C)CC(O)C12F,SMILES,1,88
1590,Cc1cccc(C=NN2CCN(C(c3ccccc3)c3ccccc3)CC2)n1,SMILES,1,88
1591,CN1CCC23c4c5ccc(O)c4OC2C(C)(O)CCC3C1C5,SMILES,1,88
1592,Cc1cccc2c1Oc1ccccc1[C@@]1(O)CCNC[C@H]21,SMILES,1,88
1593,Cc1ccsc1C(=CCCN1CCC[C@H](C(=O)O)C1)c1sccc1C,SMILES,1,88
1594,CCS[C@]1(SC)CC[C@H]2[C@H]3CCC4=CC(=O)C=C[C@@]4(C)[C@@]3(F)[C@H](O)C[C@]21C,SMILES,1,88
1595,CC[C@H]1CC(=O)[C@H]2Oc3c(OC)ccc4c3[C@@]23CCN(CC2CC2)[C@H](C4)[C@H]13,SMILES,1,88
1596,CC[C@]1(c2ccccc2)OC[C@H]([C@H]2CCCCN2)O1,SMILES,1,88
1598,C#C[C@](O)(C=CCl)CC,SMILES,1,88
1599,C#C[C@](C)(O)CC,SMILES,1,88
1600,CC[C@H](C)C(=O)O[C@H]1CCC=C2C=C[C@H](C)[C@@H](CC[C@H]3C[C@H](O)CC(=O)O3)[C@H]21,SMILES,1,88
1601,CC[C@@H](NC(=O)c1c(OCCCN(C)C)c(-c2ccccc2)nc2ccccc12)c1ccccc1,SMILES,1,88
1602,CC[C@@H](NC(=O)c1c(O)c(-c2ccccc2)nc2ccccc12)c1ccccc1,SMILES,1,88
1603,CC=CC(=O)N(CC)[C@H](CC)C(=O)N(C)C,SMILES,1,88
1604,CC(=C(CCO)SSC[C@H]1CCCO1)N(C=O)Cc1cnc(C)nc1N,SMILES,1,88
1605,CC(=O)OC1CCC2(C)C3CCC4(C)C(C(C)CCCC(C)C)CCC4C3CC(Br)C2(Br)C1,SMILES,1,88
1606,CC(=O)OCC1=COC(OC(=O)CC(C)C)C2C1=CC(OC(=O)CC(C)(C)OC(C)=O)C21CO1,SMILES,1,88
1607,CC(C)=CCN1CC[C@@]23c4c5ccc(O)c4O[C@H]2C(=O)CC[C@@]3(O)[C@H]1C5,SMILES,1,88
1609,CC(C)(C)CC(=O)OCC(=O)[C@@]1(O)CC[C@H]2[C@H]3CCC4=CC(=O)C=C[C@@]4(C)[C@H]3[C@H](O)C[C@]21C,SMILES,1,88
1610,CC(C)(C)CC(=O)OCC(=O)[C@@]12OC(C)(C)O[C@H]1C[C@H]1[C@H]3CC4=CC(=O)C=C[C@@]4(C)[C@@]3(F)[C@H](O)C[C@]12C,SMILES,1,88
1613,CC(C)n1cc2c3c(cccc31)[C@@H]1C[C@@H](C(=O)NC3CCCCC3)CN(C)[C@@H]1C2,SMILES,1,88
1614,CC(=O)OCC1=CO[C@H](OC(=O)CC(C)C)[C@H]2C1=C[C@@H](OC(=O)CC(C)C)[C@@]21CO1,SMILES,1,88
1615,CC(C)C(=O)OCC(=O)[C@@]12O[C@H](C3CCCCC3)O[C@H]1C[C@H]1[C@H]3CCC4=CC(=O)C=C[C@@]4(C)[C@H]3[C@H](O)C[C@]12C,SMILES,1,88
1616,CC(=O)OCC(=O)[C@]1(OC(=O)C(C)C)[C@H](C)C[C@H]2[C@H]3CCC4=CC(=O)C=C[C@@]4(C)[C@@]3(F)[C@H](O)C[C@]21C,SMILES,1,88
1617,CC(C)[C@@]1(O)CCN2C[C@H]3c4ccccc4CCc4cccc(c43)[C@H]2C1,SMILES,1,88
1618,CC(C)[C@@H](CN1CCCC1)N(C)C(=O)Cc1ccc(Cl)c(Cl)c1,SMILES,1,88
1619,CC(=O)OCC(=O)[C@@]1(O)CC[C@H]2[C@H]3CCC4=CC(=O)CC[C@@]4(C)[C@H]3C(=O)C[C@]21C,SMILES,1,88
1622,CC(=O)OCC(=O)[C@@]1(O)CC[C@H]2[C@H]3CCC4=CC(=O)C=C[C@@]4(C)[C@H]3[C@H](O)C[C@]21C,SMILES,1,88
1623,CC(=O)OCC(=O)[C@@]1(O)CC[C@H]2[C@H]3CCC4=CC(=O)C=C[C@@]4(C)[C@@]3(F)[C@H](O)C[C@]21C,SMILES,1,88
1626,CC(=O)OCC(=O)[C@@]12OC3(CCCC3)O[C@H]1C[C@H]1[C@H]3CCC4=CC(=O)C=C[C@@]4(C)[C@@]3(F)[C@H](O)C[C@]12C,SMILES,1,88
1627,CC(=O)OCC(=O)[C@@]12OC(C)(C)O[C@H]1C[C@H]1[C@H]3CC(C=O)=C4C=C(OCCCl)CC[C@@]4(C)[C@@]3(F)[C@H](O)C[C@]12C,SMILES,1,88
1628,CC(=O)OCC(=O)[C@@]12OC(C)(C)O[C@H]1C[C@H]1[C@H]3C[C@H](F)C4=CC(=O)C=C[C@@]4(C)[C@H]3[C@H](O)C[C@]12C,SMILES,1,88
1629,CC(=O)OCC(=O)[C@@]12OC(C)(C)O[C@H]1C[C@H]1[C@H]3C[C@H](F)C4=CC(=O)C=C[C@@]4(C)[C@@]3(F)[C@H](O)C[C@]12C,SMILES,1,88
1630,CC(=O)OCC(=O)[C@@]12N=C(C)O[C@H]1C[C@H]1[C@H]3CCC4=CC(=O)C=C[C@@]4(C)[C@H]3[C@H](O)C[C@]12C,SMILES,1,88
1632,C=CCN1CC[C@@]23c4c5ccc(OC(C)=O)c4O[C@@H]2[C@@H](OC(C)=O)C=C[C@H]3[C@H]1C5,SMILES,1,88
1634,CC(=O)CC(=O)[C@@]1(O)CC[C@H]2[C@H]3CCC4=CC(=O)C=C[C@@]4(C)[C@@]3(Cl)[C@H](Cl)C[C@]21C,SMILES,1,88
1635,CC(=O)CC(=O)[C@@]12OC(C)(C)O[C@H]1C[C@H]1[C@H]3CC(C#N)=C4C=C(OCCCl)CC[C@@]4(C)[C@@]3(F)[C@H](O)C[C@]12C,SMILES,1,88
1637,CC(=O)C1CCC2C3CC(O)C45CC4CCC5(C)C3CCC12C,SMILES,1,88
1638,CC(=O)c1ccc([C@H](O)[C@@H](CO)NC(=O)C(Cl)Cl)cc1,SMILES,1,88
1639,CC(=O)[C@@]1(O)CC[C@H]2[C@H]3CCC4=CC(=O)C=C[C@@]4(C)[C@H]3[C@H](O)C[C@]21C,SMILES,1,88
1640,CC(=O)[C@H]1CC[C@H]2[C@H]3CC=C4C[C@H](OC(=O)CCC(=O)O)CC[C@@]4(C)[C@H]3CC[C@@]12C,SMILES,1,88
1642,CC(=O)[C@H]1CC[C@H]2[C@H]3CC[C@H]4C[C@H](O)CC[C@@]4(C)[C@H]3C(=O)C[C@@]12C,SMILES,1,88
1643,CC(=O)[C@@]12OC(C)(C)O[C@H]1C[C@H]1[C@H]3CCC4=CC(=O)CC[C@@]4(C)[C@H]3CC[C@]12C,SMILES,1,88
1644,CC(=O)[C@@]12OC(C)(C)O[C@H]1C[C@H]1[C@H]3CCC4=CC(=O)C=C[C@@]4(C)[C@@]3(F)[C@H](O)C[C@]12C,SMILES,1,88
1645,CSC(=O)[C@@]1(OC(C)=O)[C@H](C)C[C@H]2[C@H]3CCC4=CC(=O)C=C[C@@]4(C)[C@@]3(F)[C@H](O)C[C@]21C,SMILES,1,88
1646,CSC(=O)[C@@]1(O)[C@H](C)C[C@H]2[C@H]3CCC4=CC(=O)C=C[C@@]4(C)[C@@]3(F)[C@H](O)C[C@]21C,SMILES,1,88
1647,CS(=O)(=O)c1ccc([C@H](O)[C@@H](CO)NC(=O)C(Cl)Cl)cc1,SMILES,1,88
1648,CS(=O)(=O)c1ccc([C@H](O)[C@@H](CF)NC(=O)C(Cl)Cl)cc1,SMILES,1,88
1649,C[C@@H]1NCCO[C@@H]1c1ccccc1,SMILES,1,88
1650,C[C@@H]1CCCC[C@@]1(c1cccs1)N1CCCCC1,SMILES,1,88
1651,C[C@]1(c2ccccc2)O[C@H]2C[C@H]3[C@H]4CCC5=CC(=O)C=C[C@@]5(C)[C@@]4(F)[C@H](O)C[C@@]3(C)[C@]2(C(=O)CO)O1,SMILES,1,88
1652,C=C1C[C@H](C)[C@@H]2[C@@H]3Cc4ccc(O)cc4[C@]2(CCN3CC2CCC2)C1,SMILES,1,88
1653,C[C@H]1C[C@H]2[C@H]3CCC4=CC(=O)C=C[C@@]4(C)[C@H]3C(=O)C[C@@]2(C)[C@@]1(O)C(=O)CO,SMILES,1,88
1654,C[C@H]1C[C@H]2[C@H]3CCC4=CC(=O)C=C[C@@]4(C)[C@@]3(F)C(=O)C[C@@]2(C)[C@@]1(O)C(=O)CCl,SMILES,1,88
1655,CC(=O)OCC(=O)[C@@]1(OC(=O)c2ccco2)[C@@H](C)C[C@H]2[C@H]3CCC4=CC(=O)C=C[C@@]4(C)[C@@]3(F)[C@H](O)C[C@]21C,SMILES,1,88
1656,C[C@H]1C[C@H]2[C@H]3CCC4=CC(=O)C=C[C@@]4(C)[C@@]3(F)[C@H](O)C[C@@]2(C)[C@@]1(OC(=O)c1ccccc1)C(=O)CO,SMILES,1,88
1657,CC(=O)[C@@]1(O)[C@@H](C)C[C@H]2[C@H]3CCC4=CC(=O)C=C[C@@]4(C)[C@@]3(F)[C@H](O)C[C@]21C,SMILES,1,88
1658,CC(=O)OCC(=O)[C@@]1(O)[C@@H](C)C[C@H]2[C@H]3CCC4=CC(=O)C=C[C@@]4(C)[C@@]3(F)[C@H](O)C[C@]21C,SMILES,1,88
1659,C[C@H]1C[C@H]2[C@H]3CCC4=CC(=O)C=C[C@@]4(C)[C@@]3(F)[C@H](O)C[C@@]2(C)[C@@]1(O)C(=O)CCl,SMILES,1,88
1660,C[C@H]1C[C@H]2[C@H]3CCC4=CC(=O)C=C[C@@]4(C)[C@@]3(F)[C@H](O)C[C@@]2(C)[C@@]1(C)C(=O)CO,SMILES,1,88
1661,C[C@H]1C[C@H]2[C@H]3CCC4=CC(=O)C=C[C@@]4(C)[C@@]3(F)[C@H](O)C[C@@]2(C)[C@H]1C(=O)CO,SMILES,1,88
1662,C[C@H]1C[C@H]2[C@H]3CCC4=CC(=O)C=C[C@@]4(C)[C@@]3(Cl)[C@H](O)C[C@@]2(C)[C@@]1(OC(=O)c1ccco1)C(=O)CCl,SMILES,1,88
1663,CC(=O)OCC(=O)[C@@]1(O)[C@@H](C)C[C@H]2[C@H]3CC(F)(F)C4=CC(=O)C=C[C@@]4(C)[C@@]3(F)[C@H](O)C[C@]21C,SMILES,1,88
1665,CC(=O)OCC(=O)[C@@]1(O)[C@@H](C)C[C@H]2[C@H]3C=C(C)C4=Cc5c(cnn5-c5ccccc5)C[C@@]4(C)[C@H]3[C@H](O)C[C@]21C,SMILES,1,88
1668,CC(=O)OCC(=O)[C@@]1(OC(C)=O)[C@@H](C)C[C@H]2[C@H]3C[C@H](F)C4=CC(=O)C=C[C@@]4(C)[C@@]3(F)[C@H](O)C[C@]21C,SMILES,1,88
1669,C[C@H]1C[C@H]2[C@H]3C[C@H](F)C4=CC(=O)C=C[C@@]4(C)[C@@]3(F)[C@H](O)C[C@@]2(C)[C@@]1(O)C(=O)COC(=O)C(C)(C)C,SMILES,1,88
1670,C[C@H]1C[C@H]2[C@H]3C[C@H](F)C4=CC(=O)C=C[C@@]4(C)[C@@]3(F)[C@H](O)C[C@@]2(C)[C@@]1(O)C(=O)CO,SMILES,1,88
1671,C[C@H]1C[C@H]2[C@H]3C[C@H](F)C4=CC(=O)C=C[C@@]4(C)[C@@]3(F)[C@H](O)C[C@@]2(C)[C@@]1(O)C(=O)CCl,SMILES,1,88
1672,C[C@H]1C[C@H]2[C@H]3C[C@H](F)C4=CC(=O)C=C[C@@]4(C)[C@@]3(F)[C@H](O)C[C@@]2(C)[C@H]1C(=O)COC(=O)C(C)(C)C,SMILES,1,88
1673,C[C@H]1C[C@H]2[C@H]3C[C@H](F)C4=CC(=O)C=C[C@@]4(C)[C@@]3(F)[C@H](O)C[C@@]2(C)[C@H]1C(=O)CO,SMILES,1,88
1674,CC(=O)OCC(=O)[C@H]1[C@@H](C)C[C@H]2[C@H]3C[C@H](F)C4=CC(=O)C=C[C@@]4(C)[C@@]3(Cl)[C@H](O)C[C@]21C,SMILES,1,88
1675,C[C@H]1C[C@H]2[C@H]3C[C@H](F)C4=CC(=O)C=C[C@@]4(C)[C@@]3(Cl)[C@H](O)C[C@@]2(C)[C@H]1C(=O)COC(=O)C(C)(C)C,SMILES,1,88
1676,C[C@H]1C[C@H]2[C@H]3C[C@H](F)C4=CC(=O)C=C[C@@]4(C)[C@@]3(Cl)[C@H](O)C[C@@]2(C)[C@H]1C(=O)CO,SMILES,1,88
1677,C[C@H]1C[C@H]2[C@H]3C[C@H](F)C4=CC(=O)C=C[C@@]4(C)[C@@]3(Cl)[C@H](F)C[C@@]2(C)[C@H]1C(=O)CO,SMILES,1,88
1679,C[C@H]1C[C@H]2[C@@H]3[C@H]([C@H](O)C[C@@]2(C)[C@@]1(O)C(=O)CO)[C@]1(C)C=CC(=O)C=C1C[C@H]3Cl,SMILES,1,88
1680,C#C[C@]1(O)CC[C@H]2[C@H]3CCC4=Cc5c(cnn5-c5ccc(F)cc5)C[C@@]4(C)[C@@H]3CC[C@@]21C,SMILES,1,88
1681,C[C@@]12CC[C@H]3[C@@H](CCC4=CC(=O)CC[C@]43C)[C@H]1CC[C@@H]2O,SMILES,1,88
1682,C[C@@]12C=CC(=O)C=C1CC[C@@H]1[C@@H]2[C@@H](O)C[C@]2(C)[C@@H]1CC[C@@]2(O)C(=O)COC(=O)CCC(=O)O,SMILES,1,88
1683,C[C@@]12CCC(=O)C=C1CC[C@H]1[C@H]3CC[C@@](O)(C(=O)CO)[C@]3(C)C[C@H](O)[C@@]12F,SMILES,1,88
1684,C[C@@]12C=CC(=O)C=C1CC[C@H]1[C@H]3CC[C@@](O)(C(=O)CO)[C@]3(C)C[C@H](O)[C@@]12F,SMILES,1,88
1685,C=C1C[C@@H]2[C@@H]3CCC4=CC(=O)C=C[C@@]4(C)[C@@]3(F)[C@@H](O)C[C@@]2(C)[C@]1(O)C(=O)CO,SMILES,1,88
1687,C[C@@]12C=CC(=O)C=C1CC[C@H]1[C@H]3C[C@H](O)[C@@](O)(C(=O)CO)[C@]3(C)C[C@H](O)[C@@]12F,SMILES,1,88
1688,C[C@@]12C=CC(=O)C=C1[C@@H](F)C[C@H]1[C@H]3C[C@H](O)[C@@](O)(C(=O)CO)[C@]3(C)C[C@H](O)[C@@]12F,SMILES,1,88
1689,C[C@@]12C=CC(=O)C=C1CC[C@H]1[C@H]3CC[C@@](O)(C(=O)CO)[C@]3(C)C[C@H](Cl)[C@@]12Cl,SMILES,1,88
1690,C#C[C@]1(O)CC[C@H]2[C@@H]3[C@H](CC[C@@]21C)C1=C(CC(=O)CC1)C[C@@H]3C,SMILES,1,88
1691,CC(=O)O[C@@]1(C(C)=O)CC[C@@H]2[C@@H]3C[C@H](C)C4=CC(=O)C=C[C@]4(C)[C@]3(F)[C@@H](O)C[C@@]21C,SMILES,1,88
1692,CC(=O)[C@]1(O)CC[C@@H]2[C@@H]3C[C@H](C)C4=CC(=O)C=C[C@]4(C)[C@]3(F)[C@@H](O)C[C@@]21C,SMILES,1,88
1695,C[C@H]1C[C@@H]2[C@@H]([C@@H](O)C[C@@]3(C)[C@@H]2CC[C@@]3(O)C(=O)CO)[C@@]2(C)C=CC(=O)C=C12,SMILES,1,88
1696,C[C@H]1C[C@@H]2[C@@H]([C@@H](O)C[C@@]3(C)[C@@H]2CC[C@H]3C(=O)O)[C@@]2(C)CCC(=O)C=C12,SMILES,1,88
1697,CC(=O)[C@@H]1CC[C@@H]2[C@@H]3C[C@H](C)C4=CC(=O)C=C[C@]4(C)[C@@H]3[C@@H](O)C[C@@]21C,SMILES,1,88
1699,C[C@]12C[C@H](O)[C@@H]3[C@@H](CCC4=CC(=O)CC[C@]43C)[C@H]1CC[C@@]2(O)C(=O)COC(=O)CCC1CCCC1,SMILES,1,88
1700,C[C@@]12CCCCC[C@@H](Cc3ccc(O)cc31)[C@@H]2N,SMILES,1,88
1702,C[C@]12CC(=O)[C@@H]3[C@@H](CCC4=CC(=O)CC[C@]43C)[C@H]1CC[C@@]2(O)C(=O)CO,SMILES,1,88
1703,C[C@]12C[C@H](O)[C@@H]3[C@@H](CCC4=CC(=O)CC[C@]43C)[C@H]1CC[C@@]2(O)C(=O)C[S],SMILES,1,88
1705,C[C@]12CC(=O)[C@@H]3[C@@H](CC[C@@H]4C[C@@H](O)CC[C@]43C)[C@H]1CC[C@H]2C(=O)CO,SMILES,1,88
1706,C[C@]12CC(=O)[C@@H]3[C@@H](CCC4=CC(=O)C=C[C@]43C)[C@H]1CC[C@@]2(O)C(=O)CO,SMILES,1,88
1707,C[C@]12C[C@H](O)[C@@H]3[C@@H](CCC4=CC(=O)C=C[C@]43C)[C@H]1CC[C@@]2(O)C(=O)CO,SMILES,1,88
1708,C=C1C[C@@H]2[C@@H]3CCC4=CC(=O)C=C[C@@]4(C)[C@@H]3[C@@H](O)C[C@]2(C)[C@]1(O)C(=O)CO,SMILES,1,88
1709,C[C@]12C[C@H](O)[C@@H]3[C@@H](C=C(Cl)C4=CC(=O)C=C[C@]43C)[C@H]1CC[C@@]2(O)C(=O)CO,SMILES,1,88
1711,C[C@]12CC(=O)[C@@H]3[C@@H](C[C@@H](Cl)C4=CC(=O)C=C[C@]43C)[C@H]1CC[C@@]2(O)C(=O)CO,SMILES,1,88
1713,C[C@]12N[C@H](Cc3ccccc31)c1ccccc12,SMILES,1,88
1715,C[C@H]1CCCC[C@]1(c1cccs1)N1CCCCC1,SMILES,1,88
1716,C[C@H](N)C(=O)c1ccccc1,SMILES,1,88
1717,CC(=O)O[C@H](C)C(=O)[C@@]1(O)CC[C@H]2[C@H]3CCC4=CC(=O)C=C[C@@]4(C)[C@@]3(F)[C@H](O)C[C@]21C,SMILES,1,88
1718,C[C@@H](CNC(=O)c1ccccc1)C(=O)OCC(=O)[C@@]12OC(C)(C)O[C@H]1C[C@H]1[C@H]3CCC4=CC(=O)C=C[C@@]4(C)[C@@]3(F)[C@H](O)C[C@]12C,SMILES,1,88
1719,C[C@@H](CN(C)C)CN1c2ccccc2Sc2ccc(C#N)cc21,SMILES,1,88
1720,C/N=C(\NC#N)NCCSCc1csc(N=C(N)N)n1,SMILES,1,88
1721,C/C=C/[C@@H]1O[C@@]2(C(=O)COC(=O)c3ccncc3)CC[C@@]3(O1)[C@@H]1CCC4=CC(=O)CC[C@@]4(C)[C@H]1[C@@H](O)C[C@]23C,SMILES,1,88
1722,CN1CCC[C@@H](CN2c3ccccc3Sc3ccccc32)C1,SMILES,1,88
1723,c1ccc2c(c1)Sc1ccccc1N2C[C@H]1CN2CCC1CC2,SMILES,1,88
1724,CN1CC[C@@](C)(CN2c3ccccc3Sc3ccccc32)C1,SMILES,1,88
1726,C[C@@H]1CN(CCCn2c3ccccc3c3ccccc32)C[C@H](C)N1,SMILES,1,88
1727,CC[C@]1(c2ccccc2)OC[C@@H]([C@H]2CCCCN2)O1,SMILES,1,88
1728,C1=CCc2c([nH]c3c2[C@@H](Cc2ccccc2)NCC3)C1,SMILES,1,88
1729,c1cnc2c(c1)C(Cc1ccncc1)(Cc1ccncc1)c1cccnc1-2,SMILES,1,88
1731,COC[C@@H]1CN=C(c2ccccc2Cl)c2cc(Br)ccc2N1C,SMILES,1,88
1733,O=C1C[C@@H](c2cccc(Br)c2)C(=O)N1,SMILES,1,88
1734,CN1CCc2cc(Cl)c(O)cc2[C@@H](c2cc(Br)cc3c2OCC3)C1,SMILES,1,88
1735,CC(C)(C)OC(=O)c1ncn2c1[C@@H]1CCCN1C(=O)c1c(Br)cccc1-2,SMILES,1,88
1736,CC(=O)OCC(=O)[C@@]1(OC(C)=O)CC[C@H]2[C@@H]3C[C@H](F)C4=CC(=O)C(Br)=C[C@]4(C)[C@@]3(F)[C@H](O)C[C@@]21C,SMILES,1,88
1738,COC(F)(F)[C@@H](F)Br,SMILES,1,88
1740,CC[C@@](Br)(C(N)=O)C(C)C,SMILES,1,88
1741,CC(=O)O[C@H]1CC[C@]2(C)[C@@H]3CC[C@]4(C)[C@@H](CC[C@H]4[C@@H](C)CCCC(C)C)[C@@H]3C[C@H](Br)[C@@]2(Br)C1,SMILES,1,88
1742,FC(F)(F)[C@H](Cl)Br,SMILES,1,88
1743,CC(C)[C@@H](Br)C(=O)NC(N)=O,SMILES,1,88
1744,C[C@@H](Cc1ccccc1)[N+](C)([O-])Cc1ccccc1,SMILES,1,88
1745,c1ccc2c(c1)CCN1CCNC[C@@H]21,SMILES,1,88
1747,C1=CCC2=C3C(=NC2=C1)CCN[C@H]3Cc1ccccc1,SMILES,1,88
1748,c1ccc([C@H]2CN3CCSC3=N2)cc1,SMILES,1,88
1750,FC(F)(F)c1cccc(N2CCN(CCc3nnc4n3C[C@H]3CCC[C@@H]43)CC2)c1,SMILES,1,88
1751,Cc1nc2n(c(=O)c1CCN1CCC(c3noc4cc(F)ccc34)CC1)CCC[C@@H]2O,SMILES,1,88
1753,Clc1ccc2c(c1)[C@@H]1CNC[C@@H]1c1ccccc1O2,SMILES,1,88
1754,Clc1ccc2c(c1)[C@@H]1CCNC[C@@H]1c1ccccc1O2,SMILES,1,88
1755,CN1CC[C@H]2c3cc(Cl)ccc3Oc3ccccc3[C@H]2C1,SMILES,1,88
1756,O=C1C[N+]([O-])=C(c2ccccc2)c2cc(Cl)ccc2N1,SMILES,1,88
1757,[O-][N+]1=C(c2ccccc2)c2cc(Cl)ccc2N=C(NCC2CC2)C1,SMILES,1,88
1758,Clc1ccc([C@H]2[C@H]3CC[C@@H](C3)[C@@]23CCC(N2CCOCC2)=N3)cc1,SMILES,1,88
1759,O=C1NC(=O)[C@]2(c3ccc(Cl)cc3)C[C@@H]12,SMILES,1,88
1760,CCOC(=O)N1CCN(C(=O)Cc2ccc(Cl)c(Cl)c2)[C@H](CN2CCCC2)C1,SMILES,1,88
1762,CN1CCN(C(=O)Cc2ccc(Cl)c(Cl)c2)[C@H](CN2CCCC2)C1,SMILES,1,88
1764,Cl/C(=C/n1cncn1)c1ccc(Cl)cc1Cl,SMILES,1,88
1766,c1ccc([C@@H]2CN[C@H]3NCCN32)cc1,SMILES,1,88
1767,c1ccc(C2(c3ccccc3)OC[C@@H]([C@H]3CCCCN3)O2)cc1,SMILES,1,88
1768,CCC[C@@H](Cc1ccccc1)N1CCCC1,SMILES,1,88
1769,CCC[C@H](C)CC,SMILES,1,88
1770,Cc1nccn1[C@H](C)c1ccccc1,SMILES,1,88
1771,Cc1nnc2n1-c1ccc(Cl)cc1C(c1ccccc1)=NC2,SMILES,1,88
1772,CN(C)CCC=C1c2ccccc2CCc2ccccc21,SMILES,1,88
1773,Oc1ncnc2[nH]ncc12,SMILES,1,88
1775,CC(=O)Oc1ccccc1C(=O)O,SMILES,1,88
1776,O=NN1CCCCCCNC1=O,SMILES,1,88
1777,Cn1c(=O)c2c(ncn2C)n(C)c1=O,SMILES,1,88
1778,C#CC(C)(O)CC,SMILES,1,88
1779,C#CC(O)(/C=C/Cl)CC,SMILES,1,88
1780,C#CC(OC(N)=O)c1ccccc1,SMILES,1,88
1781,C#CCC1(OC(N)=O)CCCCC1,SMILES,1,88
1782,C/C(=C(/CCO)SSCC1CCCO1)N(C=O)Cc1cnc(C)nc1N,SMILES,1,88
1783,C/C(=C(\CCOC(=O)c1ccccc1)SC(=O)c1ccccc1)N(C=O)Cc1cnc(C)nc1N,SMILES,1,88
1784,C/C(=C(\CCOP(=O)(O)O)SC(=O)c1ccccc1)N(C=O)Cc1cnc(C)nc1N,SMILES,1,88
1785,C/C=C/C(=O)N(CC)C(CC)C(=O)N(C)C,SMILES,1,88
1786,C1=Cc2cccc(OCC3CNCCO3)c2C1,SMILES,1,88
1787,C=C(C)[C@@H]1CCC(C)=CC1c1c(O)cc(CCCCC)cc1O,SMILES,1,88
1788,C=CC1O[C@@H]2CC3C4CCC5=CC(=O)C=CC5(C)C4(F)C(O)CC3(C)[C@]2(C(=O)CO)O1,SMILES,1,88
1789,C=CCC1(C(C)C)C(=O)NC(=O)NC1=O,SMILES,1,88
1791,C=CCN1CCC23c4c5ccc(O)c4OC2C2(OC)C=CC3(CC2[C@](C)(O)CCC)C1C5,SMILES,1,88
1792,C=CCN1CCCC1CNC(=O)c1cc(S(=O)(=O)NC)c(N)cc1OC,SMILES,1,88
1793,C=CCN1CC[C@]23c4c5ccc(O)c4O[C@H]2[C@@H](O)C=C[C@H]3[C@H]1C5,SMILES,1,88
1794,C=CCN1C[C@H](C(=O)N(CCCN(C)C)C(=O)NCC)C[C@@H]2c3cccc4[nH]cc(c34)C[C@H]21,SMILES,1,88
1795,CC(=O)C12OC(C)(C)OC1CC1C3CCC4=CC(=O)CCC4(C)C3CCC12C,SMILES,1,88
1796,CC(=O)C1CCC2C3CC(C)C4=CC(=O)C=CC4(C)C3C(O)CC12C,SMILES,1,88
1798,CC(=O)NCC1(c2ccccc2)CCN(CCCC(=O)c2ccc(F)cc2)CC1,SMILES,1,88
1800,CC(=O)NNC(=O)CC(O)(c1ccccc1)c1ccccc1,SMILES,1,88
1801,CC(=O)Nc1ccc(OC(=O)c2ccccc2O)cc1,SMILES,1,88
1802,CC(=O)OC(c1ccccc1)C1CCCCN1,SMILES,1,88
1803,CC(=O)OC1CC[C@@]2(C)C([C@@H]1Br)[C@H](Br)C[C@H]1[C@@H]3CC[C@H]([C@H](C)CCCC(C)C)[C@@]3(C)CC[C@@H]12,SMILES,1,88
1804,CC(=O)OCC(=O)C1(O)C(C)CC2C3CC(F)(F)C4=CC(=O)C=CC4(C)C3(F)C(O)CC21C,SMILES,1,88
1805,CC(=O)OCC(=O)C12N=C(C)OC1CC1C3CCC4=CC(=O)C=CC4(C)[C@@]3(F)C(O)CC12C,SMILES,1,88
1806,CC(=O)OCC(=O)OCC/C(SC(=O)c1ccco1)=C(/C)N(C=O)Cc1cnc(C)nc1N,SMILES,1,88
1807,CC(=O)OCC(=O)[C@@]1(O)CCC2C3CCC4=CC(=O)C=CC4(C)[C@@]3(Cl)C(Cl)CC21C,SMILES,1,88
1809,CC(=O)OCC(=O)[C@@]1(O)CC[C@H]2[C@@H]3CCC4=CC(=O)CC[C@]4(C)[C@@]3(F)[C@@H](O)C[C@@]21C,SMILES,1,88
1811,CC(=O)OCC(=O)[C@@]1(O)CC[C@H]2[C@@H]3C[C@H](Cl)C4=CC(=O)C=C[C@]4(C)[C@H]3C(=O)C[C@@]21C,SMILES,1,88
1812,CC(=O)OCC(=O)[C@@]1(O)[C@H](C)C[C@H]2[C@@H]3C=C(C)C4=Cc5c(cnn5-c5ccccc5)C[C@]4(C)[C@H]3[C@@H](O)C[C@@]21C,SMILES,1,88
1813,CC(=O)OCC(=O)[C@@]1(OC(=O)c2ccco2)[C@H](C)C[C@H]2[C@@H]3CCC4=CC(=O)C=C[C@]4(C)[C@@]3(F)[C@@H](O)C[C@@]21C,SMILES,1,88
1815,CC(=O)OCC(=O)[C@@]12OC(C)(C)O[C@@H]1C[C@H]1C3CC(C#N)=C4C=C(OCCCl)CCC4(C)[C@@]3(F)C(O)CC12C,SMILES,1,88
1816,CC(=O)OCC(=O)[C@@]12OC(C)(C)O[C@@H]1C[C@H]1[C@@H]3C[C@H](F)C4=CC(=O)C=C[C@]4(C)[C@@]3(F)[C@@H](O)C[C@@]12C,SMILES,1,88
1818,CC(=O)OCC(=O)[C@H]1[C@H](C)C[C@H]2[C@@H]3C[C@H](F)C4=CC(=O)C=C[C@]4(C)C3(Cl)[C@@H](O)C[C@@]21C,SMILES,1,88
1820,CC(=O)O[C@H]1C[C@@H]2C(COC(=O)CC(C)C)=CO[C@@H](OC(=O)CC(C)C)[C@@H]2[C@@]12CO2,SMILES,1,88
1821,CC(=O)O[C@]1(C(C)=O)CC[C@H]2[C@@H]3C[C@H](C)C4=CC(=O)C=C[C@]4(C)[C@@]3(F)[C@@H](O)C[C@@]21C,SMILES,1,88
1822,CC(=O)Oc1ccc2c3c1O[C@H]1[C@@H](OC(C)=O)C=C[C@H]4[C@@H](C2)N(C)CC[C@@]341,SMILES,1,88
1823,CC(=O)[C@@]1(O)[C@H](O)C[C@H]2[C@@H]3CCC4=CC(=O)C=C[C@]4(C)[C@@]3(F)[C@@H](O)C[C@@]21C,SMILES,1,88
1825,CC(=O)[C@H]1CC[C@H]2[C@@H]3CC[C@H]4C[C@](C)(O)CC[C@]4(C)[C@H]3CC[C@]12C,SMILES,1,88
1826,CC(=O)[C@H]1CC[C@H]2[C@@H]3C[C@@H](O)C45CC4CC[C@]5(C)[C@H]3CC[C@]12C,SMILES,1,88
1827,CC(=O)[C@H]1CC[C@H]2[C@@H]3C[C@H](C)C4=CC(=O)CC[C@]4(C)[C@H]3[C@@H](O)C[C@]12C,SMILES,1,88
1828,CC(=O)c1ccc(C(O)C(CO)NC(=O)C(Cl)Cl)cc1,SMILES,1,88
1830,CC(=O)c1ccc2c(c1)N(CCCN1CCN(CCO)CC1)c1ccccc1S2,SMILES,1,88
1831,CC(C)(C)[C@]1(O)CCN2C[C@H]3c4ccccc4CCc4cccc(c43)[C@@H]2C1,SMILES,1,88
1832,CC(C)(C)c1ccc(CN2CCN(C(c3ccccc3)c3ccc(Cl)cc3)CC2)cc1,SMILES,1,88
1833,CC(C)=CCN1CC[C@@]2(C)c3cc(O)ccc3C[C@@H]1[C@H]2C,SMILES,1,88
1834,CC(C)C(=O)OCC(=O)[C@@]12O[C@H](C3CCCCC3)O[C@@H]1C[C@H]1[C@@H]3CCC4=CC(=O)C=C[C@]4(C)[C@H]3[C@@H](O)C[C@@]12C,SMILES,1,88
1835,CC(C)CCNCC1COc2ccccc2O1,SMILES,1,88
1836,CC(C)CCOC(CN1CCCC1)c1ccccc1,SMILES,1,88
1838,CC(C)N[C@H]1C2CCC(CC2)[C@]1(O)c1ccc(Cl)c(Cl)c1,SMILES,1,88
1839,CC(C)Oc1ccccc1N1CCN(Cc2cccc(C(=O)N3CCCCC3)c2)CC1,SMILES,1,88
1841,CC(C)n1cc2c3c(cccc31)C1C[C@@H](C(=O)NC3CCCCC3)CN(C)C1C2,SMILES,1,88
1843,CC(Cc1ccccc1)N(C)C,SMILES,1,88
1845,CC(Cc1ccccc1)NCCn1cnc2c1c(=O)n(C)c(=O)n2C,SMILES,1,88
1846,CC(Cc1ccccc1)[n+]1cc(NC(=O)Nc2ccccc2)on1,SMILES,1,88
1847,CC(NCCn1cnc2c1c(=O)n(C)c(=O)n2C)C(O)c1ccccc1,SMILES,1,88
1848,CC1(C)CC(=O)N(CCCCN2CCN(c3ncccn3)CC2)C(=O)C1,SMILES,1,88
1849,CC1(C)OC(=O)Nc2ccc(Br)cc21,SMILES,1,88
1850,CC1(C)O[C@@H]2CC3C4C[C@H](F)C5=CC(=O)C=CC5(C)[C@@]4(Cl)C(Cl)CC3(C)[C@]2(C(=O)CO)O1,SMILES,1,88
1851,CC1(C)O[C@@H]2CC3[C@@H]4C[C@H](F)C5=CC(=O)C=CC5(C)[C@H]4[C@@H](O)C[C@]3(C)[C@]2(C(=O)CO)O1,SMILES,1,88
1853,CC1(C)O[C@@H]2C[C@H]3C4C[C@H](F)C5=CC(=O)C=C[C@]5(C)[C@@]4(F)[C@@H](O)C[C@]3(C)[C@]2(C(=O)COC(=O)C2CC2)O1,SMILES,1,88
1854,CC1(c2ccccc2)CC(=O)N(CN2CCOCC2)C1=O,SMILES,1,88
1855,CC12C=CC(=O)C=C1CCC1C3CCC(O)(C(=O)CO)C3(C)CC(O)C12F,SMILES,1,88
1857,CC12C=CC(=O)C=C1CCC1C3CC[C@](O)(C(=O)CO)C3(C)CC(Cl)[C@@]12Cl,SMILES,1,88
1858,CC12CC3CC(C)(C1)CC(N)(C3)C2,SMILES,1,88
1859,CC12CCC(=O)C=C1CCC1C2CCC2(C)C1CCC2(O)C(=O)CO,SMILES,1,88
1860,CC12CCC(CC1=O)C2(C)C,SMILES,1,88
1862,CC12C[C@H](O)[C@@]3(F)C(CCC4=CC(=O)C=CC43C)[C@@H]1C[C@H]1O[C@@](C)(c3ccccc3)O[C@]12C(=O)CO,SMILES,1,88
1863,CC1=CC(=O)N2CC(=O)N(C)c3ccc(Cl)cc3C2(c2ccccc2)O1,SMILES,1,88
1865,CC1=C[C@@H]2[C@H]([C@@H](O)C[C@@]3(C)[C@H]2C[C@@H](C)[C@]3(O)C(=O)COC(=O)c2cccc(S(=O)(=O)O)c2)[C@@]2(C)Cc3cnn(-c4ccccc4)c3C=C12,SMILES,1,88
1867,CC1=Nc2ccccc2CC(c2ccccc2)N1C,SMILES,1,88
1868,CC1C2Cc3ccc(O)cc3C1(C)CCN2CC1CC1,SMILES,1,88
1869,CC1CC(OC(=O)C2CCC(=O)N2)CC(C)(C)C1,SMILES,1,88
1870,CC1CC2C3CC(F)C4=CC(=O)C=CC4(C)C3(F)C(O)CC2(C)C1(O)C(=O)CCl,SMILES,1,88
1871,CC1CC2C3CC(F)C4=CC(=O)C=CC4(C)C3(F)C(O)CC2(C)C1(O)C(=O)SCF,SMILES,1,88
1872,CC1CN(CCCn2c3ccccc3c3ccccc32)CC(C)N1,SMILES,1,88
1873,CC1NC(=O)COC1c1ccccc1,SMILES,1,88
1875,CC1[C@H]2C(=O)c3ccc(O)cc3[C@]1(C)CCN2CC1CC1,SMILES,1,88
1876,CCC,SMILES,1,88
1877,CCC(=O)C1(c2cccc(O)c2)CCN(C)CC1,SMILES,1,88
1878,CCC(=O)N(c1ccc(Cl)c(Cl)c1)[C@@H]1CCC[C@H]1N(C)C,SMILES,1,88
1879,CCC(=O)N(c1ccccc1)C1(COC)CCN(CCn2nnn(CC)c2=O)CC1,SMILES,1,88
1880,CCC(=O)N(c1ccccc1F)C1(c2ccccc2)CCN(CCn2nnn(CC)c2=O)CC1,SMILES,1,88
1881,CCC(=O)OCC(=O)[C@@]1(OC(=O)CC)[C@H](C)C[C@H]2[C@H]3[C@H]([C@@H](O)C[C@@]21C)[C@@]1(C)C=CC(=O)C=C1C[C@H]3Cl,SMILES,1,88
1882,CCC(=O)O[C@](Cc1ccccc1)(c1ccccc1)[C@H](C)CN(C)C,SMILES,1,88
1884,CCC(=O)O[C@]1(C(=O)COC(C)=O)CC[C@H]2[C@@H]3C[C@H](C)C4=CC(=O)C=C[C@]4(C)[C@H]3[C@@H](O)C[C@@]21C,SMILES,1,88
1885,CCC(=O)O[C@]1(C(=O)COC)[C@@H](C)C[C@H]2[C@@H]3CCC4=CC(=O)C=C[C@]4(C)[C@@]3(F)[C@@H](O)C[C@@]21C,SMILES,1,88
1886,CCC(=O)O[C@]1(C(=O)SCCl)[C@H](C)C[C@H]2C3C[C@H](F)C4=CC(=O)C=C[C@]4(C)[C@@]3(F)[C@@H](O)C[C@@]21C,SMILES,1,88
1887,CCC(=O)O[C@]1(C(=O)SCF)[C@H](C)C[C@H]2[C@@H]3C[C@H](F)C4=CC(=O)C=C[C@]4(C)[C@@]3(F)[C@@H](O)C[C@@]21C,SMILES,1,88
1888,CCC(=O)O[C@]1(c2ccccc2)CCN(C)C[C@@H]1CC,SMILES,1,88
1889,CCC(=O)c1ccc2c(c1)N(CC(C)N(C)C)c1ccccc1S2,SMILES,1,88
1890,CCC(=O)c1ccc2c(c1)N(CCCN1CCN(CCO)CC1)c1ccccc1S2,SMILES,1,88
1891,CCC(Br)(C(N)=O)C(C)C,SMILES,1,88
1893,CCC(C(N)=O)N1CCCC1=O,SMILES,1,88
1894,CCC(C)(O)C1CC23C=CC1(OC)C1Oc4c(OC)ccc5c4C12CCN(CC1CC1)C3C5,SMILES,1,88
1895,CCC(OC(C)=O)C(CC(C)N(C)C)(c1ccccc1)c1ccccc1,SMILES,1,88
1896,CCC1(CC)O[C@@H]2C[C@H]3C4CCC5=CC(=O)C=CC5(C)[C@@]4(F)[C@@H](O)CC3(C)[C@]2(C(=O)CO)O1,SMILES,1,88
1897,CCC1(c2ccccc2)CCC(=O)NC1=O,SMILES,1,88
1898,CCC1(c2ccccc2)OCC(C2CCCCN2)O1,SMILES,1,88
1899,CCC12CCN(CC3CC3)C(Cc3ccc(O)cc31)C2(C)C,SMILES,1,88
1900,CCC12CCN(CC3CCC3)C(Cc3ccc(O)cc31)C2(C)C,SMILES,1,88
1901,CCC1C(=O)NC(=O)C1(C)c1ccccc1,SMILES,1,88
1902,CCCC(=O)O[C@]1(C(=O)CCl)[C@@H](C)C[C@H]2[C@@H]3CCC4=CC(=O)C=C[C@]4(C)[C@@]3(F)C(=O)C[C@@]21C,SMILES,1,88
1903,CCCC(=O)O[C@]1(C(C)=O)CCC[C@H]2[C@@H]3CCC4=CC(=O)C=C[C@]4(C)[C@H]3[C@@H](O)C[C@@]21C,SMILES,1,88
1904,CCCC(C)(O)C1CC23C=CC1(OC)C1Oc4c(O)ccc5c4C12CCN(C)C3C5,SMILES,1,88
1905,CCCCC(=O)O[C@]1(C(=O)CO)CCC2C3CCC4=CC(=O)CCC4(C)C3C(O)CC21C,SMILES,1,88
1906,CCCCC(=O)O[C@]1(C(=O)CO)[C@@H](C)C[C@H]2[C@@H]3CCC4=CC(=O)C=C[C@]4(C)[C@@]3(F)[C@@H](O)C[C@@]21C,SMILES,1,88
1908,CCCCCC(N)C(O)(c1ccccc1)c1ccccc1,SMILES,1,88
1909,CCCCCCC(=O)OCCN1CCN(CCCN2c3ccccc3Sc3ccc(C(F)(F)F)cc32)CC1,SMILES,1,88
1911,CCCCCCCCCCOc1c(OC)cc(C(N)=O)cc1OC,SMILES,1,88
1912,CCCCCn1ccc(=O)c(O)c1C,SMILES,1,88
1913,CCCCN=C(c1cc(Cl)ccc1O)c1ccccc1Cl,SMILES,1,88
1915,CCCCNc1c(C(=O)OCC)cnc2c1cnn2CC,SMILES,1,88
1916,CCCCOC(=O)C(=O)C1C(C)CC2C3CC(F)C4=CC(=O)C=CC4(C)C3C(O)CC21C,SMILES,1,88
1917,CCCCOCC(CN1C(=O)N(CC(COCCCC)OC(N)=O)C(=O)C(CC)(c2ccccc2)C1=O)OC(N)=O,SMILES,1,88
1918,CCCCOCC(CN1C(=O)NC(=O)C(CC)(c2ccccc2)C1=O)OC(N)=O,SMILES,1,88
1919,CCCCSc1ccc(C(SCCN(C)C)c2ccccc2)cc1,SMILES,1,88
1920,CCCCn1c(=O)c2c(ncn2CC(C)=O)n(CCCC)c1=O,SMILES,1,88
1921,CCCCn1ccc(=O)c(O)c1C,SMILES,1,88
1922,CCCN(CCC)C1Cc2cccc3cc(O)cc(c23)C1,SMILES,1,88
1923,CCCN(c1ccncc1)n1ccc2ccccc21,SMILES,1,88
1924,CCCNC(=O)c1ccc2c(c1)N([C@H](C)CN1CCCC1)c1ccccc1S2,SMILES,1,88
1925,CCC[C@@H]1O[C@@H]2C[C@H]3[C@@H]4C[C@H](F)C5=CC(=O)C=C[C@]5(C)C4(F)[C@@H](O)C[C@]3(C)[C@]2(C(=O)O[C@H](C)OC(=O)OCC)O1,SMILES,1,88
1926,CCC[C@@](C)(O)[C@H]1CC23C=CC1(OC)[C@H]1Oc4c(OC(C)=O)ccc5c4C12CCN(C)C3C5,SMILES,1,88
1927,CCN(CC)C(=O)[C@H]1[C@H](C(=O)N(CC)CC)[C@H]2C=C[C@@H]1C2,SMILES,1,88
1929,CCN(CC)CC(=O)OCC(=O)[C@@]1(O)CC[C@H]2[C@@H]3CCC4=CC(=O)CC[C@]4(C)[C@H]3[C@@H](O)C[C@@]21C,SMILES,1,88
1930,CCN(CC)CCC(=O)N1c2ccccc2Sc2ccc(C(F)(F)F)cc21,SMILES,1,88
1931,CCN(CC)CCN1C(=O)CN=C(c2ccccc2F)c2cc(Cl)ccc21,SMILES,1,88
1933,CCN(CC)CCOC1(c2ccc(Cl)cc2)CCCCC1,SMILES,1,88
1935,CCN(CC)S(=O)(=O)N[C@H]1C[C@@H]2c3cccc4[nH]cc(c34)C[C@H]2N(C)C1,SMILES,1,88
1936,CCN(CC)c1ccc(NC(=O)c2ccccc2N)c(C)c1,SMILES,1,88
1937,CCN1CC(CCN2CCOCC2)C(c2ccccc2)(c2ccccc2)C1=O,SMILES,1,88
1939,CCN1CCCC1CNC(=O)c1cc(C(C)=O)ccc1OC,SMILES,1,88
1940,CCN1CCCC1CNC(=O)c1cc(S(=O)(=O)CC)c(N)cc1OC,SMILES,1,88
1941,CCN1CCN(c2cc(-c3ccc(F)cc3)c3c(n2)CCCCCC3)CC1,SMILES,1,88
1942,CCN=C1NC(=O)C(c2ccccc2)O1,SMILES,1,88
1943,CCN=C1Nc2ccc(Cl)cc2C(c2ccccc2)S1,SMILES,1,88
1946,CCNC1=Nc2ccc(Cl)cc2C(C)(c2ccccc2)O1,SMILES,1,88
1947,CCOC(=O)C1(c2ccccc2)CCC=CC1N(C)C,SMILES,1,88
1948,CCOC(=O)C1(c2ccccc2)CCN(CCc2ccc(N)cc2)CC1,SMILES,1,88
1949,CCOC(=O)C[C@@H](O)C[C@@H](O)/C=C/C1=C(c2ccc(F)cc2)c2ccccc2OC12CCCC2,SMILES,1,88
1950,CCOC(=O)N(CCN(C)C)c1cccc(C(F)(F)F)c1,SMILES,1,88
1951,CCOC(=O)N(Cc1ccccc1)C1CC1,SMILES,1,88
1953,CCOC(=O)OCC/C(SC(=O)OCC)=C(\C)N(C=O)Cc1cnc(C)nc1N,SMILES,1,88
1954,CCOC(=O)c1cnc2c(cnn2CC)c1NN=C(C)C,SMILES,1,88
1955,CCOC(=O)c1cncn1C(C)c1ccc(F)cc1,SMILES,1,88
1956,CCOC(=O)c1cncn1C(C)c1ccccc1,SMILES,1,88
1957,CCOC1c2ccccc2C(=O)N(C)c2ccccc21,SMILES,1,88
1958,CCO[C@H]1C[C@@]2(C)[C@@H](CC[C@@H]3[C@@H]2[C@H](N(C)C)C[C@]2(C)[C@@H](C(C)=O)CC[C@@H]32)C[C@@H]1O,SMILES,1,88
1959,CCS(=O)(=O)CCN1C(=O)CN=C(c2ccccc2F)c2cc(Cl)ccc21,SMILES,1,88
1960,CCSc1ccc2c(c1)N(CCCN1CCN(C)CC1)c1ccccc1S2,SMILES,1,88
1962,CC[C@H](C)C(=O)O[C@H]1CCC=C2C=C[C@H](C)[C@H](CC[C@@H]3C[C@@H](O)CC(=O)O3)[C@H]21,SMILES,1,88
1963,CC[C@H]1CC(=O)[C@@H]2Oc3c(OC)ccc4c3[C@@]23CCN(CC2CC2)C(C4)[C@H]13,SMILES,1,88
1965,CCc1c(OC)nc2nc(-c3noc(C)n3)cn2c1C,SMILES,1,88
1966,CCc1c(OC)nc2nc(C(=O)c3ccccc3)cn2c1C,SMILES,1,88
1967,CCc1ccc2c(c1)N(CC(C)CN(C)C)c1ccccc1S2,SMILES,1,88
1969,CCc1nn(CCCN2CCN(c3cccc(Cl)c3)CC2)c(=O)n1CC,SMILES,1,88
1970,CCc1nn(CCCN2CCN(c3cccc(Cl)c3)CC2)c(=O)n1CCOc1ccccc1,SMILES,1,88
1971,CCn1ccc(=O)c(O)c1C,SMILES,1,88
1972,CN(C(=O)CNC(=O)CN)c1ccc(Cl)cc1C(=O)c1ccccc1Cl,SMILES,1,88
1973,CN(C(=O)CNC1CC1)c1ccc(Cl)cc1C(=O)c1ccccc1Cl,SMILES,1,88
1975,CN(C)C(=O)COC1c2ccccc2CCc2ccccc21,SMILES,1,88
1977,CN(C)C1CCc2[nH]c3c(F)cc(F)cc3c2C1,SMILES,1,88
1978,CN(C)CC(=O)N1c2ccccc2Sc2ccccc21,SMILES,1,88
1979,CN(C)CC/C=C1/c2ccccc2COc2ccccc21,SMILES,1,88
1981,CN(C)CC/C=C1/c2ccccc2Sc2ccc(Cl)cc21,SMILES,1,88
1982,CN(C)CCC1(c2ccccc2)C=Cc2ccccc21,SMILES,1,88
1983,CN(C)CCC=C1c2ccccc2C(C)(C)c2ccccc21,SMILES,1,88
1985,CN(C)CCCn1c(=O)c2ccccc2c2ccccc21,SMILES,1,88
1986,CN(C)CCCn1c(=O)n(-c2ccccc2)c2cc(Cl)ccc21,SMILES,1,88
1988,CN(C)CCN1CCN(c2cccc(Cl)c2)C1=O,SMILES,1,88
1989,CN(C)CCn1cnc2c1c(=O)n(C)c(=O)n2C,SMILES,1,88
1990,CN(CCCN1c2ccccc2CCc2ccccc21)CC(=O)c1ccc(Cl)cc1,SMILES,1,88
1991,CN(CCc1cc2cccc3c2n1-c1ccccc1CC3)Cc1ccccc1,SMILES,1,88
1992,CN1C(=O)C(O)N=C(c2ccccc2)c2cc(Cl)ccc21,SMILES,1,88
1993,CN1C(=O)C(O)N=C(c2ccccc2Cl)c2cc(Cl)ccc21,SMILES,1,88
1994,CN1C(=O)C(O)N=C(c2ccccc2F)c2cc(Cl)ccc21,SMILES,1,88
1995,CN1C(=O)CCC1c1cccnc1,SMILES,1,88
1996,CN1C(=O)CCS(=O)(=O)C1c1ccc(Cl)cc1,SMILES,1,88
1997,CN1C(=O)CN(C(N)=O)C(c2ccccc2)c2cc(Cl)ccc21,SMILES,1,88
1998,CN1C2CCC1CC(OC(=O)C(C)(CO)c1ccccc1)C2,SMILES,1,88
1999,CN1C2CCC1CC(OC(=O)[C@H](CO)c1ccccc1)C2,SMILES,1,88
2000,CN1C2CCC1CC(OC(c1ccccc1)c1ccccc1)C2,SMILES,1,88
2001,CN1CC(=O)NC1=NC(=O)Nc1cccc(Cl)c1,SMILES,1,88
2002,CN1CC=C(c2ccccc2)CC1,SMILES,1,88
2003,CN1CCC(=C2c3ccccc3Oc3ccc(Cl)cc32)CC1,SMILES,1,88
2005,CN1CCC23c4c5ccc(O)c4OC2C(O)CCC3C1C5,SMILES,1,88
2006,CN1CCC2=C(CC1)c1ccccc1N(C)c1ccccc12,SMILES,1,88
2007,CN1CCCC(CN2c3ccccc3Sc3ccccc32)C1,SMILES,1,88
2008,CN1CCN(C2=Nc3cc(Cl)ccc3Nc3ccccc32)CC1,SMILES,1,88
2009,CN1CCN(C2=Nc3ccccc3Cc3ccccc32)CC1,SMILES,1,88
2010,CN1CCN(C2=Nc3ccccc3Sc3nccn32)CC1,SMILES,1,88
2011,CN1CCN(C2Cc3ccccc3Sc3ccc(Cl)cc32)CC1,SMILES,1,88
2012,CN1CCN(CC(=O)[C@@]2(O)CC[C@H]3[C@@H]4CCC5=CC(=O)C=C[C@]5(C)[C@H]4[C@@H](O)C[C@@]32C)CC1,SMILES,1,88
2013,CN1CCN(CCC(=O)N2c3ccccc3Sc3ccc(C(F)(F)F)cc32)CC1,SMILES,1,88
2014,CN1CCN(CCCN2c3ccccc3Sc3ccc(Cl)cc32)CC1,SMILES,1,88
2015,CN1CCN(CCN2CCN(CCCN3c4ccccc4Sc4ccc(Cl)cc43)CC2)C1=O,SMILES,1,88
2016,CN1CCN=C(c2ccccc2)c2cc(Cl)ccc21,SMILES,1,88
2017,CN1CC[C@]23NC(=O)CC(c4cc(Cl)ccc4O2)C3C1,SMILES,1,88
2018,CN1CC[C@]23c4c5ccc(O)c4O[C@@]2(C)C(=O)CC[C@H]3[C@H]1C5,SMILES,1,88
2019,CN1CC[C@]23c4c5ccc(O)c4O[C@H]2C(O)C=C[C@H]3[C@H]1C5,SMILES,1,88
2020,CN1CC[C@]23c4c5ccc(O)c4O[C@H]2[C@@H](O)CC[C@@]3(O)[C@H]1C5,SMILES,1,88
2021,CN1C[C@@H](NS(=O)(=O)N(C)C)C[C@@H]2c3cccc4c3c(cn4C)C[C@H]21,SMILES,1,88
2022,CN1[C@@H]2CCC[C@H]1CC(NC(=O)c1nn(C)c3ccccc13)C2,SMILES,1,88
2023,CN1c2cc(F)ccc2C(c2ccccc2)=NCC1CNC(=O)c1ccoc1,SMILES,1,88
2024,CN1c2ccccc2C(c2ccccc2F)=NCC1CNC(=O)c1ccsc1,SMILES,1,88
2025,CN=C(Cc1ccc2ccccc2c1)NC,SMILES,1,88
2026,CN=C1CN(O)C(c2ccccc2)=c2cc(Cl)ccc2=N1,SMILES,1,88
2027,CNC(=O)CCN1CCN(CCC=C2c3ccccc3Sc3ccc(Cl)cc32)CC1,SMILES,1,88
2029,CNC1(c2ccccc2Cl)CCCCC1=O,SMILES,1,88
2030,CNC1CCC(c2ccccc2)c2ccccc21,SMILES,1,88
2032,CNCCC=C1c2ccccc2C(C)(C)c2ccccc21,SMILES,1,88
2033,CNCCC=C1c2ccccc2C2CC2c2ccccc21,SMILES,1,88
2034,CNCCCC1(C)C(=O)N(c2ccccc2)c2ccccc21,SMILES,1,88
2035,CNCCCC1c2ccccc2C=Cc2ccccc21,SMILES,1,88
2036,CNCCCCOc1ccccc1Cc1ccccc1,SMILES,1,88
2037,CNCCCN1c2ccccc2C(C)(C)c2ccccc21,SMILES,1,88
2038,CNC[C@@H]1CN(c2ccc(OCc3cccc(Cl)c3)cc2)C(=O)O1,SMILES,1,88
2039,CNO.Cc1oc(C(C)(C)N(C(C)(C)N)C(C)(C)N)c(C)c1C,SMILES,1,88
2041,CNc1nc(Cl)c(SC)c(N2CCN(C)CC2)n1,SMILES,1,88
2042,CO/N=C(/C(=O)N[C@@H]1C(=O)N2C(C(=O)O)=C(COC(N)=O)CS[C@H]12)c1ccco1,SMILES,1,88
2043,CO/N=C(/C(=O)N[C@@H]1C(=O)N2C(C(=O)O)=C(CSc3nc(=O)c(=O)[nH]n3C)CS[C@H]12)c1csc(N)n1,SMILES,1,88
2046,COC(=O)C1C2CC3c4[nH]c5cc(OC)ccc5c4CCN3CC2CC(OC)C1OC,SMILES,1,88
2048,COC(=O)[C@H]1[C@H]2C[C@@H]3c4[nH]c5cc(OC)ccc5c4CCN3C[C@H]2C[C@@H](OC(=O)c2cc(OC)c(OC)c(OC)c2)[C@@H]1OC,SMILES,1,88
2049,COC(=O)[C@H]1[C@H]2C[C@@H]3c4[nH]c5ccccc5c4CCN3C[C@H]2C[C@@H](OC(=O)c2cc(OC)c(OC)c(OC)c2)[C@@H]1OC,SMILES,1,88
2051,COC(OC)C(=O)[C@@]12OC(C)(C)O[C@@H]1CC1C3C[C@H](F)C4=CC(=O)C=CC4(C)[C@@]3(F)C(O)CC12C,SMILES,1,88
2052,COC12C=CC3(CC1C(C)(C)O)[C@@H]1Cc4ccc(O)c5c4[C@]3(CCN1CC1CC1)[C@@H]2O5,SMILES,1,88
2053,COC1=CC(=O)OC1C(O)c1ccccc1Cl,SMILES,1,88
2054,COC1=CC=C2[C@H]3Cc4ccc(OC)c5c4[C@@]2(CCN3C)[C@H]1O5,SMILES,1,88
2055,COCC1CN(c2ccc(OCc3cccc(C#N)c3)cc2)C(=O)O1,SMILES,1,88
2057,COCc1c(C(=O)OC(C)C)ncc2[nH]c3cccc(Oc4ccc(Cl)cc4)c3c12,SMILES,1,88
2058,COCc1c(C(C)C)nc(C(C)C)c(/C=C/[C@@H](O)C[C@@H](O)CC(=O)O)c1-c1ccc(F)cc1,SMILES,1,88
2059,CO[C@H](C(=O)[C@@H](O)[C@@H](C)O)[C@@H]1Cc2cc3cc(O[C@H]4C[C@@H](O[C@H]5C[C@@H](O)[C@H](O)[C@@H](C)O5)[C@H](O)[C@@H](C)O4)c(C)c(O)c3c(O)c2C(=O)[C@H]1O[C@H]1C[C@@H](O[C@H]2C[C@@H](O[C@H]3C[C@](C)(O)[C@H](O)[C@@H](C)O3)[C@H](O)[C@@H](C)O2)[C@H](O)[C@@H](C)O1,SMILES,1,88
2060,CO[C@H]1CC[C@H]2[C@H]3Cc4ccc(O)c5c4[C@@]2(CCN3C)[C@H]1O5,SMILES,1,88
2061,CO[C@]12CC[C@@]3(C[C@@H]1C(C)(C)O)[C@H]1Cc4ccc(O)c5c4[C@@]3(CCN1CC1CC1)[C@H]2O5,SMILES,1,88
2062,CO[C@]12CC[C@@]3(C[C@@H]1[C@](C)(O)C(C)(C)C)[C@H]1Cc4ccc(O)c5c4[C@@]3(CCN1CC1CC1)[C@H]2O5,SMILES,1,88
2063,COc1cc(C(=O)N2CCOCC2)cc(OC)c1OC,SMILES,1,88
2064,COc1cc(C(=O)OCCN2CCN(CCCN3c4ccccc4Sc4ccc(Cl)cc43)CC2)cc(OC)c1OC,SMILES,1,88
2066,COc1cc([C@@H]2c3cc4c(cc3[C@@H](OC3OC5COC(c6cccs6)OC5C(O)C3O)[C@H]3COC(=O)[C@H]23)OCO4)cc(OC)c1O,SMILES,1,88
2068,COc1cc2c3c(c1O)C1(C=CC(=O)C=C1)CC3N(C)CC2,SMILES,1,88
2069,COc1cc2oc(=O)c(C)c(C)c2cc1OCCCN1CCN(c2ccccc2OC)CC1,SMILES,1,88
2070,COc1ccc(C(=O)N2CCCC2=O)cc1,SMILES,1,88
2074,COc1ccc(S(N)(=O)=O)cc1C(=O)NCC1CCCN1Cc1ccc(F)cc1,SMILES,1,88
2075,COc1ccc2c(c1)C(N1CCN(C)CC1)=Cc1ccccc1O2,SMILES,1,88
2076,COc1ccc2c(c1)C(O)(CCCN(C)C)c1ccccc1S2,SMILES,1,88
2077,COc1ccc2c(c1)N(CCCN(C)C)c1ccccc1S2,SMILES,1,88
2081,CS(=O)(=O)c1ccc([C@@H](O)[C@@H](CF)NC(=O)C(Cl)Cl)cc1,SMILES,1,88
2082,CS(=O)(=O)c1ccc([C@@H](O)[C@@H](CO)NC(=O)C(Cl)Cl)cc1,SMILES,1,88
2083,CS(=O)(=O)c1ccc2c(c1)N(CCCN1CCC(C(N)=O)CC1)c1ccccc1S2,SMILES,1,88
2084,CSC(=O)C1(O)C(C)CC2C3CCC4=CC(=O)C=CC4(C)C3(F)C(O)CC21C,SMILES,1,88
2085,CSc1c(Cl)nc(NC(C)C)nc1N1CCN(C)CC1,SMILES,1,88
2086,C[C@@H]1CC2C3CCC4=CC(=O)C=CC4(C)[C@@]3(Cl)C(Cl)CC2(C)[C@@]1(O)C(=O)CO,SMILES,1,88
2088,C[C@@H]1CC2C3C[C@H](F)C4=CC(=O)C=CC4(C)[C@@]3(Cl)C(O)CC2(C)C1C(=O)COC(=O)C(C)(C)C,SMILES,1,88
2089,C[C@@H]1CC2C3C[C@H](F)C4=CC(=O)C=CC4(C)[C@@]3(F)C(O)CC2(C)C1C(=O)CO,SMILES,1,88
2090,C[C@@H]1C[C@H]2[C@@H]3CCC4=CC(=O)C=C[C@]4(C)[C@@]3(Cl)[C@@H](O)C[C@]2(C)[C@@]1(O)C(=O)CCl,SMILES,1,88
2092,C[C@@H]1C[C@H]2[C@@H]3C[C@H](F)C4=CC(=O)C=C[C@]4(C)C3(Cl)[C@@H](F)C[C@]2(C)[C@H]1C(=O)CO,SMILES,1,88
2093,C[C@@H]1C[C@H]2[C@@H]3C[C@H](F)C4=CC(=O)C=C[C@]4(C)[C@@]3(F)[C@@H](O)C[C@]2(C)[C@H]1C(=O)COC(=O)C(C)(C)C,SMILES,1,88
2094,C[C@@H]1N=C(c2ccccc2Cl)c2cc([N+](=O)[O-])ccc2NC1=O,SMILES,1,88
2095,C[C@H]1CCCC[C@@]1(c1cccs1)N1CCCCC1,SMILES,1,88
2096,C[C@H]1C[C@H]2[C@@H]3CCC4=CC(=O)C=C[C@]4(C)[C@@]3(F)C(=O)C[C@]2(C)[C@@]1(O)C(=O)CCl,SMILES,1,88
2097,C[C@H]1C[C@H]2[C@@H]3CCC4=CC(=O)C=C[C@]4(C)[C@@]3(F)[C@@H](O)C[C@]2(C)[C@@]1(OC(=O)c1ccccc1)C(=O)CO,SMILES,1,88
2098,C[C@H]1c2ccccc2[C@@H](CCCN(C)C)c2cc(C(F)(F)F)ccc21,SMILES,1,88
2099,C[C@]12C=C(Br)C(=O)C=C1[C@H](F)C[C@H]1[C@@H]3CCC(O)(C(=O)CO)[C@@]3(C)C[C@H](O)C12F,SMILES,1,88
2100,C[C@]12C=CC(=O)C=C1C(Cl)=C[C@@H]1[C@@H]2[C@@H](O)C[C@@]2(C)[C@H]1CC[C@]2(O)C(=O)CO,SMILES,1,88
2101,C[C@]12CCC(=O)C=C1CC[C@@H]1[C@@H]2[C@@H](O)C[C@@]2(C)[C@H]1CC[C@]2(O)C(=O)COC(=O)CCC(=O)O,SMILES,1,88
2102,C[N+](C)([O-])CCC=C1c2ccccc2CCc2ccccc21,SMILES,1,88
2103,C[N+](C)([O-])CCCN1c2ccccc2CCc2ccccc21,SMILES,1,88
2104,C[N+]1([O-])C2CCC1CC(OC(=O)C(CO)c1ccccc1)C2,SMILES,1,88
2105,C[S+](CC[C@H](N)C(=O)O)C[C@H]1O[C@@H](n2cnc3c(N)ncnc32)[C@H](O)[C@@H]1O,SMILES,1,88
2106,Cc1[nH]ccc2c1[nH]c1cc(=O)ccc12,SMILES,1,88
2107,Cc1cc(C(=O)NNCc2ccccc2)no1,SMILES,1,88
2108,Cc1cc2c(s1)Nc1ccc(F)cc1N=C2N1CCN(C)CC1,SMILES,1,88
2109,Cc1ccc(C2(O)CCN(CCCC(=O)c3ccc(F)cc3)CC2)cc1,SMILES,1,88
2111,Cc1ccc2c(c1)C(N1CCN(C)CC1)=Nc1ccccc1S2,SMILES,1,88
2112,Cc1ccc2c(c1)c1c3n2CCNC3CCC1,SMILES,1,88
2113,Cc1cccc(/C=N\N2CCN(C(c3ccccc3)c3ccccc3)CC2)n1,SMILES,1,88
2114,Cc1cccc(C)c1NC(=O)c1ccc(N)cc1,SMILES,1,88
2116,Cc1cccc(O[C@H]2CCNC[C@H]2O)c1C,SMILES,1,88
2117,Cc1ccccc1-n1c(C)nc2ccccc2c1=O,SMILES,1,88
2118,Cc1cn[o+]c(C([NH])CC(C)C(C)(C)N(C(C)(C)C)C(C)(N)N)c1O,SMILES,1,88
2120,Cc1nc2n(n1)C(N1CCN(C)CC1)=Nc1ccccc1C2,SMILES,1,88
2121,Cc1ncc([N+](=O)[O-])n1CC(O)CCl,SMILES,1,88
2122,Cc1nccc2c1[nH]c1ccccc12,SMILES,1,88
2123,Cc1nccn1C(C)c1ccccc1,SMILES,1,88
2124,Cc1nn(C)c2c1C(c1cccc(Cl)c1)=NCCN2,SMILES,1,88
2125,Cc1nnc2n1-c1sc(Br)cc1C(c1ccccc1Cl)=NC2,SMILES,1,88
2126,Clc1ccc(C(OCCN2CCOCC2)c2ccccc2)cc1,SMILES,1,88
2127,Clc1ccc(OCC2=NCCN2)cc1Cl,SMILES,1,88
2129,Clc1cccc(Cl)c1NC1=NCCO1,SMILES,1,88
2130,Clc1ccccc1C1=NCc2nnc(C3CCCCC3)n2-c2sc(Br)cc21,SMILES,1,88
2132,Cn1nc(-c2cccnc2)nc1-c1ccccc1CO,SMILES,1,88
2133,FC(F)(F)CCl,SMILES,1,88
2134,FC(F)(F)c1ccc2c(c1)N(CCCN1CCN(C3CC3)CC1)c1ccccc1S2,SMILES,1,88
2135,FC(F)(F)c1ccc2c(c1)N(CCCN1CCN(CCC3OCCCO3)CC1)c1ccccc1S2,SMILES,1,88
2136,Fc1ccc(-c2ccc(CN3CCN(c4cccc5ccoc45)CC3)[nH]2)cc1,SMILES,1,88
2138,Fc1ccccc1C1=NCC(=S)N(CC(F)(F)F)c2ccc(Cl)cc21,SMILES,1,88
2140,N=C(N)c1ccc(-c2ccccc2[N+](=O)[O-])o1,SMILES,1,88
2141,N=C(N=O)c1[nH][nH]c2ccccc2n(Cc2ccccc2)c1O,SMILES,1,88
2142,NC(=O)C1(N2CCCCC2)CCN(CCCC(=O)c2ccc(F)cc2)CC1,SMILES,1,88
2143,NC(=O)C1(N2CCCCC2)CCN(CCCN2c3ccccc3CCc3ccc(Cl)cc32)CC1,SMILES,1,88
2144,NC(=O)C1c2ccccc2CCc2ccccc21,SMILES,1,88
2145,NC(=O)CN1Cc2ccccc2OC1=O,SMILES,1,88
2146,NC(=O)C[S+]([O-])C(c1ccccc1)c1ccccc1,SMILES,1,88
2147,NC(=O)NCCN1CCN(c2cccc(C(F)(F)F)c2)CC1,SMILES,1,88
2148,NC(N)=NCCCOc1ccccc1,SMILES,1,88
2149,N=C1NC(=O)C(c2ccccc2)O1,SMILES,1,88
2150,NC1=NC(C(F)(F)F)(C(F)(F)F)NC1(C(F)(F)F)C(F)(F)F,SMILES,1,88
2153,NCCc1nccs1,SMILES,1,88
2156,Nc1ccc(S(=O)(=O)N2CC3CCC(CC3)C2)cc1,SMILES,1,88
2157,Nc1cccc(-n2ccccc2=O)c1,SMILES,1,88
2158,Nc1nc2c(ncn2CC[C@@H](O)CO)c(=O)[nH]1,SMILES,1,88
2159,Nc1nc2ncc(CNc3ccc(C(=O)N[C@@H](CCC(=O)O)C(=O)O)cc3)nc2c(=O)[nH]1,SMILES,1,88
2160,Nc1ncc2ncn(COCCO)c2n1,SMILES,1,88
2161,Nn1cnc2cc3ccccc3cc2c1=O,SMILES,1,88
2162,O=C(CCCN1CC=C(n2c(=O)[nH]c3ccccc32)CC1)c1ccc(F)cc1,SMILES,1,88
2163,O=C(CCCN1CCC(C(=O)c2ccc(Cl)cc2)CC1)c1ccc(F)cc1,SMILES,1,88
2164,O=C(CCCN1CCC(C(=O)c2ccc(F)cc2)CC1)c1ccc(F)cc1,SMILES,1,88
2165,O=C(CCCN1CCC(O)(c2ccc(Cl)c(C(F)(F)F)c2)CC1)c1ccc(F)cc1,SMILES,1,88
2166,O=C(CCCN1CCC(O)(c2cccc(C(F)(F)F)c2)CC1)c1ccc(F)cc1,SMILES,1,88
2167,O=C(CCCN1CCC(n2c(=O)[nH]c3ccccc32)CC1)c1ccc(F)cc1,SMILES,1,88
2168,O=C(CCCN1CCN(C(=O)OC2CCCCC2)CC1)c1ccc(F)cc1,SMILES,1,88
2169,O=C(CCCN1CCN(c2ccccn2)CC1)c1ccc(F)cc1,SMILES,1,88
2170,O=C(CCCN1CCN2CCCC2C1)c1ccc(F)cc1,SMILES,1,88
2171,O=C(CCCN1CCN2Cc3[nH]c4ccccc4c3CC2C1)c1ccc(F)cc1,SMILES,1,88
2175,O=C(CN1CCCC1=O)NNC(=O)CN1CCCC1=O,SMILES,1,88
2176,O=C(COc1ccc(Cl)cc1)N1CCN(Cc2ccc3c(c2)OCO3)CC1,SMILES,1,88
2177,O=C(COc1ccc(Cl)cc1)OCCNC12CC3CC(CC(C3)C1)C2,SMILES,1,88
2178,O=C(NCCN1CCC(n2c(=O)[nH]c3cc(Cl)ccc32)CC1)c1ccc(F)cc1,SMILES,1,88
2179,O=C(NCCN1CCN(c2ncccn2)CC1)C12CC3CC(CC(C3)C1)C2,SMILES,1,88
2180,O=C(NCCc1ccc(O)c(O)c1)C12CC3CC(CC(C3)C1)C2,SMILES,1,88
2181,O=C(NCc1ccccc1)OCCO,SMILES,1,88
2182,O=C(Nc1ccccc1)OCC1(COC(=O)Nc2ccccc2)CCCC1,SMILES,1,88
2183,O=C(O)C1CCN1C12CC3CC(CC(C3)C1)C2,SMILES,1,88
2184,O=C(O)CCCCC1SCC2NC(=O)NC21,SMILES,1,88
2185,O=C(O)CCCCCCNC1c2ccccc2CCc2ccccc21,SMILES,1,88
2186,O=C(O)CN1C(=O)c2cccc3cccc(c23)C1=O,SMILES,1,88
2187,O=C(O)c1cc(=O)c2ccccc2[nH]1,SMILES,1,88
2188,O=C(O)c1cc(=O)c2ccccc2o1,SMILES,1,88
2189,O=C(OCC(Cl)(Cl)Cl)OCC(Cl)(Cl)Cl,SMILES,1,88
2190,O=C(c1ccc(F)cc1)C1CCN(CCCN2c3ccccc3Sc3ccc(C(F)(F)F)cc32)CC1,SMILES,1,88
2191,O=C1CC(c2cccc(Br)c2)C(=O)N1,SMILES,1,88
2192,O=C1CC2(CCCC2)CC(=O)N1CCNCC1COc2ccccc2O1,SMILES,1,88
2195,O=C1CCNc2ccc(Cl)cc2N1c1ccccc1,SMILES,1,88
2196,O=C1CC[C@@]2(O)[C@H]3Cc4ccc(O)c5c4[C@@]2(CCN3CC2CC2)[C@H]1O5,SMILES,1,88
2197,O=C1CCc2ccc(OCCCCN3CCN(c4cccc(Cl)c4Cl)CC3)cc2N1,SMILES,1,88
2198,O=C1CN(C(=O)CN2CC(c3ccc(Cl)cc3)CC2=O)CCN1,SMILES,1,88
2199,O=C1CN(O)C(c2ccccc2)=c2cc(Cl)ccc2=N1,SMILES,1,88
2200,O=C1CN2C(=O)CCC2N1,SMILES,1,88
2201,O=C1CN2CCOC2(c2ccccc2F)c2cc(Br)ccc2N1,SMILES,1,88
2202,O=C1CN2CCOC2(c2ccccc2F)c2cc(Cl)ccc2N1CCO,SMILES,1,88
2203,O=C1CN=C(c2ccccc2)c2c(sc3c2CCCC3)N1,SMILES,1,88
2205,O=C1CN=C(c2ccccc2)c2cc(Cl)ccc2N1CCOCC1CC1,SMILES,1,88
2206,O=C1CN=C(c2ccccc2Cl)c2cc([N+](=O)[O-])ccc2N1,SMILES,1,88
2207,O=C1CN=C(c2ccccn2)c2cc(Br)ccc2N1,SMILES,1,88
2208,O=C1CSC2(CCN(CCCN3c4ccccc4Sc4ccc(Cl)cc43)CC2)N1,SMILES,1,88
2209,O=C1N(c2ccccc2)c2ccccc2C1(Cc1ccncc1)Cc1ccncc1,SMILES,1,88
2210,O=C1NC(=NC2CC2)OC1c1ccccc1,SMILES,1,88
2211,O=C1NC(=O)C2(c3ccc(Cl)cc3)CC12,SMILES,1,88
2212,O=C1NC(c2ccccc2)(c2ccccc2)C(=O)N1COP(=O)(O)O,SMILES,1,88
2214,O=C1NCCN1C1CCN(CCC2COc3ccccc3O2)CC1,SMILES,1,88
2216,O=C1Nc2ccc(Cl)nc2C(c2ccccc2Cl)=NC1O,SMILES,1,88
2217,O=C1OCCC1C1(O)CCN(CCCN2c3ccccc3Sc3ccc(Cl)cc32)CC1,SMILES,1,88
2218,O=C1[C@@H]2[C@H]3CC[C@H](C3)[C@@H]2C(=O)N1CCCCN1CCN(c2ncccn2)CC1,SMILES,1,88
2219,O=C1c2ccccc2S(=O)(=O)N1CCCCN1CCN(c2ncccn2)CC1,SMILES,1,88
2220,O=c1[nH]c2cc(Cl)ccc2n1C1CCN(CC2COc3ccccc3O2)CC1,SMILES,1,88
2221,O=c1[nH]c2cc(Cl)ccc2n1C1CCN(CCCC(c2ccc(F)cc2)c2ccc(F)cc2)CC1,SMILES,1,88
2223,O=c1[nH]c2ccccc2c(=O)n1CCCN1CCN(c2cccc(Cl)c2)CC1,SMILES,1,88
2224,O=c1[nH]c2ccccc2c(=O)n1CCN1C[C@H]2C[C@H](c3ccc(F)cc3)[C@H]2C1,SMILES,1,88
2225,O=c1[nH]c2ccccc2n1C1CCN(CCCC(c2ccc(F)cc2)c2ccc(F)cc2)CC1,SMILES,1,88
2226,O=c1[nH]c2ccccc2n1C1CCN(CCCc2noc3cc(F)ccc23)CC1,SMILES,1,88
2227,O=c1[nH]c2ccccc2n1C1CCN(CCOc2ccccc2)CC1,SMILES,1,88
2230,OC(C1=NCCN1)(c1ccc(Cl)cc1)c1ccccn1,SMILES,1,88
2231,OC(CCCN1CCc2c(c3cc(F)ccc3n2-c2ccc(F)cc2)C1)c1ccc(F)cc1,SMILES,1,88
2232,OC(CCN1CCCC1)(c1ccccc1)C1CCCCC1,SMILES,1,88
2233,OC(c1ccccc1)(c1ccccc1)C1CC1c1ccncc1,SMILES,1,88
2234,OC(c1ccccc1)(c1ccccc1)C1CCNCC1,SMILES,1,88
2235,OC1(c2ccc(Cl)cc2)c2ccccc2C2=NCCN21,SMILES,1,88
2236,OC1CCN(c2ccc(-c3ccc(Cl)cc3Cl)nn2)CC1,SMILES,1,88
2237,OCCCN1CCN(CCCC2c3ccccc3Sc3ccc(Cl)cc32)CC1,SMILES,1,88
2238,OCCN1C=CN(CCCN2c3ccccc3C=Cc3ccccc32)C=CC1,SMILES,1,88
2239,OCCN1CCCN(CCCN2c3ccccc3Sc3cc(C(F)(F)F)ccc32)CC1,SMILES,1,88
2240,OCCN1CCN(CC/C=C2/c3ccccc3Sc3ccc(C(F)(F)F)cc32)CC1,SMILES,1,88
2241,OCCN1CCN(CC/C=C2/c3ccccc3Sc3ccc(Cl)cc32)CC1,SMILES,1,88
2243,OCCOC1CCN(CCCN2c3ccccc3Sc3ccc(C(F)(F)F)cc32)CC1,SMILES,1,88
2244,OCCOCCOCCN1CCN(C(c2ccccc2)c2ccc(Cl)cc2)CC1,SMILES,1,88
2245,OC[C@@H](O)[C@H]1OC2O[C@H](C(Cl)(Cl)Cl)O[C@@H]2[C@H]1O,SMILES,1,88
2246,OC[C@H]1O[C@@H](n2cnc3c2NC=NC[C@H]3O)C[C@@H]1O,SMILES,1,88
2249,Oc1ccccc1-c1nnco1,SMILES,1,88
2250,c1cc2c(c(N3CCNCC3)c1)OCCO2,SMILES,1,88
2251,c1ccc(C2(c3ccccc3)OC[C@H]([C@@H]3CCCCN3)O2)cc1,SMILES,1,88
2253,c1ccc(C2CN=C3NCCN32)cc1,SMILES,1,88
2254,c1ccc(CC2NCCc3c2[nH]c2ccccc32)cc1,SMILES,1,88
2255,c1ccc(Cn2cc(CCc3ccncc3)c3ccccc32)cc1,SMILES,1,88
2256,c1ccc([C@@H]2CN3CCSC3=N2)cc1,SMILES,1,88
2259,c1cnc(N2CCN(Cc3ccc4c(c3)OCO4)CC2)nc1,SMILES,1,88
2260,CC(C(O)c1ccc(O)cc1)N1CCC(Cc2ccccc2)CC1,SMILES,1,88
2261,CC1=NN=C(c2ccc(N)cc2)c2cc3c(cc2C1)OCO3,SMILES,1,88
2262,CCCCOCCOC(=O)COc1ccc(Cl)cc1C,SMILES,1,88
2263,CCCN1CCC[C@@H]2Cc3[nH]ncc3C[C@H]21,SMILES,1,88
2264,CCN1CCC[C@H]1CNC(=O)c1c(O)c(Cl)cc(Cl)c1OC,SMILES,1,88
2265,CCOC(=O)C(N)/C=C(\C)CP(=O)(O)O,SMILES,1,88
2266,CN(C(=O)Cc1ccc(Cl)c(Cl)c1)[C@@H]1CCCC[C@H]1N1CCCC1,SMILES,1,88
2267,CN(C(=O)Cc1cccc2sccc12)[C@@H]1CCCC[C@H]1N1CCCC1,SMILES,1,88
2268,CN1CCc2cc(Cl)c(O)cc2[C@@H](c2ccccc2)C1,SMILES,1,88
2269,COCc1c(C(=O)OC(C)C)ncc2[nH]c3ccc(OCc4ccccc4)cc3c12,SMILES,1,88
2270,Cc1[nH]c(-c2ccccc2)nc1CC#N,SMILES,1,88
2271,Cc1cc(Cl)ccc1OC(C)C(=O)O,SMILES,1,88
2272,NCC(CP(=O)(O)O)c1ccc(Cl)cc1,SMILES,1,88
2273,NCC(CS(=O)(=O)O)c1ccc(Cl)cc1,SMILES,1,88
2274,c1ccc2nc(N3CCNCC3)ccc2c1,SMILES,1,88
2275,C#CC1(O)CC[C@H]2[C@H]3CCC4=Cc5c(cnn5-c5ccc(F)cc5)CC4(C)[C@H]3CCC21C,SMILES,1,88
2276,C#CC1(O)CC[C@H]2[C@@H]3[C@H](CCC21C)C1=C(CC(=O)CC1)C[C@@H]3C,SMILES,1,88
2277,C#CC1(OC[C@@H](O)CN2CCN(c3ccc(F)cc3)CC2)CCCCC1,SMILES,1,88
2278,C#CCN[C@H]1CCc2ccccc21,SMILES,1,88
2279,C/C(=C(/CCOP(=O)(O)O)SC(=O)c1ccccc1)N(C=O)Cc1cnc(C)nc1N,SMILES,1,88
2280,C/C=C(/CC)C(=O)NC(N)=O,SMILES,1,88
2281,C/C=C/C(=O)N(CCC)[C@@H](CC)C(=O)N(C)C,SMILES,1,88
2282,C/C=C/[C@@H]1OC2(C(=O)COC(=O)c3ccncc3)CCC3(O1)[C@H]1CCC4=CC(=O)CCC4(C)[C@H]1[C@@H](O)CC23C,SMILES,1,88
2283,C/C=C\[C@@H]1OC2(C(=O)COC(=O)c3ccncc3)CCC3(O1)[C@H]1CCC4=CC(=O)CCC4(C)[C@H]1[C@@H](O)CC23C,SMILES,1,88
2284,C1=C(C=C2NCCN2)CCc2ccccc21,SMILES,1,88
2285,C1=Cc2c(cccc2OC[C@@H]2CNCCO2)C1,SMILES,1,88
2286,C1=NC[C@H](CC2=Cc3ccccc3CC2)N1,SMILES,1,88
2287,C=C(C)[C@H]1CCC(C)=C[C@@H]1c1c(O)cc(CCCCC)cc1O,SMILES,1,88
2288,C=C1CCC2(O)C3Cc4ccc(O)c5c4C2(CCN3CC2CC2)C1O5,SMILES,1,88
2289,C=C1C[C@H](C)[C@@H]2C3Cc4ccc(O)cc4C2(CCN3CC2CCC2)C1,SMILES,1,88
2291,C=C1C[C@H]2[C@@H]3CCC4=CC(=O)C=CC4(C)C3(F)[C@@H](O)CC2(C)C1(O)C(=O)CO,SMILES,1,88
2292,C=C1C[C@H]2[C@@H]3CCC4=CC(=O)C=CC4(C)[C@H]3[C@@H](O)CC2(C)C1(O)C(=O)CO,SMILES,1,88
2293,C=CC1([C@@H](C)CCC)C(=O)NC(=O)NC1=O,SMILES,1,88
2294,C=CC1CN2CCC1C[C@H]2[C@@H](O)c1ccnc2ccc(OC)cc12,SMILES,1,88
2296,C=CCC1([C@@H](C)C#CCC)C(=O)NC(=O)N(C)C1=O,SMILES,1,88
2298,C=CCC1([C@@H](C)CCC)C(=O)NC(=S)NC1=O,SMILES,1,88
2299,C=CCC1([C@@H]2C=CCCC2)C(=O)NC(=S)NC1=O,SMILES,1,88
2301,C=CCN1CCC23CCCC[C@@H]2C1Cc1ccc(O)cc13,SMILES,1,88
2303,C=CCN1CCC23c4c5ccc(O)c4O[C@@H]2C2(OC)C=CC3(CC2C(C)(O)CCC)C1C5,SMILES,1,88
2304,C=CCN1CCC23c4c5ccc(O)c4O[C@@H]2C2(OC)C=CC3(C[C@H]2C(C)(O)CCC)C1C5,SMILES,1,88
2305,C=CCN1CCC23c4c5ccc(O)c4O[C@@H]2[C@@H](O)C=C[C@@H]3C1C5,SMILES,1,88
2308,C=CCN1C[C@@H](C(=O)N(CCCN(C)C)C(=O)NCC)C[C@H]2c3cccc4[nH]cc(c34)C[C@@H]21,SMILES,1,88
2309,C=CC[C@H](N)Cc1ccccc1,SMILES,1,88
2311,CC(=O)C1(O)C(O)C[C@H]2[C@@H]3CCC4=CC(=O)C=CC4(C)C3(F)[C@@H](O)CC21C,SMILES,1,88
2312,CC(=O)C1(O)CC[C@H]2[C@@H]3CCC4=CC(=O)C=CC4(C)[C@H]3[C@@H](O)CC21C,SMILES,1,88
2313,CC(=O)C1(O)CC[C@H]2[C@@H]3C[C@H](C)C4=CC(=O)C=CC4(C)C3(F)[C@@H](O)CC21C,SMILES,1,88
2314,CC(=O)C1(O)[C@@H](C)C[C@H]2[C@@H]3CCC4=CC(=O)C=CC4(C)C3(F)[C@@H](O)CC21C,SMILES,1,88
2317,CC(=O)C12OC(C)(C)O[C@H]1C[C@H]1[C@H]3CCC4=CC(=O)CCC4(C)[C@H]3CCC12C,SMILES,1,88
2318,CC(=O)C1CC[C@H]2[C@@H]3CC=C4C[C@@H](OC(=O)CCC(=O)O)CCC4(C)[C@H]3CCC12C,SMILES,1,88
2319,CC(=O)C1CC[C@H]2[C@@H]3CCC4=CC(=O)CCC4(C)[C@H]3CCC12C,SMILES,1,88
2320,CC(=O)C1CC[C@H]2[C@@H]3C[C@H](C)C4=CC(=O)C=CC4(C)[C@H]3[C@@H](O)CC12C,SMILES,1,88
2321,CC(=O)C1CC[C@H]2[C@@H]3C[C@H](C)C4=CC(=O)CCC4(C)[C@H]3[C@@H](O)CC12C,SMILES,1,88
2322,CC(=O)C1CC[C@H]2[C@@H]3C[C@H](O)C45CC4CCC5(C)[C@H]3CCC12C,SMILES,1,88
2324,CC(=O)CC(=O)C12OC(C)(C)O[C@H]1C[C@H]1[C@@H]3CC(C#N)=C4C=C(OCCCl)CCC4(C)C3(F)C(O)CC12C,SMILES,1,88
2325,CC(=O)OC1(C(C)=O)CC[C@H]2[C@@H]3C[C@H](C)C4=CC(=O)C=CC4(C)C3(F)[C@@H](O)CC21C,SMILES,1,88
2326,CC(=O)OCC(=O)C1(O)CC[C@H]2[C@@H]3CCC4=CC(=O)C=CC4(C)C3(Cl)[C@@H](Cl)CC21C,SMILES,1,88
2327,CC(=O)OCC(=O)C1(O)CC[C@H]2[C@@H]3CCC4=CC(=O)C=CC4(C)C3(F)[C@@H](O)CC21C,SMILES,1,88
2328,CC(=O)OCC(=O)C1(O)CC[C@H]2[C@@H]3CCC4=CC(=O)C=CC4(C)[C@H]3[C@@H](O)CC21C,SMILES,1,88
2329,CC(=O)OCC(=O)C1(O)CC[C@H]2[C@@H]3CCC4=CC(=O)CCC4(C)C3(F)[C@@H](O)CC21C,SMILES,1,88
2330,CC(=O)OCC(=O)C1(O)CC[C@H]2[C@@H]3CCC4=CC(=O)CCC4(C)[C@H]3[C@@H](O)CC21C,SMILES,1,88
2332,CC(=O)OCC(=O)C1(O)CC[C@H]2[C@@H]3C[C@H](Cl)C4=CC(=O)C=CC4(C)[C@H]3C(=O)CC21C,SMILES,1,88
2334,CC(=O)OCC(=O)C1(O)[C@@H](C)C[C@H]2[C@@H]3CC(F)(F)C4=CC(=O)C=CC4(C)C3(F)[C@@H](O)CC21C,SMILES,1,88
2335,CC(=O)OCC(=O)C1(O)[C@@H](C)C[C@H]2[C@@H]3CCC4=CC(=O)C=CC4(C)C3(F)[C@@H](O)CC21C,SMILES,1,88
2336,CC(=O)OCC(=O)C1(O)[C@@H](C)C[C@H]2[C@@H]3C[C@H](F)C4=CC(=O)C=CC4(C)[C@H]3C(O)CC21C,SMILES,1,88
2338,CC(=O)OCC(=O)C1(O)[C@@H](OC(C)=O)C[C@H]2[C@@H]3CCC4=CC(=O)C=CC4(C)C3(F)[C@@H](O)CC21C,SMILES,1,88
2339,CC(=O)OCC(=O)C1(OC(=O)C(C)C)[C@@H](C)C[C@H]2[C@@H]3CCC4=CC(=O)C=CC4(C)C3(F)[C@@H](O)CC21C,SMILES,1,88
2340,CC(=O)OCC(=O)C1(OC(=O)c2ccco2)[C@@H](C)C[C@H]2[C@@H]3CCC4=CC(=O)C=CC4(C)C3(F)[C@@H](O)CC21C,SMILES,1,88
2341,CC(=O)OCC(=O)C1(OC(C)=O)CC[C@H]2[C@@H]3C[C@H](F)C4=CC(=O)C(Br)=CC4(C)C3(F)[C@@H](O)CC21C,SMILES,1,88
2342,CC(=O)OCC(=O)C1(OC(C)=O)[C@@H](C)C[C@H]2[C@@H]3C[C@H](F)C4=CC(=O)C=CC4(C)C3(F)[C@@H](O)CC21C,SMILES,1,88
2344,CC(=O)OCC(=O)C12N=C(C)O[C@H]1C[C@H]1[C@@H]3CCC4=CC(=O)C=CC4(C)[C@H]3C(O)CC12C,SMILES,1,88
2345,CC(=O)OCC(=O)C12OC(C)(C)O[C@H]1C[C@H]1[C@@H]3CC(C#N)=C4C=C(OCCCl)CCC4(C)C3(F)C(O)CC12C,SMILES,1,88
2346,CC(=O)OCC(=O)C12OC(C)(C)O[C@H]1C[C@H]1[C@@H]3CC(C=O)=C4C=C(OCCCl)CCC4(C)C3(F)C(O)CC12C,SMILES,1,88
2347,CC(=O)OCC(=O)C12OC(C)(C)O[C@H]1C[C@H]1[C@@H]3C[C@H](F)C4=CC(=O)C=CC4(C)C3(F)C(O)CC12C,SMILES,1,88
2348,CC(=O)OCC(=O)C12OC(C)(C)O[C@H]1C[C@H]1[C@@H]3C[C@H](F)C4=CC(=O)C=CC4(C)[C@H]3C(O)CC12C,SMILES,1,88
2349,CC(=O)OCC(=O)C12OC3(CCCC3)O[C@H]1C[C@H]1[C@@H]3CCC4=CC(=O)C=CC4(C)C3(F)C(O)CC12C,SMILES,1,88
2350,CC(=O)OCC(=O)C12OC3(CCCC3)O[C@H]1C[C@H]1[C@@H]3CCC4=CC(=O)C=CC4(C)C3(F)[C@@H](O)CC12C,SMILES,1,88
2351,CC(=O)OCC(=O)C1[C@@H](C)C[C@H]2[C@@H]3C[C@H](F)C4=CC(=O)C=CC4(C)C3(Cl)[C@@H](O)CC12C,SMILES,1,88
2352,CC(=O)OCC1=CO[C@@H](OC(=O)CC(C)(C)OC(C)=O)[C@H]2C1=C[C@H](OC(=O)CC(C)C)C21CO1,SMILES,1,88
2353,CC(=O)OCC1=CO[C@@H](OC(=O)CC(C)C)[C@H]2C1=C[C@H](OC(=O)CC(C)(C)OC(C)=O)C21CO1,SMILES,1,88
2354,CC(=O)OCC1=CO[C@@H](OC(=O)CC(C)C)[C@H]2C1=C[C@H](OC(=O)CC(C)C)C21CO1,SMILES,1,88
2355,CC(=O)O[C@@H](C)C(=O)C1(O)CC[C@H]2[C@@H]3CCC4=CC(=O)C=CC4(C)C3(F)[C@@H](O)CC21C,SMILES,1,88
2357,CC(=O)O[C@H]1CCC2(C)[C@H]([C@@H]1Br)[C@@H](Br)C[C@H]1[C@@H]3CCC(C(C)CCCC(C)C)C3(C)CC[C@@H]12,SMILES,1,88
2360,CC(=O)[C@H]1CC[C@H]2[C@@H]3CC[C@H]4C[C@@H](O)CCC4(C)[C@H]3C(=O)CC12C,SMILES,1,88
2361,CC(=O)[C@H]1CC[C@H]2[C@H]3CC[C@H]4CC(C)(O)CCC4(C)[C@H]3CCC12C,SMILES,1,88
2362,CC(=O)[C@H]1CC[C@H]2[C@H]3CC[C@H]4C[C@@H](O)CCC4(C)[C@H]3CCC12C,SMILES,1,88
2363,CC(=O)c1ccc([C@H](O)[C@H](CO)NC(=O)C(Cl)Cl)cc1,SMILES,1,88
2365,CC(C)(C)C1(O)CCN2C[C@H]3c4ccccc4CCc4cccc(c43)[C@@H]2C1,SMILES,1,88
2366,CC(C)(C)CC(=O)OCC(=O)C1(O)CC[C@H]2[C@@H]3CCC4=CC(=O)C=CC4(C)[C@H]3C(O)CC21C,SMILES,1,88
2367,CC(C)(C)CC(=O)OCC(=O)C1(O)CC[C@H]2[C@@H]3CCC4=CC(=O)C=CC4(C)[C@H]3[C@@H](O)CC21C,SMILES,1,88
2368,CC(C)(C)CC(=O)OCC(=O)C12OC(C)(C)O[C@H]1C[C@H]1[C@@H]3CC4=CC(=O)C=CC4(C)C3(F)[C@@H](O)CC12C,SMILES,1,88
2369,CC(C)(C)CC(=O)OCC(=O)C12OC(C)(C)O[C@H]1C[C@H]1[C@@H]3CCC4=CC(=O)C=CC4(C)C3(F)C(O)CC12C,SMILES,1,88
2370,CC(C)(C)NC(=O)[C@@H]1CN(Cc2cccnc2)CCN1C[C@@H](O)C[C@H](Cc1ccccc1)C(=O)N[C@H]1c2ccccc2CC1O,SMILES,1,88
2372,CC(C)(C)NC[C@@H](O)c1ccccc1F,SMILES,1,88
2373,CC(C)(C)NC[C@H](O)COc1cccc2c1CCC(=O)N2,SMILES,1,88
2374,CC(C)(C)NC[C@H](O)COc1cccc2c1C[C@H](O)[C@@H](O)C2,SMILES,1,88
2376,CC(C)(C)OC(=O)c1ncn2c1[C@@H]1CCCN1C(=O)c1cc(Br)ccc1-2,SMILES,1,88
2378,CC(C)(C)[N+](O)=Cc1cc[n+]([O-])cc1,SMILES,1,88
2380,CC(C)(C)c1ccc(OC(F)(F)F)c(CN[C@H]2CCCN[C@H]2c2ccccc2)c1,SMILES,1,88
2383,CC(C)=CCN1CCC2(C)c3cc(O)ccc3C[C@H]1[C@H]2C,SMILES,1,88
2385,CC(C)=CCN1CCC23c4c5ccc(O)c4O[C@@H]2C(=O)CCC3(O)C1C5,SMILES,1,88
2386,CC(C)C(=O)OCC(=O)C12O[C@@H](C3CCCCC3)O[C@H]1C[C@H]1[C@@H]3CCC4=CC(=O)C=CC4(C)[C@H]3C(O)CC12C,SMILES,1,88
2387,CC(C)C1(C(C)C)OC[C@H](CO)O1,SMILES,1,88
2388,CC(C)C1(O)CCN2C[C@H]3c4ccccc4CCc4cccc(c43)[C@@H]2C1,SMILES,1,88
2390,CC(C)CCO[C@H](CN1CCCC1)c1ccccc1,SMILES,1,88
2392,CC(C)N1CCO[C@@H](c2ccc(C(F)(F)F)cc2)C1,SMILES,1,88
2394,CC(C)NC1C2CCC(CC2)C1(O)c1ccc(Cl)c(Cl)c1,SMILES,1,88
2395,CC(C)NC[C@H](O)COc1ccc(CCOCC2CC2)cc1,SMILES,1,88
2396,CC(C)NC[C@H](O)COc1cccc2[nH]ccc12,SMILES,1,88
2397,CC(C)Oc1ccc(OC(F)(F)F)cc1CN[C@H]1CCCN[C@H]1c1ccccc1,SMILES,1,88
2399,CC(C)[C@H](N)C(=O)OC[C@H](CO)OCn1cnc2c(=O)[nH]c(N)nc21,SMILES,1,88
2401,CC(Cc1ccccc1)N1CC(NC(=O)Nc2ccccc2)[O+]N1,SMILES,1,88
2402,CC1(C)NC(=O)[C@H](/C=C\c2ccccc2)O1,SMILES,1,88
2404,CC1(C)O[C@H]2C[C@H]3[C@@H]4CC5=CC(=O)C=CC5(C)C4(F)[C@@H](O)CC3(C)C2(C(=O)COC(=O)c2cc3ccccc3o2)O1,SMILES,1,88
2406,CC1(C)O[C@H]2C[C@H]3[C@@H]4CCC5=CC(=O)C=CC5(C)C4(F)C(O)CC3(C)C2(C(=O)COC(=O)c2cc3ccccc3o2)O1,SMILES,1,88
2407,CC1(C)O[C@H]2C[C@H]3[C@@H]4CCC5=CC(=O)C=CC5(C)[C@H]4C(O)CC3(C)C2(C(=O)CO)O1,SMILES,1,88
2408,CC1(C)O[C@H]2C[C@H]3[C@@H]4CCC5=CC(=O)C=CC5(C)[C@H]4[C@@H](O)CC3(C)C2(C(=O)CO)O1,SMILES,1,88
2409,CC1(C)O[C@H]2C[C@H]3[C@@H]4CCC5=CC(=O)CCC5(C)C4(F)C(O)CC3(C)C2(C(=O)CCl)O1,SMILES,1,88
2410,CC1(C)O[C@H]2C[C@H]3[C@@H]4CC[C@H]5CC(=O)CCC5(C)C4(F)C(O)CC3(C)C2(C(=O)CO)O1,SMILES,1,88
2411,CC1(C)O[C@H]2C[C@H]3[C@@H]4CC[C@H]5CC(=O)CCC5(C)C4(F)[C@@H](O)CC3(C)C2(C(=O)CO)O1,SMILES,1,88
2412,CC1(C)O[C@H]2C[C@H]3[C@@H]4C[C@H](F)C5=CC(=O)C=CC5(C)C4(Cl)[C@@H](Cl)CC3(C)C2(C(=O)CCl)O1,SMILES,1,88
2413,CC1(C)O[C@H]2C[C@H]3[C@@H]4C[C@H](F)C5=CC(=O)C=CC5(C)C4(Cl)[C@@H](Cl)CC3(C)C2(C(=O)CF)O1,SMILES,1,88
2415,CC1(C)O[C@H]2C[C@H]3[C@@H]4C[C@H](F)C5=CC(=O)C=CC5(C)C4(F)C(O)CC3(C)C2(C(=O)CO)O1,SMILES,1,88
2416,CC1(C)O[C@H]2C[C@H]3[C@@H]4C[C@H](F)C5=CC(=O)C=CC5(C)C4(F)C(O)CC3(C)C2(C(=O)COC(=O)C2CC2)O1,SMILES,1,88
2417,CC1(C)O[C@H]2C[C@H]3[C@@H]4C[C@H](F)C5=CC(=O)C=CC5(C)[C@H]4C(O)CC3(C)C2(C(=O)CO)O1,SMILES,1,88
2419,CC12C=C(Br)C(=O)C=C1[C@@H](F)C[C@H]1[C@@H]3CCC(O)(C(=O)CO)C3(C)C[C@H](O)C12F,SMILES,1,88
2420,CC12C=CC(=O)C=C1C(Cl)=C[C@@H]1[C@@H]2[C@@H](O)CC2(C)[C@H]1CCC2(O)C(=O)CO,SMILES,1,88
2421,CC12C=CC(=O)C=C1CC[C@@H]1[C@@H]2C(=O)CC2(C)[C@H]1CCC2(O)C(=O)CO,SMILES,1,88
2422,CC12C=CC(=O)C=C1CC[C@@H]1[C@@H]2[C@@H](O)CC2(C)[C@H]1CCC2(O)C(=O)CO,SMILES,1,88
2425,CC12C=CC(=O)C=C1CC[C@H]1[C@@H]3CCC(O)(C(=O)CO)C3(C)C[C@H](O)C12F,SMILES,1,88
2427,CC12C=CC(=O)C=C1CC[C@H]1[C@@H]3C[C@H]4Cc5ccccc5CC4(C(=O)CO)C3(C)C[C@H](O)C12F,SMILES,1,88
2428,CC12C=CC(=O)C=C1[C@@H](Cl)C[C@@H]1[C@@H]2C(=O)CC2(C)[C@H]1CCC2(O)C(=O)CO,SMILES,1,88
2429,CC12C=CC(=O)C=C1[C@@H](F)C[C@@H]1[C@@H]2[C@@H](O)CC2(C)[C@H]1CCC2(O)C(=O)CO,SMILES,1,88
2430,CC12C=CC(=O)C=C1[C@@H](F)C[C@H]1[C@@H]3C[C@H](O)C(O)(C(=O)CO)C3(C)C[C@H](O)C12F,SMILES,1,88
2431,CC12C=CC(=O)[C@@H]1C(=O)CC[C@@H]1[C@@H]2[C@@H](O)CC2(C)[C@H]1CCC2(O)C(=O)CO,SMILES,1,88
2432,CC12CC(=O)[C@H]3[C@@H](CC[C@H]4C[C@@H](O)CCC43C)[C@@H]1CC[C@@H]2C(=O)CO,SMILES,1,88
2433,CC12CCC(=O)C=C1CC[C@@H]1[C@@H]2C(=O)CC2(C)[C@H]1CCC2(O)C(=O)CO,SMILES,1,88
2434,CC12CCC(=O)C=C1CC[C@@H]1[C@@H]2[C@@H](O)CC2(C)[C@H]1CCC2(O)C(=O)COC(=O)CCC(=O)O,SMILES,1,88
2437,CC12CCC(=O)C=C1CC[C@H]1[C@@H]2CCC2(C)C(O)CC[C@@H]12,SMILES,1,88
2440,CC12CCCCC[C@@H](Cc3ccc(O)cc31)[C@@H]2N,SMILES,1,88
2441,CC12CC[C@@H]3c4ccc(O)cc4CC[C@@H]3[C@@H]1C[C@H](F)C2O,SMILES,1,88
2442,CC12N[C@@H](Cc3ccccc31)c1ccccc12,SMILES,1,88
2443,CC1=CC[C@@H]2C3Cc4ccc(O)c5c4C2(CCN3C)[C@H]1O5,SMILES,1,88
2444,CC1=CC[C@@H]2C3Cc4ccc(O)c5c4C2(CN3C)[C@H]1O5,SMILES,1,88
2445,CC1=C[C@@H]2[C@H]([C@@H](O)CC3(C)[C@H]2C[C@H](C)C3(O)C(=O)COC(=O)c2cccc(S(=O)(=O)O)c2)C2(C)Cc3cnn(-c4ccccc4)c3C=C12,SMILES,1,88
2447,CCC(=O)C1(C)[C@@H](C)C[C@H]2[C@@H]3CCC4=CC(=O)C=CC4(C)[C@H]3[C@@H](O)CC21C,SMILES,1,88
2448,CCC(=O)C1(O)CC[C@H]2[C@@H]3CCC4=CC(=O)CCC4(C)[C@H]3[C@@H](O)CC21C,SMILES,1,88
2450,CCC(=O)OC1(C(=O)CCl)[C@@H](C)C[C@H]2[C@@H]3CCC4=CC(=O)C=CC4(C)C3(F)[C@@H](O)CC21C,SMILES,1,88
2453,CCC(=O)OC1(C(=O)COC(C)=O)CC[C@H]2[C@@H]3C[C@H](C)C4=CC(=O)C=CC4(C)[C@H]3[C@@H](O)CC21C,SMILES,1,88
2454,CCC(=O)OC1(C(=O)COC)[C@@H](C)C[C@H]2[C@@H]3CCC4=CC(=O)C=CC4(C)C3(F)[C@@H](O)CC21C,SMILES,1,88
2455,CCC(=O)OC1(C(=O)SC)[C@@H](C)C[C@H]2[C@@H]3C[C@H](F)C4=CC(=O)C=CC4(C)C3(F)C(O)CC21C,SMILES,1,88
2456,CCC(=O)OC1(C(=O)SC)[C@@H](C)C[C@H]2[C@@H]3C[C@H](F)C4=CC(=O)C=CC4(C)C3(F)[C@@H](O)CC21C,SMILES,1,88
2457,CCC(=O)OC1(C(=O)SCCl)[C@@H](C)C[C@H]2[C@@H]3C[C@H](F)C4=CC(=O)C=CC4(C)C3(F)C(O)CC21C,SMILES,1,88
2458,CCC(=O)OC1(C(=O)SCCl)[C@@H](C)C[C@H]2[C@@H]3C[C@H](F)C4=CC(=O)C=CC4(C)C3(F)[C@@H](O)CC21C,SMILES,1,88
2459,CCC(=O)OC1(C(=O)SCF)[C@@H](C)C[C@H]2[C@@H]3C[C@H](F)C4=CC(=O)C=CC4(C)C3(F)C(O)CC21C,SMILES,1,88
2460,CCC(=O)OC1(C(=O)SCF)[C@@H](C)C[C@H]2[C@@H]3C[C@H](F)C4=CC(=O)C=CC4(C)C3(F)[C@@H](O)CC21C,SMILES,1,88
2462,CCC(=O)OC1(c2ccccc2)CCN(C)C[C@@H]1CC,SMILES,1,88
2463,CCC(=O)OCC(=O)C1(OC(=O)CC)[C@@H](C)C[C@H]2[C@@H]3CCC4=CC(=O)C=CC4(C)C3(Cl)[C@@H](O)CC21C,SMILES,1,88
2467,CCC(=O)c1ccc2c(c1)N(C[C@H](C)N(C)C)c1ccccc1S2,SMILES,1,88
2468,CCC(C)(C)C(=O)O[C@H]1C[C@H](C)C=C2C=C[C@H](C)[C@H](CC[C@H]3C[C@H](O)CC(=O)O3)[C@@H]21,SMILES,1,88
2469,CCC(C)(O)C1CC23C=CC1(OC)[C@H]1Oc4c(OC)ccc5c4C12CCN(CC1CC1)C3C5,SMILES,1,88
2471,CCC(C)[C@H](CC)C(N)=O,SMILES,1,88
2472,CCC1(CC)C(=O)NC[C@H](C)C1=O,SMILES,1,88
2474,CCC1(O)CCN2CCc3ccc(C)cc3[C@@H]2C1,SMILES,1,88
2475,CCC1(O)C[C@H]2CN(CCc3c([nH]c4ccccc34)C(C(=O)OC)(c3cc4c(cc3OC)N(C)[C@@H]3C(O)(C(=O)OC)[C@@H](OC(C)=O)C5(CC)C=CCN6CCC43[C@H]65)C2)C1,SMILES,1,88
2477,CCC12CCN(CC3(O)CC3)[C@@H](Cc3ccc(O)cc31)C2(C)C,SMILES,1,88
2478,CCC12CCN(CC3CC3)[C@@H](Cc3ccc(O)cc31)C2(C)C,SMILES,1,88
2480,CCC1CC(=O)C2Oc3c(OC)ccc4c3C23CCN(CC2CC2)C(C4)[C@@H]13,SMILES,1,88
2481,CCCC(=O)OC1(C(=O)CCl)[C@@H](C)C[C@H]2[C@@H]3CCC4=CC(=O)C=CC4(C)C3(F)C(=O)CC21C,SMILES,1,88
2482,CCCC(=O)OC1(C(=O)CO)CC[C@H]2[C@@H]3CCC4=CC(=O)CCC4(C)[C@H]3[C@@H](O)CC21C,SMILES,1,88
2484,CCCC(=O)OC1(C(=O)COC(C)=O)CC[C@H]2[C@@H]3C[C@H](C)C4=CC(=O)CCC4(C)[C@H]3[C@@H](O)CC21C,SMILES,1,88
2485,CCCC(=O)OC1(C(=O)COC(C)=O)CC[C@H]2[C@@H]3C[C@H](F)C4=CC(=O)C=CC4(C)C3(F)C(O)CC21C,SMILES,1,88
2486,CCCC(=O)OC1(C(=O)COC(C)=O)CC[C@H]2[C@@H]3C[C@H](F)C4=CC(=O)C=CC4(C)C3(F)[C@@H](O)CC21C,SMILES,1,88
2487,CCCC(=O)OC1(C(=O)COC(C)=O)[C@@H](C)C[C@H]2[C@@H]3CCC4=CC(=O)C=CC4(C)C3(Cl)[C@@H](O)CC21C,SMILES,1,88
2489,CCCC(=O)OCC(=O)C1(OC(=O)CCC)[C@@H](C)C[C@H]2[C@@H]3CCC4=CC(=O)C=CC4(C)C3(Cl)[C@@H](Cl)CC21C,SMILES,1,88
2490,CCCC(C)(O)C1CC23C=CC1(OC)[C@H]1Oc4c(OC(C)=O)ccc5c4C12CCN(C)C3C5,SMILES,1,88
2491,CCCC(C)(O)[C@@H]1CC23C=CC1(OC)[C@H]1Oc4c(O)ccc5c4C12CCN(C)C3C5,SMILES,1,88
2492,CCCC(C)(O)[C@@H]1CC23C=CC1(OC)[C@H]1Oc4c(OC(C)=O)ccc5c4C12CCN(C)C3C5,SMILES,1,88
2493,CCCC1(c2cccc(O)c2)CCN(C)C[C@H]1C,SMILES,1,88
2494,CCCCC(=O)OC1(C(=O)CO)CC[C@H]2[C@@H]3CCC4=CC(=O)C=CC4(C)[C@H]3[C@@H](O)CC21C,SMILES,1,88
2495,CCCCC(=O)OC1(C(=O)CO)CC[C@H]2[C@@H]3C[C@H](F)C4=CC(=O)C=CC4(C)[C@H]3[C@@H](O)CC21C,SMILES,1,88
2496,CCCCC(=O)OC1(C(=O)CO)[C@@H](C)C[C@H]2[C@@H]3CCC4=CC(=O)C=CC4(C)C3(F)[C@@H](O)CC21C,SMILES,1,88
2497,CCCCCC(=O)CCC1(C)[C@@H]2Cc3ccc(O)cc3C1(C)CCN2C,SMILES,1,88
2498,CCCCCC(=O)OCC(=O)C1[C@@H](C)C[C@H]2[C@@H]3C[C@H](F)C4=CC(=O)C=CC4(C)[C@H]3C(O)CC12C,SMILES,1,88
2499,CCCCCCCCCC1(C)OC[C@@H](COC(N)=O)O1,SMILES,1,88
2500,CCCCCCCCCCCCCC(=O)O[C@H]1C=C[C@@H]2C3Cc4ccc(OCc5ccccc5)c5c4C2(CCN3C)[C@@H]1O5,SMILES,1,88
2502,CCCCCCCNC(=O)Oc1ccc2c(c1)C1(C)CCN(C)[C@H]1N2C,SMILES,1,88
2503,CCCCCC[C@H](C)NN,SMILES,1,88
2504,CCCCCCn1ccc(=O)c(O)c1C,SMILES,1,88
2505,CCCCCNC12C=CC(=O)C3Oc4c(O)ccc5c4C31CCN(C)C2C5,SMILES,1,88
2506,CCCCC[C@H](C)[C@H](C)c1cc(OC(=O)CCCN2CCCCCC2)c2c(c1)OC(C)(C)C1=C2C[C@@H](C)CC1,SMILES,1,88
2508,CCCCN1C(=O)[C@H]2C(=O)N(CCCCN3CCN(c4ccccc4OC)CC3)C(=O)[C@H](C1=O)C2(C)C,SMILES,1,88
2509,CCCCN1C[C@H]2Cc3cc(OC)c(OC)cc3[C@H]2C1,SMILES,1,88
2510,CCCCNC[C@H]1COc2cccc(OCC)c2O1,SMILES,1,88
2511,CCCCOC(=O)C(=O)C1[C@@H](C)C[C@H]2[C@@H]3C[C@H](F)C4=CC(=O)C=CC4(C)[C@H]3C(O)CC12C,SMILES,1,88
2512,CCCCOC[C@H](CN1C(=O)N(C[C@@H](COCCCC)OC(N)=O)C(=O)C(CC)(c2ccccc2)C1=O)OC(N)=O,SMILES,1,88
2513,CCCCOC[C@H](CN1C(=O)NC(=O)C(CC)(c2ccccc2)C1=O)OC(N)=O,SMILES,1,88
2514,CCCC[C@H](CC)CNC(=O)C[C@H](C)O,SMILES,1,88
2516,CCCN(CCCCN1C(=O)CC2(CCCC2)CC1=O)[C@@H]1COc2cccc(OC)c2C1,SMILES,1,88
2517,CCCN1C[C@@H](CSC)C[C@H]2c3cccc4[nH]cc(c34)C[C@@H]21,SMILES,1,88
2519,CCCNC(=O)N1C[C@H](c2ccccc2)OC1=O,SMILES,1,88
2520,CCC[C@@H](C(=O)c1ccc(C)cc1)N1CCCC1,SMILES,1,88
2521,CCC[C@@H](C)CC,SMILES,1,88
2522,CCC[C@@H](O)Cl,SMILES,1,88
2524,CCC[C@H](C)C1(CC)C(=O)NC(=S)NC1=O,SMILES,1,88
2525,CCC[C@H](CC)C1(CC)C(=O)NC(=O)NC1=O,SMILES,1,88
2526,CCC[C@H](CC)C1(CC)C(=O)NC(=S)NC1=O,SMILES,1,88
2527,CCC[C@H]1O[C@H]2C[C@H]3[C@@H]4CCC5=CC(=O)C=CC5(C)[C@H]4C(O)CC3(C)C2(C(=O)CO)O1,SMILES,1,88
2528,CCC[C@H]1O[C@H]2C[C@H]3[C@@H]4CCC5=CC(=O)C=CC5(C)[C@H]4[C@@H](O)CC3(C)C2(C(=O)CO)O1,SMILES,1,88
2529,CCC[C@H]1O[C@H]2C[C@H]3[C@@H]4C[C@H](F)C5=CC(=O)C=CC5(C)C4(F)C(O)CC3(C)C2(C(=O)O[C@H](C)OC(=O)OCC)O1,SMILES,1,88
2530,CCC[C@H]1O[C@H]2C[C@H]3[C@@H]4C[C@H](F)C5=CC(=O)CCC5(C)C4(F)C(O)CC3(C)C2(C(=O)CO)O1,SMILES,1,88
2532,CCN(CC)C(=O)C1C2C=CC(C2)C1C(=O)N(CC)CC,SMILES,1,88
2534,CCN(CC)C(=O)N[C@H]1C[C@H]2c3cccc4[nH]cc(c34)C[C@@H]2N(C)C1,SMILES,1,88
2535,CCN(CC)C(=O)[C@H]1CN2CCc3cc(OC)c(OC)cc3[C@@H]2C[C@@H]1OC(C)=O,SMILES,1,88
2536,CCN(CC)C/C=C(\O)N1c2ccccc2Sc2ccc(C(F)(F)F)cc21,SMILES,1,88
2537,CCN(CC)CC(=O)OCC(=O)C1(O)CC[C@H]2[C@@H]3CCC4=CC(=O)C=CC4(C)[C@H]3C(O)CC21C,SMILES,1,88
2538,CCN(CC)CC(=O)OCC(=O)C1(O)CC[C@H]2[C@@H]3CCC4=CC(=O)C=CC4(C)[C@H]3[C@@H](O)CC21C,SMILES,1,88
2539,CCN(CC)CC(=O)OCC(=O)C1(O)CC[C@H]2[C@@H]3CCC4=CC(=O)CCC4(C)[C@H]3[C@@H](O)CC21C,SMILES,1,88
2540,CCN(CC)S(=O)(=O)N[C@H]1C[C@H]2c3cccc4[nH]cc(c34)C[C@@H]2N(C)C1,SMILES,1,88
2542,CCN1CCC[C@H]1CNC(=O)c1cc(C(C)=O)ccc1OC,SMILES,1,88
2543,CCN1CCC[C@H]1CNC(=O)c1cc(S(=O)(=O)CC)ccc1OC,SMILES,1,88
2544,CCN1CCN(C(=O)N[C@H](C(=O)NC2C(=O)N3C(C(=O)O)=C(CSc4nnnn4C)CS[C@@H]23)c2ccc(O)cc2)C(=O)C1=O,SMILES,1,88
2545,CCN=C1NC(=O)[C@H](c2ccccc2)O1,SMILES,1,88
2546,CCN=C1Nc2ccc(Cl)cc2[C@H](c2ccccc2)S1,SMILES,1,88
2548,CCNC(Cc1ccccc1)[C@@H]1CCCO1,SMILES,1,88
2550,CCOC(=O)C1(c2ccccc2)CCC=C[C@@H]1N(C)C,SMILES,1,88
2551,CCOC(=O)C[C@@H](O)C[C@H](O)/C=C/C1=C(c2ccc(F)cc2)c2ccccc2OC12CCCC2,SMILES,1,88
2552,CCOC(=O)C[C@@H](O)C[C@H](O)/C=C\C1=C(c2ccc(F)cc2)c2ccccc2OC12CCCC2,SMILES,1,88
2553,CCOC(=O)NN[C@@H](C)c1ccccc1,SMILES,1,88
2555,CCOC(=O)OC1(C(=O)COC(=O)CC)CC[C@H]2[C@@H]3CCC4=CC(=O)C=CC4(C)[C@H]3[C@@H](O)CC21C,SMILES,1,88
2556,CCOC(=O)OC1(C(=O)OCCl)CC[C@H]2[C@@H]3CCC4=CC(=O)C=CC4(C)[C@H]3C(O)CC21C,SMILES,1,88
2558,CCOC(=O)c1cncn1[C@@H](C)c1ccc(F)cc1,SMILES,1,88
2559,CCO[C@H]1CC2(C)[C@@H](CC[C@@H]3[C@@H]2[C@@H](N(C)C)CC2(C)[C@@H](C(C)=O)CC[C@@H]32)C[C@@H]1O,SMILES,1,88
2560,CCO[C@H]1c2ccccc2C(=O)N(C)c2ccccc21,SMILES,1,88
2561,CCOc1cc(N)c([N+](=O)[O-])cc1C(=O)NC1CCN(C[C@@H]2CC=CCC2)CC1,SMILES,1,88
2562,CCOc1ccccc1OC[C@@H]1CNCCO1,SMILES,1,88
2563,CCSC1(SC)CC[C@H]2[C@@H]3CCC4=CC(=O)C=CC4(C)C3(F)[C@@H](O)CC21C,SMILES,1,88
2564,CC[C@@H]1C(=O)NC(=O)C1(C)c1ccccc1,SMILES,1,88
2565,CC[C@H](C(=O)OCCN1CCO[C@@H](c2ccccc2)[C@@H]1C)c1ccccc1,SMILES,1,88
2566,CC[C@H](C)C(=O)O[C@H]1CCC=C2C=C[C@H](C)[C@H](CC[C@H]3C[C@H](O)CC(=O)O3)[C@@H]21,SMILES,1,88
2567,CC[C@H](C)C(C)(COC(N)=O)COC(=O)NC(C)C,SMILES,1,88
2568,CC[C@H](C)N(C)C(=O)c1cc2ccccc2c(-c2ccccc2Cl)n1,SMILES,1,88
2569,CC[C@H](C)N1CCN(c2ccc(I)cc2)CC1,SMILES,1,88
2570,CC[C@H](C)Nc1ccc(I)c(N[C@@H](C)CC)c1,SMILES,1,88
2571,CC[C@H](N)Cc1c[nH]c2ccccc12,SMILES,1,88
2573,CC[C@H]1CC(=O)C2Oc3c(OC)ccc4c3C23CCN(CC2CC2)C(C4)[C@@H]13,SMILES,1,88
2574,CCc1c(C)[nH]c2c1C(=O)[C@H](CN1CCOCC1)CC2,SMILES,1,88
2575,CCc1ccc2c(c1)N(C[C@@H](C)CN(C)C)c1ccccc1S2,SMILES,1,88
2576,CN(C(=O)C(c1ccccc1)c1ccccc1)[C@H](CN1CCC(O)C1)c1ccccc1,SMILES,1,88
2577,CN(C(=O)Cc1ccc(Cl)c(Cl)c1)[C@H](CN1CCCC1)c1ccccc1,SMILES,1,88
2579,CN(C(=O)Cc1ccc(Cl)c(Cl)c1)[C@H]1CCCC[C@@H]1N1CCCC1,SMILES,1,88
2581,CN(C)C1=NC(=O)[C@H](c2ccccc2)O1,SMILES,1,88
2582,CN(C)CC/C=C1/c2ccccc2CNc2cc(Cl)ccc21,SMILES,1,88
2583,CN(C)CCC1(C)OCCC2=C1Cc1ccccc12,SMILES,1,88
2584,CN(C)CCC1(c2ccccc2)CCc2ccccc2C1=O,SMILES,1,88
2585,CN(C)CCCN1Cc2ccccc2Cc2ccccc21,SMILES,1,88
2586,CN(C)CCO[C@@H](c1ccccc1)c1ccccc1C(C)(C)C,SMILES,1,88
2588,CN(C)C[C@@H](CN1c2ccccc2Sc2ccccc21)N(C)C,SMILES,1,88
2591,CN(C)C[C@H]1COC2(O1)c1ccccc1COc1ccccc12,SMILES,1,88
2592,CN(C)Cc1ccc(-c2cccc(N[C@H]3N=CC=C3[N+](=O)[O-])c2)o1,SMILES,1,88
2593,CN(C)Cc1ccnc(-c2cccc(N[C@H]3N=CC=C3[N+](=O)[O-])c2)c1,SMILES,1,88
2594,CN(C)[C@@H]1C(=O)C(C(=O)NCN2CCCC2)=C(O)C2(O)C(=O)C3=C(O)c4c(O)cccc4C(C)(O)[C@H]3C[C@@H]12,SMILES,1,88
2595,CN(C)[C@H]1CCc2[nH]c3c(F)cc(F)cc3c2C1,SMILES,1,88
2596,CN(C)c1ccc(O)c2c1C[C@@H]1C[C@H]3[C@H](N(C)C)C(O)=C(C(N)=O)C(=O)C3(O)C(O)=C1C2=O,SMILES,1,88
2598,CN1C(=O)CCS(=O)(=O)[C@H]1c1ccc(Cl)c(Cl)c1,SMILES,1,88
2599,CN1C(=O)C[C@@H](c2ccccc2)C1=O,SMILES,1,88
2600,CN1C(=O)[C@H](O)N=C(c2ccccc2F)c2cc(Cl)ccc21,SMILES,1,88
2602,CN1CCC2(C)c3cc(OC(=O)N4CCc5ccccc5C4)ccc3N(C)[C@H]12,SMILES,1,88
2603,CN1CCC2(C)c3cc(OC(=O)Nc4ccccc4)ccc3N(C)[C@H]12,SMILES,1,88
2604,CN1CCC23CCCC[C@@H]2C1Cc1ccc(O)cc13,SMILES,1,88
2605,CN1CCC23NC(=O)CC(c4cc(Cl)ccc4O2)[C@H]3C1,SMILES,1,88
2606,CN1CCC23c4c5ccc(O)c4OC2(C)C(=O)CC[C@@H]3C1C5,SMILES,1,88
2607,CN1CCC23c4c5ccc(O)c4OC2C(=O)CCC3(O)C1C5,SMILES,1,88
2608,CN1CCC23c4c5ccc(O)c4OC2C(=O)CC[C@@H]3C1C5,SMILES,1,88
2609,CN1CCC23c4c5ccc(O)c4OC2C(C)(O)CC[C@@H]3C1C5,SMILES,1,88
2610,CN1CCC23c4c5ccc(O)c4O[C@@H]2[C@@H](O)C=C[C@@H]3C1C5,SMILES,1,88
2611,CN1CCC23c4c5ccc(O)c4O[C@@H]2[C@@H](O)CCC3(O)C1C5,SMILES,1,88
2612,CN1CCC23c4c5ccc(O)c4O[C@@H]2[C@@H](O)CC[C@@H]3C1C5,SMILES,1,88
2613,CN1CCC23c4c5ccc(O)c4O[C@H]2CCC[C@@H]3C1C5,SMILES,1,88
2614,CN1CCC23c4c5ccc(OC(=O)c6cccnc6)c4O[C@@H]2C(OC(=O)c2cccnc2)C=C[C@@H]3C1C5,SMILES,1,88
2617,CN1CCC[C@H](CN2c3ccccc3Sc3ccccc32)C1,SMILES,1,88
2618,CN1CCCc2cccc(OC[C@@H]3CNCCO3)c21,SMILES,1,88
2619,CN1CCN(C(=O)O[C@H]2c3nccnc3C(=O)N2c2ccc(Cl)cn2)CC1,SMILES,1,88
2621,CN1CCN([C@@H](c2ccccc2)c2ccc(Cl)cc2)CC1,SMILES,1,88
2622,CN1CCN2c3cc(F)ccc3C(c3cccs3)=NC[C@@H]2C1,SMILES,1,88
2623,CN1CCN2c3ccccc3Cn3cccc3[C@@H]2C1,SMILES,1,88
2624,CN1CCN2c3ncccc3Cc3ccccc3[C@H]2C1,SMILES,1,88
2625,CN1CCO[C@@H](c2ccccc2)c2ccccc2C1,SMILES,1,88
2626,CN1C[C@@H](CSc2ccccn2)C=C2c3cccc4[nH]cc(c34)C[C@@H]21,SMILES,1,88
2627,CN1C[C@@H](NS(=O)(=O)N(C)C)C[C@H]2c3cccc4c3c(cn4C)C[C@@H]21,SMILES,1,88
2628,CN1C[C@@H]2c3ccccc3Oc3ccc(Cl)cc3[C@H]2C1,SMILES,1,88
2630,CN1C[C@H]2Cc3ccc(Cl)cc3[C@H](c3ccccc3)[C@@H]2C1,SMILES,1,88
2631,CN1Cc2c(N)cccc2[C@H](c2ccccc2)C1,SMILES,1,88
2632,CN1[C@H](CC(=O)c2ccccc2)CCC[C@H]1C[C@H](O)c1ccccc1,SMILES,1,88
2633,CN1[C@H]2CC(OC(=O)[C@H](CO)c3ccccc3)C[C@H]1[C@@H]1O[C@H]12,SMILES,1,88
2635,CN1[C@H]2CC[C@H]1CC(NC(=O)N1CC(C)(C)c3ccccc31)C2,SMILES,1,88
2637,CN1[C@H]2CC[C@H]1CC(OC(=O)C(C)(CO)c1ccccc1)C2,SMILES,1,88
2638,CN1[C@H]2CC[C@H]1CC(OC(=O)[C@H](CO)c1ccccc1)C2,SMILES,1,88
2639,CN1[C@H]2CC[C@H]1CC(OC(c1ccccc1)c1ccccc1)C2,SMILES,1,88
2640,CN1c2cc(F)ccc2C(c2ccccc2)=NC[C@@H]1CNC(=O)c1ccoc1,SMILES,1,88
2641,CN1c2ccc(Cl)cc2C(c2ccccc2Cl)=NC[C@H]1CO,SMILES,1,88
2642,CN1c2ccccc2C(c2ccccc2F)=NC[C@@H]1CNC(=O)c1ccsc1,SMILES,1,88
2643,CNC(=O)CCN1CCN(CC/C=C2/c3ccccc3Sc3ccc(Cl)cc32)CC1,SMILES,1,88
2644,CNC(=O)N[C@@H](O)C(Cl)(Cl)Cl,SMILES,1,88
2645,CNC(=O)O[C@@H]1OC(=O)C2(C)C3C=CC(C3)[C@H]12,SMILES,1,88
2646,CNC(=O)O[C@@H]1OC(=O)[C@H]2C3C=CC(C3)[C@H]12,SMILES,1,88
2647,CNC(=O)Oc1ccc2c(c1)C1(C)CCN(C)[C@H]1N2C,SMILES,1,88
2648,CNC1=CN(O)C(c2ccccc2)=c2cc(Cl)ccc2=N1,SMILES,1,88
2649,CNCCSC1=Cc2ccccc2Oc2ccc(F)cc21,SMILES,1,88
2650,CNCC[C@H](Oc1ccc(C(F)(F)F)cc1)c1ccccc1,SMILES,1,88
2651,CN[C@H]1CC[C@@H](c2ccccc2)c2ccccc21,SMILES,1,88
2652,CN[C@H]1CCc2ncsc2C1,SMILES,1,88
2654,CO/N=C(/C#N)[C@@H]1CN2CCC1CC2,SMILES,1,88
2655,CO/N=C(/C(=O)NC1C(=O)N2C(C(=O)O)=C(COC(N)=O)CS[C@@H]12)c1ccco1,SMILES,1,88
2657,COC(=O)C1(O)CC[C@H]2[C@@H]3CCC(=O)[C@H]4C(=O)C=CC4(C)[C@H]3[C@@H](O)CC21C,SMILES,1,88
2658,COC(=O)[C@@H]1C(O)=CC(Nc2ccc(Cl)cc2)=C[C@@H]1C,SMILES,1,88
2660,COC(=O)[C@@H]1C(O)=CC(Nc2cccc([N+](=O)[O-])c2)=C[C@@H]1C,SMILES,1,88
2661,COC(=O)[C@@H]1[C@@H](OC(=O)c2ccccc2)C[C@@H]2CC[C@@H]1N2C,SMILES,1,88
2662,COC(=O)[C@H]1[C@H]2C[C@H]3c4[nH]c5cc(OC)ccc5c4CCN3C[C@H]2C[C@H](OC(=O)/C=C/c2cc(OC)c(OC)c(OC)c2)[C@H]1OC,SMILES,1,88
2663,COC(=O)[C@H]1[C@H]2C[C@H]3c4[nH]c5cc(OC)ccc5c4CCN3C[C@H]2C[C@H](OC(=O)c2cc(OC)c(OC)c(OC)c2)[C@H]1OC,SMILES,1,88
2664,COC(=O)[C@H]1[C@H]2C[C@H]3c4[nH]c5cc(OC)ccc5c4CCN3C[C@H]2C[C@H](OC)[C@H]1OC,SMILES,1,88
2665,COC(=O)[C@H]1[C@H]2C[C@H]3c4[nH]c5ccc(Cl)cc5c4CCN3C[C@H]2C[C@H](OC(=O)c2cc(OC)c(OC)c(OC)c2)[C@H]1OC,SMILES,1,88
2666,COC(=O)[C@H]1[C@H]2C[C@H]3c4[nH]c5ccccc5c4CCN3C[C@H]2C[C@H](OC(=O)c2cc(OC)c(OC)c(OC)c2)[C@H]1OC,SMILES,1,88
2667,COC(=O)c1cncn1[C@@H](C)c1ccccc1,SMILES,1,88
2668,COC(OC)C(=O)C12OC(C)(C)O[C@H]1C[C@H]1[C@@H]3C[C@H](F)C4=CC(=O)C=CC4(C)C3(F)C(O)CC12C,SMILES,1,88
2669,COC12C=CC3(C[C@H]1C(C)(C)O)C1Cc4ccc(O)c5c4C3(CCN1CC1CC1)[C@@H]2O5,SMILES,1,88
2670,COC12CCC3(CC1C(C)(C)O)C1Cc4ccc(O)c5c4C3(CCN1CC1CC1)[C@@H]2O5,SMILES,1,88
2674,COC1=CC=C2C3Cc4ccc(OC)c5c4C2(CCN3C)[C@@H]1O5,SMILES,1,88
2675,COCCN1CCC23c4c5ccc(O)c4OC2C(=O)CCC3(O)C1C5,SMILES,1,88
2676,COCCc1ccc(OC[C@@H](O)CNC(C)C)cc1,SMILES,1,88
2677,COCc1c(C(C)C)nc(C(C)C)c(/C=C/[C@@H](O)C[C@H](O)CC(=O)O)c1-c1ccc(F)cc1,SMILES,1,88
2678,CO[C@H]1CC[C@@H]2C3Cc4ccc(O)c5c4C2(CCN3C)[C@@H]1O5,SMILES,1,88
2679,CO[C@H]1OC2OC3(CN4CCCCC4)C(O)CC(C13)[C@@H]2C,SMILES,1,88
2680,CO[C@H]1OC2OC3(CN4CCCCC4)C(O)C[C@H]([C@H]13)[C@@H]2C,SMILES,1,88
2681,COc1cc([C@H]2c3cc4c(cc3[C@@H](O[C@H]3O[C@H]5CO[C@H](c6cccs6)O[C@H]5[C@@H](O)[C@@H]3O)[C@@H]3COC(=O)[C@@H]23)OCO4)cc(OC)c1O,SMILES,1,88
2682,COc1cc2c(cc1CN[C@H]1C3CCN(C3)C1C(c1ccccc1)c1ccccc1)N(S(C)(=O)=O)CC2,SMILES,1,88
2683,COc1cc2c(cc1CN[C@H]1CCCN[C@H]1c1ccccc1)N(S(C)(=O)=O)[C@@H](C)C2,SMILES,1,88
2685,COc1cc2c(cc1OC)S(=O)(=O)O[C@H](C(=O)N[C@@H](C)CC(C)(C)N(C)C)C2,SMILES,1,88
2686,COc1cc2c(cc1OC)[C@@H]1CC(=O)[C@@H](CC(C)C)CN1CC2,SMILES,1,88
2687,COc1cc2c3c(c1O)C1(C=CC(=O)C=C1)C[C@@H]3N(C)CC2,SMILES,1,88
2688,COc1cc2oc(C)nc2cc1CN[C@H]1CCCN[C@H]1c1ccccc1,SMILES,1,88
2689,COc1cc2sc(-c3ccccc3)nc2cc1CN[C@H]1CCCN[C@H]1c1ccccc1,SMILES,1,88
2690,COc1cc2sc(C(C)(C)C)nc2cc1CN[C@H]1CCCN[C@H]1c1ccccc1,SMILES,1,88
2691,COc1cc2sc(C)nc2cc1CN[C@H]1CCCN[C@H]1c1ccccc1,SMILES,1,88
2692,COc1cc2sc(C3CC3)nc2cc1CN[C@H]1CCCN[C@H]1c1ccccc1,SMILES,1,88
2693,COc1ccc(-c2nccs2)cc1CN[C@H]1CCCN[C@H]1c1ccccc1,SMILES,1,88
2694,COc1ccc(-n2nc(C)cc2C)cc1CN[C@H]1CCCN[C@H]1c1ccccc1,SMILES,1,88
2695,COc1ccc(C(C)(C)C)cc1CN[C@H]1C2CCN(CC2)C1C(c1ccccc1)c1ccccc1,SMILES,1,88
2697,COc1ccc(C(C)C)cc1CN[C@H]1C2CCN(CC2)[C@H]1C(c1ccccc1)c1ccccc1,SMILES,1,88
2698,COc1ccc(C(C)C)cc1CN[C@H]1CCCN[C@H]1c1ccccc1,SMILES,1,88
2699,COc1ccc(CCN2CCN(c3ccccc3Cl)CC2)cc1OC,SMILES,1,88
2700,COc1ccc(N(c2nc(C)c(C)s2)S(C)(=O)=O)cc1CN[C@H]1CCCN[C@H]1c1ccccc1,SMILES,1,88
2701,COc1ccc(N2CCCC2=O)cc1CN[C@H]1CCCN[C@H]1c1ccccc1,SMILES,1,88
2702,COc1ccc(OC[C@@H]2CN(C)CC[C@@H]2c2ccccc2)cc1,SMILES,1,88
2705,COc1ccc(S(N)(=O)=O)cc1C(=O)NC[C@@H]1CCCN1Cc1ccc(F)cc1,SMILES,1,88
2707,COc1ccc2c(c1)/C(=C\CCN(C)C)c1ccccc1O2,SMILES,1,88
2708,COc1ccc2c(c1)C13CCCC[C@@H]1C(C2)N(C)CC3,SMILES,1,88
2709,COc1ccc2c(c1)CN(C)C[C@H]2c1ccc(Cl)c(Cl)c1,SMILES,1,88
2710,COc1ccc2c(c1)N(C[C@@H](C)CN1CCC(O)CC1)c1ccccc1S2,SMILES,1,88
2712,COc1ccc2c3c([nH]c2c1)[C@@H]1C[C@H]2[C@H](C[C@H](OC(=O)c4cc(OC)c(OC)c(OC)c4)[C@H](OC)[C@H]2OC(C)=O)CN1CC3,SMILES,1,88
2715,COc1ccc2c3c1O[C@@H]1C(=O)CCC4(O)C(C2)N(C)CCC314,SMILES,1,88
2717,COc1ccc2c3c1O[C@@H]1C(OC(C)=O)=CC[C@@H]4C(C2)N(C)CCC314,SMILES,1,88
2718,COc1ccc2c3c1O[C@@H]1[C@@H](O)C=C[C@@H]4C(C2)N(C)CCC341,SMILES,1,88
2719,COc1ccc2c3c1O[C@@H]1[C@@H](O)C=C[C@@H]4C(C2)NCCC341,SMILES,1,88
2720,COc1ccc2c3c1O[C@@H]1[C@@H](O)CC[C@@H]4C(C2)N(C)CCC341,SMILES,1,88
2721,COc1ccc2c3c1O[C@H]1C[C@H](O)C=CC31CCN(C)C2,SMILES,1,88
2722,COc1cccc(C(=O)NC2C[C@@H]3CC[C@@H](C2)N3Cc2ccccc2)c1OC,SMILES,1,88
2723,COc1cccc(C2(O)CCCC[C@H]2CN(C)C)c1,SMILES,1,88
2724,COc1cccc2c1C(=O)c1c(O)c3c(c(O)c1C2=O)CC(O)(C(=O)CO)C[C@@H]3O[C@@H]1C[C@H](N)[C@H](O)[C@H](C)O1,SMILES,1,88
2725,COc1ccccc1CN[C@H]1CCCN[C@H]1c1ccccc1,SMILES,1,88
2726,COc1ccccc1N1CCN(CCCCN2C(=O)[C@H]3C(=O)N(C(C)(C)C)C(=O)[C@H](C2=O)C3(C)C)CC1,SMILES,1,88
2727,COc1ccccc1N1CCN(CCC[C@H](O)c2ccc(F)cc2)CC1,SMILES,1,88
2728,COc1ccccc1N1CCN(C[C@H](O)COc2cc(OC)c(OC)c(OC)c2)CC1,SMILES,1,88
2729,COc1ccccc1OC[C@@H]1CNC(=O)O1,SMILES,1,88
2730,COc1ccccc1OC[C@H](O)COC(N)=O,SMILES,1,88
2731,CS(=O)(=O)c1ccc([C@H](O)[C@H](CO)NC(=O)C(Cl)Cl)cc1,SMILES,1,88
2732,CSC(=O)C1(O)[C@@H](C)C[C@H]2[C@@H]3CCC4=CC(=O)C=CC4(C)C3(F)[C@@H](O)CC21C,SMILES,1,88
2733,CSC(=O)C1(OC(C)=O)[C@@H](C)C[C@H]2[C@@H]3CCC4=CC(=O)C=CC4(C)C3(F)C(O)CC21C,SMILES,1,88
2735,C[C@@H](CC(C)(C)O)O[C@H](O)C(Cl)(Cl)Cl,SMILES,1,88
2737,C[C@@H](CN(C)C)CN1c2ccccc2S(=O)(=O)c2ccccc21,SMILES,1,88
2738,C[C@@H](CN(C)C)CN1c2ccccc2Sc2ccc(C(F)(F)F)cc21,SMILES,1,88
2739,C[C@@H](CN(C)C)CN1c2ccccc2Sc2ccccc21,SMILES,1,88
2740,C[C@@H](CN1C(=O)c2cccnc2Nc2ccccc21)N(C)C,SMILES,1,88
2742,C[C@@H](CNC(=O)c1ccccc1)C(=O)OCC(=O)C12OC(C)(C)O[C@H]1C[C@H]1[C@@H]3CCC4=CC(=O)C=CC4(C)C3(F)C(O)CC12C,SMILES,1,88
2743,C[C@@H](Cc1ccccc1)N(C)C,SMILES,1,88
2745,C[C@@H](Cc1ccccc1)N[C@H](C#N)c1ccccc1,SMILES,1,88
2746,C[C@@H]1NC(=O)CO[C@H]1c1ccccc1,SMILES,1,88
2747,C[C@@H]1NCCO[C@H]1c1ccccc1,SMILES,1,88
2749,C[C@@H]1O[C@H]1P(=O)(O)O,SMILES,1,88
2750,C[C@@H]1[C@@H]2Cc3ccc(O)cc3C1(C)CCN2C,SMILES,1,88
2751,C[C@@H]1[C@@H]2Cc3ccc(O)cc3C1(C)CCN2CC1CC1,SMILES,1,88
2752,C[C@@H]1[C@@H]2Cc3ccc(O)cc3C1(C)CCN2CCc1ccccc1,SMILES,1,88
2754,C[C@@H]1c2ccccc2N(C(N)=O)c2ccccc2[C@H]1C,SMILES,1,88
2755,C[C@H](F)OC(=O)c1ncn2c1CN(C)C(=O)c1cc(F)ccc1-2,SMILES,1,88
2756,C[C@H](N)C(=O)OC(C)(C)Cc1ccc(Cl)cc1,SMILES,1,88
2757,C[C@H](Oc1cccc2ccccc12)/C(N)=N\O,SMILES,1,88
2758,C[C@H]1CCCCC1(c1cccs1)N1CCCCC1,SMILES,1,88
2759,C[C@H]1CCCC[C@@H]1C,SMILES,1,88
2760,C[C@H]1CC[C@H](C)[C@@H](C)C1,SMILES,1,88
2761,C[C@H]1CN(C)C[C@@H]2Cc3c(ccc4ccccc34)OC21O,SMILES,1,88
2763,C[C@H]1CN2CC(=O)Nc3ccc(Cl)cc3C2(c2ccccc2)O1,SMILES,1,88
2764,C[C@H]1COC2(c3ccccc3Cl)c3cc(Cl)ccc3NC(=O)CN12,SMILES,1,88
2765,C[C@H]1C[C@@H]2[C@H]([C@@H](O)CC3(C)[C@@H](C(=O)O)CC[C@@H]23)C2(C)CCC(=O)C=C12,SMILES,1,88
2767,C[C@H]1C[C@@H]2[C@H]([C@@H](O)CC3(C)[C@H]2CCC3(O)C(=O)COC(=O)CCC(=O)O)C2(C)C=CC(=O)C=C12,SMILES,1,88
2768,C[C@H]1C[C@H]2[C@@H]3CC(F)(F)C4=CC(=O)C=CC4(C)C3(F)[C@@H](O)CC2(C)C1(O)C(=O)CO,SMILES,1,88
2769,C[C@H]1C[C@H]2[C@@H]3CCC4=CC(=O)C=CC4(C)C3(Cl)[C@@H](Cl)CC2(C)C1(O)C(=O)CO,SMILES,1,88
2770,C[C@H]1C[C@H]2[C@@H]3CCC4=CC(=O)C=CC4(C)C3(Cl)[C@@H](O)CC2(C)C1(O)C(=O)CCl,SMILES,1,88
2771,C[C@H]1C[C@H]2[C@@H]3CCC4=CC(=O)C=CC4(C)C3(Cl)[C@@H](O)CC2(C)C1(O)C(=O)CO,SMILES,1,88
2772,C[C@H]1C[C@H]2[C@@H]3CCC4=CC(=O)C=CC4(C)C3(Cl)[C@@H](O)CC2(C)C1(OC(=O)c1ccco1)C(=O)CCl,SMILES,1,88
2773,C[C@H]1C[C@H]2[C@@H]3CCC4=CC(=O)C=CC4(C)C3(F)C(=O)CC2(C)C1(O)C(=O)CCl,SMILES,1,88
2774,C[C@H]1C[C@H]2[C@@H]3CCC4=CC(=O)C=CC4(C)C3(F)C(O)CC2(C)C1(C)C(=O)CO,SMILES,1,88
2775,C[C@H]1C[C@H]2[C@@H]3CCC4=CC(=O)C=CC4(C)C3(F)[C@@H](O)CC2(C)C1(O)C(=O)CCl,SMILES,1,88
2776,C[C@H]1C[C@H]2[C@@H]3CCC4=CC(=O)C=CC4(C)C3(F)[C@@H](O)CC2(C)C1(OC(=O)c1ccccc1)C(=O)CO,SMILES,1,88
2777,C[C@H]1C[C@H]2[C@@H]3CCC4=CC(=O)C=CC4(C)C3(F)[C@@H](O)CC2(C)C1C(=O)CO,SMILES,1,88
2778,C[C@H]1C[C@H]2[C@@H]3CCC4=CC(=O)C=CC4(C)[C@H]3C(=O)CC2(C)C1(O)C(=O)CO,SMILES,1,88
2779,C[C@H]1C[C@H]2[C@@H]3C[C@H](F)C4=CC(=O)C(Cl)=CC4(C)C3(F)[C@@H](O)CC2(C)C1(O)C(=O)CO,SMILES,1,88
2780,C[C@H]1C[C@H]2[C@@H]3C[C@H](F)C4=CC(=O)C=CC4(C)C3(Cl)C(O)CC2(C)C1C(=O)COC(=O)C(C)(C)C,SMILES,1,88
2782,C[C@H]1C[C@H]2[C@@H]3C[C@H](F)C4=CC(=O)C=CC4(C)C3(Cl)[C@@H](F)CC2(C)[C@H]1C(=O)CO,SMILES,1,88
2783,C[C@H]1C[C@H]2[C@@H]3C[C@H](F)C4=CC(=O)C=CC4(C)C3(Cl)[C@@H](O)CC2(C)C1C(=O)CO,SMILES,1,88
2786,C[C@H]1C[C@H]2[C@@H]3C[C@H](F)C4=CC(=O)C=CC4(C)C3(F)[C@@H](O)CC2(C)C1(O)C(=O)CO,SMILES,1,88
2787,C[C@H]1C[C@H]2[C@@H]3C[C@H](F)C4=CC(=O)C=CC4(C)C3(F)[C@@H](O)CC2(C)C1(O)C(=O)COC(=O)C(C)(C)C,SMILES,1,88
2788,C[C@H]1C[C@H]2[C@@H]3C[C@H](F)C4=CC(=O)C=CC4(C)C3(F)[C@@H](O)CC2(C)C1(O)C(=O)SCF,SMILES,1,88
2789,C[C@H]1C[C@H]2[C@@H]3C[C@H](F)C4=CC(=O)C=CC4(C)C3(F)[C@@H](O)CC2(C)C1C(=O)CO,SMILES,1,88
2790,C[C@H]1C[C@H]2[C@@H]3C[C@H](F)C4=CC(=O)C=CC4(C)[C@H]3[C@@H](O)CC2(C)C1(O)C(=O)CO,SMILES,1,88
2791,C[C@H]1C[C@H]2[C@@H]3C[C@H](F)C4=CC(=O)C=CC4(C)[C@H]3[C@@H](O)CC2(C)C1C(=O)CO,SMILES,1,88
2792,C[C@H]1C[C@H]2[C@H]3[C@H]([C@@H](O)CC2(C)C1(O)C(=O)CO)C1(C)C=CC(=O)C=C1C[C@@H]3Cl,SMILES,1,88
2793,C[C@H]1c2ccccc2[C@H](CCCN(C)C)c2cc(C(F)(F)F)ccc21,SMILES,1,88
2795,Cc1cc(=O)n(-c2ccccc2)[nH]1,SMILES,1,88
2796,Cc1ccc2c(c1)C13CCCC[C@@H]1C(C2)N(C)CC3,SMILES,1,88
2797,Cc1ccc2c(c1)c1c3n2CCN[C@H]3CCC1,SMILES,1,88
2800,Cc1cccc(OC[C@@H](O)CNC(C)C)c1,SMILES,1,88
2801,Cc1cccc2c1Oc1ccccc1C1(O)CCN(C)C[C@H]21,SMILES,1,88
2802,Cc1cccc2c1Oc1ccccc1C1(O)CCNC[C@H]21,SMILES,1,88
2803,Cc1ccccc1OC[C@@H](CO[C@H](O)C(Cl)(Cl)Cl)O[C@H](O)C(Cl)(Cl)Cl,SMILES,1,88
2804,Cc1cn([C@@H]2C=C[C@@H](CO)O2)c(=O)[nH]c1=O,SMILES,1,88
2805,Cc1cn([C@@H]2C[C@H](F)[C@H](CO)O2)c(=O)[nH]c1=O,SMILES,1,88
2808,Cc1nc(Nc2ccc(F)cc2)nc(N2CCc3ccccc3[C@@H]2C)c1C,SMILES,1,88
2809,Cc1nc2cc(CN[C@H]3CCCN[C@H]3c3ccccc3)c(OC(C)C)cc2s1,SMILES,1,88
2811,Cc1ncc2n1-c1ccc(Cl)cc1C(c1ccccc1F)=N[C@H]2O,SMILES,1,88
2812,Cc1nccn1C[C@@H]1CCc2c(c3ccccc3n2C)C1=O,SMILES,1,88
2814,Cc1oc(C(C)(C)N(C(C)(C)N)C(C)(C)N)c(C)c1C,SMILES,1,88
2815,Clc1ccc(C2C3CCC(C3)C23CCC(N2CCOCC2)=N3)cc1,SMILES,1,88
2816,Clc1ccc(CO[C@H](Cn2ccnc2)c2ccc(Cl)cc2Cl)c(Cl)c1,SMILES,1,88
2817,Clc1ccc2c(c1)/C(=C/[C@H]1CN3CCC1CC3)c1ccccc1S2,SMILES,1,88
2818,Clc1ccc2c(c1)/C(=C\[C@H]1CN3CCC1CC3)c1ccccc1S2,SMILES,1,88
2819,Clc1cccc(Cl)c1N[C@H]1N=CCN1,SMILES,1,88
2820,FC(F)(F)C[C@@H](Cl)Br,SMILES,1,88
2822,FC(F)(F)c1cccc(N2CCN(CCc3nnc4n3C[C@H]3CCC[C@H]43)CC2)c1,SMILES,1,88
2823,FC(F)O[C@@H](Cl)C(F)(F)F,SMILES,1,88
2825,NC1=NC(=O)[C@H](c2ccccc2)O1,SMILES,1,88
2826,NC(=O)CN1C(=O)[C@@H](c2ccccc2)c2ccccc21,SMILES,1,88
2827,NC(=O)OC[C@@H](O)COc1ccc(Cl)cc1,SMILES,1,88
2829,NC(=O)c1ccc(F)c2c1C[C@H](N(C1CCC1)C1CCC1)CO2,SMILES,1,88
2830,NC(=O)c1ncn([C@H]2O[C@@H](CO)[C@@H](O)[C@@H]2O)n1,SMILES,1,88
2831,NC1[C@@H]2CN(c3nc4c(cc3F)c(=O)c(C(=O)O)cn4-c3ccc(F)cc3F)C[C@@H]12,SMILES,1,88
2832,NCC[C@H](Oc1ccc(C(F)(F)F)cc1)c1ccccc1,SMILES,1,88
2834,NCc1ccccc1Sc1ccccc1CO,SMILES,1,88
2836,N[C@H]1CCC[C@H]1c1ccccc1,SMILES,1,88
2837,N[C@H]1C[C@H]1c1ccccc1,SMILES,1,88
2838,Nc1c2c(nc3ccccc13)CCC[C@@H]2O,SMILES,1,88
2841,Nc1ccn([C@@H]2C[C@@H](CO)[C@@H](CO)O2)c(=O)n1,SMILES,1,88
2842,Nc1ccn([C@H]2O[C@@H](CO)[C@@H](O)[C@@H]2O)c(=O)n1,SMILES,1,88
2846,Nc1nc2c(ncn2CC[C@H](O)CO)c(=O)[nH]1,SMILES,1,88
2847,Nc1ncnc2c1ncn2[C@H]1O[C@@H](CO)[C@@H](O)[C@@H]1O,SMILES,1,88
2848,O=C(CN1CCC23CCCC[C@@H]2C1Cc1ccc(O)cc13)c1ccccc1,SMILES,1,88
2849,O=C(CN1CC[C@H](c2ccc(F)cc2)[C@H](COc2ccc3c(c2)OCO3)C1)c1ccc(F)cc1,SMILES,1,88
2851,O=C(Cc1ccc(Cl)c(Cl)c1)N1CCc2ccsc2[C@@H]1CN1CCCC1,SMILES,1,88
2852,O=C(Cc1ccc(Cl)c(Cl)c1)N1CCc2occc2[C@H]1CN1CCC(O)C1,SMILES,1,88
2853,O=C(Cc1ccc(Cl)c(Cl)c1)N1CCn2ccnc2[C@@H]1CN1CCCC1,SMILES,1,88
2854,O=C(Cc1ccc(Cl)c(Cl)c1)N1CCn2ncnc2[C@@H]1CN1CCCC1,SMILES,1,88
2855,O=C(O)CCCC[C@@H]1SC[C@H]2NC(=O)N[C@H]12,SMILES,1,88
2857,O=C1C2[C@H]3C=C[C@@H]([C@H]4C=C[C@@H]43)[C@@H]2C(=O)N1CCCCN1CCN(c2ncccn2)CC1,SMILES,1,88
2858,O=C1CC2(CCCC2)CC(=O)N1CCNC[C@H]1COc2ccccc2O1,SMILES,1,88
2859,O=C1CC2c3cc(Cl)ccc3OC3(CCNC[C@H]23)N1,SMILES,1,88
2860,O=C1CCC(=O)N1C[C@H]1CC[C@H]2CN(c3ncccn3)CCN2C1,SMILES,1,88
2861,O=C1CCC2(O)C3Cc4ccc(O)c5c4C2(CCN3CC2CC2)C1O5,SMILES,1,88
2862,O=C1CCN=C2C[C@@H](c3ccccc3)CN12,SMILES,1,88
2863,O=C1CC[C@@H](C(=O)N[C@H]2C[C@H]2c2ccccc2)N1,SMILES,1,88
2867,O=C1C[C@@H]2S[C@H](C3(O)CN4C(=O)C[C@@H]4S3)CN12,SMILES,1,88
2868,O=C1NC(=NC2CC2)O[C@H]1c1ccccc1,SMILES,1,88
2869,O=C1NC(=O)C2(c3ccc(Cl)cc3)C[C@H]12,SMILES,1,88
2870,O=C1NCCC[C@@H]1N1C(=O)c2ccccc2S1(=O)=O,SMILES,1,88
2871,O=C1NCN(c2ccccc2)C12CCN(C[C@H]1COc3ccccc3O1)CC2,SMILES,1,88
2872,O=C1N[C@H](CCCl)Oc2ccccc21,SMILES,1,88
2873,O=C1Nc2ccc(Cl)nc2C(c2ccccc2Cl)=N[C@H]1O,SMILES,1,88
2874,O=C1O[C@@H]([C@@H](O)CO)C(O)=C1O,SMILES,1,88
2875,O=C1[C@H]2C3CCC(C3)[C@@H]2C(=O)N1CCCCN1CCN(c2ncccn2)CC1,SMILES,1,88
2877,O=S(=O)(c1ccc2cc[nH]c2c1)N1CCC[C@H]1CCN1CCC(Oc2cccc(Cl)c2)CC1,SMILES,1,88
2878,O=[N+]([O-])C1=CC=N[C@@H]1NCCSCc1ccccn1,SMILES,1,88
2879,O=[N+]([O-])C1=CC=N[C@@H]1NCCSCc1ncccc1Br,SMILES,1,88
2880,O=[N+]([O-])c1nccn1C[C@H](O)CF,SMILES,1,88
2882,O=c1[nH]c2ccccc2c(=O)n1CCN1C[C@H]2CC(c3ccc(F)cc3)[C@@H]2C1,SMILES,1,88
2883,O=c1c(Br)ccc2n1C[C@@H]1CNC[C@@H]2C1,SMILES,1,88
2884,O=c1cccc2n1C[C@@H]1CN[C@@H](Br)[C@H]2C1,SMILES,1,88
2885,O=c1ccn([C@H]2O[C@@H](CO)[C@@H](O)[C@@H]2O)c(=O)[nH]1,SMILES,1,88
2886,OC(c1ccccc1)(c1ccccc1)C1C[C@@H]1c1ccncc1,SMILES,1,88
2889,OCCC1CCN(CC/C=C2/c3ccc(F)cc3Sc3ccc(C(F)(F)F)cc32)CC1,SMILES,1,88
2890,OCCN1CCCN(CCCN2c3ccccc3C=Cc3ccccc32)CC1,SMILES,1,88
2891,OCCN1CCN(C2CC(c3ccc(F)cc3)c3ccc(C(F)(F)F)cc32)CC1,SMILES,1,88
2892,OCCN1CCN(CCC[C@H]2c3ccc(F)cc3Sc3ccc(C(F)(F)F)cc32)CC1,SMILES,1,88
2893,OCCOCCOCCN1CCN([C@@H](c2ccccc2)c2ccc(Cl)cc2)CC1,SMILES,1,88
2894,OC[C@@H]1O[C@H](n2cnc3c2NC=NC[C@@H]3O)C[C@@H]1O,SMILES,1,88
2895,OC[C@H](O)[C@@H]1O[C@H]2O[C@@H](C(Cl)(Cl)Cl)O[C@H]2[C@H]1O,SMILES,1,88
2896,OCc1ccccc1O[C@@H]1O[C@@H](CO)[C@@H](O)[C@H](O)[C@@H]1O,SMILES,1,88
2897,ON1C=C(NCC2CC2)N=c2ccc(Cl)cc2=C1c1ccccc1,SMILES,1,88
2898,O[C@@H](CCCN1CCc2c(c3cc(F)ccc3n2-c2ccc(F)cc2)C1)c1ccc(F)cc1,SMILES,1,88
2899,O[C@@H](CN1CCCCC1)c1cc(-c2ccccc2)on1,SMILES,1,88
2900,O[C@@H](OCC(CO[C@H](O)C(Cl)(Cl)Cl)(CO[C@H](O)C(Cl)(Cl)Cl)CO[C@H](O)C(Cl)(Cl)Cl)C(Cl)(Cl)Cl,SMILES,1,88
2901,O[C@@H](c1cc(C(F)(F)F)nc2c(C(F)(F)F)cccc12)[C@@H]1CCCCN1,SMILES,1,88
2902,O[C@H](Cn1ccnc1)c1ccc(CCc2ccccc2)cc1,SMILES,1,88
2903,Oc1ccc2c(c1)C13CCCCC1(O)C(C2)N(CC1CC1)CC3,SMILES,1,88
2904,Oc1ccc2c(c1)C13CCCCC1(O)C(C2)N(CC1CCC1)CC3,SMILES,1,88
2905,Oc1ccc2c(c1)C13CCCC[C@@H]1C(C2)N(CCc1ccccc1)CC3,SMILES,1,88
2906,Oc1ccc2c(c1)C13CCCC[C@@H]1C(C2)NCC3,SMILES,1,88
2907,Oc1ccc2c(c1)C13CCN(CC4CC4)C(C2)[C@H]1CCOC3,SMILES,1,88
2908,Oc1ccc2c3c1O[C@@H]1[C@@H](O)C=C[C@@H]4C(C2)NCCC341,SMILES,1,88
2909,Oc1ccc2c3c1O[C@@H]1[C@@H](O)CCC4(O)C(C2)N(CC2CCC2)CCC314,SMILES,1,88
2911,[N-]=[N+]=NCC(=O)N[C@@H](CO)[C@@H](O)c1ccc([N+](=O)[O-])cc1,SMILES,1,88
2912,c1ccc(C[C@@H]2NCCc3c2[nH]c2ccccc32)cc1,SMILES,1,88
2913,c1ccc([C@@H]2CCN(C[C@H]3CCCc4c3ccc3c4OCO3)C2)cc1,SMILES,1,88
2914,c1ccc([C@H]2CN=C3NCCN32)cc1,SMILES,1,88
2915,c1ccc2c(c1)CCN1CCNC[C@H]21,SMILES,1,88
2916,c1ccc2c(c1)CCc1cccc3c1[C@H]2CN1CCCC[C@@H]31,SMILES,1,88
2917,CC(=O)c1ccc2c(c1O)[C@@H](c1cnn(C)c1)CC(=O)O2,SMILES,1,88
2922,CC(C)c1ccc(CCCNC(=O)[C@@H](C)SCc2ccccc2)cc1,SMILES,1,88
2925,CCCn1ncnc1CC(NN)c1ccc(Br)cc1F,SMILES,1,88
2926,CCOC(=O)[C@@]1(C#N)[C@H](c2ccc(OC)cc2)[C@@H]1S(=O)(=O)c1ccc(Cl)cc1,SMILES,1,88
2927,CCOC(=O)[C@]1(CN)[C@@H](c2ccc(OC)cc2)[C@@H]1S(=O)(=O)CC,SMILES,1,88
2928,CCOC(=O)[C@]1(CN)[C@H](c2ccc(OC)cc2)[C@@H]1S(=O)(=O)CC,SMILES,1,88
2929,CCOC(=O)[C@@]1(N)[C@@H](c2ccc3c(c2)OCO3)[C@@H]1S(=O)(=O)CC,SMILES,1,88
2930,CCOC(=O)c1c[nH]c(=O)c2c1OC(=O)C[C@H]2c1cc(Cl)c2c(c1)OCO2,SMILES,1,88
2931,CCOC[C@@]1(C(N)=S)[C@H](c2ccc(CC)cc2)[C@@H]1S(=O)(=O)c1ccc(Cl)cc1,SMILES,1,88
2932,CCOC[C@@]1(CN)[C@H](c2ccc(OC)cc2)[C@@H]1S(C)(=O)=O,SMILES,1,88
2933,CCOC[C@@]1(C#N)[C@@H](c2ccccc2)[C@@H]1S(=O)(=O)c1ccc(Cl)cc1,SMILES,1,88
2934,CCOC[C@@]1(C(N)=S)[C@@H](c2ccc(OC)cc2)[C@@H]1S(=O)(=O)c1ccccc1,SMILES,1,88
2935,CCOC[C@]1(CN)[C@H](c2ccc3c(c2)OCO3)[C@@H]1S(C)(=O)=O,SMILES,1,88
2936,CCOc1ccc(CCCNC(=O)[C@H](C)Sc2ccc(C)cc2)cc1,SMILES,1,88
2937,CCOc1ccc(CCCNC(=O)c2cc([N+](=O)[O-])ccc2Cl)cc1,SMILES,1,88
2938,CCOc1ccc(N([C@@H](CC)C(=O)Nc2c(C)cccc2CC)S(C)(=O)=O)cc1,SMILES,1,88
2939,CCS(=O)(=O)[C@@H]1[C@@H](C#N)[C@@H]1c1ccc2c(c1)OCO2,SMILES,1,88
2940,CCS(=O)(=O)[C@H]1[C@@H](C#N)[C@@H]1c1ccccc1,SMILES,1,88
2941,CCS(=O)(=O)[C@H]1[C@@H](C(N)=S)[C@@H]1c1ccc(OC)cc1,SMILES,1,88
2942,CCS(=O)(=O)[C@H]1[C@@H](c2ccc3c(c2)OCO3)[C@@]1(COC)C(=O)O,SMILES,1,88
2943,CCS(=O)(=O)[C@H]1[C@H](CO)[C@@H]1c1ccc(Cl)cc1,SMILES,1,88
2944,CCS(=O)(=O)[C@H]1[C@H](c2ccc3c(c2)OCO3)C1(C#N)C#N,SMILES,1,88
2945,CCS(=O)(=O)[C@H]1[C@H](c2ccccc2)[C@]1(C#N)COC,SMILES,1,88
2946,CC[C@@H](C)[C@@H](CO)NC(=O)CCc1nnc(-c2ccccc2)o1,SMILES,1,88
2948,CC[C@@H](NC(=O)c1cc([N+](=O)[O-])ccc1Cl)c1ccc(C)cc1C,SMILES,1,88
2949,CC[C@@H](NC(=O)c1cc([N+](=O)[O-])ccc1Cl)c1ccc(OC)c(OC)c1,SMILES,1,88
2950,CC[C@H](C(=O)NC(C)C)N(Cc1ccccc1Cl)C(=O)CN(c1ccc(F)c(Cl)c1)S(C)(=O)=O,SMILES,1,88
2951,CC[C@H](NC(=O)CCSc1ccccc1)c1ccc(C)c(C)c1,SMILES,1,88
2952,CC[C@H](NC(=O)[C@@H](C)SCc1ccccc1)c1ccc(OC)c(OC)c1,SMILES,1,88
2953,CC[C@H](NC(=O)[C@@H](C)SCc1ccccc1)c1ccc(S(C)(=O)=O)cc1,SMILES,1,88
2954,CC[C@H](NC(=O)[C@@H](C)Sc1ccccc1)c1ccc(C)cc1C,SMILES,1,88
2955,CC[C@H](NC(=O)c1cc([N+](=O)[O-])ccc1Cl)c1ccc(C)cc1C,SMILES,1,88
2956,CC[C@H]1CCCCN1CC(=O)N(C)Cc1cnccn1,SMILES,1,88
2957,CCc1c(C)nn(CC(=O)NC[C@H]2CCCN(c3ccccn3)C2)c1C,SMILES,1,88
2958,CCc1nccn1CC(=O)N1CCCC[C@@H]1CCn1cccn1,SMILES,1,88
2959,CCc1nccn1CCC(=O)N[C@@H](c1ccccn1)C1CC(O)C1,SMILES,1,88
2961,CN(C)S(=O)(=O)c1ccc2c(c1)CCN2C(=O)CSCc1ccc([N+](=O)[O-])cc1,SMILES,1,88
2962,CN(C)c1nsc(N[C@@H](c2cnc3ccccc3c2)C2CC(O)C2)n1,SMILES,1,88
2963,CN(CCC[C@H]1CCCO1)C(=O)Cc1cccnc1,SMILES,1,88
2964,CNc1nc(Oc2cccc(Cl)c2F)c(Cl)cc1Cl,SMILES,1,88
2965,COC(=O)C[C@@H](c1cc(OC)c2c(c1)OCCO2)c1c(O)c(C(=O)OC)c[nH]c1=O,SMILES,1,88
2968,COC(=O)C[C@@H](c1ccc2c(c1)OCO2)c1cc2c(cc1O)OCO2,SMILES,1,88
2969,COC(=O)C[C@@H](c1cccc(Br)c1)c1oc(CN2C[C@@H]3C[C@H](C2)c2cccc(=O)n2C3)cc(=O)c1O,SMILES,1,88
2970,COC(=O)C[C@@H](c1cccc(OC)c1OCCc1ccc(OC)cc1)c1c(O)c2ccccc2oc1=O,SMILES,1,88
2972,COC(=O)C[C@H](CC(C)C)c1c(O)c(C(=O)OC)c[nH]c1=O,SMILES,1,88
2973,COC(=O)C[C@H](c1cc(OC)c(OC)cc1OC)c1c(O)cc(C)oc1=O,SMILES,1,88
2974,COC(=O)C[C@H](c1cccc(Br)c1)c1oc(CN2C[C@@H]3C[C@H](C2)c2cccc(=O)n2C3)cc(=O)c1O,SMILES,1,88
2975,COC(=O)C[C@H](c1ccccc1)c1c(O)cc(C)oc1=O,SMILES,1,88
2976,COC(=O)C[C@H](c1cccnc1)c1c(O)c(C(=O)OC)c[nH]c1=O,SMILES,1,88
2977,COC(=O)C[C@H](c1coc2ccccc2c1=O)c1c(O)cc(C)n(CCc2ccc(O)cc2)c1=O,SMILES,1,88
2979,COCCc1noc([C@H](C)NC(=O)c2ccncc2O)n1,SMILES,1,88
2980,COC[C@@]1(C(=O)O)[C@H](c2ccc3c(c2)OCO3)[C@@H]1S(C)(=O)=O,SMILES,1,88
2982,COC[C@]1(CN)[C@@H](c2ccc(OC)cc2)[C@@H]1S(=O)(=O)c1ccc(Cl)cc1,SMILES,1,88
2983,COC[C@@]1(N)[C@H](c2ccc(OC)cc2)[C@@H]1S(=O)(=O)c1ccc(Cl)cc1,SMILES,1,88
2984,COC[C@@]1(C(=O)O)[C@@H](c2ccc(OC)cc2)[C@@H]1S(C)(=O)=O,SMILES,1,88
2985,COc1cc(/C=C2/SC(=O)N(CC(=O)Nc3ccc(F)cc3F)C2=O)ccc1Oc1ccc([N+](=O)[O-])cc1[N+](=O)[O-],SMILES,1,88
2986,COc1cc(C(=O)NCCCN2CCCc3ccccc32)cc(OC)c1OC,SMILES,1,88
2987,COc1cc(C(=O)N[C@@H]2CC(C)(C)Oc3cc(C)ccc32)cc(OC)c1OC,SMILES,1,88
2988,COc1cc(OC)c(OC)cc1/C=C1/Oc2c(ccc3c2[C@@H](c2cc(OC)c(OC(C)=O)c(OC)c2)CC(=O)O3)C1=O,SMILES,1,88
2989,COc1cc2c(c(OC)c1OC)[C@@H](c1cccc3ccccc13)CC(=O)O2,SMILES,1,88
2992,COc1ccc(C(=O)c2coc3ccc(O)c(CN4CCN(C)CC4)c23)cc1,SMILES,1,88
2993,COc1ccc(CCCNC(=O)CSCc2cccc(Cl)c2)cc1,SMILES,1,88
2994,COc1ccc(N2C[C@H](C(=O)N3CCCC[C@H]3c3cccnc3)CC2=O)cc1,SMILES,1,88
2995,COc1ccc(NC(=O)/C(=C/c2ccco2)c2ccccc2)cc1Cl,SMILES,1,88
2996,COc1ccc(NC(=O)C[C@H]2OC(=O)c3c2ccc(OC)c3OC)cc1N1CCCS1(=O)=O,SMILES,1,88
2998,COc1ccc([C@@H]2[C@@H](C(=O)O)[C@@H]2S(=O)(=O)c2ccc(C)cc2)cc1,SMILES,1,88
2999,COc1ccc([C@@H]2[C@@H](N)[C@@H]2S(=O)(=O)c2ccc(Cl)cc2)cc1,SMILES,1,88
3000,COc1ccc([C@@H]2[C@@H](S(=O)(=O)c3ccc(Cl)cc3)C2(CN)CN)cc1,SMILES,1,88
3002,COc1ccc([C@@H]2[C@H](N)[C@@H]2S(=O)(=O)c2ccc(C)cc2)cc1,SMILES,1,88
3003,COc1ccc([C@H]2CC(=O)Oc3cc(C)oc(=O)c32)cc1,SMILES,1,88
3004,COc1ccc([C@H]2[C@@H](S(=O)(=O)c3ccc(C)cc3)[C@]2(C#N)C=O)cc1,SMILES,1,88
3005,COc1ccc([C@H]2[C@@H](S(=O)(=O)c3ccc(Cl)cc3)C2(C#N)C#N)cc1,SMILES,1,88
3006,COc1ccc([C@H]2[C@@H](S(=O)(=O)c3ccc(Cl)cc3)C2(CN)CN)cc1,SMILES,1,88
3007,COc1ccc([C@H]2[C@@H](S(=O)(=O)c3ccccc3)[C@]2(C#N)C=O)cc1,SMILES,1,88
3008,COc1ccc([C@H]2[C@@H](S(C)(=O)=O)[C@@]2(CO)C(=O)O)cc1,SMILES,1,88
3009,COc1ccc([C@H]2[C@H](C#N)[C@@H]2S(=O)(=O)c2ccc(C)cc2)cc1,SMILES,1,88
3010,COc1ccc([C@H]2[C@H](N)[C@@H]2S(C)(=O)=O)cc1,SMILES,1,88
3012,COc1ccc([C@H]2[C@H](S(=O)(=O)c3ccc(Cl)cc3)[C@@]2(N)C#N)cc1,SMILES,1,88
3014,COc1ccc([C@H]2[C@H](S(C)(=O)=O)[C@@]2(C#N)C(=O)O)cc1,SMILES,1,88
3015,COc1ccc2[nH]c(=O)c([C@H]3CC(=O)Oc4ccc5c(c43)O/C(=C\c3cccc(OC)c3OC)C5=O)cc2c1,SMILES,1,88
3016,COc1ccc2c(c1)[C@@H](NC(=O)/C(=C/c1ccco1)c1ccccc1)CC(C)(C)O2,SMILES,1,88
3018,COc1ccc2cc([C@@H]3CC(=O)Oc4cc(C)oc(=O)c43)c(=O)[nH]c2c1,SMILES,1,88
3019,COc1ccccc1CCCNC(=O)CCSc1ccccc1,SMILES,1,88
3020,COc1ccccc1CCCNC(=O)CSCc1ccc(Cl)cc1,SMILES,1,88
3021,CS(=O)(=O)[C@@H]1[C@@H](c2ccc3c(c2)OCO3)[C@]1(C#N)C=O,SMILES,1,88
3022,CS(=O)(=O)[C@@H]1[C@H](C(N)=S)[C@@H]1c1ccccc1,SMILES,1,88
3023,CS(=O)(=O)[C@@H]1[C@H](c2ccc3c(c2)OCO3)C1(CN)CN,SMILES,1,88
3024,CS(=O)(=O)[C@H]1[C@@H](C#N)[C@@H]1c1ccccc1,SMILES,1,88
3026,CS(=O)(=O)[C@H]1[C@H](c2ccc3c(c2)OCO3)[C@@]1(CN)CO,SMILES,1,88
3027,C[C@@H](O)c1cc2n(n1)CCN(C(=O)CC1=C(c3ccccc3)CCC1=O)C2,SMILES,1,88
3028,C[C@@H]1CCCN(c2ccc([C@@H](C)NC(=O)/C(=C/c3ccco3)c3ccccc3)cc2)C1,SMILES,1,88
3029,C[C@](O)(CNC(=O)C(=O)Nc1cccc(C(F)(F)F)c1)c1cc2ccccc2o1,SMILES,1,88
3032,Cc1ccc(OC[C@@H](C)NC(=O)c2cc([N+](=O)[O-])ccc2Cl)cc1,SMILES,1,88
3033,Cc1ccc(S(=O)(=O)[C@@H]2[C@@H](c3ccccc3)C2(CN)CN)cc1,SMILES,1,88
3034,Cc1ccc(S(=O)(=O)[C@@H]2[C@H](c3ccccc3)C2(CN)CN)cc1,SMILES,1,88
3035,Cc1ccc(S(=O)(=O)[C@@H]2[C@H](c3ccccc3)[C@]2(C=O)NC(=O)OC(C)(C)C)cc1,SMILES,1,88
3036,Cc1ccc(S(=O)(=O)[C@H]2[C@H](C(N)=S)[C@@H]2c2ccccc2)cc1,SMILES,1,88
3037,Cc1ccc(S(=O)(=O)[C@H]2[C@H](CN)[C@@H]2c2ccccc2)cc1,SMILES,1,88
3038,Cc1ccc(S(=O)(=O)[C@H]2[C@H](c3ccccc3)[C@@]2(N)CO)cc1,SMILES,1,88
3042,Cc1ccc(S[C@H](C)C(=O)NCCCc2ccc(OC(C)C)cc2)cc1,SMILES,1,88
3043,Cc1ccc([C@H](C)NC(=O)CCSc2ccccc2)cc1C,SMILES,1,88
3044,Cc1ccc2c(c1)OC(C)(C)C[C@@H]2NC(=O)CCSc1ccccc1,SMILES,1,88
3045,Cc1ccc2c(c1)OC(C)(C)C[C@@H]2NC(=O)CSCc1ccc([N+](=O)[O-])cc1,SMILES,1,88
3046,Cc1ccc2c(c1)OC(C)(C)C[C@H]2NC(=O)CSCc1ccc([N+](=O)[O-])cc1,SMILES,1,88
3047,Cc1ccc2c(c1)[C@H](NC(=O)[C@@H](C)Sc1ccccc1)CC(C)(C)O2,SMILES,1,88
3048,Cc1cccc(-c2noc(CNC(=O)CCSc3ccc(Cl)cc3)n2)c1,SMILES,1,88
3049,Cc1ccccc1OC[C@H](C)NC(=O)CSCc1ccc([N+](=O)[O-])cc1,SMILES,1,88
3050,Cc1nc(N)ncc1C(=O)N1CC[C@@H]1c1ccc(F)cc1,SMILES,1,88
3051,Cc1ncsc1CCC(=O)N[C@@H](c1cnn(C)c1)C1CC(O)C1,SMILES,1,88
3052,Cn1c(C(=O)N2CCCC[C@H]2c2cccnc2)cc2ccccc21,SMILES,1,88
3053,NC(=O)C[C@@H](c1ccc(O)cc1)c1oc(CN2CCOCC2)cc(=O)c1O,SMILES,1,88
3054,O=C(/C(=C/c1ccco1)c1ccccc1)N1CCN(S(=O)(=O)c2ccccc2)CC1,SMILES,1,88
3055,O=C(CCN1C(=O)CC2(CCCC2)C1=O)NC[C@@H]1C[C@H]2C=C[C@@H]1C2,SMILES,1,88
3056,O=C(CCc1nc(-c2ccncc2)no1)NC[C@@H]1C[C@@H]2C=C[C@@H]1C2,SMILES,1,88
3057,O=C(C[C@H]1C[C@H]2CC[C@@H]1C2)NC[C@@H](O)c1ccccc1,SMILES,1,88
3058,O=C(Cc1csc(-n2cccc2)n1)N1CCCC[C@H]1c1cccnc1,SMILES,1,88
3059,O=C(NCCSCc1ccccc1)/C(=C/c1ccco1)c1ccccc1,SMILES,1,88
3060,O=C(NCCSc1ccc(Cl)cc1)/C(=C/c1ccco1)c1ccccc1,SMILES,1,88
3062,O=C(N[C@@H](Cc1ccccn1)C1CC(O)C1)c1n[nH]c2ccccc12,SMILES,1,88
3063,O=C(Nc1ccc(OC2CCCC2)cc1)c1cc2c(ccc3ccccc32)o1,SMILES,1,88
3064,O=C(O)CC[C@]1(CCC(=O)NCc2cc3cc(F)ccc3[nH]2)CCC(=O)N1,SMILES,1,88
3065,O=C(c1ccc(CSc2ccccn2)cc1)N1CCC[C@H]1c1ccccn1,SMILES,1,88
3067,O=C1CCC(C(=O)N[C@@H](c2ccc(F)cc2)C2CC(O)C2)=NN1,SMILES,1,88
3068,O=C[C@H]1[C@H](c2ccccc2)[C@@H]1S(=O)(=O)c1ccc(Cl)cc1,SMILES,1,88
3069,O=S(=O)(c1ccc(Cl)cc1)[C@@H]1[C@H](CO)[C@H]1c1ccccc1,SMILES,1,88
3070,OC1CCN(c2ccnc(N[C@H](c3ccccn3)C3CC(O)C3)n2)CC1,SMILES,1,88
3072,C#CC1(O)CCC2C3CCC4=Cc5c(cnn5-c5ccc(F)cc5)CC4(C)C3CCC21C,SMILES,1,88
3073,C#CCN(C)C(C)Cc1ccccc1,SMILES,1,88
3074,C1=C(CC2=NCCN2)CCc2ccccc21,SMILES,1,88
3075,C1=CCC2=C3C(=NC2=C1)CCNC3Cc1ccccc1,SMILES,1,88
3076,C=C1CC(C)C2C3Cc4ccc(O)cc4C2(CCN3CC2CCC2)C1,SMILES,1,88
3077,C=C1CC2C3C=CC4=CC(=O)CCC4(C)C3C(O)CC2(C)C1(O)C(=O)CO,SMILES,1,88
3078,C=C1CC2C3CCC4=CC(=O)C=CC4(C)C3(F)C(O)CC2(C)C1(O)C(=O)CO,SMILES,1,88
3079,C=CC1OC2CC3C4CCC5=CC(=O)C=CC5(C)C4(F)C(O)CC3(C)C2(C(=O)CO)O1,SMILES,1,88
3080,C=CCN1CC(C(=O)N(CCCN(C)C)C(=O)NCC)CC2c3cccc4[nH]cc(c34)CC21,SMILES,1,88
3081,C=CCN1CCC23c4c5ccc(O)c4OC2C(=O)CCC3(O)C1C5,SMILES,1,88
3082,C=CCN1CCC23c4c5ccc(O)c4OC2C(O)C=CC3C1C5,SMILES,1,88
3083,CC(=C(CCO)SSCC1CCCO1)N(C=O)Cc1cnc(C)nc1N,SMILES,1,88
3084,CC(=C(CCOC(=O)c1ccccc1)SC(=O)c1ccccc1)N(C=O)Cc1cnc(C)nc1N,SMILES,1,88
3085,CC(=C(CCOC(=O)c1ccccc1)SSC(CCOC(=O)c1ccccc1)=C(C)N(C=O)Cc1cnc(C)nc1N)N(C=O)Cc1cnc(C)nc1N,SMILES,1,88
3086,CC(=C1CCOC(=O)S1)N(C=O)Cc1cnc(C)nc1N,SMILES,1,88
3087,CC(=CCCN1CCC2(CC1)C(=O)NCN2c1ccccc1)c1ccc(F)cc1,SMILES,1,88
3088,CC(=O)C1(O)C(C)CC2C3CCC4=CC(=O)C=CC4(C)C3(F)C(O)CC21C,SMILES,1,88
3090,CC(=O)C1(O)CCC2C3CC(C)C4=CC(=O)C=CC4(C)C3(F)C(O)CC21C,SMILES,1,88
3092,CC(=O)C1CCC2C3CCC4CC(O)CCC4(C)C3C(=O)CC12C,SMILES,1,88
3094,CC(=O)CC(=O)C1(O)CCC2C3CCC4=CC(=O)C=CC4(C)C3(Cl)C(Cl)CC21C,SMILES,1,88
3095,CC(=O)CC(=O)C12OC(C)(C)OC1CC1C3CC(C#N)=C4C=C(OCCCl)CCC4(C)C3(F)C(O)CC12C,SMILES,1,88
3096,CC(=O)N1CCN(C(=O)Cc2ccc(Cl)c(Cl)c2)C(CN2CCCC2)C1,SMILES,1,88
3097,CC(=O)NCCCC(NC(C)=O)C(=O)O,SMILES,1,88
3100,CC(=O)OC1(C(C)=O)CCC2C3CC(C)C4=CC(=O)C=CC4(C)C3(F)C(O)CC21C,SMILES,1,88
3102,CC(=O)OCC(=O)C1(O)C(C)CC2C3C=C(C)C4=Cc5c(cnn5-c5ccccc5)CC4(C)C3C(O)CC21C,SMILES,1,88
3103,CC(=O)OCC(=O)C1(O)C(C)CC2C3CC(F)C4=CC(=O)C=CC4(C)C3C(O)CC21C,SMILES,1,88
3105,CC(=O)OCC(=O)C1(O)C(OC(C)=O)CC2C3CCC4=CC(=O)C=CC4(C)C3(F)C(O)CC21C,SMILES,1,88
3108,CC(=O)OCC(=O)C1(O)CCC2C3CCC4=CC(=O)C=CC4(C)C3(F)C(O)CC21C,SMILES,1,88
3109,CC(=O)OCC(=O)C1(O)CCC2C3CCC4=CC(=O)C=CC4(C)C3C(O)CC21C,SMILES,1,88
3111,CC(=O)OCC(=O)C1(O)CCC2C3CCC4=CC(=O)CCC4(C)C3C(=O)CC21C,SMILES,1,88
3112,CC(=O)OCC(=O)C1(O)CCC2C3CCC4=CC(=O)CCC4(C)C3C(O)CC21C,SMILES,1,88
3113,CC(=O)OCC(=O)C1(OC(=O)C(C)C)C(C)CC2C3CCC4=CC(=O)C=CC4(C)C3(F)C(O)CC21C,SMILES,1,88
3114,CC(=O)OCC(=O)C1(OC(=O)c2ccco2)C(C)CC2C3CCC4=CC(=O)C=CC4(C)C3(F)C(O)CC21C,SMILES,1,88
3115,CC(=O)OCC(=O)C1(OC(C)=O)C(C)CC2C3CC(F)C4=CC(=O)C=CC4(C)C3(F)C(O)CC21C,SMILES,1,88
3116,CC(=O)OCC(=O)C1(OC(C)=O)CCC2C3CC(F)C4=CC(=O)C(Br)=CC4(C)C3(F)C(O)CC21C,SMILES,1,88
3118,CC(=O)OCC(=O)C12N=C(C)OC1CC1C3CCC4=CC(=O)C=CC4(C)C3C(O)CC12C,SMILES,1,88
3119,CC(=O)OCC(=O)C12OC(C)(C)OC1CC1C3CC(C=O)=C4C=C(OCCCl)CCC4(C)C3(F)C(O)CC12C,SMILES,1,88
3120,CC(=O)OCC(=O)C12OC(C)(C)OC1CC1C3CC(F)C4=CC(=O)C=CC4(C)C3(F)C(O)CC12C,SMILES,1,88
3121,CC(=O)OCC(=O)C12OC(C)(C)OC1CC1C3CC(F)C4=CC(=O)C=CC4(C)C3C(O)CC12C,SMILES,1,88
3123,CC(=O)OCC(=O)C1C(C)CC2C3CC(F)C4=CC(=O)C=CC4(C)C3(Cl)C(O)CC21C,SMILES,1,88
3124,CC(=O)OCC1=COC(OC(=O)CC(C)(C)OC(C)=O)C2C1=CC(OC(=O)CC(C)C)C21CO1,SMILES,1,88
3125,CC(=O)OCC1=COC(OC(=O)CC(C)C)C2C1=CC(OC(=O)CC(C)C)C21CO1,SMILES,1,88
3126,CC(=O)OCCC(SC(C)=O)=C(C)N(C=O)Cc1cnc(C)nc1N,SMILES,1,88
3127,CC(=O)Oc1ccc2c3c1OC1C(OC(C)=O)C=CC4C(C2)N(C)CCC341,SMILES,1,88
3128,CC(C)(C)C(=O)SCC(=O)C1(O)CCC2C3CCC4=CC(=O)CCC4(C)C3C(O)CC21C,SMILES,1,88
3129,CC(C)(C)C(O)C=Cc1ccc2c(c1)OCO2,SMILES,1,88
3130,CC(C)(C)C1(O)CCN2CC3c4ccccc4CCc4cccc(c43)C2C1,SMILES,1,88
3131,CC(C)(C)CC(=O)OCC(=O)C1(O)CCC2C3CCC4=CC(=O)C=CC4(C)C3C(O)CC21C,SMILES,1,88
3132,CC(C)(C)CC(=O)OCC(=O)C12OC(C)(C)OC1CC1C3CC4=CC(=O)C=CC4(C)C3(F)C(O)CC12C,SMILES,1,88
3133,CC(C)(CO)C(O)C(=O)NCCCC(=O)O,SMILES,1,88
3134,CC(C)C(=O)OCC(=O)C12OC(C3CCCCC3)OC1CC1C3CCC4=CC(=O)C=CC4(C)C3C(O)CC12C,SMILES,1,88
3136,CC(C)C1(O)CCN2CC3c4ccccc4CCc4cccc(c43)C2C1,SMILES,1,88
3138,CC(C)n1cc2c3c(cccc31)C1CC(C(=O)NC3CCCCC3)CN(C)C1C2,SMILES,1,88
3139,CC(CNC(=O)c1ccccc1)C(=O)OCC(=O)C12OC(C)(C)OC1CC1C3CCC4=CC(=O)C=CC4(C)C3(F)C(O)CC12C,SMILES,1,88
3140,CC1(C)CCN(C(=O)Cc2ccc(Cl)c(Cl)c2)C(CN2CCCC2)C1,SMILES,1,88
3141,CC1(C)NC(=O)C(C=Cc2ccccc2)O1,SMILES,1,88
3142,CC1(C)OC2CC3C4CC(F)C5=CC(=O)C=CC5(C)C4(Cl)C(Cl)CC3(C)C2(C(=O)CCl)O1,SMILES,1,88
3143,CC1(C)OC2CC3C4CC(F)C5=CC(=O)C=CC5(C)C4(Cl)C(Cl)CC3(C)C2(C(=O)CF)O1,SMILES,1,88
3144,CC1(C)OC2CC3C4CC(F)C5=CC(=O)C=CC5(C)C4(Cl)C(Cl)CC3(C)C2(C(=O)CO)O1,SMILES,1,88
3145,CC1(C)OC2CC3C4CC(F)C5=CC(=O)C=CC5(C)C4(F)C(O)CC3(C)C2(C(=O)CO)O1,SMILES,1,88
3146,CC1(C)OC2CC3C4CC(F)C5=CC(=O)C=CC5(C)C4(F)C(O)CC3(C)C2(C(=O)COC(=O)C2CC2)O1,SMILES,1,88
3147,CC1(C)OC2CC3C4CC(F)C5=CC(=O)C=CC5(C)C4C(O)CC3(C)C2(C(=O)CO)O1,SMILES,1,88
3148,CC1(C)OC2CC3C4CC(F)C5=CC(=O)CCC5(C)C4C(O)CC3(C)C2(C(=O)CO)O1,SMILES,1,88
3149,CC1(C)OC2CC3C4CC5=CC(=O)C=CC5(C)C4(F)C(O)CC3(C)C2(C(=O)COC(=O)c2cc3ccccc3o2)O1,SMILES,1,88
3150,CC1(C)OC2CC3C4CCC5=CC(=O)C=CC5(C)C4(F)C(O)CC3(C)C2(C(=O)CO)O1,SMILES,1,88
3152,CC1(C)OC2CC3C4CCC5=CC(=O)CCC5(C)C4(F)C(O)CC3(C)C2(C(=O)CCl)O1,SMILES,1,88
3153,CC1(C)OC2CC3C4CCC5CC(=O)CCC5(C)C4(F)C(O)CC3(C)C2(C(=O)CO)O1,SMILES,1,88
3157,CC12C=CC(=O)C=C1C(Cl)=CC1C2C(O)CC2(C)C1CCC2(O)C(=O)CO,SMILES,1,88
3158,CC12C=CC(=O)C=C1C(Cl)CC1C2C(=O)CC2(C)C1CCC2(O)C(=O)CO,SMILES,1,88
3159,CC12C=CC(=O)C=C1C(F)CC1C3CC(O)C(O)(C(=O)CO)C3(C)CC(O)C12F,SMILES,1,88
3160,CC12C=CC(=O)C=C1CCC1C2C(=O)CC2(C)C1CCC2(O)C(=O)CO,SMILES,1,88
3161,CC12C=CC(=O)C=C1CCC1C2C(O)CC2(C)C1CCC2(O)C(=O)COC(=O)CCC(=O)O,SMILES,1,88
3165,CC12CCC(=O)C=C1CCC1C2C(O)CC2(C)C1CCC2(O)C(=O)CS,SMILES,1,88
3166,CC1=CC2C(C(O)CC3(C)C2CC(C)C3(O)C(=O)COC(=O)c2cccc(S(=O)(=O)O)c2)C2(C)Cc3cnn(-c4ccccc4)c3C=C12,SMILES,1,88
3167,CC1=CCC2C3Cc4ccc(O)c5c4C2(CN3C)C1O5,SMILES,1,88
3169,CC1C2C(=O)c3ccc(O)cc3C1(C)CCN2CC1CC1,SMILES,1,88
3170,CC1CC2C(C(O)CC3(C)C(C(=O)O)CCC23)C2(C)CCC(=O)C=C12,SMILES,1,88
3171,CC1CC2C(C(O)CC3(C)C2CCC3(O)C(=O)CO)C2(C)C=CC(=O)C=C12,SMILES,1,88
3172,CC1CC2C(C(O)CC3(C)C2CCC3(O)C(=O)COC(=O)CCC(=O)O)C2(C)C=CC(=O)C=C12,SMILES,1,88
3173,CC1CC2C3C(Cl)CC4=CC(=O)C=CC4(C)C3C(O)CC2(C)C1(O)C(=O)CO,SMILES,1,88
3174,CC1CC2C3CC(F)C4=CC(=O)C(Cl)=CC4(C)C3(F)C(O)CC2(C)C1(O)C(=O)CO,SMILES,1,88
3175,CC1CC2C3CC(F)C4=CC(=O)C=CC4(C)C3(Cl)C(F)CC2(C)C1C(=O)CO,SMILES,1,88
3176,CC1CC2C3CC(F)C4=CC(=O)C=CC4(C)C3(Cl)C(O)CC2(C)C1C(=O)CO,SMILES,1,88
3177,CC1CC2C3CC(F)C4=CC(=O)C=CC4(C)C3(Cl)C(O)CC2(C)C1C(=O)COC(=O)C(C)(C)C,SMILES,1,88
3179,CC1CC2C3CC(F)C4=CC(=O)C=CC4(C)C3(F)C(O)CC2(C)C1(O)C(=O)COC(=O)C(C)(C)C,SMILES,1,88
3180,CC1CC2C3CC(F)C4=CC(=O)C=CC4(C)C3(F)C(O)CC2(C)C1C(=O)CO,SMILES,1,88
3181,CC1CC2C3CC(F)C4=CC(=O)C=CC4(C)C3(F)C(O)CC2(C)C1C(=O)COC(=O)C(C)(C)C,SMILES,1,88
3182,CC1CC2C3CCC4=CC(=O)C=CC4(C)C3(Cl)C(O)CC2(C)C1(O)C(=O)CO,SMILES,1,88
3183,CC1CC2C3CCC4=CC(=O)C=CC4(C)C3(Cl)C(O)CC2(C)C1(OC(=O)c1ccco1)C(=O)CCl,SMILES,1,88
3184,CC1CC2C3CCC4=CC(=O)C=CC4(C)C3(F)C(=O)CC2(C)C1(O)C(=O)CCl,SMILES,1,88
3185,CC1CC2C3CCC4=CC(=O)C=CC4(C)C3(F)C(O)CC2(C)C1(C)C(=O)CO,SMILES,1,88
3186,CC1CC2C3CCC4=CC(=O)C=CC4(C)C3(F)C(O)CC2(C)C1(O)C(=O)CCl,SMILES,1,88
3187,CC1CC2C3CCC4=CC(=O)C=CC4(C)C3(F)C(O)CC2(C)C1(OC(=O)c1ccccc1)C(=O)CO,SMILES,1,88
3188,CC1CC2C3CCC4=CC(=O)C=CC4(C)C3(F)C(O)CC2(C)C1C(=O)CO,SMILES,1,88
3189,CC1CC2C3CCC4=CC(=O)C=CC4(C)C3C(=O)CC2(C)C1(O)C(=O)CO,SMILES,1,88
3190,CC1CCCCC1(c1cccs1)N1CCCCC1,SMILES,1,88
3192,CC1N=C(c2ccccc2Cl)c2cc([N+](=O)[O-])ccc2NC1=O,SMILES,1,88
3193,CC1c2ccccc2C(CCCN(C)C)c2cc(C(F)(F)F)ccc21,SMILES,1,88
3195,CC=CC(=O)N(CC)C(CC)C(=O)N(C)C,SMILES,1,88
3196,CC=CC(=O)N(CCC)C(CC)C(=O)N(C)C,SMILES,1,88
3197,CC=CC1OC2(C(=O)COC(=O)c3ccncc3)CCC3(O1)C1CCC4=CC(=O)CCC4(C)C1C(O)CC23C,SMILES,1,88
3200,CCC(=O)N(c1ccccc1)C1(C(=O)OC)CCN(CCc2ccccc2)CC1C,SMILES,1,88
3201,CCC(=O)OC1(C(=O)CCl)C(C)CC2C3CCC4=CC(=O)C=CC4(C)C3(F)C(O)CC21C,SMILES,1,88
3202,CCC(=O)OC1(C(=O)COC(C)=O)CCC2C3CC(C)C4=CC(=O)C=CC4(C)C3C(O)CC21C,SMILES,1,88
3205,CCC(=O)OC1(C(=O)SC)C(C)CC2C3CC(F)C4=CC(=O)C=CC4(C)C3(F)C(O)CC21C,SMILES,1,88
3206,CCC(=O)OC1(C(=O)SCCl)C(C)CC2C3CC(F)C4=CC(=O)C=CC4(C)C3(F)C(O)CC21C,SMILES,1,88
3207,CCC(=O)OC1(c2ccccc2)CCN(C)CC1CC,SMILES,1,88
3208,CCC(=O)OCC(=O)C1(OC(=O)CC)C(C)CC2C3C(Cl)CC4=CC(=O)C=CC4(C)C3C(O)CC21C,SMILES,1,88
3209,CCC(=O)OCC(=O)C1(OC(=O)CC)C(C)CC2C3CCC4=CC(=O)C=CC4(C)C3(Cl)C(O)CC21C,SMILES,1,88
3210,CCC(=O)OCC(=O)C1(OC(=O)CC)C(C)CC2C3CCC4=CC(=O)C=CC4(C)C3(F)C(O)CC21C,SMILES,1,88
3211,CCC(=O)OCC(=O)C12OC(C)(C)OC1CC1C3CC(F)C4=CC(=O)C=CC4(C)C3(F)C(O)CC12C,SMILES,1,88
3212,CCC(C)C(=O)OC1CCC=C2C=CC(C)C(CCC3CC(O)CC(=O)O3)C21,SMILES,1,88
3213,CCC(NC(=O)c1c(OCCCN(C)C)c(-c2ccccc2)nc2ccccc12)c1ccccc1,SMILES,1,88
3214,CCC1(CC)OC2CC3C4CCC5=CC(=O)C=CC5(C)C4(F)C(O)CC3(C)C2(C(=O)CO)O1,SMILES,1,88
3217,CCCC(=O)OC1(C(=O)CO)CCC2C3CCC4=CC(=O)CCC4(C)C3C(O)CC21C,SMILES,1,88
3218,CCCC(=O)OC1(C(=O)COC(=O)CC)CCC2C3CCC4=CC(=O)CCC4(C)C3C(O)CC21C,SMILES,1,88
3219,CCCC(=O)OC1(C(=O)COC(C)=O)C(C)CC2C3CCC4=CC(=O)C=CC4(C)C3(Cl)C(O)CC21C,SMILES,1,88
3220,CCCC(=O)OC1(C(=O)COC(C)=O)CCC2C3CC(C)C4=CC(=O)CCC4(C)C3C(O)CC21C,SMILES,1,88
3222,CCCC(=O)OC1(C(C)=O)CCCC2C3CCC4=CC(=O)C=CC4(C)C3C(O)CC21C,SMILES,1,88
3223,CCCC(=O)OCC(=O)C1(OC(=O)CCC)C(C)CC2C3CCC4=CC(=O)C=CC4(C)C3(Cl)C(Cl)CC21C,SMILES,1,88
3224,CCCC(C)(O)C1CC23C=CC1(OC)C1Oc4c(OC(C)=O)ccc5c4C12CCN(C)C3C5,SMILES,1,88
3225,CCCC1(c2cccc(O)c2)CCN(C)CC1C,SMILES,1,88
3227,CCCC1OC2CC3C4CC(F)C5=CC(=O)CCC5(C)C4(F)C(O)CC3(C)C2(C(=O)CO)O1,SMILES,1,88
3228,CCCCC(=O)OC1(C(=O)CO)C(C)CC2C3CCC4=CC(=O)C=CC4(C)C3(F)C(O)CC21C,SMILES,1,88
3230,CCCCC(=O)OC1(C(=O)CO)CCC2C3CCC4=CC(=O)CCC4(C)C3C(O)CC21C,SMILES,1,88
3231,CCCCCC(=O)CCC1(C)C2Cc3ccc(O)cc3C1(C)CCN2C,SMILES,1,88
3232,CCCCCCC(C)(C)c1cc(O)c2c(c1)OC(C)(C)C1CCC(=O)CC21,SMILES,1,88
3234,CCCCCCCCCCCCCCCCCC(=O)OCC(=O)OCC(=O)C1(O)CCC2C3CCC4=CC(=O)C=CC4(C)C3C(O)CC21C,SMILES,1,88
3235,CCCCCCCNC(=O)Oc1ccc2c(c1)C1(C)CCN(C)C1N2C,SMILES,1,88
3237,CCCOC(=O)N1CCN(C(=O)Cc2ccc(Cl)c(Cl)c2)C(CN2CCCC2)C1,SMILES,1,88
3238,CCN(CC)C(=O)C1(c2ccccc2)CC1CN,SMILES,1,88
3239,CCN(CC)C(=O)NC1C=C2c3cccc4[nH]cc(c34)CC2N(C)C1,SMILES,1,88
3240,CCN(CC)C(=O)NC1CC2c3cccc4[nH]cc(c34)CC2N(C)C1,SMILES,1,88
3241,CCN(CC)CC(=O)OCC(=O)C1(O)CCC2C3CCC4=CC(=O)CCC4(C)C3C(O)CC21C,SMILES,1,88
3242,CCN(CC)S(=O)(=O)NC1CC2c3cccc4[nH]cc(c34)CC2N(C)C1,SMILES,1,88
3243,CCN1CCCC1CNC(=O)c1c(OC)ccc(Br)c1OC,SMILES,1,88
3244,CCNC(Cc1ccccc1)C1CCCO1,SMILES,1,88
3245,CCOC(=O)CC(O)CC(O)C=CC1=C(c2ccc(F)cc2)c2ccccc2OC12CCCC2,SMILES,1,88
3246,CCOC(=O)N1CCN(C(=O)Cc2ccc(Cl)c(Cl)c2)C(CN2CCCC2)C1,SMILES,1,88
3247,CCOC(=O)OC1(C(=O)COC(=O)CC)CCC2C3CCC4=CC(=O)C=CC4(C)C3C(O)CC21C,SMILES,1,88
3248,CCOC1CC2(C)C(CCC3C4CCC(C(C)=O)C4(C)CC(N(C)C)C32)CC1O,SMILES,1,88
3249,CCOC1CCN(C(=O)c2cc(-c3ccccc3)c(=O)n3c2-c2cc(Cl)ccc2CC3)C1,SMILES,1,88
3250,CCOc1ccccc1OC(c1ccccc1)C1CNCCO1,SMILES,1,88
3253,CCn1nnn(CCN2CCC(N(C(=O)COC)c3ccccc3F)C(C)C2)c1=O,SMILES,1,88
3254,CN(C(=O)CNC(=O)C(N)CCCCN)c1ccc(Cl)cc1C(=O)c1ccccc1,SMILES,1,88
3256,CN(C(=O)Cc1ccc(Cl)c(Cl)c1)C1CCC2(CCCO2)CC1N1CCCC1,SMILES,1,88
3258,CN(C)C(CCOc1cccc2ccccc12)c1ccccc1,SMILES,1,88
3259,CN(C)CC(O)C(c1ccccc1)c1cccc(Cl)c1,SMILES,1,88
3260,CN(C)CC=C(c1ccc(Br)cc1)c1cccnc1,SMILES,1,88
3261,CN(C)CCC=C1c2ccccc2CNc2cc(Cl)ccc21,SMILES,1,88
3262,CN(C)CCC=C1c2ccccc2CSc2ccccc21,SMILES,1,88
3266,CN1C2CCC1CC(NC(=O)c1cn(C3CCCCC3)c3ccccc3c1=O)C2,SMILES,1,88
3268,CN1CC(CN2CC(=O)NC(=O)C2)C=C2c3cccc4[nH]cc(c34)CC21,SMILES,1,88
3269,CN1CC(NS(=O)(=O)N(C)C)CC2c3cccc4c3c(cn4C)CC21,SMILES,1,88
3270,CN1CC2Cc3ccc(Cl)cc3C(c3ccccc3)C2C1,SMILES,1,88
3271,CN1CCC2(C)c3cc(OC(=O)N4CCc5ccccc5C4)ccc3N(C)C12,SMILES,1,88
3272,CN1CCC23c4c5ccc(O)c4OC2(C)C(=O)CCC3C1C5,SMILES,1,88
3273,CN1CCC23c4c5ccc(O)c4OC2C(=O)CCC3C1C5,SMILES,1,88
3274,CN1CCC23c4c5ccc(O)c4OC2C(O)CCC3(O)C1C5,SMILES,1,88
3275,CN1CCC23c4c5ccc(OC(=O)c6cccnc6)c4OC2C(OC(=O)c2cccnc2)C=CC3C1C5,SMILES,1,88
3276,CN1CCN(C(=O)Cc2ccc(Cl)c(Cl)c2)C(CN2CCCC2)C1,SMILES,1,88
3277,CN1CCN(C2=Cc3cc(Cl)ccc3C(=CC#N)c3ccccc32)CC1,SMILES,1,88
3278,CN1CCN(C2=Nc3cscc3C(=CC#N)c3cscc32)CC1,SMILES,1,88
3279,CN1CCN(CC(=O)C2(O)CCC3C4CCC5=CC(=O)C=CC5(C)C4C(O)CC32C)CC1,SMILES,1,88
3280,CN1CCN(CCC=C2c3ccccc3Sc3ccc(S(=O)(=O)N(C)C)cc32)CC1,SMILES,1,88
3282,CN1CCc2cc(Cl)c(O)cc2C(c2cccc3c2OCC3)C1,SMILES,1,88
3284,CN1c2ccc(Cl)cc2C(c2ccccc2Cl)=NCC1CO,SMILES,1,88
3285,CNC1CC(c2ccc(Cl)c(Cl)c2)c2ccccc21,SMILES,1,88
3287,CNCC1CN(c2ccc(OCc3cccc(Cl)c3)cc2)C(=O)O1,SMILES,1,88
3288,CNCC=C(c1ccc(Br)cc1)c1cccnc1,SMILES,1,88
3289,CNCCC(Oc1ccccc1C)c1ccccc1,SMILES,1,88
3290,CNc1cc(OC)c(C(=O)NC2CCN(Cc3ccccc3)C2C)cc1Cl,SMILES,1,88
3291,COC(=O)C1C2CC3c4[nH]c5ccc(Cl)cc5c4CCN3CC2CC(OC(=O)c2cc(OC)c(OC)c(OC)c2)C1OC,SMILES,1,88
3292,COC(=O)N1CCN(C(=O)Cc2ccc(Cl)c(Cl)c2)C(CN2CCCC2)C1,SMILES,1,88
3293,COC(C(=O)C(O)C(C)O)C1Cc2cc3cc(OC4CC(OC5CC(O)C(O)C(C)O5)C(O)C(C)O4)c(C)c(O)c3c(O)c2C(=O)C1OC1CC(OC2CC(O)C(OC3CC(C)(O)C(O)C(C)O3)C(C)O2)C(O)C(C)O1,SMILES,1,88
3294,COC(OC)C(=O)C12OC(C)(C)OC1CC1C3CC(F)C4=CC(=O)C=CC4(C)C3(F)C(O)CC12C,SMILES,1,88
3295,COC12C=CC3(CC1C(C)(C)O)C1Cc4ccc(O)c5c4C3(CCN1CC1CC1)C2O5,SMILES,1,88
3296,COC12CCC3(CC1C(C)(C)O)C1Cc4ccc(O)c5c4C3(CCN1CC1CC1)C2O5,SMILES,1,88
3297,COC12CCC3(CC1C(C)(O)C(C)(C)C)C1Cc4ccc(O)c5c4C3(CCN1CC1CC1)C2O5,SMILES,1,88
3299,COCC1CN(c2ccc(OCCC(O)C(F)(F)F)cc2)C(=O)O1,SMILES,1,88
3300,COCc1c(C(C)C)nc(C(C)C)c(C=CC(O)CC(O)CC(=O)O)c1-c1ccc(F)cc1,SMILES,1,88
3302,COc1cc(C=CC(=O)N2CCCCCCC2)cc(OC)c1OC,SMILES,1,88
3303,COc1cc2c(cc1OC)C(c1ccccc1)CN(C)CC2,SMILES,1,88
3304,COc1ccc(C(O)CN2CCN(c3cccccc3=O)CC2)cc1OC,SMILES,1,88
3305,COc1ccc(N2CC(CN3CCC(O)(c4ccc5c(c4)OCO5)CC3)OC2=O)cc1,SMILES,1,88
3306,COc1ccc2c(c1)C(=CCCN(C)C)c1ccccc1O2,SMILES,1,88
3307,COc1ccc2c(c1)C13CCCCC1C(C2)N(C)CC3,SMILES,1,88
3308,COc1ccc2c(c1)N(CC(C)CN(C)C)c1ccccc1S2,SMILES,1,88
3310,COc1ccc2c(c1OC)C13CCN(C)C(C2)C1(O)CCC(O)C3,SMILES,1,88
3311,COc1ccc2c3c([nH]c2c1)C1CC2C(CC(OC(=O)c4cc(OC)c(OC)c(OC)c4)C(OC)C2OC(C)=O)CN1CC3,SMILES,1,88
3312,COc1ccc2c3c1OC1C(=O)CCC4C(C2)N(C)CCC314,SMILES,1,88
3313,COc1ccc2c3c1OC1C(O)CCC4C(C2)N(C)CCC341,SMILES,1,88
3314,COc1cccc(C(=O)NC2CC3CCC(C2)N3Cc2ccccc2)c1OC,SMILES,1,88
3315,COc1cccc(C2(O)CCCCC2CN(C)C)c1,SMILES,1,88
3316,COc1cccc2c1CC(CCCNCCCCN1C(=O)CC3(CCCC3)CC1=O)CO2,SMILES,1,88
3317,COc1ccccc1N1CCN(CCCCN2C(=O)C3C(=O)N(C(C)(C)C)C(=O)C(C2=O)C3(C)C)CC1,SMILES,1,88
3319,CSC(=O)C1(OC(C)=O)C(C)CC2C3CCC4=CC(=O)C=CC4(C)C3(F)C(O)CC21C,SMILES,1,88
3320,C[N+](C)([O-])CCC=C1c2ccccc2C=Cc2c(Cl)cccc21,SMILES,1,88
3323,Cc1cccc(Cl)c1NC(=O)C=C1SCC(=O)N1C,SMILES,1,88
3324,Cc1cccc(OC2CCNCC2O)c1C,SMILES,1,88
3325,Cc1ccccc1-n1c(C=Cc2ccccn2)nc2ccccc2c1=O,SMILES,1,88
3328,Clc1ccc(N2CCN(CC=Cc3ccccc3)CC2)nn1,SMILES,1,88
3329,Clc1ccc2c(c1)C(=CC1CN3CCC1CC3)c1ccccc1S2,SMILES,1,88
3330,FC(F)(F)c1cccc(N2CCN(CCc3nnc4n3CC3CCCC43)CC2)c1,SMILES,1,88
3331,Fc1ccc(C2CCNCC2COc2ccc3c(c2)OCO3)cc1,SMILES,1,88
3332,N#CCNC1CCc2ccccc21,SMILES,1,88
3333,NC(=O)c1ccc(F)c2c1CC(N(C1CCC1)C1CCC1)CO2,SMILES,1,88
3334,NC(Cc1c[nH]c2ccccc12)C(=O)O,SMILES,1,88
3335,NC1CC1c1ccccc1,SMILES,1,88
3336,Nc1ccn(C2OC(CO)C(O)C2O)c(=O)n1,SMILES,1,88
3337,Nc1nc(Cl)nc2c1ncn2C1CC(O)C(CO)O1,SMILES,1,88
3339,O=C(C=Cc1ccc2c(c1)OCO2)N1CCCCC1,SMILES,1,88
3340,O=C(CN1CCC(c2ccc(F)cc2)C(COc2ccc3c(c2)OCO3)C1)c1ccc(F)cc1,SMILES,1,88
3342,O=C(Cc1ccc(Cl)c(Cl)c1)N1CCCCC1CN1CCCC1,SMILES,1,88
3343,O=C(Cc1ccc(Cl)c(Cl)c1)N1CCc2ccccc2C1CN1CCCC1,SMILES,1,88
3344,O=C(Cc1ccc(Cl)c(Cl)c1)N1CCc2ccsc2C1CN1CCCC1,SMILES,1,88
3345,O=C(Cc1ccc(Cl)c(Cl)c1)N1CCc2occc2C1CN1CCC(O)C1,SMILES,1,88
3346,O=C(Cc1ccc(Cl)c(Cl)c1)N1CCc2occc2C1CN1CCCC1,SMILES,1,88
3347,O=C(Cc1ccc(Cl)c(Cl)c1)N1CCc2sccc2C1CN1CCCC1,SMILES,1,88
3349,O=C(Cc1ccc(Cl)c(Cl)c1)N1CCn2ncnc2C1CN1CCCC1,SMILES,1,88
3351,O=C1C2CCCCC2C(=O)N1CCCCN1CCN(c2nsc3ccccc23)CC1,SMILES,1,88
3352,O=C1CC2c3cc(Cl)ccc3OC3(CCNCC23)N1,SMILES,1,88
3353,O=C1CCC(C(=O)N2CCCCC2)N1,SMILES,1,88
3354,O=C1CCC2C3Cc4cccc(O)c4C2(CCN3CC2CC2)C1,SMILES,1,88
3355,O=c1[nH]c2ccccc2c(=O)n1CCN1CC2CC(c3ccc(F)cc3)C2C1,SMILES,1,88
3356,OCC(O)C1OC2OC(C(Cl)(Cl)Cl)OC2C1O,SMILES,1,88
3357,OCCC1CCN(CCC=C2c3ccc(F)cc3Sc3ccc(C(F)(F)F)cc32)CC1,SMILES,1,88
3358,OCCN1CCN(CCC=C2c3ccccc3COc3ccc(Cl)cc32)CC1,SMILES,1,88
3360,OCCN1CCN(CCC=C2c3ccccc3Sc3ccc(Cl)cc32)CC1,SMILES,1,88
3361,OCc1ccccc1OC1OC(CO)C(O)C(O)C1O,SMILES,1,88
3362,c1ccc(C2(c3ccccc3)OCC(C3CCCCN3)O2)cc1,SMILES,1,88
3364,CCOc1cccc(F)c1B(O)O,SMILES,1,88
3365,COC(C(=O)C(O)C(C)O)C1Cc2cc3cc(OC4CC(OC5CC(O)C(O)C(C)O5)C(O)C(C)O4)c(C)c(O)c3c(O)c2C(=O)C1OC1CC(OC2CC(OC3CC(C)(O)C(O)C(C)O3)C(O)C(C)O2)C(O)C(C)O1,SMILES,1,88
3366,C#C[C@]1(O)CC[C@H]2[C@@H]3CCC4=Cc5c(cnn5-c5ccc(F)cc5)C[C@]4(C)[C@H]3CC[C@@]21C,SMILES,1,88
3367,C/C(=C1\CCOC(=O)S1)N(C=O)Cc1cnc(C)nc1N,SMILES,1,88
3368,C=C1CC2C3C=CC4=CC(=O)CC[C@]4(C)C3[C@@H](O)C[C@]2(C)[C@@]1(O)C(=O)CO,SMILES,1,88
3369,C=C1CC2C3CCC4=CC(=O)C=C[C@]4(C)C3[C@@H](O)C[C@]2(C)[C@@]1(O)C(=O)CO,SMILES,1,88
3370,C=C1CC2C3CCC4=CC(=O)C=C[C@]4(C)[C@@]3(F)[C@@H](O)C[C@]2(C)[C@@]1(O)C(=O)CO,SMILES,1,88
3371,C=CC1O[C@@H]2C[C@H]3[C@@H]4CCC5=CC(=O)C=C[C@]5(C)[C@@]4(F)[C@@H](O)C[C@]3(C)[C@]2(C(=O)CO)O1,SMILES,1,88
3372,C=CCN1CCC23c4c5ccc(O)c4O[C@H]2C2(OC)C=CC3(C[C@@H]2C(C)(O)CCC)C1C5,SMILES,1,88
3374,CC(=O)Nc1ccc(S(=O)(=O)c2ccc(NC(C)=O)cc2)cc1,SMILES,1,88
3375,CC(=O)OCC(=O)[C@@]1(O)CCC2C3CCC4=CC(=O)C=C[C@]4(C)[C@@]3(Cl)[C@@H](Cl)C[C@@]21C,SMILES,1,88
3376,CC(=O)OCC(=O)[C@@]1(O)CCC2C3CCC4=CC(=O)CC[C@]4(C)[C@@]3(F)[C@@H](O)C[C@@]21C,SMILES,1,88
3378,CC(=O)OCC(=O)[C@@]1(O)CC[C@H]2C3CCC4=CC(=O)CC[C@]4(C)[C@H]3C(=O)C[C@@]21C,SMILES,1,88
3380,CC(=O)OCC(=O)[C@@]1(O)[C@H](C)C[C@H]2C3C=C(C)C4=Cc5c(cnn5-c5ccccc5)C[C@]4(C)[C@H]3[C@@H](O)C[C@@]21C,SMILES,1,88
3381,CC(=O)OCC(=O)[C@@]1(O)[C@H](C)C[C@H]2C3C[C@H](F)C4=CC(=O)C=C[C@]4(C)[C@H]3[C@@H](O)C[C@@]21C,SMILES,1,88
3382,CC(=O)OCC(=O)[C@@]1(O)[C@H](OC(C)=O)C[C@H]2C3CCC4=CC(=O)C=C[C@]4(C)[C@@]3(F)[C@@H](O)C[C@@]21C,SMILES,1,88
3383,CC(=O)OCC(=O)[C@@]1(OC(=O)c2ccco2)[C@H](C)C[C@H]2C3CCC4=CC(=O)C=C[C@]4(C)[C@@]3(F)[C@@H](O)C[C@@]21C,SMILES,1,88
3384,CC(=O)OCC(=O)[C@@]1(OC(C)=O)CC[C@H]2C3C[C@@H](F)C4=CC(=O)C(Br)=CC4(C)[C@@]3(F)[C@@H](O)C[C@@]21C,SMILES,1,88
3385,CC(=O)OCC(=O)[C@@]1(OC(C)=O)[C@@H](C)C[C@H]2C3C[C@H](F)C4=CC(=O)C=C[C@]4(C)[C@@]3(F)[C@@H](O)C[C@@]21C,SMILES,1,88
3386,CC(=O)OCC(=O)[C@@]12N=C(C)O[C@@H]1CC1C3CCC4=CC(=O)C=C[C@]4(C)C3[C@@H](O)C[C@@]12C,SMILES,1,88
3387,CC(=O)OCC(=O)[C@@]12N=C(C)O[C@@H]1C[C@H]1[C@@H]3CCC4=CC(=O)C=C[C@]4(C)[C@@]3(F)[C@@H](O)C[C@@]12C,SMILES,1,88
3388,CC(=O)OCC(=O)[C@@]12OC(C)(C)O[C@@H]1CC1C3CC(C=O)=C4C=C(OCCCl)CC[C@]4(C)[C@@]3(F)[C@@H](O)C[C@@]12C,SMILES,1,88
3390,CC(=O)OCC(=O)[C@@]12OC(C)(C)O[C@@H]1CC1C3C[C@H](F)C4=CC(=O)C=C[C@]4(C)[C@@]3(F)[C@@H](O)C[C@@]12C,SMILES,1,88
3391,CC(=O)OCC(=O)[C@@]12OC(C)(C)O[C@@H]1C[C@H]1C3CC(C#N)=C4C=C(OCCCl)CC[C@]4(C)[C@@]3(F)[C@@H](O)C[C@@]12C,SMILES,1,88
3392,CC(=O)OCC(=O)[C@H]1[C@H](C)C[C@H]2C3C[C@H](F)C4=CC(=O)C=C[C@]4(C)[C@@]3(Cl)[C@@H](O)C[C@@]21C,SMILES,1,88
3393,CC(=O)OCC/C(SC(C)=O)=C(\C)N(C=O)Cc1cnc(C)nc1N,SMILES,1,88
3395,CC(=O)O[C@]1(C(C)=O)CCC2C3C[C@H](C)C4=CC(=O)C=C[C@]4(C)[C@@]3(F)[C@@H](O)C[C@@]21C,SMILES,1,88
3396,CC(=O)[C@@]1(O)CCC2C3CCC4=CC(=O)C=C[C@]4(C)C3[C@@H](O)C[C@@]21C,SMILES,1,88
3399,CC(=O)[C@@]12OC(C)(C)O[C@@H]1C[C@H]1[C@@H]3CCC4=CC(=O)CC[C@]4(C)[C@H]3CC[C@@]12C,SMILES,1,88
3400,CC(=O)[C@H]1CCC2C3CC[C@@H]4C[C@H](O)CC[C@]4(C)C3C(=O)C[C@@]21C,SMILES,1,88
3402,CC(=O)[C@H]1CCC2C3C[C@@H](O)C45C[C@H]4CC[C@]5(C)C3CC[C@@]21C,SMILES,1,88
3403,CC(=O)[C@H]1CC[C@H]2[C@@H]3CC=C4C[C@@H](O)CC[C@]4(C)[C@H]3CC[C@]12C,SMILES,1,88
3404,CC(=O)[C@H]1CC[C@H]2[C@@H]3CC=C4C[C@@H](OC(=O)CCC(=O)O)CC[C@]4(C)[C@H]3CC[C@]12C,SMILES,1,88
3405,CC(=O)[C@H]1CC[C@H]2[C@@H]3C[C@H](C)C4=CC(=O)C=C[C@]4(C)[C@H]3[C@@H](O)C[C@]12C,SMILES,1,88
3406,CC(=O)c1ccc([C@@H](O)[C@@H](CO)NC(=O)C(Cl)Cl)cc1,SMILES,1,88
3407,CC(C)(C)C(=O)O[C@]1(C(=O)CS)CC[C@H]2[C@@H]3CCC4=CC(=O)CC[C@]4(C)[C@H]3[C@@H](O)C[C@@]21C,SMILES,1,88
3408,CC(C)CCC(=O)C[C@@H]1c2ccccc2C(=O)N1c1ccc2ccc(Cl)nc2n1,SMILES,1,88
3409,CC(C)N[C@@H]1C2CCC(CC2)[C@@]1(O)c1ccc(Cl)c(Cl)c1,SMILES,1,88
3410,CC(C)n1cc2c3c(cccc31)[C@H]1C[C@@H](C(=O)NC3CCCCC3)CN(C)[C@@H]1C2,SMILES,1,88
3411,CC(O)C(=O)[C@@]1(O)CC[C@H]2[C@@H]3CCC4=CC(=O)C=C[C@]4(C)[C@@]3(F)[C@@H](O)C[C@@]21C,SMILES,1,88
3412,CC1(C)NC(=O)C(/C=C\c2ccccc2)O1,SMILES,1,88
3414,CC1(C)O[C@@H]2CC3C4CC[C@H]5CC(=O)CC[C@]5(C)[C@@]4(F)[C@@H](O)C[C@]3(C)[C@]2(C(=O)CO)O1,SMILES,1,88
3415,CC1(C)O[C@@H]2CC3C4C[C@H](F)C5=CC(=O)C=C[C@]5(C)C4[C@@H](O)C[C@]3(C)[C@]2(C(=O)CO)O1,SMILES,1,88
3417,CC1(C)O[C@@H]2CC3C4C[C@H](F)C5=CC(=O)C=C[C@]5(C)[C@@]4(F)[C@@H](O)C[C@]3(C)[C@]2(C(=O)CO)O1,SMILES,1,88
3418,CC1(C)O[C@@H]2CC3C4C[C@H](F)C5=CC(=O)CC[C@]5(C)C4[C@@H](O)C[C@]3(C)[C@]2(C(=O)CO)O1,SMILES,1,88
3420,CC1(C)O[C@@H]2C[C@H]3[C@@H]4CCC5=CC(=O)C=C[C@]5(C)[C@H]4[C@@H](O)C[C@]3(C)[C@]2(C(=O)CO)O1,SMILES,1,88
3421,CC1(C)O[C@@H]2C[C@H]3[C@@H]4C[C@H](F)C5=CC(=O)C=C[C@]5(C)[C@@]4(Cl)[C@@H](Cl)C[C@]3(C)[C@]2(C(=O)CCl)O1,SMILES,1,88
3422,CC1(C)[C@@H]2CC[C@@]1(C)C(=O)C2,SMILES,1,88
3424,CC12C=C(Br)C(=O)C=C1[C@H](F)CC1[C@@H]3CC[C@](O)(C(=O)CO)[C@@]3(C)C[C@H](O)[C@@]12F,SMILES,1,88
3425,CC1=CC2[C@H]([C@@H](O)C[C@@]3(C)[C@H]2C[C@@H](C)[C@]3(O)C(=O)COC(=O)c2cccc(S(=O)(=O)O)c2)[C@@]2(C)Cc3cnn(-c4ccccc4)c3C=C12,SMILES,1,88
3426,CC1=CC[C@H]2[C@H]3Cc4ccc(O)c5c4[C@@]2(CCN3C)[C@H]1O5,SMILES,1,88
3427,CCC(=O)N(c1ccccc1)[C@@]1(C(=O)OC)CCN(CCc2ccccc2)C[C@H]1C,SMILES,1,88
3428,CCC(=O)OCC(=O)[C@@]1(OC(=O)CC)[C@H](C)CC2C3CCC4=CC(=O)C=C[C@]4(C)[C@@]3(F)[C@@H](O)C[C@@]21C,SMILES,1,88
3429,CCC(=O)OCC(=O)[C@@]12OC(C)(C)O[C@@H]1C[C@H]1[C@@H]3C[C@H](F)C4=CC(=O)C=C[C@]4(C)[C@@]3(F)[C@@H](O)C[C@@]12C,SMILES,1,88
3430,CCC(=O)O[C@@](Cc1ccccc1)(c1ccccc1)[C@@H](C)CN(C)C,SMILES,1,88
3431,CCC(=O)O[C@]1(C(=O)CCl)[C@@H](C)CC2C3C[C@H](F)C4=CC(=O)C=C[C@]4(C)[C@@]3(F)[C@@H](O)C[C@@]21C,SMILES,1,88
3432,CCC(=O)O[C@]1(C(=O)SC)[C@H](C)C[C@H]2[C@@H]3C[C@H](F)C4=CC(=O)C=C[C@]4(C)[C@@]3(F)[C@@H](O)C[C@@]21C,SMILES,1,88
3434,CCC(=O)O[C@]1(c2ccccc2)CCN(C)C[C@@H]1C,SMILES,1,88
3435,CCC(=O)[C@@]1(C)[C@H](C)CC2C3CCC4=CC(=O)C=C[C@]4(C)C3[C@@H](O)C[C@@]21C,SMILES,1,88
3436,CCC(=O)[C@@]1(O)CC[C@H]2[C@@H]3CCC4=CC(=O)CC[C@]4(C)[C@H]3[C@@H](O)C[C@@]21C,SMILES,1,88
3438,CCCC(=O)OCC(=O)[C@@]1(OC(=O)CC)CC[C@H]2[C@@H]3CCC4=CC(=O)CC[C@]4(C)[C@H]3[C@@H](O)C[C@@]21C,SMILES,1,88
3439,CCCC(=O)OCC(=O)[C@@]1(OC(=O)CCC)[C@H](C)C[C@H]2[C@@H]3CCC4=CC(=O)C=C[C@]4(C)[C@@]3(Cl)[C@@H](Cl)C[C@@]21C,SMILES,1,88
3440,CCCC(=O)O[C@]1(C(=O)COC(C)=O)CC[C@H]2C3C[C@H](F)C4=CC(=O)C=C[C@]4(C)[C@@]3(F)[C@@H](O)C[C@@]21C,SMILES,1,88
3441,CCCC1O[C@H]2CC3C4CCC5=CC(=O)C=C[C@]5(C)C4[C@@H](O)C[C@]3(C)[C@]2(C(=O)CO)O1,SMILES,1,88
3442,CCCCC(=O)O[C@]1(C(=O)CO)CC[C@H]2[C@@H]3CCC4=CC(=O)C=C[C@]4(C)[C@H]3[C@@H](O)C[C@@]21C,SMILES,1,88
3443,CCCCC(=O)O[C@]1(C(=O)CO)CC[C@H]2[C@@H]3CCC4=CC(=O)CC[C@]4(C)[C@H]3[C@@H](O)C[C@@]21C,SMILES,1,88
3444,CCCCC(=O)O[C@]1(C(=O)CO)CC[C@H]2[C@@H]3C[C@H](F)C4=CC(=O)C=C[C@]4(C)[C@H]3[C@@H](O)C[C@@]21C,SMILES,1,88
3445,CCCCCC(=O)CCC1(C)[C@@H]2Cc3ccc(O)cc3[C@@]1(C)CCN2C,SMILES,1,88
3446,CCCCCC(=O)OCC(=O)[C@H]1[C@H](C)CC2C3C[C@H](F)C4=CC(=O)C=C[C@]4(C)C3[C@@H](O)C[C@@]21C,SMILES,1,88
3447,CCCCCCCCCCCCCC(=O)OC1C=C[C@H]2[C@H]3Cc4ccc(OCc5ccccc5)c5c4[C@@]2(CCN3C)[C@H]1O5,SMILES,1,88
3448,CCCCCCCCCCCCCCCCCC(=O)OCC(=O)OCC(=O)[C@@]1(O)CCC2C3CCC4=CC(=O)C=C[C@]4(C)C3[C@@H](O)C[C@@]21C,SMILES,1,88
3449,CCCCOC(=O)C(=O)[C@H]1[C@H](C)CC2C3C[C@H](F)C4=CC(=O)C=C[C@]4(C)C3[C@@H](O)C[C@@]21C,SMILES,1,88
3450,CCCN1C[C@@H](NS(=O)(=O)N(CC)CC)C[C@@H]2Cc3c(O)cccc3CC21,SMILES,1,88
3451,CCC[C@@H]1O[C@@H]2CC3C4C[C@H](F)C5=CC(=O)C=C[C@]5(C)[C@@]4(F)[C@@H](O)C[C@]3(C)[C@]2(C(=O)O[C@H](C)OC(=O)OCC)O1,SMILES,1,88
3452,CCC[C@](C)(O)C1C[C@@]23C=C[C@]1(OC)[C@@H]1Oc4c(O)ccc5c4[C@@]12CCN(C)[C@@H]3C5,SMILES,1,88
3453,CCN(CC)C(=O)[C@@H]1C2C=CC(C2)[C@H]1C(=O)N(CC)CC,SMILES,1,88
3454,CCN(CC)CC(=O)OCC(=O)[C@@]1(O)CCC2C3CCC4=CC(=O)C=C[C@]4(C)C3[C@@H](O)C[C@@]21C,SMILES,1,88
3455,CCN(CC)CC(=O)OCC(=O)[C@@]1(O)CCC2C3CCC4=CC(=O)CC[C@]4(C)C3[C@@H](O)C[C@@]21C,SMILES,1,88
3456,CCOC(=O)CC(O)CC(O)/C=C/C1=C(c2ccc(F)cc2)c2ccccc2OC12CCCC2,SMILES,1,88
3457,CCOC(=O)O[C@]1(C(=O)OCCl)CC[C@H]2[C@@H]3CCC4=CC(=O)C=C[C@]4(C)[C@H]3[C@@H](O)C[C@@]21C,SMILES,1,88
3459,CC[C@H](O)C(C[C@@H](C)N(C)C)(c1ccccc1)c1ccccc1,SMILES,1,88
3460,CC[C@H](OC(C)=O)C(C[C@@H](C)N(C)C)(c1ccccc1)c1ccccc1,SMILES,1,88
3461,CC[C@H]1CC(=O)[C@@H]2Oc3c(OC)ccc4c3[C@@]23CCN(CC2CC2)[C@H](C4)[C@H]13,SMILES,1,88
3463,CN1CC[C@@]2(C)c3cc(OC(=O)N4CCc5ccccc5C4)ccc3N(C)C12,SMILES,1,88
3464,CN1CC[C@@]23NC(=O)C[C@@H](c4cc(Cl)ccc4O2)[C@H]3C1,SMILES,1,88
3465,CN1CC[C@]2(C)C[C@@H](Cc3ccc(O)cc32)C1,SMILES,1,88
3466,CN1CC[C@]23c4c5ccc(O)c4O[C@H]2C(=O)C=C[C@@]3(CCCCCN)[C@H]1C5,SMILES,1,88
3467,CN1CC[C@]23c4c5ccc(O)c4O[C@H]2CCC[C@H]3[C@H]1C5,SMILES,1,88
3468,CN1CC[C@]23c4c5ccc(O)c4O[C@H]2[C@@](C)(O)CC[C@H]3[C@H]1C5,SMILES,1,88
3469,CN1C[C@@H](CC#N)C[C@@H]2c3cccc4[nH]cc(c34)C[C@H]21,SMILES,1,88
3470,CN1C[C@H](CSc2ccccn2)C=C2c3cccc4[nH]cc(c34)C[C@H]21,SMILES,1,88
3471,CN1[C@@H]2CC[C@@H]1CC(OC(=O)C(O)c1ccccc1)C2,SMILES,1,88
3472,CNC(=O)O[C@@H]1OC(=O)[C@@H]2[C@H]1[C@H]1C=C[C@@H]2C1,SMILES,1,88
3474,CO/N=C(/C#N)[C@H]1CN2CCC1CC2,SMILES,1,88
3475,COC(=O)[C@H]1[C@H]2C[C@@H]3c4[nH]c5cc(OC)ccc5c4CCN3C[C@H]2C[C@H](OC)[C@@H]1OC,SMILES,1,88
3476,COC(=O)[C@H]1[C@H]2C[C@@H]3c4[nH]c5ccccc5c4CCN3C[C@@H]2C[C@@H](OC(=O)c2cc(OC)c(OC)c(OC)c2)[C@@H]1OC,SMILES,1,88
3477,COC(OC)C(=O)[C@@]12OC(C)(C)O[C@@H]1CC1C3C[C@H](F)C4=CC(=O)C=C[C@]4(C)[C@@]3(F)[C@@H](O)C[C@@]12C,SMILES,1,88
3478,CO[C@@]12C=C[C@@]3(CC1C(C)(C)O)[C@H]1Cc4ccc(O)c5c4[C@@]3(CCN1CC1CC1)[C@H]2O5,SMILES,1,88
3480,CO[C@H]1O[C@H]2O[C@]3(CN4CCCCC4)[C@H]1[C@H](C[C@H]3O)C2C,SMILES,1,88
3481,COc1ccc(OC[C@H]2CN(C)CCC2c2ccccc2)cc1,SMILES,1,88
3483,COc1ccc2c3c1O[C@H]1C(OC(C)=O)=CC[C@H]4[C@@H](C2)N(C)CCC314,SMILES,1,88
3484,COc1ccc2c3c1O[C@H]1[C@@H](O)C=C[C@H]4[C@@H](C2)NCC[C@@]341,SMILES,1,88
3485,COc1ccc2c3c1O[C@H]1[C@@H](OC(=O)c4cccnc4)CC[C@H]4[C@@H](C2)N(C)CC[C@@]341,SMILES,1,88
3487,CSC(=O)[C@@]1(O)[C@H](C)C[C@H]2[C@@H]3C[C@H](F)C4=CC(=O)C=C[C@]4(C)[C@@]3(F)[C@@H](O)C[C@@]21C,SMILES,1,88
3488,CSC(=O)[C@@]1(OC(C)=O)[C@@H](C)C[C@H]2[C@@H]3CCC4=CC(=O)C=C[C@]4(C)[C@@]3(F)[C@@H](O)C[C@@]21C,SMILES,1,88
3489,C[C@@H](CN1CCOCC1)C(C(=O)N1CCCC1)(c1ccccc1)c1ccccc1,SMILES,1,88
3490,C[C@@H]1CC2C3CCC4=CC(=O)C=C[C@]4(C)[C@@]3(Cl)[C@@H](O)C[C@]2(C)[C@@]1(OC(=O)c1ccco1)C(=O)CCl,SMILES,1,88
3491,C[C@@H]1CC2C3CCC4=CC(=O)C=C[C@]4(C)[C@@]3(F)[C@@H](O)C[C@]2(C)[C@@]1(C)C(=O)CO,SMILES,1,88
3492,C[C@@H]1CC2C3C[C@H](F)C4=CC(=O)C=C[C@]4(C)C3[C@@H](O)C[C@]2(C)[C@H]1C(=O)C(=O)O,SMILES,1,88
3493,C[C@@H]1CC2C3C[C@H](F)C4=CC(=O)C=C[C@]4(C)C3[C@@H](O)C[C@]2(C)[C@H]1C(=O)CO,SMILES,1,88
3494,C[C@@H]1CC2C3C[C@H](F)C4=CC(=O)C=C[C@]4(C)[C@@]3(F)[C@@H](O)C[C@]2(C)[C@@]1(O)C(=O)CO,SMILES,1,88
3495,C[C@@H]1CC2C3C[C@H](F)C4=CC(=O)C=C[C@]4(C)[C@@]3(F)[C@@H](O)C[C@]2(C)[C@@]1(O)C(=O)COC(=O)C(C)(C)C,SMILES,1,88
3496,C[C@@H]1C[C@H]2C3CC(F)(F)C4=CC(=O)C=C[C@]4(C)[C@@]3(F)[C@@H](O)C[C@]2(C)[C@@]1(O)C(=O)CO,SMILES,1,88
3497,C[C@@H]1C[C@H]2C3C[C@H](F)C4=CC(=O)C=C[C@]4(C)[C@@]3(Cl)[C@@H](F)C[C@]2(C)[C@H]1C(=O)CO,SMILES,1,88
3498,C[C@@H]1C[C@H]2C3C[C@H](F)C4=CC(=O)C=C[C@]4(C)[C@@]3(Cl)[C@@H](O)C[C@]2(C)[C@H]1C(=O)COC(=O)C(C)(C)C,SMILES,1,88
3499,C[C@@H]1C[C@H]2C3C[C@H](F)C4=CC(=O)C=C[C@]4(C)[C@@]3(F)[C@@H](O)C[C@]2(C)[C@H]1C(=O)CO,SMILES,1,88
3500,C[C@@H]1C[C@H]2C3C[C@H](F)C4=CC(=O)C=C[C@]4(C)[C@@]3(F)[C@@H](O)C[C@]2(C)[C@H]1C(=O)COC(=O)C(C)(C)C,SMILES,1,88
3501,C[C@@H]1C[C@H]2[C@@H]3CCC4=CC(=O)C=C[C@]4(C)[C@@]3(Cl)[C@@H](Cl)C[C@]2(C)[C@@]1(O)C(=O)CO,SMILES,1,88
3502,C[C@@H]1C[C@H]2[C@@H]3C[C@H](F)C4=CC(=O)C(Cl)=C[C@]4(C)[C@@]3(F)[C@@H](O)C[C@]2(C)[C@@]1(O)C(=O)CO,SMILES,1,88
3503,C[C@@H]1C[C@H]2[C@@H]3C[C@H](F)C4=CC(=O)C=C[C@]4(C)[C@@]3(Cl)[C@@H](O)C[C@]2(C)[C@H]1C(=O)CO,SMILES,1,88
3504,C[C@@H]1C[C@H]2[C@@H]3C[C@H](F)C4=CC(=O)C=C[C@]4(C)[C@@]3(F)[C@@H](O)C[C@]2(C)[C@@]1(O)C(=O)SCCl,SMILES,1,88
3505,C[C@@]12CCCCCC(Cc3ccc(O)cc31)[C@@H]2N,SMILES,1,88
3508,C[C@H]1C[C@H]2C3CCC4=CC(=O)C=C[C@]4(C)[C@@]3(F)C(=O)C[C@]2(C)[C@@]1(O)C(=O)CCl,SMILES,1,88
3509,C[C@H]1C[C@H]2C3CCC4=CC(=O)C=C[C@]4(C)[C@@]3(F)[C@@H](O)C[C@]2(C)[C@@]1(O)C(=O)CCl,SMILES,1,88
3510,C[C@H]1C[C@H]2C3C[C@H](F)C4=CC(=O)C=C[C@]4(C)[C@@]3(F)[C@@H](O)C[C@]2(C)[C@@]1(O)C(=O)CO,SMILES,1,88
3511,C[C@H]1OC2(CCCC[C@H]2Oc2cccc(Cl)c2)NC1=O,SMILES,1,88
3512,C[C@H]1[C@H]2C(=O)c3ccc(O)cc3[C@]1(C)CCN2CC1CC1,SMILES,1,88
3514,C[C@]12CC[C@@H](O)C[C@@H]1CC[C@H]1[C@@H]3CC[C@H](C(=O)CO)[C@@]3(C)CC(=O)[C@@H]12,SMILES,1,88
3515,C[C@]12CCC(=O)C=C1CC[C@@H]1[C@@H]2CC[C@@]2(C)[C@H]1CC[C@]2(O)C(=O)CO,SMILES,1,88
3516,C[C@]12C=CC(=O)C=C1CCC1C3CC[C@](O)(C(=O)CO)[C@@]3(C)C[C@H](Cl)[C@@]12Cl,SMILES,1,88
3517,C[C@]12C=CC(=O)C=C1[C@@H](F)CC1C3C[C@@H](O)[C@](O)(C(=O)CO)[C@@]3(C)C[C@H](O)[C@@]12F,SMILES,1,88
3518,C[C@]12C=CC(=O)C=C1CC[C@H]1[C@@H]3CC[C@](O)(C(=O)CO)[C@@]3(C)C[C@H](O)[C@@]12F,SMILES,1,88
3519,C[C@]12C=CC(=O)C=C1C(Cl)=CC1[C@@H]2[C@@H](O)C[C@@]2(C)[C@H]1CC[C@]2(O)C(=O)CO,SMILES,1,88
3520,C[C@]12C=CC(=O)C1C(=O)CC[C@@H]1[C@@H]2[C@@H](O)C[C@@]2(C)[C@H]1CC[C@]2(O)C(=O)CO,SMILES,1,88
3521,C[C@]12C=CC(=O)C=C1CC[C@@H]1[C@@H]2[C@@H](O)C[C@@]2(C)[C@H]1CC[C@]2(O)C(=O)OCCl,SMILES,1,88
3523,C[N+]1([O-])[C@@H]2CC[C@H]1CC(OC(=O)C(CO)c1ccccc1)C2,SMILES,1,88
3524,Cc1nc2n(n1)C(N1CCN(C)CC1)=Nc1cc(I)ccc1C2,SMILES,1,88
3525,Cc1ncc(COC(=O)CCC(=O)OCCN(C)C)c(CO)c1O,SMILES,1,88
3526,Clc1ccc2c(c1)/C(=C\C1CN3CCC1CC3)c1ccccc1S2,SMILES,1,88
3527,FC(F)(F)c1cccc(N2CCN(CCc3nnc4n3C[C@@H]3CCC[C@H]43)CC2)c1,SMILES,1,88
3528,NC(=O)Nc1ccc(S(=O)(=O)c2ccc(N)cc2)cc1,SMILES,1,88
3529,O=C(O)CCCC[C@@H]1SC[C@@H]2NC(=O)N[C@@H]21,SMILES,1,88
3530,O=C1CC=C2CCC(=O)N12,SMILES,1,88
3532,O=C1[C@@H]2[C@@H]3C=C[C@@H]([C@@H]4C=C[C@@H]43)[C@@H]2C(=O)N1CCCCN1CCN(c2ncccn2)CC1,SMILES,1,88
3533,OC(OCCOCCOC[C@@H]1C[C@H](OC(O)C(Cl)(Cl)Cl)[C@@H](O)[C@H](O[C@H]2[C@H](OCCOCCOC(O)C(Cl)(Cl)Cl)[C@@H](O)[C@H](O)O[C@@H]2COCCOC(O)C(Cl)(Cl)Cl)O1)C(Cl)(Cl)Cl,SMILES,1,88
3534,OCC(O)[C@H]1O[C@@H]2O[C@H](C(Cl)(Cl)Cl)O[C@@H]2[C@H]1O,SMILES,1,88
3535,OCCC1CCC(CC/C=C2\c3ccccc3Sc3ccc(Cl)cc32)CC1,SMILES,1,88
3537,Oc1ccc2c3c1O[C@H]1[C@@H](O)CC[C@@]4(O)[C@@H](C2)N(CC2CCC2)CC[C@]314,SMILES,1,88
3539,CC1(C)S[C@@H]2[C@@H](NC(=O)[C@H](C(=O)O)c3ccsc3)C(=O)N2C1C(=O)O,SMILES,1,88
3540,CN1CCCC[C@H]1CCN1c2ccccc2Sc2ccc([S@@+](C)[O-])cc21,SMILES,1,88
3543,OC[C@H]1O[C@@H](n2cnc3c2NC=NC[C@H]3O)CC1O,SMILES,1,88
3544,COc1ccc(C2C(S(=O)(=O)c3ccc(Cl)cc3)C2(CN)CN)cc1,SMILES,1,88
3545,C(=C/c1ccccc1)\CN1CCN(C(c2ccccc2)c2ccccc2)CC1,SMILES,1,88
3546,C=CCN1CCc2nc(N)sc2CC1,SMILES,1,88
3547,CC(=O)c1ccc2c(c1)Sc1ccccc1N2CCCN1CCN(CCO)CC1,SMILES,1,88
3552,CCC(=O)C(CC(C)N1CCCCC1)(c1ccccc1)c1ccccc1,SMILES,1,88
3553,CCC(CO)NC(=O)C1C=C2c3cccc4c3c(cn4C)CC2N(C)C1,SMILES,1,88
3554,CCC1(c2cccc(O)c2)CCCCN(C)C1,SMILES,1,88
3556,CCCNC1CCc2nc(N)sc2C1,SMILES,1,88
3557,CCN(CC)C(=O)/C(C#N)=C/c1cc(O)c(O)c([N+](=O)[O-])c1,SMILES,1,88
3559,CCNC(C)Cc1cccc(C(F)(F)F)c1,SMILES,1,88
3560,CCOC(=O)C1(c2ccccc2)CCN(CCC(O)c2ccccc2)CC1,SMILES,1,88
3561,CCOC(=O)Nc1ccc(NCc2ccc(F)cc2)nc1N,SMILES,1,88
3562,CCOC(=O)c1ncn2c1CN(C)C(=O)c1c(I)cccc1-2,SMILES,1,88
3564,CN(C)CCN(Cc1ccccc1)c1ccccn1,SMILES,1,88
3565,CN(C)CCOC1=Cc2cc(Cl)ccc2Sc2ccccc21,SMILES,1,88
3566,CN(C)CCc1c[nH]c2ccc(CS(=O)(=O)N3CCCC3)cc12,SMILES,1,88
3568,CN1C(=O)CC(C(=O)NC(Cc2cnc[nH]2)C(=O)N2CCCC2C(N)=O)NC1=O,SMILES,1,88
3569,CN1C(=O)CNC(C2=CCCCC2)c2cc(Cl)ccc21,SMILES,1,88
3571,CN1CCC(=C2c3ccccc3C=Cc3ccccc32)CC1,SMILES,1,88
3572,CN1CCC(=C2c3ccccc3CCc3cccnc32)CC1,SMILES,1,88
3573,CN1CCC(CN2c3ccccc3Sc3ccccc32)C1,SMILES,1,88
3574,CN1CCC(OC(c2ccccc2)c2ccccc2)CC1,SMILES,1,88
3575,CN1CCC2=C(C1)C(c1ccccc1)c1ccccc12,SMILES,1,88
3576,CN1CCCC(CC2c3ccccc3Sc3ccccc32)C1,SMILES,1,88
3578,CN1CCN(C(c2ccccc2)c2ccccc2)CC1,SMILES,1,88
3579,CNC(C)C(O)c1ccccc1,SMILES,1,88
3580,COC(=O)C1C(c2ccc(I)cc2)CC2CCC1N2CCCF,SMILES,1,88
3582,COC1=C(OC)C(=O)C(CCCCCCCCCCO)=C(C)C1=O,SMILES,1,88
3583,Cc1cccc(C(C)c2cnc[nH]2)c1C,SMILES,1,88
3584,Cc1cccc(CN2CCN(C(c3ccccc3)c3ccc(Cl)cc3)CC2)c1,SMILES,1,88
3586,Fc1ccc(C(c2ccc(F)cc2)N2CCN(C/C=C/c3ccccc3)CC2)cc1,SMILES,1,88
3587,NC(C(=O)O)C(O)c1ccc(O)c(O)c1,SMILES,1,88
3588,O=C(O)C1N=C(c2ccccc2)c2cc(Cl)ccc2NC1=O,SMILES,1,88
3589,O=C(OC1CC2CC3CC(C1)N2CC3=O)c1c[nH]c2ccccc12,SMILES,1,88
3590,O=C1c2cccc3c2C(CCC3)CN1C1CN2CCC1CC2,SMILES,1,88
3591,OCC(O)COc1ccc(Cl)cc1,SMILES,1,88
3592,Brc1c(NC2=NCCN2)ccc2nccnc12,SMILES,1,88
3593,CC(C)(C)NC[C@H](O)COc1cccc2c1CCCC2=O,SMILES,1,88
3594,CC(C)(C)NC[C@H](O)COc1nsnc1N1CCOCC1,SMILES,1,88
3595,CCCN[C@H]1CCc2nc(N)sc2C1,SMILES,1,88
3596,CN1CCC[C@@H]1CCO[C@](C)(c1ccccc1)c1ccc(Cl)cc1,SMILES,1,88
3597,CNC[C@H](O)c1cccc(O)c1,SMILES,1,88
3600,C[C@@H]1CN(C2CCC(C#N)(c3ccc(F)cc3)CC2)CC[C@]1(C(=O)O)c1ccccc1,SMILES,1,88
3601,Cc1cccc(C2(C(=O)N3CCCC3)CCN(CCCC(=O)c3ccc(F)cc3)CC2)c1,SMILES,1,88
3602,O=C(OC1C[C@@H]2CC3C[C@H](C1)N2CC3=O)c1c[nH]c2ccccc12,SMILES,1,88
3603,C#CCNC1CCc2ccccc21,SMILES,1,88
3604,CC(C)C(=O)Oc1ccc(CO)cc1C(CCN(C(C)C)C(C)C)c1ccccc1,SMILES,1,88
3605,CC(Cc1ccccc1)NC(=O)C(N)CCCCN,SMILES,1,88
3606,CC(OC1OCCN(Cc2n[nH]c(=O)[nH]2)C1c1ccc(F)cc1)c1cc(C(F)(F)F)cc(C(F)(F)F)c1,SMILES,1,88
3607,CC1=C(CC(=O)O)c2cc(F)ccc2/C1=C/c1ccc([S+](C)[O-])cc1,SMILES,1,88
3608,CCC(=O)NCCC1CCc2ccc3c(c21)CCO3,SMILES,1,88
3609,CCC(c1cccc(O)c1)C(C)CN(C)C,SMILES,1,88
3610,CCCC(C)(COC(N)=O)COC(=O)NC(C)C,SMILES,1,88
3611,CCCCC(C)(O)C/C=C/C1C(O)CC(=O)C1CCCCCCC(=O)OC,SMILES,1,88
3612,CCCCN1CC(O)C(O)C(O)C1CO,SMILES,1,88
3613,CCCN(CCc1cccs1)C1CCc2c(O)cccc2C1,SMILES,1,88
3614,CCN(CCC(c1ccccc1)c1cc(C)ccc1O)C(C)C,SMILES,1,88
3615,CN(C)CC(c1ccc(O)cc1)C1(O)CCCCC1,SMILES,1,88
3616,CN1CC(C(=O)NC2(C)OC3(O)C4CCCN4C(=O)C(Cc4ccccc4)N3C2=O)C=C2c3cccc4[nH]cc(c34)CC21,SMILES,1,88
3617,CN1CCCC1Cc1c[nH]c2ccc(CCS(=O)(=O)c3ccccc3)cc12,SMILES,1,88
3618,CNC(C)CCC=C(C)C,SMILES,1,88
3619,COC(=O)C1=COC(C)C2CN3CCc4c([nH]c5ccccc45)C3CC12,SMILES,1,88
3620,COc1ccc2cc(C(C)C(=O)O)ccc2c1,SMILES,1,88
3621,Clc1ccc2nsnc2c1NC1=NCCN1,SMILES,1,88
3622,N#Cc1ccc2[nH]cc(CCCCN3CCN(c4ccc5oc(C(N)=O)cc5c4)CC3)c2c1,SMILES,1,88
3623,Nc1ccncc1,SMILES,1,88
3625,O=C(O)CCCO,SMILES,1,88
3626,O=C(OC1CC2CCC(C1)[N+]21CCCC1)C(O)(c1ccccc1)c1ccccc1,SMILES,1,88
3627,O=C(OC1CN2CCC1CC2)N1CCc2ccccc2C1c1ccccc1,SMILES,1,88
3628,O=C1CC=NN1c1ccccc1,SMILES,1,88
3629,CCC[C@]1(O)[C@H]2C[C@]34C=C[C@@]2(OC)[C@H]1[C@@]31CCN(C)[C@@H]4Cc2ccc(OC(C)=O)c(OC)c21,SMILES,1,88
3630,CCN=C1NC(=O)[C@@H](c2ccccc2)O1,SMILES,1,88
3631,CCN=C1Nc2ccc(Cl)cc2[C@@H](c2ccccc2)S1,SMILES,1,88
3632,CCN=C1Nc2ccc(Cl)cc2[C@](C)(c2ccccc2)O1,SMILES,1,88
3633,CC[C@](C)(O)[C@@H]1[C@H]2[C@@H]3C[C@@]34[C@@H]3Cc5ccc(OC)c6c5[C@@]4(CCN3CC3CC3)[C@@H](O6)[C@]21OC,SMILES,1,88
3634,CN1CCCC[C@@H]1CCN1c2ccccc2Sc2ccc([S@@+](C)[O-])cc21,SMILES,1,88
3635,CN=C1CN(O)[C@@H](c2ccccc2)c2cc(Cl)ccc2N1,SMILES,1,88
3636,CNCCC=C1c2ccccc2[C@H]2C[C@H]2c2ccccc21,SMILES,1,88
3637,COC1=C[C@@]23C[C@@]24CCCC[C@H]4[C@@H]2C[C@@]3(C=C1)CN2C,SMILES,1,88
3638,CO[C@@]12CC[C@]3(C[C@@H]1C(C)(C)O)[C@@H]1Cc4ccc(O)c5c4[C@]3(CCN1CC1CC1)[C@H]2O5,SMILES,1,88
3639,N=C1NC(=O)[C@@H](c2ccccc2)O1,SMILES,1,88
3640,NC(=O)C[S@@+]([O-])C(c1ccccc1)c1ccccc1,SMILES,1,88
3641,O=C1NC(=NC2CC2)O[C@@H]1c1ccccc1,SMILES,1,88
3643,C#Cc1cccc(Nc2ncnc3cc(OCCOC)c(OCCOC)cc23)c1,SMILES,1,88
3644,CC1=c2ccc(N(C)c3ccnc(Cc4ccc(C)c(S(N)(=O)=O)c4)n3)cc2=NC1C,SMILES,1,88
3645,CCC(=O)NCC[C@@H]1CCc2ccc3c(c21)CCO3,SMILES,1,88
3646,CCN(CC)CCNC(=O)c1c(C)[nH]c(/C=C2\C(=O)Nc3ccc(F)cc32)c1C,SMILES,1,88
3647,CCN1CCN(Cc2ccc(-c3cc4c(NC(C)c5ccccc5)ncnc4[nH]3)cc2)CC1,SMILES,1,88
3648,CCOC(=O)c1cncn1[C@H](C)c1ccccc1,SMILES,1,88
3649,CCSCc1ccc2c(c1)c1c3c(c4c5cc(CSCC)ccc5n5c4c1n2C1C[C@](O)(C(=O)OC)C5(C)O1)CNC3=O,SMILES,1,88
3650,CN(C)CCOC(c1ccc(Cl)cc1)c1ccccn1,SMILES,1,88
3651,CN1CCC(c2c(O)cc(O)c3c(=O)cc(-c4ccccc4Cl)oc23)C(O)C1,SMILES,1,88
3654,CN1C[C@H](C(=O)N[C@]2(C)O[C@@]3(O)[C@@H]4CCCN4C(=O)[C@H](Cc4ccccc4)N3C2=O)C=C2c3cccc4[nH]cc(c34)C[C@H]21,SMILES,1,88
3656,CNCC[C@@H](Oc1cccc2ccccc12)c1cccs1,SMILES,1,88
3658,COC1CC(CC(C)C2CC(=O)[C@H](C)C=C(C)[C@H](O)C(OC)C(=O)C(C)CC(C)/C=C/C=C/C=C(\C)[C@@H](OC)CC3CC[C@@H](C)[C@@](O)(O3)C(=O)C(=O)N3CCCCC3C(=O)O2)CC[C@H]1O,SMILES,1,88
3659,COC1CC(CC(C)C2CC(=O)[C@H](C)C=C(C)[C@H](O)C(OC)C(=O)C(C)CC(C)/C=C/C=C/C=C(\C)[C@@H](OC)CC3CC[C@@H](C)[C@@](O)(O3)C(=O)C(=O)N3CCCCC3C(=O)O2)CC[C@H]1OCCO,SMILES,1,88
3660,COC1CC(CC(C)C2CC(=O)[C@H](C)C=C(C)[C@H](O)C(OC)C(=O)C(C)CC(C)/C=C/C=C/C=C(\C)[C@@H](OC)CC3CC[C@@H](C)[C@@](O)(O3)C(=O)C(=O)N3CCCCC3C(=O)O2)CC[C@@H]1OC(=O)C(C)(CO)CO,SMILES,1,88
3661,Cc1cc(C)c(/C=C2\C(=O)Nc3ccccc32)[nH]1,SMILES,1,88
3662,NC(=O)N1c2ccccc2CCc2ccccc21,SMILES,1,88
3663,O=C(O)C(Cl)Cl,SMILES,1,88
3665,O=S(=O)(c1cccc2cnccc12)N1CCCNCC1,SMILES,1,88
3666,OC1CCCCC1N1CCC(c2ccccc2)CC1,SMILES,1,88
3667,Oc1ccc2c3c1O[C@@H]1[C@@H](O)CCC4(O)[C@@H](C2)N(CC2CCC2)CC[C@]314,SMILES,1,88
3671,C#C[C@@]1(O)CC[C@@H]2[C@@H]3CCC4=CC(=O)CC[C@@H]4[C@@H]3CC[C@@]21C,SMILES,1,88
3672,C#C[C@@]1(O)CC[C@@H]2[C@@H]3CCC4=CC(=O)CC[C@@H]4[C@@H]3CC[C@@]21CC,SMILES,1,88
3673,C#C[C@@]1(O)CC[C@@H]2[C@@H]3CCC4=CCCC[C@@H]4[C@@H]3CC[C@@]21C,SMILES,1,88
3674,C#C[C@@]1(O)CC[C@@H]2[C@@H]3CC[C@@H]4CC(=O)CCC4=C3[C@H](c3ccc(N(C)C)cc3)C[C@@]21C,SMILES,1,88
3676,C#C[C@@]1(O)CC[C@@H]2[C@@H]3CCc4cc(OC)ccc4[C@@H]3CC[C@@]21C,SMILES,1,88
3677,C#C[C@@]1(O)CC[C@@H]2[C@H]3[C@@H](C)CC4=C(CCC(=O)C4)[C@@H]3CC[C@@]21C,SMILES,1,88
3678,C#C[C@@]1(O)CC[C@H]2[C@@H]3CCC4=CCCC[C@@H]4[C@@H]3C(=C)C[C@]21CC,SMILES,1,88
3679,C#C[C@@]1(OC(C)=O)CC[C@@H]2[C@@H]3CCC4=CC(=NO)CC[C@@H]4[C@@H]3CC[C@@]21CC,SMILES,1,88
3680,C#C[C@@]1(OC(C)=O)CC[C@@H]2[C@@H]3CCC4=C[C@@H](OC(C)=O)CC[C@@H]4[C@@H]3CC[C@@]21C,SMILES,1,88
3681,C1=Cc2cccc(OC[C@@H]3CNCCO3)c2C1,SMILES,1,88
3682,C=C1/C(=C\C=C2/CCC[C@]3(C)[C@@H]2CC[C@H]3[C@@H](C)CCCC(C)C)C[C@H](O)C[C@H]1O,SMILES,1,88
3683,C=CCC1([C@@H](C)CC)C(=O)NC(=O)NC1=O,SMILES,1,88
3684,C=CCN1C(=O)[C@@H](CC(C)C)NC1=S,SMILES,1,88
3685,C=CCN1CCC[C@@H]1CNC(=O)c1cc(S(=O)(=O)NC)c(N)cc1OC,SMILES,1,88
3686,C=CCN1CC[C@@]23c4c5ccc(O)c4O[C@H]2C(=O)CC[C@@]3(O)[C@@H]1C5,SMILES,1,88
3687,C=CCN1CC[C@]23c4c5ccc(O)c4O[C@@H]2[C@]2(OC)C=C[C@]3(C[C@@H]2[C@](C)(O)CCC)[C@H]1C5,SMILES,1,88
3688,C=CCOc1ccccc1OC[C@@H](O)CNC(C)C,SMILES,1,88
3690,C=C[C@@H]1CN2CC[C@@H]1C[C@@H]2[C@@H](O)c1ccnc2ccc(OC)cc12,SMILES,1,88
3692,C=C[C@@]12CC[C@@H](O[C@H]3C[C@@H](OC)[C@@H](O)[C@H](C)O3)C[C@]1(O)CC[C@@H]1[C@@H]2CC[C@]2(C)[C@H](C3=CC(=O)OC3)CC[C@@]12O,SMILES,1,88
3693,C=C[C@H]1CN2CC[C@@H]1C[C@@H]2[C@@H](O)c1ccnc2ccc(OC)cc12,SMILES,1,88
3694,CC(=CC(=O)O)/C=C/C=C(C)\C=C/C1=C(C)CCCC1(C)C,SMILES,1,88
3695,CC(=CCO)/C=C/C=C(C)\C=C\C1=C(C)CCCC1(C)C,SMILES,1,88
3696,CC(=O)N1CCN(c2ccc(OC[C@@H]3CO[C@@](Cn4ccnc4)(c4ccc(Cl)cc4Cl)O3)cc2)CC1,SMILES,1,88
3698,CC(=O)Nc1ccc(OC(=O)[C@H]2CCC(=O)N2)cc1,SMILES,1,88
3699,CC(=O)Nc1ccc([C@H](O)CNC(C)C)cc1,SMILES,1,88
3700,CC(=O)Nc1ccccc1,SMILES,1,88
3701,CC(=O)OCC(=O)[C@@]1(O)CC[C@@H]2[C@@H]3CCC4=CC(=O)CC[C@]4(C)[C@]3(F)[C@@H](O)C[C@@]21C,SMILES,1,88
3703,CC(=O)OCC1=CO[C@@H](OC(=O)CC(C)(C)OC(C)=O)[C@@H]2C1=C[C@H](OC(=O)CC(C)C)[C@]21CO1,SMILES,1,88
3704,CC(=O)O[C@@H](c1ccccc1)[C@H]1CCCCN1,SMILES,1,88
3708,CC(=O)O[C@]1(C(C)=O)CC[C@@H]2[C@H]3C=C(C)C4=CC(=O)CC[C@@]4(C)[C@H]3CC[C@]21C,SMILES,1,88
3709,CC(=O)Oc1ccc2c3c1O[C@H]1[C@H](OC(C)=O)C=C[C@H]4[C@H](C2)N(C)CCC[C@@]341,SMILES,1,88
3710,CC(=O)[C@@H]1CC[C@@H]2[C@@H]3CCC4=CC(=O)CC[C@]4(C)[C@@H]3CC[C@]21C,SMILES,1,88
3711,CC(=O)[C@H]1CC[C@H]2[C@H]3CC[C@H]4C[C@@](C)(O)CC[C@@]4(C)[C@H]3CC[C@@]12C,SMILES,1,88
3712,CC(=O)[C@H]1CC[C@H]2[C@H]3C[C@H](O)[C@@]45C[C@H]4CC[C@@]5(C)[C@H]3CC[C@@]12C,SMILES,1,88
3713,CC(C)(C)C(=O)O[C@H]1N=C(c2ccccc2)c2cc(Cl)ccc2NC1=O,SMILES,1,88
3714,CC(C)(C)NC(=O)[C@@H]1CC[C@@H]2[C@@H]3CC[C@@H]4NC(=O)C=C[C@@]4(C)[C@@H]3CC[C@]21C,SMILES,1,88
3715,CC(C)(C)NC[C@@H](O)c1cc(O)cc(O)c1,SMILES,1,88
3716,CC(C)(C)NC[C@@H](O)c1ccc(O)c(C(=O)O)c1,SMILES,1,88
3719,CC(C)(Oc1ccc(CCNC(=O)c2ccccc2)cc1)C(=O)O,SMILES,1,88
3720,CC(C)(Oc1ccc([C@@H]2CC2(Cl)Cl)cc1)C(=O)O,SMILES,1,88
3721,CC(C)=CCC1C(=O)N(c2ccccc2)N(c2ccccc2)C1=O,SMILES,1,88
3722,CC(C)=CCN1CC[C@]2(C)c3cc(O)ccc3C[C@@H]1[C@H]2C,SMILES,1,88
3723,CC(C)CCC[C@H](C)[C@@H]1CC[C@@H]2[C@@H]3CC=C4C[C@@H](O)CC[C@]4(C)[C@@H]3CC[C@@]21C,SMILES,1,88
3724,CC(C)COC[C@@H](CN1CCCC1)N(Cc1ccccc1)c1ccccc1,SMILES,1,88
3725,CC(C)C[C@@H](CN)CC(=O)O,SMILES,1,88
3726,CC(C)C[C@@H](N(C)C)C1(c2ccc(Cl)cc2)CCC1,SMILES,1,88
3727,CC(C)N(CC[C@](C(N)=O)(c1ccccc1)c1cccnc1)C(C)C,SMILES,1,88
3728,CC(C)NC[C@@H](O)c1cc(O)cc(O)c1,SMILES,1,88
3729,CC(C)NC[C@@H]1CCc2cc(CO)c([N+](=O)[O-])cc2N1,SMILES,1,88
3732,CC(C)N[C@@H](C)[C@@H](O)c1cccc2ccccc12,SMILES,1,88
3733,CC(C)N[C@@H](O)c1ccc(O)c(O)c1,SMILES,1,88
3735,CC(C)n1c(/C=C/[C@H](O)C[C@@H](O)CC(=O)O)c(-c2ccc(F)cc2)c2ccccc21,SMILES,1,88
3736,CC(C)n1c(/C=C/[C@H](O)C[C@H](O)CC(=O)O)c(-c2ccc(F)cc2)c2ccccc21,SMILES,1,88
3737,CC([C@H](C)OC(N)=O)[C@@H](C)OC(N)=O,SMILES,1,88
3739,CC1(C)O[C@@H]2[C@H](CO[C@]3(COS(N)(=O)=O)OC(C)(C)O[C@@H]23)O1,SMILES,1,88
3740,CC1(C)O[C@H]2C[C@H]3[C@@H]4CCC5=CC(=O)C=C[C@H]5[C@]4(F)[C@H](O)C[C@]3(C)[C@@]2(C(=O)CO)O1,SMILES,1,88
3741,CC1(C)O[C@H]2C[C@H]3[C@@H]4C[C@H](F)C5=CC(=O)C=C[C@]5(C)[C@H]4[C@H](O)C[C@@]3(C)[C@@]2(C(=O)CO)O1,SMILES,1,88
3743,CC1=NNC2=CN=C(c3ccccc3Cl)c3cc(Cl)ccc3N21,SMILES,1,88
3744,CCC#CC[C@H](C)[C@@H](O)C#C[C@@H]1[C@H]2C/C(=C\COCC(=O)O)C[C@@H]2C[C@@H]1O,SMILES,1,88
3746,CCC(=O)C(c1ccccc1)(c1ccccc1)[C@H](C)CN(C)C,SMILES,1,88
3747,CCC(=O)N1CCN(C(=O)O[C@@H]2C3=C(SCCS3)C(=O)N2c2ccc3ccc(Cl)nc3n2)CC1,SMILES,1,88
3748,CCC(=O)O[C@@](Cc1ccccc1)(c1ccccc1)[C@H](C)CN(C)C,SMILES,1,88
3750,CCC1(CC)O[C@H]2C[C@H]3[C@H]4CCC5=CC(=O)C=C[C@@]5(C)[C@@]4(F)[C@H](O)C[C@@]3(C)[C@]2(C(=O)CO)O1,SMILES,1,88
3751,CCCC(=O)[C@]1(c2ccccc2)CCC=C[C@@H]1N(C)C,SMILES,1,88
3752,CCCC(CCC)CCC[C@@H]1COCCN1CCO,SMILES,1,88
3753,CCCCC(=O)O[C@]1(C(=O)CO)CC[C@H]2[C@H]3CCC4=CC(=O)CC[C@@]4(C)[C@H]3[C@H](O)C[C@]21C,SMILES,1,88
3755,CCCCCCCCC[C@@]1(C)OC[C@@H](COC(N)=O)O1,SMILES,1,88
3756,CCCCCCCN(CC)CCC[C@@H](O)c1ccc(NS(C)(=O)=O)cc1,SMILES,1,88
3757,CCCCCOC(=O)Nc1nc(=O)n([C@@H]2O[C@@H](C)[C@@H](O)[C@H]2O)cc1F,SMILES,1,88
3758,CCCCC[C@H](C)[C@H](C)c1cc(OC(=O)CCCN2CCCCCC2)c2c(c1)OC(C)(C)C1=C2C[C@H](C)CC1,SMILES,1,88
3759,CCCCNC(=O)OC[C@@](C)(CCC)COC(N)=O,SMILES,1,88
3760,CCCCOC[C@@H](CN1C(=O)NC(=O)[C@](CC)(c2ccccc2)C1=O)OC(N)=O,SMILES,1,88
3761,CCCCOC[C@H](CN1C(=O)N(C[C@H](COCCCC)OC(N)=O)C(=O)C(CC)(c2ccccc2)C1=O)OC(N)=O,SMILES,1,88
3762,CCCC[C@@H](CC)CNC(=O)C[C@@H](C)O,SMILES,1,88
3764,CCCC[C@@H]1C(=O)N(c2ccccc2)N(c2ccc(O)cc2)C1=O,SMILES,1,88
3767,CCCN1C[C@@H](CSC)C[C@H]2c3cccc4[nH]cc(c34)C[C@H]21,SMILES,1,88
3768,CCCN1C[C@H](NS(=O)(=O)N(CC)CC)C[C@H]2Cc3c(O)cccc3C[C@H]21,SMILES,1,88
3769,CCCNC(Cc1cccc2c1CC(=O)N2)NCCC,SMILES,1,88
3771,CCCOC(=O)c1cncn1[C@H](C)c1ccccc1,SMILES,1,88
3772,CCC[C@@H]1C[C@H](C(=O)N[C@H]([C@@H]2O[C@@H](SC)[C@@H](O)[C@@H](O)[C@@H]2O)[C@H](C)Cl)N(C)C1,SMILES,1,88
3775,CCC[C@H]1O[C@@]1(CC)C(N)=O,SMILES,1,88
3776,CCCc1cc(C(N)=S)ccn1,SMILES,1,88
3777,CCCc1nc2c(n1Cc1ccc(-c3ccccc3C(=O)O)cc1)=C[C@H](c1nc3ccccc3n1C)CC=2C,SMILES,1,88
3778,CCN(C)C(=O)Oc1cccc([C@@H](C)N(C)C)c1,SMILES,1,88
3779,CCN(CC)C(=O)N[C@@H]1C=C2c3cccc4[nH]cc(c34)C[C@@H]2N(C)C1,SMILES,1,88
3780,CCN(CC)C(=O)[C@H]1CN2CCc3cc(OC)c(OC)cc3[C@H]2C[C@H]1OC(C)=O,SMILES,1,88
3781,CCN(CC)C(=O)[C@]1(c2ccccc2)C[C@H]1CN,SMILES,1,88
3782,CCN(CC)CC#CCOC(=O)[C@](O)(c1ccccc1)C1CCCCC1,SMILES,1,88
3783,CCN(CC)CCCCN(C)c1ccnc2cc(Cl)ccc12,SMILES,1,88
3784,CCN(CC)CCCOC(=O)[C@@]1(c2ccccc2)C[C@@H]2CC[C@@H]1C2,SMILES,1,88
3785,CCN(CC)CCOC(=O)[C@H](Cc1ccc2ccccc2c1)C[C@H]1CCCO1,SMILES,1,88
3786,CCN(CC)CC[C@]1(c2ccccc2)CCC(=O)NC1=O,SMILES,1,88
3787,CCN(CC)[C@H](C)C(=O)c1ccccc1,SMILES,1,88
3789,CCN(CCO)CC[C@H](C)Nc1ccnc2cc(Cl)ccc12,SMILES,1,88
3790,CCN1C(=O)N[C@H](c2ccccc2)C1=O,SMILES,1,88
3791,CCN1CCC[C@@H]1CNC(=O)c1c(OC)ccc(Br)c1OC,SMILES,1,88
3793,CCN1CC[C@]23[C@@H]4C=C[C@H](O)[C@@H]2OC2=C(O)C=C[C@H](C[C@@H]41)[C@@H]23,SMILES,1,88
3794,CCN1C[C@@H](C(=O)O)C(=O)c2ccc(C)nc21,SMILES,1,88
3795,CCNC[C@H](C)c1cccc(C(F)(F)F)c1,SMILES,1,88
3796,CCN[C@H]1[C@H]2CC[C@@H](C2)[C@H]1c1ccccc1,SMILES,1,88
3797,CCOC(=O)C1=C(C)NC(C)=C(C(=O)OCC)C1c1ccccc1/C=C/C(=O)OC(C)(C)C,SMILES,1,88
3798,CCOC(=O)C1=C[C@H](OC(CC)CC)[C@H](NC(C)=O)[C@@H](N)C1,SMILES,1,88
3800,CCOC(=O)[C@@H](CCc1ccccc1)N[C@H](C)C(=O)N1[C@H](C(=O)O)C[C@@H]2CCC[C@@H]21,SMILES,1,88
3803,CCOc1cc(CC(=O)N[C@H](CC(C)C)c2ccccc2N2CCCCC2)ccc1C(=O)O,SMILES,1,88
3804,CCOc1ccccc1OCCN[C@@H](C)Cc1ccc(OC)c(S(N)(=O)=O)c1,SMILES,1,88
3806,CC[C@@H](C(=O)NC(N)=O)c1ccccc1,SMILES,1,88
3809,CC[C@H](CO)NCCN[C@@H](CC)CO,SMILES,1,88
3811,CC[C@@H](OC(N)=O)C1CCCCC1,SMILES,1,88
3812,CC[C@@H]1OC(=O)[C@@H](C)C(=O)[C@H](C)[C@@H](O[C@@H]2O[C@@H](C)C[C@@H](N(C)C)[C@@H]2O)[C@](C)(OC)C[C@H](C)C(=O)[C@H](C)[C@H]2N(CCCCn3cnc(-c4cccnc4)c3)C(=O)O[C@]12C,SMILES,1,88
3816,CC[C@@]1(C)CC(=O)NC1=O,SMILES,1,88
3817,CC[C@@]1(O)CCN2CCc3ccc(C)cc3[C@H]2C1,SMILES,1,88
3818,CC[C@@]1(c2ccc(N)cc2)CCC(=O)NC1=O,SMILES,1,88
3819,CC[C@@]12CCN(CC3(O)CC3)[C@@H](Cc3ccc(O)cc31)C2(C)C,SMILES,1,88
3821,CC[C@H](C)C1(CC)C(=O)NC(=O)NC1=O,SMILES,1,88
3823,CC[C@H](C)[C@@H](CC)C(N)=O,SMILES,1,88
3824,CC[C@H](C)n1ncn(-c2ccc(N3CCN(c4ccc(OC[C@@H]5CO[C@@](Cn6cncn6)(c6ccc(Cl)cc6Cl)O5)cc4)CC3)cc2)c1=O,SMILES,1,88
3826,CC[C@H](CO)NC(=O)[C@H]1C=C2c3cccc4c3c(cn4C)C[C@@H]2N(C)C1,SMILES,1,88
3827,CC[C@H](c1ccccc1)c1c(O)c2ccccc2oc1=O,SMILES,1,88
3828,CC[C@H]1C(=O)NC(=O)[C@@]1(C)c1ccccc1,SMILES,1,88
3829,CC[C@H]1C(C)=NN=C(c2ccc(OC)c(OC)c2)c2cc(OC)c(OC)cc21,SMILES,1,88
3830,CC[C@]1(c2cccc(O)c2)CCCCN(C)C1,SMILES,1,88
3831,CC[C@]1(c2ccccc2)C(=O)NC(=O)N(C(=O)c2ccccc2)C1=O,SMILES,1,88
3832,CC[C@]1(c2ccccc2)C(=O)NC(=O)N(C)C1=O,SMILES,1,88
3833,CC[C@]1(c2ccccc2)CCC(=O)NC1=O,SMILES,1,88
3834,CC[C@]1(c2ccccc2)NC(=O)N(C)C1=O,SMILES,1,88
3835,CC[C@]1(c2ccccc2)NCC(=O)NC1=O,SMILES,1,88
3836,CCc1[nH]c(=O)[nH]c1C(=O)c1ccncc1,SMILES,1,88
3837,CN(C(=O)CNC(=O)[C@H](N)CCCCN)c1ccc(Cl)cc1C(=O)c1ccccc1,SMILES,1,88
3838,CN(C)CCCOc1nn(Cc2ccccc2)c2ccccc12,SMILES,1,88
3839,CN(C)CCC[C@@H]1c2ccccc2COc2ccccc21,SMILES,1,88
3841,CN(C)CCN1C(=O)C[C@H](c2ccccc2)Sc2ccccc21,SMILES,1,88
3842,CN(C)CCO[C@@](C)(c1ccccc1)c1ccc(Cl)cc1,SMILES,1,88
3843,CN(C)CCO[C@]1(Cc2ccccc2)C[C@H]2CC[C@@]1(C)C2(C)C,SMILES,1,88
3844,CN(C)CC[C@H](c1ccccc1)c1ccccn1,SMILES,1,88
3845,CN(C)CC[C@]1(c2ccccc2)C=Cc2ccccc21,SMILES,1,88
3846,CN(C)C[C@H]1CO[C@@]2(O1)c1ccccc1COc1ccccc12,SMILES,1,88
3847,CN(C)[C@@](C)(CO)Cc1ccc(Cl)c(Cl)c1,SMILES,1,88
3849,CN1C(=O)C[C@](C)(c2ccccc2)C1=O,SMILES,1,88
3850,CN1C(=O)NC(=O)[C@](C)(C2=CCCCC2)C1=O,SMILES,1,88
3851,CN1C(=O)[C@@H](O)N=C(c2ccccc2Cl)c2cc(Cl)ccc21,SMILES,1,88
3852,CN1C(C(=O)Nc2ccccn2)=C(O)c2sc(Cl)cc2S1(=O)=O,SMILES,1,88
3853,CN1C(C(=O)Nc2ccccn2)=Cc2sccc2S1(=O)=O,SMILES,1,88
3854,CN1C(C(=O)Nc2nccs2)=C(O)c2ccccc2S1(=O)=O,SMILES,1,88
3856,CN1CCC[C@@H]1c1cccnc1,SMILES,1,88
3857,CN1CCN(CCCCN2C(=O)CN(/N=C\c3ccc(-c4ccc(Cl)cc4)o3)C2=O)CC1,SMILES,1,88
3858,CN1CC[C@@]23c4c5ccc(O)c4O[C@H]2[C@@H](O)C=C[C@@H]3[C@@H]1C5,SMILES,1,88
3859,CN1CC[C@@]23c4c5ccc(O)c4O[C@H]2[C@@](C)(O)CC[C@H]3[C@H]1C5,SMILES,1,88
3860,CN1CC[C@](C)(CN2c3ccccc3Sc3ccccc32)C1,SMILES,1,88
3862,CN1C[C@@H](C(=O)N[C@]2(C)O[C@@]3(O)[C@@H]4CCCN4C(=O)[C@@H](Cc4ccccc4)N3C2=O)C=C2c3cccc4[nH]cc(c34)C[C@@H]21,SMILES,1,88
3863,CN1C[C@@H](C(=O)N[C@]2(C)O[C@@]3(O)[C@@H]4CCCN4C(=O)[C@@H](Cc4ccccc4)N3C2=O)C[C@@H]2c3cccc4[nH]cc(c34)C[C@@H]21,SMILES,1,88
3864,CN1[C@@H]2CC[C@@H]1CC(OC(=O)c1cn(C)c3ccccc13)C2,SMILES,1,88
3865,CN1[C@@H]2CC(OC(=O)[C@@H](CO)c3ccccc3)C[C@H]1[C@@H]1O[C@H]12,SMILES,1,88
3866,CN1[C@H]2CC[C@H]1CC(OC(=O)[C@@](C)(CO)c1ccccc1)C2,SMILES,1,88
3867,CN1[C@H]2CC[C@H]1CC(OC(=O)[C@H](O)c1ccccc1)C2,SMILES,1,88
3868,CN1c2ccccc2N(CCCCCCC(=O)O)c2ccc(Cl)cc2S1(=O)=O,SMILES,1,88
3869,CN1c2ccccc2[C@@H](NCCCCCCC(=O)O)c2ccc(Cl)cc2S1(=O)=O,SMILES,1,88
3870,CNC(=O)O[C@H]1OC(=O)[C@@H]2[C@H]1[C@@H]1C=C[C@@H]2C1,SMILES,1,88
3873,CNS(=O)(=O)CCc1ccc2[nH]c(C3CCN(C)CC3)cc2c1,SMILES,1,88
3874,CNc1cc(OC)c(C(=O)N[C@H]2CCN(Cc3ccccc3)[C@@H]2C)cc1Cl,SMILES,1,88
3875,CO/N=C(/C(=O)N[C@@H]1C(=O)N2C(C(=O)O)=CCS[C@@H]12)c1csc(N)n1,SMILES,1,88
3878,COC(=O)C1=C(C)NC(C)=C(C(=O)OC(C)C)[C@H]1c1cccc2nonc12,SMILES,1,88
3879,COC(=O)C1=C(C)NC(C)=C(C(=O)OCC(C)C)[C@H]1c1ccccc1[N+](=O)[O-],SMILES,1,88
3884,COC1=CC(=O)O[C@H]1[C@H](O)c1ccccc1Cl,SMILES,1,88
3885,COCC1=C(C(=O)O[C@H](C)OC(=O)OC(C)C)N2C(=O)[C@H](NC(=O)C(=NOC)c3csc(N)n3)[C@@H]2SC1,SMILES,1,88
3886,COC[C@H]1CN=C(c2ccccc2Cl)c2cc(Br)ccc2N1C,SMILES,1,88
3887,COP(=O)(C[C@H](c1ccc(Cl)cc1)P(=O)(OC)OC)OC,SMILES,1,88
3888,CO[C@@]1(F)C(F)(F)[C@@]1(F)Cl,SMILES,1,88
3889,CO[C@@]12CC[C@@]3(C[C@H]1C(C)(C)O)[C@H]1Cc4ccc(O)c5c4[C@]3(CCN1CC1CC1)[C@@H]2O5,SMILES,1,88
3890,CO[C@@]12CC[C@@]3(C[C@H]1[C@@](C)(O)C(C)(C)C)[C@H]1Cc4ccc(O)c5c4[C@]3(CCN1CC1CC1)[C@@H]2O5,SMILES,1,88
3891,COc1c(N2CCN[C@@H](C)C2)c(F)cc2c(=O)c(C(=O)O)cn(C3CC3)c12,SMILES,1,88
3892,COc1c2c(cc(F)c1N1C[C@@H]3CCCN[C@@H]3C1)C(=O)C(C(=O)O)=C[C@@H]2NC1CC1,SMILES,1,88
3893,COc1cc(C)c(/C=C/C(C)=C/C=C/C(C)=CC(=O)O)c(C)c1C,SMILES,1,88
3894,COc1cc(C)c([S+](C)[O-])cc1OC,SMILES,1,88
3899,COc1ccc(CCN(C)CCC[C@](C#N)(c2cc(OC)c(OC)c(OC)c2)C(C)C)cc1OC,SMILES,1,88
3900,COc1ccc(Cl)c2c1CCC[C@H]2N(C)C,SMILES,1,88
3901,COc1ccc(OC[C@H]2CN(C)CC[C@H]2c2ccccc2)cc1,SMILES,1,88
3902,COc1ccc2c(C(=S)N(C)CC(=O)O)ccc(C(F)(F)F)c2c1,SMILES,1,88
3903,COc1ccc2c(c1)N(CC[C@H]1CCCCN1C)c1ccccc1S2,SMILES,1,88
3904,COc1ccc2c(c1)[C@](O)(CCCN(C)C)c1ccccc1S2,SMILES,1,88
3905,COc1ccc2c(c1)c(CC(=O)O)cn2C(=O)c1ccccc1,SMILES,1,88
3906,COc1ccc2c3c1O[C@@H]1C(=O)CC[C@]4(O)[C@H](C2)N(C)CC[C@@]314,SMILES,1,88
3907,COc1ccc2c3c1O[C@@H]1C[C@@H](O)C=C[C@]31CCN(C)C2,SMILES,1,88
3908,COc1ccc2c3c1O[C@H]1C(OC(C)=O)=CC[C@H]4[C@@H](C2)N(C)CC[C@@]314,SMILES,1,88
3909,COc1ccc2c3c1O[C@H]1[C@@H](O)C=C[C@@H]4[C@H](C2)N(C)CC[C@]341,SMILES,1,88
3910,COc1ccc2c3c1O[C@H]1[C@@H](O)CC[C@@H]4[C@H](C2)N(C)CC[C@]341,SMILES,1,88
3911,COc1cccc(C(=O)CCN[C@@H](C)[C@@H](O)c2ccccc2)c1,SMILES,1,88
3912,COc1cccc(C[C@H](C)N)c1,SMILES,1,88
3913,COc1cccc([C@@]2(O)CCCC[C@H]2CN(C)C)c1,SMILES,1,88
3914,COc1ccccc1OCCNC[C@@H](O)OCc1cccc2[nH]c3ccccc3c12,SMILES,1,88
3915,COc1ccccc1OCCNC[C@@H](O)c1ccc(C)cc1S(N)(=O)=O,SMILES,1,88
3916,COc1nc(C)nc(Cl)c1NC1=NCCN1,SMILES,1,88
3919,C[C@@H](Cc1ccccc1)[N@@+](C)([O-])Cc1ccccc1,SMILES,1,88
3921,C[C@@H](NC(C)(C)C)C(=O)c1cccc(Cl)c1,SMILES,1,88
3922,C[C@@H](NCCn1cnc2c1c(=O)n(C)c(=O)n2C)[C@H](O)c1ccccc1,SMILES,1,88
3923,C[C@@H](NN)c1ccccc1,SMILES,1,88
3925,C[C@@H](Oc1cccc2ccccc12)C(N)=NO,SMILES,1,88
3926,C[C@@H]([C@](O)(Cn1cncn1)c1ccc(F)cc1F)S(C)(=O)=O,SMILES,1,88
3927,C[C@@H]1C[C@@H]2[C@@H]3CCC4=CC(=O)C=C[C@]4(C)[C@]3(F)[C@@H](O)C[C@]2(C)[C@@]1(O)C(=O)CO,SMILES,1,88
3928,C[C@@H]1[C@H](c2ccccc2)OCCN1C,SMILES,1,88
3930,C[C@@]12C=CC(=O)C=C1CC[C@@H]1[C@H]3C[C@@H](O)[C@@](O)(C(=O)CO)[C@]3(C)C[C@@H](O)[C@@]12F,SMILES,1,88
3931,C[C@@]12C=CC(=O)C=C1CC[C@H]1[C@H]2[C@H](O)C[C@]2(C)[C@@H]1CC[C@@]2(O)C(=O)CO,SMILES,1,88
3932,C[C@@]12CC[C@@H]3[C@H](CCC4=CC(=O)CC[C@]43C)[C@H]1CC[C@H]2O,SMILES,1,88
3933,C[C@@]12C[C@@H](O)[C@@H]3[C@H](CCC4=CC(=O)CC[C@]43C)[C@H]1CC[C@@H]2C(=O)CO,SMILES,1,88
3934,C[C@@]12CCC(=O)C=C1CC[C@H]1[C@H]2[C@H](O)C[C@]2(C)[C@@H]1CC[C@@]2(O)C(=O)CO,SMILES,1,88
3935,C[C@@]12CCC3=C4CCC(=O)C=C4CC[C@@H]3[C@H]1CC[C@]2(O)CC#N,SMILES,1,88
3936,C[C@@]12CC[C@@H]3c4ccc(OC(=O)N(CCCl)CCCl)cc4CC[C@@H]3[C@H]1CC[C@@H]2O,SMILES,1,88
3941,C[C@H](C(=O)O)c1ccc([C@@H]2CCCC(=NO)C2)cc1,SMILES,1,88
3942,C[C@H](C(=O)O)c1cccc(Oc2ccccc2)c1,SMILES,1,88
3943,C[C@H](C(=O)c1ccccc1)N(C)C,SMILES,1,88
3946,C[C@H](c1cc2ccccc2s1)N(O)C(N)=O,SMILES,1,88
3947,C[C@H]1CC(=O)NN=C1c1ccc(NN=C(C#N)C#N)cc1,SMILES,1,88
3949,C[C@H]1C[C@H](OC(=O)[C@H]2CCC(=O)N2)CC(C)(C)C1,SMILES,1,88
3950,C[C@H]1C[C@H]2[C@H]([C@H](O)C[C@]3(C)[C@@H]2CC[C@@]3(O)C(=O)CO)[C@]2(C)C=CC(=O)C=C12,SMILES,1,88
3951,C[C@H]1C[C@H]2[C@H]3CC(F)(F)C4=CC(=O)C=C[C@@]4(C)[C@@]3(F)[C@H](O)C[C@@]2(C)[C@@]1(O)C(=O)CO,SMILES,1,88
3952,C[C@H]1C[C@H]2[C@H]3CCC4=CC(=O)C=C[C@@]4(C)[C@@]3(Cl)[C@H](O)C[C@@]2(C)[C@@]1(O)C(=O)CO,SMILES,1,88
3953,C[C@H]1C[C@H]2[C@H]3C[C@H](F)C4=CC(=O)C=C[C@@]4(C)[C@@]3(F)[C@H](O)C[C@@]2(C)[C@@]1(O)C(=O)SCF,SMILES,1,88
3954,C[C@H]1NCCO[C@H]1c1ccccc1,SMILES,1,88
3955,C[C@H]1O[C@@]2(CCCC[C@H]2Oc2cccc(Cl)c2)NC1=O,SMILES,1,88
3957,C[C@H]1Oc2ccccc2C[C@H]1N(C)C,SMILES,1,88
3958,C[C@H]1[C@@H]2C(=O)c3ccc(O)cc3[C@]1(C)CCN2CC1CC1,SMILES,1,88
3959,C[C@H]1[C@H]2Cc3ccc(O)cc3[C@@]1(C)CCN2C,SMILES,1,88
3960,C[C@H]1[C@H]2Cc3ccc(O)cc3[C@@]1(C)CCN2CC1CC1,SMILES,1,88
3961,C[C@H]1[C@H]2Cc3ccc(O)cc3[C@@]1(C)CCN2CCc1ccccc1,SMILES,1,88
3962,C[C@]1(c2ccccc2)CC(=O)N(CN2CCOCC2)C1=O,SMILES,1,88
3963,Cc1c(N(C)C)c(=N)n(-c2ccccc2)n1C,SMILES,1,88
3964,Cc1cc(C)cc(OC[C@H]2CNC(=O)O2)c1,SMILES,1,88
3966,Cc1cc(NS(=O)(=O)c2ccc(N)cc2)nc(C)n1,SMILES,1,88
3967,Cc1cc2nc3c(=O)[nH]c(=O)nc-3n(C[C@@H](O)[C@H](O)[C@H](O)CO)c2cc1C,SMILES,1,88
3968,Cc1ccc(-c2c(-c3ccc(S(C)(=O)=O)cc3)cc(Cl)c[n+]2[O-])cn1,SMILES,1,88
3969,Cc1ccc(C(=CCN2CCCC2)c2cccc(/C=C/C(=O)O)n2)cc1,SMILES,1,88
3970,Cc1ccc(O)c([C@@H](CCN(C(C)C)C(C)C)c2ccccc2)c1,SMILES,1,88
3972,Cc1ccc(S(=O)(=O)NC(=O)N[C@@H]2[C@H]3CC[C@](C)([C@H]2O)C3(C)C)cc1,SMILES,1,88
3973,Cc1ccc2c(c1)[C@H]1CN(C)CC[C@H]1N2,SMILES,1,88
3974,Cc1cccc(C)c1NC(=O)[C@@H](C)N,SMILES,1,88
3975,Cc1ccccc1N1C(=O)c2cc(S(N)(=O)=O)c(Cl)cc2N[C@@H]1C,SMILES,1,88
3976,Cc1cn([C@H]2C=C[C@H](CO)O2)c(=O)nc1N,SMILES,1,88
3977,Cc1cnc(C(=O)O)c[n+]1[O-],SMILES,1,88
3978,Cc1cnc(C[S+]([O-])c2nc3ccccc3[nH]2)cc1OCC(F)(F)F,SMILES,1,88
3979,Cc1nc(NCc2cccnc2)c(C#N)c(=O)[nH]1,SMILES,1,88
3980,Cc1nsc(NS(=O)(=O)c2ccc(N)cc2)c1C,SMILES,1,88
3981,Cc1onc(-c2c(F)cccc2Cl)c1C(=O)N[C@@H]1C(=O)N2[C@H]1SC(C)(C)[C@H]2C(=O)O,SMILES,1,88
3982,Cn1c2c(c3ccccc31)C(=O)[C@@H](Cn1ccnc1)CC2,SMILES,1,88
3983,FC(F)O[C@H](F)C(F)(F)F,SMILES,1,88
3984,Fc1ccc(C(c2ccc(F)cc2)N2CCN(CCCc3ccccc3)CC2)cc1,SMILES,1,88
3985,N=C1Cc2ccccc2N(C(N)=O)c2ccccc21,SMILES,1,88
3986,N=c1nc(N2CCCCC2)ccn1O,SMILES,1,88
3987,N=c1nc2n(cc1F)[C@H]1O[C@@H](CO)[C@H](O)[C@H]1O2,SMILES,1,88
3988,NC(=O)CN1C[C@H](O)CC1=O,SMILES,1,88
3990,NC(N)=NC[C@@H]1COc2ccccc2O1,SMILES,1,88
3991,NC1=NC(=O)N([C@H]2CS[C@H](CO)O2)CC1,SMILES,1,88
3992,NCC(=O)O,SMILES,1,88
3993,NCCC[C@](N)(C(=O)O)C(F)F,SMILES,1,88
3994,NS(=O)(=O)c1cc(C(=O)O)cc(N2CCCC2)c1Oc1ccccc1,SMILES,1,88
3995,NS(=O)(=O)c1cc(Cl)cc(NCc2ccco2)c1C(=O)O,SMILES,1,88
3996,NS(=O)(=O)c1cc([C@@]2(O)NC(=O)c3ccccc32)ccc1Cl,SMILES,1,88
3997,NS(=O)(=O)c1cc2c(cc1C(F)(F)F)N[C@H](Cc1ccccc1)NS2(=O)=O,SMILES,1,88
3998,NS(=O)(=O)c1cc2c(cc1Cl)N[C@H](CN1CCCC1)NS2(=O)=O,SMILES,1,88
3999,N[C@H](CCC(=O)O)c1ccc(Cl)cc1,SMILES,1,88
4000,Nc1ccc(S(=O)(=O)c2ccc(O)cc2)cc1,SMILES,1,88
4001,Nc1ccn([C@H]2CC[C@H](CO)O2)c(=O)n1,SMILES,1,88
4002,O=C(C1CCCCC1)N1CC(=O)N2CCc3ccccc3[C@@H]2C1,SMILES,1,88
4004,O=C(NC[C@@H]1CCCCN1)c1cc(OCC(F)(F)F)ccc1OCC(F)(F)F,SMILES,1,88
4005,O=C(N[C@H](CO)[C@@H](O)c1ccc([N+](=O)[O-])cc1)C(Cl)Cl,SMILES,1,88
4006,O=C(O)Cc1ccc2c(c1)C(=O)c1ccccc1CO2,SMILES,1,88
4007,O=C(O)Cc1ccccc1Nc1ccc(Cl)cc1Cl,SMILES,1,88
4008,O=C(O)Cc1ccccc1Oc1ccc(Cl)cc1Cl,SMILES,1,88
4009,O=C(O)[C@@H]1C(=CCO)O[C@H]2CC(=O)N12,SMILES,1,88
4010,O=C(O)[C@H]1CCN1C12CC3CC(CC(C3)C1)C2,SMILES,1,88
4011,O=C(O[C@H]1CN2CCC1CC2)c1ccccc1,SMILES,1,88
4012,O=C(c1ccc(F)cc1)C1CCN(CCn2c(=O)[nH]c3ccccc3c2=O)CC1,SMILES,1,88
4013,O=C1CC[C@@H](N2C(=O)[C@@H]3[C@H]4CC[C@@H](C4)[C@@H]3C2=O)C(=O)N1,SMILES,1,88
4014,O=C1CC[C@@H](N2C(=O)c3ccccc3C2=O)C(=O)N1,SMILES,1,88
4015,O=C1CC[C@H](C(=O)N[C@H]2C[C@H]2c2ccccc2)N1,SMILES,1,88
4017,O=C1CN2CCO[C@@]2(c2ccccc2F)c2cc(Br)ccc2N1,SMILES,1,88
4018,O=C1CN2CCO[C@@]2(c2ccccc2F)c2cc(Cl)ccc2N1CCO,SMILES,1,88
4020,O=C1C[C@H]2c3cc(Cl)ccc3O[C@]3(CCNC[C@@H]23)N1,SMILES,1,88
4021,O=C1N([C@H](O)C(Cl)(Cl)Cl)CNC1(c1ccccc1)c1ccccc1,SMILES,1,88
4022,O=C1NC(=O)C(C[C@H]2CCCCN2)(c2ccccc2)C(=O)N1,SMILES,1,88
4024,O=C1NNC(=O)C1(c1ccccc1)c1ccccc1,SMILES,1,88
4025,O=C1NS(=O)(=O)c2ccccc21,SMILES,1,88
4026,O=C1Nc2ccc(Cl)cc2C(c2ccccc2Cl)=N[C@@H]1O,SMILES,1,88
4027,O=C1OCC[C@@H]1C1(O)CCN(CCCN2c3ccccc3Sc3ccc(Cl)cc32)CC1,SMILES,1,88
4028,O=[N+]([O-])O[C@@H]1CO[C@H]2[C@H]1OC[C@H]2O[N+](=O)[O-],SMILES,1,88
4031,O=c1[nH]c2ccccc2n1C1CCN(CCC(c2ccc(F)cc2)c2ccc(F)cc2)CC1,SMILES,1,88
4032,O=c1[nH]c2ccccc2n1CCCN1CCC(Nn2c(=O)[nH]c3cc(Cl)ccc32)CC1,SMILES,1,88
4033,O=c1[nH]c2ccccc2n1CCCN1CCN(C(c2ccccc2)c2ccccc2)CC1,SMILES,1,88
4034,OC(c1ccccc1)(c1ccccc1)[C@H]1C[C@H]1c1ccncc1,SMILES,1,88
4035,OC[C@H](O)COc1ccc(Cl)cc1,SMILES,1,88
4036,O[C@@](C1=NCCN1)(c1ccc(Cl)cc1)c1ccccn1,SMILES,1,88
4037,O[C@@](CCN1CCCC1)(c1ccccc1)C1CCCCC1,SMILES,1,88
4038,O[C@@]1(c2ccc(Cl)cc2)c2ccccc2C2=NCCN21,SMILES,1,88
4039,O[C@](CCN1CCCCC1)(c1ccccc1)C1CCCCC1,SMILES,1,88
4040,O[C@](CCN1CCCCC1)(c1ccccc1)[C@@H]1C[C@H]2C=C[C@H]1C2,SMILES,1,88
4041,Oc1ccc([C@H](O)[C@@H]2CCCCN2)cc1O,SMILES,1,88
4042,Oc1ccc2c3c1O[C@@H]1[C@@H](O)C=C[C@H]4[C@@H](C2)NCC[C@@]314,SMILES,1,88
4044,c1ccc([C@H]2CCN(C[C@H]3CCCc4c3ccc3c4OCO3)C2)cc1,SMILES,1,88
4045,c1ccc2c(c1)CCc1cccc3c1[C@@H]2CN1CCCC[C@@H]31,SMILES,1,88
4046,c1ccc2c(c1)Sc1ccccc1N2C[C@@H]1CN2CCC1CC2,SMILES,1,88
4047,C/C(=C\C(N)C(=O)O)CP(=O)(O)O,SMILES,1,88
4049,CN1CCc2cc(Cl)c(O)cc2C(c2ccccc2)C1,SMILES,1,88
4050,Clc1cccc(N2CCNCC2)c1,SMILES,1,88
4051,O=C(O)[C@@H]1C[C@H](CP(=O)(O)O)CCN1,SMILES,1,88
4052,CC(C)c1nc(N(C)S(C)(=O)=O)nc(-c2ccc(F)cc2)c1/C=C/[C@@H](O)C[C@@H](O)CC(=O)O,SMILES,1,88
4053,CCC(C)(C)C(=O)O[C@H]1C[C@@H](C)C=C2C=C[C@H](C)[C@H](CC[C@@H](O)C[C@@H](O)CC(=O)O)[C@H]21,SMILES,1,88
4054,CCOc1ccccc1O[C@H](c1ccccc1)[C@H]1CNCCO1,SMILES,1,88
4055,CN1CCC[C@@H]1Cc1c[nH]c2ccc(CCS(=O)(=O)c3ccccc3)cc12,SMILES,1,88
4056,CN1[C@@H]2CC[C@H]1CC(OC(=O)c1c[nH]c3ccccc13)C2,SMILES,1,88
4057,C[C@@H](O[C@H]1OCCN(Cc2n[nH]c(=O)[nH]2)[C@H]1c1ccc(F)cc1)c1cc(C(F)(F)F)cc(C(F)(F)F)c1,SMILES,1,88
4060,COC(=O)C1C2CC3c4[nH]c5cc(OC)ccc5c4CCN3CC2CC(OC(=O)c2cc(OC)c(OC)c(OC)c2)C1OC,SMILES,1,88
4062,Cc1ccc(C(=O)NCC2CN=C(c3ccc(F)cc3)c3ccc(C)cc3N2C)cc1,SMILES,1,88
4063,CCN(CC)C(=O)N[C@H]1CC2c3cccc4[nH]cc(c34)C[C@H]2N(C)C1,SMILES,1,88
4064,CCOC(=O)C1=C[C@]2(CC)CCCN3CCc4c(n1c1ccccc41)[C@@H]32,SMILES,1,88
4065,CN1CC[C@@]23c4c5ccc(O)c4O[C@@H]2[C@H](O)C=C[C@@H]3[C@@H]1C5,SMILES,1,88
4068,COc1ccc2c3c1O[C@H]1C(=O)CCC4[C@@H](C2)N(C)CC[C@@]341,SMILES,1,88
4069,COc1ccc2c3c1O[C@H]1C[C@@H](O)C=C[C@@]31CCCC2,SMILES,1,88
4070,Cc1c(C(=O)NN2CCCCC2)nn(-c2ccc(Cl)cc2Cl)c1-c1ccc(Cl)cc1,SMILES,1,88
4071,Oc1cc2cc(CCN3CCN(c4nsc5ccccc45)CC3)c(Cl)cc2[nH]1,SMILES,1,88
4072,CC(C1=C(CCN(C)C)Cc2ccccc21)c1ccccn1,SMILES,1,88
4073,CCOc1ccc(/C=C2\NCCc3cc(OCC)c(OCC)cc32)cc1OCC,SMILES,1,88
4074,CN1CCN(CCCN2c3ccccc3Sc3ccccc32)CC1,SMILES,1,88
4075,COc1ccc2[nH]ccc2c1,SMILES,1,88
4076,Oc1cc(Cl)ccc1Oc1ccc(Cl)cc1Cl,SMILES,1,88
4078,CNC1CCc2[nH]c3ccc(C(N)=O)cc3c2C1,SMILES,1,88
4079,CCOCCn1c(N2CCCN(C)CC2)nc2ccccc21,SMILES,1,88
4080,CN1CCC(=C2c3ccccc3CC(=O)c3sccc32)CC1,SMILES,1,88
4081,CC(C)NCC(O)COc1cccc2ccccc12,SMILES,1,88
4083,CC1COc2c(N3CCN(C)CC3)c(F)cc3c(=O)c(C(=O)O)cn1c23,SMILES,1,88
4084,CC(=O)NCCCOc1cccc(CN2CCCCC2)c1,SMILES,1,88
4085,Cc1onc(-c2ccccc2Cl)c1C(=O)N[C@@H]1C(=O)N2[C@@H]1SC(C)(C)[C@@H]2C(=O)O,SMILES,1,88
4086,CCN1CCN(C(=O)N[C@@H](C(=O)N[C@@H]2C(=O)N3C(C(=O)O)=C(CSc4nnnn4C)CS[C@H]23)c2ccc(O)cc2)C(=O)C1=O,SMILES,1,88
4089,COc1ccc([C@@H]2Sc3ccccc3N(CCN(C)C)C(=O)[C@@H]2OC(C)=O)cc1,SMILES,1,88
4090,NC(N)=NC(=O)c1nc(Cl)c(N)nc1N,SMILES,1,88
4091,Cc1cn([C@H]2C[C@H](F)[C@@H](CO)O2)c(=O)[nH]c1=O,SMILES,1,88
4092,CC(C)(C)NC(=O)C1CC2CCCCC2CN1CC(O)C(Cc1ccccc1)NC(=O)C(CC(N)=O)NC(=O)c1ccc2ccccc2n1,SMILES,1,88
4093,CN(C)C(=O)C(CCN1CCC(O)(c2ccc(Cl)cc2)CC1)(c1ccccc1)c1ccccc1,SMILES,1,88
4094,COc1ccc(Cl)cc1C(=O)NCCc1ccc(S(=O)(=O)NC(=O)NC2CCCCC2)cc1,SMILES,1,88
4095,Nc1nnc(-c2cccc(Cl)c2Cl)c(N)n1,SMILES,1,88
4096,CC(C)(C)NCC(O)COc1cccc2c1C[C@H](O)[C@H](O)C2,SMILES,1,88
4097,CCC(=O)N(c1ccccc1)C1(COC)CCN(CCc2cccs2)CC1,SMILES,1,88
4098,Cc1ccc(-c2nc3ccc(C)cn3c2CC(=O)N(C)C)cc1,SMILES,1,88
4099,CN1CCN(C2=c3ccccc3=Nc3ccc(Cl)cc3N2)CC1,SMILES,1,88
4100,FC(F)(F)c1ccc(N2CCNCC2)nc1Cl,SMILES,1,88
4101,CCN1CCN(C(=O)N[C@@H](C(=O)N[C@@H]2C(=O)N3[C@@H]2SC(C)(C)[C@@H]3C(=O)O)c2ccccc2)C(=O)C1=O,SMILES,1,88
4102,O=C(NCCCOc1cccc(CN2CCCCC2)c1)c1ccccc1,SMILES,1,88
4103,CN1Cc2c(C(=O)OC(C)(C)C)ncn2-c2ccsc2C1=O,SMILES,1,88
4105,Nc1ccc(-c2nc3ccc(O)cc3s2)cc1I,SMILES,1,88
4106,Cc1cccc(C)c1OCC(C)N,SMILES,1,88
4107,CNCCCN1c2ccccc2Sc2ccc(Cl)cc21,SMILES,1,88
4108,CN(C)Cc1ccc(-c2cccc(NC3N=CC=C3[N+](=O)[O-])c2)o1,SMILES,1,88
4109,Cn1nnnc1SCC1=C(C(=O)O)N2C(=O)[C@@H](NC(=O)[C@H](O)c3ccccc3)[C@H]2SC1,SMILES,1,88
4110,O=C1CCCN1CCCCN1CCN(c2cc(C(F)(F)F)ccn2)CC1,SMILES,1,88
4111,C=C[C@H]1CN2CC[C@H]1C[C@@H]2[C@@H](O)c1ccnc2ccc(OC)cc12,SMILES,1,88
4112,CCc1ccccc1,SMILES,1,88
4113,NC(N)=Nc1nc(-c2cccc(N)c2)cs1,SMILES,1,88
4114,CC[C@]1(O)C[C@H]2CN(CCc3c([nH]c4ccccc34)[C@@](C(=O)OC)(c3cc4c(cc3OC)N(C)[C@H]3[C@@](O)(C(=O)OC)[C@H](OC(C)=O)[C@]5(CC)C=CCN6CC[C@]43[C@@H]65)C2)C1,SMILES,1,88
4115,CCCC(=O)Nc1ccc(OCC(O)CNC(C)C)c(C(C)=O)c1,SMILES,1,88
4116,NCCCN1c2ccccc2Sc2ccc(Cl)cc21,SMILES,1,88
4117,CN(C)Cc1ccc(CSCCNc2[nH]cc(Cc3ccccc3)c2[N+](=O)[O-])o1,SMILES,1,88
4120,CC[C@]1(O)C[C@H]2CN(CCc3c([nH]c4ccccc34)[C@@](C(=O)OC)(c3cc4c(cc3OC)N(C=O)[C@H]3[C@@](O)(C(=O)OC)[C@H](OC(C)=O)[C@]5(CC)C=CCN6CC[C@]43[C@@H]65)C2)C1,SMILES,1,88
4121,CCC(NC(=O)c1c(C)c(-c2ccccc2)nc2ccccc12)c1ccccc1,SMILES,1,88
4122,O=S(=O)(c1ccc2cc[nH]c2c1)N1CCCC1CCN1CCC(Oc2cccc(Cl)c2)CC1,SMILES,1,88
4123,CN(C)Cc1ccnc(-c2cccc(NC3N=CC=C3[N+](=O)[O-])c2)c1,SMILES,1,88
4124,CNCCCC12CCC(c3ccccc31)c1ccccc12,SMILES,1,88
4125,c1cc(CN2CCCCC2)cc(OCCCNc2nccs2)c1,SMILES,1,88
4126,CO/N=C(\C(=O)N[C@H]1C(=O)N2C(C(=O)[O-])=C(COC(C)=O)CS[C@@H]12)c1csc(N)n1,SMILES,1,88
4127,NC(=O)N1c2ccccc2C2OC2c2ccccc21,SMILES,1,88
4128,CCCN(CCC)CCc1ccc(O)c2c1CC(=O)N2,SMILES,1,88
4129,CN1CC2c3ccccc3Oc3ccc(Cl)cc3C2C1,SMILES,1,88
4130,CO/N=C(\C(=O)N[C@@H]1C(=O)N2C(C(=O)O)=C(COC(N)=O)CS[C@H]12)c1ccco1,SMILES,1,88
4131,c1cc(CN2CCCCC2)cc(OCCCNc2nc3ccccc3o2)c1,SMILES,1,88
4133,O=[N+]([O-])C1=CC=NC1NCCSCc1ccccn1,SMILES,1,88
4134,CCCSc1ccc2[nH]c(NC(=O)OC)nc2c1,SMILES,1,88
4135,Clc1ccc2c(c1)C1CNCC1c1ccccc1O2,SMILES,1,88
4136,CO/N=C(\C(=O)N[C@@H]1C(=O)N2C(C(=O)O)=C(CSc3nc(=O)c(=O)[nH]n3C)CS[C@H]12)c1csc(N)n1,SMILES,1,88
4139,O=[N+]([O-])C1=CC=NC1NCCSCc1ncccc1Br,SMILES,1,88
4140,COc1cc2c(c(OC)c1OC)-c1ccc(OC)c(=O)cc1C(NC(C)=O)CC2,SMILES,1,88
4142,Cc1ncsc1CCCl,SMILES,1,88
4144,CC(C)c1nc(-c2ncn3c2CN(C)C(=O)c2c(Cl)cccc2-3)no1,SMILES,1,88
4145,CO[C@@]1(NC(=O)Cc2cccs2)C(=O)N2C(C(=O)O)=C(COC(N)=O)CS[C@@H]21,SMILES,1,88
4146,C=CCC(N)c1ccccc1-c1noc2ccccc12,SMILES,1,88
4147,Cc1nc2n(c(=O)c1CCN1CCC(c3noc4cc(F)ccc34)CC1)CCCC2O,SMILES,1,88
4149,O=C1Nc2ccc(Cl)cc2C(c2ccccc2)=NC1O,SMILES,1,88
4150,COc1ccc2c3c1O[C@H]1C(=O)CC[C@@]4(O)[C@@H](C2)N(C)CC[C@]314,SMILES,1,88
4151,CN1CC[C@]23c4c5ccc(O)c4O[C@H]2C(=O)CC[C@@]3(O)[C@H]1C5,SMILES,1,88
4152,NC1=NC(=O)C(c2ccccc2)O1,SMILES,1,88
4153,NC(N)=Nc1nc(CSCCC(N)=NS(N)(=O)=O)cs1,SMILES,1,88
4154,O=C([O-])P(=O)([O-])[O-],SMILES,1,88
4155,c1ccc(C2(N3CCCCC3)CCCCC2)cc1,SMILES,1,88
4157,CCC1(c2ccccc2)C(=O)NCNC1=O,SMILES,1,88
4158,CCN(CC)CCOC(=O)c1ccc(N)cc1,SMILES,1,88
4159,CN(C)CCCN1c2ccccc2Sc2ccccc21,SMILES,1,88
4160,CC(C)NCC(O)COc1cccc2[nH]ccc12,SMILES,1,88
4161,O=C(C1CCCCC1)N1CC(=O)N2CCc3ccccc3C2C1,SMILES,1,88
4162,C=CCC1(C(C)CCC)C(=O)NC(=O)NC1=O,SMILES,1,88
4163,O=C1CSC2(CCN(CCCN3c4ccccc4Sc4ccc(Cl)cc43)CC2)N1.[H+],SMILES,1,88
4164,CCCCCc1cc(O)c2c(c1)OC(C)(C)[C@@H]1CCC(C)=C[C@@H]21,SMILES,1,88
4165,CSc1ccc2c(c1)N(CCC1CCCCN1C)c1ccccc1S2,SMILES,1,88
4166,N[C@@H]1C[C@H]1c1ccccc1.[H+],SMILES,1,88
4167,CCN(CC)CCCC(C)Nc1ccnc2cc(Cl)ccc12,SMILES,1,88
4168,COc1cc(N)c(Cl)cc1C(=O)NC1CCN(CCCOc2ccc(F)cc2)CC1OC,SMILES,1,88
4170,OC(CCN1CCCCC1)(c1ccccc1)C1CCCCC1,SMILES,1,88
4171,CC(CN(C)C)CN1c2ccccc2CCc2ccccc21,SMILES,1,88
4172,CCCC(CCC)C(=O)O,SMILES,1,88
4173,CC(C(=O)O)c1cccc(C(=O)c2ccccc2)c1,SMILES,1,88
4174,Clc1cccc(Cl)c1NC1=NCCN1,SMILES,1,88
4176,Cc1ncc([N+](=O)[O-])n1CCO,SMILES,1,88
4177,CN1CCN2c3ccccc3Cc3ccccc3C2C1,SMILES,1,88
4178,CC(C)NCC(O)c1ccc(NS(C)(=O)=O)cc1,SMILES,1,88
4179,Cc1noc(NS(=O)(=O)c2ccc(N)cc2)c1C,SMILES,1,88
4181,Cc1ccnc2c1NC(=O)c1cccnc1N2C1CC1,SMILES,1,88
4182,CC/C(=C(\c1ccccc1)c1ccc(OCCN(C)C)cc1)c1ccccc1,SMILES,1,88
4184,Nc1nc(=O)c2c([nH]1)NCC(CNc1ccc(C(=O)N[C@@H](CCC(=O)[O-])C(=O)[O-])cc1)N2C=O,SMILES,1,88
4185,Cc1nc2n(c(=O)c1CCN1CCC(c3noc4cc(F)ccc34)CC1)CCCC2,SMILES,1,88
4186,C#C[C@]1(O)CC[C@H]2[C@@H]3[C@H](C)CC4=C(CCC(=O)C4)[C@H]3CC[C@@]21C,SMILES,1,88
4187,CC(C)(O/N=C(\C(=O)N[C@@H]1C(=O)N2C(C(=O)[O-])=C(C[n+]3ccccc3)CS[C@H]12)c1csc(N)n1)C(=O)O,SMILES,1,88
4188,Nc1[nH]c(=O)ncc1F,SMILES,1,88
4189,CN=C(NC#N)NCCSCc1csc(N=C(N)N)n1,SMILES,1,88
4190,c1cc(CN2CCCCC2)cc(OCCCNc2nc3ccccc3s2)c1,SMILES,1,88
4191,OCc1ncc2n1-c1ccc(Cl)cc1C(c1ccccc1F)=NC2,SMILES,1,88
4192,Nc1ncnc2c1ncn2C1OC(CO)C(O)C1O,SMILES,1,88
4194,Cc1ncc2n1-c1ccc(Cl)cc1C(c1ccccc1F)=NC2O,SMILES,1,88
4195,Cc1c(N(C)C)c(=O)n(-c2ccccc2)n1C,SMILES,1,88
4196,c1ccccc1,SMILES,1,88
4198,NCCCN1c2ccccc2CCc2ccccc21,SMILES,1,88
4201,CC(N)Cc1ccccc1,SMILES,1,88
4202,CCOC(=O)c1ncn2c1CN(C)C(=O)c1cc(F)ccc1-2,SMILES,1,88
4203,CN1C(=O)CN=C(c2ccccc2F)c2cc([N+](=O)[O-])ccc21,SMILES,1,88
4204,C=COCC(F)(F)F,SMILES,1,88
4205,Cc1c(O)c(=O)ccn1C,SMILES,1,88
4206,CCN(CC)CCOC(=O)C(O)(c1ccccc1)c1ccccc1.[H+],SMILES,1,88
4207,CCOC(=O)c1ccc(N)cc1,SMILES,1,88
4208,CCN(CC)C(=O)C1CN2CCc3cc(OC)c(OC)cc3C2CC1OC(C)=O,SMILES,1,88
4209,OC(CCN1CCCCC1)(c1ccccc1)C1CC2C=CC1C2,SMILES,1,88
4210,CN1C(=O)NC(=O)C(C)(C2=CCCCC2)C1=O,SMILES,1,88
4211,CC(C)(C)NC(=O)[C@@H]1CN(Cc2cccnc2)CCN1C[C@@H](O)C[C@@H](Cc1ccccc1)C(=O)N[C@H]1c2ccccc2C[C@H]1O,SMILES,1,88
4213,CN(C)CCOC(C)(c1ccccc1)c1ccccn1,SMILES,1,88
4214,CN(C)CCc1c[nH]c2ccc(O)cc12,SMILES,1,88
4215,CC(NC(C)(C)C)C(=O)c1cccc(Cl)c1,SMILES,1,88
4216,CSc1ccc2c(c1)N(CCC1CCCNC1)c1ccccc1S2,SMILES,1,88
4218,CN(C)CCCN1c2ccccc2Sc2ccc(Cl)cc21,SMILES,1,88
4220,CN1CCCCC1CCN1c2ccccc2Sc2ccc(S(C)(=O)=O)cc21,SMILES,1,88
4221,Cn1cnc2c1c(=O)[nH]c(=O)n2C,SMILES,1,88
4223,Cc1nnc2n1-c1ccc(Cl)cc1C(c1ccccc1Cl)=NC2,SMILES,1,88
4225,COc1ccc2c3c1O[C@H]1[C@@H](O)C=C[C@H]4[C@@H](C2)N(C)CC[C@@]341,SMILES,1,88
4226,CCOC(=O)C1(c2ccccc2)CCN(C)CC1.[H+],SMILES,1,88
4228,CNCCCN1c2ccccc2CCc2ccccc21,SMILES,1,88
4229,CN1C(=O)CN=C(c2ccccc2)c2cc(Cl)ccc21,SMILES,1,88
4230,COc1ccc2c3c1O[C@H]1[C@@H](O)CC[C@H]4[C@@H](C2)N(C)CC[C@@]341,SMILES,1,88
4231,Cc1ccccc1C,SMILES,1,88
4232,Cc1ccc(C)cc1,SMILES,1,88
4233,CN1CCN(CC(=O)N2c3ccccc3C(=O)Nc3cccnc32)CC1,SMILES,1,88
4234,CN(C)CC/C=C1/c2ccccc2COc2ccccc21.[H+],SMILES,1,88
4235,CN(C)CCOC(C)(c1ccccc1)c1ccccn1.O=C(O)CCC(=O)O,SMILES,1,88
4236,C#CC1(OC(N)=O)CCCCC1,SMILES,1,88
4237,S=C(NC1CCCCC1)N1CCC(c2c[nH]cn2)CC1,SMILES,1,88
4239,O=C(CCCN1CCC(O)(c2ccc(Cl)cc2)CC1)c1ccc(F)cc1,SMILES,1,88
4240,O=[N+]([O-])c1cc[nH]c1NCCSCc1ccccn1,SMILES,1,88
4241,C[NH+]O.Cc1oc(C(C)(C)N(C(C)(C)N)C(C)(C)N)c(C)c1C,SMILES,1,88
4242,Cc1c[nH+][o+]c(C([NH])CC(C)C(C)(C)N(C(C)(C)C)C(C)(N)N)c1[O-],SMILES,1,88
4243,OCCN1CCCN(CCCN2c3ccccc3Sc3cc(C(F)(F)F)ccc32)CC1.[H+].[H+],SMILES,1,88
4245,CCC(O)(COC(N)=O)c1ccccc1,SMILES,1,88
4247,Cn1c(=O)c2nc[nH]c2n(C)c1=O,SMILES,1,88
4248,CN1CC[C@]23CCCC[C@H]2[C@H]1Cc1ccc(O)cc13,SMILES,1,88
4249,CCN(CC)CC(=O)Nc1c(C)cccc1C,SMILES,1,88
4250,O=C1Nc2ccc(Cl)cc2C(c2ccccc2Cl)=NC1O,SMILES,1,88
4251,CC(C)N1CCC(N(C(=O)Cc2ccccc2)c2ccc(Cl)cc2)CC1,SMILES,1,88
4253,Nc1nc(=O)c2ncn(COCCO)c2[nH]1,SMILES,1,88
4254,CCCSc1ccc2nc(NC(=O)OC)[nH]c2c1,SMILES,1,88
4255,COc1cc(CCN)cc(OC)c1OC,SMILES,1,88
4257,CN[C@@H](C)Cc1ccccc1,SMILES,1,88
4258,COc1ccccc1OCC(O)COC(N)=O,SMILES,1,88
4260,Nc1ccn([C@@H]2O[C@H](CO)[C@@H](O)[C@@H]2O)c(=O)n1,SMILES,1,88
4261,CN(C)N/N=C1/N=CN=C1C(N)=O,SMILES,1,88
4263,CNCCCN1c2ccccc2Sc2ccccc21,SMILES,1,88
4264,C=CCN1CC[C@]23c4c5ccc(O)c4O[C@H]2C(=O)CC[C@@]3(O)[C@H]1C5,SMILES,1,88
4265,O=C1CN=C(c2ccccc2)c2cc([N+](=O)[O-])ccc2N1,SMILES,1,88
4266,CNCCC=C1c2ccccc2CCc2ccccc21,SMILES,1,88
4267,Cc1ccccc1C(OCCN(C)C)c1ccccc1,SMILES,1,88
4268,COc1ccc2c(c1)[C@]13CCCC[C@@H]1[C@H](C2)N(C)CC3,SMILES,1,88
4269,CC(Cc1ccccc1)NCCn1cnc2c1c(=O)n(C)c(=O)n2C.[H+],SMILES,1,88
4271,CC(N)C(=O)OC(C)(C)Cc1ccc(Cl)cc1,SMILES,1,88
4272,CCCN(CCCCN1C(=O)CC2(CCCC2)CC1=O)C1COc2cccc(OC)c2C1.[H+],SMILES,1,88
4273,CC(=O)NCCn1c(C)cc(C=O)c1C,SMILES,1,88
4275,CN(C)c1cnccn1,SMILES,1,88
4276,O=C1C(O)=C(O)OC1C(O)CO,SMILES,1,88
4277,CCN(CCO)CCn1c(Cc2ccccc2)nc2c1c(=O)n(C)c(=O)n2C,SMILES,1,88
4278,C[C@H]1C[C@H]2[C@@H]3CCC4=CC(=O)C=C[C@]4(C)[C@@]3(Cl)[C@@H](O)C[C@]2(C)[C@@]1(O)C(=O)CO,SMILES,1,88
4279,CC(=O)Nc1ccc(OC(=O)c2ccccc2OC(C)=O)cc1,SMILES,1,88
4281,OCc1ccccc1,SMILES,1,88
4282,Cc1cc(Br)cc(C(N)=O)c1O,SMILES,1,88
4283,Nc1nc(=O)c2ncn(CC[C@@H](O)CO)c2[nH]1,SMILES,1,88
4284,CC(=O)Nc1ccc(OC(C)(C)C)cc1,SMILES,1,88
4285,CC(C)(C)[C@]1(O)CCN2C[C@H]3c4ccccc4CCc4cccc(c43)[C@@H]2C1.[H+],SMILES,1,88
4286,CCCC(=O)c1ccc2c(c1)N(CCCN1CCN(C)CC1)c1ccccc1S2,SMILES,1,88
4287,Cc1cc(C)c(=O)[nH]n1,SMILES,1,88
4288,COc1cc(N)c(Cl)cc1C(=O)NC1CCN(Cc2ccccc2)CC1,SMILES,1,88
4289,CCc1cc2c(s1)N(C)C(=O)CN=C2c1ccccc1Cl,SMILES,1,88
4290,CN(C)C1CCc2[nH]c3ccccc3c2C1,SMILES,1,88
4291,CCC1(C2=CCCCC2)C(=O)NC(=O)NC1=O,SMILES,1,88
4292,CN(C)CCC=C1c2ccccc2C=Cc2ccccc21,SMILES,1,88
4294,CC12NC(Cc3ccccc31)c1ccccc12,SMILES,1,88
4295,COc1cc2c(cc1OC)C(=O)C(CC1CCN(Cc3ccccc3)CC1)C2.[H+],SMILES,1,88
4296,CCC(CC)(CNC(=O)CCCO)c1cccc(OC)c1,SMILES,1,88
4297,CCNC1=Nc2ccc(Cl)cc2C(c2ccccc2)S1,SMILES,1,88
4298,CCCCNCC1COc2cccc(OCC)c2O1.[H+],SMILES,1,88
4299,CCNC1=Nc2ccc(Cl)cc2C(C)(c2ccccc2)O1.[H+],SMILES,1,88
4300,CC(=O)OCC(CCn1cnc2cnc(N)nc21)COC(C)=O,SMILES,1,88
4301,NC(=O)OCC(COC(N)=O)c1ccccc1,SMILES,1,88
4302,CCNC1C2CCC(C2)C1c1ccccc1,SMILES,1,88
4304,CCNC1=NC(=O)C(c2ccccc2)O1,SMILES,1,88
4305,CC(C)(O)CC(C)(O)c1ccc(Cl)cc1,SMILES,1,88
4306,CC(C)(C)NCC(O)c1ccccc1F,SMILES,1,88
4307,C[C@]12CCC(=O)C=C1CC[C@H]1[C@@H]3CC[C@](O)(C(=O)CO)[C@@]3(C)C[C@H](O)[C@@]12F,SMILES,1,88
4308,Cc1cc2c(s1)=Nc1ccc(F)cc1NC=2N1CCN(C)CC1,SMILES,1,88
4309,CCS(=O)(=O)c1ccc(F)cc1,SMILES,1,88
4311,C[C@@H]1O[C@@H]1P(=O)(O)O,SMILES,1,88
4313,CC12CCC(=O)C=C1CCC1C2C(O)CC2(C)C1CCC2(O)C(=O)COC(=O)CCC1CCCC1,SMILES,1,88
4314,CN[C@@H]1C[C@@H](c2ccc(Cl)c(Cl)c2)c2ccccc21.[H+],SMILES,1,88
4315,CC(C)NNC(=O)COc1ccc(Cl)cc1,SMILES,1,88
4316,O=C1c2ccccc2S(=O)(=O)N1CCCCN1CCN(c2ncccn2)CC1.[H+],SMILES,1,88
4317,CN(CCCN1c2ccccc2CCc2ccccc21)CC(=O)c1ccc(Cl)cc1.[H+],SMILES,1,88
4318,CN1CCN(C2=Nc3ccccc3Oc3ccc(Cl)cc32)CC1,SMILES,1,88
4319,CC(NN)c1ccccc1,SMILES,1,88
4320,CCN(CC)CCNC(=O)COc1ccc(OC)cc1.[H+],SMILES,1,88
4321,CC1CCN(CCCC(=O)c2ccc(F)cc2)CC1,SMILES,1,88
4322,CC(=O)Nc1cccc(O)c1,SMILES,1,88
4323,CC(C)(O)C(C)(O)c1cccc(Cl)c1,SMILES,1,88
4324,Cc1cc(-c2ccccc2)nnc1NCCN1CCOCC1,SMILES,1,88
4327,N=C(N)NCCCOc1ccccc1,SMILES,1,88
4328,CN1CCC23c4c5ccc(O)c4OC2C(O)C=CC3C1C5,SMILES,1,88
4330,CN1C(=O)C[NH+]=C(c2ccccc2F)c2cc([N+](=O)[O-])ccc21,SMILES,1,88
4331,FC(Br)CC(F)(F)F,SMILES,1,88
4332,ClC=C(Cl)Cl,SMILES,1,88
4333,Nc1nc(NC2CC2)c2ncn(C3C=CC(CO)C3)c2n1,SMILES,1,88
4334,NCCC(O)C(=O)NC1CC(N)C(OC2OC(CN)C(O)C(O)C2O)C(O)C1OC1OC(CO)C(O)C(N)C1O,SMILES,1,88
4335,CN(C)N=Nc1[nH]cnc1C(N)=O,SMILES,1,88
4336,CC1c2cccc(O)c2C(=O)C2=C(O)C3(O)C(=O)C(C(N)=O)=C(O)C(N(C)C)C3C(O)C21,SMILES,1,88
4337,CCC1(C)CC(=O)NC1=O,SMILES,1,88
4338,CC(C)=CCN1CCC2(C)c3cc(O)ccc3CC1C2C,SMILES,1,88
4339,OCC1OC(n2cnc3c2N=CNCC3O)CC1O,SMILES,1,88
4340,NC1C2CN(c3nc4c(cc3F)c(=O)c(C(=O)O)cn4-c3ccc(F)cc3F)CC12,SMILES,1,88
4341,NC1CONC1=O,SMILES,1,88
4342,CN(C)c1ccc(O)c2c1CC1CC3C(N(C)C)C(O)=C(C(N)=O)C(=O)C3(O)C(O)=C1C2=O,SMILES,1,88
4343,NC(=O)c1cnn(C2OC(CO)C(O)C2O)n1,SMILES,1,88
4344,Cc1cn(C2C=CC(CO)O2)c(=O)[nH]c1=O,SMILES,1,88
4345,CC1(C)SC2C(NC(=O)C(C(=O)O)c3ccsc3)C(=O)N2C1C(=O)O,SMILES,1,88
4346,CCC1(O)C(=O)OCc2c1cc1n(c2=O)Cc2cc3c(CN(C)C)c(O)ccc3nc2-1,SMILES,1,88
4347,Nc1ccn(C2CCC(CO)O2)c(=O)n1,SMILES,1,88
4349,NC(Cc1ccc(O)c(O)c1)C(=O)O,SMILES,1,88
4351,CC(=O)C1CCC2C3CCC4=CC(=O)CCC4(C)C3CCC12C,SMILES,1,88
4352,CC12CCC(=O)C=C1CCC1C2CCC2(C)C(O)CCC12,SMILES,1,88
4354,Brc1cc(Br)c(N=C2NCCN2)c(Br)c1,SMILES,1,88
4355,CN/C(=N\C#N)NCCSCc1csc(N=C(N)N)n1,SMILES,1,88
4356,C=C,SMILES,1,88
4358,CC(C)(C)c1nc(N2CCN(CCCSc3nccc(=O)[nH]3)CC2)cc(C(F)(F)F)n1,SMILES,1,88
4359,CC(C)O,SMILES,1,88
4360,CC(C)=O,SMILES,1,88
4361,Cc1ccc(N=C2NCCN2)c(Cl)c1,SMILES,1,88
4362,Cc1cc(Br)cc(C)c1N=C1NCCN1,SMILES,1,88
4363,Cc1cc(Cl)ccc1N=C1NCCN1,SMILES,1,88
4364,CC1CCN(CCCN2c3ccccc3Sc3ccc(C(F)(F)F)cc32)CC1,SMILES,1,88
4365,CCC(C)(C)C,SMILES,1,88
4366,CCC(C)CC,SMILES,1,88
4367,CCC(C)=O,SMILES,1,88
4369,CCc1cccc(/N=C(\C)Nc2cccc(CC)c2)c1,SMILES,1,88
4370,CCCCC(C)C,SMILES,1,88
4371,CCCCC1C(=O)N(c2ccccc2)N(c2ccccc2)C1=O,SMILES,1,88
4372,CCCCCC,SMILES,1,88
4374,O=C(O)c1cc[nH]c1NCCSCc1ncccc1Br,SMILES,1,88
4375,O=C(O)COc1ccc(Cl)cc1Cl,SMILES,1,88
4376,O=c1[nH]cnc2n[nH]cc12,SMILES,1,88
4377,OC[C@@H]1O[C@H](n2cnc3c2N=CNC[C@@H]3O)C[C@@H]1O,SMILES,1,88
4378,CCCCCCCC,SMILES,1,88
4379,CC(C)Br,SMILES,1,88
4381,C=CC=C,SMILES,1,88
4383,CCCCCCCCC,SMILES,1,88
4384,C=CC,SMILES,1,88
4385,CCCCCC(C)C,SMILES,1,88
4386,CCCCCCCC(C)C,SMILES,1,88
4388,CCCCCCCCCC,SMILES,1,88
4389,CC(C)(C)C1CCCCC1,SMILES,1,88
4390,CCCCCCC(C)C,SMILES,1,88
4391,C=CCCCCCCC,SMILES,1,88
4392,O=C(CCCN1CCC2(CC1)C(=O)NCN2c1ccc(Br)cc1)c1ccc(F)cc1,SMILES,1,88
4394,CO/N=C(\C(=O)N[C@H]1C(=O)N2C(C(=O)O)=C(COC(C)=O)CS[C@@H]12)c1csc(N)n1,SMILES,1,88
4395,CO/N=C(\C(=O)NC1C(=O)N2C(C(=O)O)=C(COC(N)=O)CS[C@@H]12)c1ccco1,SMILES,1,88
4396,CO/N=C(\C(=O)NC1C(=O)N2C(C(=O)O)=C(CSc3nc(=O)c(O)nn3C)CS[C@@H]12)c1csc(N)n1,SMILES,1,88
4398,CCN(CC)CCC[C@H](C)Nc1ccnc2cc(Cl)ccc12,SMILES,1,88
4399,CC(C)(O/N=C(\C(=O)N[C@@H]1C(=O)N2C(C(=O)O)=C(C[n+]3ccccc3)CS[C@H]12)c1csc(N)n1)C(=O)O,SMILES,1,88
4400,CC(C)CO,SMILES,1,88
4402,COC(=O)C1=CCCN(C)C1,SMILES,1,88
4403,CCC(C)C1(CC)C(=O)NC(=O)NC1=O,SMILES,1,88
4405,CN(C)CCO,SMILES,1,88
4407,CCCC(C)(COC(N)=O)COC(N)=O,SMILES,1,88
4408,CCc1cccc(N/C(C)=[NH+]/c2cccc(CC)c2)c1,SMILES,1,88
4409,Cc1ccccc1[C@@H](OCCN(C)C)c1ccccc1,SMILES,1,88
4410,FC(F)(Cl)C(F)(F)Cl,SMILES,1,88
4411,CCC(Br)(CC)C(=O)NC(=O)NC(C)=O,SMILES,1,88
4412,O=C(COc1ccc(Cl)cc1)OCCNC12CC3C[C@H](C1)C[C@@H](C3)C2,SMILES,1,88
4413,O=C(NCCN1CCN(c2ncccn2)CC1)C12CC3C[C@H](C1)C[C@@H](C3)C2,SMILES,1,88
4414,COC1(F)C(F)(F)C1(F)Cl,SMILES,1,88
4416,Nc1ccc(S(=O)(=O)N2C[C@H]3CC[C@H](CC3)C2)cc1,SMILES,1,88
4417,CCCCC1(CCOC(N)=O)C(=O)NC(=O)NC1=O,SMILES,1,88
4418,O=C(O)C1CCN1C12CC3C[C@H](C1)C[C@@H](C3)C2,SMILES,1,88
4420,CN(C)CCOC(=O)CCC1CCCCC1,SMILES,1,88
4421,CC1(C)OC(=O)NC1=O,SMILES,1,88
4422,O=C(NCCc1ccc(O)c(O)c1)C12CC3C[C@H](C1)C[C@@H](C3)C2,SMILES,1,88
4424,CCC1(CC)C(=O)NC=C(C)C1=O,SMILES,1,88
4425,CC[C@@H](C(N)=O)N1CCCC1=O,SMILES,1,88
4426,CCCC/N=C(\c1cc(Cl)ccc1O)c1ccccc1Cl,SMILES,1,88
4427,CCNC1=NC(=O)[C@H](c2ccccc2)O1,SMILES,1,88
4428,COc1ccc2c(c1)c(CC(=O)O)c(C)n2C(=O)c1ccc(Cl)cc1,SMILES,1,88
4429,CCOC(=O)N1CCC(=C2c3ccc(Cl)cc3CCc3cccnc32)CC1,SMILES,1,88
4430,c1ccc2c(c1)Sc1ccccc1N2CC1CN2CCC1CC2,SMILES,1,88
4431,CCC1(CC)C(=O)NC(=O)N(C)C1=O,SMILES,1,88
4432,CCCCCNCC(N)=O,SMILES,1,88
4433,C/N=C(/Cc1ccc2ccccc2c1)NC,SMILES,1,88
4434,C1=N[C@@H](CC2=Cc3ccccc3CC2)CN1,SMILES,1,88
4435,C[C@H]1O[C@H](C)O[C@@H](C)O1,SMILES,1,88
4436,O=C(O)c1ccccc1Oc1ccccc1,SMILES,1,88
4438,Fc1cccc(Br)c1N=C1NCCN1,SMILES,1,88
4439,C=CCO/N=C1/CN=C(c2ccccc2Cl)c2cc(Cl)ccc2N1,SMILES,1,88
4441,O=C(CCCN1C[C@H]2CC[C@H](CC2)C1)c1ccc(F)cc1,SMILES,1,88
4442,Nc1nc2c(ncn2CCC(CO)CO)c(=O)[nH]1,SMILES,1,88
4443,ClCCCl,SMILES,1,88
4444,CCCCO,SMILES,1,88
4445,C,SMILES,1,88
4446,c1cncc([C@@H]2CCCN2)c1,SMILES,1,88
4447,CO,SMILES,1,88
4449,CCCCOC(=O)c1ccc(N)cc1,SMILES,1,88
4451,O=C(O)COCCN1CCN([C@@H](c2ccccc2)c2ccc(Cl)cc2)CC1,SMILES,1,88
4455,O=c1[nH]c2ccccc2n1CCCN1CCC(n2c(=O)[nH]c3cc(Cl)ccc32)CC1,SMILES,1,88
4457,O=C(O)c1cc(O)ccc1O,SMILES,1,88
4459,CN1CCCC[C@H]1CCN1c2ccccc2Sc2ccc(S(C)=O)cc21,SMILES,1,88
4460,COC(F)(F)C(Cl)Cl,SMILES,1,88
4461,COc1ccc2nc(S(=O)Cc3ncc(C)c(OC)c3C)[nH]c2c1,SMILES,1,88
4462,O=C1Nc2ccc(Cl)cc2C(c2ccccc2)=N[C@H]1O,SMILES,1,88
4463,CSC(=N)N,SMILES,1,88
4464,CN(C/C=C/C#CC(C)(C)C)Cc1cccc2ccccc12,SMILES,1,88
4465,[Kr],SMILES,1,88
4466,CC1=C(/C=C/C(C)=C/C=C/C(C)=C/C(=O)O)C(C)(C)CCC1,SMILES,1,88
4467,CCCCCO,SMILES,1,88
4469,C1CO1,SMILES,1,88
4471,CC(C)(C)O,SMILES,1,88
4473,ClCC(Cl)Cl,SMILES,1,88
4474,COC(C)=O,SMILES,1,88
4475,CC(C)(c1ccc(O)cc1)c1ccc(O)cc1,SMILES,1,88
4476,CCCOC(=O)c1ccc(N)cc1,SMILES,1,88
4477,Cc1ccc(C)c(C)c1,SMILES,1,88
4479,C=Cc1ccccc1,SMILES,1,88
4480,C=CC#N,SMILES,1,88
4481,C#CCO,SMILES,1,88
4482,CCCC(C)=O,SMILES,1,88
4483,CC(=O)OC(C)C,SMILES,1,88
4484,CCCOC(C)=O,SMILES,1,88
4485,CC(=O)OCC(C)C,SMILES,1,88
4486,Cc1c(I)c(=O)n(-c2ccccc2)n1C,SMILES,1,88
4487,CCC(C)CO,SMILES,1,88
4489,FC(F)=CCl,SMILES,1,88
4490,CCCCCOC(C)=O,SMILES,1,88
4492,CCOC(C)(C)C,SMILES,1,88
4493,COC(C)(C)C,SMILES,1,88
4494,FS(F)(F)(F)(F)F,SMILES,1,88
4495,CCCCOC(C)=O,SMILES,1,88
4496,CC(=O)OCCC(C)C,SMILES,1,88
4497,ClC(Cl)=C(Cl)Cl,SMILES,1,88
4498,c1cc2ccc3cccc4ccc(c1)c2c34,SMILES,1,88
4500,CCCCCCCC1(CC)C(=O)NC(=O)NC1=O,SMILES,1,88
4502,CN/C(=N/C#N)NCCSCc1csc(N=C(N)N)n1,SMILES,1,88
4503,O=C(NCCN1CCN(c2cccc3c2OC[C@H](CO)O3)CC1)c1ccc(F)cc1,SMILES,1,88
4504,CCC(C)(C)OC,SMILES,1,88
4505,CCC(O)(CC(N)=O)c1ccccc1,SMILES,1,88
4506,c1ccc2c(c1)CCCN2,SMILES,1,88
4507,C=COCCCCOC=C,SMILES,1,88
4508,Clc1ccc(N=C2NCCN2)c(Cl)c1,SMILES,1,88
4510,Cc1cc(=O)n(-c2ccc(F)cc2)n1C,SMILES,1,88
4511,CCC1(C)C(=O)NC(=O)NC1=O,SMILES,1,88
4513,C[C@@H]1NC(=O)C2(CCCC2)NC1=O,SMILES,1,88
4514,CN1CN(c2ccccc2)C2(CCN(CCCC(=O)c3ccc(F)cc3)CC2)C1=O,SMILES,1,88
4515,CNCCCN1c2ccccc2CCc2cc(O)ccc21,SMILES,1,88
4517,O=C(CCC1CCN(Cc2ccccc2)CC1)c1ccc2c(c1)NCCCC2,SMILES,1,88
4518,NC(=O)C(c1ccccc1)(c1ccccc1)[C@@H]1CCN(CCc2ccc3c(c2)CCO3)C1,SMILES,1,88
4519,CN(C)CCCN1c2ccccc2S(=O)c2ccccc21,SMILES,1,88
4520,Cl/C=C/Cl,SMILES,1,88
4521,O=c1c(-c2ccc(O)cc2)coc2cc(O)ccc12,SMILES,1,88
4522,N#Cc1ccc(OCC2CCN(C/C=C/I)CC2)cc1,SMILES,1,88
4523,N=C(N)SCCF,SMILES,1,88
4524,O=[N+]([O-])c1nccn1CCCF,SMILES,1,88
4525,O=[N+]([O-])c1nccn1CCCCCCCCF,SMILES,1,88
4527,CCCCCCN1CCN(c2ccc(I)cc2)CC1,SMILES,1,88
4530,OC(O)C(Cl)(Cl)Cl,SMILES,1,88
4531,Nc1ccc(S(=O)(=O)c2ccc(N)cc2)cc1,SMILES,1,88
4532,Cc1cccc(Cc2c[nH]cn2)c1C,SMILES,1,88
4535,Oc1noc2c1CCNC2,SMILES,1,88
4536,CCN(CC)CCNC(=O)COc1ccc(OC)cc1,SMILES,1,88
4537,CCOc1ccc(NC(C)=O)cc1,SMILES,1,88
4538,CC(C)CC(CN)CC(=O)O,SMILES,1,88
4542,N=C(NO)C1=NNc2ccccc2N(Cc2ccccc2)C1=O,SMILES,1,88
4543,Cc1c(C)c2c(c(C)c1O)CCC(C)(CCCC(C)CCCC(C)CCCC(C)C)O2,SMILES,1,88
4544,NC12CC3C[C@H](C1)C[C@@H](C3)C2,SMILES,1,88
4545,CN(C)C(C)(CO)Cc1ccc(Cl)c(Cl)c1,SMILES,1,88
4547,Nc1nc2c(ncn2COC(CO)CO)c(=O)[nH]1,SMILES,1,88
4548,Cc1cc(CCN2CCN(c3cccc(Cl)c3)CC2)[nH]n1,SMILES,1,88
4550,CC(C)(C(=O)[O-])c1ccc(C(O)CCC[NH+]2CCC(C(O)(c3ccccc3)c3ccccc3)CC2)cc1,SMILES,1,88
4551,CC(C)(C(=O)O)c1ccc(C(O)CCCN2CCC(C(O)(c3ccccc3)c3ccccc3)CC2)cc1,SMILES,1,88
4552,CC(C)(C)NC(=O)[C@@H]1C[C@@H]2CCCC[C@@H]2C[N@H+]1C[C@@H](O)[C@H](Cc1ccccc1)NC(=O)[C@H](CC(N)=O)NC(=O)c1ccc2ccccc2n1,SMILES,1,88
4553,CC(C)(C)NCC(O)COc1cccc2c1CC(O)C(O)C2,SMILES,1,88
4554,CC(C)(C)NC(=O)[C@@H]1C[C@@H]2CCCC[C@@H]2CN1C[C@@H](O)[C@H](Cc1ccccc1)NC(=O)[C@H](CC(N)=O)NC(=O)c1ccc2ccccc2n1,SMILES,1,88
4555,COC(=O)C1C(=O)C=C(Nc2ccc(Cl)cc2)CC1C,SMILES,1,88
4556,COC(=O)[C@H]1C(=O)C=C(Nc2ccc(Cl)cc2)C[C@H]1C,SMILES,1,88
4557,Cc1c(O)cccc1C(=O)N[C@@H](CSc1ccccc1)[C@H](O)C[N@H+]1C[C@@H]2CCCC[C@@H]2C[C@@H]1C(=O)NC(C)(C)C,SMILES,1,88
4560,CC(C)[NH2+]C[C@@H](O)COc1ccc(CC(N)=O)cc1,SMILES,1,88
4561,COn1cc(C(=O)[O-])c(=O)c2cc3c(cc21)OCO3,SMILES,1,88
4562,CC(C)NCC(O)COc1ccc(CC(N)=O)cc1,SMILES,1,88
4564,COc1cc2nc(N3CCN(C(=O)c4ccco4)CC3)nc(N)c2cc1OC,SMILES,1,88
4566,Nc1cccc(CN2CCC(NC(=O)C(O)(c3ccccc3)C3CCC(F)(F)C3)CC2)n1,SMILES,1,88
4567,Nc1cccc(CN2CCC(NC(=O)[C@](O)(c3ccccc3)[C@@H]3CCC(F)(F)C3)CC2)n1,SMILES,1,88
4568,CC1CCN(CCC2CCN2S(=O)(=O)C2=CC(O)=CCC2)CC1,SMILES,1,88
4570,Nc1cccc(C[NH+]2CCC(NC(=O)[C@](O)(c3ccccc3)[C@@H]3CCC(F)(F)C3)CC2)[nH+]1,SMILES,1,88
4571,COc1ccc(C(C)(C)O)cc1C[NH2+][C@@H]1C2CC[NH+](CC2)[C@@H]1C(c1ccccc1)c1ccccc1,SMILES,1,88
4572,COc1ccc(C(C)(C)O)cc1C[NH2+]C1C2CC[NH+](CC2)C1C(c1ccccc1)c1ccccc1,SMILES,1,88
4573,O=c1[nH]c2ccccc2n1CCC[NH+]1CCC(n2c(=O)[nH]c3cc(Cl)ccc32)CC1,SMILES,1,88
4574,[NH3+]CCc1nc(-c2ccccc2)cs1,SMILES,1,88
4575,Cc1cc(Cl)ccc1NC1=[NH+]CCN1,SMILES,1,88
4576,Cc1cc(Cl)ccc1NC1=NCCN1,SMILES,1,88
4577,CCCCNC(=O)NS(=O)(=O)c1ccc(C)cc1,SMILES,1,88
4578,CN(C)CCOc1ccc(-c2nc(-c3ccc4c(c3)CC/C4=N\CO)c(-c3ccncc3)[nH]2)cc1,SMILES,1,88
4579,Nc1ccccc1NC(=O)c1ccc(CNC(=O)OCc2ccccc2)cc1,SMILES,1,88
4580,COc1cccc2c1C(=O)c1c(O)c3c(c(O)c1C2=O)CC(O)(C(=O)CO)CC3OC1CC(N)C(O)C(C)O1,SMILES,1,88
4581,COc1cccc2c1C(=O)c1c(O)c3c(c(O)c1C2=O)C[C@@](O)(C(=O)CO)C[C@@H]3O[C@H]1C[C@H](N)[C@H](O)[C@H](C)O1,SMILES,1,88
4582,COc1cccc2c1C(=O)c1c(O)c3c(c(O)c1C2=O)C[C@@](O)(C(=O)CO)C[C@@H]3O[C@H]1C[C@H]([NH3+])[C@H](O)[C@H](C)O1,SMILES,1,88
4583,COc1cccc2c1C(=O)c1c(O)c3c(c(O)c1C2=O)CC(O)(C(=O)CO)CC3OC1CC([NH3+])C(O)C(C)O1,SMILES,1,88
4584,CNC(=NC#N)NCCSCc1csc(N=C(N)N)n1,SMILES,1,88
4585,CNC(NC#N)NCCSCc1csc(NC(N)N)n1,SMILES,1,88
4586,CS(=O)(=O)c1ccc(-c2ccc3cc(O)ccc3c2Oc2ccc(OCCN3CCCCC3)cc2)cc1,SMILES,1,88
4588,N[C@H](Cc1ccccc1)C(=O)ON1CCC[C@H]1C(=O)O,SMILES,1,88
4589,CN/C(=N\CCSCc1csc(NC(=N)N)n1)NC#N,SMILES,1,88
4590,CCn1nnc(NC(=O)C2c3ccccc3Oc3ccccc32)n1,SMILES,1,88
4591,CN1CCN(Cc2ccc(Nc3ncc(Cl)c(Nc4ccccc4S(=O)(=O)N(C)C)n3)cc2)CC1,SMILES,1,88
4592,Cc1nc2n(c(=O)c1CCN1CCC(c3coc4cc(F)ccc34)CC1)CCCC2O,SMILES,1,88
4593,Nc1ccn([C@H]2C[C@H](CO)[C@H](CO)O2)c(=O)n1,SMILES,1,88
4594,Nc1ccn(C2CC(CO)C(CO)O2)c(=O)n1,SMILES,1,88
4595,Nc1ccn([C@@H]2CC(CO)C(CO)O2)c(=O)n1,SMILES,1,88
4596,C=C(C)C(=O)/C(=C\C(=O)O)OC,SMILES,1,88
4597,CNC(=O)c1c(NCC2CCC3(CCC3)CC2)nc(C#N)nc1OCC1CCN(C(C)=O)CC1,SMILES,1,88
4598,C/C=C/[C@@H](C)[C@@H](O)[C@@H]1C(=O)N[C@H](CC)C(=O)N(C)CC(=O)N(C)[C@H](CC(C)C)C(=O)N[C@H](C(C)C)C(=O)N(C)[C@H](CC(C)C)C(=O)N[C@H](C)C(=O)N[C@H](C)C(=O)N(C)[C@H](CC(C)C)C(=O)N(C)[C@H](CC(C)C)C(=O)N(C)[C@H](CC(C)C)C(=O)N1C,SMILES,1,88
4601,OC1Nc2ccccc2N1CCCN1CCC(N2c3ccc(Cl)cc3NC2O)CC1,SMILES,1,88
4602,CC=CC(C)C(O)C1C(=O)NC(CC)C(=O)N(C)CC(=O)N(C)C(CC(C)C)C(=O)NC(C(C)C)C(=O)N(C)C(CC(C)C)C(=O)NC(C)C(=O)NC(C)C(=O)N(C)C(CC(C)C)C(=O)N(C)C(CC(C)C)C(=O)N(C)C(CC(C)C)C(=O)N1C,SMILES,1,88
4603,Oc1ccc(-c2ccc3cc(O)ccc3c2Oc2ccc(OCCN3CCCCC3)cc2)cc1,SMILES,1,88
4604,[NH3+][C@H](Cc1ccc(O)c(O)c1)C(=O)[O-],SMILES,1,88
4605,[NH3+]C(Cc1ccc(O)c(O)c1)C(=O)[O-],SMILES,1,88
4606,CC(C)(C)NC(=O)C1CN(Cc2cccnc2)CCN1CC(O)CC(Cc1ccccc1)C(=O)NC1c2ccccc2CC1O,SMILES,1,88
4607,CC(C)(C)NC(=O)C1C[NH+](Cc2cccnc2)CCN1CC(O)CC(Cc1ccccc1)C(=O)NC1c2ccccc2CC1O,SMILES,1,88
4608,CC(C)(C)NC(=O)[C@@H]1C[N@H+](Cc2cccnc2)CC[N@H+]1C[C@@H](O)C[C@@H](Cc1ccccc1)C(=O)N[C@H]1c2ccccc2C[C@H]1O,SMILES,1,88
4609,CC(C)(C)NC(=O)C1C[NH+](Cc2cccnc2)CC[NH+]1CC(O)CC(Cc1ccccc1)C(=O)NC1c2ccccc2CC1O,SMILES,1,88
4610,C[NH+](C)Cc1ccc(CSCCNc2[nH]cc(Cc3ccccc3)c2[N+](=O)[O-])o1,SMILES,1,88
4612,CN(C)Cc1ccc(CSCCNc2cc(Cc3ccccc3)c[nH]2)o1,SMILES,1,88
4613,CN(C)Cc1ccc(CSCCNc2[nH]ccc2Cc2ccccc2)o1,SMILES,1,88
4614,Cc1cn(C2CC(N=[N+]=[N-])C(CO)O2)c(=O)[nH]c1=O,SMILES,1,88
4615,Cc1cn(C2CC(N=[N+]=N)C(CO)O2)c(=O)[nH]c1=O,SMILES,1,88
4616,CCC(CO)Nc1nc(NCc2ccccc2)c2ncn(C(C)C)c2n1,SMILES,1,88
4617,Cc1cn(C2CC(NN=N)C(CO)O2)c(=O)[nH]c1=O,SMILES,1,88
4618,Cc1cn(C2CC(N[NH+]=[N-])C(CO)O2)c(=O)[nH]c1=O,SMILES,1,88
4619,Cc1cn([C@@H]2C[C@H](N=[N+]=[N-])[C@H](CO)O2)c(=O)[nH]c1=O,SMILES,1,88
4620,CCCC(=O)N(c1ccccc1)C1(COC)CCN(CCn2nnn(CC)c2=O)CC1,SMILES,1,88
4621,S=c1nc[nH]c2nc[nH]c12,SMILES,1,88
4622,CC1NC(N)=Nc2cccc(Cl)c21,SMILES,1,88
4623,CCCCCCCCCCCCCCCCCCOCC(COP(=O)(O)OCC[N+](C)(C)C)OC,SMILES,1,88
4624,CC1CN(C2CCC(C#N)(c3ccc(F)cc3)CC2)CCC1(C(=O)O)c1ccccc1,SMILES,1,88
4625,Cc1cn([C@H]2C[C@H](N=[N+]=[N-])[C@@H](CO)O2)c(=O)[nH]c1=O,SMILES,1,88
4626,C/C=C/CC(C)C(O)C1C(=O)NC(CC)C(=O)N(C)CC(=O)N(C)C(CC(C)C)C(=O)NC(C(C)C)C(=O)N(C)C(CC(C)C)C(=O)NC(C)C(=O)NC(C)C(=O)N(C)C(CC(C)C)C(=O)N(C)C(CC(C)C)C(=O)N(C)C(C(C)C)C(=O)N1C,SMILES,1,88
4627,CC(C)c1nc(CN(C)C(=O)NC(C(=O)NC(Cc2ccccc2)CC(O)C(Cc2ccccc2)NC(=O)OCc2cncs2)C(C)C)cs1,SMILES,1,88
4628,CC1N=C(N)Nc2cccc(Cl)c21,SMILES,1,88
4629,COc1ccc(CCN(C)CCC[C@](C#N)(c2ccc(OC)c(OC)c2)C(C)C)cc1OC,SMILES,1,88
4630,N#Cc1ccc(C(=O)N2CCN(c3ccc(OC4CCN(C5CCC5)CC4)cc3)C(=O)C2)cc1,SMILES,1,88
4631,C=CC1C[C@@H]2CC[C@H]1C[C@@H]2[C@@H](O)c1ccnc2ccc(OC)cc12,SMILES,1,88
4632,CC[C@@H](C)n1ncn(-c2ccc(N3CCN(c4ccc(OC[C@@H]5CO[C@@](CSc6nncn6C)(c6ccc(Cl)cc6)O5)cc4)CC3)cc2)c1=O,SMILES,1,88
4633,Cc1cn([C@H]2C[C@H](N=[N+]=[N])[C@@H](CO)O2)c(=O)[nH]c1=O,SMILES,1,88
4635,O=C1CC=[N+](C2CC(F)C(CO)O2)C(=O)N1,SMILES,1,88
4636,Cc1nc2n(c(=O)c1CC[NH+]1CCC(c3noc4cc(F)ccc34)CC1)C[C@H](O)CC2,SMILES,1,88
4639,CNC(=O)c1c(NCC2CCC3(CCC3)CC2)nc(C#N)nc1OCC1CCNCC1,SMILES,1,88
4640,Cc1nc2n(c(=O)c1CCN1CCC(c3noc4cc(F)ccc34)CC1)CC(O)CC2,SMILES,1,88
4641,Nc1cc(N)c(N)cc1N,SMILES,1,88
4642,NC(=O)c1ncn([C@@H]2O[C@H](CO)[C@@H](O)[C@H]2O)n1,SMILES,1,88
4643,CCn1cc(C(=O)O)c(=O)c2ccc(C)nc21,SMILES,1,88
4644,Cc1cccc(COc2cccc(/C=C3\C(=O)NN(c4ccccc4)C3=O)c2)c1,SMILES,1,88
4645,O=C1NCC(c2ccccc2)C2(CCN(C(=O)c3cc(C(F)(F)F)cc(C(F)(F)F)c3)CC2)O1,SMILES,1,88
4646,CCn1cc(C(=O)[O-])c(=O)c2ccc(C)nc21,SMILES,1,88
4647,NCCc1nc(-c2ccccc2)cs1,SMILES,1,88
4648,Cc1ccc(NC2=NCCN2)c(Cl)c1,SMILES,1,88
4649,Cc1ccc(NC2=[NH+]CCN2)c(Cl)c1,SMILES,1,88
4651,CCC(C)n1ncn(-c2ccc(N3CCN(c4ccc(OC[C@H]5CO[C@](Cn6cncn6)(c6ccc(Cl)cc6Cl)O5)cc4)CC3)cc2)c1=O,SMILES,1,88
4652,COc1ccc(CC[NH2+]CCC[C@@](C#N)(c2ccc(OC)c(OC)c2)C(C)C)cc1OC,SMILES,1,88
4653,COc1ccc(CC[NH2+]CCCC(C#N)(c2ccc(OC)c(OC)c2)C(C)C)cc1OC,SMILES,1,88
4654,CC(=O)N1CCN(c2ccc(OCC3CO[C@@](Cn4ccnc4)(c4ccc(Cl)cc4Cl)O3)cc2)CC1,SMILES,1,88
4655,CC(=O)N1CCc2ccc(N(C(=O)/C=C/c3cccc(C#N)c3)N3CCN(CCC4CCCC4)CC3)cc21,SMILES,1,88
4656,NC(=O)C(c1ccccc1)(c1ccccc1)[C@H]1CC[N@H+](CCc2ccc3c(c2)CCO3)C1,SMILES,1,88
4657,NC(=O)C(c1ccccc1)(c1ccccc1)C1CC[NH+](CCc2ccc3c(c2)CCO3)C1,SMILES,1,88
4658,NC(=O)C(c1ccccc1)(c1ccccc1)C1CCN(CCc2ccc3c(c2)CCO3)C1,SMILES,1,88
4660,COc1ccc2c3c1O[C@@H]1C(O)CC[C@@]4(O)C(C2)NCC[C@]314,SMILES,1,88
4661,Cc1cn(C2CC(F)C(CO)O2)c(=O)[nH]c1=O,SMILES,1,88
4662,C[C@@H]1CCCN1CCCOc1ccc(N2CCN(C(=O)c3ccc(F)cc3F)CC2=O)cc1,SMILES,1,88
4663,O=S1(=O)N[C@H]2CCCN2c2ccccc21,SMILES,1,88
4664,COc1ccc2c3c1O[C@H]1[C@H](O)CC[C@@]4(O)C(C2)N(C)CC[C@]314,SMILES,1,88
4666,NC(=O)N1c2ccccc2CC(O)c2ccccc21,SMILES,1,88
4668,Cc1nc(N2CCc3ccccc3CC2)c([N+](=O)[O-])c(=O)[nH]1,SMILES,1,88
4669,Cc1cn([C@@H]2C[C@@H](F)[C@H](CO)O2)c(=O)[nH]c1=O,SMILES,1,88
4670,CC(=O)Nc1ccc(C(=O)Nc2ccccc2N)cc1,SMILES,1,88
4671,C/C(=C(\CCOC(=O)c1cc(=O)c2c(Cl)cc(Cl)cc2[nH]1)SSC(C)C)N(C=O)Cc1cnc(C)nc1N,SMILES,1,88
4672,Oc1cccc(-c2ccc3cc(O)ccc3c2Oc2ccc(OCCN3CCCCC3)cc2)c1,SMILES,1,88
4673,CC(C)CN(CC(O)C(Cc1ccccc1)NC(=O)OC1CCOC1)S(=O)(=O)c1ccc(N)cc1,SMILES,1,88
4674,CC(C)CN(C[C@@H](O)[C@@H](Cc1ccccc1)NC(=O)O[C@@H]1CCOC1)S(=O)(=O)c1ccc(N)cc1,SMILES,1,88
4675,CC(C)CN(C[C@@H](O)[C@H](Cc1ccccc1)NC(=O)O[C@@H]1CCOC1)S(=O)(=O)c1ccc(N)cc1,SMILES,1,88
4676,CC(C)CN(C[C@@H](O)[C@H](Cc1ccccc1)NC(=O)O[C@H]1CCOC1)S(=O)(=O)c1ccc(N)cc1,SMILES,1,88
4679,CC(=O)Nc1ccc(OC[C@@H](O)CNC(C)C)cc1,SMILES,1,88
4680,CC(=O)OC1C(=O)[C@@]2(C)[C@H](C(OC(=O)c3ccccc3)[C@]3(O)C[C@H](OC(=O)[C@H](O)C(NC(=O)c4ccccc4)c4ccccc4)C(C)=C1C3(C)C)C1(OC(C)=O)CO[C@@H]1C[C@@H]2O,SMILES,1,88
4681,CC1=CN2C(CC(=O)N(C)C)=C(c3ccc(C)cc3)NC2C=C1,SMILES,1,88
4683,Cc1ccc(C(=O)NC2CC2)cc1-c1ccc(C(=O)NCC2CC2)cc1,SMILES,1,88
4684,CN(C)c1ccc(O)c2c1C[C@H]1C[C@H]3[C@@H](N(C)C)C(=O)C(C(N)=O)=C(O)[C@@]3(O)C(=O)C1=C2O,SMILES,1,88
4685,CN(C)c1ccc(O)c2c1C[C@H]1C[C@H]3[C@H](N(C)C)C(=O)C(C(N)=O)=C(O)[C@@]3(O)C(=O)C1=C2O,SMILES,1,88
4686,COc1cc(/C=C/C(=O)NCCn2c(C)cc3ccccc32)cc(OC)c1OC,SMILES,1,88
4687,COc1ccc(S(=O)(=O)Nc2cc(Br)cc(F)c2Br)cc1N1CCNCC1,SMILES,1,88
4689,CCCCc1c(O)n(-c2ccccc2)n(-c2ccccc2)c1=O,SMILES,1,88
4690,O=c1[nH]c2ccc(S(=O)CCN3CCC(Cc4ccc(F)cc4)CC3)cc2o1,SMILES,1,88
4691,CN1CCC[C@H]1Cc1c[nH]c2ccc(CCS(=O)(=O)c3ccccc3)cc12,SMILES,1,88
4692,CN(C(=O)C(c1ccccc1)c1ccccc1)C(CN1CCC(O)C1)c1ccccc1,SMILES,1,88
4693,O=C(CF)NCCCCCC(=O)Nc1ccccc1,SMILES,1,88
4694,C[C@]12C[C@@H](O)[C@H]3[C@@H](CCC4=CC(=O)CC[C@@]43C)[C@@H]1CC[C@@H]2C(=O)CO,SMILES,1,88
4695,COc1cc2ncnc(Nc3ccc(F)c(Cl)c3)c2cc1OCCCN1CCOCC1,SMILES,1,88
4696,NC(Cc1ccc(N(CCCl)CCCl)cc1)C(=O)O,SMILES,1,88
4697,CC(O)Oc1ccccc1C(O)O,SMILES,1,88
4698,CC(=O)Oc1ccccc1C(=O)[O-],SMILES,1,88
4699,C=C[C@@H]1CN2CC[C@@H]1C[C@@H]2[C@H](O)c1ccnc2ccc(OC)cc12,SMILES,1,88
4700,CC1=C(/C=C/C(C)=C\C=C\C(C)=C/C(=O)[O-])C(C)(C)CCC1,SMILES,1,88
4701,CC1=C(/C=C/C(C)=C/C=C/C(C)=C\C(=O)[O-])C(C)(C)CCC1,SMILES,1,88
4702,CC(C=CC1=C(C)CCCC1(C)C)=CC=CC(C)=CC(=O)O,SMILES,1,88
4703,CC1=C(/C=C/C(C)=C/C=C/C(C)=C\C(=O)O)C(C)(C)CCC1,SMILES,1,88
4704,CN(C)CCCN1c2ccccc2[S+]([O-])c2ccccc21,SMILES,1,88
4705,C[NH+](C)CCCN1c2ccccc2S(=O)c2ccccc21,SMILES,1,88
4706,CCc1ccc(-n2cnc3c(sc4nccc(N(C)C)c43)c2=O)cc1,SMILES,1,88
4707,Cn1nnc2c(C(N)=O)ncn2c1=O,SMILES,1,88
4711,CC(=O)NCCCOc1cccc(C[NH+]2CCCCC2)c1,SMILES,1,88
4712,CC(O)NCCCOc1cccc(CN2CCCCC2)c1,SMILES,1,88
4713,CNS(=O)(=O)CCc1ccc2[nH]cc(C3CCN(C)CC3)c2c1,SMILES,1,88
4714,O=C(c1ccc(F)cc1)N1CCN(c2ccc(OCCCN3CCCCC3)cc2)C(=O)C1,SMILES,1,88
4715,O=C(NCCN1CCN(c2cccc3c2OCC(CO)O3)CC1)c1ccc(F)cc1,SMILES,1,88
4717,O=C([O-])CNC(=O)c1ccccc1O,SMILES,1,88
4719,CCN1CN(c2ccc(Br)cc2)C2(CCN(CCCC(=O)c3ccc(F)cc3)CC2)C1=O,SMILES,1,88
4720,CN1CCN(c2c(F)cc3c(=O)c(C(=O)O)cn(CCF)c3c2F)CC1,SMILES,1,88
4722,CCCN(CCC)CCc1cc(O)c2c(c1)CC(=O)N2,SMILES,1,88
4723,NC1(C(=O)O)CCCC1,SMILES,1,88
4725,COc1cc2c(cc1CNC1CCCNC1c1ccccc1)N(S(C)(=O)=O)C(C)C2,SMILES,1,88
4726,CC[S@@]1(O)C(=O)OCc2c1cc1n(c2=O)Cc2cc3cc(CN(C)C)c(O)cc3nc2-1,SMILES,1,88
4727,CNCC(C)c1nc(-c2cccs2)c(C)s1,SMILES,1,88
4728,COc1cc2c(cc1C[NH2+][C@@H]1CCC[NH2+][C@@H]1c1ccccc1)N(S(C)(=O)=O)[C@H](C)C2,SMILES,1,88
4731,C[N@H+]1CC[C@]23c4c5ccc(O)c4O[C@H]2[C@H](O)C=C[C@@H]3[C@H]1C5,SMILES,1,88
4732,C[NH+]1CCC23c4c5ccc(O)c4OC2C(O)C=CC3C1C5,SMILES,1,88
4733,CC(C)(C)[NH2+]CC(O)COc1cccc2c1CCC(=O)N2,SMILES,1,88
4734,CNS(=O)(=O)Cc1ccc2[nH]cc(CCN(C)C)c2c1,SMILES,1,88
4735,CC(C)(C)NCC(O)COc1cccc2c1CCC(=O)N2,SMILES,1,88
4736,CC1CN(Cc2ncccn2)CC1c1nc2c(cnn2C2CCOCC2)c(=O)[nH]1,SMILES,1,88
4737,CCCN(CCC)S(=O)(=O)c1ccc(C(=O)O)cc1,SMILES,1,88
4738,CN1CCCCC1CCN1c2ccccc2Sc2ccc([S+](C)[O-])cc21,SMILES,1,88
4739,Cc1nc(NC(=O)C2c3ccccc3Oc3ccccc32)no1,SMILES,1,88
4740,O=C(c1ccc(Cl)cc1)N1CCN(c2ccc(OC3CCN(C4CCC4)CC3)cc2)C(=O)C1,SMILES,1,88
4741,CN1CCCC[C@H]1CCN1c2ccccc2Sc2ccc([S@](C)=O)cc21,SMILES,1,88
4744,CC(C)(C)[N+](=O)C=C1C=CN([O-])C=C1,SMILES,1,88
4746,CC(C)(C)[N+]([O-])=Cc1cc[n+]([O-])cc1,SMILES,1,88
4747,CC(C)(C)/[N+]([O-])=C/c1cc[n+]([O-])cc1,SMILES,1,88
4748,COc1ccc(N(c2nc(C)c(C)s2)S(C)(=O)=O)cc1C[NH2+][C@@H]1CCC[NH2+][C@@H]1c1ccccc1,SMILES,1,88
4749,COc1ccc(N(c2nc(C)c(C)s2)S(C)(=O)=O)cc1C[NH2+]C1CCC[NH2+]C1c1ccccc1,SMILES,1,88
4750,COc1ccc(N(c2nc(C)c(C)s2)S(C)(=O)=O)cc1CNC1CCCNC1c1ccccc1,SMILES,1,88
4751,CN(C)S(=O)(=O)c1ccc(-c2ccc3cc(O)ccc3c2Oc2ccc(OCCN3CCCCC3)cc2)cc1,SMILES,1,88
4753,CN(C)CCC[C@@]1(c2ccc(F)cc2)OCc2cc(C#N)ccc21,SMILES,1,88
4755,C[NH2+]CCc1ccccn1,SMILES,1,88
4757,ClCCl,SMILES,1,88
4758,NC(=O)N1c2ccccc2C2CC2c2ccccc21,SMILES,1,88
4760,CC1c2ccccc2N(C(N)=O)c2ccccc2C1C,SMILES,1,88
4761,CC(=O)O[C@H]1Cc2ccccc2[C@@H](C(N)=O)c2ccccc21,SMILES,1,88
4762,NC(=O)[C@H]1c2ccccc2[C@H]2O[C@H]2c2ccccc21,SMILES,1,88
4764,Cc1nc2n(c(=O)c1CCN1CCC(c3coc4cc(F)ccc34)CC1)CCCC2,SMILES,1,88
4765,CC(O)Nc1ccc(O)cc1,SMILES,1,88
4766,CC12CCC3c4ccc(O)cc4CCC3C1CC(F)C2O,SMILES,1,88
4767,C[C@]12CC[C@H]3c4ccc(O)cc4CC[C@H]3[C@H]1C[C@H](F)[C@@H]2O,SMILES,1,88
4768,CC(C)c1nc(-c2ncn3c2CN(C)C(O)c2c(Cl)cccc2-3)no1,SMILES,1,88
4769,CC(=O)OC1C(=O)C2(C)C(O)CC3OCC3(OC(C)=O)C2C(OC(=O)c2ccccc2)C2(O)CC(OC(=O)C(O)C(NC(=O)c3ccccc3)c3ccccc3)C(C)=C1C2(C)C,SMILES,1,88
4771,CC1(C)SSC(C)(C)[C@@H](NC(=O)C(N)Cc2ccc(O)cc2)C(=O)NCC(=O)NC(Cc2ccccc2)C(=O)N[C@@H]1C(=O)O,SMILES,1,88
4773,N#Cc1cc(C2=Nc3ccc(-c4ccccc4F)cc3NC(=O)C2)ccn1,SMILES,1,88
4774,O=C(Nc1cc(Cl)ccc1O)Nc1cc(C(F)(F)F)ccc1Cl,SMILES,1,88
4775,C[C@]12CC[C@@H]3c4ccc(O)cc4CC[C@H]3[C@@H]1C[C@H](F)[C@@H]2O,SMILES,1,88
4777,CN1CC[C@]23c4c5ccc(O)c4O[C@H]2[C@@H](O)C=C[C@H]3[C@H]1C5,SMILES,1,88
4778,CC(C)c1nc(C2=NN3c4cccc(Cl)c4C(=O)N(C)CC23)no1,SMILES,1,88
4779,CN1c2nc[nH]c2C(O)N(C)C1O,SMILES,1,88
4781,CN1C(=O)C2N=CN=C2N(C)C1=O,SMILES,1,88
4782,CN1C(=O)C2NC=NC2N(C)C1=O,SMILES,1,88
4784,CCC[NH+](CCC)CCc1ccc(O)c2c1CC(=O)N2,SMILES,1,88
4785,C[NH+](C)Cc1ccnc(-c2cccc(Nc3[nH]ccc3[N+](=O)[O-])c2)c1,SMILES,1,88
4786,CC(C)[NH2+]C[C@H](O)c1ccc(NS(C)(=O)=O)cc1,SMILES,1,88
4787,Cc1cc(Br)cc(C)c1NC1=[NH+]CCN1,SMILES,1,88
4789,CC(=O)N1CCN(c2ccc(OC[C@H]3CO[C@](Cn4ccnc4)(c4ccc(Cl)cc4Cl)O3)cc2)CC1,SMILES,1,88
4790,Cc1cc(Br)cc(C)c1NC1=NCCN1,SMILES,1,88
4791,CN(C)Cc1ccnc(-c2cccc(NC3NC=CC3[N+](=O)[O-])c2)c1,SMILES,1,88
4792,C[NH+](C)Cc1ccc(-c2cccc(Nc3[nH]ccc3[N+](=O)[O-])c2)o1,SMILES,1,88
4795,CC1NC(=O)C2(CCCC2)NC1=O,SMILES,1,88
4796,Cc1nc(Nc2ccc(F)cc2)nc(N2CCc3ccccc3C2C)c1C,SMILES,1,88
4797,CN1CN(c2ccccc2)C2(CCN(CCCC(=O)c3csc(I)c3)CC2)C1=O,SMILES,1,88
4798,CN1CN(c2ccccc2)C2(CC[NH+](CCCC(=O)c3csc(I)c3)CC2)C1=O,SMILES,1,88
4799,CN(C)C(=O)C(CCCN1CCC(O)(c2ccc(Cl)cc2)CC1)(c1ccccc1)c1ccccc1,SMILES,1,88
4801,CN1Cc2c(C(=O)OC(C)(C)C)ncn2-c2ccsc2C1C=O,SMILES,1,88
4802,OC(NCCCOc1cccc(CN2CCCCC2)c1)c1ccccc1,SMILES,1,88
4803,CNC(=O)c1c(NCC2CCC3(CCC3)CC2)nc(C#N)nc1OC1CC(C)(C)NC(C)(C)C1,SMILES,1,88
4804,NC(=O)c1ccccc1,SMILES,1,88
4805,O=C(NCCCOc1cccc(C[NH+]2CCCCC2)c1)c1ccccc1,SMILES,1,88
4806,C=CCc1ccccc1OCC(O)CNC(C)C,SMILES,1,88
4807,C=CCc1ccccc1OC[C@H](O)C[NH2+]C(C)C,SMILES,1,88
4808,C=CCc1ccccc1OCC(O)C[NH2+]C(C)C,SMILES,1,88
4809,CC(C)(O)Cn1nc(-c2c(-c3ccccc3)nn3ccccc23)ccc1=O,SMILES,1,88
4811,COc1ccc2c3c1OC1C(O)C=CC4C(C2)[NH+](C)CCC341,SMILES,1,88
4813,COc1ccc2c3c1OC1C(O)C=CC4C(C2)N(C)CCC341,SMILES,1,88
4814,COc1ccc(N2CCCC2=O)cc1CNC1CCCNC1c1ccccc1,SMILES,1,88
4815,Nc1nc(NC2CC2)c2ncn([C@H]3C=C[C@H](CO)C3)c2n1,SMILES,1,88
4816,C=CCC1(CC=C)C(=O)NC(=O)NC1=O,SMILES,1,88
4817,COc1cc(N)c(Cl)cc1C(=O)NC1CCNCC1OC,SMILES,1,88
4818,CCCC(CCC)C(O)O,SMILES,1,88
4819,CCCN(CC1CC1)c1nc(C)nc2c1CCN2c1ccc(Cl)cc1Cl,SMILES,1,88
4820,COc1cc(N)c(Cl)cc1C(=O)N[C@@H]1CCNC[C@@H]1OC,SMILES,1,88
4824,C=CC1CN2CCC1CC2C(O)c1ccnc2ccc(OC)cc12,SMILES,1,88
4825,OCC(O)CO,SMILES,1,88
4827,CCCC(C)C1(CC)C(=O)NC(=S)NC1=O,SMILES,1,88
4828,Fc1cccc(F)c1NC1=[NH+]CCN1,SMILES,1,88
4829,Fc1cccc(F)c1N=C1NCCN1,SMILES,1,88
4830,Fc1cccc(F)c1NC1=NCCN1,SMILES,1,88
4831,SC(=NC1CCCCC1)N1CCC(c2cnc[nH]2)CC1,SMILES,1,88
4832,Cn1ncnc1COc1nn2c(-c3cc(F)ccc3F)nnc2cc1C(C)(C)C,SMILES,1,88
4833,Clc1ccc(C(Cn2ccnc2)OCc2ccsc2Cl)c(Cl)c1,SMILES,1,88
4834,O=C(Cc1ccc(OCc2ccccc2)cc1)Nc1ccc2cnn(CCN3CCCC3)c2c1,SMILES,1,88
4835,O=C(OCc1ccccc1)N1CCC(CNc2ccncn2)CC1,SMILES,1,88
4836,Fc1cccc(F)c1[NH+]=C1NCCN1,SMILES,1,88
4838,CC(C)Cc1ccc(C(C)C(=O)O)cc1,SMILES,1,88
4840,S/C(=N\C1CCCCC1)N1CCC(c2cnc[nH]2)CC1,SMILES,1,88
4842,C[N@@H+]1CCCC[C@H]1CCN1c2ccccc2Sc2ccc(S(C)=O)cc21,SMILES,1,88
4843,C[NH+]1CCCCC1CCN1c2ccccc2Sc2ccc(S(C)=O)cc21,SMILES,1,88
4847,C[C@]12C=CC(=O)C=C1CC[C@@H]1[C@@H]2C(O)C[C@@]2(C)[C@H]1CC[C@]2(O)C(=O)CO,SMILES,1,88
4848,NC(N)Nc1nc(-c2ccccc2)cs1,SMILES,1,88
4849,CC(C)Cc1ccc(C(C)C(O)O)cc1,SMILES,1,88
4851,CC(C)Cc1ccc([C@@H](C)C(=O)O)cc1,SMILES,1,88
4852,CCCC(C)(COC(N)=O)COC(=O)NC,SMILES,1,88
4853,C[C@]12C=CC(=O)C=C1CC[C@@H]1[C@@H]2[C@@H](O)C[C@@]2(C)[C@H]1CC[C@]2(O)C(=O)CO,SMILES,1,88
4855,COC(=O)C1C(=O)C=C(Nc2cccc(OC(F)(F)F)c2)CC1C,SMILES,1,88
4856,C[n+]1ccccc1/C=N/O,SMILES,1,88
4857,C=CCc1cccc(/C=N\NC(=O)CN2CCN(Cc3ccccc3)CC2)c1O,SMILES,1,88
4858,CC1CCN(CC[C@H]2CCCN2S(=O)(=O)c2cccc(O)c2)CC1,SMILES,1,88
4861,SC(NC1CCCCC1)N1CCC(c2c[nH]cn2)CC1,SMILES,1,88
4862,NC1=NCC2c3ccccc3Cc3ccccc3N12,SMILES,1,88
4863,CCn1cc(C(=O)O)c(=O)c2cc(F)c(N3CCN(C)CC3)cc21,SMILES,1,88
4864,Cn1nnc2ccc(C(c3ccc(Cl)cc3)n3cncn3)cc21,SMILES,1,88
4865,Cn1nnc2ccc([C@H](c3ccc(Cl)cc3)n3cncn3)cc21,SMILES,1,88
4867,COc1ccc(S(C)(=O)=O)cc1C[NH2+][C@@H]1CCC[NH2+][C@@H]1c1ccccc1,SMILES,1,88
4868,CCCC(=O)Nc1ccc(OCC(O)C[NH2+]C(C)C)c(C(C)=O)c1,SMILES,1,88
4869,COc1ccc(S(C)(=O)=O)cc1C[NH2+]C1CCC[NH2+]C1c1ccccc1,SMILES,1,88
4870,CCCO,SMILES,1,88
4871,COc1ccc(S(C)(=O)=O)cc1CNC1CCCNC1c1ccccc1,SMILES,1,88
4872,c1ccc(-c2nnc(N3CCN(c4ncccn4)CC3)cc2-c2ccncc2)cc1,SMILES,1,88
4873,C[C@@H]1C[C@H]2[C@@H]3CCC4=CC(=O)C=C[C@]4(C)[C@@]3(F)[C@@H](O)C[C@]2(C)[C@@]1(O)C(=O)CO,SMILES,1,88
4874,CCC=O,SMILES,1,88
4875,CCC1(CC)C(=O)NC(=O)NC1=O,SMILES,1,88
4877,CC(C)Nc1cccnc1N1CCNCC1,SMILES,1,88
4879,CC(=O)/C=C/c1cccs1,SMILES,1,88
4880,CCOC(=O)c1ncn2c1CN(CC[18F])C(=O)c1cc(F)ccc1-2,SMILES,1,88
4881,CC(C)[NH2+]C[C@H](O)COc1cccc2[nH]ccc12,SMILES,1,88
4883,C=CCn1c2c(c3cc(C(=O)N4CCC(C)CC4)ccc31)CN(CC1CC1)CC2,SMILES,1,88
4886,[Rn],SMILES,1,88
4887,CC(C)n1nnc(NC(=O)C2c3ccccc3Oc3ccccc32)n1,SMILES,1,88
4888,CN1C[C@H](CCn2c3c(c4ccccc42)C(=O)NCC3)CC1=O,SMILES,1,88
4889,CN(C)C1CCN(Cc2ccc(C(=O)Nc3cc(-c4ccccc4)ccc3N)cc2)CC1,SMILES,1,88
4891,CS(=O)(=O)c1ccc(C2=C(c3ccccc3)C(=O)OC2)cc1,SMILES,1,88
4892,OCc1ncc2n1-c1ccc(Cl)cc1C(c1ccccc1)=NC2,SMILES,1,88
4893,CCC1(O)CC2CN(CCc3c([nH]c4ccccc34)C(C(=O)OC)(c3cc4c(cc3OC)N(C)C3C(O)(C(=O)OC)C(OC(C)=O)C5(CC)C=CCN6CCC43C65)C2)C1,SMILES,1,88
4894,CC(F)OC(=O)c1ncn2c1CN(C)C(=O)c1cc(F)ccc1-2,SMILES,1,88
4895,Cc1cc(-c2cc(N)n3nc(-c4ccccn4)nc3c2)ccn1,SMILES,1,88
4897,CN(C)Cc1ccc(-c2c[nH]c(=O)c3cccc(O)c23)cc1,SMILES,1,88
4898,Cc1nc(C)c(C)nc1C,SMILES,1,88
4900,CC(C)(C)OC(=O)c1ncn2c1[C@H]1CCCN1C(=O)c1c(Br)cccc1-2,SMILES,1,88
4901,CC(C)(C)OC(=O)c1ncn2c1C1CCCN1C(=O)c1c(Br)cccc1-2,SMILES,1,88
4902,CC(C)(C)OC(=O)c1ncn2c1C1CCCN1C(=O)c1cc(Br)ccc1-2,SMILES,1,88
4903,COC1/C=C\C=C(\C)C(=O)NC2=CC(=O)C(NCCN(C)C)=C(CC(C)CC(OC)C(O)C(C)/C=C(/C)C1OC(N)=O)C2=O,SMILES,1,88
4904,CO[C@H]1/C=C\C=C(/C)C(=O)NC2=CC(=O)C(NCCN(C)C)=C(C[C@H](C)C[C@@H](OC)[C@@H](O)[C@H](C)/C=C(\C)[C@@H]1OC(N)=O)C2=O,SMILES,1,88
4905,CCC(C)O,SMILES,1,88
4906,Cn1nc(CC(=O)NC2CC[N+]3(C)CCCC2C3)c2ccccc21,SMILES,1,88
4907,CCCC=O,SMILES,1,88
4908,COc1cc2c(cc1OC)[C@@H]1Cc3ccc(OC)c(OC)c3CN1CC2,SMILES,1,88
4910,CC[C@]1(O)C[C@@H]2CN(CCc3c([nH]c4ccccc34)[C@@](C(=O)OC)(c3cc4c(cc3OC)N(C)[C@H]3[C@@](O)(C(=O)OC)[C@H](OC(C)=O)[C@]5(CC)C=CCN6CC[C@]43[C@@H]65)C2)C1,SMILES,1,88
4911,COc1cc2c(cc1OC)[C@H]1Cc3ccc(OC)c(OC)c3CN1CC2,SMILES,1,88
4912,CC[C@H](C)C(=O)O[C@H]1C[C@@H](C)C=C2C=C[C@H](C)[C@H](CC[C@@H]3C[C@@H](O)CC(=O)O3)[C@H]21,SMILES,1,88
4914,CCC1(O)CC2C[NH+](CCc3c([nH]c4ccccc34)C(C(=O)OC)(c3cc4c(cc3OC)N(C)C3C(O)(C(=O)OC)C(OC(C)=O)C5(CC)C=CC[NH+]6CCC43C65)C2)C1,SMILES,1,88
4915,C[NH+](C)CCc1ccccn1,SMILES,1,88
4917,CN1[C@@H]2CC[C@H]1CC(OC(=O)C(CO)c1ccccc1)C2,SMILES,1,88
4918,Cn1cc(-c2ccncc2)c(-c2ccc(OCc3ccc4ccccc4n3)cc2)n1,SMILES,1,88
4919,CN1C(=O)C2C(N=CN2C)N(C)C1=O,SMILES,1,88
4920,C[NH+]1[C@@H]2CC[C@H]1CC(OC(=O)[C@H](CO)c1ccccc1)C2,SMILES,1,88
4923,CN1c2ncn(C)c2C(O)N(C)C1O,SMILES,1,88
4924,Cc1c(F)c(=O)n(-c2ccccc2)n1C,SMILES,1,88
4925,O=c1c(Br)ccc2n1C[C@@H]1C[NH2+]C[C@H]2C1,SMILES,1,88
4926,O=c1c(Br)ccc2n1CC1CNCC2C1,SMILES,1,88
4928,CCNCc1ccc(C(=O)Nc2cc(C)n(Cc3cc(Cl)ccc3OCC(C)C)n2)cc1,SMILES,1,88
4929,CNCc1ccc(C(=O)Nc2cc(-c3ccccc3)ccc2N)cc1,SMILES,1,88
4930,CO[C@@H]1CN(CC2Cc3ccc(C#N)cc3C2)CCC1n1c(C(C)(C)O)nc2cc(C)ccc21,SMILES,1,88
4931,Cc1cccc(C)c1Nc1ncc(-c2cccc(OCCN3CCCC3)c2)n2cncc12,SMILES,1,88
4932,CC1C=[N+](C2CC(N=[N+]=N)C(CO)O2)C(=O)NC1=O,SMILES,1,88
4933,Cc1c([18F])c(=O)n(-c2ccccc2)n1C,SMILES,1,88
4934,O=c1cccc2n1C[C@H]1CNC(Br)[C@@H]2C1,SMILES,1,88
4935,Cc1cnc(N=C(N)N)s1,SMILES,1,88
4936,Cc1nc(-c2csc(NC(=N)N)n2)c[nH]1,SMILES,1,88
4937,Cc1ncc(-c2csc(N=C(N)N)n2)[nH]1,SMILES,1,88
4938,Oc1ccc2c(c1)OCO2,SMILES,1,88
4940,O=c1[nH]c(CCCN2CCC(c3ccccc3)CC2)nc2c(Cl)cccc12,SMILES,1,88
4941,Cc1nc2n(c(=O)c1CC[NH+]1CCC(c3noc4cc(F)ccc34)CC1)CCCC2,SMILES,1,88
4944,O=C(OCc1ccccc1)N1CCC(CNc2ccccn2)CC1,SMILES,1,88
4945,O=[N+]([O-])c1nccn1CC(O)CF,SMILES,1,88
4946,CCOCC,SMILES,1,88
4947,O=[N+]([O-])c1nccn1CC(O)COCF,SMILES,1,88
4948,c1ccc2c(c1)CCC(CNCCCNC1=NCCCN1)O2,SMILES,1,88
4949,CC(C)(C)c1cnc(CSc2cnc(NC(=O)C3CCNCC3)s2)o1,SMILES,1,88
4953,CCNc1cccnc1N1CCN(C(=O)c2cc3cc(OC)ccc3[nH]2)CC1,SMILES,1,88
4954,O=[N+](O)c1nccn1CC(O)CF,SMILES,1,88
4955,CCCN1CN(c2ccc(Br)cc2)C2(CC[NH+](CCCC(=O)c3ccc(F)cc3)CC2)C1=O,SMILES,1,88
4958,C[NH+]1CCC23CCCCC2C1Cc1ccc(O)cc13,SMILES,1,88
4960,CN1CCC23CCCCC2C1Cc1ccc(O)cc13,SMILES,1,88
4961,COC(=O)[C@@H]1C(=O)C=C(Nc2ccc(Cl)cc2)C[C@@H]1C,SMILES,1,88
4963,CCCC(N)c1ccccc1-c1noc2ccccc12,SMILES,1,88
4964,Cc1ccnc2c1NC(O)c1cccnc1N2C1CC1,SMILES,1,88
4965,C=C1C(N(C)C)=C(O)N(c2ccccc2)N1C,SMILES,1,88
4966,CC(C)(C)/[N+]([O-])=C/c1ccccc1,SMILES,1,88
4967,CC(C)CC(N)C(=O)O,SMILES,1,88
4968,N#Cc1c(COc2ccccn2)nc(N)nc1-c1ccco1,SMILES,1,88
4969,NC(=Nc1ccccc1)Nc1ccccc1,SMILES,1,88
4970,OCCN(CCO)c1nc(N2CCCCC2)c2nc(N(CCO)CCO)nc(N3CCCCC3)c2n1,SMILES,1,88
4972,N#Cc1c(N2CCc3ccccc3CC2)ncn(CCO)c1=O,SMILES,1,88
4974,O=C(CC1=NC2NN(c3ccccc3)C(=O)C2=C1CC(=O)c1cccc2ccccc12)c1cccc2ccccc12,SMILES,1,88
4975,CCC[NH+](CCC)CCc1cccc2c1CC(=O)N2,SMILES,1,88
4976,N#[N+][O-],SMILES,1,88
4977,N#N,SMILES,1,88
4978,C1CC1,SMILES,1,88
4979,[Ar],SMILES,1,88
4981,CCCCNC(=S)Nc1ccccc1,SMILES,1,88
4982,N#[N+]O,SMILES,1,88
4983,NN,SMILES,1,88
4984,CCC1(CCC(C)C)C(=O)NC(=O)NC1=O,SMILES,1,88
4986,ClC=CCl,SMILES,1,88
4987,CC(C)CCO,SMILES,1,88
4989,CCC1(CCC(C)C)CNC(=O)NC1=O,SMILES,1,88
4990,Cc1nnc2n1-c1ccc(Cl)cc1C(c1ccccc1)NC2,SMILES,1,88
4992,CC(C)(C)/[N+]([O-])=C\c1ccccc1,SMILES,1,88
4993,N[C@@H](Cc1ccc(B(O)O)cc1)C(=O)O,SMILES,1,88
4994,CC[NH+](CC)CCOC(=O)c1ccc(N)cc1,SMILES,1,88
4995,CCCC(C)C1(CC)C(=O)NC(=O)NC1=O,SMILES,1,88
4997,CN1CCC(n2nc(-c3c(-c4ccccc4)nn4ccccc34)ccc2=O)CC1,SMILES,1,88
4999,CN1C(=O)NC2=NCN(C)C2C1=O,SMILES,1,88
5000,[Xe],SMILES,1,88
5001,O=C(CCC[NH+]1CCC2(CC1)C(=O)NCN2c1ccc(Br)cc1)c1ccc(F)cc1,SMILES,1,88
5002,CCCN(CCC)c1cc(C)nc2c(-c3cnc(N(C)C)cc3C)c(C)nn12,SMILES,1,88
5003,CC[C@@]1(O)C[C@@H]2C[N@@](CCc3c([nH]c4ccccc34)[C@](C(=O)OC)(c3cc4c(cc3OC)N(C)C3[C@]45CCN4CC=C[C@](CC)(C45)[C@@H](OC(C)=O)[C@]3(O)C(=O)OC)C2)C1,SMILES,1,88
5004,CNC(O)Oc1ccc2c(c1)C1(C)CCN(C)C1N2C,SMILES,1,88
5005,CNC(=O)Oc1ccc2c(c1)C1(C)CCN(C)C1N2C,SMILES,1,88
5006,CNC(=O)Oc1ccc2c(c1)[C@]1(C)CC[N@H+](C)[C@H]1N2C,SMILES,1,88
5007,O=C([O-])c1cc(O)ccc1O,SMILES,1,88
5008,CN(CC=CC#CC(C)(C)C)Cc1cccc2ccccc12,SMILES,1,88
5009,CCOc1cc(OCCCCOc2ccc(C(=O)CC(C)C)c(O)c2)ccc1CCC(=O)O,SMILES,1,88
5010,CNC(=O)Oc1ccc2c(c1)[C@@]1(C)CCN(C)[C@@H]1N2C,SMILES,1,88
5011,FCC(Cl)(Cl)Cl,SMILES,1,88
5012,CNC(=O)c1c(NCC2CCC3(CCC3)CC2)nc(C#N)nc1OCC1CCN(C(C)C)CC1,SMILES,1,88
5014,C[NH+](C/C=C/C#CC(C)(C)C)Cc1cccc2ccccc12,SMILES,1,88
5015,CCN(CC)CCCC(=O)c1cc(Cl)c(N)cc1OC,SMILES,1,88
5017,O=C(O)c1ccccc1C(=O)OC1CCc2ccccc2C1,SMILES,1,88
5018,COc1ccc2cc([C@H](C)C(=O)O)ccc2c1,SMILES,1,88
5019,C=CC1CC2CCC1CC2C(O)c1ccnc2ccc(OC)cc12,SMILES,1,88
5020,CNC(=O)Oc1ccc2c(c1)[C@]1(C)CCN(C)C1N2C,SMILES,1,88
5021,CN1CC(C)(C2=CCCCC2)C(=O)NC1=O,SMILES,1,88
5022,O=C(O)c1cc(O)ccc1[O-],SMILES,1,88
5023,COc1ccc(-n2nc(C)cc2C)cc1C[NH2+][C@@H]1CCC[NH2+][C@@H]1c1ccccc1,SMILES,1,88
5024,COc1ccc(-n2nc(C)cc2C)cc1C[NH2+]C1CCC[NH2+]C1c1ccccc1,SMILES,1,88
5026,COc1ccc(-n2nc(C)cc2C)cc1CNC1CCCNC1c1ccccc1,SMILES,1,88
5028,CN1C2=C3N=c4ccccc4=C3CCN2C(=O)c2ccccc21,SMILES,1,88
5029,C[n+]1c2n(c(=O)c3ccccc31)CCC1c3ccccc3NC21,SMILES,1,88
5030,Clc1cccc(Cl)c1N[C@@H]1N=CCN1,SMILES,1,88
5031,Cc1ccc2c(OCCN3CCC(Cc4ccc5c(c4)N(C)C(=O)CO5)CC3)cccc2n1,SMILES,1,88
5032,CCCC(C)C1(CC)C(O)NC(O)NC1O,SMILES,1,88
5034,F/C=C/O/C=C/F,SMILES,1,88
5035,O=c1cc(NC2CCN(C/C=C/c3ccccc3)CC2)c2cc(Cl)ccc2o1,SMILES,1,88
5036,CCOCC(F)(F)F,SMILES,1,88
5038,O=C(OCc1ccccc1)N1CCC(CNc2ccncc2)CC1,SMILES,1,88
5040,c1cc(C[NH+]2CCCCC2)cc(OCCCNc2nc3ccccc3s2)c1,SMILES,1,88
5041,FC(F)OC(F)(F)C(F)Cl,SMILES,1,88
5042,CCN(CC)CCNC(=O)c1ccc(N)c(Cl)c1,SMILES,1,88
5043,FC(F)(F)C(Cl)Br,SMILES,1,88
5045,OC[C@H]1OC(OC2=C(c3ccc(O)c(O)c3)OC3C=C(O)C=C(O)C3=C2)[C@H](O)[C@@H](O)[C@@H]1O,SMILES,1,88
5046,Clc1cccc(Cl)c1NC1=[NH+]CCN1,SMILES,1,88
5047,ClC(Cl)Cl,SMILES,1,88
5048,O=C1CCCN1CCCC[NH+]1CCN(c2cc(C(F)(F)F)cc[nH+]2)CC1,SMILES,1,88
5049,Clc1ccc(NC2=[NH+]CCN2)c(Cl)c1,SMILES,1,88
5051,OC1CCCN1CCCCN1CCN(c2cc(C(F)(F)F)ccn2)CC1,SMILES,1,88
5053,N#Cc1cccc(-c2ccc3cc(O)ccc3c2Oc2ccc(OCCN3CCCCC3)cc2)c1,SMILES,1,88
5054,Cc1cc(-c2ccccc2)nnc1N1CCN(c2ncccn2)CC1,SMILES,1,88
5055,CCOc1ccc(-c2nn3ncccc3c2-c2ccc(S(C)(=O)=O)cc2)cc1,SMILES,1,88
5057,O=C1c2ccccc2S(=O)(=O)N1CCCCN[C@H]1CCc2ccccc2O1,SMILES,1,88
5058,C[N@@H+]1CCCC[C@@H]1CCN1c2ccccc2Sc2ccc(S(C)(=O)=O)cc21,SMILES,1,88
5059,FC(F)OC(Cl)C(F)(F)F,SMILES,1,88
5060,CC(=O)O[C@H]1C(=O)[C@]2(C)[C@H]([C@@H](OC(=O)c3ccccc3)[C@]3(O)C[C@H](OC(=O)[C@@H](O)[C@H](NC(=O)c4ccc(F)cc4)c4ccccc4)C(C)=C1C3(C)C)[C@]1(OC(C)=O)CO[C@@H]1C[C@@H]2O,SMILES,1,88
5061,CC(=O)O[C@H]1C(=O)[C@@]2(C)[C@H]([C@H](OC(=O)c3ccccc3)[C@]3(O)C[C@H](OC(=O)[C@H](O)[C@@H](NC(=O)c4ccc(F)cc4)c4ccccc4)C(C)=C1C3(C)C)[C@]1(OC(C)=O)CO[C@@H]1C[C@@H]2O,SMILES,1,88
5062,[Ne],SMILES,1,88
5063,CN(C)Cc1ccccc1Sc1ccc(F)cc1N,SMILES,1,88
5064,COc1ccc2c3c1OC1CC(O)C=C(CN(C)C2)C31,SMILES,1,88
5065,COCCn1c(C)nc(N2CCC(c3ccc(F)cc3)CC2)c([N+](=O)[O-])c1=O,SMILES,1,88
5066,Clc1ccc(Nc2nnc(Cc3ccncc3)c3ccccc23)cc1,SMILES,1,88
5067,CN(C)Cc1ccccc1Sc1cc(F)c(Cl)cc1N,SMILES,1,88
5068,FC(F)OC(F)(F)[C@H](F)Cl,SMILES,1,88
5069,c1cc(C[NH+]2CCCCC2)cc(OCCCNc2nc3ccccc3o2)c1,SMILES,1,88
5070,CN1C2CC(OC(=O)C(CO)c3ccccc3)CC1C1OC12,SMILES,1,88
5071,C[NH+]1C2CC(OC(=O)C(CO)c3ccccc3)CC1C1OC12,SMILES,1,88
5072,CN1C2CC(OC(=O)[C@@H](CO)c3ccccc3)CC1C1OC12,SMILES,1,88
5073,CN1[C@H]2CC(OC(=O)C(CO)c3ccccc3)C[C@H]1[C@H]1O[C@H]12,SMILES,1,88
5075,CN1CCCC1c1cccnc1,SMILES,1,88
5076,COc1ccc(-n2nnnc2C(F)(F)F)cc1CNC1CCCNC1c1ccccc1,SMILES,1,88
5078,[NH3+]CCc1cn2ccccc2n1,SMILES,1,88
5079,CCCN(CCC)CCc1ccc2c(c1)CC(=O)N2,SMILES,1,88
5080,NCCc1cn2ccccc2n1,SMILES,1,88
5081,CCCN(CCC)CCc1cccc2c1CC(O)N2,SMILES,1,88
5082,CCCN1CCC[C@@H]2Cc3nc(N)ncc3C[C@H]21,SMILES,1,88
5084,CCCN1CCOC2c3cc(O)ccc3CCC21,SMILES,1,88
5085,FC(Br)C(F)(F)F,SMILES,1,88
5086,F[C@H](Br)C(F)(F)F,SMILES,1,88
5087,CCOC(=O)Cc1cc2c(c(N)n1)N=C(c1ccccc1)C(C)N2,SMILES,1,88
5088,Cc1cccc(OC[C@@H](O)C[NH2+]C(C)C)c1,SMILES,1,88
5089,Cc1cccc(OCC(O)C[NH2+]C(C)C)c1,SMILES,1,88
5090,CC1=C(CC2CCc3c(c4ccccc4n3C)C2=O)CC=N1,SMILES,1,88
5091,CC(C)=CCN1Cc2cc(Cl)cc3[nH]c(=S)n(c23)CC1C,SMILES,1,88
5092,Cc1cccc(OCC(O)CNC(C)C)c1,SMILES,1,88
5094,OCCOCC[NH+]1CC[NH+]([C@H](c2ccccc2)c2ccc(Cl)cc2)CC1,SMILES,1,88
5095,OCCOCC[NH+]1CC[NH+](C(c2ccccc2)c2ccc(Cl)cc2)CC1,SMILES,1,88
5096,CSc1ccc2c(c1)N(CC[C@@H]1CCCC[N@@H+]1C)c1ccccc1S2,SMILES,1,88
5097,CCCN1CC(CSC)CC2c3cccc4[nH]cc(c34)CC21,SMILES,1,88
5098,CCC(NC(O)c1c(C)c(-c2ccccc2)nc2ccccc12)c1ccccc1,SMILES,1,88
5099,CCCN1C[C@H](CSC)CC2c3cccc4[nH]cc(c34)CC21,SMILES,1,88
5101,COc1ccc(C2Sc3ccccc3N(CCN(C)C)C(=O)C2OC(C)=O)cc1,SMILES,1,88
5102,Cc1cc(NC(=O)c2ccc(CN3CCCC3)cc2)nn1Cc1cc(Cl)ccc1OCC(C)C,SMILES,1,88
5104,Cc1nc2sccn2c(=O)c1CCN1CCC(=C(c2ccc(F)cc2)c2ccc(F)cc2)CC1,SMILES,1,88
5106,CC(C)(C)c1nc(N2CC[NH+](CCCSc3nccc(=O)[nH]3)CC2)cc(C(F)(F)F)n1,SMILES,1,88
5107,CCC[N@H+]1C[C@H](CSC)C[C@H]2c3cccc4[nH]cc(c34)C[C@H]21,SMILES,1,88
5108,CC[C@@H](NC(=O)c1c(C)c(-c2ccccc2)nc2ccccc12)c1ccccc1,SMILES,1,88
5109,CCCCN1CC2Cc3cc(OC)c(OC)cc3C2C1,SMILES,1,88
5110,COc1ccc2c3c1O[C@@H]1C[C@@H](O)C=C[C@]31CC[N@@H+](C)C2,SMILES,1,88
5111,c1cncc([C@H]2CCC[NH2+]2)c1,SMILES,1,88
5112,Cc1nc2cc(C[NH2+][C@@H]3CCC[NH2+][C@@H]3c3ccccc3)c(OC(C)C)cc2s1,SMILES,1,88
5113,c1cncc(C2CCC[NH2+]2)c1,SMILES,1,88
5114,Cc1nc2cc(C[NH2+]C3CCC[NH2+]C3c3ccccc3)c(OC(C)C)cc2s1,SMILES,1,88
5116,Cc1nc2cc(CNC3CCCNC3c3ccccc3)c(OC(C)C)cc2s1,SMILES,1,88
5117,c1cncc(C2CCCN2)c1,SMILES,1,88
5118,Cc1cnn(C2CCN(c3nc4ccccc4n3Cc3ccc(F)cc3)CC2)c1,SMILES,1,88
5119,OC1CNCc2ccccc21,SMILES,1,88
5120,Brc1cccc(Br)c1NC1=NCCN1,SMILES,1,88
5121,CCc1cc2cc(C(=O)C3CCC(OC)CC3)ccc2nc1C,SMILES,1,88
5122,Brc1cccc(Br)c1NC1=[NH+]CCN1,SMILES,1,88
5123,CC[NH+](CC)CC(=O)Nc1c(C)cccc1C,SMILES,1,88
5124,Cc1ccccc1-c1ccc(N)cc1N(C)C(=O)C(C)(C)c1cc(C(F)(F)F)cc(C(F)(F)F)c1,SMILES,1,88
5126,C[NH+]1CCCC1c1cccnc1,SMILES,1,88
5127,FC(F)(F)CC(Cl)Br,SMILES,1,88
5128,FC(F)(F)CCC(Cl)Br,SMILES,1,88
5130,Cc1ncc2n1-c1ccc(Cl)cc1C(c1ccccc1F)NC2,SMILES,1,88
5132,O=c1[nH]c(C2=CC(N3CCC(c4ccccc4)CC3)CC2)nc2c(Cl)cccc12,SMILES,1,88
5134,COc1ccc(-c2nccs2)cc1CNC1CCCNC1c1ccccc1,SMILES,1,88
5135,COc1ccccc1C[NH2+][C@@H]1C2CC[NH+](CC2)[C@@H]1C(c1ccccc1)c1ccccc1,SMILES,1,88
5136,COc1ccccc1C[NH2+]C1C2CC[NH+](CC2)C1C(c1ccccc1)c1ccccc1,SMILES,1,88
5137,COc1ccccc1CNC1C2CCN(CC2)C1C(c1ccccc1)c1ccccc1,SMILES,1,88
5138,CNC(=O)c1c(NCC2CCC3(CCC3)CC2)nc(C#N)nc1OCC1CCN(C)CC1,SMILES,1,88
5139,CC(C)(C)NCC(O)COc1ccccc1C#N,SMILES,1,88
5140,CC(C)(C)[NH2+]C[C@H](O)COc1ccccc1C#N,SMILES,1,88
5141,Clc1ccc(Cl)c(NC2=[NH+]CCN2)c1,SMILES,1,88
5142,CC(C)(C)[NH2+]CC(O)COc1ccccc1C#N,SMILES,1,88
5143,O=c1ccc(-c2c(-c3ccccc3)nn3ccccc23)nn1CC[NH+]1CCCCC1,SMILES,1,88
5144,O=c1ccc(-c2c(-c3ccccc3)nn3ccccc23)nn1CCN1CCCCC1,SMILES,1,88
5146,Clc1ccc(Cl)c(NC2=NCCN2)c1,SMILES,1,88
5147,CN(C)c1ccc(O)c(CNc2cccc3ccc(CO)nc23)c1,SMILES,1,88
5148,Clc1ccc(Cl)c([NH+]=C2NCCN2)c1,SMILES,1,88
5150,CC(C)[NH2+]CC(O)COc1ccc(CCOCC2CC2)cc1,SMILES,1,88
5151,Clc1ccc2c(c1)C1C[NH2+]CC1c1ccccc1O2,SMILES,1,88
5153,Fc1ccc(Cn2c([C@@H]3CCCNC3)nc3ccccc32)cc1,SMILES,1,88
5154,COc1cc2c(c(CNC3CCCNC3c3ccccc3)c1)OCC2,SMILES,1,88
5156,COc1cc2c(c(CN[C@H]3CCCN[C@@H]3c3ccccc3)c1)OCC2,SMILES,1,88
5157,Cc1cccc2c1Oc1ccccc1C1(O)CNCC21,SMILES,1,88
5158,Clc1ccc2c(c1)C1CCNCC1c1ccccc1O2,SMILES,1,88
5159,Clc1ccc2c(c1)[C@H]1CNC[C]1c1ccccc1O2,SMILES,1,88
5160,C#CC1(O)CCC2C3C(C)CC4=C(CCC(=O)C4)C3CCC21C,SMILES,1,88
5161,C#CC1(O)CCC2C3C(C)CC4=C(CCC(=O)C4)C3CCC21,SMILES,1,88
5162,CC[C@H](C)[C@H]1O[C@@]2(CC[C@H]1C)C[C@@H]1C[C@@H](CC=C(C)[C@@H](O[C@H]3C[C@H](OC)[C@@H](O[C@H]4C[C@H](OC)[C@H](O)[C@H](C)O4)[C@H](C)O3)[C@H](C)C=CC=C3COC4[C@H](O)C(C)=C[C@@H](C(=O)O1)[C@]34O)O2,SMILES,1,88
5164,CC(C)Oc1ccc(OC(F)(F)F)cc1C[NH2+][C@@H]1CCC[NH2+][C@@H]1c1ccccc1,SMILES,1,88
5165,Clc1cc(Br)cc(Cl)c1NC1=[NH+]CCN1,SMILES,1,88
5167,Clc1cc(Br)cc(Cl)c1N=C1NCCN1,SMILES,1,88
5168,C[C@@H]1CN(c2c(F)c(N)c3c(=O)c(C(=O)O)cn(C4CC4)c3c2F)C[C@H](C)N1,SMILES,1,88
5169,Clc1cc(Br)cc(Cl)c1NC1=NCCN1,SMILES,1,88
5170,CCN(CCC#N)c1ccccc1,SMILES,1,88
5171,N#CCCNCCc1ccccc1,SMILES,1,88
5172,COc1ccc(C=C2CCCN=C2c2cccnc2)c(OC)c1,SMILES,1,88
5173,CC(C)(C)c1ccccc1,SMILES,1,88
5174,CN1CCC[C@@H](c2nc3ccccc3n2Cc2ccc(F)cc2)C1,SMILES,1,88
5175,CN(C)c1ccnc2sc3c(=O)n(N4CCCCCC4)cnc3c12,SMILES,1,88
5176,CN(C)c1ccnc2sc3c(=O)n(C4CCCCCC4)cnc3c12,SMILES,1,88
5177,c1cc(C[NH+]2CCCCC2)cc(OCCCNc2nccs2)c1,SMILES,1,88
5178,O=C(Nc1ccc(Cl)nc1)c1ccc(F)c(F)c1,SMILES,1,88
5179,CCCCCCC,SMILES,1,88
5180,CCC(=O)OC(Cc1ccccc1)(c1ccccc1)[C@H](C)CN(C)C,SMILES,1,88
5181,COc1ccc(C(C)(C)C)cc1CNC1C2CCN(CC2)C1C(c1ccccc1)c1ccccc1,SMILES,1,88
5182,CN1CN(c2ccccc2)C2(CC[NH+](CCCC(=O)c3ccc(F)cc3)CC2)C1=O,SMILES,1,88
5183,COc1ccc(C(C)(C)C)cc1C[NH2+][C@@H]1C2CC[NH+](CC2)[C@@H]1C(c1ccccc1)c1ccccc1,SMILES,1,88
5184,COc1ccc(C(C)(C)C)cc1C[NH2+]C1C2CC[NH+](CC2)C1C(c1ccccc1)c1ccccc1,SMILES,1,88
5185,Clc1cc(Cl)c(NC2=[NH+]CCN2)c(Cl)c1,SMILES,1,88
5186,Clc1cc(Cl)c(N=C2NCCN2)c(Cl)c1,SMILES,1,88
5187,Clc1cc(Cl)c(NC2=NCCN2)c(Cl)c1,SMILES,1,88
5190,COc1cc2sc(C)nc2cc1C[NH2+][C@@H]1CCC[NH2+][C@@H]1c1ccccc1,SMILES,1,88
5192,COc1cc2sc(C)nc2cc1C[NH2+]C1CCC[NH2+]C1c1ccccc1,SMILES,1,88
5193,CCC(C)N(C)C(=O)c1cc2ccccc2c(-c2ccccc2Cl)n1,SMILES,1,88
5194,COc1ccc(C(C)C)cc1CNC1C2CCN(CC2)C1C(c1ccccc1)c1ccccc1,SMILES,1,88
5196,CCN(CC)Cc1ccc2c(c1)CCC(N1CCN(CCc3ccc(F)cc3)CC1=O)C2,SMILES,1,88
5197,c1ccc2c(c1)[nH]c1cnccc12,SMILES,1,88
5198,O=C(NCCCCN1CCC(Oc2cccc(C(F)(F)F)c2)CC1)c1ccnc2ccccc12,SMILES,1,88
5199,O=S(=O)(c1cccc(Cl)c1)n1ccc2c(N3CCNCC3)c(Cl)ccc21,SMILES,1,88
5200,COc1ccc(CN(CCN(C)C)c2ccccn2)cc1,SMILES,1,88
5201,COc1cc2oc(C)nc2cc1CNC1CCCNC1c1ccccc1,SMILES,1,88
5202,COc1cc2oc(C)nc2cc1C[NH2+][C@@H]1CCC[NH2+][C@@H]1c1ccccc1,SMILES,1,88
5203,COc1cc2oc(C)nc2cc1C[NH2+]C1CCC[NH2+]C1c1ccccc1,SMILES,1,88
5204,COc1ccc(CN(CC[NH+](C)C)c2cccc[nH+]2)cc1,SMILES,1,88
5205,O=C1CN=C(c2ccccc2)c2c(Cl)cccc2N1,SMILES,1,88
5206,CC(C)=CCN1CC[C@@]2(C)c3cc(O)ccc3CC1C2C,SMILES,1,88
5208,Cc1cccc2c1Oc1ccccc1C1(O)CC[NH2+]CC21,SMILES,1,88
5209,c1ccc(C2([NH+]3CCCCC3)CCCCC2)cc1,SMILES,1,88
5210,C/C=C/C[C@@H](C)[C@@H](O)[C@H]1C(=O)N[C@@H](CC)C(=O)N(C)CC(=O)N(C)[C@@H](CC(C)C)C(=O)N[C@@H](C(C)C)C(=O)N(C)[C@@H](CC(C)C)C(=O)N[C@@H](C)C(=O)N[C@H](C)C(=O)N(C)[C@@H](CC(C)C)C(=O)N(C)[C@@H](CC(C)C)C(=O)N(C)[C@@H](C(C)C)C(=O)N1C,SMILES,1,88
5211,Fc1ccc([C@@H]2CCNCC2COc2ccc3c(c2)OCO3)cc1,SMILES,1,88
5212,C[NH2+]CCCN1c2ccccc2CCc2cc(O)ccc21,SMILES,1,88
5213,C[N@@H+]1CCN2c3[nH+]cccc3Cc3ccccc3[C@@H]2C1,SMILES,1,88
5214,C[NH+]1CCN2c3[nH+]cccc3Cc3ccccc3C2C1,SMILES,1,88
5215,C/C(=C(\CCOC(=O)C(N)Cc1ccc(OC(=O)C(C)(C)C)c(OC(=O)C(C)(C)C)c1)SSC(C)C)N(C)C=O,SMILES,1,88
5216,COc1ccc2c3c1O[C@H]1[C@@H](O)C=C[C@H]4[C@@H](C2)[N@@H+](C)CC[C@@]341,SMILES,1,88
5217,CC(C)=CC[NH+]1CCC2(C)c3cc(O)ccc3CC1C2C,SMILES,1,88
5218,CN(C)c1ccccc1Sc1ccc(CCF)cc1N,SMILES,1,88
5219,COc1ccc(C)c2c1O[C@H]1[C@@H](O)C=C[C@H]3CN(C)CC[C@@]231,SMILES,1,88
5220,COc1ccc2c3c1O[C@H]1[C@H](O)C=C[C@H]4[C@@H](C2)N(C)CC[C@@]341,SMILES,1,88
5221,COc1ccc2c3c1O[C@H]1[C@@H](O)C=C[C@H]4C(C2)N(C)CCC341,SMILES,1,88
5222,COc1ccc2c3c1O[C@H]1[C@@H](O)C=C[C@H]4[C@H]5C2[C@@H](CN5C)[C@@]341,SMILES,1,88
5223,CCC1(O)CC(OC2CC(N3CCOCC3)C(O)C(C)O2)c2c(O)c3c(c(O)c2C1O)C(=O)c1cccc(O)c1C3=O,SMILES,1,88
5224,CC[C@@]1(O)C[C@H](O[C@H]2C[C@H](N3CCOCC3)[C@H](O)[C@H](C)O2)c2c(O)c3c(c(O)c2[C@H]1O)C(=O)c1cccc(O)c1C3=O,SMILES,1,88
5225,CN1CCN(Cc2ccc(C(=O)Nc3cc(-c4ccccc4)ccc3N)cc2)CC1,SMILES,1,88
5226,N#Cc1ccc2c(c1)CCN(CCC1CCC(NC(=O)c3ccnc4ccccc34)CC1)C2,SMILES,1,88
5227,c1ccc2c(c1)CCNC2,SMILES,1,88
5228,COc1cccc(CN)c1O,SMILES,1,88
5229,OC(CNCC(O)C1CCc2cc(F)ccc2O1)C1CCc2cc(F)ccc2O1,SMILES,1,88
5230,Cc1nnc2n1C1CCC(Cl)CC1C(c1ccccc1Cl)=NC2,SMILES,1,88
5231,COC1=C2O[C@H]3C(=O)C=C[C@H]4[C@H]5CC(C=C1)C2[C@@]34CCN5C,SMILES,1,88
5232,Cc1ccn(CCCCN2CCN(c3cc(C(F)(F)F)nc(C(C)(C)C)n3)CC2)c(=O)c1,SMILES,1,88
5233,COc1ccc2[nH]nc(NC3CCN(Cc4ccc5c(c4)OCO5)CC3)c2c1,SMILES,1,88
5234,CCC(=O)N(c1ccccc1)C1CC[NH+](CCc2ccccc2)CC1,SMILES,1,88
5235,Brc1cc(Br)c(NC2=[NH+]CCN2)c(Br)c1,SMILES,1,88
5237,Brc1cc(Br)c(NC2=NCCN2)c(Br)c1,SMILES,1,88
5238,C[NH2+]CCCN1c2ccccc2Sc2ccccc21,SMILES,1,88
5240,CN(c1nc2ccccc2s1)C1CCN(C[C@H](O)COc2ccc(F)c(F)c2)CC1,SMILES,1,88
5241,CCC12CCN(CC3(O)CC3)C(Cc3ccc(O)cc31)C2(C)C,SMILES,1,88
5242,SCS,SMILES,1,88
5243,CC1NC(=NCC(F)F)Nc2cccc(Cl)c21,SMILES,1,88
5244,CCCCC1CCN(CCCN2C(=O)CCc3ccccc32)CC1,SMILES,1,88
5245,CN(C)Cc1ccc(C(=O)Nc2ccccc2N)cc1,SMILES,1,88
5246,Cc1nc(N2CCc3ccccc3CC2)c(C#N)c(=O)n1CC(F)(F)F,SMILES,1,88
5247,c1cnc(N2CCNCC2)nc1,SMILES,1,88
5248,COC(=O)C1C(OC(=O)c2ccccc2)CC2CCC1[NH+]2C,SMILES,1,88
5250,CC1=NC(O)C(=O)Nc2ccc(Cl)cc21,SMILES,1,88
5251,COc1cc2sc(C3CC3)nc2cc1C[NH2+][C@@H]1CCC[NH2+][C@@H]1c1ccccc1,SMILES,1,88
5253,O[C@@H](c1cc(C(F)(F)F)nc2c(C(F)(F)F)cccc12)[C@H]1CCCC[NH2+]1,SMILES,1,88
5254,COc1ccc(OC(F)(F)F)cc1C[NH2+][C@@H]1CCC[NH2+][C@@H]1c1ccccc1,SMILES,1,88
5255,COc1ccc(OC(F)(F)F)cc1C[NH2+]C1CCC[NH2+]C1c1ccccc1,SMILES,1,88
5256,COc1ccc(OC(F)(F)F)cc1CNC1CCCNC1c1ccccc1,SMILES,1,88
5257,Cc1ccc(O)c(Cn2c(NC3CCN(CCN)CC3)nc3c(C)cccc32)n1,SMILES,1,88
5258,CCCCC,SMILES,1,88
5260,C[NH+](C)CCO[C@@](C)(c1ccccc1)c1ccccn1,SMILES,1,88
5261,CC(C)(C)c1ccc([C@H](O)CCC[NH+]2CCC(C(O)(c3ccccc3)c3ccccc3)CC2)cc1,SMILES,1,88
5264,CCC(C)Nc1ccc(I)c(NC(C)CC)c1,SMILES,1,88
5265,Clc1ccc(N2CCN(Cc3cnn4ccccc34)CC2)cc1,SMILES,1,88
5266,CCc1nc(N)nc(N)c1-c1ccc(Cl)c(Cl)c1,SMILES,1,88
5267,Cc1ccccc1-c1ccncc1C(=O)N(C)Cc1cc(C(F)(F)F)cc(C(F)(F)F)c1,SMILES,1,88
5268,c1ccc(NCCCOc2cccc(C[NH+]3CCCCC3)c2)[nH+]c1,SMILES,1,88
5269,CNC(=O)c1c(NCC2CCC3(CCC3)CC2)nc(C#N)nc1OCCO,SMILES,1,88
5270,COc1ccc(-c2nc(-c3cccc(CN(C)C)c3)n(CCO)n2)cc1,SMILES,1,88
5271,C[NH2+]CC[C@H](Oc1ccc(C(F)(F)F)cc1)c1ccccc1,SMILES,1,88
5272,C[NH2+]CCC(Oc1ccc(C(F)(F)F)cc1)c1ccccc1,SMILES,1,88
5274,CCCCCCNC(=O)C(c1ccccc1)c1ccccc1,SMILES,1,88
5275,CCCCN1C2CC[C@@H]1C[C@@H](OC(c1ccc(F)cc1)c1ccc(F)cc1)C2,SMILES,1,88
5276,COc1cccc(CC2CCN(C3CCC(OC)(c4ccc5c(c4)OCO5)CC3)CC2)c1,SMILES,1,88
5279,CSc1ccc2c(c1)N(CC[C@@H]1CCC[NH2+]C1)c1ccccc1S2,SMILES,1,88
5282,CN(C)C(=O)C(CC[NH+]1CCC(O)(c2ccc(Cl)cc2)CC1)(c1ccccc1)c1ccccc1,SMILES,1,88
5283,Fc1ccc(Cn2c([C@H]3CNCCO3)nc3ccccc32)cc1,SMILES,1,88
5285,Cc1ccc(/C(=C/CN2CCCC2)c2ccccn2)cc1,SMILES,1,88
5286,Cc1cc2c(s1)Nc1ccccc1N=C2N1CC[NH+](C)CC1,SMILES,1,88
5287,Cc1cc2c(s1)Nc1ccccc1N=C2N1CCN(C)CC1,SMILES,1,88
5288,COc1cc(-n2cnc3cc(-c4ccc(Cl)cc4)sc3c2=O)ccc1OCCN1CCCC1,SMILES,1,88
5289,COc1ccccc1N1CCN(CCCCNC(=O)c2ccc3ccccc3c2)CC1,SMILES,1,88
5294,CCc1ccc(-c2ccc(C(=O)N(C)C3CCN(C(=O)N4CCC(N5CCCCC5)C4)C3)cc2)cc1,SMILES,1,88
5295,Cc1nc(N)nc(N)c1-c1ccc(Cl)c(Cl)c1,SMILES,1,88
5296,N[C@@H]1C[C@H]1c1ccc(F)cc1,SMILES,1,88
5297,Cc1cccc2c1Oc1ccccc1[C@@]1(O)CC[N@@H+](C)C[C@@H]21,SMILES,1,88
5298,Cc1cccc2c1Oc1ccccc1C1(O)CC[NH+](C)CC21,SMILES,1,88
5299,CCCC(=O)c1ccc2c(c1)N(CCC[NH+]1CC[NH+](C)CC1)c1ccccc1S2,SMILES,1,88
5302,CN(C)CCCN1c2ccccc2CCC2CCCCCC21,SMILES,1,88
5303,O[C@@](CC[NH+]1CCCCC1)(c1ccccc1)[C@@H]1C[C@@H]2C=C[C@H]1C2,SMILES,1,88
5305,CC[C@H](C)C(=O)O[C@H]1C[C@H](C)C=C2C=C[C@H](C)[C@H](CC[C@@H]3C[C@@H](O)CC(=O)O3)[C@H]21,SMILES,1,88
5307,COc1cc2sc(C(C)(C)C)nc2cc1C[NH2+][C@@H]1CCC[NH2+][C@@H]1c1ccccc1,SMILES,1,88
5311,COc1ccccc1CNC1CCCNC1c1ccccc1,SMILES,1,88
5312,CCN(C)C(=O)Oc1cccc(C(C)N(C)C)c1,SMILES,1,88
5313,FC(F)Oc1ccc(OC(F)(F)F)cc1C[NH2+][C@@H]1CCC[NH2+][C@@H]1c1ccccc1,SMILES,1,88
5314,C[NH+](C)CCCN1c2ccccc2Sc2ccccc21,SMILES,1,88
5316,CCN(C)C(=O)Oc1cccc(C(C)[NH+](C)C)c1,SMILES,1,88
5317,FC(F)Oc1ccc(OC(F)(F)F)cc1CNC1CCCNC1c1ccccc1,SMILES,1,88
5319,C[NH+](C)CCC=C1c2ccccc2CCc2ccccc21,SMILES,1,88
5320,COc1cc2c(cc1OC)C(=O)[C@H](CC1CC[NH+](Cc3ccccc3)CC1)C2,SMILES,1,88
5321,COc1cc2c(cc1OC)C(=O)C(CC1CC[NH+](Cc3ccccc3)CC1)C2,SMILES,1,88
5324,CN(C)CCCC1c2ccccc2CCc2ccccc21,SMILES,1,88
5325,CN(Cc1cc(C(F)(F)F)cc(C(F)(F)F)c1)C(=O)c1cnccc1-c1ccccc1Cl,SMILES,1,88
5327,[CH2][C]([CH]CC)CC,SMILES,1,88
5328,CNC(C)Cc1ccccc1,SMILES,1,88
5329,C=C([CH]CC)CC,SMILES,1,88
5330,CCN(CC)CCNC(=O)c1cc(Cl)c(N)cc1OC,SMILES,1,88
5331,COc1ccc(-c2cc(NCCO)c3ccccc3n2)cc1,SMILES,1,88
5332,COc1ccc(CCN2CCN(CCCc3ccccc3I)CC2)cc1OC,SMILES,1,88
5333,CC1CCCC1,SMILES,1,88
5334,CC(C)(C)c1cc(CN2CCN(CC(O)c3ccc(Cl)cc3)CC2)cc(C(C)(C)C)c1O,SMILES,1,88
5335,CCC(=C(c1ccccc1)c1ccc(OCCN(C)C)cc1)c1ccccc1,SMILES,1,88
5336,COc1ccc(C(C)C)cc1CNC1CCCNC1c1ccccc1,SMILES,1,88
5337,O=[SH](O)(c1ccc2cc[nH]c2c1)N1CCCC1CCN1CCC(Oc2cccc(Cl)c2)CC1,SMILES,1,88
5339,COc1ccc(C(C)C)cc1C[NH2+][C@@H]1CCC[NH2+][C@@H]1c1ccccc1,SMILES,1,88
5341,C[C@H]([NH3+])Cc1ccccc1,SMILES,1,88
5342,C[NH2+][C@@H](C)Cc1ccccc1,SMILES,1,88
5343,CC([NH3+])Cc1ccccc1,SMILES,1,88
5344,C[NH2+]C(C)Cc1ccccc1,SMILES,1,88
5345,C[NH+](C)CCCN1c2ccccc2Sc2ccc(Cl)cc21,SMILES,1,88
5346,CC(C)(C)c1ccc(OC(F)(F)F)c(C[NH2+][C@@H]2CCC[NH2+][C@@H]2c2ccccc2)c1,SMILES,1,88
5348,CC1CCCCC1,SMILES,1,88
5349,C1CCCCC1,SMILES,1,88
5350,CC(C)(C)c1ccc(OC(F)(F)F)c(CNC2CCCNC2c2ccccc2)c1,SMILES,1,88
5351,CCCC(C)C,SMILES,1,88
5352,CNCCCN1c2ccccc2S(=O)c2ccc(Cl)cc21,SMILES,1,88
5353,[NH3+]CCCN1c2ccccc2Sc2ccc(Cl)cc21,SMILES,1,88
5354,COc1ccc(C(C)(C)C)cc1CNC1CCCNC1c1ccccc1,SMILES,1,88
5357,COc1ccc(C(C)(C)C)cc1C[NH2+]C1CCC[NH2+]C1c1ccccc1,SMILES,1,88
5358,C[N@@H+]1CCN2c3ccccc3Cc3ccccc3[C@@H]2C1,SMILES,1,88
5359,C[NH+]1CCN2c3ccccc3Cc3ccccc3C2C1,SMILES,1,88
5360,CN1CCC2(C)c3cc(OC(=O)Nc4ccccc4)ccc3N(C)C12,SMILES,1,88
5362,CN1c2ccc(OC(=O)Nc3ccccc3)cc2C2(C)CC[NH+](C)C12,SMILES,1,88
5363,CN1CCC2(C)c3cc(OC(O)Nc4ccccc4)ccc3N(C)C12,SMILES,1,88
5364,CC(C)(C)OC(O)CCCc1ccc(N(CCCl)CCCl)cc1,SMILES,1,88
5365,CS(=O)(=O)NC1CCC(CCN2CCN(c3cccc(Cl)c3Cl)CC2)CC1,SMILES,1,88
5367,CCCCCC[NH+]1CCN(c2ccc(I)cc2)CC1,SMILES,1,88
5368,[NH3+]CCCN1c2ccccc2CCc2ccccc21,SMILES,1,88
5369,CC1CCC(C)C(C)C1,SMILES,1,88
5370,C[N@H+]1C[C@@H]2c3ccccc3Oc3ccc(Cl)cc3[C@H]2C1,SMILES,1,88
5371,C[NH+]1CC2c3ccccc3Oc3ccc(Cl)cc3C2C1,SMILES,1,88
5372,CN1CCC2(O)c3ccccc3Oc3ccc(Cl)cc3C2C1,SMILES,1,88
5373,C[NH+](C)CCCN1c2ccccc2CCc2ccccc21,SMILES,1,88
5374,C[NH2+]CCCN1c2ccccc2CCc2ccccc21,SMILES,1,88
5376,O=C(NCCCCN1CCC(Oc2cccc(C(F)(F)F)c2)CC1)c1ccc(Br)cc1,SMILES,1,88
5377,CN1CCC2c3cc(Cl)ccc3Oc3ccccc3C2C1,SMILES,1,88
5378,Cc1ccc2c(c1)N(CCCN(C)C)c1ccccc1S2,SMILES,1,88
5379,CC1CCCCC1C,SMILES,1,88
5380,CNC(C)CC1CCCCC1,SMILES,1,88
5381,C[NH2+][C@H](C)CC1CCCCC1,SMILES,1,88
5383,CC(=O)NC1CCC(CCN2CCN(c3cccc(Cl)c3Cl)CC2)CC1,SMILES,1,88
5384,CN[C@H](C)CC1CCCCC1,SMILES,1,88
5385,COc1ccc(CCN2CCC(Nc3nc4ccccc4n3Cc3ccc(F)cc3)CC2)cc1,SMILES,1,88
5386,C[C@]12[NH2+][C@H](Cc3ccccc31)c1ccccc12,SMILES,1,88
5389,COc1ccc(OC(F)(F)F)cc1CN[C@H]1CCCN[C@@H]1c1ccccc1,SMILES,1,88
5391,O=C(O)C=C1C=CC(=O)O1,SMILES,1,88
5392,N#Cc1ccc(OCC2CCN(CC=CI)CC2)cc1,SMILES,1,88
5393,N#Cc1ccc(OCC2CC[NH+](C/C=C/I)CC2)cc1,SMILES,1,88
5394,O=C(CCC1CC[NH+](Cc2ccccc2)CC1)c1ccc2c(c1)NCCCC2,SMILES,1,88
5395,COCCc1ccc(OC[C@H](O)C[NH2+]C(C)C)cc1,SMILES,1,88
5396,COCCc1ccc(OCC(O)C[NH2+]C(C)C)cc1,SMILES,1,88
5402,COc1cc2sc(-c3ccccc3)nc2cc1C[NH2+]C1CCC[NH2+]C1c1ccccc1,SMILES,1,88
5403,COc1cc2sc(-c3ccccc3)nc2cc1CNC1CCCNC1c1ccccc1,SMILES,1,88
5404,COc1ccc(-c2nc(-c3cccc(CN(C)C)c3)n(C)n2)cc1,SMILES,1,88
5405,O=C(CCC[NH+]1CCC(O)(c2ccc(Cl)cc2)CC1)c1ccc(F)cc1,SMILES,1,88
5407,O=C(CC[NH+]1CCC(O)(c2ccc(Br)cc2)CC1)c1ccc(F)cc1,SMILES,1,88
5409,CCC(C)N1CCN(c2ccc(I)cc2)CC1,SMILES,1,88
5410,CC(C)CN1CCN(c2ccc(I)cc2)CC1,SMILES,1,88
5411,COCn1nc(-c2ccc(OC)cc2)nc1-c1cccc(CN(C)C)c1,SMILES,1,88
5412,O=C(CCN1CCC(O)(c2ccc(Br)cc2)CC1)c1ccc(F)cc1,SMILES,1,88
5414,CC([NH2+]C(C)(C)C)C(=O)c1cccc(Cl)c1,SMILES,1,88
5415,C[NH+]1CC[NH+](CCCN2c3ccccc3Sc3ccc(C(F)(F)F)cc32)CC1,SMILES,1,88
5416,CN1CCN(CCCN2c3ccccc3Sc3cccc(C(F)(F)F)c32)CC1,SMILES,1,88
5417,C[NH+](C)CCCN1c2ccccc2Sc2ccc(C(F)(F)F)cc21,SMILES,1,88
5418,O=C(CCCN1CCCN(c2ccc(Cl)cc2)CC1)c1ccc(F)cc1,SMILES,1,88
5419,OCC[NH+]1CC[NH+](CCCN2c3ccccc3Sc3ccc(C(F)(F)F)cc32)CC1,SMILES,1,88
5420,CN(C)CCC(c1ccc(Cl)cc1)c1ccccn1,SMILES,1,88
5421,C[NH2+][C@@H]1CC[C@H](c2ccc(Cl)c(Cl)c2)c2ccccc21,SMILES,1,88
5422,C[NH2+]C1CCC(c2ccc(Cl)c(Cl)c2)c2ccccc21,SMILES,1,88
5423,FC(F)(F)c1ccc(N2CC[NH2+]CC2)[nH+]c1Cl,SMILES,1,88
5425,O=C1OC(C(O)CO)C(O)=C1O,SMILES,1,88
5426,CCC1(C)CC(=O)NC(=O)C1,SMILES,1,88
5429,CCCCC(CC)CNC(=O)CC(C)O,SMILES,1,88
5430,CCCCCC(=NOCCN)c1ccc(C)c(N)c1,SMILES,1,88
5431,CCC(C)C(CC)C(=O)NC(N)=O,SMILES,1,88
5432,CC(N)C(=O)c1ccccc1,SMILES,1,88
5436,NNCC1CCCCC1,SMILES,1,88
5437,CC(C)C(O)C1CCCCC1,SMILES,1,88
5438,Clc1cccc(Cl)c1N=C1NCCO1,SMILES,1,88
5439,CC1CC2C3CC(F)(F)C4=CC(=O)C=C[C@]4(C)C3(F)C(O)CC2(C)C1(O)C(=O)CO,SMILES,1,88
5441,c1ccc(C2CN3CCSC3=N2)cc1,SMILES,1,88
5442,CCCCCCCCCC1(C)OCC(COC(N)=O)O1,SMILES,1,88
5443,Nc1nc(=O)[nH]cc1F,SMILES,1,88
5444,CC12CCC(=O)C=C1CCC1C3CCC(O)(C(=O)CO)C3(C)CC(O)C12F,SMILES,1,88
5445,CCC(=O)OC1(C(=O)SCF)C(C)CC2C3CC(F)C4=CC(=O)C=CC4(C)C3(F)C(O)CC21C,SMILES,1,88
5446,CC(C)n1c(C=CC(O)CC(O)CC(=O)O)c(-c2ccc(F)cc2)c2ccccc21,SMILES,1,88
5447,Nc1nc(=O)c2nc(CNc3ccc(C(=O)NC(CCC(=O)O)C(=O)O)cc3)cnc2[nH]1,SMILES,1,88
5448,CCC(C)C(C)(COC(N)=O)COC(N)=O,SMILES,1,88
5450,CCCC(C)C1(CCSC)C(=O)NC(=S)NC1=O,SMILES,1,88
5452,CC(Oc1cccc2ccccc12)C(N)=NO,SMILES,1,88
5453,NC(=O)CCCN=C(c1ccc(Cl)cc1)c1cc(F)ccc1O,SMILES,1,88
5454,CCC(=O)C1(O)CCC2C3CCC4=CC(=O)CCC4(C)C3C(O)CC21C,SMILES,1,88
5455,CON=C(C#N)C1CN2CCC1CC2,SMILES,1,88
5456,CCC(C)(C)C(=O)OC1CC(C)C=C2C=CC(C)C(CCC3CC(O)CC(=O)O3)C21,SMILES,1,88
5457,CSCCC(NC(C)=O)C(=O)Oc1ccc(NC(C)=O)cc1,SMILES,1,88
5458,O=C1C2C3CCC(C3)C2C(=O)N1CCCCN1CCN(c2ncccn2)CC1,SMILES,1,88
5459,CC12C=CC(=O)C=C1CCC1C3CC(O)C(O)(C(=O)CO)C3(C)CC(O)C12F,SMILES,1,88
5462,CC(C)C(N)C(=O)OCCOCn1cnc2c(=O)[nH]c(N)nc21,SMILES,1,88
5463,CC(C)C(N)C(=O)OCC(CO)OCn1cnc2c(=O)[nH]c(N)nc21,SMILES,1,88
5464,CCCC1OC2CC3C4CCC5=CC(=O)C=CC5(C)C4C(O)CC3(C)C2(C(=O)CO)O1,SMILES,1,88
5465,COCCCCC(=NOCCN)c1ccc(Cl)cc1,SMILES,1,88
5466,CC12CCC(=O)C=C1CCC1C2C(=O)CC2(C)C1CCC2(O)C(=O)CO,SMILES,1,88
5467,CCCl,SMILES,1,88
5468,CC1CC2C3CC(F)C4=CC(=O)C=CC4(C)C3C(O)CC2(C)C1C(=O)CO,SMILES,1,88
5469,CC12C=CC(=O)C=C1C(F)CC1C2C(O)CC2(C)C1CCC2(O)C(=O)CO,SMILES,1,88
5470,CCC1(CC)C(=O)NCC(C)C1=O,SMILES,1,88
5471,CCCC1OC1(CC)C(N)=O,SMILES,1,88
5472,CC1CC2C3CC(F)C4=CC(=O)C=CC4(C)C3C(O)CC2(C)C1(O)C(=O)CO,SMILES,1,88
5474,Cc1n[nH]c2c1N(c1ccccc1)C(=O)CC(=O)N2C,SMILES,1,88
5475,CCC=C(C)C1(CC)C(=O)NC(=O)NC1=O,SMILES,1,88
5476,O=c1[nH]cnc2[nH]ncc12,SMILES,1,88
5477,NC(=O)NO,SMILES,1,88
5478,C=C[C@H]1C[N@@]2CC[C@H]1C[C@@H]2[C@@H](O)c1ccnc2ccc(OC)cc12,SMILES,1,88
5480,CC(C)(C(=O)[O-])c1ccc([C@H](O)CCC[NH+]2CCC(C(O)(c3ccccc3)c3ccccc3)CC2)cc1,SMILES,1,88
5481,CC(C)(C)NC(=O)C1CC2CCCCC2C[NH+]1CC(O)C(Cc1ccccc1)NC(=O)C(CC(N)=O)NC(=O)c1ccc2ccccc2n1,SMILES,1,88
5482,CC(C)[NH2+]CC(O)COc1ccc(CC(N)=O)cc1,SMILES,1,88
5483,Nc1cccc(C[NH+]2CCC(NC(=O)C(O)(c3ccccc3)C3CCC(F)(F)C3)CC2)[nH+]1,SMILES,1,88
5484,COc1ccc(NS(=O)(=O)c2ccc(N)cc2)nn1,SMILES,1,88
5485,COc1ccc2nc([S+]([O-])Cc3ncc(C)c(OC)c3C)[nH]c2c1,SMILES,1,88
5486,C/C=C/[C@@H](C)[C@@H](O)[C@H]1C(=O)N[C@@H](CC)C(=O)N(C)CC(=O)N(C)[C@@H](CC(C)C)C(=O)N[C@@H](C(C)C)C(=O)N(C)[C@@H](CC(C)C)C(=O)N[C@@H](C)C(=O)N[C@H](C)C(=O)N(C)[C@@H](CC(C)C)C(=O)N(C)[C@@H](CC(C)C)C(=O)N(C)[C@@H](CC(C)C)C(=O)N1C,SMILES,1,88
5488,CC1NC2C(O)CCCN2C(O)C1CCN1CCC(c2noc3cc(F)ccc23)CC1,SMILES,1,88
5489,O=C(NCC[NH+]1CCN(c2cccc3c2OCC(CO)O3)CC1)c1ccc(F)cc1,SMILES,1,88
5490,COc1cc2c(cc1C[NH2+]C1CCC[NH2+]C1c1ccccc1)N(S(C)(=O)=O)C(C)C2,SMILES,1,88
5491,CC(C)(C)[NH2+]C[C@H](O)COc1cccc2c1CCC(=O)N2,SMILES,1,88
5493,O=c1[nH]cnc2c1ncn2[C@H]1CC[C@@H](CO)O1,SMILES,1,88
5494,CC(C)[NH2+]CC(O)c1ccc(NS(C)(=O)=O)cc1,SMILES,1,88
5496,COc1ccc(N2CCCC2=O)cc1C[NH2+]C1CCC[NH2+]C1c1ccccc1,SMILES,1,88
5498,O=C(O)c1ccccc1O,SMILES,1,88
5499,C[C@@H](F)OC(=O)c1ncn2c1CN(C)C(=O)c1cc(F)ccc1-2,SMILES,1,88
5500,O=c1c(Br)ccc2n1CC1C[NH2+]CC2C1,SMILES,1,88
5501,Cc1csc(NC(N)N)n1,SMILES,1,88
5503,CS(=O)(=O)CCNCc1ccc(-c2ccc3ncnc(Nc4ccc(OCc5cccc(F)c5)c(Cl)c4)c3c2)o1,SMILES,1,88
5504,C=C[C@H]1C[N@@H+]2CC[C@H]1C[C@@H]2[C@@H](O)c1ccnc2ccc(OC)cc12,SMILES,1,88
5505,C=CC[C@H]([NH3+])c1ccccc1-c1noc2ccccc12,SMILES,1,88
5506,N=[N+]=O,SMILES,1,88
5507,CC[C@@]1(O)C[C@@H]2CN(CCc3c([nH]c4ccccc34)[C@](C(=O)OC)(c3cc4c(cc3OC)N(C)C3[C@]45CCN4CC=C[C@](CC)(C45)[C@@H](OC(C)=O)[C@]3(O)C(=O)OC)C2)C1,SMILES,1,88
5508,COCCOC(=O)C1=C(C)NC(C)=C(C(=O)OC(C)C)C1c1cccc([N+](=O)[O-])c1,SMILES,1,88
5510,C[NH+]1[C@@H]2CC(OC(=O)[C@@H](CO)c3ccccc3)C[C@H]1[C@H]1O[C@H]12,SMILES,1,88
5511,Cc1cccc(C)c1Nc1ncc(-c2ccc(OCCN3CCCC3)cc2)n2cncc12,SMILES,1,88
5512,CSc1ccc2c(c1)N(CCC1CCCC[NH+]1C)c1ccccc1S2,SMILES,1,88
5513,ClC(Cl)(Cl)Cl,SMILES,1,88
5514,CCC[NH+]1CC(CSC)CC2c3cccc4[nH]cc(c34)CC21,SMILES,1,88
5515,COc1ccc2c3c1OC1CC(O)C=CC31CC[NH+](C)C2,SMILES,1,88
5516,COc1ccc(-c2nccs2)cc1C[NH2+][C@@H]1CCC[NH2+][C@@H]1c1ccccc1,SMILES,1,88
5517,CC(C)[NH2+]C[C@@H](O)COc1ccc(CCOCC2CC2)cc1,SMILES,1,88
5518,C#CC1(O)CCC2C3C(C)CC4CC(O)CCC4C3CCC21C,SMILES,1,88
5519,CC(C)Oc1ccc(OC(F)(F)F)cc1C[NH2+]C1CCC[NH2+]C1c1ccccc1,SMILES,1,88
5520,CC(C)=CC[N@@H+]1CC[C@@]2(C)c3cc(O)ccc3C[C@@H]1[C@@H]2C,SMILES,1,88
5521,CC1NC(NCC(F)F)=Nc2cccc(Cl)c21,SMILES,1,88
5522,COC(=O)[C@H]1[C@@H](OC(=O)c2ccccc2)C[C@@H]2CC[C@H]1[N@@H+]2C,SMILES,1,88
5523,OC(c1cc(C(F)(F)F)nc2c(C(F)(F)F)cccc12)C1CCCC[NH2+]1,SMILES,1,88
5524,FC(F)Oc1ccc(OC(F)(F)F)cc1C[NH2+]C1CCC[NH2+]C1c1ccccc1,SMILES,1,88
5526,CC(C)[NH2+]C[C@@H](O)COc1cccc2ccccc12,SMILES,1,88
5527,CC[C@@H](C)[NH+]1CCN(c2ccc(I)cc2)CC1,SMILES,1,88
5528,CC(C)N1CCN(c2ccc(I)cc2)CC1,SMILES,1,88
5530,CC=CCC(C)C(O)C1C(=O)NC(CC)C(=O)N(C)CC(=O)N(C)C(CC(C)C)C(=O)NC(C(C)C)C(=O)N(C)C(CC(C)C)C(=O)NC(C)C(=O)NC(C)C(=O)N(C)C(CC(C)C)C(=O)N(C)C(CC(C)C)C(=O)N(C)C(C(C)C)C(=O)N1C,SMILES,1,88
5531,CCC1(O)CC(OC2CC(N(C)C)C(OC3CC(O)C(OC4CCC(=O)C(C)O4)C(C)O3)C(C)O2)c2c(cc3c(c2O)C(=O)c2c(O)cccc2C3=O)C1C(=O)OC,SMILES,0,88
5532,CC1(C)SC2C(NC(=O)CCCC(N)C(=O)O)C(=O)N2C1C(=O)O,SMILES,0,88
5533,CNCC(O)c1ccc(O)c(O)c1,SMILES,0,88
5535,CC12CCC(=O)C=C1CCC1C2C2CC3(C(O)O2)C(C(=O)CO)CCC13,SMILES,0,88
5537,CC1(C)SC2C(NC(=O)C34CC5CC(CC(N)(C5)C3)C4)C(=O)N2C1C(=O)O,SMILES,0,88
5538,N=C(N)NC(=O)c1nc(Cl)c(N)nc1N,SMILES,0,88
5540,CC1C=CC=CC=CC=CC=CC=CC=CC(OC2OC(C)C(O)C(N)C2O)CC2OC(O)(CC(O)C(O)CCC(O)CC(O)CC(O)CC(=O)OC(C)C(C)C1O)CC(O)C2C(=O)O,SMILES,0,88
5541,CC1(C)SC2C(NC(=O)C(NC(=O)c3cnc4cccnc4c3O)c3ccccc3)C(=O)N2C1C(=O)O,SMILES,0,88
5542,CN(C)C1C(O)=C(C(=O)NC(C(=O)O)N2CCN(CCO)CC2)C(=O)C2(O)C(O)=C3C(=O)c4c(O)cccc4C(C)(O)C3CC12,SMILES,0,88
5543,CNC1C(OC2OC(CO)C(N)C(O)C2O)OC2CC(N)C(OC3C(N)CC(N)C(O)C3O)OC2C1O,SMILES,0,88
5544,NCCC(O)C(=O)NC1CC(N)C(OC2OC(CN)CCC2N)C(O)C1OC1OC(CO)C(O)C(N)C1O,SMILES,0,88
5545,CNC(=O)CC(N)C(=O)NC(C(=O)NC1C(=O)N2C1SC(C)(C)C2C(=O)O)c1ccc(O)cc1,SMILES,0,88
5546,COC1C(O)C(N)C(OC2OC(C(C)N)CCC2N)C(O)C1N(C)C(=O)CN,SMILES,0,88
5547,CCC1OC(=O)C(C)C(OC2CC(C)(OC)C(O)C(C)O2)C(C)C(OC2OC(C)CC(N(C)C)C2O)C(C)(O)CC(C)CN(C)C(C)C(O)C1(C)O,SMILES,0,88
5548,CC1C(NC(=O)C(=NOC(C)(C)C(=O)O)c2csc(N)n2)C(=O)N1S(=O)(=O)O,SMILES,0,88
5549,CCOC(=O)OC(C)OC(=O)C1N2C(=O)C(N=CN3CCCCCC3)C2SC1(C)C,SMILES,0,88
5550,NCC1OC(OC2C(N)CC(N)C(OC3OC(CO)C(O)C(N)C3O)C2O)C(N)C(O)C1O,SMILES,0,88
5551,NC(CO)C(=O)NNCc1ccc(O)c(O)c1O,SMILES,0,88
5553,CCC1OC(=O)C(C)C(OC2CC(C)(OC)C(O)C(C)O2)C(C)C(OC2OC(C)CC(N(C)C)C2O)C(C)(O)CC(C)C(=O)C(C)C(O)C1C,SMILES,0,88
5554,CC1(C)SC2C(NC(=O)C(C(=O)O)c3ccccc3)C(=O)N2C1C(=O)O,SMILES,0,88
5556,CC(C)(C)NCC(O)c1ccc(O)c(NC(N)=O)c1,SMILES,0,88
5557,CC1(C)SC2C(NC(=O)C(C(=O)Oc3ccccc3)c3ccccc3)C(=O)N2C1C(=O)O,SMILES,0,88
5558,CC1(C)SC2C(NC(=O)C(C(=O)Oc3ccc4c(c3)CCC4)c3ccccc3)C(=O)N2C1C(=O)O,SMILES,0,88
5562,Cc1nnc(SCC2=C(C(=O)O)N3C(=O)C(NC(=O)C(N)c4ccc(O)cc4)C3SC2)s1,SMILES,0,88
5564,Cn1nnnc1SCC1=C(C(=O)O)N2C(=O)C(NC(=O)CSC(F)(F)F)C2SC1,SMILES,0,88
5565,Cc1nnc(SCC2=C(C(=O)O)N3C(=O)C(NC(=O)Cn4cc(Cl)c(=O)c(Cl)c4)C3SC2)s1,SMILES,0,88
5568,COCC1=C(C(=O)O)N2C(=O)C(NC(=O)C(=NO)c3csc(N)n3)C2SC1,SMILES,0,88
5569,C=CC1=C(C(=O)O)N2C(=O)C(NC(=O)C(=NO)c3csc(N)n3)C2SC1,SMILES,0,88
5570,CON=C(C(=O)NC1C(=O)N2C(C(=O)O)=C(C=Cc3scnc3C)CSC12)c1csc(N)n1,SMILES,0,88
5571,CON=C(C(=O)NC1C(=O)N2C(C(=O)O)=C(C)CSC12)c1csc(N)n1,SMILES,0,88
5573,Cn1nnnc1SCC1=C(C(=O)O)N2C(=O)C(NC(=O)CSC=CC#N)C2SC1,SMILES,0,88
5574,C=CC1=C(C(=O)O)N2C(=O)C(NC(=O)C(=NOCC(=O)O)c3csc(N)n3)C2SC1,SMILES,0,88
5577,COC1(NC(=O)CSCC(N)C(=O)O)C(=O)N2C(C(=O)O)=C(CSc3nnnn3C)CSC21,SMILES,0,88
5578,CON=C(C(=O)NC1C(=O)N2C(C(=O)O)=C(CSc3nc(C)c(CC(=O)O)s3)CSC12)c1csc(N)n1,SMILES,0,88
5579,O=C(O)C1=C(CSc2nnnn2CS(=O)(=O)O)CSC2C(NC(=O)C(O)c3ccccc3)C(=O)N12,SMILES,0,88
5580,NCc1ccccc1CC(=O)NC1C(=O)N2C(C(=O)O)=C(CSc3nnnn3CC(=O)O)CSC12,SMILES,0,88
5581,CON=C(C(=O)NC1C(=O)N2C(C(=O)O)=C(COC(C)=O)CSC12)c1csc(N)n1,SMILES,0,88
5582,COC1(NC(=O)C2SC(=C(C(N)=O)C(=O)O)S2)C(=O)N2C(C(=O)O)=C(CSc3nnnn3C)CSC21,SMILES,0,88
5583,CN(C)CCn1nnnc1SCC1=C(C(=O)O)N2C(=O)C(NC(=O)Cc3csc(N)n3)C2SC1,SMILES,0,88
5584,Cc1cc(O)c(C(=O)NC(C(=O)NC2C(=O)N3C(C(=O)O)=C(CSc4nnnn4C)CSC23)c2ccc(O)cc2)cn1,SMILES,0,88
5585,COCC1=C(C(=O)O)N2C(=O)C(NC(=O)C(=NOC)c3csc(N)n3)C2SC1,SMILES,0,88
5586,CC=CC1=C(C(=O)O)N2C(=O)C(NC(=O)C(N)c3ccc(O)cc3)C2SC1,SMILES,0,88
5587,CC1=C(C(=O)O)N2C(=O)C(NC(=O)Cc3ccc(C4=NCCCN4)cc3)C2SC1,SMILES,0,88
5588,COC1=C(C(=O)O)N2C(=O)C(NC(=O)C(N)C3C=CCC=C3)C2SC1,SMILES,0,88
5590,CON=C(C(=O)NC1C(=O)N2C(C(=O)O)=C(Cn3nnc(C)n3)CSC12)c1csc(N)n1,SMILES,0,88
5591,O=C(Cn1cnnn1)NC1C(=O)N2C(C(=O)O)=C(CSc3nncs3)CSC12,SMILES,0,88
5592,Nc1nc(C(=CCC(=O)O)C(=O)NC2C(=O)N3C(C(=O)O)=CCSC23)cs1,SMILES,0,88
5593,CON=C(C(=O)NC1C(=O)N2C(C(=O)O)=C(CSC(=O)c3ccco3)CSC12)c1csc(N)n1,SMILES,0,88
5596,CON=C(C(=O)NC1C(=O)N2C(C(=O)O)=CCSC12)c1csc(=N)[nH]1,SMILES,0,88
5597,CON=C(C(=O)NC1C(=O)N2C(C(=O)OCOC(=O)C(C)(C)C)=CCSC12)c1csc(NC(=O)C(C)N)n1,SMILES,0,88
5598,CON=C(C(=O)NC1C(=O)N2C(C(=O)O)=C(COC(C)=O)CSC12)c1ccco1,SMILES,0,88
5600,CON=C(C(=O)NC1C(=O)N2C(C(=O)OC(C)OC(C)=O)=C(COC(N)=O)CSC12)c1ccco1,SMILES,0,88
5601,CON=C(C(=O)NC1C(=O)N2C(C(=O)OC(C)OC(=O)C(C)(C)OC)=C(COC(N)=O)CSC12)c1ccco1,SMILES,0,88
5602,CON=C(C(=O)NC1C(=O)N2C(C(=O)O)=C(CSc3cnns3)CSC12)c1csc(N)n1,SMILES,0,88
5603,CC(=O)OCC1=C(C(=O)O)N2C(=O)C(NC(=O)CC#N)C2SC1,SMILES,0,88
5604,CC(=O)OCC1=C(C(=O)O)N2C(=O)C(NC(=O)C(N)c3ccccc3)C2SC1,SMILES,0,88
5606,CC(=O)OCC1=C(C(=O)O)N2C(=O)C(NC(=O)Cc3cccs3)C2SC1,SMILES,0,88
5608,CC1=C(C(=O)O)N2C(=O)C(NC(=O)C(N)C3=CCC=CC3)C2SC1,SMILES,0,88
5609,O=C(O)COCCN1CCN(C(c2ccccc2)c2ccc(Cl)cc2)CC1,SMILES,0,88
5610,CNC(=NC#N)NCCSCc1nc[nH]c1C,SMILES,0,88
5613,CC(C)N=c1cc2n(-c3ccc(Cl)cc3)c3ccccc3nc-2cc1Nc1ccc(Cl)cc1,SMILES,0,88
5616,CC1(C)SC2C(NC(=O)C3(N)CCCCC3)C(=O)N2C1C(=O)O,SMILES,0,88
5617,Cc1c2oc3c(C)ccc(C(=O)NC4C(=O)NC(C(C)C)C(=O)N5CCCC5C(=O)N(C)CC(=O)N(C)C(C(C)C)C(=O)OC4C)c3nc-2c(C(=O)NC2C(=O)NC(C(C)C)C(=O)N3CCCC3C(=O)N(C)CC(=O)N(C)C(C(C)C)C(=O)OC2C)c(N)c1=O,SMILES,0,88
5618,COc1cccc2c1C(=O)c1c(O)c3c(c(O)c1C2=O)CC(O)(C(C)=O)CC3OC1CC(N)C(O)C(C)O1,SMILES,0,88
5619,CN(C)C1C(O)=C(C(N)=O)C(=O)C2(O)C(O)=C3C(=O)c4c(O)cccc4C(O)C3CC12,SMILES,0,88
5620,CCOC(OCC)C(=O)OCC(=O)C1(O)Cc2c(O)c3c(c(O)c2C(OC2CC(N)C(O)C(C)O2)C1)C(=O)c1c(OC)cccc1C3=O,SMILES,0,88
5621,NCC1CCC(N)C(OC2C(N)CC(N)C(OC3OC(CO)C(O)C(N)C3O)C2O)O1,SMILES,0,88
5622,CC1OC(OC2C(O)CC(OC3C(O)CC(OC4CCC5(C)C(CCC6C5CC(O)C5(C)C(C7=CC(=O)OC7)CCC65O)C4)OC3C)OC2C)CC(O)C1O,SMILES,0,88
5627,CCC1OC(=O)C(C)C(OC2CC(C)(OC)C(O)C(C)O2)C(C)C(OC2OC(C)CC(N(C)C)C2O)C(C)(O)CC(C)C2NC(COCCOC)OC(C2C)C1(C)O,SMILES,0,88
5628,CC(=O)OC12COC1CC(O)C1(C)C(=O)C(O)C3=C(C)C(OC(=O)C(O)C(NC(=O)OC(C)(C)C)c4ccccc4)CC(O)(C(OC(=O)c4ccccc4)C21)C3(C)C,SMILES,0,88
5629,NCCc1ccc(O)c(O)c1,SMILES,0,88
5630,CC=CC=CC1OC(O)(C(CC)C(=O)NCC=CC=C(C)C(OC)C(C)C2OC(C=CC=CC=C(C)C(=O)c3c(O)ccn(C)c3=O)C(O)C2O)C(O)C(OC2OC(C)C(OC3OC(C)C(OC)C(O)C3OC)C(OC)C2O)C1(C)C,SMILES,0,88
5631,CCC1CN2CCc3cc(OC)c(OC)cc3C2CC1CC1NCCc2cc(OC)c(OC)cc21,SMILES,0,88
5632,CCn1cc(C(=O)O)c(=O)c2cc(F)c(N3CCNCC3)nc21,SMILES,0,88
5633,COC1CC(OC2C(C)OC(OC3C(C)=CCC4CC(CC5(CCC(C)C(C(C)C)O5)O4)OC(=O)C4C=C(C)C(O)C5OCC(=CC=CC3C)C45O)CC2OC)OC(C)C1O,SMILES,0,88
5635,CCOC(=O)OC1C(OC2C(C)C(OC3CC(C)(OC)C(O)C(C)O3)C(C)C(=O)OC(CC)C(C)(O)C(O)C(C)C(=O)C(C)CC2(C)O)OC(C)CC1N(C)C,SMILES,0,88
5637,CCC(=O)OC1C(OC2C(C)C(OC3CC(C)(OC)C(O)C(C)O3)C(C)C(=O)OC(CC)C(C)(O)C(O)C(C)C(=O)C(C)CC2(C)O)OC(C)CC1N(C)C,SMILES,0,88
5638,CN(CCN(C)CNC(=O)C1=C(O)C(N(C)C)C2CC3C(=C(O)C2(O)C1=O)C(=O)c1c(O)cccc1C3(C)O)CNC(=O)C1=C(O)C(N(C)C)C2CC3C(=C(O)C2(O)C1=O)C(=O)c1c(O)cccc1C3(C)O,SMILES,0,88
5639,COc1cc(C2c3cc4c(cc3C(OC3OC5COC(C)OC5C(O)C3O)C3COC(=O)C23)OCO4)cc(OC)c1O,SMILES,0,88
5640,CCOC(=O)C1=C(C)NC(C)=C(C(=O)OC)C1c1cccc(Cl)c1Cl,SMILES,0,88
5641,CC1(C)SC2C(NC(=O)C(Oc3ccccc3)c3ccccc3)C(=O)C2C1C(=O)O,SMILES,0,88
5642,CC(C)(Oc1ccc(Cl)cc1)C(=O)NC(C(=O)NC1C(=O)N2C1SC(C)(C)C2C(=O)O)c1ccccc1,SMILES,0,88
5643,COC1(NC(=O)CSC(F)F)C(=O)N2C(C(=O)O)=C(CSc3nnnn3CCO)COC21,SMILES,0,88
5644,CC(O)C1C(=O)N2C(C(=O)O)=C(C3CCCO3)SC12,SMILES,0,88
5645,CC1(C)SC2C(NC(=O)C(N=Cc3ccco3)c3ccc(O)cc3)C(=O)N2C1C(=O)O,SMILES,0,88
5646,CC(C)CC(OC(=O)c1ccco1)C(=O)NC1C(=O)N2C1SC(C)(C)C2C(=O)O,SMILES,0,88
5648,CNC1C(O)C(OC2C(N)CC(N)C(OC3OC(CN)CCC3N)C2O)OCC1(C)O,SMILES,0,88
5649,CON=C(C(=O)NC1C(=O)N(OCC(=O)OCC(=O)OC(C)(C)C)C1C)c1csc(N)n1,SMILES,0,88
5651,CC(C)CC1NC(=O)C(CCCN)NC(=O)C(C(C)C)NC(=O)C2CCCN2C(=O)C(Cc2ccccc2)NC(=O)C(CC(C)C)NC(=O)C(CCCN)NC(=O)C(C(C)C)NC(=O)C2CCCN2C(=O)C(Cc2ccccc2)NC1=O,SMILES,0,88
5652,CCC(NC(=O)C1CCCN1C(=O)C(Cc1ccccc1)NC(=O)C(N)CC(C)C)C(=O)NC(CCCN)C(=O)NC(CC(C)C)C(=O)NC(Cc1ccccc1)C(=O)N1CCCC1C(=O)NC(CC)C(=O)NC(C=O)CCCN,SMILES,0,88
5653,CC12CC(N)C1CN(c1nc3c(cc1F)c(=O)c(C(=O)O)cn3C1CC1)C2,SMILES,0,88
5654,CN(C)C1C(O)=C(C(=O)NCN2CCN(C(=N)NC(=N)N)CC2)C(=O)C2(O)C(O)=C3C(=O)c4c(O)cccc4C(C)(O)C3CC12,SMILES,0,88
5656,CNC(C)C(O)c1ccc(O)cc1,SMILES,0,88
5657,Cc1cc(=O)oc2cc(O)ccc12,SMILES,0,88
5658,CC(=O)C1(O)Cc2c(O)c3c(c(O)c2C(OC2CC(N)C(O)C(C)O2)C1)C(=O)c1ccccc1C3=O,SMILES,0,88
5659,CC(O)C1C(=O)N2C(C(=O)O)=C(SCCNC=N)CC12,SMILES,0,88
5660,CNC1C(O)C(OC2C(NC(=O)C(O)CN)CC(N)C(OC3OC(CN)C(O)C(O)C3O)C2O)OCC1(C)O,SMILES,0,88
5661,COC1C(O)CC(=O)OC(C)CC=CC=CC(O)C(C)CC(CC=O)C1OC1OC(C)C(OC2CC(C)(O)C(O)C(C)O2)C(N(C)C)C1O,SMILES,0,88
5662,Cc1oc(=O)oc1COC(=O)C1N2C(=O)C(NC(=O)C(N)c3ccccc3)C2SC1(C)C,SMILES,0,88
5663,CNCCC(O)C1CC(SC2=C(C(=O)O)N3C(=O)C(C(C)O)C3C2C)CN1,SMILES,0,88
5664,COc1cccc2c1C(=O)c1c(O)c3c(c(O)c1C2=O)CC(O)(C(=O)CO)CC3OC1CC(NC(=O)C(N)CC(C)C)C(O)C(C)O1,SMILES,0,88
5665,CCCC1CC(C(=O)NC(C(C)O)C2OC(SC)C(O)C(O)C2O)N(C)C1,SMILES,0,88
5666,NC(C(=O)NC1C(=O)N2C(C(=O)O)=C(Cl)CCC12)c1ccccc1,SMILES,0,88
5667,CCCCc1nc(Cl)c(CO)n1Cc1ccc(-c2ccccc2-c2nnn[nH]2)cc1,SMILES,0,88
5668,CN(C)C1C(O)=C(C(=O)NCNCCCCC(N)C(=O)O)C(=O)C2(O)C(O)=C3C(=O)c4c(O)cccc4C(C)(O)C3CC12,SMILES,0,88
5669,CC1(C)SC2C(N=CN3CCCCCC3)C(=O)N2C1C(=O)O,SMILES,0,88
5670,C=C1c2c(Cl)ccc(O)c2C(=O)C2=C(O)C3(O)C(=O)C(C(N)=O)=C(O)C(N(C)C)C3C(O)C12,SMILES,0,88
5672,CC1OC(OC2CC(O)(C(=O)CO)Cc3c(O)c4c(c(O)c32)C(=O)c2ccccc2C4=O)CC(N)C1O,SMILES,0,88
5673,CC(O)C1C(=O)N2C(C(=O)O)=C(SC3CNC(C(=O)N(C)C)C3)C(C)C12,SMILES,0,88
5674,C=NC(C(=O)NC1C(=O)N2C1SC(C)(C)C2C(=O)O)c1ccccc1,SMILES,0,88
5676,CC1(C)SC2C(NC(=O)C(NC(=O)N3CCN(S(C)(=O)=O)C3=O)c3ccccc3)C(=O)N2C1C(=O)O,SMILES,0,88
5677,COCC(=O)OC1(CCN(C)CCCc2nc3ccccc3[nH]2)CCc2cc(F)ccc2C1C(C)C,SMILES,0,88
5678,CCC(=O)OC1CC(=O)OC(C)CC=CC=CC(O)C(C)CC(CC=O)C(OC2OC(C)C(OC3CC(C)(O)C(OC(=O)CC)C(C)O3)C(N(C)C)C2O)C1OC,SMILES,0,88
5679,CCC1NC(=O)C(NC(=O)c2ncccc2O)C(C)OC(=O)C(c2ccccc2)NC(=O)C2CC(=O)CCN2C(=O)C(Cc2ccc(N(C)C)cc2)N(C)C(=O)C2CCCN2C1=O,SMILES,0,88
5680,CCCCCC1CNC(C(=O)NC(C(C)Cl)C2OC(SC)C(O)C(O)C2O)C1,SMILES,0,88
5681,COC12C(COC(N)=O)C3=C(C(=O)C(C)=C(N)C3=O)N1CC1NC12,SMILES,0,88
5682,COC1(NC(=O)C(C(=O)O)c2ccc(O)cc2)C(=O)N2C(C(=O)O)=C(CSc3nnnn3C)COC21,SMILES,0,88
5683,NCC1OC(OC2C(N)CC(N)C(O)C2O)C(N)C(O)C1O,SMILES,0,88
5684,NCC1OC(OC2C(CO)OC(OC3C(O)C(N)CC(N)C3OC3OC(CN)C(O)C(O)C3N)C2O)C(N)C(O)C1O,SMILES,0,88
5685,CCNC1CC(N)C(OC2OC(CN)=CCC2N)C(O)C1OC1OCC(C)(O)C(NC)C1O,SMILES,0,88
5686,COC(=O)C1=C(C)NC(C)=C(C(=O)OCCN(C)Cc2ccccc2)C1c1cccc([N+](=O)[O-])c1,SMILES,0,88
5687,COC(=O)C1=C(C)NC(C)=C(C(=O)OC)C1c1ccccc1[N+](=O)[O-],SMILES,0,88
5688,CN(C)C1C(O)=C(C(N)=O)C(=O)C2(O)C(O)=C3C(=O)c4c(O)ccc([N+](=O)[O-])c4CC3CC12,SMILES,0,88
5689,NCC(O)c1cccc(O)c1,SMILES,0,88
5690,COC1C(OC(N)=O)C(O)C(Oc2ccc3c(O)c(NC(=O)c4ccc(O)c(CC=C(C)C)c4)c(=O)oc3c2C)OC1(C)C,SMILES,0,88
5691,COC1CC(OC2C(C)C(=O)OC(C)C(C)C(O)C(C)C(=O)C3(CO3)CC(C)C(OC3OC(C)CC(N(C)C)C3O)C2C)OC(C)C1O,SMILES,0,88
5692,CON=C(C(=O)NC1C(=O)N(OCC(=O)O)C1C)c1csc(N)n1,SMILES,0,88
5693,CN(C)C1C(O)=C(C(N)=O)C(=O)C2(O)C(O)=C3C(=O)c4c(O)cccc4C(C)(O)C3C(O)C12,SMILES,0,88
5694,CN(C)C1C(O)=C(C(=O)NCN2CCCC(C(=O)O)C2)C(=O)C2(O)C(O)=C3C(=O)c4c(O)cccc4C(C)(O)C3CC12,SMILES,0,88
5695,CC1(C)SC2C(NC(=O)Cc3ccccc3)C(=O)N2C1C(=O)O,SMILES,0,88
5696,CN(C)C1C(O)=C(C(=O)NCNC(C(=O)NC2C(=O)N3C2SC(C)(C)C3C(=O)O)c2ccccc2)C(=O)C2(O)C(O)=C3C(=O)c4c(O)cccc4C(C)(O)C3CC12,SMILES,0,88
5698,CCN1CCN(C(=O)NC(C(=O)NC2C(=O)N3C2SC(C)(C)C3C(=O)O)c2ccccc2)C(=O)C1=O,SMILES,0,88
5700,CC1(C)SC2C(NC(=O)C(NC(=O)CNC(=N)c3ccncc3)c3ccccc3)C(=O)N2C1C(=O)O,SMILES,0,88
5701,CC1(C)SC2C(NC(=O)C(NC(=O)c3ccc(-c4ccc(S(=O)(=O)N(CCO)CCO)cc4)[nH]c3=O)c3ccc(O)cc3)C(=O)N2C1C(=O)O,SMILES,0,88
5702,CC1(C)SC2C(NC(=O)C(NC(=O)Nc3cnc(Nc4ccc(S(N)(=O)=O)cc4)nc3O)c3ccc(O)cc3)C(=O)N2C1C(=O)O,SMILES,0,88
5703,CC(C)(C)C(=O)OCOC(=O)C1N2C(=O)C(NC(=O)C(N)c3ccccc3)C2SC1(C)C,SMILES,0,88
5704,CNCC(O)c1cccc(OC(=O)C(C)(C)C)c1,SMILES,0,88
5705,Cc1cnn(-c2c(Cl)cccc2Cl)c1C(=O)NC1C(=O)N2C1SC(C)(C)C2C(=O)O,SMILES,0,88
5706,NCC1OC(OC2C(N)CC(NC(CO)CO)C(OC3OC(CO)C(O)C(N)C3O)C2O)C(N)C(O)C1O,SMILES,0,88
5707,COC1C=COC2(C)Oc3c(C)c(O)c4c(c3C2=O)C2=NC3(CCN(CC(C)C)CC3)NC2=C(NC(=O)C(C)=CC=CC(C)C(O)C(C)C(O)C(C)C(OC(C)=O)C1C)C4=O,SMILES,0,88
5708,CCN(CC)C(C)=NN=Cc1c2c(O)c3c(O)c(C)c4c(c3c1O)C(=O)C(C)(OC=CC(OC)C(C)C(OC(C)=O)C(C)C(O)C(C)C(O)C(C)C=CC=C(C)C(=O)N2)O4,SMILES,0,88
5709,CCN(CC)c1nc2c(s1)c1c(O)c3c(O)c(C)c4c(c32)C(=O)C(C)(OC=CC(OC)C(C)C(OC(C)=O)C(C)C(O)C(C)C(O)C(C)C=CC=C(C)C(=O)N1)O4,SMILES,0,88
5710,CCN(CC)C(=O)COc1cc2c(O)c3c(O)c(C)c4c(c13)C(=O)C(C)(OC=CC(OC)C(C)C(OC(C)=O)C(C)C(O)C(C)C(O)C(C)C=CC=C(C)C(=O)N2)O4,SMILES,0,88
5711,COC1C=COC2(C)Oc3c(C)c(O)c4c(O)c(c(C=NN5CCN(C)CC5)c(O)c4c3C2=O)NC(=O)C(C)=CC=CC(C)C(O)C(C)C(O)C(C)C(OC(C)=O)C1C,SMILES,0,88
5712,COC1C=COC2(C)Oc3c(C)c(O)c4c(O)c(cc(O)c4c3C2=O)NC(=O)C(C)=CC=CC(C)C(O)C(C)C(O)C(C)C(OC(C)=O)C1C,SMILES,0,88
5713,COC1C=COC2(C)Oc3c(C)c(O)c4c(O)c(c(C=NN5CCN(C6CCCC6)CC5)c(O)c4c3C2=O)NC(=O)C(C)=CC=CC(C)C(O)C(C)C(O)C(C)C(OC(C)=O)C1C,SMILES,0,88
5714,COC1C=COC2(C)Oc3c(C)c(O)c4c(O)c(c5c(nc6cc(C)ccn65)c4c3C2=O)NC(=O)C(C)=CC=CC(C)C(O)C(C)C(O)C(C)C(OC(C)=O)C1C,SMILES,0,88
5715,CC(O)C1C(=O)N2C(C(=O)O)=C(COC(N)=O)SC12,SMILES,0,88
5716,CCC1(O)CC(OC2CC(N(C)C)C(OC3CC4OC5CC(=O)C(C)OC5OC4C(C)O3)C(C)O2)c2c(O)c3c(c(O)c2C1OC1CC(N(C)C)C(O)C(C)O1)C(=O)c1cccc(O)c1C3=O,SMILES,0,88
5718,CC1(C)SC2C(NC(=O)C(NC(=O)Cc3ccc(C4=NCCCN4)cc3)c3ccccc3)C(=O)N2C1C(=O)O,SMILES,0,88
5720,COCOC(=O)C1N2C(=O)C(N3C(=O)C(c4ccc(O)cc4)NC3(C)C)C2SC1(C)C,SMILES,0,88
5721,COCOC(=O)C1N2C(=O)C(N3C(=O)C(c4ccccc4)NC3(C)C)C2SC1(C)C,SMILES,0,88
5722,CC(=O)OC1C=CC(C)=CCC(O)C=CC(C)=CC(NC(=O)C(C)=O)C2(C)C(=O)OC(C1)C(C)C2=O,SMILES,0,88
5723,CNC1C(O)C(OC2C(N)CC(N)C(OC3OC(CN)=CCC3N)C2O)OCC1(C)O,SMILES,0,88
5724,COC1C(O)CC(=O)OC(C)CC=CC=CC(OC2CCC(N(C)C)C(C)O2)C(C)CC(CC=O)C1OC1OC(C)C(OC2CC(C)(O)C(O)C(C)O2)C(N(C)C)C1O,SMILES,0,88
5725,CNC1C(OC2C(OC3C(O)C(O)C(NC(=N)N)C(O)C3NC(=N)N)OC(C)C2(O)C=O)OC(CO)C(O)C1O,SMILES,0,88
5726,CC1(C)SC2C(NC(=O)C(c3ccccc3)S(=O)(=O)O)C(=O)N2C1C(=O)O,SMILES,0,88
5727,CC(O)C1C(=O)N2C(C(=O)O)=C(F)SC12,SMILES,0,88
5728,CC1(C)SC2C(NC(=O)C(N)c3ccccc3)C(=O)N2C1C(=O)OCOC(=O)C1N2C(=O)CC2S(=O)(=O)C1(C)C,SMILES,0,88
5729,CC1(C)SC2C(NC(=O)C(NS(=O)(=O)O)c3ccccc3)C(=O)N2C1C(=O)O,SMILES,0,88
5730,C=CCC1C=C(C)CC(C)CC(OC)C2OC(O)(C(=O)C(=O)N3CCCCC3C(=O)OC(C(C)=CC3CCC(O)C(OC)C3)C(C)C(O)CC1=O)C(C)CC2OC,SMILES,0,88
5732,CC1(Cn2ccnn2)C(C(=O)O)N2C(=O)CC2S1(=O)=O,SMILES,0,88
5733,COC(=O)C1NC(=O)C2NC(=O)C(NC(=O)C3NC(=O)C4NC(=O)C(NC(=O)C(N)c5ccc(O)c(c5)Oc5cc4cc(O)c5C)C(O)c4ccc(c(Cl)c4)Oc4cc3cc(c4O)Oc3ccc(cc3Cl)C2OC2OC(CO)C(O)C(O)C2NC(C)=O)c2ccc(O)c(c2)-c2c(O)cc(O)cc21,SMILES,0,88
5734,COc1cc(C2c3cc4c(cc3C(OC3OC5COC(c6cccs6)OC5C(O)C3O)C3COC(=O)C23)OCO4)cc(OC)c1OC,SMILES,0,88
5735,Cn1c(=O)c2c(ncn2CCNCC(O)c2ccc(O)c(O)c2)n(C)c1=O,SMILES,0,88
5736,CC1(C)SC2C(NC(=O)CSc3ccccc3)C(=O)N2C1C(=O)O,SMILES,0,88
5740,Cc1ccc(C(=O)c2cc(O)c(O)c([N+](=O)[O-])c2)cc1,SMILES,0,88
5741,COC1CC(OC2C(C)C(=O)OC(C)C(C)C(OC(C)=O)C(C)C(=O)C3(CO3)CC(C)C(OC3OC(C)CC(N(C)C)C3OC(C)=O)C2C)OC(C)C1OC(C)=O,SMILES,0,88
5742,CCCCC1CC(=O)C2(O)OC3C(NC)C(O)C(NC)C(O)C3OC2O1,SMILES,0,88
5743,Cc1ccc(C(C)C)c(OCC2=NCCN2)c1,SMILES,0,88
5744,CC1COC(=O)C(C(C)C)NC(=O)C(C)OC(=O)C(C(C)C)NC(=O)C(C(C)C)OC(=O)C(C(C)C)NC(=O)C(C)OC(=O)C(C(C)C)NC(=O)C(C)COC(=O)C(C(C)C)NC(=O)C(C)OC(=O)C(C(C)C)NC1=O,SMILES,0,88
5745,CNC(CC(C)C)C(=O)NC1C(=O)NC(CC(N)=O)C(=O)NC2C(=O)NC3C(=O)NC(C(=O)NC(C(=O)O)c4cc(O)cc(O)c4-c4cc3ccc4O)C(O)c3ccc(c(Cl)c3)Oc3cc2cc(c3OC2OC(CO)C(O)C(O)C2OC2CC(C)(N)C(O)C(C)O2)Oc2ccc(cc2Cl)C1O,SMILES,0,88
5747,CCC1(O)CC2CN(CCc3c([nH]c4ccccc34)C(C(=O)OC)(c3cc4c(cc3OC)N(C)C3C(O)(C(N)=O)C(O)C5(CC)C=CCN6CCC43C65)C2)C1,SMILES,0,88
5748,CC1=CC(O)CC(=O)Cc2nc(co2)C(=O)N2CCC=C2C(=O)OC(C(C)C)C(C)C=CC(=O)NCC=C1,SMILES,0,88
5749,CCC1NC(=O)C(NC(=O)c2ncccc2O)C(C)OC(=O)C(c2ccccc2)NC(=O)C2CC(=O)CCN2C(=O)C(Cc2ccccc2)N(C)C(=O)C2CCCN2C1=O,SMILES,0,88
5751,COc1cccc2c1C(=O)c1c(O)c3c(c(O)c1C2=O)CC(O)(C(C)=NNC(=O)c1ccccc1)CC3OC1CC(N)C(O)C(C)O1,SMILES,0,88
5752,CN(C)C1C(O)=C(C(N)=O)C(=O)C2(O)C(O)=C3C(=O)c4c(ccc(N)c4O)CC3CC12,SMILES,0,88
5753,CC1(C)SC2C(NC(=O)C(N)c3ccc(O)cc3)C(=O)N2C1C(=O)O,SMILES,0,88
5754,CC1(C)SC2C(NC(=O)C(N)c3ccccc3)C(=O)N2C1C(=O)O,SMILES,0,88
5755,CC(=O)C1(N)Cc2c(O)c3c(c(O)c2C(OC2CC(O)C(O)CO2)C1)C(=O)c1ccccc1C3=O,SMILES,0,88
5758,CC(=O)OCC1=C(C(=O)O)N2C(=O)C(NC(=O)Cc3ccccc3)C2SC1,SMILES,0,88
5759,Cc1nnc(SCC2=C(C(=O)O)N3C(=O)C(NC(=O)Cn4cnnn4)C3SC2)s1,SMILES,0,88
5760,CCC=C(C(=O)NC1C(=O)N2C(C(=O)O)=C(COC(N)=O)CSC12)c1csc(N)n1,SMILES,0,88
5761,CC1=C(C(=O)O)N2C(=O)C(NC(=O)C(N)c3ccc(O)c(Cl)c3)C2SC1,SMILES,0,88
5762,CC(=O)OCC1=C(C(=O)O)N2C(=O)C(NC(=O)c3c(-c4ccccc4Cl)noc3C)C2SC1,SMILES,0,88
5763,COC1(NC(=O)Cc2cccs2)C(=O)N2C(C(=O)O)=C(COC(N)=O)CSC21,SMILES,0,88
5764,CC(=O)C1=C(O)C(N)C2Cc3c(c(O)c4c(O)c(C)ccc4c3C)C(=O)C2(O)C1=O,SMILES,0,88
5766,COC(C(=O)NC1C(=O)N2C1SC(C)(C)C2C(=O)O)c1ccc(Cl)c(Cl)c1,SMILES,0,88
5769,CC1(C)SC2C(NC(=O)C(N)C3=CCC=CC3)C(=O)N2C1C(=O)O,SMILES,0,88
5770,COc1cccc2c1C(=O)c1c(O)c3c(c(O)c1C2=O)CC(O)(C(=O)CO)CC3OC1CC(N)CC(C)O1,SMILES,0,88
5771,CCNCC(O)c1cccc(O)c1,SMILES,0,88
5772,CC(C)c1ccccc1OCC1=NCCN1,SMILES,0,88
5773,Cc1onc(-c2c(F)cccc2Cl)c1C(=O)NC1C(=O)N2C1SC(C)(C)C2C(=O)O,SMILES,0,88
5774,CCC1OC(=O)C(C)C(OC2CC(C)(OC)C(O)C(C)O2)C(C)C(OC2OC(C)CC(N(C)C)C2O)C(C)(O)CC(C)(F)C(=O)C(C)C(O)C1(C)O,SMILES,0,88
5776,CC(N)Cc1ccc(O)cc1,SMILES,0,88
5777,CC(C)(Oc1ccccc1)C(=O)NC1C(=O)N2C1SC(C)(C)C2C(=O)O,SMILES,0,88
5778,COC1C(OC(C)=O)CC(=O)OC(C)CC=CC=CC(O)C(C)CC(CC=O)C1OC1OC(C)C(OC2CC(C)(O)C(OC(=O)CC(C)C)C(C)O2)C(N(C)C)C1O,SMILES,0,88
5780,C=C1c2cccc(O)c2C(=O)C2=C(O)C3(O)C(=O)C(C(N)=O)=C(O)C(N(C)C)C3C(O)C12,SMILES,0,88
5781,CN(Cc1cnc2nc(N)nc(N)c2n1)c1ccc(C(=O)NC(CCC(=O)O)C(=O)O)cc1,SMILES,0,88
5782,CNC(C)C(=O)c1ccc(OC)cc1,SMILES,0,88
5783,CCOc1ccc2ccccc2c1C(=O)NC1C(=O)N2C1SC(C)(C)C2C(=O)O,SMILES,0,88
5784,CCOC(=O)C1=C(C)NC(C)=C(C(=O)OC)C1c1cccc([N+](=O)[O-])c1,SMILES,0,88
5785,CCn1cc(C(=O)O)c(=O)c2cc(F)c(N3CCNCC3)cc21,SMILES,0,88
5786,Cc1onc(-c2ccccc2)c1C(=O)NC1C(=O)N2C1SC(C)(C)C2C(=O)O,SMILES,0,88
5787,CC1(C)SC2C(N3C(=O)C(c4ccc(O)cc4)NC3(C)C)C(=O)N2C1C(=O)O,SMILES,0,88
5788,CC(Oc1ccccc1)C(=O)NC1C(=O)N2C1SC(C)(C)C2C(=O)O,SMILES,0,88
5789,CC1NC(=O)C(NC(=O)c2ncccc2O)C(C)OC(=O)C(c2ccccc2)NC(=O)C2CC(=O)CCN2C(=O)C(Cc2ccc(N(C)C)cc2)N(C)C(=O)C2CCCN2C1=O,SMILES,0,88
5790,CCCNCC(O)COc1ccccc1C(=O)CCc1ccccc1,SMILES,0,88
5791,CCC(Oc1ccccc1)C(=O)NC1C(=O)N2C1SC(C)(C)C2C(=O)O,SMILES,0,88
5792,COC1CCCC2C1=C(C=O)N1C(=O)C(C(C)O)C21,SMILES,0,88
5793,COC1(NC(=O)C(C(=O)O)c2ccsc2)C(=O)N2C(C(=O)O)C(C)(C)SC21,SMILES,0,88
5795,CC(=O)Nc1cccc(-c2csc(N=C(N)N)n2)c1,SMILES,0,88
5796,CC(C)(C(=O)O)c1ccc(C(=O)CCCN2CCC(OC(c3ccccc3)c3ccccc3)CC2)cc1,SMILES,0,88
5798,Cc1ccccc1N=C1NCCN1,SMILES,0,88
5799,Cc1ccc(N=C2NCCN2)c(C)c1,SMILES,0,88
5800,CN(C)Cc1ccc(CSCCNc2[nH]ccc2[N+](=O)[O-])o1,SMILES,0,88
5802,CN1CCN(c2c(F)cc3c(=O)c(C(=O)O)cn4c3c2SCC4)CC1,SMILES,0,88
5803,CN1CCN(c2cc3c(cc2F)c(=O)c(C(=O)O)cn3-c2ccc(F)cc2)CC1,SMILES,0,88
5805,Cc1cnc(NC(=O)C2=C(O)c3ccccc3S(=O)(=O)N2C)s1,SMILES,0,88
5807,C/N=C(/C[N+](=O)[O-])NCCSc1ccc(CN(C)C)o1,SMILES,0,88
5808,COc1ccc2[nH]c(S(=O)Cc3ncc(C)c(OC)c3C)nc2c1,SMILES,0,88
5809,COC(=O)/N=c1\[nH]c2ccc(C(=O)N3CCN(c4ccccn4)CC3)cc2[nH]1,SMILES,0,88
5810,COc1ccc2c(c1)[C@H](CC(=O)O)[C@H](C)N2C(=O)c1ccc(Cl)cc1,SMILES,0,88
5811,CCN/C(=N\C#N)NCCSCc1ncccc1Br,SMILES,0,88
5813,CN(C)c1cc(-c2n[nH]c(N)n2)ccn1,SMILES,0,88
5814,CN/C(=N\C#N)Nc1cccc(-c2csc(N=C(N)N)n2)c1,SMILES,0,88
5815,NS(=O)(=O)c1cc(C(=O)O)c(NCc2ccco2)cc1Cl,SMILES,0,88
5816,NS(=O)(=O)c1cc2c(cc1Cl)NCNS2(=O)=O,SMILES,0,88
5817,O=C1C(=O)C([C@H]2CC[C@H](c3ccc(Cl)cc3)CC2)=C(O)c2ccccc21,SMILES,0,88
5818,O=C(O)c1cn(C2CC2)c2cc(N3CCNCC3)c(F)cc2c1=O,SMILES,0,88
5819,O=C(O)CCCc1ccc(N(CCCl)CCCl)cc1,SMILES,0,88
5820,CN1Cc2c(-c3noc(C(C)(C)O)n3)ncn2-c2cccc(Cl)c2C1=O,SMILES,0,88
5821,NC(CO)(CO)CO,SMILES,0,88
5822,CCc1c(O)c(=O)ccn1CCCCO,SMILES,0,88
5823,Cc1c(O)c(=O)ccn1CCCO,SMILES,0,88
5824,CCc1c(O)c(=O)ccn1CCO,SMILES,0,88
5825,CN1Cc2c(-c3noc(C(C)(O)CO)n3)ncn2-c2cccc(Cl)c2C1=O,SMILES,0,88
5826,O=C1Nc2ccc(Cl)cc2C(C#CC2CC2)(C(F)(F)F)O1,SMILES,0,88
5828,CN(C)Cc1ccc(CSCCN[C@H]2N=CC=C2[N+](=O)[O-])o1,SMILES,0,88
5831,C[C@H]1C[C@H]2[C@@H]3CCC4=CC(=O)C=CC4(C)C3(F)[C@@H](O)CC2(C)C1(O)C(=O)CO,SMILES,0,88
5833,CN(C)[C@@H]1C(=O)C(C(N)=O)=C(O)C2(O)C(=O)C3=C(O)c4c(O)ccc(Cl)c4C(C)(O)[C@H]3C[C@@H]12,SMILES,0,88
5834,NS(=O)(=O)c1cc(C2(O)NC(=O)c3ccccc32)ccc1Cl,SMILES,0,88
5835,CCOC(=O)C(C)(C)Oc1ccc(Cl)cc1,SMILES,0,88
5836,CC(C)(Oc1ccc(Cl)cc1)C(=O)O,SMILES,0,88
5837,Clc1ccccc1C(c1ccccc1)(c1ccccc1)n1ccnc1,SMILES,0,88
5838,O=c1ccc2ccccc2o1,SMILES,0,88
5839,CC(CCC(=O)O)[C@@H]1CC[C@H]2[C@H]3C(=O)C[C@@H]4CC(=O)CCC4(C)[C@H]3CC(=O)C12C,SMILES,0,88
5840,O=c1c(Cc2c(O)oc3ccccc3c2=O)c(O)oc2ccccc12,SMILES,0,88
5841,CCN(CC)CCOC(=O)C1(C2CCCCC2)CCCCC1,SMILES,0,88
5842,C[C@@H]1O[C@@H](O[C@@H]2[C@H](C)O[C@@H](O[C@@H]3[C@H](C)O[C@H](O[C@H]4CCC5(C)[C@@H](CC[C@H]6[C@@H]5CCC5(C)[C@H](C7=CC(=O)OC7)CCC65O)C4)C[C@@H]3O)C[C@@H]2O)C[C@H](O)[C@@H]1O,SMILES,0,88
5843,CC(C[N+](C)(C)C)OC(N)=O,SMILES,0,88
5844,CC[N+](C)(C)Cc1ccccc1Br,SMILES,0,88
5845,C[C@@H]1c2cccc(O)c2C(O)=C2C(=O)C3(O)C(=O)C(C(N)=O)=C(O)[C@@H](N(C)C)[C@H]3[C@@H](O)[C@H]21,SMILES,0,88
5846,CCCCOc1ccc(C(=O)CCN2CCCCC2)cc1,SMILES,0,88
5847,Clc1ccc(CO[C@H](Cn2ccnc2)c2ccc(Cl)cc2Cl)cc1,SMILES,0,88
5848,CC(C)[C@H](NC(=O)[C@H](Cc1ccccc1)NC(=O)CNC(=O)[C@H](C)NC(=O)[C@@H](N)Cc1ccc(O)cc1)C(N)=O,SMILES,0,88
5849,CN[C@@H](C)[C@@H](O)c1ccccc1,SMILES,0,88
5850,C[N+]12CCC(CC1)C(OC(=O)C(O)(c1ccccc1)c1ccccc1)C2,SMILES,0,88
5851,CC12CC[C@@H]3c4ccc(O)cc4CC[C@@H]3[C@@H]1CCC2=O,SMILES,0,88
5852,C#CC1(O)CC[C@H]2[C@H]3CCc4cc(O)ccc4[C@H]3CCC21C,SMILES,0,88
5853,C[C@@H](Cc1ccc(O)cc1)NC[C@@H](O)c1cc(O)cc(O)c1,SMILES,0,88
5854,O=c1[nH]c(=O)n([C@@H]2C[C@H](O)[C@H](CO)O2)cc1F,SMILES,0,88
5855,O=c1[nH]cc(F)c(=O)[nH]1,SMILES,0,88
5856,C[N+]1(C)CCC(OC(=O)C(O)(c2ccccc2)C2CCCC2)C1,SMILES,0,88
5858,CC(C)[N+]1(C)C2CCC1CC(OC(=O)C(CO)c1ccccc1)C2,SMILES,0,88
5859,NC(N)=N/N=C/c1c(Cl)cccc1Cl,SMILES,0,88
5860,N=C(N)NCCN1CCCCCCC1,SMILES,0,88
5861,NNc1nncc2ccccc12,SMILES,0,88
5862,NS(=O)(=O)c1cc2c(cc1C(F)(F)F)NCNS2(=O)=O,SMILES,0,88
5863,CC(C)NC[C@@H](O)c1ccc(O)c(O)c1,SMILES,0,88
5864,O=c1c(O[C@@H]2O[C@@H](CO)[C@@H](O)[C@H](O)[C@@H]2O)c(-c2ccc(O)c(O)c2)oc2cc(O)cc(O)c12,SMILES,0,88
5865,C[C@@H](CCc1ccccc1)NC[C@@H](O)c1ccc(O)c(C(N)=O)c1,SMILES,0,88
5866,C=C1c2c(Cl)ccc(O)c2C(O)=C2C(=O)C3(O)C(O)=C(C(N)=O)C(=O)[C@@H](N(C)C)[C@H]3[C@@H](O)[C@@H]12,SMILES,0,88
5867,Cc1ccc(Cl)c(Nc2ccccc2C(=O)O)c1Cl,SMILES,0,88
5868,Cc1cccc(Nc2ccccc2C(=O)O)c1C,SMILES,0,88
5869,CC(C)[N+](C)(CCOC(=O)C1c2ccccc2Oc2ccccc21)C(C)C,SMILES,0,88
5871,C[N+]1(C)CCCC(OC(=O)C(O)(c2ccccc2)c2ccccc2)C1,SMILES,0,88
5872,C#CC1(O)CC[C@H]2[C@H]3CCc4cc(OC)ccc4[C@H]3CCC21C,SMILES,0,88
5873,CC[N+](C)(CC)CCOC(=O)C1c2ccccc2Oc2ccccc21,SMILES,0,88
5875,CC(N)(Cc1ccc(O)c(O)c1)C(=O)O,SMILES,0,88
5876,CC(=O)Nc1c(I)c(NC(C)=O)c(I)c(C(=O)O)c1I,SMILES,0,88
5877,CC12CC[C@H]3[C@H](CCC4=CC(=O)CC[C@H]43)[C@@H]1CCC2O,SMILES,0,88
5878,CCOC(=O)C(c1c(O)oc2ccccc2c1=O)c1c(O)oc2ccccc2c1=O,SMILES,0,88
5880,C#CC1(O)CC[C@H]2[C@H]3CCC4=CC(=O)CC[C@H]4[C@H]3CCC21C,SMILES,0,88
5881,C[C@H](N[C@@H](C)CCc1ccccc1)[C@@H](O)c1ccc(O)cc1,SMILES,0,88
5885,CN(C)[C@@H]1C(=O)C(C(N)=O)=C(O)C2(O)C(=O)C3=C(O)c4c(O)cccc4C(C)(O)[C@@H]3[C@H](O)[C@H]12,SMILES,0,88
5886,COc1ccc(Cc2nccc3cc(OC)c(OC)cc23)cc1OC,SMILES,0,88
5887,CN(C)CC[C@@H](c1ccccc1)c1ccccn1,SMILES,0,88
5889,C[C@@H](COc1ccccc1)N(CCCl)Cc1ccccc1,SMILES,0,88
5890,CC(C)(C)NC[C@H](O)c1ccc(O)c(CO)n1,SMILES,0,88
5891,O=S(=O)(O)CCS,SMILES,0,88
5893,C[C@@H]1O[C@H](O[C@@H]2C=C3CC[C@H]4[C@H](CCC5(C)C(c6ccc(=O)oc6)CCC45O)C3(C)CC2)[C@@H](O)[C@@H](O)[C@@H]1O,SMILES,0,88
5894,COc1ccc(C[C@H](N)C(=O)N[C@H]2[C@H](O)[C@@H](n3cnc4c(N(C)C)ncnc43)O[C@@H]2CO)cc1,SMILES,0,88
5895,CN1Cc2c(-c3noc(C(C)(CO)CO)n3)ncn2-c2cccc(Cl)c2C1=O,SMILES,0,88
5896,CO[C@H]1/C=C/OC2(C)Oc3c(C)c(O)c4c(c3C2=O)C(=O)/C(=C/NN2CCN(C)CC2)C(=C4O)NC(=O)/C(C)=C\C=C\[C@H](C)[C@H](O)[C@H](C)[C@H](O)[C@H](C)[C@H](OC(C)=O)[C@H]1C,SMILES,0,88
5897,CC(=O)S[C@H]1CC2=CC(=O)CCC2(C)[C@H]2CCC3(C)[C@@H](CCC34CCC(=O)O4)[C@@H]12,SMILES,0,88
5899,O=C(O)C1=C/C(=N\Nc2ccc(S(=O)(=O)Nc3ccccn3)cc2)C=CC1=O,SMILES,0,88
5900,CC(C)N1CCN(c2ccc(OC[C@H]3COC(Cn4cncn4)(c4ccc(Cl)cc4Cl)O3)cc2)CC1,SMILES,0,88
5901,CC12CC[C@H]3[C@H](CCC4=CC(=O)C=CC43C)[C@@H]1CCC(=O)O2,SMILES,0,88
5902,CN(C)[C@@H]1C(=O)C(C(N)=O)=C(O)C2(O)C(=O)C3=C(O)c4c(O)cccc4C(C)(O)[C@H]3C[C@@H]12,SMILES,0,88
5903,CC12CCC(=O)C=C1CC[C@@H]1[C@@H]2C(O)CC2(C=O)[C@@H](C(=O)CO)CC[C@@H]12,SMILES,0,88
5904,Nc1nc2nc[nH]c2c(=S)[nH]1,SMILES,0,88
5905,Cc1ccc(S(=O)(=O)NC(=O)NN2CCCCCC2)cc1,SMILES,0,88
5906,Nc1nc(N)c2nc(-c3ccccc3)c(N)nc2n1,SMILES,0,88
5907,NS(=O)(=O)c1cc2c(cc1Cl)N[C@H](C(Cl)Cl)NS2(=O)=O,SMILES,0,88
5908,CC(=O)C[C@@H](c1ccccc1)c1c(O)oc2ccccc2c1=O,SMILES,0,88
5909,COC(=O)[C@H]1[C@H]2C[C@H]3c4[nH]c5ccccc5c4CCN3C[C@H]2CC[C@@H]1O,SMILES,0,88
5911,CC(C)(C)c1ccc(C(=O)CCCN2CCC(OC(c3ccccc3)c3ccccc3)CC2)cc1,SMILES,0,88
5912,CN(C)[C@@H]1C(=O)C(C(N)=O)=C(O)C2(O)C(=O)C3=C(O)c4c(O)ccc(Cl)c4[C@@H](O)[C@H]3C[C@@H]12,SMILES,0,88
5913,COc1cccc2c1C(=O)c1c(O)c3c(c(O)c1C2=O)CC(O)(C(=O)CO)C[C@@H]3O,SMILES,0,88
5914,CN(C)[C@@H]1C(=O)C(C(N)=O)=C(O)C2(O)C(=O)C3=C(O)c4c(ccc(N)c4O)C[C@@H]3C[C@@H]12,SMILES,0,88
5915,CN(C)[C@@H]1C(=O)C(C(=O)N[C@H](C(=O)O)N2CCN(CCO)CC2)=C(O)C2(O)C(=O)C3=C(O)c4c(O)cccc4C(C)(O)[C@H]3C[C@@H]12,SMILES,0,88
5916,CC1=C(C(=O)O)N2C(=O)C(NC(=O)[C@@H](N)c3ccccc3)[C@@H]2SC1,SMILES,0,88
5917,COCCCC(=O)O[C@H](C)OC(=O)C1=C(COC(N)=O)CS[C@H]2C(NC(=O)/C(=N\OC)c3ccco3)C(=O)N12,SMILES,0,88
5918,CC(=O)OCC1=C(C(=O)O)N2C(=O)C(NC(=O)CCC[C@H](N)C(=O)O)[C@@H]2SC1,SMILES,0,88
5919,C/C(O)=C1\C(=O)[C@@H](N)[C@@H]2Cc3c(c(O)c4c(O)c(C)ccc4c3C)C(=O)C2(O)C1=O,SMILES,0,88
5921,CN(C)[C@@H]1C(=O)C(C(N)=O)=C(O)C2(O)C(=O)C3=C(O)c4c(O)cccc4[C@@H](O)[C@H]3C[C@@H]12,SMILES,0,88
5922,CC1(C)S[C@H]2C(NC(=O)[C@@H](Oc3ccccc3)c3ccccc3)C(=O)N2[C@H]1C(=O)O,SMILES,0,88
5923,COC1(NC(=O)CSC(F)(F)F)C(=O)N2C(C(=O)O)=C(CSc3nnnn3CCO)CO[C@H]21,SMILES,0,88
5924,CN[C@@H](C)[C@@H]1CC[C@H](N)[C@H](O[C@@H]2[C@H](O)[C@@H](O[C@@H]3OCC(C)(O)[C@@H](NC)[C@@H]3O)[C@@H](N)C[C@@H]2N)O1,SMILES,0,88
5925,Cc1c(F)c(N2CCN[C@@H](C)C2)cc2c1c(=O)c(C(=O)O)cn2C1CC1,SMILES,0,88
5926,CN(C)[C@@H]1C(=O)C(C(=O)NCN2CCN(/C(N)=N/C(=N)N)CC2)=C(O)C2(O)C(=O)C3=C(O)c4c(O)cccc4C(C)(O)[C@H]3C[C@@H]12,SMILES,0,88
5927,C[C@@H](Cc1ccccc1)NO,SMILES,0,88
5928,C=C1c2cccc(O)c2C(O)=C2C(=O)C3(O)C(O)=C(C(N)=O)C(=O)[C@@H](N(C)C)[C@H]3[C@@H](O)[C@@H]12,SMILES,0,88
5929,COc1cccc(OC)c1C(=O)NC1C(=O)N2[C@@H](C(=O)O)C(C)(C)S[C@@H]12,SMILES,0,88
5931,CO[C@H]1[C@@H](OC(N)=O)[C@H](O)[C@@H](Oc2ccc3c(=O)c(NC(=O)c4ccc(O)c(CC=C(C)C)c4)c(O)oc3c2C)OC1(C)C,SMILES,0,88
5932,CN(C)[C@@H]1C(=O)C(C(=O)NCN2CCC[C@H](C(=O)O)C2)=C(O)C2(O)C(=O)C3=C(O)c4c(O)cccc4C(C)(O)[C@H]3C[C@@H]12,SMILES,0,88
5933,CN(C)[C@@H]1C(=O)C(C(=O)NCN[C@H](C(=O)NC2C(=O)N3[C@@H](C(=O)O)C(C)(C)S[C@@H]23)c2ccccc2)=C(O)C2(O)C(=O)C3=C(O)c4c(O)cccc4C(C)(O)[C@H]3C[C@@H]12,SMILES,0,88
5935,CC1(C)S[C@H]2C(N(C(=N)c3ccncc3)[C@H](C(=O)NC(=O)CN)c3ccccc3)C(=O)N2[C@H]1C(=O)O,SMILES,0,88
5936,C[C@H](O)C1C(=O)N2C(C(=O)O)=C(S[C@H]3CCS(=O)C3)S[C@@H]12,SMILES,0,88
5937,CC1(C)C(NC(=O)/C(=N\OCC(=O)O)c2csc(N)n2)C(=O)N1OS(=O)(=O)O,SMILES,0,88
5939,CC1(C(=O)O)CCC2(C)CCC3(C)C(=CC(=O)[C@H]4C5(C)CC[C@H](O)C(C)(C)[C@H]5CCC43C)[C@H]2C1,SMILES,0,88
5940,CCc1cccc2c3c([nH]c12)C(CC)(CC(=O)O)OCC3,SMILES,0,88
5941,O=c1cccc2n1C[C@@H]1CNC[C@@H]2C1,SMILES,0,88
5942,Cc1ccc(Cc2cnc(NCCSCc3ccc(C(C)(C)N)o3)[nH]c2=O)cn1,SMILES,0,88
5943,CCCn1c(=O)c2[nH]c([C@H]3CCC(=O)C3)nc2n(CCC)c1=O,SMILES,0,88
5944,O=C(O)c1ccc(-c2ccccc2)cc1,SMILES,0,88
5945,OCc1nnc2n1-c1ccc(Cl)cc1C(c1ccccc1)=NC2,SMILES,0,88
5946,Cc1nnc2n1-c1ccc(Cl)cc1C(c1ccccc1)=N[C@H]2O,SMILES,0,88
5947,CN(C)Cc1ccc(CSCCNc2nc(=O)c(Cc3ccc4ccccc4c3)c[nH]2)o1,SMILES,0,88
5949,CCC(C)C(N)C1=NC(C(=O)NC(CC(C)C)C(=O)NC(CCC(=O)O)C(=O)NC(C(=O)NCCCCC2NC(=O)C(CC(N)=O)NC(=O)C(CC(=O)O)NC(=O)C(Cc3c[nH]cn3)NC(=O)C(Cc3ccccc3)NC(=O)C(C(C)CC)NC(=O)C(CCCN)NC2=O)C(C)CC)CS1,SMILES,0,88
5950,O=C(Cc1ccc(Cl)c(Cl)c1)N1CCc2[nH]cnc2C1CN1CCCC1,SMILES,0,88
5951,NS(=O)(=O)c1cc2c(cc1Cl)N=CNS2(=O)=O,SMILES,0,88
5952,CC12CCC(=O)C=C1CCC1C2C(O)CC2(C)C(C(=O)CO)CCC12,SMILES,0,88
5953,CC12CCC(=O)C=C1CCC1C2C(O)CC2(C)C1CCC2(O)C(=O)CO,SMILES,0,88
5954,CC(CN1CC(=O)NC(=O)C1)N1CC(=O)NC(=O)C1,SMILES,0,88
5955,O=c1[nH]cnc2c1ncn2C1CCC(CO)O1,SMILES,0,88
5956,CN1CC(C(=O)NC2(C)OC3(O)C4CCCN4C(=O)C(Cc4ccccc4)N3C2=O)CC2c3cccc4[nH]cc(c34)CC21,SMILES,0,88
5957,CCOC(=O)C(CCc1ccccc1)NC(C)C(=O)N1CCCC1C(=O)O,SMILES,0,88
5958,CCC(CO)NCCNC(CC)CO,SMILES,0,88
5959,CC(=O)N1CCN(C(=O)Cc2ccc(Cl)c(Cl)c2)C(CN2CCC(O)C2)C1,SMILES,0,88
5960,CC(=O)N1CCN(C(=O)Cc2ccc(C(F)(F)F)cc2)C(CN2CCC(O)C2)C1,SMILES,0,88
5961,CSc1ccc(CC(=O)N2CCN(C(C)=O)CC2CN2CCC(O)C2)cc1,SMILES,0,88
5963,CC(=O)N1CCN(C(=O)Cc2ccccc2)C(CN2CCC(O)C2)C1,SMILES,0,88
5964,CC(=O)N1CCN(C(=O)Cc2ccc([N+](=O)[O-])cc2)C(CN2CCC(O)C2)C1,SMILES,0,88
5965,COc1ccc(CC(=O)N2CCN(C(C)=O)CC2CN2CCC(O)C2)cc1,SMILES,0,88
5966,CC(=O)N1CCN(C(=O)Cc2cccc([N+](=O)[O-])c2)C(CN2CCC(O)C2)C1,SMILES,0,88
5967,CC(=O)N1CCN(C(=O)Cc2ccc(S(C)=O)cc2)C(CN2CCC(O)C2)C1,SMILES,0,88
5968,CC(=O)N1CCN(C(=O)Cc2ccc(S(C)(=O)=O)cc2)C(CN2CCC(O)C2)C1,SMILES,0,88
5969,N=C(N)NCC1COC2(CCCCC2)O1,SMILES,0,88
5970,COc1cccnc1CCCCNc1nc(=O)c(Cc2ccc(C)nc2)c[nH]1,SMILES,0,88
5972,CCn1cc(C(=O)O)c(=O)c2cc(F)c(N3CCNC(C)C3)c(F)c21,SMILES,0,88
5973,Cc1ccc(Cc2c[nH]c(NCCSCc3ccc(CN(C)C)o3)nc2=O)cn1,SMILES,0,88
5974,OCC(O)C(O)C(O)C(O)CO,SMILES,0,88
5976,CC#CC1(O)CCC2C3CCC4=CC(=O)CCC4=C3C(c3ccc(N(C)C)cc3)CC21C,SMILES,0,88
5977,NCC(O)c1ccc(O)c(O)c1,SMILES,0,88
5978,Nc1ccc(N=Nc2ccccc2)c(N)n1,SMILES,0,88
5979,CC1(C)SC2C(NC(=O)COc3ccccc3)C(=O)N2C1C(=O)O,SMILES,0,88
5982,CC(C)(C)NCC(O)c1ccc(O)c(CO)c1,SMILES,0,88
5983,O=C1NC(=O)C2(CCN(C(=O)Cc3ccc(Cl)c(Cl)c3)C(CN3CCCC3)C2)N1,SMILES,0,88
5984,O=C(Cc1ccc(Cl)c(Cl)c1)N1CCn2ccnc2C1CN1CCC(O)C1,SMILES,0,88
5986,O=C(Cc1ccc(Cl)c(Cl)c1)N1CCc2[nH]cnc2C1CN1CCC(O)C1,SMILES,0,88
5987,CCC(NC(=O)c1c(OCC(=O)O)c(-c2ccccc2)nc2ccccc12)c1ccccc1,SMILES,0,88
5989,CCC(NC(=O)c1c(OCCNC(=O)Cc2ccccc2C(=O)O)c(-c2ccccc2)nc2ccccc12)c1ccccc1,SMILES,0,88
5990,CCC(NC(=O)c1c(OCCNC(=O)Cc2ccccn2)c(-c2ccccc2)nc2ccccc12)c1ccccc1,SMILES,0,88
5991,CCC(NC(=O)c1c(OCCNC(=O)C2CCCN2)c(-c2ccccc2)nc2ccccc12)c1ccccc1,SMILES,0,88
5992,CCC(NC(=O)c1c(Cn2ccnc2)c(-c2ccccc2)nc2ccccc12)c1ccccc1,SMILES,0,88
5993,CC1CN(c2c(F)c(N)c3c(=O)c(C(=O)O)cn(C4CC4)c3c2F)CC(C)N1,SMILES,0,88
5995,CN1C(C(=O)Nc2ccccn2)=C(O)c2sccc2S1(=O)=O,SMILES,0,88
5996,CCNC(=NC#N)NCCSCc1ncccc1Br,SMILES,0,88
5997,CN(C)c1cc(-c2nc(N)n[nH]2)ccn1,SMILES,0,88
5998,CNC(=NC#N)Nc1cccc(-c2csc(N=C(N)N)n2)c1,SMILES,0,88
5999,CN(C)Cc1ccc(CSCCNC2N=CC=C2[N+](=O)[O-])o1,SMILES,0,88
6000,O=c1ncnc2[nH][nH]cc1-2,SMILES,0,88
6001,CCCCC[C@H](O)/C=C/[C@H]1[C@H](O)CC(=O)[C@@H]1CCCCCCC(=O)O,SMILES,0,88
6003,CC1(C)S[C@@H]2[C@H](NC(=O)[C@H](N)c3ccc(O)cc3)C(=O)N2[C@H]1C(=O)O,SMILES,0,88
6005,C[C@]12CCC(=O)C=C1CC[C@@H]1[C@@H]2CC[C@@]2(C)[C@H]1CC[C@]2(C)O,SMILES,0,88
6008,Cc1c(O)cccc1C(=O)N[C@@H](CSc1ccccc1)[C@H](O)CN1C[C@H]2CCCC[C@H]2C[C@H]1C(=O)NC(C)(C)C,SMILES,0,88
6009,CN(C)[C@@H]1C(=O)/C(=C(\N)O)C(=O)[C@@]2(O)C(=O)C3=C(O)c4c(O)ccc(Cl)c4[C@@](C)(O)[C@H]3C[C@@H]12.[H+],SMILES,0,88
6010,C[C@H]1C[C@H]2[C@@H]3CCC4=CC(=O)C=C[C@]4(C)[C@@]3(F)[C@@H](O)C[C@]2(C)[C@@]1(O)C(=O)CO,SMILES,0,88
6011,CC1(C)S[C@@H]2[C@H](NC(=O)C(C(=O)O)c3ccccc3)C(=O)N2[C@H]1C(=O)O,SMILES,0,88
6012,C[C@@](Cc1ccc(O)c(O)c1)(NN)C(=O)O,SMILES,0,88
6014,CC(=O)OCC1=C(C(=O)O)N2C(=O)[C@@H](NC(=O)CSc3ccncc3)[C@H]2SC1,SMILES,0,88
6015,Cc1onc(-c2ccccc2)c1C(=O)N[C@@H]1C(=O)N2[C@@H]1SC(C)(C)[C@@H]2C(=O)O,SMILES,0,88
6016,CC1(C)S[C@@H]2[C@H](NC(=O)COc3ccccc3)C(=O)N2[C@H]1C(=O)[O-],SMILES,0,88
6018,CN(C)[C@@H]1C(=O)/C(=C(\N)O)C(=O)[C@@]2(O)C(=O)C3=C(O)c4c(O)ccc(Cl)c4[C@@](C)(O)[C@H]3C[C@@H]12,SMILES,0,88
6020,C[C@]12CCC(=O)C=C1CC[C@@H]1[C@@H]2C(=O)C[C@@]2(C)[C@H]1CC[C@]2(O)C(=O)CO,SMILES,0,88
6021,CC[C@H](C)C(=O)O[C@H]1C[C@H](O)C=C2C=C[C@H](C)[C@H](CC[C@@H](O)C[C@@H](O)CC(=O)O)[C@H]21,SMILES,0,88
6025,O=C1C(=O)c2ccccc2C(O)=C1C1CCC(c2ccc(Cl)cc2)CC1,SMILES,0,88
6026,CC[C@H]1OC(=O)[C@H](C)[C@@H](O[C@H]2C[C@@](C)(OC)[C@@H](O)[C@H](C)O2)C(C)[C@@H](O[C@@H]2O[C@H](C)C[C@H](N(C)C)[C@H]2O)[C@](C)(O)C[C@@H](C)CN(C)[C@H](C)[C@@H](O)[C@]1(C)O,SMILES,0,88
6027,CCC(C)C(N)C1=NC(C(=O)N[C@@H](CC(C)C)C(=O)N[C@H](CCC(=O)O)C(=O)N[C@H](C(=O)NCCCC[C@@H]2NC(=O)[C@H](CC(N)=O)NC(=O)[C@@H](CC(=O)O)NC(=O)[C@H](Cc3cnc[nH]3)NC(=O)[C@@H](Cc3ccccc3)NC(=O)[C@H]([C@@H](C)CC)NC(=O)[C@@H](CCCN)NC2=O)[C@@H](C)CC)CS1,SMILES,0,88
6028,CC(C)C[C@H]1C(=O)N2CCC[C@H]2[C@]2(O)O[C@](NC(=O)[C@@H]3C=C4c5cccc6[nH]c(Br)c(c56)C[C@H]4N(C)C3)(C(C)C)C(=O)N12,SMILES,0,88
6029,C[C@H]1c2cccc(O)c2C(O)=C2C(=O)[C@]3(O)C(=O)/C(=C(/N)O)C(=O)[C@@H](N(C)C)[C@@H]3[C@@H](O)[C@@H]21,SMILES,0,88
6030,Clc1ccc(COC(Cn2ccnc2)c2ccc(Cl)cc2Cl)cc1,SMILES,0,88
6032,CN[C@@H](C)[C@H](O)c1ccccc1,SMILES,0,88
6036,C[C@]12CC[C@@H]3c4ccc(O)cc4CC[C@H]3[C@@H]1CCC2=O,SMILES,0,88
6039,O=c1[nH]c(=O)n([C@H]2C[C@H](O)[C@@H](CO)O2)cc1F,SMILES,0,88
6040,Cc1onc(-c2c(F)cccc2Cl)c1C(=O)N[C@@H]1C(=O)N2[C@@H]1SC(C)(C)[C@@H]2C(=O)O,SMILES,0,88
6041,Nc1nc(=O)c2ncn(COC(CO)CO)c2[nH]1,SMILES,0,88
6042,COc1cc2c(c(OC)c1OC)-c1ccc(OC)c(=O)cc1[C@@H](NC(C)=O)CC2,SMILES,0,88
6044,NC(N)=NCCN1CCCCCCC1,SMILES,0,88
6045,CN1Cc2c(-c3noc([C@](C)(O)CO)n3)ncn2-c2cccc(Cl)c2C1=O,SMILES,0,88
6046,C[C@H](N)[C@H](O)c1cccc(O)c1,SMILES,0,88
6047,CC(C)NCC(O)c1ccc(O)c(O)c1,SMILES,0,88
6050,C=C1c2c(Cl)ccc(O)c2C(O)=C2C(=O)C3(O)C(=O)/C(=C(/N)O)C(=O)C(N(C)C)C3C(O)C12,SMILES,0,88
6051,CN=C(NC#N)NCCSCc1nc[nH]c1C,SMILES,0,88
6052,O=c1nc[nH]c2c1ncn2[C@H]1CC[C@@H](CO)O1,SMILES,0,88
6053,CC#C[C@]1(O)CC[C@H]2[C@@H]3CCC4=CC(=O)CCC4=C3[C@@H](c3ccc(N(C)C)cc3)C[C@@]21C,SMILES,0,88
6056,CN(Cc1cnc2nc(N)nc(N)c2n1)c1ccc(C(=O)N[C@@H](CCC(=O)O)C(=O)O)cc1,SMILES,0,88
6058,C[C@](N)(Cc1ccc(O)c(O)c1)C(=O)O,SMILES,0,88
6059,COc1cccnc1CCCCNc1ncc(Cc2ccc(C)nc2)c(=O)[nH]1.[H+].[H+].[H+],SMILES,0,88
6060,CC(C)c1nc(CN(C)C(=O)N[C@H](C(=O)N[C@@H](Cc2ccccc2)C[C@H](O)[C@H](Cc2ccccc2)NC(=O)OCc2cncs2)C(C)C)cs1,SMILES,0,88
6062,CN[C@@H]1[C@H](O[C@H]2[C@H](O[C@H]3[C@H](O)[C@@H](O)[C@H](N=C(N)N)[C@@H](O)[C@@H]3N=C(N)N)O[C@@H](C)[C@]2(O)C=O)O[C@@H](CO)[C@H](O)[C@H]1O,SMILES,0,88
6063,C[C@]12CC[C@H]3[C@@H](CCC4=CC(=O)CC[C@@H]43)[C@@H]1CC[C@@H]2O,SMILES,0,88
6067,CN/C(=C\[N+](=O)[O-])NCCSCc1ccc(CN(C)C)o1,SMILES,0,88
6068,C[C@@H]1[C@H](O)[C@@H](C)/C=C\C=C/C=C\C=C/C=C\C=C/C=C\[C@H](O[C@@H]2O[C@H](C)[C@@H](O)[C@H](N)[C@@H]2O)C[C@@H]2O[C@](O)(C[C@@H](O)C[C@@H](O)[C@H](O)CC[C@@H](O)C[C@@H](O)CC(=O)O[C@H]1C)C[C@H](O)[C@H]2C(=O)O,SMILES,0,88
6069,CN(C)[C@@H]1C(=O)/C(=C(\N)O)C(=O)[C@@]2(O)C(=O)C3=C(O)c4c(O)cccc4[C@@](C)(O)[C@H]3[C@H](O)[C@@H]12,SMILES,0,88
6070,CC1(C)S[C@@H]2[C@H](NC(=O)Cc3ccccc3)C(=O)N2[C@H]1C(=O)O,SMILES,0,88
6071,CN(C)CCC(c1ccccc1)c1ccccn1,SMILES,0,88
6073,CC(C)(C)NCC(O)c1ccc(O)c(CO)n1,SMILES,0,88
6074,Cc1ccc(Cc2cnc(NCCCCc3ncc(Br)cc3C)[nH]c2=O)cn1,SMILES,0,88
6075,NC(N)=NCC1COC2(CCCCC2)O1,SMILES,0,88
6076,O=S(=O)([O-])CCS,SMILES,0,88
6077,CN(N=O)C(=O)N[C@@H]1[C@@H](O)[C@H](O)[C@@H](CO)O[C@@H]1O,SMILES,0,88
6078,CN[C@H](CC(C)C)C(=O)NC1C(=O)N[C@@H](CC(N)=O)C(=O)N[C@H]2C(=O)N[C@H]3C(=O)N[C@H](C(=O)N[C@@H](C(=O)O)c4cc(O)cc(O)c4-c4cc3ccc4O)[C@H](O)c3ccc(c(Cl)c3)Oc3cc2cc(c3O[C@@H]2O[C@H](CO)[C@@H](O)[C@H](O)[C@H]2O[C@H]2C[C@](C)(N)[C@H](O)[C@H](C)O2)Oc2ccc(cc2Cl)[C@H]1O,SMILES,0,88
6079,CN1C(CSCC(F)(F)F)Nc2cc(Cl)c(S(N)(=O)=O)cc2S1(=O)=O,SMILES,0,88
6082,COc1ccc(C[C@H](N)C(=O)NC2[C@@H](O)[C@H](n3cnc4c(N(C)C)ncnc43)O[C@@H]2CO)cc1,SMILES,0,88
6083,COC1C=COC2(C)Oc3c(C)c(O)c4c(c3C2=O)C(=O)C(=CNN2CCN(C)CC2)C(=C4O)NC(=O)C(C)=CC=CC(C)C(O)C(C)C(O)C(C)C(OC(C)=O)C1C,SMILES,0,88
6084,CN1[C@@H]2CC(OC(=O)[C@H](CO)c3ccccc3)C[C@H]1[C@@H]1O[C@@H]12,SMILES,0,88
6086,C[C@]12Cc3cn[nH]c3C[C@@H]1CC[C@@H]1[C@@H]2CC[C@@]2(C)[C@H]1CC[C@]2(C)O,SMILES,0,88
6087,CC(C)N1CCN(c2ccc(OC[C@H]3CO[C@](Cn4cncn4)(c4ccc(Cl)cc4Cl)O3)cc2)CC1,SMILES,0,88
6088,C[C@]12C=CC(=O)C=C1CC[C@@H]1[C@@H]2CC[C@]2(C)OC(=O)CC[C@@H]12,SMILES,0,88
6089,CN(C)[C@@H]1C(=O)/C(=C(\N)O)C(=O)[C@@]2(O)C(=O)C3=C(O)c4c(O)cccc4[C@@](C)(O)[C@H]3C[C@@H]12,SMILES,0,88
6090,C[C@]12CCC(=O)C=C1CC[C@@H]1[C@@H]2[C@@H](O)C[C@]2(C=O)[C@@H](C(=O)CO)CC[C@@H]12,SMILES,0,88
6091,Nc1nc(=S)c2[nH]cnc2[nH]1,SMILES,0,88
6092,C[C@]12C=CC(=O)C=C1CC[C@H]1[C@@H]3C[C@@H](O)[C@](O)(C(=O)CO)[C@@]3(C)C[C@H](O)[C@@]12F,SMILES,0,88
6093,NS(=O)(=O)c1cc2c(cc1Cl)NC(C(Cl)Cl)NS2(=O)=O,SMILES,0,88
6095,CC(=O)CC(c1ccccc1)c1c(O)oc2ccccc2c1=O,SMILES,0,88
6096,O=C(Cc1ccc(Cl)c(Cl)c1)N1CCc2[nH]cnc2[C@H]1CN1CCCC1,SMILES,0,88
6098,CN(C(=O)Cc1ccccc1N)[C@@H](CN1CC[C@@H](O)C1)c1ccccc1,SMILES,0,88
6099,CC(=O)N1CCN(C(=O)Cc2ccc(Cl)c(Cl)c2)[C@@H](CN2CC[C@@H](O)C2)C1,SMILES,0,88
6100,CC(=O)N1CCN(C(=O)Cc2ccc(C(F)(F)F)cc2)[C@@H](CN2CC[C@@H](O)C2)C1,SMILES,0,88
6101,CSc1ccc(CC(=O)N2CCN(C(C)=O)C[C@@H]2CN2CC[C@@H](O)C2)cc1,SMILES,0,88
6102,CC(=O)N1CCN(C(=O)Cc2cc(F)cc(F)c2)[C@@H](CN2CC[C@@H](O)C2)C1,SMILES,0,88
6103,COc1cccc(CC(=O)N2CCN(C(C)=O)C[C@@H]2CN2CC[C@@H](O)C2)c1,SMILES,0,88
6104,CC(=O)N1CCN(C(=O)Cc2ccc([N+](=O)[O-])cc2)[C@@H](CN2CC[C@H](O)C2)C1,SMILES,0,88
6105,COc1ccc(CC(=O)N2CCN(C(C)=O)C[C@@H]2CN2CC[C@@H](O)C2)cc1,SMILES,0,88
6106,CC(=O)N1CCN(C(=O)Cc2cccc([N+](=O)[O-])c2)[C@@H](CN2CC[C@H](O)C2)C1,SMILES,0,88
6107,CC(=O)N1CCN(C(=O)Cc2ccccc2)[C@@H](CN2CC[C@@H](O)C2)C1,SMILES,0,88
6108,CC(=O)N1CCN(C(=O)Cc2ccc([S@@](C)=O)cc2)[C@@H](CN2CC[C@H](O)C2)C1,SMILES,0,88
6111,Cc1cnc(N/C(O)=C2/C(=O)c3ccccc3S(=O)(=O)N2C)s1,SMILES,0,88
6112,CN1/C(=C(/O)Nc2ccccn2)C(=O)c2ccccc2S1(=O)=O,SMILES,0,88
6113,O=C1NC(=O)[C@@]2(CCN(C(=O)Cc3ccc(Cl)c(Cl)c3)[C@@H](CN3CCCC3)C2)N1,SMILES,0,88
6114,O=C(Cc1ccc(Cl)c(Cl)c1)N1CCn2ccnc2[C@H]1CN1CC[C@@H](O)C1,SMILES,0,88
6115,O=C(Cc1ccc(Cl)c(Cl)c1)N1CCN(CCO)C[C@@H]1CN1CC[C@@H](O)C1,SMILES,0,88
6116,O=C(Cc1ccc(Cl)c(Cl)c1)N1CCc2[nH]cnc2[C@H]1CN1CC[C@@H](O)C1,SMILES,0,88
6117,CC[C@H](NC(=O)c1c(OCC(=O)O)c(-c2ccccc2)nc2ccccc12)c1ccccc1,SMILES,0,88
6118,CC[C@H](NC(=O)c1c(OCCCC(=O)O)c(-c2ccccc2)nc2ccccc12)c1ccccc1,SMILES,0,88
6119,CC[C@H](NC(=O)c1c(OCCNC(=O)Cc2ccccc2C(=O)O)c(-c2ccccc2)nc2ccccc12)c1ccccc1,SMILES,0,88
6122,CN1/C(=C(\O)Nc2ccccn2)C(=O)c2sccc2S1(=O)=O,SMILES,0,88
6123,Cc1ccc(CC2=CNC(NCCSCc3ccc(CN(C)C)o3)=NC2)cn1,SMILES,0,88
6124,COc1cccc2c1C(=O)c1c(O)c3c(c(O)c1C2=O)C[C@@](O)(C(C)=O)C[C@@H]3O[C@H]1C[C@H](N)[C@H](O)[C@H](C)O1,SMILES,0,88
6125,C[C@@H](CN1CC(=O)NC(=O)C1)N1CC(=O)NC(=O)C1,SMILES,0,88
6127,O=C1Nc2ccc(Cl)cc2[C@@](C#CC2CC2)(C(F)(F)F)O1,SMILES,0,88
6128,CCOC(=O)[C@H](CCc1ccccc1)N[C@@H](C)C(=O)N1CCC[C@H]1C(=O)O,SMILES,0,88
6129,CC[C@@H](CO)NCCN[C@@H](CC)CO,SMILES,0,88
6130,CC[C@@]1(O)C[C@H](OC2CC(N(C)C)C(OC3CC(O)C(OC4CCC(=O)C(C)O4)C(C)O3)C(C)O2)c2c(cc3c(c2O)C(=O)c2c(O)cccc2C3=O)[C@H]1C(=O)OC,SMILES,0,88
6131,CC1(C)S[C@@H]2[C@H](NC(=O)CCC[C@@H](N)C(=O)O)C(=O)N2[C@H]1C(=O)O,SMILES,0,88
6132,COc1cccc2c1C(=O)c1c(O)c3c(c(O)c1C2=O)CC(O)(C(=O)CO)CC3O,SMILES,0,88
6136,CN(C)[C@@H]1C(=O)/C(=C(\N)O)C(=O)[C@@]2(O)C(=O)C3=C(O)c4c(ccc(N)c4O)C[C@H]3C[C@@H]12,SMILES,0,88
6137,CC(=O)[C@]1(N)Cc2c(O)c3c(c(O)c2[C@@H](O[C@H]2C[C@H](O)[C@H](O)CO2)C1)C(=O)c1ccccc1C3=O.[H+],SMILES,0,88
6139,CN(C)[C@@H]1C(=O)/C(=C(/O)NC(C(=O)O)N2CCN(CCO)CC2)C(=O)[C@@]2(O)C(=O)C3=C(O)c4c(O)cccc4[C@@](C)(O)[C@H]3C[C@@H]12,SMILES,0,88
6140,CN[C@@H]1[C@@H](O[C@H]2O[C@H](CO)[C@@H](N)[C@H](O)[C@H]2O)O[C@H]2C[C@@H](N)[C@H](O[C@H]3[C@H](O)[C@@H](O)[C@H](N)C[C@@H]3N)O[C@@H]2[C@@H]1O,SMILES,0,88
6141,NCC[C@H](O)C(=O)N[C@@H]1C[C@H](N)[C@@H](O[C@H]2O[C@H](CN)CC[C@H]2N)[C@H](O)[C@H]1O[C@H]1O[C@H](CO)[C@@H](O)[C@H](N)[C@H]1O,SMILES,0,88
6142,CNC(=O)C[C@@H](N)C(=O)N[C@@H](C(=O)N[C@@H]1C(=O)N2[C@@H]1SC(C)(C)[C@@H]2C(=O)O)c1ccc(O)cc1,SMILES,0,88
6143,CO[C@H]1[C@@H](O)[C@H](N)[C@@H](O[C@H]2O[C@H](C(C)N)CC[C@H]2N)[C@H](O)[C@@H]1N(C)C(=O)CN,SMILES,0,88
6144,C[C@H]1[C@H](NC(=O)/C(=N\OC(C)(C)C(=O)O)c2csc([NH3+])n2)C(=O)N1S(=O)(=O)[O-],SMILES,0,88
6146,CC[C@H]1OC(=O)[C@H](C)[C@@H](OC2CC(C)(OC)C(O)C(C)O2)C(C)[C@@H](OC2OC(C)CC(N(C)C)C2O)[C@](C)(O)C[C@@H](C)C(=O)[C@H](C)[C@@H](O)[C@H]1C,SMILES,0,88
6148,CC1(C)S[C@@H]2[C@H](NC(=O)C(C(=O)Oc3ccc4c(c3)CCC4)c3ccccc3)C(=O)N2[C@H]1C(=O)O,SMILES,0,88
6149,CC(=O)[C@]1(O)Cc2c(O)c3c(c(O)c2C(OC2CC(N)C(O)C(C)O2)C1)C(=O)c1c(O)cccc1C3=O,SMILES,0,88
6150,NC(=O)OCC1[C@H](NC(=O)/C(=N\OCC(=O)O)c2csc(N)n2)C(=O)N1S(=O)(=O)O,SMILES,0,88
6153,CC1=C(C(=O)O)N2C(=O)[C@@H](NC(=O)[C@H](N)c3ccccc3)[C@H]2SC1,SMILES,0,88
6156,NC(C(=O)N[C@@H]1C(=O)N2C(C(=O)O)=C(CSc3cn[nH]n3)CS[C@H]12)c1ccc(O)cc1,SMILES,0,88
6157,Cn1nnnc1SCC1=C(C(=O)[O-])N2C(=O)[C@@H](NC(=O)CSC(F)(F)F)[C@H]2SC1,SMILES,0,88
6158,Cc1nnc(SCC2=C(C(=O)O)N3C(=O)[C@@H](NC(=O)Cn4cc(Cl)c(=O)c(Cl)c4)[C@H]3SC2)s1,SMILES,0,88
6160,CC/C=C(\C(=O)N[C@@H]1C(=O)N2C(C(=O)O)=C(COC(N)=O)CS[C@H]12)c1csc(N)n1,SMILES,0,88
6161,COCC1=C(C(=O)O)N2C(=O)[C@@H](NC(=O)/C(=N\O)c3csc(N)n3)[C@H]2SC1,SMILES,0,88
6162,C=CC1=C(C(=O)O)N2C(=O)[C@@H](NC(=O)/C(=N\O)c3csc(N)n3)[C@H]2SC1,SMILES,0,88
6163,CO/N=C(\C(=O)NC1C(=O)N2C(C(=O)O)=C(/C=C\c3scnc3C)CS[C@H]12)c1csc(N)n1,SMILES,0,88
6165,CO/N=C(\C(=O)N[C@@H]1C(=O)N2C(C(=O)O)=C(C)CS[C@H]12)c1csc(N)n1,SMILES,0,88
6167,Cn1nnnc1SCC1=C(C(=O)O)N2C(=O)[C@@H](NC(=O)CS/C=C\C#N)[C@H]2SC1,SMILES,0,88
6168,C=CC1=C(C(=O)O)N2C(=O)[C@@H](NC(=O)/C(=N\OCC(=O)O)c3csc(N)n3)[C@H]2SC1,SMILES,0,88
6169,CO/N=C(\C(=O)N[C@@H]1C(=O)N2C(C(=O)O)=C(CSc3nnnn3C)CS[C@H]12)c1csc(N)n1,SMILES,0,88
6170,CO[C@@]1(NC(=O)CSCC#N)C(=O)N2C(C(=O)O)=C(CSc3nnnn3C)CS[C@@H]21,SMILES,0,88
6171,CO[C@@]1(NC(=O)CSC[C@@H](N)C(=O)O)C(=O)N2C(C(=O)O)=C(CSc3nnnn3C)CS[C@@H]21,SMILES,0,88
6172,CO/N=C(/C(=O)N[C@@H]1C(=O)N2C(C(=O)O)=C(CSc3nc(C)c(CC(=O)O)s3)CS[C@H]12)c1csc(N)n1,SMILES,0,88
6173,O=C(O)C1=C(CSc2nnnn2CS(=O)(=O)O)CS[C@@H]2[C@H](NC(=O)C(O)c3ccccc3)C(=O)N12,SMILES,0,88
6174,NCc1ccccc1CC(=O)N[C@@H]1C(=O)N2C(C(=O)O)=C(CSc3nnnn3CC(=O)O)CS[C@H]12,SMILES,0,88
6175,CO[C@@]1(NC(=O)C2SC(=C(C(N)=O)C(=O)O)S2)C(=O)N2C(C(=O)O)=C(CSc3nnnn3C)CS[C@@H]21,SMILES,0,88
6176,CN(C)CCn1nnnc1SCC1=C(C(=O)O)N2C(=O)[C@@H](NC(=O)Cc3csc(N)n3)[C@H]2SC1,SMILES,0,88
6177,CC(=O)OCC1=C(C(=O)O)N2C(=O)[C@@H](NC(=O)c3c(-c4ccccc4Cl)noc3C)[C@H]2SC1,SMILES,0,88
6178,Cc1cc(=O)c(C(=O)N[C@@H](C(=O)NC2C(=O)N3C(C(=O)O)=C(CSc4nnnn4C)CS[C@H]23)c2ccc(O)cc2)c[nH]1,SMILES,0,88
6179,COCC1=C(C(=O)[O-])N2C(=O)[C@@H](NC(=O)/C(=N\OC)c3csc(N)n3)[C@H]2SC1,SMILES,0,88
6180,C/C=C/C1=C(C(=O)O)N2C(=O)[C@@H](NC(=O)[C@H](N)c3ccc(O)cc3)[C@H]2SC1,SMILES,0,88
6181,CC1=C(C(=O)O)N2C(=O)[C@@H](NC(=O)Cc3ccc(C4=NCCCN4)cc3)[C@H]2SC1,SMILES,0,88
6182,CC1=C(C(=O)O)N2C(=O)[C@@H](NC(=O)[C@H](N)c3cccc(NS(C)(=O)=O)c3)[C@H]2SC1,SMILES,0,88
6184,O=C(Cn1cnnn1)N[C@@H]1C(=O)N2C(C(=O)O)=C(CSc3nncs3)CS[C@H]12,SMILES,0,88
6185,Nc1nc(/C(=C/CC(=O)O)C(=O)N[C@@H]2C(=O)N3C(C(=O)O)=CCS[C@H]23)cs1,SMILES,0,88
6187,CO/N=C(\C(=O)N[C@@H]1C(=O)N2C(C(=O)O)=C(/C=C/Sc3n[nH]c(=O)c(=O)n3CC=O)CS[C@H]12)c1csc(N)n1,SMILES,0,88
6188,CO/N=C(\C(=O)N[C@@H]1C(=O)N2C(C(=O)O)=C(COC(C)=O)CS(=O)[C@H]12)c1csc(N)n1,SMILES,0,88
6189,CO/N=C(\C(=O)N[C@@H]1C(=O)N2C(C(=O)O)=CCS[C@H]12)c1csc(N)n1,SMILES,0,88
6190,CO/N=C(\C(=O)N[C@@H]1C(=O)N2C(C(=O)O)=C(COC(C)=O)CS[C@H]12)c1ccco1,SMILES,0,88
6191,COCCCC(=O)OC(C)OC(=O)C1=C(COC(N)=O)CS[C@@H]2[C@H](NC(=O)/C(=N\OC)c3ccco3)C(=O)N12,SMILES,0,88
6193,CC(=O)OCC1=C(C(=O)O)N2C(=O)[C@@H](NC(=O)[C@H](N)c3ccccc3)[C@H]2SC1,SMILES,0,88
6195,CC(=O)OCC1=C(C(=O)O)N2C(=O)[C@@H](NC(=O)Cc3cccs3)[C@H]2SC1,SMILES,0,88
6196,CC(=O)C1=C(O)[C@@]2(O)C(=O)c3c(c(C)c4ccc(C)c(O)c4c3O)C[C@H]2[C@@H](N)C1=O,SMILES,0,88
6197,CC[C@H]1OC(=O)[C@H](C)[C@@H](O[C@H]2C[C@@](C)(OC)[C@@H](O)[C@H](C)O2)[C@H](C)[C@@H](O[C@@H]2O[C@H](C)C[C@H](N(C)C)[C@H]2O)[C@](C)(OC)C[C@@H](C)C(=O)[C@H](C)[C@@H](O)[C@]1(C)O,SMILES,0,88
6198,CCC[C@@H]1C[C@@H](C(=O)NC(C(C)Cl)[C@H]2O[C@H](SC)[C@H](O)[C@@H](O)[C@H]2O)N(C)C1,SMILES,0,88
6199,COC(C(=O)N[C@@H]1C(=O)N2[C@@H]1SC(C)(C)[C@@H]2C(=O)O)c1ccc(Cl)c(Cl)c1,SMILES,0,88
6200,CN(C)[C@@H]1C(=O)/C(=C(/O)NCO)C(=O)[C@@]2(O)C(=O)C3=C(O)c4c(O)ccc(Cl)c4[C@@](C)(O)[C@H]3C[C@@H]12,SMILES,0,88
6203,Cc1onc(-c2c(Cl)cccc2Cl)c1C(=O)N[C@@H]1C(=O)N2[C@@H]1SC(C)(C)[C@@H]2C(=O)O,SMILES,0,88
6204,CN[C@@H]1[C@H](O[C@H]2[C@H](O[C@@H]3[C@@H](O)[C@H](O)[C@@H](N=C(N)N)[C@H](O)[C@H]3N=C(N)N)O[C@@H](C)[C@]2(O)CO)O[C@@H](CO)[C@H](O)[C@H]1O,SMILES,0,88
6205,COc1ccc(-c2cc(=O)c3c(O)cc(O[C@@H]4O[C@H](CO[C@@H]5O[C@@H](C)[C@H](O)[C@@H](O)[C@H]5O)[C@@H](O)[C@H](O)[C@H]4O)cc3o2)cc1O,SMILES,0,88
6207,CC[C@H]1OC(=O)[C@H](C)[C@@H](O[C@H]2C[C@@](C)(OC)[C@@H](O)[C@H](C)O2)[C@H](C)[C@@H](O[C@@H]2O[C@H](C)C[C@H](N(C)C)[C@H]2O)[C@](C)(O)C[C@@H](C)[C@@H]2N[C@@H](COCCOC)O[C@H]([C@H]2C)[C@]1(C)O,SMILES,0,88
6208,CC(=O)O[C@@]12CO[C@@H]1C[C@H](O)[C@@]1(C)C(=O)[C@H](O)C3=C(C)[C@@H](OC(=O)[C@H](O)[C@@H](NC(=O)OC(C)(C)C)c4ccccc4)C[C@@](O)([C@@H](OC(=O)c4ccccc4)[C@H]21)C3(C)C,SMILES,0,88
6209,C/C=C/C=C/C1OC(O)(C(CC)C(=O)NC/C=C/C=C(\C)C(OC)C(C)C2OC(/C=C/C=C/C=C(\C)C(=O)c3c(O)n(C)ccc3=O)C(O)C2O)C(O)C(OC2OC(C)C(OC3OC(C)C(OC)C(O)C3OC)C(OC)C2O)C1(C)C,SMILES,0,88
6210,CC[C@H]1CN2CCc3cc(OC)c(OC)cc3[C@@H]2C[C@@H]1C[C@H]1NCCc2cc(OC)c(OC)cc21,SMILES,0,88
6211,CC1(C)S[C@@H]2[C@H](NC(=O)[C@H](N)C3=CCC=CC3)C(=O)N2[C@H]1C(=O)O,SMILES,0,88
6212,CCC(C)[C@H]1O[C@]2(CC[C@@H]1C)CC1C[C@@H](C/C=C(\C)[C@@H](O[C@H]3C[C@H](OC)[C@@H](OC4C[C@H](OC)[C@@H](O)[C@H](C)O4)[C@H](C)O3)[C@@H](C)/C=C/C=C3\CO[C@@H]4[C@H](O)C(C)=C[C@@H](C(=O)O1)[C@]34O)O2.CO[C@H]1CC(O[C@H]2[C@H](C)O[C@@H](O[C@@H]3/C(C)=C/C[C@@H]4CC(C[C@]5(CC[C@H](C)[C@@H](C(C)C)O5)O4)OC(=O)[C@@H]4C=C(C)[C@@H](O)[C@H]5OC/C(=C\C=C\[C@@H]3C)[C@]54O)C[C@@H]2OC)O[C@@H](C)[C@@H]1O,SMILES,0,88
6213,COc1cccc2c1C(=O)c1c(O)c3c(c(O)c1C2=O)C[C@](O)(C(=O)CO)C[C@H]3OC1CC(N)CC(C)O1,SMILES,0,88
6214,CN(CCN(C)CN/C(O)=C1\C(=O)[C@@H](N(C)C)[C@@H]2C[C@H]3C(=C(O)c4c(O)cccc4[C@@]3(C)O)C(=O)[C@]2(O)C1=O)CN/C(O)=C1\C(=O)[C@@H](N(C)C)[C@@H]2C[C@H]3C(=C(O)c4c(O)cccc4[C@@]3(C)O)C(=O)[C@]2(O)C1=O,SMILES,0,88
6215,CC1(C)S[C@@H]2[C@H](NC(=O)C(Oc3ccccc3)c3ccccc3)C(=O)N2[C@H]1C(=O)O,SMILES,0,88
6216,CC(C)(Oc1ccc(Cl)cc1)C(=O)N[C@@H](C(=O)N[C@@H]1C(=O)N2[C@@H]1SC(C)(C)[C@@H]2C(=O)O)c1ccccc1,SMILES,0,88
6218,CC[C@H]1OC(=O)[C@H](C)[C@@H](O[C@H]2C[C@@](C)(OC)[C@@H](O)[C@H](C)O2)[C@H](C)[C@@H](O[C@@H]2O[C@H](C)C[C@H](N(C)C)[C@H]2O)[C@](C)(O)C[C@](C)(F)C(=O)[C@H](C)[C@@H](O)[C@]1(C)O,SMILES,0,88
6219,C[C@@H](O)[C@H]1C(=O)N2C(C(=O)O)=C([C@H]3CCCO3)S[C@H]12,SMILES,0,88
6220,CC1(C)S[C@@H]2[C@H](NC(=O)[C@@H](N=Cc3ccco3)c3ccc(O)cc3)C(=O)N2[C@H]1C(=O)O,SMILES,0,88
6221,CC(C)CC(OC(=O)c1ccco1)C(=O)N[C@@H]1C(=O)N2[C@@H]1SC(C)(C)[C@@H]2C(=O)O,SMILES,0,88
6224,CO/N=C(\C(=O)N[C@@H]1C(=O)N(OCC(=O)OCC(=O)OC(C)(C)C)[C@H]1C)c1csc(N)n1,SMILES,0,88
6225,Cc1c(F)c(N2CCNC(C)C2)cc2c1c(=O)c(C(=O)O)cn2C1CC1,SMILES,0,88
6226,CN(C)C1C(=O)/C(=C(/O)NCN2CCN(C(=N)N=C(N)N)CC2)C(=O)C2(O)C(=O)C3=C(O)c4c(O)cccc4C(C)(O)C3CC12,SMILES,0,88
6227,CC1(C)S[C@@H]2[C@H](N3C(=O)[C@@H](c4ccccc4)NC3(C)C)C(=O)N2[C@H]1C(=O)O,SMILES,0,88
6228,CC(Cc1ccccc1)NO,SMILES,0,88
6229,C[C@H](O)[C@H]1C(=O)N2C(C(=O)O)=C(SCCN=CN)C[C@H]12,SMILES,0,88
6230,CC(C)(Oc1ccccc1)C(=O)N[C@@H]1C(=O)N2[C@@H]1SC(C)(C)[C@@H]2C(=O)O,SMILES,0,88
6232,Cc1oc(=O)oc1COC(=O)[C@@H]1N2C(=O)[C@@H](NC(=O)[C@H](N)c3ccccc3)[C@H]2SC1(C)C,SMILES,0,88
6233,CNCC[C@@H](O)[C@@H]1C[C@H](SC2=C(C(=O)O)N3C(=O)[C@H]([C@@H](C)O)[C@H]3[C@H]2C)CN1,SMILES,0,88
6234,COc1cccc2c1C(=O)c1c(O)c3c(c(O)c1C2=O)C[C@@](O)(C(=O)CO)C[C@@H]3O[C@H]1C[C@H](NC(=O)[C@@H](N)CC(C)C)[C@H](O)[C@H](C)O1,SMILES,0,88
6235,CC[C@H]1OC(=O)[C@H](C)[C@@H](OC2CC(C)(OC)C(O)C(C)O2)C(C)[C@@H](OC2OC(C)CC(N(C)C)C2O)[C@](C)(O)C[C@@H](C)/C(=N\OC)[C@H](C)[C@@H](O)[C@]1(C)O,SMILES,0,88
6236,N[C@@H](C(=O)NC1C(=O)N2C(C(=O)O)=C(Cl)CCC12)c1ccccc1,SMILES,0,88
6237,CCCCc1nc(Cl)c(CO)n1Cc1ccc(-c2ccccc2-c2nn[nH]n2)cc1,SMILES,0,88
6238,CN(C)[C@@H]1C(=O)/C(=C(/N)O)C(=O)[C@@]2(O)C(=O)C3=C(O)c4c(O)ccc(Cl)c4[C@@](C)(O)[C@H]3C[C@@H]12.[H+],SMILES,0,88
6239,CC1(C)S[C@@H]2[C@H](N=CN3CCCCCC3)C(=O)N2[C@H]1C(=O)O,SMILES,0,88
6240,C[C@H](O)C1C(=O)N2C(C(=O)O)=C(S[C@@H]3CN[C@H](C(=O)N(C)C)C3)[C@H](C)C12,SMILES,0,88
6241,C=C1c2cccc(O)c2C(O)=C2C(=O)[C@]3(O)C(=O)/C(=C(/N)O)C(=O)[C@@H](N(C)C)[C@@H]3[C@@H](O)[C@H]12,SMILES,0,88
6242,COc1cccc(OC)c1C(=O)N[C@@H]1C(=O)N2[C@@H]1SC(C)(C)[C@@H]2C(=O)O,SMILES,0,88
6243,CC1(C)S[C@@H]2[C@H](NC(=O)[C@H](NC(=O)N3CCN(S(C)(=O)=O)C3=O)c3ccccc3)C(=O)N2[C@H]1C(=O)O,SMILES,0,88
6244,COCC(=O)O[C@]1(CCN(C)CCCc2nc3ccccc3[nH]2)CCc2cc(F)ccc2[C@@H]1C(C)C,SMILES,0,88
6246,CO[C@@]12[C@H](COC(N)=O)C3=C(C(=O)C(C)=C(N)C3=O)N1C[C@@H]1N[C@@H]12,SMILES,0,88
6247,CO[C@@]1(NC(=O)C(C(=O)O)c2ccc(O)cc2)C(=O)N2C(C(=O)O)=C(CSc3nnnn3C)CO[C@@H]21,SMILES,0,88
6248,NC[C@H]1O[C@H](O[C@H]2[C@H](O)[C@@H](O)[C@H](N)C[C@@H]2N)[C@H](N)[C@@H](O)[C@@H]1O,SMILES,0,88
6249,CCN[C@@H]1C[C@H](N)[C@@H](O[C@H]2OC(CN)=CC[C@H]2N)[C@H](O)[C@H]1O[C@H]1OC[C@](C)(O)[C@H](NC)[C@H]1O,SMILES,0,88
6250,CN(C)[C@@H]1C(=O)/C(=C(\N)O)C(=O)[C@@]2(O)C(=O)C3=C(O)c4c(O)ccc([N+](=O)[O-])c4C[C@H]3C[C@@H]12,SMILES,0,88
6252,COC1CC(O[C@H]2[C@H](C)[C@@H](OC3OC(C)CC(N(C)C)C3O)[C@@H](C)C[C@]3(CO3)C(=O)[C@H](C)[C@@H](O)[C@@H](C)[C@@H](C)OC(=O)[C@@H]2C)OC(C)C1O,SMILES,0,88
6254,CO/N=C(\C(=O)NC1C(=O)N(OCC(=O)O)[C@H]1C)c1csc(N)n1,SMILES,0,88
6255,CC(=O)O[C@H]1C(=O)[C@@]2(C)C([C@H](OC(=O)c3ccccc3)[C@]3(O)C[C@H](OC(=O)[C@H](O)[C@@H](NC(=O)c4ccccc4)c4ccccc4)C(C)=C1C3(C)C)[C@]1(OC(C)=O)CO[C@@H]1C[C@@H]2O,SMILES,0,88
6256,CN(C)[C@@H]1C(=O)/C(=C(/O)NCN2CCCC(C(=O)O)C2)C(=O)[C@@]2(O)C(=O)C3=C(O)c4c(O)cccc4[C@@](C)(O)[C@H]3C[C@@H]12,SMILES,0,88
6258,CN(C)C1C(=O)/C(=C(/O)NCN2CCN(CCO)CC2)C(=O)C2(O)C(=O)C3=C(O)c4c(O)cccc4C(C)(O)C3CC12,SMILES,0,88
6259,COc1cccc2c1C(=O)c1c(O)c3c(c(O)c1C2=O)C[C@@](O)(C(=O)CO)C[C@@H]3O[C@H]1C[C@H](N)[C@H](O[C@H]2CCCCO2)[C@H](C)O1,SMILES,0,88
6260,CC1(C)SC2C(N(C(=N)c3ccncc3)[C@H](C(=O)NC(=O)CN)c3ccccc3)C(=O)N2C1C(=O)O,SMILES,0,88
6263,CC(C)(C)C(=O)OCOC(=O)[C@@H]1N2C(=O)[C@@H](NC(=O)[C@H](N)c3ccccc3)[C@H]2SC1(C)C,SMILES,0,88
6264,Cc1cnn(-c2c(Cl)cccc2Cl)c1C(=O)N[C@@H]1C(=O)N2[C@@H]1SC(C)(C)[C@@H]2C(=O)O,SMILES,0,88
6265,CC1(C)S[C@@H]2[C@H](NC(=O)c3nc4ccccc4nc3C(=O)O)C(=O)N2[C@H]1C(=O)O,SMILES,0,88
6266,CO[C@H]1/C=C/O[C@@]2(C)Oc3c(C)c(O)c4c(c3C2=O)C2=NC3(CCN(CC(C)C)CC3)NC2=C(NC(=O)/C(C)=C\C=C\[C@H](C)[C@H](O)[C@@H](C)[C@@H](O)[C@@H](C)[C@H](OC(C)=O)[C@@H]1C)C4=O,SMILES,0,88
6267,CCN(CC)c1nc2c(s1)c1c(O)c3c(O)c(C)c4c(c32)C(=O)[C@@](C)(O/C=C/[C@H](OC)[C@@H](C)[C@@H](OC(C)=O)[C@H](C)[C@H](O)[C@H](C)[C@@H](O)[C@@H](C)/C=C/C=C(/C)C(=O)N1)O4,SMILES,0,88
6269,CO[C@H]1/C=C/O[C@@]2(C)Oc3c(C)c(O)c4c(O)c(cc(O)c4c3C2=O)NC(=O)/C(C)=C\C=C\[C@H](C)[C@H](O)[C@@H](C)[C@@H](O)[C@@H](C)[C@H](OC(C)=O)[C@@H]1C,SMILES,0,88
6271,CO[C@H]1/C=C/O[C@@]2(C)Oc3c(C)c(O)c4c(O)c(c5c(nc6cc(C)ccn65)c4c3C2=O)NC(=O)/C(C)=C\C=C\[C@H](C)[C@H](O)[C@@H](C)[C@@H](O)[C@@H](C)[C@H](OC(C)=O)[C@@H]1C,SMILES,0,88
6272,C[C@@H](O)[C@H]1C(=O)N2C(C(=O)[O-])=C(COC(N)=O)S[C@H]12,SMILES,0,88
6273,CC[C@@]1(O)C[C@H](O[C@H]2C[C@H](N(C)C)[C@H](O[C@H]3C[C@@H]4O[C@H]5CC(=O)[C@H](C)O[C@H]5O[C@@H]4[C@H](C)O3)[C@H](C)O2)c2c(O)c3c(c(O)c2[C@H]1O[C@H]1C[C@H](N(C)C)[C@H](O)[C@H](C)O1)C(=O)c1cccc(O)c1C3=O,SMILES,0,88
6274,CC1(C)S[C@@H]2[C@H](NC(=O)[C@H](NC(=O)Cc3ccc(C4=NCCCN4)cc3)c3ccccc3)C(=O)N2[C@H]1C(=O)O,SMILES,0,88
6275,CC[C@H]1OC(=O)[C@H](C)[C@@H](O[C@H]2C[C@@](C)(OC)[C@@H](O)[C@H](C)O2)[C@H](C)[C@@H](O[C@@H]2O[C@H](C)C[C@H](N(C)C)[C@H]2O)[C@](C)(O)C[C@@H](C)/C(=N/OCOCCOC)[C@H](C)[C@@H](O)[C@]1(C)O,SMILES,0,88
6276,COC1CCCC2C1=C(C(=O)[O-])N1C(=O)C(C(C)O)C21,SMILES,0,88
6277,COCOC(=O)[C@@H]1N2C(=O)[C@@H](N3C(=O)C(c4ccccc4)NC3(C)C)[C@H]2SC1(C)C,SMILES,0,88
6278,CC(=O)OC1/C=C/C(C)=C/CC(O)/C=C/C(C)=C/C(NC(=O)C(C)=O)C2(C)C(=O)OC(C1)C(C)C2=O,SMILES,0,88
6279,CN[C@@H]1[C@@H](O)[C@@H](O[C@@H]2[C@@H](O)[C@H](O[C@H]3OC(CN)=CC[C@H]3N)[C@@H](N)C[C@H]2N)OC[C@]1(C)O,SMILES,0,88
6280,COC1C(O)CC(=O)OC(C)C/C=C/C=C/C(OC2CCC(N(C)C)C(C)O2)C(C)CC(CC=O)C1OC1OC(C)C(OC2CC(C)(O)C(O)C(C)O2)C(N(C)C)C1O,SMILES,0,88
6281,CC1(C)S[C@@H]2[C@H](NC(=O)C(c3ccccc3)S(=O)(=O)O)C(=O)N2[C@H]1C(=O)O,SMILES,0,88
6282,C[C@@H](O)[C@H]1C(=O)N2C(C(=O)O)=C(SC3CCS(=O)C3)S[C@H]12,SMILES,0,88
6283,CC1(C)S[C@@H]2[C@H](NC(=O)[C@H](N)c3ccccc3)C(=O)N2[C@H]1C(=O)O.CC1(C)[C@H](C(=O)O)N2C(=O)C[C@H]2S1(=O)=O,SMILES,0,88
6284,CC1(C)S[C@@H]2[C@H](NC(=O)[C@H](NS(=O)(=O)[O-])c3ccccc3)C(=O)N2[C@H]1C(=O)[O-],SMILES,0,88
6285,C=CC[C@@H]1/C=C(\C)C[C@H](C)C[C@H](OC)[C@H]2O[C@@](O)(C(=O)C(=O)N3CCCC[C@H]3C(=O)O[C@H](/C(C)=C/[C@@H]3CC[C@@H](O)[C@H](OC)C3)[C@H](C)[C@@H](O)CC1=O)[C@H](C)C[C@@H]2OC,SMILES,0,88
6286,CC1(C)S[C@@H]2[C@H](NC(=O)[C@H](N)c3ccccc3)C(=O)N2[C@H]1C(=O)OC1OC(=O)c2ccccc21,SMILES,0,88
6287,C[C@]1(Cn2ccnn2)[C@H](C(=O)O)N2C(=O)C[C@H]2S1(=O)=O,SMILES,0,88
6288,CCCCCCCCCC(=O)N[C@H]1[C@H](Oc2c3cc4cc2Oc2ccc(cc2Cl)[C@@H](O[C@@H]2O[C@H](CO)[C@@H](O)[C@H](O)[C@H]2NC(C)=O)[C@@H]2NC(=O)[C@H](NC(=O)[C@@H]4NC(=O)[C@H]4NC(=O)[C@@H](Cc5ccc(c(Cl)c5)O3)NC(=O)[C@H](N)c3ccc(O)c(c3)Oc3cc(O)cc4c3)c3ccc(O)c(c3)-c3c(O[C@H]4O[C@H](CO)[C@@H](O)[C@H](O)[C@@H]4O)cc(O)cc3[C@H](C(=O)O)NC2=O)O[C@H](CO)[C@@H](O)[C@@H]1O,SMILES,0,88
6289,CO[C@@]1(NC(=O)C(C(=O)O)c2ccsc2)C(=O)N2[C@@H](C(=O)O)C(C)(C)S[C@@H]21,SMILES,0,88
6290,CC1(C)[C@H](NC(=O)/C(=N\OCC(=O)O)c2csc(N)n2)C(=O)N1OS(=O)(=O)O,SMILES,0,88
6291,CC(C)C(=O)OCc1cccc(OC(=O)[C@@H]2N3C(=O)[C@@H](NC(=O)Cc4ccccc4)[C@H]3SC2(C)C)c1,SMILES,0,88
6292,NC[C@H]1O[C@H](O[C@H]2[C@H](O)[C@@H](O[C@H]3O[C@H](CO)[C@@H](O)[C@H](N)[C@H]3O)[C@H](N)C[C@@H]2N)[C@H](N)C[C@@H]1O,SMILES,0,88
6293,CO[C@H]1C[C@H](O[C@H]2[C@H](C)[C@@H](O[C@@H]3O[C@H](C)C[C@H](N(C)C)[C@H]3OC(C)=O)[C@@H](C)C[C@@]3(CO3)C(=O)[C@H](C)[C@@H](OC(C)=O)[C@@H](C)[C@@H](C)OC(=O)[C@@H]2C)O[C@@H](C)[C@@H]1OC(C)=O,SMILES,0,88
6294,CCCC[C@@H]1CC(=O)[C@]2(O)O[C@@H]3[C@@H](NC)[C@@H](O)[C@@H](NC)[C@H](O)[C@H]3O[C@@H]2O1,SMILES,0,88
6295,CC[C@]1(O)C[C@H]2CN(CCc3c([nH]c4ccccc34)[C@@](C(=O)OC)(c3cc4c(cc3OC)N(C)[C@H]3[C@@](O)(C(N)=O)[C@H](O)[C@]5(CC)C=CCN6CC[C@]43[C@@H]65)C2)C1,SMILES,0,88
6296,CC1=C/C(O)CC(=O)Cc2nc(co2)C(=O)N2CCC=C2C(=O)OC(C(C)C)C(C)/C=C\C(=O)NC/C=C\1,SMILES,0,88
6297,[C-]#[N+]C(=C\c1ccc(O)cc1)/C(=C/c1ccc(O)cc1)[N+]#[C-],SMILES,0,88
6298,COc1cccc2c1C(=O)c1c(O)c3c(c(O)c1C2=O)C[C@@](O)(/C(C)=N/NC(=O)c1ccccc1)C[C@@H]3O[C@H]1C[C@H](N)[C@H](O)[C@H](C)O1.[H+],SMILES,0,88
6299,O=C(O)COCCN1CCN([C@H](c2ccccc2)c2ccc(Cl)cc2)CC1,SMILES,0,88
6300,CC(C)(C)NC[C@@H](O)c1ccc(O)c(CO)c1,SMILES,0,88
6301,CC[C@H](CO)NCCN[C@H](CC)CO,SMILES,0,88
6302,CSc1ccc2c(c1)N(CC[C@@H]1CCCCN1)c1ccccc1S2,SMILES,0,88
6303,COc1c(C)cnc(C[S@@](=O)c2nc3cc(O)ccc3[nH]2)c1C,SMILES,0,88
6304,Nc1ccc(/N=N/c2ccccc2)c(N)n1,SMILES,0,88
6305,CC1(C)S[C@H]2C(NC(=O)[C@@H](C(=O)O)c3ccsc3)C(=O)N2[C@H]1C(=O)O,SMILES,0,88
6306,O=C(O)c1cc(=O)c2c(Cl)cc(Cl)cc2[nH]1,SMILES,0,88
6307,C[N+](C)(C)C[C@H](O)CC(=O)[O-],SMILES,0,88
6308,C[N+](C)(C)CCOP(=O)([O-])OC[C@H](O)CO,SMILES,0,88
6310,O=C(O)c1cc(N=Nc2ccc(S(=O)(=O)Nc3ccccn3)cc2)ccc1O,SMILES,0,88
6311,Oc1c(I)cc(Cl)c2cccnc12,SMILES,0,88
6312,O=C([O-])COCC[NH+]1CC[NH+]([C@H](c2ccccc2)c2ccc(Cl)cc2)CC1,SMILES,0,88
6313,CCN/C(=N/C#N)NCCSCc1ncccc1Br,SMILES,0,88
6314,O=C([O-])COCC[NH+]1CC[NH+](C(c2ccccc2)c2ccc(Cl)cc2)CC1,SMILES,0,88
6315,CCN=C(NC#N)NCCSCc1ncccc1Br,SMILES,0,88
6316,CCNC(=NCCSCc1ncccc1Br)NC#N,SMILES,0,88
6317,CCNC(NC#N)NCCSCc1ncccc1Br,SMILES,0,88
6318,CS(=O)(=O)N(CCO)c1c(Cl)c(Cl)cc2[nH]c(=O)c(=O)[nH]c12,SMILES,0,88
6319,CN1CC[C@]23c4c5ccc(O)c4O[C@H]2[C@@H](OC2O[C@H](C(=O)O)[C@@H](O)[C@H](O)[C@H]2O)C=C[C@H]3[C@H]1C5,SMILES,0,88
6320,O=C1CN(/N=C/c2ccc([N+](=O)[O-])o2)C(=O)N1,SMILES,0,88
6321,O=c1[nH]c2cc(Cl)ccc2c(O)c1-c1cccc(Oc2ccccc2)c1,SMILES,0,88
6323,COc1cc([C@@H]2c3cc4c(cc3[C@@H](O[C@@H]3O[C@@H]5CO[C@@H](C)O[C@H]5[C@H](O)[C@H]3O)[C@H]3COC(=O)[C@H]23)OCO4)cc(OC)c1O,SMILES,0,88
6324,COc1cccnc1CCCCNC1NCC(Cc2ccc(C)nc2)C(O)N1,SMILES,0,88
6325,CCC(CC)O[C@@H]1C=C(C(=O)O)C[C@H](N)[C@@H]1NCOC,SMILES,0,88
6328,COC1(NC(=O)C2SC(=C(C(N)=O)C(=O)[O-])S2)C(=O)N2C(C(=O)[O-])=C(CSc3nnnn3C)CSC21,SMILES,0,88
6329,c1ccc(NC2=NCCN2)cc1,SMILES,0,88
6330,CO[C@@]1(NC(=O)C2SC(=C(C(N)=O)C(=O)[O-])S2)C(=O)N2C(C(=O)[O-])=C(CSc3nnnn3C)CS[C@@H]21,SMILES,0,88
6331,Cc1ccc(CC2CNC(NCCCCc3ncc(Br)cc3C)NC2O)cn1,SMILES,0,88
6334,CN1Cc2c(-c3noc(C(C)(O)CO)n3)ncn2-c2cccc(Cl)c2C1O,SMILES,0,88
6335,CC(C)c1nc(CN(C)C(=O)N[C@@H](C)C(=O)C[C@@H](Cc2ccccc2)C[C@H](O)[C@H](Cc2ccccc2)NC(=O)OCc2cncs2)cs1,SMILES,0,88
6337,CN1Cc2c(-c3noc(CC(C)(O)CO)n3)ncn2-c2cccc(Cl)c2C1=O,SMILES,0,88
6338,O=C(c1ccc(OCCN2CCCCC2)cc1)c1c(-c2ccc(O)cc2)sc2cc(O)ccc12,SMILES,0,88
6339,CCOC(=O)N1CSCC1C(=O)O,SMILES,0,88
6340,O=C([O-])CCCc1ccc(N(CCCl)CCCl)cc1,SMILES,0,88
6341,O=C1c2c(O)cc(O)cc2CC(c2ccc(O)c(O)c2)C1O,SMILES,0,88
6342,OC(O)CCCc1ccc(N(CCCl)CCCl)cc1,SMILES,0,88
6343,OC[C@H]1O[C@@](CO)(O[C@H]2O[C@H](CO)[C@@H](O)[C@H](O)[C@H]2O)[C@@H](O)[C@@H]1O,SMILES,0,88
6344,CC[C@H]1OC(=O)[C@@H](C)[C@H](O[C@@H]2C[C@@](C)(OC)[C@@H](O)[C@H](C)O2)[C@@H](C)[C@H](O[C@@H]2O[C@H](C)C[C@H](N(C)C)[C@H]2O)[C@](C)(O)C[C@@H](C)CN(C)[C@H](C)C(O)[C@@]1(C)O,SMILES,0,88
6345,CC[C@@H](C)[C@@H](N)C1=N[C@H](C(=O)N[C@@H](CC(C)C)C(=O)N[C@H](CCC(=O)O)C(=O)N[C@H](C(=O)NCCCC[C@@H]2NC(=O)[C@H](CC(N)=O)NC(=O)[C@@H](CC(=O)O)NC(=O)[C@H](Cc3c[nH]cn3)NC(=O)[C@@H](Cc3ccccc3)NC(=O)[C@H]([C@@H](C)CC)NC(=O)[C@@H](CCCN)NC2=O)[C@@H](C)CC)CS1,SMILES,0,88
6346,C[C@@H](C[N+](C)(C)C)OC(N)=O,SMILES,0,88
6347,CC(C)C[C@H]1C(=O)N2CCCC2[C@]2(O)O[C@](NC(=O)[C@@H]3C=C4c5cccc6[nH]c(Br)c(c56)C[C@H]4N(C)C3)(C(C)C)C(=O)N12,SMILES,0,88
6348,CC1=C(C(=O)O)N2C(=O)[C@H](NC(=O)[C@@H](N)C3=CCC=CC3)[C@@H]2SC1,SMILES,0,88
6349,C[N+]12CCC(CC1)[C@@H](OC(=O)C(O)(c1ccccc1)[C+]1CCCCC1)C2,SMILES,0,88
6350,CC(C)/N=c1/cc2n(-c3ccc(Cl)cc3)c3ccccc3nc-2cc1Nc1ccc(Cl)cc1,SMILES,0,88
6351,CC(C)[N+]1(C)[C@@H]2CC[C@H]1CC(OC(=O)[C@@H](CO)c1ccccc1)C2,SMILES,0,88
6352,NC[C@H]1O[C@H](O[C@H]2C(O)[C@@H](O[C@H]3O[C@H](CO)[C@@H](O)[C@H](N)[C@H]3O)[C@H](N)C[C@@H]2N)[C@H](O)[C@@H](O)[C@@H]1O,SMILES,0,88
6353,O=C(c1ccccc1)c1ccc2n1CC[C@H]2C(=O)O,SMILES,0,88
6355,CC(=O)N[C-]1C(I)C(NC(C)=O)C(I)C(C(=O)O)C1I,SMILES,0,88
6356,CN(N=O)C(=O)N[C@@H]1[C@@H](O)[C@H](O)[C@@H](CO)O[C@H]1O,SMILES,0,88
6357,CCCC1CC(C(=O)NC(C(C)Cl)C2OC(SC)C(OP(=O)(O)O)C(O)C2O)N(C)C1,SMILES,0,88
6358,NCCCNCCSP(=O)(O)O,SMILES,0,88
6359,CNCNCCSCc1nc[nH]c1C.N#CN,SMILES,0,88
6361,CN[C@@H](C[N+](=O)[O-])NCCSCc1ccc(CN(C)C)o1,SMILES,0,88
6362,Cc1nnc(SCC2=C(C(=O)OCc3oc(=O)oc3C)N3C(=O)[C@@H](NC(=O)[C@H](OC(=O)[C@H](C)N)c4ccccc4)[C@H]3SC2)s1,SMILES,0,88
6363,Cc1nnc(SCC2=C(C(=O)O)N3C(=O)[C@H](NC(=O)Cn4cnnn4)[C@@H]3SC2)s1,SMILES,0,88
6365,CCN1CCN(C(=O)N[C@H](C(=O)N[C@H]2C(=O)N3C(C(=O)O)=C(CSc4nnnn4C)CS[C@H]23)c2ccc(O)cc2)C(=O)C1=O,SMILES,0,88
6367,CO/N=C(/C(=O)N[C@H]1C(=O)N2C(C(=O)O)=C(CSc3nc(C)c(CC(=O)O)s3)CS[C@H]12)c1csc(N)n1,SMILES,0,88
6368,CO/N=C(/C(=O)N[C@H]1C(=O)N2C(C(=O)O)=C(CSc3nnnn3C)CS[C@H]12)c1csc(N)n1,SMILES,0,88
6369,CO/N=C(/C(=O)N[C@H]1C(=O)N2C(C(=O)O)=C(CSc3nc(=O)c(=O)[nH]n3C)CS[C@H]12)c1csc(N)n1,SMILES,0,88
6370,CO/N=C(/C(=O)N[C@H]1C(=O)N2C(C(=O)O)=C(CSc3cnns3)CS[C@@H]12)c1csc(N)n1,SMILES,0,88
6372,O=C(Cn1cnnn1)N[C@@H]1C(=O)N2C(C(=O)O)=C(CSc3nncs3)CS[C@@H]12,SMILES,0,88
6373,O=C(Cc1cccs1)N[C@@H]1C(=O)N2C(C(=O)O)=C(CSC3=NCNN3)CS[C@@H]12,SMILES,0,88
6375,NCc1ccccc1CC(=O)N[C@@H]1C(=O)N2C(C(=O)O)=C(CSc3nnnn3CC(=O)O)CS[C@@H]12,SMILES,0,88
6376,Cc1cc(O)c(C(=O)N[C@@H](C(=O)N[C@@H]2C(=O)N3C(C(=O)O)=C(CSc4nnnn4C)CS[C@@H]23)c2ccc(O)cc2)cn1,SMILES,0,88
6377,N[C@@H](C(=O)N[C@@H]1C(=O)N2C(C(=O)O)=C(CSc3c[nH]nn3)CS[C@@H]12)c1ccc(O)cc1,SMILES,0,88
6378,Cc1nnc(SCC2=C(C(=O)O)N3C(=O)[C@@H](NC(=O)[C@@H](O)c4ccccc4)[C@H]3SC2)s1,SMILES,0,88
6379,CO[C@@]1(NC(=O)[C@@H](C(=O)O)c2ccc(O)cc2)C(=O)N2C(C(=O)O)=C(CSc3nnnn3C)CO[C@H]21,SMILES,0,88
6380,CC1(C)S[C@@H]2[C@@H](NC(=O)CSc3ccccc3)C(=O)N2[C@@H]1C(=O)O,SMILES,0,88
6381,C=CCSCC(=O)N[C@@H]1C(=O)N2[C@H]1SC(C)(C)[C@H]2C(=O)O,SMILES,0,88
6384,CO[C@]1(NC(=O)CSC[C@H](N)C(=O)O)C(=O)N2C(C(=O)O)=C(CSc3nnnn3C)CS[C@@H]21,SMILES,0,88
6385,Cc1c(O)cccc1C(=O)N[C@H](CSc1ccccc1)[C@@H](O)CN1C[C@H]2CCCC[C@@H]2C[C@@H]1C(=O)NC(C)(C)C,SMILES,0,88
6386,CCC[C@H]1C[C@H](C(=O)N[C@@H]([C@@H]2O[C@@H](SC)[C@@H](O)[C@H](O)[C@H]2O)[C@H](C)O)N(C)C1,SMILES,0,88
6387,Cn1nnnc1SCC1=C(C(=O)O)N2C(=O)[C@@H](NC(=O)CSC(F)(F)F)[C@@H]2SC1,SMILES,0,88
6388,CO/N=C(/C(=O)N[C@H]1C(=O)N2C(C(=O)O)=C(CSC(=O)c3ccco3)CS[C@H]12)c1csc(N)n1,SMILES,0,88
6390,C[C@@H]1[C@H](NC(=O)/C(=N\OC(C)(C)C(=O)O)c2csc(N)n2)C(=O)N1S(=O)(=O)O,SMILES,0,88
6391,NC(=O)OC[C@H]1[C@@H](NC(=O)/C(=N\OCC(=O)O)c2csc(N)n2)C(=O)N1S(=O)(=O)O,SMILES,0,88
6393,O=C(O)C1=C(CSc2nnnn2CS(=O)(=O)O)CS[C@@H]2[C@H](NC(=O)[C@@H](O)c3ccccc3)C(=O)N12,SMILES,0,88
6394,O=C(O)C1=C(CN2C=CC(CCS(=O)(=O)O)C=C2)CS[C@H]2[C@H](NC(=O)[C@H](NC(=O)c3nc[nH]c3C(=O)O)c3ccccc3)C(=O)N12,SMILES,0,88
6395,NC(=O)C1C=CN(C[C@H]2CS[C@@H]3[C@@H](NC(=O)[C@H](c4ccccc4)S(=O)(=O)O)C(=O)N3[C@H]2C(=O)O)C=C1,SMILES,0,88
6396,CC1(C)S[C@@H]2[C@H](NC(=O)[C@@H](c3ccccc3)S(=O)(=O)O)C(=O)N2[C@@H]1C(=O)O,SMILES,0,88
6397,CC1=C(C(=O)O)N2C(=O)[C@@H](NC(=O)[C@H](N)c3cccc(NS(C)(=O)=O)c3)[C@@H]2SC1,SMILES,0,88
6398,CC1(C)S[C@H]2[C@@H](NC(=O)[C@@H](NC(=O)Nc3cnc(Nc4ccc(S(N)(=O)=O)cc4)nc3O)c3ccc(O)cc3)C(=O)N2[C@@H]1C(=O)O,SMILES,0,88
6399,CC1(C)S[C@@H]2[C@@H](NC(=O)[C@H](NC(=O)c3ccc(-c4ccc(S(=O)(=O)N(CCO)CCO)cc4)[nH]c3=O)c3ccc(O)cc3)C(=O)N2[C@H]1C(=O)O,SMILES,0,88
6400,C[C@H](O)[C@@H]1C(=O)N2C(C(=O)O)=C(S[C@@H]3CN[C@H](C(=O)N(C)C)C3)[C@@H](C)[C@H]12,SMILES,0,88
6401,C[C@@H]1C(S[C@@H]2CN3C=NCN3C2)=C(C(=O)O)N2C(=O)[C@@H]([C@@H](C)O)[C@H]12,SMILES,0,88
6403,CO/N=C(/C(=O)N[C@@H]1C(=O)N2C(C(=O)O)=C(/C=C/Sc3n[nH]c(=O)c(=O)n3CC=O)CS[C@@H]12)c1csc(N)n1,SMILES,0,88
6404,Cn1nnnc1SCC1=C(C(=O)O)N2C(=O)[C@H](NC(=O)CS/C=C/C#N)[C@H]2SC1,SMILES,0,88
6406,N#CC(=C\c1ccc(O)cc1)/C(C#N)=C/c1ccc(O)cc1,SMILES,0,88
6408,O=C(Cc1cccs1)N[C@@H]1C(=O)N2C(C(=O)O)=C(CSc3nc[nH]n3)CS[C@H]12,SMILES,0,88
6409,CO[C@@H]1CCC[C@@H]2C1=C(C=O)N1C(=O)[C@@H]([C@@H](C)O)[C@@H]21,SMILES,0,88
6410,CO[C@@H]1[C@@H](O[C@@H]2O[C@@H](C)[C@H](O[C@H]3C[C@](C)(O)[C@H](O)[C@@H](C)O3)[C@H](N(C)C)[C@H]2O)[C@H](CC=O)C[C@@H](C)[C@H](O)/C=C/C=C\C[C@H](C)OC(=O)C[C@H]1O,SMILES,0,88
6412,CC[C@@H](C)[C@H](NC(=O)[C@H](CCC(=O)O)NC(=O)[C@H](CC(C)C)NC(=O)[C@@H]1CSC([C@H](N)[C@H](C)CC)=N1)C(=O)NCCCC[C@@H]1NC(=O)[C@H](CC(N)=O)NC(=O)[C@H](CC(=O)O)NC(=O)[C@H](Cc2c[nH]cn2)NC(=O)[C@H](Cc2ccccc2)NC(=O)[C@@H]([C@H](C)CC)NC(=O)[C@H](CCCN)NC1=O,SMILES,0,88
6414,Cn1c(=O)c2c(ncn2CCNC[C@H](O)c2ccc(O)c(O)c2)n(C)c1=O,SMILES,0,88
6415,C/C=C/C[C@H](C)[C@@H](O)[C@@H]1C(=O)N[C@@H](CC)C(=O)N(C)CC(=O)N(C)[C@H](CC(C)C)C(=O)N[C@@H](C(C)C)C(=O)N(C)[C@H](CC(C)C)C(=O)N[C@@H](C)C(=O)N[C@H](C)C(=O)N(C)[C@H](CC(C)C)C(=O)N(C)[C@H](CC(C)C)C(=O)N(C)[C@@H](C(C)C)C(=O)N1C,SMILES,0,88
6416,CC(C)C[C@@H]1NC(=O)[C@H](CCCN)NC(=O)[C@H](C(C)C)NC(=O)[C@H]2CCCN2C(=O)[C@H](Cc2ccccc2)NC(=O)[C@@H](CC(C)C)NC(=O)[C@@H](CCCN)NC(=O)[C@H](C(C)C)NC(=O)[C@@H]2CCCN2C(=O)[C@H](Cc2ccccc2)NC1=O,SMILES,0,88
6417,CC[C@@H]1NC(=O)[C@H]2CCCN2C(=O)[C@@H](Cc2ccccc2)NC(=O)[C@H](CC(C)C)NC(=O)[C@@H](CCCN)NC(=O)[C@H](C(C)C)NC(=O)[C@@H]2CCCN2C(=O)[C@@H](Cc2ccccc2)NC(=O)[C@@H](CC(C)C)NC(=O)[C@H](CCCN)NC1=O,SMILES,0,88
6419,CCCC[C@@H]1CC(=O)[C@@]2(O)O[C@@H]3[C@@H](NC)[C@H](O)[C@@H](NC)[C@H](O)[C@H]3O[C@@H]2O1,SMILES,0,88
6421,COCOC(=O)[C@H]1N2C(=O)[C@@H](N3C(=O)[C@H](c4ccccc4)NC3(C)C)[C@H]2SC1(C)C,SMILES,0,88
6422,CC(C)(C)C(=O)OCOC(=O)[C@H]1N2C(=O)[C@H](/N=C/N3CCCCCC3)[C@@H]2SC1(C)C,SMILES,0,88
6424,CC(C)c1nc(CN(C)C(=O)N[C@@H](C(=O)N[C@H](Cc2ccccc2)C[C@H](O)[C@@H](Cc2ccccc2)NC(=O)OCc2cncs2)C(C)C)cs1,SMILES,0,88
6425,CC(C)C(=O)OCc1cccc(OC(=O)[C@@H]2N3C(=O)[C@H](NC(=O)Cc4ccccc4)[C@@H]3SC2(C)C)c1,SMILES,0,88
6426,CO/N=C(/C(=O)N[C@H]1C(=O)N2C(C(=O)O)=C(COC(N)=O)CS[C@@H]12)c1ccco1,SMILES,0,88
6427,CC/C=C(/C(=O)N[C@H]1C(=O)N2C(C(=O)O)=C(COC(N)=O)CS[C@H]12)c1csc(N)n1,SMILES,0,88
6429,C[C@H](O)[C@@H]1C(=O)N2C(C(=O)O)=C(COC(N)=O)S[C@@H]12,SMILES,0,88
6430,CCOC(=O)O[C@@H]1[C@@H](O[C@@H]2[C@@H](C)[C@@H](O[C@H]3C[C@@](C)(OC)[C@@H](O)[C@H](C)O3)[C@H](C)C(=O)O[C@H](CC)[C@@](C)(O)[C@H](O)[C@@H](C)C(=O)[C@H](C)C[C@]2(C)O)O[C@@H](C)C[C@H]1N(C)C,SMILES,0,88
6431,CCOC(=O)CCC(=O)O[C@H]1[C@H](O[C@@H]2[C@H](C)[C@H](O[C@@H]3C[C@](C)(OC)[C@H](O)[C@@H](C)O3)[C@@H](C)C(=O)O[C@@H](CC)[C@](C)(O)[C@@H](O)[C@@H](C)C(=O)[C@H](C)C[C@@]2(C)O)O[C@H](C)C[C@@H]1N(C)C,SMILES,0,88
6432,CCOC(OCC)C(=O)OCC(=O)[C@@]1(O)Cc2c(O)c3c(c(O)c2[C@@H](O[C@@H]2C[C@@H](N)[C@H](O)[C@@H](C)O2)C1)C(=O)c1c(OC)cccc1C3=O,SMILES,0,88
6433,CC1(C)S[C@@H]2[C@@H](NC(=O)[C@@H](C(=O)Oc3ccccc3)c3ccccc3)C(=O)N2[C@H]1C(=O)O,SMILES,0,88
6435,CNC[C@H](O)c1cccc(OC(=O)C(C)(C)C)c1,SMILES,0,88
6436,CO[C@]12[C@H](COC(N)=O)C3=C(C(=O)C(C)=C(N)C3=O)N1C[C@@H]1N[C@@H]12,SMILES,0,88
6437,CC[C@@]1(O)C[C@H](O[C@@H]2C[C@H](N(C)C)[C@@H](O[C@@H]3C[C@H](O)[C@H](O[C@@H]4CCC(=O)[C@H](C)O4)[C@H](C)O3)[C@@H](C)O2)c2c(cc3c(c2O)C(=O)c2c(O)cccc2C3=O)[C@H]1C(=O)OC,SMILES,0,88
6439,CCC(=O)O[C@H]1[C@H](O[C@H]2[C@H](C)[C@H](O[C@@H]3C[C@](C)(OC)[C@H](O)[C@@H](C)O3)[C@@H](C)C(=O)O[C@@H](CC)[C@](C)(O)[C@@H](O)[C@H](C)C(=O)[C@@H](C)C[C@@]2(C)O)O[C@H](C)C[C@@H]1N(C)C,SMILES,0,88
6440,CO[C@@H]1C[C@H](O[C@@H]2[C@@H](C)[C@H](O[C@@H]3O[C@@H](C)C[C@H](N(C)C)[C@H]3OC(C)=O)[C@H](C)C[C@@]3(CO3)C(=O)[C@@H](C)[C@@H](OC(C)=O)[C@H](C)[C@@H](C)OC(=O)[C@@H]2C)O[C@H](C)[C@H]1OC(C)=O,SMILES,0,88
6441,CO[C@H]1[C@H](O[C@@H]2O[C@H](C)[C@H](O[C@@H]3C[C@@](C)(O)[C@@H](OC(=O)CC(C)C)[C@@H](C)O3)[C@@H](N(C)C)[C@H]2O)[C@@H](CC=O)C[C@@H](C)[C@@H](O)/C=C\C=C\C[C@H](C)OC(=O)C[C@@H]1OC(C)=O,SMILES,0,88
6442,CC(=O)O[C@H]1C(=O)[C@]2(C)[C@H](O)C[C@H]3OC[C@]3(OC(C)=O)[C@H]2[C@H](OC(=O)c2ccccc2)[C@@]2(O)C[C@@H](OC(=O)[C@@H](O)[C@@H](NC(=O)c3ccccc3)c3ccccc3)[C@@H](C)[C@@H]1C2(C)C,SMILES,0,88
6444,CO[C@@H]1/C=C/O[C@@]2(C)Oc3c(C)c(O)c4c(O)c(c(/C=N/N5CCN(C6CCCC6)CC5)c(O)c4c3C2=O)NC(=O)/C(C)=C\C=C/[C@@H](C)[C@H](O)[C@H](C)[C@@H](O)[C@H](C)[C@H](OC(C)=O)[C@@H]1C,SMILES,0,88
6446,CCN(CC)/C(C)=N/N=C/c1c2c(O)c3c(O)c(C)c4c(c3c1O)C(=O)[C@@](C)(O/C=C/[C@@H](OC)[C@@H](C)[C@@H](OC(C)=O)[C@@H](C)[C@@H](O)[C@H](C)[C@@H](O)[C@@H](C)/C=C/C=C(\C)C(=O)N2)O4,SMILES,0,88
6447,CCN(CC)c1nc2c(s1)c1c(O)c3c(O)c(C)c4c(c32)C(=O)[C@](C)(O/C=C/[C@H](OC)[C@H](C)[C@H](OC(C)=O)[C@H](C)[C@H](O)[C@@H](C)[C@@H](O)[C@H](C)/C=C/C=C(/C)C(=O)N1)O4,SMILES,0,88
6449,CO[C@H]1[C@H](OC(N)=O)[C@@H](O)[C@@H](Oc2ccc3c(O)c(NC(=O)c4ccc(O)c(CC=C(C)C)c4)c(=O)oc3c2C)OC1(C)C,SMILES,0,88
6450,CCC(=O)O[C@@H]1[C@@H](C)O[C@H](O[C@H]2[C@H](N(C)C)[C@@H](O)[C@@H](O[C@H]3[C@H](CC=O)C[C@H](C)[C@H](O)/C=C\C=C\C[C@@H](C)OC(=O)C[C@@H](OC(=O)CC)[C@@H]3OC)O[C@H]2C)C[C@@]1(C)O,SMILES,0,88
6451,CO[C@@H]1/C=C\O[C@]2(C)Oc3c(C)c(O)c4c(O)c(c5c(nc6cc(C)ccn65)c4c3C2=O)NC(=O)/C(C)=C/C=C/[C@@H](C)[C@H](O)[C@@H](C)[C@@H](O)[C@H](C)[C@@H](OC(C)=O)[C@@H]1C,SMILES,0,88
6452,CC[C@@]1(O)C[C@H]2C[N@@](CCc3c([nH]c4ccccc34)[C@](C(=O)OC)(c3cc4c(cc3OC)N(C=O)[C@H]3[C@](O)(C(=O)OC)[C@@H](OC(C)=O)[C@@]5(CC)C=CCN6CC[C@]43[C@H]65)C2)C1,SMILES,0,88
6453,CC[C@@]1(O)C[C@H]2C[N@@](CCc3c([nH]c4ccccc34)[C@](C(=O)OC)(c3cc4c(cc3OC)N(C)[C@H]3[C@](O)(C(=O)OC)[C@@H](OC(C)=O)[C@@]5(CC)C=CCN6CC[C@]43[C@H]65)C2)C1,SMILES,0,88
6454,C[C@H](O)[C@@H]1C(=O)N2C(C(=O)O)=C([C@@H]3CCCO3)S[C@H]12,SMILES,0,88
6455,CC(C)(C(=O)O)c1ccc([C@@H](O)CCCN2CCC(C(O)(c3ccccc3)c3ccccc3)CC2)cc1,SMILES,0,88
6457,Cc1onc(-c2ccccc2)c1C(=O)N[C@@H]1C(=O)N2[C@@H](C(=O)O)C(C)(C)S[C@@H]12,SMILES,0,88
6458,CC1(C)S[C@H]2[C@@H](N3C(=O)[C@H](c4ccccc4)NC3(C)C)C(=O)N2[C@H]1C(=O)O,SMILES,0,88
6460,CCOc1ccc2ccccc2c1C(=O)N[C@H]1C(=O)N2[C@@H]1SC(C)(C)[C@@H]2C(=O)O,SMILES,0,88
6461,CC1(C)S[C@@H]2[C@@H](/N=C/N3CCCCCC3)C(=O)N2[C@H]1C(=O)O,SMILES,0,88
6462,C[C@@H]1[C@H](O)[C@@H](C)/C=C/C=C/C=C/C=C/C=C\C=C\C=C\[C@H](O[C@H]2O[C@@H](C)[C@H](O)[C@@H](N)[C@@H]2O)C[C@H]2O[C@@](O)(C[C@H](O)C[C@H](O)[C@H](O)CC[C@H](O)C[C@@H](O)CC(=O)O[C@@H]1C)C[C@@H](O)[C@@H]2C(=O)O,SMILES,0,88
6464,CN(Cc1cnc2nc(N)nc(N)c2n1)c1ccc(C(=O)N[C@H](CCC(=O)O)C(=O)O)cc1,SMILES,0,88
6466,CC1(C)S[C@@H]2[C@@H](NC(=O)CCC[C@@H](N)C(=O)O)C(=O)N2[C@@H]1C(=O)O,SMILES,0,88
6467,N[C@H](Cc1ccc(O)c(O)c1)C(=O)O,SMILES,0,88
6468,CC1(C)S[C@@H]2[C@@H](NC(=O)[C@@H](C(=O)O)c3ccccc3)C(=O)N2[C@H]1C(=O)O,SMILES,0,88
6469,CO[C@]1(NC(=O)[C@@H](C(=O)O)c2ccsc2)C(=O)N2[C@H](C(=O)O)C(C)(C)S[C@@H]21,SMILES,0,88
6470,CN(C)[C@@H]1C(O)=C(C(=O)NCN2CCC[C@H](C(=O)O)C2)C(=O)[C@@]2(O)C(O)=C3C(=O)c4c(O)cccc4[C@](C)(O)[C@H]3C[C@@H]12,SMILES,0,88
6471,CC1(C)S[C@@H]2[C@H](NC(=O)c3nc4ccccc4nc3C(=O)O)C(=O)N2[C@@H]1C(=O)O,SMILES,0,88
6473,C[C@@]1(Cn2ccnn2)[C@@H](C(=O)O)N2C(=O)C[C@@H]2S1(=O)=O,SMILES,0,88
6474,CN(C)[C@@H]1C(O)=C(C(=O)NCNCCCC[C@H](N)C(=O)O)C(=O)[C@]2(O)C(O)=C3C(=O)c4c(O)cccc4[C@@](C)(O)[C@H]3C[C@@H]12,SMILES,0,88
6475,CC1(C)S[C@@H]2[C@@H](NC(=O)[C@H](C(=O)O)c3ccsc3)C(=O)N2[C@@H]1C(=O)O,SMILES,0,88
6476,CC(=O)O[C@H]1C[C@@]2(C)[C@H](C[C@H](O)[C@@H]3[C@]4(C)CC[C@H](O)[C@@H](C)[C@@H]4CC[C@@]32C)/C1=C(\CCC=C(C)C)C(=O)O,SMILES,0,88
6477,N[C@H](CO)C(=O)NNCc1ccc(O)c(O)c1O,SMILES,0,88
6478,CN(C)[C@@H]1C(O)=C(C(=O)NCN2CCN(CCO)CC2)C(=O)[C@]2(O)C(O)=C3C(=O)c4c(O)cccc4[C@](C)(O)[C@@H]3C[C@H]12,SMILES,0,88
6480,CN(CCN(C)CNC(=O)C1=C(O)[C@@H](N(C)C)[C@@H]2C[C@H]3C(=C(O)[C@@]2(O)C1=O)C(=O)c1c(O)cccc1[C@]3(C)O)CNC(=O)C1=C(O)[C@@H](N(C)C)[C@H]2C[C@@H]3C(=C(O)[C@@]2(O)C1=O)C(=O)c1c(O)cccc1[C@]3(C)O,SMILES,0,88
6482,CC[C@@H](C)[C@@H](N)[C@@H]1N[C@H](C(=O)N[C@@H](CC(C)C)C(=O)N[C@H](CCC(=O)O)C(=O)N[C@H](C(=O)NCCCC[C@@H]2NC(=O)[C@H](CC(N)=O)NC(=O)[C@@H](CC(=O)O)NC(=O)[C@H](Cc3c[nH]cn3)NC(=O)[C@@H](Cc3ccccc3)NC(=O)[C@H]([C@@H](C)CC)NC(=O)[C@@H](CCCN)NC2=O)[C@@H](C)CC)CS1,SMILES,0,88
6484,CCCC(=O)Nc1ccc(OC[C@@H](O)CNC(C)C)c(C(C)=O)c1,SMILES,0,88
6485,CC(C)(C)NC[C@@H](O)c1ccc(O)c(NC(N)=O)c1,SMILES,0,88
6486,C/C=C/C=C/[C@H]1O[C@@](O)([C@@H](CC)C(=O)NC/C=C/C=C(\C)[C@@H](OC)[C@@H](C)[C@H]2O[C@@H](/C=C/C=C/C=C(\C)C(=O)c3c(O)ccn(C)c3=O)[C@@H](O)[C@@H]2O)[C@H](O)[C@@H](O[C@H]2O[C@H](C)[C@H](O[C@H]3O[C@@H](C)[C@H](OC)[C@@H](O)[C@@H]3OC)[C@@H](OC)[C@@H]2O)C1(C)C,SMILES,0,88
6487,COc1cc2c(c(OC)c1OC)-c1ccc(OC)c(=O)cc1[C@H](NC(C)=O)CC2,SMILES,0,88
6488,COC1=C(C(=O)O)N2C(=O)[C@H](NC(=O)[C@H](N)C3C=CCC=C3)[C@H]2SC1,SMILES,0,88
6489,CC(=O)OCC1=C(C(=O)O)N2C(=O)[C@H](NC(=O)Cc3cccs3)[C@H]2SC1,SMILES,0,88
6490,CC(=O)OCC1=C(C(=O)O)N2C(=O)[C@H](NC(=O)Cc3ccccc3)[C@H]2SC1,SMILES,0,88
6491,CC(=O)OCC1=C(C(=O)O)N2C(=O)[C@H](NC(=O)CC#N)[C@H]2SC1,SMILES,0,88
6492,CC(=O)OCC1=C(C(=O)O)N2C(=O)[C@H](NC(=O)[C@@H](N)c3ccccc3)[C@H]2SC1,SMILES,0,88
6493,CO/N=C(/C(=O)N[C@H]1C(=O)N2C(C(=O)O)=C(COC(C)=O)CS[C@H]12)c1ccco1,SMILES,0,88
6494,CO/N=C(/C(=O)N[C@H]1C(=O)N2C(C(=O)O)=C(CN3CC=C(N)N3CCO)CS[C@@H]12)c1csc(N)n1,SMILES,0,88
6495,CO/N=C(/C(=O)N[C@H]1C(=O)N2C(C(=O)O)=C(CN3C=CCC4=C3CCCC4)CS[C@H]12)c1csc(N)n1,SMILES,0,88
6496,NC(=O)C1C=CN(CC2=C(C(=O)O)N3C(=O)[C@H](NC(=O)Cc4cccs4)[C@H]3SC2)C=C1,SMILES,0,88
6497,C=CC1=C(C(=O)O)N2C(=O)[C@H](NC(=O)/C(=N/OCC(=O)O)c3csc(N)n3)[C@H]2SC1,SMILES,0,88
6498,CC1=C(C(=O)O)N2C(=O)[C@H](NC(=O)Cc3ccc(C4=NCCCN4)cc3)[C@H]2SC1,SMILES,0,88
6500,CO/N=C(/C(=O)N[C@H]1C(=O)N2C(C(=O)O)=C(/C=C/c3scnc3C)CS[C@@H]12)c1csc(N)n1,SMILES,0,88
6501,CC1(C)S[C@@H]2[C@@H](NC(=O)[C@H](N)c3ccccc3)C(=O)N2[C@@H]1C(=O)O[C@@H]1OC(=O)c2ccccc21,SMILES,0,88
6503,CC1(C)S[C@@H]2[C@@H](NC(=O)[C@@H](/N=C/c3ccco3)c3ccc(O)cc3)C(=O)N2[C@@H]1C(=O)O,SMILES,0,88
6505,CC1(C)S[C@H]2[C@@H](NC(=O)[C@H](N)c3ccccc3)C(=O)N2[C@H]1C(=O)OCOC(=O)[C@@H]1N2C(=O)C[C@@H]2S(=O)(=O)C1(C)C,SMILES,0,88
6506,CC1(C)S[C@@H]2[C@@H](NC(=O)COc3ccccc3)C(=O)N2[C@H]1C(=O)O,SMILES,0,88
6507,CC1(C)S[C@@H]2[C@@H](NC(=O)Cc3ccccc3)C(=O)N2[C@H]1C(=O)O,SMILES,0,88
6508,CC1(C)S[C@@H]2[C@@H](NC(=O)[C@H](N)c3ccccc3)C(=O)N2[C@H]1C(=O)O,SMILES,0,88
6509,CC1(C)S[C@@H]2[C@@H](NC(=O)[C@H](N)c3ccc(O)cc3)C(=O)N2[C@H]1C(=O)O,SMILES,0,88
6510,CC[C@@H](Oc1ccccc1)C(=O)N[C@H]1C(=O)N2[C@@H](C(=O)O)C(C)(C)S[C@@H]12,SMILES,0,88
6511,CCN1CCN(C(=O)N[C@H](C(=O)N[C@H]2C(=O)N3[C@@H](C(=O)O)C(C)(C)S[C@@H]23)c2ccccc2)C(=O)C1=O,SMILES,0,88
6512,CN[C@H]1[C@H](O)[C@@H](O[C@@H]2[C@@H](O)[C@@H](O[C@H]3O[C@@H](CN)[C@@H](O)[C@H](O)[C@H]3O)[C@H](N)C[C@H]2NC(=O)[C@@H](O)CN)OC[C@]1(C)O,SMILES,0,88
6514,CC[C@@H]1NC(=O)[C@@H](NC(=O)c2ncccc2O)[C@H](C)OC(=O)[C@@H](c2ccccc2)NC(=O)[C@H]2CC(=O)CCN2C(=O)[C@H](Cc2ccccc2)N(C)C(=O)[C@H]2CCCN2C1=O,SMILES,0,88
6515,COc1cccc2c1C(=O)c1c(O)c3c(c(O)c1C2=O)C[C@](O)(C(=O)CO)C[C@@H]3O[C@@H]1C[C@@H](NC(=O)[C@@H](N)CC(C)C)[C@@H](O)[C@H](C)O1,SMILES,0,88
6516,CO/N=C(\C(=O)N[C@@H]1C(=O)N(OCC(=O)OCC(=O)OC(C)(C)C)[C@@H]1C)c1csc(N)n1,SMILES,0,88
6518,CC[C@H](NC(=O)[C@@H]1CCCN1C(=O)[C@@H](Cc1ccccc1)NC(=O)[C@@H](N)CC(C)C)C(=O)N[C@@H](CCCN)C(=O)N[C@H](CC(C)C)C(=O)N[C@@H](Cc1ccccc1)C(=O)N1CCC[C@@H]1C(=O)N[C@H](CC)C(=O)N[C@@H](C=O)CCCN,SMILES,0,88
6519,CNC(=O)C[C@H](N)C(=O)N[C@H](C(=O)N[C@H]1C(=O)N2[C@@H](C(=O)O)C(C)(C)S[C@@H]12)c1ccc(O)cc1,SMILES,0,88
6520,CC1=C(C(=O)OCC(=O)OC(C)(C)C)N2C(=O)[C@@H](NC(=O)[C@@H](N)c3ccccc3)[C@H]2SC1,SMILES,0,88
6521,CO/N=C(/C(=O)N[C@@H]1C(=O)N2C(C(=O)O)=CCS[C@H]12)c1csc(=N)[nH]1,SMILES,0,88
6522,Nc1nc(/C(=C\CC(=O)O)C(=O)N[C@@H]2C(=O)N3C(C(=O)O)=CCS[C@@H]23)cs1,SMILES,0,88
6523,COCC1=C(C(=O)O)N2C(=O)[C@@H](NC(=O)/C(=N/OC)c3csc(N)n3)[C@H]2SC1,SMILES,0,88
6524,COCC1=C(C(=O)O)N2C(=O)[C@@H](NC(=O)/C(=N/O)c3csc(N)n3)[C@@H]2SC1,SMILES,0,88
6525,CO/N=C(/C(=O)N[C@@H]1C(=O)N2C(C(=O)O)=C(COC(C)=O)CS[C@@H]12)c1csc(N)n1,SMILES,0,88
6526,CO/N=C(/C(=O)N[C@@H]1C(=O)N2C(C(=O)O)=C(CN3NN=C(C)N3)CS[C@@H]12)c1csc(N)n1,SMILES,0,88
6527,CO/N=C(/C(=O)N[C@@H]1C(=O)N2C(C(=O)O)=C(CN3C=CCC4=C3CCC4)CS[C@H]12)c1csc(N)n1,SMILES,0,88
6528,O=C(Cc1cccs1)N[C@@H]1C(=O)N2C(C(=O)O)=C(CN3C=CCC=C3)CS[C@@H]12,SMILES,0,88
6529,Nc1ncc(/C(=N\O[C@H]2CCNC2=O)C(=O)N[C@@H]2C(=O)N3C(C(=O)O)=C(CN4C=CCC=C4)CS[C@@H]23)s1,SMILES,0,88
6530,CO/N=C(/C(=O)N[C@@H]1C(=O)N2C(C(=O)O)=C(CN3C=CN4N=CC=C[C@@H]34)CS[C@H]12)c1nsc(N)n1,SMILES,0,88
6531,C=CC1=C(C(=O)O)N2C(=O)[C@@H](NC(=O)/C(=N/O)c3csc(N)n3)[C@@H]2SC1,SMILES,0,88
6532,CC1=C(C(=O)O)N2C(=O)[C@@H](NC(=O)[C@H](N)C3=CCC=CC3)[C@@H]2SC1,SMILES,0,88
6534,CC(=O)OCOC(=O)[C@H]1N2C(=O)[C@@H](NC(=O)Cc3ccccc3)[C@@H]2SC1(C)C,SMILES,0,88
6535,Cc1oc(=O)oc1COC(=O)[C@H]1N2C(=O)[C@@H](NC(=O)[C@@H](N)c3ccccc3)[C@@H]2SC1(C)C,SMILES,0,88
6536,CC1(C)S[C@@H]2[C@H](NC(=O)[C@@H](NC(=O)c3cnc4cccnc4c3O)c3ccccc3)C(=O)N2[C@@H]1C(=O)O,SMILES,0,88
6537,C[C@@H](Oc1ccccc1)C(=O)N[C@@H]1C(=O)N2[C@H]1SC(C)(C)[C@H]2C(=O)O,SMILES,0,88
6538,CC1(C)S[C@H]2[C@H](NC(=O)[C@@H](NC(=O)Cc3ccc(C4=NCCCN4)cc3)c3ccccc3)C(=O)N2[C@@H]1C(=O)O,SMILES,0,88
6539,CC1(C)S[C@H]2[C@H](NC(=O)[C@@H](N)C3=CCC=CC3)C(=O)N2[C@@H]1C(=O)O,SMILES,0,88
6540,CC1(C)S[C@H]2[C@H](C(=O)[C@H]2NC(=O)[C@@H](Oc2ccccc2)c2ccccc2)[C@H]1C(=O)O,SMILES,0,88
6541,NCC[C@@H](O)C(=O)N[C@H]1C[C@@H](N)[C@H](O[C@H]2O[C@@H](CN)CC[C@@H]2N)[C@H](O)[C@H]1O[C@@H]1O[C@@H](CO)[C@H](O)[C@@H](N)[C@@H]1O,SMILES,0,88
6542,CO/N=C(\C(=O)N[C@H]1C(=O)N(OCC(=O)O)[C@H]1C)c1csc(N)n1,SMILES,0,88
6543,CC(C)(C)NC(=O)[C@H]1CN(Cc2cccnc2)CCN1C[C@@H](O)C[C@@H](Cc1ccccc1)C(=O)N[C@H]1c2ccccc2C[C@@H]1O,SMILES,0,88
6544,CC[C@H]1NC(=O)[C@H](NC(=O)c2ncccc2O)[C@@H](C)OC(=O)[C@H](c2ccccc2)NC(=O)[C@@H]2CC(=O)CCN2C(=O)[C@@H](Cc2ccc(N(C)C)cc2)N(C)C(=O)[C@@H]2CCCN2C1=O,SMILES,0,88
6545,C[C@H]1NC(=O)[C@H](NC(=O)c2ncccc2O)[C@@H](C)OC(=O)[C@H](c2ccccc2)NC(=O)[C@@H]2CC(=O)CCN2C(=O)[C@@H](Cc2ccc(N(C)C)cc2)N(C)C(=O)[C@@H]2CCCN2C1=O,SMILES,0,88
6546,CC(C)C[C@@H](N)C(=O)N[C@H](CCCN)C(=O)N[C@@H](C(=O)N[C@H](CCCN)C(=O)N1CCC[C@H]1C(=O)N[C@@H](C=O)Cc1ccccc1)C(C)C,SMILES,0,88
6547,CC(C)C[C@@H](NC(=O)[C@H](Cc1c[nH]c2ccccc12)NC(=O)[C@@H](CC(C)C)NC(=O)[C@H](Cc1c[nH]c2ccccc12)NC(=O)[C@@H](CC(C)C)NC(=O)[C@H](Cc1c[nH]c2ccccc12)NC(=O)[C@H](NC(=O)[C@@H](NC(=O)[C@H](NC(=O)[C@H](C)NC(=O)[C@@H](CC(C)C)NC(=O)[C@@H](C)NC(=O)CNC(=O)[C@@H](NC=O)C(C)C)C(C)C)C(C)C)C(C)C)C(=O)N[C@@H](Cc1c[nH]c2ccccc12)C(=O)NCCO,SMILES,0,88
6548,CC(C)C[C@H](NC(=O)[C@@H](Cc1c[nH]c2ccccc12)NC(=O)[C@@H](CC(C)C)NC(=O)[C@H](Cc1ccccc1)NC(=O)[C@@H](CC(C)C)NC(=O)[C@H](Cc1c[nH]c2ccccc12)NC(=O)[C@H](NC(=O)[C@H](NC(=O)[C@H](NC(=O)[C@@H](C)NC(=O)[C@@H](CC(C)C)NC(=O)[C@H](C)NC(=O)CNC(=O)[C@H](NC=O)C(C)C)C(C)C)C(C)C)C(C)C)C(=O)N[C@@H](Cc1c[nH]c2ccccc12)C(=O)NCCO,SMILES,0,88
6549,CC(C)(C)NC(=O)[C@H]1C[C@@H]2CCCC[C@H]2CN1C[C@H](O)[C@@H](Cc1ccccc1)NC(=O)[C@H](CC(N)=O)NC(=O)c1ccc2ccccc2n1,SMILES,0,88
6550,COc1cccc2c1C(=O)c1c(O)c3c(c(O)c1C2=O)C[C@@](O)(/C(C)=N/NC(=O)c1ccccc1)C[C@H]3O[C@H]1C[C@H](N)[C@@H](O)[C@@H](C)O1,SMILES,0,88
6552,C=C1c2cccc(O)c2C(=O)C2=C(O)[C@@]3(O)C(=O)C(C(N)=O)=C(O)[C@H](N(C)C)[C@@H]3[C@H](O)[C@H]12,SMILES,0,88
6553,C[C@H]1c2cccc(O)c2C(=O)C2=C(O)[C@@]3(O)C(=O)C(C(N)=O)=C(O)[C@@H](N(C)C)[C@H]3[C@@H](O)[C@H]21,SMILES,0,88
6555,CN(C)[C@@H]1C(O)=C(C(N)=O)C(=O)[C@]2(O)C(O)=C3C(=O)c4c(O)cccc4[C@](C)(O)[C@@H]3[C@H](O)[C@H]12,SMILES,0,88
6556,CN(C)c1ccc(O)c2c1C[C@H]1C[C@H]3[C@@H](N(C)C)C(O)=C(C(N)=O)C(=O)[C@]3(O)C(O)=C1C2=O,SMILES,0,88
6557,CN(C)[C@@H]1C(O)=C(C(N)=O)C(=O)[C@]2(O)C(O)=C3C(=O)c4c(ccc(N)c4O)C[C@H]3C[C@@H]12,SMILES,0,88
6558,CN(C)[C@H]1C(O)=C(C(N)=O)C(=O)[C@@]2(O)C(O)=C3C(=O)c4c(O)cccc4[C@H](O)[C@@H]3C[C@H]12,SMILES,0,88
6560,CCN(CC)C(=O)COc1cc2c(O)c3c(O)c(C)c4c(c13)C(=O)[C@](C)(O/C=C/[C@@H](OC)[C@H](C)[C@@H](OC(C)=O)[C@H](C)[C@@H](O)[C@H](C)[C@H](O)[C@@H](C)/C=C\C=C(\C)C(=O)N2)O4,SMILES,0,88
6561,CO[C@@H]1[C@@H](O)[C@H](N)[C@@H](O[C@H]2O[C@H]([C@H](C)N)CC[C@@H]2N)[C@H](O)[C@H]1N(C)C(=O)CN,SMILES,0,88
6563,COc1cccc2c1C(=O)c1c(O)c3c(c(O)c1C2=O)C[C@](O)(C(=O)CO)C[C@@H]3O[C@@H]1C[C@H](N)[C@@H](O[C@@H]2CCCCO2)[C@@H](C)O1,SMILES,0,88
6564,COc1cccc2c1C(=O)c1c(O)c3c(c(O)c1C2=O)C[C@](O)(C(=O)CO)C[C@@H]3O[C@@H]1C[C@H](N)C[C@H](C)O1,SMILES,0,88
6565,C[C@@]12CCC(=O)C=C1CC[C@H]1[C@H]2[C@@H]2C[C@@]3([C@@H](C(=O)CO)CC[C@H]13)[C@@H](O)O2,SMILES,0,88
6566,C[C@]12CCC(=O)C=C1CC[C@@H]1[C@@H]2[C@@H](O)C[C@@]2(C=O)[C@@H](C(=O)CO)CC[C@H]12,SMILES,0,88
6567,COc1cccc2c1C(=O)c1c(O)c3c(c(O)c1C2=O)C[C@@](O)(C(=O)CO)C[C@@H]3O[C@@H]1C[C@@H](N)[C@H](O)[C@@H](C)O1,SMILES,0,88
6568,C[C@H]1O[C@@H](O[C@@H]2C[C@](O)(C(=O)CO)Cc3c(O)c4c(c(O)c32)C(=O)c2ccccc2C4=O)C[C@@H](N)[C@@H]1O,SMILES,0,88
6569,CCCNC[C@H](O)COc1ccccc1C(=O)CCc1ccccc1,SMILES,0,88
6570,CC(=O)N1CCN(C(=O)Cc2ccc([N+](=O)[O-])cc2)[C@H](CN2CC[C@H](O)C2)C1,SMILES,0,88
6571,CC(=O)N1CCN(C(=O)Cc2ccc(C(F)(F)F)cc2)[C@H](CN2CC[C@H](O)C2)C1,SMILES,0,88
6572,CC(=O)N1CCN(C(=O)Cc2ccc(S(C)=O)cc2)[C@H](CN2CC[C@H](O)C2)C1,SMILES,0,88
6573,CC(=O)N1CCN(C(=O)Cc2ccc(S(C)(=O)=O)cc2)[C@H](CN2CC[C@H](O)C2)C1,SMILES,0,88
6575,CC(=O)N1CCN(C(=O)Cc2cccc([N+](=O)[O-])c2)[C@H](CN2CC[C@H](O)C2)C1,SMILES,0,88
6576,CC(=O)N1CCN(C(=O)Cc2cc(F)cc(F)c2)[C@H](CN2CC[C@H](O)C2)C1,SMILES,0,88
6577,CC(=O)C1=C(O)[C@@H](N)[C@@H]2Cc3c(c(O)c4c(O)c(C)ccc4c3C)C(=O)[C@@]2(O)C1=O,SMILES,0,88
6578,COc1cccc2c1C(=O)c1c(O)c3c(c(O)c1C2=O)C[C@](O)(C(C)=O)C[C@@H]3O[C@@H]1C[C@@H](N)[C@H](O)[C@@H](C)O1,SMILES,0,88
6580,CC(=O)[C@]1(O)Cc2c(O)c3c(c(O)c2[C@@H](O[C@H]2C[C@H](N)[C@@H](O)[C@H](C)O2)C1)C(=O)c1ccccc1C3=O,SMILES,0,88
6581,CC(=O)[C@]1(N)Cc2c(O)c3c(c(O)c2[C@H](O[C@H]2C[C@@H](O)[C@@H](O)CO2)C1)C(=O)c1ccccc1C3=O,SMILES,0,88
6583,COC(=O)C1=C(C)NC(C)=C(C(=O)OCCN(C)Cc2ccccc2)[C@H]1c1cccc([N+](=O)[O-])c1,SMILES,0,88
6584,CCOC(=O)C1=C(C)NC(C)=C(C(=O)OC)[C@@H]1c1cccc([N+](=O)[O-])c1,SMILES,0,88
6585,CN(C)[C@H]1C(O)=C(C(N)=O)C(=O)[C@]2(O)C(O)=C3C(=O)c4c(O)ccc([N+](=O)[O-])c4C[C@H]3C[C@@H]12,SMILES,0,88
6586,C[C@]12CC[C@H]3c4ccc(O)cc4CC[C@H]3[C@@H]1CC[C@H]2O,SMILES,0,88
6587,CCNC[C@@H](O)c1cccc(O)c1,SMILES,0,88
6588,CC(C)(C)c1ccc([C@H](O)CCCN2CCC(C(O)(c3ccccc3)c3ccccc3)CC2)cc1,SMILES,0,88
6589,CN[C@H](C)[C@@H](O)c1ccc(O)cc1,SMILES,0,88
6590,NC[C@H](O)c1cccc(O)c1,SMILES,0,88
6591,O=C(O)C1=C(CSc2nnnn2CS(=O)(=O)O)CS[C@H]2[C@@H](NC(=O)[C@H](O)c3ccccc3)C(=O)N12,SMILES,0,88
6593,COc1ccc(-c2cc(=O)c3c(O)cc(O[C@@H]4O[C@@H](CO[C@@H]5O[C@H](C)[C@H](O)[C@@H](O)[C@H]5O)[C@H](O)[C@@H](O)[C@@H]4O)cc3o2)cc1O,SMILES,0,88
6594,CC(C)NC[C@@H](O)COc1cccc2ccccc12,SMILES,0,88
6597,COc1cccc2c1C(=O)c1c(O)c3c(c(O)c1C2=O)C[C@](O)([C@@H](O)CO)C[C@H]3O,SMILES,0,88
6598,COc1ccc(CCN(C)CCC[C@@](C#N)(c2ccc(OC)c(OC)c2)C(C)C)cc1OC,SMILES,0,88
6599,CC[C@H]1CN2CCc3cc(OC)c(OC)cc3[C@@H]2C[C@@H]1C[C@@H]1NCCc2cc(OC)c(OC)cc21,SMILES,0,88
6600,CO[C@H]1C[C@@H](O[C@@H]2[C@@H](C)O[C@@H](O[C@H]3/C(C)=C\C[C@@H]4C[C@@H](C[C@@]5(CC[C@H](C)[C@@H](C(C)C)O5)O4)OC(=O)[C@@H]4C=C(C)[C@@H](O)[C@@H]5OC/C(=C\C=C\[C@H]3C)[C@@]45O)C[C@H]2OC)O[C@@H](C)[C@@H]1O,SMILES,0,88
6601,CO[C@@H]1C[C@H](O[C@@H]2[C@H](C)[C@@H](O[C@@H]3O[C@H](C)C[C@@H](N(C)C)[C@@H]3O)[C@@H](C)C[C@@]3(CO3)C(=O)[C@@H](C)[C@@H](O)[C@H](C)[C@@H](C)OC(=O)[C@@H]2C)O[C@@H](C)[C@H]1O,SMILES,0,88
6603,CN[C@H]1[C@H](O)[C@H](O[C@H]2[C@@H](O)[C@H](O[C@@H]3OC(CN)=CC[C@@H]3N)[C@H](N)C[C@H]2N)OC[C@@]1(C)O,SMILES,0,88
6605,NC[C@H]1CC[C@@H](N)[C@H](O[C@@H]2[C@@H](O)[C@H](O[C@H]3O[C@H](CO)[C@@H](O)[C@H](N)[C@@H]3O)[C@@H](N)C[C@@H]2N)O1,SMILES,0,88
6607,CC[C@H]1OC(=O)[C@@H](C)[C@H](O[C@H]2C[C@@](C)(OC)[C@@H](O)[C@H](C)O2)[C@@H](C)[C@H](O[C@H]2O[C@H](C)C[C@H](N(C)C)[C@@H]2O)[C@](C)(OC)C[C@H](C)C(=O)[C@H](C)[C@@H](O)[C@@]1(C)O,SMILES,0,88
6608,CC[C@H]1OC(=O)[C@@H](C)[C@H](O[C@H]2C[C@@](C)(OC)[C@@H](O)[C@H](C)O2)[C@@H](C)[C@H](O[C@H]2O[C@@H](C)C[C@@H](N(C)C)[C@@H]2O)[C@@](C)(O)C[C@H](C)C(=O)[C@H](C)[C@@H](O)[C@@]1(C)O,SMILES,0,88
6610,CO/N=C(/C(=O)N[C@@H]1C(=O)N2C(C(=O)O[C@H](C)OC(=O)C(C)(C)OC)=C(COC(N)=O)CS[C@@H]12)c1ccco1,SMILES,0,88
6611,CC(C)C[C@H](OC(=O)c1ccco1)C(=O)N[C@@H]1C(=O)N2[C@@H]1SC(C)(C)[C@H]2C(=O)O,SMILES,0,88
6612,CCN[C@@H]1C[C@@H](N)[C@H](O[C@H]2OC(CN)=CC[C@H]2N)[C@H](O)[C@@H]1O[C@@H]1OC[C@@](C)(O)[C@@H](NC)[C@@H]1O,SMILES,0,88
6613,NC[C@H]1O[C@H](O[C@@H]2[C@@H](O)[C@@H](O[C@H]3O[C@H](CO)[C@H](O)[C@@H](N)[C@@H]3O)[C@@H](N)C[C@@H]2N)[C@@H](N)C[C@@H]1O,SMILES,0,88
6614,COc1cc([C@@H]2c3cc4c(cc3[C@@H](O[C@H]3O[C@H]5CO[C@H](C)O[C@@H]5[C@H](O)[C@H]3O)[C@@H]3COC(=O)[C@@H]23)OCO4)cc(OC)c1O,SMILES,0,88
6616,C[C@@H]1O[C@H](O[C@H]2[C@H](C)O[C@H](O[C@H]3[C@H](O)C[C@H](O[C@H]4CC[C@]5(C)[C@@H](CC[C@@H]6[C@@H]5C[C@H](O)[C@@]5(C)[C@@H](C7=CC(=O)OC7)CC[C@@]65O)C4)O[C@H]3C)C[C@@H]2O)C[C@H](O)[C@H]1O,SMILES,0,88
6617,CC[C@H]1OC(=O)[C@@H](C)[C@H](O[C@H]2C[C@@](C)(OC)[C@@H](O)[C@@H](C)O2)[C@@H](C)[C@@H](O[C@H]2O[C@@H](C)C[C@H](N(C)C)[C@H]2O)[C@](C)(O)C[C@@H](C)CN(C)[C@H](C)[C@@H](O)[C@@]1(C)O,SMILES,0,88
6618,NC[C@H]1O[C@@H](O[C@H]2[C@H](O)[C@@H](O[C@H]3[C@H](O)[C@@H](N)C[C@@H](N)[C@@H]3O[C@@H]3O[C@H](CN)[C@@H](O)[C@H](O)[C@H]3N)O[C@@H]2CO)[C@@H](N)[C@H](O)[C@H]1O,SMILES,0,88
6619,NC[C@@H]1O[C@@H](O[C@H]2[C@H](O)[C@@H](O[C@@H]3O[C@@H](CO)[C@H](O)[C@@H](N)[C@@H]3O)[C@H](NC(CO)CO)C[C@@H]2N)[C@H](N)[C@@H](O)[C@@H]1O,SMILES,0,88
6620,CN[C@H]1[C@H](O)[C@H](O[C@H]2[C@H](O)[C@@H](O[C@@H]3O[C@@H](CN)CC[C@@H]3N)[C@H](N)C[C@@H]2N)OC[C@@]1(C)O,SMILES,0,88
6621,NCC[C@H](O)CN[C@@H]1C[C@H](N)[C@@H](O[C@@H]2O[C@@H](CN)[C@H](O)[C@H](O)[C@@H]2O)[C@H](O)[C@H]1O[C@H]1O[C@@H](CO)[C@H](O)[C@@H](N)[C@@H]1O,SMILES,0,88
6622,NC[C@H]1O[C@H](O[C@H]2[C@H](O)[C@@H](O[C@H]3O[C@@H](CO)[C@@H](O)[C@H](N)[C@H]3O)[C@H](N)C[C@@H]2N)[C@H](N)[C@@H](O)[C@@H]1O,SMILES,0,88
6623,NC[C@@H]1O[C@H](O[C@@H]2[C@@H](O)[C@H](O[C@H]3O[C@H](CO)[C@@H](O)[C@H](N)[C@@H]3O)[C@@H](N)C[C@@H]2N)[C@H](O)[C@H](O)[C@@H]1O,SMILES,0,88
6624,NC[C@@H]1O[C@@H](O[C@@H]2[C@@H](O)[C@@H](O)[C@@H](N)C[C@H]2N)[C@@H](N)[C@H](O)[C@H]1O,SMILES,0,88
6625,CC[C@H]1OC(=O)[C@@H](C)[C@H](O[C@H]2C[C@@](C)(OC)[C@@H](O)[C@H](C)O2)[C@@H](C)[C@H](O[C@H]2O[C@@H](C)C[C@@H](N(C)C)[C@@H]2O)[C@@](C)(O)C[C@H](C)/C(=N/OCOCCOC)[C@H](C)[C@@H](O)[C@@]1(C)O,SMILES,0,88
6626,CC[C@@H]1OC(=O)[C@H](C)[C@@H](O[C@@H]2C[C@](C)(OC)[C@H](O)[C@@H](C)O2)[C@H](C)[C@@H](O[C@@H]2O[C@H](C)C[C@H](N(C)C)[C@H]2O)[C@](C)(O)C[C@@H](C)/C(=N/OC)[C@@H](C)[C@H](O)[C@]1(C)O,SMILES,0,88
6628,NCN.Nc1cccc(-c2csc(N)n2)c1,SMILES,0,88
6629,NCC[C@H](O)CN[C@H]1C[C@H](N)[C@@H](O[C@H]2O[C@@H](CN)[C@H](O)[C@H](O)[C@@H]2O)[C@H](O)[C@H]1O[C@H]1O[C@@H](CO)[C@H](O)[C@H](N)[C@@H]1O,SMILES,0,88
6630,NCC[C@H](O)C(=O)N[C@H]1C[C@H](N)[C@@H](O[C@H]2O[C@@H](CN)CC[C@@H]2N)[C@H](O)[C@H]1O[C@H]1O[C@@H](CO)[C@H](O)[C@H](N)[C@@H]1O,SMILES,0,88
6631,NCC[C@H](O)C(=O)N[C@H]1C[C@H](N)[C@@H](O[C@H]2O[C@@H](CN)[C@H](O)[C@H](O)[C@@H]2O)[C@H](O)[C@H]1O[C@H]1O[C@@H](CO)[C@H](O)[C@H](N)[C@@H]1O,SMILES,0,88
6632,NC[C@@H]1O[C@H](O[C@H]2[C@@H](O[C@@H]3O[C@H](CO)[C@H](O[C@@H]4O[C@H](CN)[C@@H](O)[C@@H](O)[C@H]4N)[C@H]3O)[C@H](O)[C@H](N)C[C@@H]2N)[C@@H](N)[C@@H](O)[C@H]1O,SMILES,0,88
6633,NC[C@H]1O[C@@H](O[C@@H]2[C@@H](O)[C@H](O[C@H]3O[C@@H](CO)[C@H](O)[C@H](N)[C@@H]3O)[C@@H](N)C[C@H]2N)[C@H](O)[C@H](O)[C@@H]1O,SMILES,0,88
6634,NC[C@H]1O[C@@H](O[C@@H]2[C@@H](O)[C@H](O[C@H]3O[C@@H](CO)[C@H](O)[C@H](N)[C@@H]3O)[C@@H](N)C[C@H]2N)[C@H](N)C[C@@H]1O,SMILES,0,88
6636,NC[C@H]1O[C@@H](O[C@@H]2[C@@H](O)[C@H](O[C@H]3O[C@@H](CO)[C@H](O)[C@H](N)[C@@H]3O)[C@H](NC(CO)CO)C[C@H]2N)[C@H](N)[C@H](O)[C@@H]1O,SMILES,0,88
6637,NC[C@H]1O[C@@H](O[C@@H]2[C@@H](O)[C@@H](O)[C@@H](N)C[C@H]2N)[C@H](N)[C@H](O)[C@@H]1O,SMILES,0,88
6639,NCc1ccccc1CC(=O)N[C@H]1C(=O)N2C(C(=O)O)=C(CSc3nnnn3CC(=O)O)CS[C@@H]12,SMILES,0,88
6640,NC(=O)OC[C@@H]1[C@H](NC(=O)C(=NOCC(=O)O)c2csc(N)n2)C(=O)N1S(=O)(=O)O,SMILES,0,88
6641,N[C@@H](C(=O)N[C@H]1C(=O)N2C(C(=O)O)=C(CSc3c[nH]nn3)CS[C@@H]12)c1ccc(O)cc1,SMILES,0,88
6643,N[C@@H](C(=O)N[C@H]1C(=O)N2C(C(=O)O)=C(Cl)CS[C@@H]12)c1ccccc1,SMILES,0,88
6644,Nc1nc(C(=CCC(=O)O)C(=O)N[C@H]2C(=O)N3C(C(=O)O)=CCS[C@@H]23)cs1,SMILES,0,88
6645,CN(C)c1cc(C2=N[C@H](N)NN2)ccn1,SMILES,0,88
6646,CNCNc1cccc(-c2csc(N)n2)c1.N#CN.NCN,SMILES,0,88
6649,C[C@@]12C[C@H](N)[C@@H]1CN(c1nc3c(cc1F)c(=O)c(C(=O)O)cn3C1CC1)C2,SMILES,0,88
6650,C[C@H](O)[C@H]1C(=O)N2C(C(=O)O)=C(F)S[C@H]12,SMILES,0,88
6651,CC[C@@H]1OC(=O)[C@H](C)[C@H](O[C@@H]2C[C@@](C)(OC)[C@@H](O)[C@H](C)O2)[C@@H](C)[C@H](O[C@@H]2O[C@@H](C)C[C@H](N(C)C)[C@@H]2O)[C@@](C)(O)C[C@@](C)(F)C(=O)[C@@H](C)[C@H](O)[C@@]1(C)O,SMILES,0,88
6652,COCC1=C(C(=O)O)N2C(=O)[C@@H](NC(=O)C(=NO)c3csc(N)n3)[C@H]2SC1,SMILES,0,88
6654,COC1=C(C(=O)O)N2C(=O)[C@@H](NC(=O)[C@H](N)C3C=CCC=C3)[C@H]2SC1,SMILES,0,88
6655,CO[C@H]1[C@@H](OC(N)=O)[C@H](O)[C@@H](Oc2ccc3c(O)c(NC(=O)c4ccc(O)c(CC=C(C)C)c4)c(=O)oc3c2C)OC1(C)C,SMILES,0,88
6656,CO[C@@]1(NC(=O)Cc2cccs2)C(=O)N2C(C(=O)O)=C(COC(N)=O)CS[C@H]21,SMILES,0,88
6658,CO[C@@]1(NC(=O)C2SC(=C(C#N)C(=O)O)S2)C(=O)N2C(C(=O)O)=C(CSc3nnnn3C)CS[C@H]21,SMILES,0,88
6660,CO[C@H]1[C@H](O)[C@H](N)[C@@H](O[C@H]2O[C@H]([C@@H](C)N)CC[C@@H]2N)[C@H](O)[C@H]1N(C)C(=O)CN,SMILES,0,88
6661,CO[C@@]12[C@H](COC(N)=O)C3=C(C(=O)C(C)=C(N)C3=O)N1C[C@H]1N[C@H]12,SMILES,0,88
6662,CO[C@@]1(NC(=O)CSC[C@H](N)C(=O)O)C(=O)N2C(C(=O)O)=C(CSc3nnnn3C)CS[C@H]21,SMILES,0,88
6664,CO[C@H]1C=CO[C@@]2(C)Oc3c(C)c(O)c4c(O)c(cc(O)c4c3C2=O)NC(=O)C(C)=CC=C[C@H](C)[C@H](O)[C@H](C)[C@H](O)[C@H](C)[C@@H](OC(C)=O)[C@@H]1C,SMILES,0,88
6665,CO[C@H]1C[C@H](O[C@H]2[C@H](C)O[C@H](O[C@H]3C(C)=CC[C@H]4C[C@H](C[C@]5(CC[C@H](C)[C@H](C(C)C)O5)O4)OC(=O)[C@H]4C=C(C)[C@H](O)[C@H]5OCC(=CC=C[C@@H]3C)[C@]45O)C[C@H]2OC)O[C@H](C)[C@@H]1O,SMILES,0,88
6666,C=CC[C@@H]1C=C(C)C[C@@H](C)C[C@@H](OC)[C@@H]2O[C@](O)(C(=O)C(=O)N3CCCC[C@@H]3C(=O)O[C@H](C(C)=C[C@@H]3CC[C@H](O)[C@@H](OC)C3)[C@@H](C)[C@@H](O)CC1=O)[C@@H](C)C[C@H]2OC,SMILES,0,88
6667,CO[C@@H]1[C@H](O[C@H]2O[C@H](C)[C@@H](O[C@H]3C[C@@](C)(O)[C@H](O)[C@H](C)O3)[C@@H](N(C)C)[C@@H]2O)[C@H](CC=O)C[C@@H](C)[C@@H](O)C=CC=CC[C@@H](C)OC(=O)C[C@H]1O,SMILES,0,88
6671,CO/N=C(/C(=O)N[C@H]1C(=O)N2C(C(=O)O)=C(COC(C)=O)CS[C@@H]12)c1ccco1,SMILES,0,88
6672,COc1cccc2c1C(=O)c1c(O)c3c(c(O)c1C2=O)C[C@](O)(C(=O)CO)C[C@H]3O[C@H]1C[C@H](N)C[C@H](C)O1,SMILES,0,88
6673,COc1cccc2c1C(=O)c1c(O)c3c(c(O)c1C2=O)C[C@](O)(C(C)=O)C[C@H]3O[C@H]1C[C@H](N)[C@H](O)[C@H](C)O1,SMILES,0,88
6674,COc1cccc2c1C(=O)c1c(O)c3c(c(O)c1C2=O)C[C@](O)(C(=O)CO)C[C@H]3O[C@H]1C[C@H](N)[C@H](O)[C@H](C)O1,SMILES,0,88
6675,COc1cccc2c1C(=O)c1c(O)c3c(c(O)c1C2=O)C[C@](O)(C(=O)CO)C[C@H]3O[C@H]1C[C@@H](NC(=O)[C@H](N)CC(C)C)[C@H](O)[C@H](C)O1,SMILES,0,88
6676,COc1cccc2c1C(=O)c1c(O)c3c(c(O)c1C2=O)C[C@](O)([C@H](O)CO)C[C@@H]3O,SMILES,0,88
6677,COc1ccc(-c2cc(=O)c3c(O)cc(O[C@H]4O[C@@H](CO[C@H]5O[C@H](C)[C@H](O)[C@H](O)[C@@H]5O)[C@H](O)[C@H](O)[C@@H]4O)cc3o2)cc1O,SMILES,0,88
6678,COc1cc([C@H]2c3cc4c(cc3[C@@H](O[C@H]3O[C@H]5CO[C@H](C)O[C@H]5[C@H](O)[C@@H]3O)[C@H]3COC(=O)[C@@H]23)OCO4)cc(OC)c1O,SMILES,0,88
6679,CNCC[C@H](O)[C@H]1C[C@H](SC2=C(C(=O)O)N3C(=O)[C@H]([C@@H](C)O)[C@H]3[C@@H]2C)CN1,SMILES,0,88
6680,CNC(=O)C[C@H](N)C(=O)N[C@@H](C(=O)N[C@H]1C(=O)N2[C@H]1SC(C)(C)[C@H]2C(=O)O)c1ccc(O)cc1,SMILES,0,88
6681,Cn1nnnc1SCC1=C(C(=O)O)N2C(=O)[C@@H](NC(=O)CSC(F)(F)F)[C@H]2SC1,SMILES,0,88
6683,CN[C@@H]1[C@H](O[C@H]2O[C@@H](CO)[C@H](N)[C@H](O)[C@@H]2O)O[C@@H]2C[C@@H](N)[C@H](O[C@@H]3[C@@H](O)[C@@H](O)[C@@H](N)C[C@H]3N)O[C@@H]2[C@H]1O,SMILES,0,88
6684,CN[C@@H]1[C@H](O[C@H]2[C@H](O[C@H]3[C@H](O)[C@H](O)[C@@H](NC(=N)N)[C@H](O)[C@H]3NC(=N)N)O[C@H](C)[C@@]2(O)CO)O[C@H](CO)[C@@H](O)[C@H]1O,SMILES,0,88
6686,CN[C@H]1[C@H](O)[C@H](O[C@@H]2[C@@H](O)[C@H](O[C@H]3OC(CN)=CC[C@@H]3N)[C@@H](N)C[C@H]2N)OC[C@@]1(C)O,SMILES,0,88
6688,CN(C)[C@H]1C(O)=C(C(=O)NCN2CCN(CCO)CC2)C(=O)[C@@]2(O)C(O)=C3C(=O)c4c(O)cccc4[C@@](C)(O)[C@H]3C[C@@H]12,SMILES,0,88
6689,CN(C)[C@H]1C(O)=C(C(=O)NCN2CCN(C(=N)NC(=N)N)CC2)C(=O)[C@@]2(O)C(O)=C3C(=O)c4c(O)cccc4[C@@](C)(O)[C@H]3C[C@@H]12,SMILES,0,88
6690,CN(C)[C@H]1C(O)=C(C(=O)NCN2CCCC2)C(=O)[C@@]2(O)C(O)=C3C(=O)c4c(O)cccc4[C@@](C)(O)[C@H]3C[C@@H]12,SMILES,0,88
6691,CN(C)[C@H]1C(O)=C(C(=O)NCN2CCC[C@H](C(=O)O)C2)C(=O)[C@@]2(O)C(O)=C3C(=O)c4c(O)cccc4[C@@](C)(O)[C@H]3C[C@@H]12,SMILES,0,88
6692,CN(C)[C@H]1C(O)=C(C(=O)NCN[C@@H](C(=O)N[C@H]2C(=O)N3[C@H]2SC(C)(C)[C@H]3C(=O)O)c2ccccc2)C(=O)[C@@]2(O)C(O)=C3C(=O)c4c(O)cccc4[C@@](C)(O)[C@H]3C[C@@H]12,SMILES,0,88
6693,CN(CCN(C)CNC(=O)C1=C(O)[C@H](N(C)C)[C@@H]2C[C@H]3C(=C(O)[C@]2(O)C1=O)C(=O)c1c(O)cccc1[C@@]3(C)O)CNC(=O)C1=C(O)[C@@H](N(C)C)[C@H]2C[C@H]3C(=C(O)[C@@]2(O)C1=O)C(=O)c1c(O)cccc1[C@@]3(C)O,SMILES,0,88
6694,CN(C)[C@H]1C(O)=C(C(=O)N[C@H](C(=O)O)N2CCN(CCO)CC2)C(=O)[C@@]2(O)C(O)=C3C(=O)c4c(O)cccc4[C@@](C)(O)[C@H]3C[C@@H]12,SMILES,0,88
6695,CN(C)[C@H]1C(O)=C(C(N)=O)C(=O)[C@@]2(O)C(O)=C3C(=O)c4c(O)cccc4[C@@](C)(O)[C@H]3[C@H](O)[C@@H]12,SMILES,0,88
6696,CN(C)[C@H]1C(O)=C(C(N)=O)C(=O)[C@@]2(O)C(O)=C3C(=O)c4c(O)ccc(Cl)c4[C@@](C)(O)[C@H]3C[C@@H]12,SMILES,0,88
6697,CN(C)[C@H]1C(O)=C(C(=O)NCO)C(=O)[C@@]2(O)C(O)=C3C(=O)c4c(O)ccc(Cl)c4[C@@](C)(O)[C@H]3C[C@@H]12,SMILES,0,88
6698,C=C1c2cccc(O)c2C(=O)C2=C(O)[C@]3(O)C(=O)C(C(N)=O)=C(O)[C@H](N(C)C)[C@@H]3[C@@H](O)[C@H]12,SMILES,0,88
6699,CN(C)[C@H]1C(O)=C(C(N)=O)C(=O)[C@@]2(O)C(O)=C3C(=O)c4c(O)cccc4[C@H](O)[C@H]3C[C@@H]12,SMILES,0,88
6700,CN(C)[C@H]1C(O)=C(C(N)=O)C(=O)[C@@]2(O)C(O)=C3C(=O)c4c(O)ccc(Cl)c4[C@H](O)[C@H]3C[C@@H]12,SMILES,0,88
6701,CN(C)[C@H]1C(O)=C(C(N)=O)C(=O)[C@@]2(O)C(O)=C3C(=O)c4c(ccc(N)c4O)C[C@H]3C[C@@H]12,SMILES,0,88
6703,CN(C)[C@H]1C(O)=C(C(N)=O)C(=O)[C@@]2(O)C(O)=C3C(=O)c4c(O)ccc([N+](=O)[O-])c4C[C@H]3C[C@@H]12,SMILES,0,88
6704,C=C1c2c(Cl)ccc(O)c2C(=O)C2=C(O)[C@]3(O)C(=O)C(C(N)=O)=C(O)[C@H](N(C)C)[C@@H]3[C@@H](O)[C@H]12,SMILES,0,88
6705,CC(C)(Oc1ccc(Cl)cc1)C(=O)N[C@H](C(=O)N[C@@H]1C(=O)N2[C@@H]1SC(C)(C)[C@H]2C(=O)O)c1ccccc1,SMILES,0,88
6706,CC(C)/N=C1\C=C2C(=C[C@@H]1Nc1ccc(Cl)cc1)Nc1ccccc1N2c1ccc(Cl)cc1,SMILES,0,88
6707,C[C@H](CN(C)C)O[C@@](C)(c1ccccc1)c1ccc(Cl)cc1,SMILES,0,88
6709,CN(C)[C@@H]1C(O)=C(C(N)=O)C(=O)[C@@]2(O)C(O)=C3C(=O)c4c(O)ccc(Cl)c4[C@@](C)(O)[C@@H]3C[C@H]12,SMILES,0,88
6710,CN(C)[C@@H]1C(O)=C(C(N)=O)C(=O)[C@]2(O)C(O)=C3C(=O)c4c(O)ccc(Cl)c4[C@@H](O)[C@H]3C[C@@H]12,SMILES,0,88
6711,CN(C)[C@H]1C(O)=C(C(=O)NCO)C(=O)[C@@]2(O)C(O)=C3C(=O)c4c(O)ccc(Cl)c4[C@](C)(O)[C@@H]3C[C@H]12,SMILES,0,88
6712,CC1=C(C(=O)O)N2C(=O)[C@@H](NC(=O)[C@H](N)c3ccc(O)c(Cl)c3)[C@@H]2SC1,SMILES,0,88
6713,CCOC(=O)C1=C(C)NC(C)=C(C(=O)OC)[C@@H]1c1cccc(Cl)c1Cl,SMILES,0,88
6714,CO[C@H](C(=O)N[C@H]1C(=O)N2[C@@H]1SC(C)(C)[C@H]2C(=O)O)c1ccc(Cl)c(Cl)c1,SMILES,0,88
6715,CC(=O)OCC1=C(C(=O)O)N2C(=O)[C@H](NC(=O)c3c(-c4ccccc4Cl)noc3C)[C@H]2SC1,SMILES,0,88
6716,Cc1onc(-c2c(F)cccc2Cl)c1C(=O)N[C@H]1C(=O)N2[C@@H]1SC(C)(C)[C@@H]2C(=O)O,SMILES,0,88
6717,Cc1onc(-c2ccccc2Cl)c1C(=O)N[C@@H]1C(=O)N2[C@@H](C(=O)O)C(C)(C)S[C@@H]12,SMILES,0,88
6718,Cc1onc(-c2c(Cl)cccc2Cl)c1C(=O)N[C@@H]1C(=O)N2[C@@H](C(=O)O)C(C)(C)S[C@@H]12,SMILES,0,88
6719,CC[C@@H](C)n1ncn(-c2ccc(N3CCN(c4ccc(OC[C@@H]5CO[C@@](CN6CN=CN6)(c6ccc(Cl)cc6Cl)O5)cc4)CC3)cc2)c1=O,SMILES,0,88
6720,N[C@@H](C(=O)N[C@@H]1C(=O)N2C(C(=O)O)=C(Cl)CC[C@@H]12)c1ccccc1,SMILES,0,88
6721,CCC[C@H]1C[C@@H](C(=O)N[C@@H]([C@H]2O[C@H](SC)[C@H](O)[C@@H](O)[C@@H]2O)[C@H](C)Cl)N(C)C1,SMILES,0,88
6723,CCOC(=O)O[C@@H]1[C@H](O[C@H]2[C@H](C)[C@@H](O[C@H]3C[C@@](C)(OC)[C@H](O)[C@H](C)O3)[C@H](C)C(=O)O[C@@H](CC)[C@@](C)(O)[C@H](O)[C@H](C)C(=O)[C@H](C)C[C@@]2(C)O)O[C@@H](C)C[C@H]1N(C)C,SMILES,0,88
6725,CCOC(=O)CCC(=O)O[C@@H]1[C@H](O[C@H]2[C@H](C)[C@@H](O[C@H]3C[C@@](C)(OC)[C@H](O)[C@H](C)O3)[C@H](C)C(=O)O[C@@H](CC)[C@@](C)(O)[C@H](O)[C@H](C)C(=O)[C@H](C)C[C@@]2(C)O)O[C@@H](C)C[C@H]1N(C)C,SMILES,0,88
6727,CCOc1ccc2ccccc2c1C(=O)N[C@H]1C(=O)N2[C@H]1SC(C)(C)[C@H]2C(=O)O,SMILES,0,88
6729,CCN1CCN(C(=O)N[C@@H](C(=O)N[C@H]2C(=O)N3[C@H]2SC(C)(C)[C@H]3C(=O)O)c2ccccc2)C(=O)C1=O,SMILES,0,88
6730,CCN[C@H]1C[C@H](N)[C@@H](O[C@H]2OC(CN)=CC[C@@H]2N)[C@H](O)[C@H]1O[C@H]1OC[C@@](C)(O)[C@@H](NC)[C@@H]1O,SMILES,0,88
6731,CCN(CC)CCOC(=O)[C@H]1N2C(=O)[C@@H](NC(=O)c3c(OC)cccc3OC)[C@H]2SC1(C)C,SMILES,0,88
6732,CCN(CC)c1nc2c(s1)c1c(O)c3c(O)c(C)c4c(c32)C(=O)[C@@](C)(OC=C[C@H](OC)[C@@H](C)[C@H](OC(C)=O)[C@@H](C)[C@@H](O)[C@@H](C)[C@@H](O)[C@@H](C)C=CC=C(C)C(=O)N1)O4,SMILES,0,88
6733,CCN(CC)C(=O)COc1cc2c(O)c3c(O)c(C)c4c(c13)C(=O)[C@@](C)(OC=C[C@H](OC)[C@@H](C)[C@H](OC(C)=O)[C@@H](C)[C@@H](O)[C@@H](C)[C@@H](O)[C@@H](C)C=CC=C(C)C(=O)N2)O4,SMILES,0,88
6734,CCCC[C@H]1CC(=O)[C@@]2(O)O[C@H]3[C@@H](NC)[C@H](O)[C@@H](NC)[C@H](O)[C@H]3O[C@H]2O1,SMILES,0,88
6737,CC1(C)S[C@@H]2[C@H](NC(=O)[C@@H](NC(=O)c3cnc4cccnc4c3O)c3ccccc3)C(=O)N2[C@H]1C(=O)O,SMILES,0,88
6738,CC1(C)S[C@@H]2[C@H](NC(=O)[C@@H](NC(=O)c3ccc(-c4ccc(S(=O)(=O)N(CCO)CCO)cc4)[nH]c3=O)c3ccc(O)cc3)C(=O)N2[C@H]1C(=O)O,SMILES,0,88
6739,CC1(C)S[C@@H]2[C@H](NC(=O)[C@@H](NC(=O)Cc3ccc(C4=NCCCN4)cc3)c3ccccc3)C(=O)N2[C@H]1C(=O)O,SMILES,0,88
6740,CC1(C)S[C@@H]2[C@@H](C(=O)[C@@H]2NC(=O)[C@@H](Oc2ccccc2)c2ccccc2)[C@H]1C(=O)O,SMILES,0,88
6741,CC1(C)S[C@@H]2[C@H](NC(=O)[C@@H](NC(=O)CNC(=N)c3ccncc3)c3ccccc3)C(=O)N2[C@H]1C(=O)O,SMILES,0,88
6743,CC1(C)S[C@@H]2[C@H](NC(=O)[C@@H](C(=O)Oc3ccccc3)c3ccccc3)C(=O)N2[C@H]1C(=O)O,SMILES,0,88
6744,CC1(C)S[C@@H]2[C@H](N3C(=O)[C@H](c4ccccc4)NC3(C)C)C(=O)N2[C@H]1C(=O)O,SMILES,0,88
6746,CC1(C)S[C@@H]2[C@H](NC(=O)COc3ccccc3)C(=O)N2[C@H]1C(=O)O,SMILES,0,88
6747,CC1(C)S[C@@H]2[C@H](NC(=O)CSc3ccccc3)C(=O)N2[C@H]1C(=O)O,SMILES,0,88
6748,CC1(C)S[C@@H]2[C@H](NC(=O)[C@H](N)c3ccccc3)C(=O)N2[C@H]1C(=O)OCOC(=O)[C@H]1N2C(=O)C[C@H]2S(=O)(=O)C1(C)C,SMILES,0,88
6750,C=N[C@H](C(=O)N[C@@H]1C(=O)N2[C@@H]1SC(C)(C)[C@@H]2C(=O)O)c1ccccc1,SMILES,0,88
6751,CC1(C)S[C@@H]2[C@H](NC(=O)[C@@H](NS(=O)(=O)O)c3ccccc3)C(=O)N2[C@H]1C(=O)O,SMILES,0,88
6752,CC1(C)S[C@@H]2[C@H](NC(=O)[C@@H](C(=O)O)c3ccccc3)C(=O)N2[C@H]1C(=O)O,SMILES,0,88
6753,CC1(C)S[C@@H]2[C@H](NC(=O)[C@@H](C(=O)O)c3ccsc3)C(=O)N2[C@H]1C(=O)O,SMILES,0,88
6754,CC1(C)S[C@@H]2[C@H](NC(=O)CCC[C@H](N)C(=O)O)C(=O)N2[C@H]1C(=O)O,SMILES,0,88
6756,CC(=O)C1(O)Cc2c(O)c3c(c(O)c2C(OC2CC([NH3+])C(O)C(C)O2)C1)C(=O)c1c(O)cccc1C3=O,SMILES,0,88
6757,CC1OC(=O)C(C(C)C)NC(=O)C(C(C)C)OC(=O)C(C(C)C)NC(=O)C(C)OC(=O)C(C(C)C)NC(=O)C(C(C)C)OC(=O)C(C(C)C)NC(=O)C(C)OC(=O)C(C(C)C)NC(=O)C(C(C)C)OC(=O)C(C(C)C)NC1=O,SMILES,0,88
6758,CC1(C)C(NC(=O)C(=NOCC(=O)O)c2csc(N)n2)C(=O)N1OS(=O)(=O)O,SMILES,0,88
6759,Cc1onc(-c2ccccc2)c1C(=O)N[C@H]1C(=O)N2[C@H]1SC(C)(C)[C@H]2C(=O)O,SMILES,0,88
6760,Cc1onc(-c2ccccc2Cl)c1C(=O)N[C@H]1C(=O)N2[C@H]1SC(C)(C)[C@H]2C(=O)O,SMILES,0,88
6761,Cc1onc(-c2c(Cl)cccc2Cl)c1C(=O)N[C@H]1C(=O)N2[C@H]1SC(C)(C)[C@H]2C(=O)O,SMILES,0,88
6762,Cc1oc(=O)oc1COC(=O)[C@H]1N2C(=O)[C@@H](NC(=O)[C@H](N)c3ccccc3)[C@H]2SC1(C)C,SMILES,0,88
6763,CC1=C(C(=O)OCC(=O)OC(C)(C)C)N2C(=O)[C@@H](NC(=O)[C@H](N)c3ccccc3)[C@H]2SC1,SMILES,0,88
6764,CC[C@@]1(O)C[C@@H](O[C@H]2C[C@@H](N(C)C)[C@@H](O[C@H]3C[C@H]4O[C@H]5CC(=O)[C@H](C)O[C@H]5O[C@H]4[C@H](C)O3)[C@H](C)O2)c2c(O)c3c(c(O)c2[C@H]1O[C@H]1C[C@@H](N(C)C)[C@H](O)[C@H](C)O1)C(=O)c1cccc(O)c1C3=O,SMILES,0,88
6765,CC[C@@]1(O)C[C@@H](O[C@H]2C[C@@H](N(C)C)[C@@H](O[C@H]3C[C@H](O)[C@@H](O[C@H]4CCC(=O)[C@H](C)O4)[C@H](C)O3)[C@H](C)O2)c2c(cc3c(c2O)C(=O)c2c(O)cccc2C3=O)[C@H]1C(=O)OC,SMILES,0,88
6766,CC[C@H]1NC(=O)[C@H]2CCCN2C(=O)[C@@H](Cc2ccccc2)NC(=O)[C@@H](CC(C)C)NC(=O)[C@@H](CCCN)NC(=O)[C@H](C(C)C)NC(=O)[C@H]2CCCN2C(=O)[C@@H](Cc2ccccc2)NC(=O)[C@@H](CC(C)C)NC(=O)[C@@H](CCCN)NC1=O,SMILES,0,88
6767,CC[C@H]1NC(=O)[C@@H](NC(=O)c2ncccc2O)[C@H](C)OC(=O)[C@H](c2ccccc2)NC(=O)[C@H]2CC(=O)CCN2C(=O)[C@@H](Cc2ccccc2)N(C)C(=O)[C@H]2CCCN2C1=O,SMILES,0,88
6768,CC[C@H]1NC(=O)[C@@H](NC(=O)c2ncccc2O)[C@H](C)OC(=O)[C@H](c2ccccc2)NC(=O)[C@H]2CC(=O)CCN2C(=O)[C@@H](Cc2ccc(N(C)C)cc2)N(C)C(=O)[C@H]2CCCN2C1=O,SMILES,0,88
6769,CC[C@H]1OC(=O)[C@H](C)[C@@H](O[C@H]2C[C@@](C)(OC)[C@H](O)[C@H](C)O2)[C@H](C)[C@@H](O[C@H]2O[C@H](C)C[C@@H](N(C)C)[C@@H]2O)[C@@](C)(O)C[C@H](C)CN(C)[C@H](C)[C@H](O)[C@@]1(C)O,SMILES,0,88
6770,CC[C@H]1OC(=O)[C@H](C)[C@@H](O[C@H]2C[C@@](C)(OC)[C@H](O)[C@H](C)O2)[C@H](C)[C@@H](O[C@H]2O[C@H](C)C[C@@H](N(C)C)[C@@H]2O)[C@@](C)(O)C[C@H](C)C(=O)[C@H](C)[C@H](O)[C@@]1(C)O,SMILES,0,88
6771,CC[C@H]1OC(=O)[C@H](C)[C@@H](O[C@H]2C[C@@](C)(OC)[C@H](O)[C@H](C)O2)[C@H](C)[C@@H](O[C@H]2O[C@H](C)C[C@@H](N(C)C)[C@@H]2O)[C@@](C)(O)C[C@H](C)C(=O)[C@H](C)[C@H](O)[C@@H]1C,SMILES,0,88
6773,CC[C@H]1OC(=O)[C@H](C)[C@@H](O[C@H]2C[C@@](C)(OC)[C@H](O)[C@H](C)O2)[C@H](C)[C@@H](O[C@H]2O[C@H](C)C[C@@H](N(C)C)[C@@H]2O)[C@](C)(OC)C[C@H](C)C(=O)[C@H](C)[C@H](O)[C@@]1(C)O,SMILES,0,88
6774,CCC(=O)O[C@H]1[C@@H](O[C@@H]2[C@@H](C)[C@H](O[C@H]3C[C@@](C)(OC)[C@H](O)[C@H](C)O3)[C@@H](C)C(=O)O[C@H](CC)[C@](C)(O)[C@@H](O)[C@@H](C)C(=O)[C@@H](C)C[C@]2(C)O)O[C@H](C)C[C@H]1N(C)C,SMILES,0,88
6775,CC[C@H]1CN2CCc3cc(OC)c(OC)cc3[C@H]2C[C@H]1C[C@H]1NCCc2cc(OC)c(OC)cc21,SMILES,0,88
6776,C/C=C/C[C@@H](C)[C@@H](O)[C@H]1C(=O)N[C@H](CC)C(=O)N(C)CC(=O)N(C)[C@H](CC(C)C)C(=O)N[C@@H](C(C)C)C(=O)N(C)[C@H](CC(C)C)C(=O)N[C@@H](C)C(=O)N[C@@H](C)C(=O)N(C)[C@H](CC(C)C)C(=O)N(C)[C@H](CC(C)C)C(=O)N(C)[C@@H](C(C)C)C(=O)N1C,SMILES,0,88
6777,CC[C@H](C)C(=O)O[C@H]1C[C@H](O)C=C2C=C[C@H](C)[C@@H](CC[C@H](O)C[C@H](O)CC(=O)O)[C@H]21,SMILES,0,88
6778,CC[C@@H](Oc1ccccc1)C(=O)N[C@H]1C(=O)N2[C@H]1SC(C)(C)[C@H]2C(=O)O,SMILES,0,88
6780,CC[C@@H](NC(=O)c1c(OCC(=O)O)c(-c2ccccc2)nc2ccccc12)c1ccccc1,SMILES,0,88
6781,CC[C@@H](NC(=O)c1c(Cn2ccnc2)c(-c2ccccc2)nc2ccccc12)c1ccccc1,SMILES,0,88
6783,CC[C@@H](NC(=O)[C@H]1CCCN1C(=O)[C@@H](Cc1ccccc1)NC(=O)[C@@H](CC(C)C)NC(=O)[C@@H](CCCN)NC(=O)[C@@H](CC)NC(=O)[C@H]1CCCN1C(=O)[C@@H](Cc1ccccc1)NC(=O)[C@H](N)CC(C)C)C(=O)N[C@H](C=O)CCCN,SMILES,0,88
6784,CC/C=C(/C(=O)N[C@H]1C(=O)N2C(C(=O)O)=C(COC(N)=O)CS[C@@H]12)c1csc(N)n1,SMILES,0,88
6785,CC(C)(C)NC[C@H](O)COc1cccc2c1C[C@@H](O)[C@@H](O)C2,SMILES,0,88
6786,CC(C)(C)NC(=O)[C@H]1C[C@H]2CCCC[C@H]2CN1C[C@H](O)[C@@H](Cc1ccccc1)NC(=O)[C@@H](CC(N)=O)NC(=O)c1ccc2ccccc2n1,SMILES,0,88
6787,CC(C)(C)NC(=O)[C@H]1CN(Cc2cccnc2)CCN1C[C@H](O)C[C@@H](Cc1ccccc1)C(=O)N[C@H]1c2ccccc2C[C@@H]1O,SMILES,0,88
6788,CC(C)(C)C(=O)OCOC(=O)[C@H]1N2C(=O)[C@@H](NC(=O)[C@H](N)c3ccccc3)[C@H]2SC1(C)C,SMILES,0,88
6789,CC(C)(C)C(=O)OCOC(=O)[C@H]1N2C(=O)[C@@H](N=CN3CCCCCC3)[C@H]2SC1(C)C,SMILES,0,88
6793,CC(C)C[C@@H](OC(=O)c1ccco1)C(=O)N[C@H]1C(=O)N2[C@H]1SC(C)(C)[C@H]2C(=O)O,SMILES,0,88
6794,CC(C)C(=O)OCc1cccc(OC(=O)[C@H]2N3C(=O)[C@@H](NC(=O)Cc4ccccc4)[C@H]3SC2(C)C)c1,SMILES,0,88
6795,CC1=C[C@@H](O)CC(=O)Cc2nc(co2)C(=O)N2CCC=C2C(=O)O[C@H](C(C)C)[C@@H](C)C=CC(=O)NCC=C1,SMILES,0,88
6796,CC(=O)OCOC(=O)[C@H]1N2C(=O)[C@@H](NC(=O)Cc3ccccc3)[C@H]2SC1(C)C,SMILES,0,88
6797,CC(=O)OCC1=C(C(=O)O)N2C(=O)[C@@H](NC(=O)CC#N)[C@H]2SC1,SMILES,0,88
6799,CC(=O)N1CCN(C(=O)Cc2ccccc2)[C@@H](CN2CC[C@H](O)C2)C1,SMILES,0,88
6800,CC(=O)C1=C(O)[C@H](N)[C@H]2Cc3c(c(O)c4c(O)c(C)ccc4c3C)C(=O)[C@@]2(O)C1=O,SMILES,0,88
6801,CC(=O)[C@]1(N)Cc2c(O)c3c(c(O)c2[C@H](O[C@H]2C[C@H](O)[C@H](O)CO2)C1)C(=O)c1ccccc1C3=O,SMILES,0,88
6802,CC#C[C@@]1(O)CC[C@H]2[C@H]3CCC4=CC(=O)CCC4=C3[C@H](c3ccc(N(C)C)cc3)C[C@]21C,SMILES,0,88
6803,CSc1ccc(CC(=O)N2CCN(C(C)=O)C[C@H]2CN2CC[C@H](O)C2)cc1,SMILES,0,88
6804,C[C@@H](O)[C@H]1C(=O)N2C(C(=O)O)=C(S[C@H]3CC[S@@](=O)C3)S[C@H]12,SMILES,0,88
6805,C[C@@]12CC[C@H]3c4ccc(O)cc4CC[C@H]3[C@H]1CC[C@@H]2O,SMILES,0,88
6810,C[C@@]12CCC(=O)C=C1CC[C@@H]1[C@H]2[C@H]2C[C@]3([C@@H]1CC[C@H]3C(=O)CO)[C@@H](O)O2,SMILES,0,88
6811,C[C@]12C[C@H](O)[C@@H]3[C@@H](CCC4=CC(=O)CC[C@]43C)[C@H]1CC[C@@]2(O)C(=O)CO,SMILES,0,88
6812,C[C@@]12C[C@H](N)[C@H]1CN(c1nc3c(cc1F)c(=O)c(C(=O)O)cn3C1CC1)C2,SMILES,0,88
6813,C[C@H]1O[C@H](O[C@H]2[C@H](O)C[C@H](O[C@H]3[C@H](O)C[C@@H](O[C@H]4CC[C@@]5(C)[C@@H](CC[C@H]6[C@H]5C[C@H](O)[C@@]5(C)[C@H](C7=CC(=O)OC7)CC[C@@]65O)C4)O[C@@H]3C)O[C@@H]2C)C[C@H](O)[C@@H]1O,SMILES,0,88
6814,CC(=O)[C@]1(O)Cc2c(O)c3c(c(O)c2[C@@H](O[C@@H]2C[C@H](N)[C@H](O)[C@@H](C)O2)C1)C(=O)c1ccccc1C3=O,SMILES,0,88
6815,C[C@H]1O[C@H](O[C@H]2C[C@](O)(C(=O)CO)Cc3c(O)c4c(c(O)c32)C(=O)c2ccccc2C4=O)C[C@H](N)[C@@H]1O,SMILES,0,88
6816,CC(=O)O[C@@H]1C[C@]2(C)[C@@H](C[C@@H](O)[C@H]3[C@@]4(C)CC[C@@H](O)[C@H](C)[C@@H]4CC[C@@]32C)C1=C(CCC=C(C)C)C(=O)O,SMILES,0,88
6819,C[C@H](O)[C@H]1C(=O)N2C(C(=O)O)=C([C@H]3CCCO3)S[C@@H]12,SMILES,0,88
6820,C[C@@H](Oc1ccccc1)C(=O)N[C@H]1C(=O)N2[C@H]1SC(C)(C)[C@H]2C(=O)O,SMILES,0,88
6822,Cc1nnc(SCC2=C(C(=O)O)N3C(=O)[C@@H](NC(=O)[C@H](N)c4ccc(O)cc4)[C@H]3SC2)s1,SMILES,0,88
6823,Cc1cc(O)c(C(=O)N[C@@H](C(=O)N[C@H]2C(=O)N3C(C(=O)O)=C(CSc4nnnn4C)CS[C@@H]23)c2ccc(O)cc2)cn1,SMILES,0,88
6825,CC(C)C[C@H]1C(=O)N2CCC[C@@H]2[C@]2(O)O[C@](NC(=O)[C@@H]3C=C4c5cccc6[nH]c(Br)c(c56)C[C@H]4N(C)C3)(C(C)C)C(=O)N12,SMILES,0,88
6826,O=C1Nc2ccc(Cl)cc2[C@](C#CC2CC2)(C(F)(F)F)O1,SMILES,0,88
6827,O=C(Cc1ccc(Cl)c(Cl)c1)N1CCN(CCO)C[C@H]1CN1CC[C@@H](O)C1,SMILES,0,88
6828,O=C1NC(=O)[C@@]2(CCN(C(=O)Cc3ccc(Cl)c(Cl)c3)[C@H](CN3CCCC3)C2)N1,SMILES,0,88
6829,[C-]#[N+]C(=Cc1ccc(O)cc1)C(=Cc1ccc(O)cc1)[N+]#[C-],SMILES,0,88
6830,O=C(O)CCCC1=CC=C2CCCN2CCCC=C1,SMILES,0,88
6831,C/C=C/C=C/C1OC(O)(C(CC)C(=O)NC/C=C/C=C(\C)C(OC)C(C)C2OC(/C=C/C=C/C=C(\C)C(=O)c3c(O)ccn(C)c3=O)C(O)C2O)C(O)C(OC2OC(C)C(OC3OC(C)C(OC)C(O)C3OC)C(OC)C2O)C1(C)C,SMILES,0,88
6832,C=C1c2c(Cl)ccc(O)c2C(O)=C2C(=O)C3(O)C(O)=C(C(N)=O)C(=O)C(N(C)C)C3C(O)C12,SMILES,0,88
6833,C=C1c2cccc(O)c2C(O)=C2C(=O)[C@]3(O)C(O)=C(C(N)=O)C(=O)[C@@H](N(C)C)[C@@H]3[C@@H](O)[C@H]12,SMILES,0,88
6834,C=CC1=C(C(=O)O)N2C(=O)[C@@H](NC(=O)/C(=N/O)c3csc(N)n3)[C@H]2SC1,SMILES,0,88
6835,C=CC1=C(C(=O)O)N2C(=O)[C@@H](NC(=O)/C(=N/OCC(=O)O)c3csc(N)n3)[C@H]2SC1,SMILES,0,88
6836,CC(=O)N1CCN(C(=O)Cc2ccc([S@@+](C)[O-])cc2)[C@@H](CN2CC[C@H](O)C2)C1,SMILES,0,88
6837,CC(=O)OCC1=C(C(=O)O)N2C(=O)[C@H](NC(=O)CC#N)[C@@H]2SC1,SMILES,0,88
6838,CC(=O)[C@]1(N)Cc2c(O)c3c(c(O)c2[C@@H](O[C@H]2C[C@H](O)[C@H](O)CO2)C1)C(=O)c1ccccc1C3=O,SMILES,0,88
6839,CC1(C)S[C@@H]2[C@@H](N3C(=O)C(c4ccc(O)cc4)NC3(C)C)C(=O)N2[C@H]1C(=O)O,SMILES,0,88
6842,CC1(C)[C@H](NC(=O)/C(=N/OCC(=O)O)c2csc(N)n2)C(=O)N1OS(=O)(=O)O,SMILES,0,88
6843,CCC[C@@H]1C[C@@H](C(=O)NC(C(C)Cl)[C@H]2O[C@H](SC)[C@H](OP(=O)(O)O)[C@@H](O)[C@H]2O)N(C)C1,SMILES,0,88
6845,CCOc1ccc2ccccc2c1C(=O)N[C@@H]1C(=O)N2[C@@H]1SC(C)(C)[C@@H]2C(=O)O,SMILES,0,88
6846,CC[C@H]1OC(=O)[C@H](C)[C@@H](OC2CC(C)(OC)C(O)C(C)O2)C(C)[C@@H](OC2OC(C)CC(N(C)C)C2O)[C@](C)(O)C[C@@H](C)/C(=N/OC)[C@H](C)[C@@H](O)[C@]1(C)O,SMILES,0,88
6847,CC[C@H]1OC(=O)[C@H](C)[C@@H](O[C@H]2C[C@@](C)(OC)[C@@H](O)[C@H](C)O2)[C@H](C)[C@@H](O[C@@H]2O[C@H](C)C[C@H](N(C)C)[C@H]2O)[C@](C)(O)C[C@@H](C)/C(=N\OCOCCOC)[C@H](C)[C@@H](O)[C@]1(C)O,SMILES,0,88
6848,CN(C)C1C(=O)C(C(=O)NCN2CCN(CCO)CC2)=C(O)C2(O)C(=O)C3=C(O)c4c(O)cccc4C(C)(O)C3CC12,SMILES,0,88
6850,CN(C)[C@@H]1C(=O)C(C(=O)NCN2CCCC(C(=O)O)C2)=C(O)[C@@]2(O)C(=O)C3=C(O)c4c(O)cccc4[C@@](C)(O)[C@H]3C[C@@H]12,SMILES,0,88
6851,CN(C)[C@@H]1C(=O)C(C(=O)NCNC(C(=O)NC2C(=O)N3C2SC(C)(C)C3C(=O)O)c2ccccc2)=C(O)[C@@]2(O)C(=O)C3=C(O)c4c(O)cccc4[C@@](C)(O)[C@H]3C[C@@H]12,SMILES,0,88
6852,CN(C)[C@@H]1C(=O)C(C(=O)NCO)=C(O)[C@@]2(O)C(=O)C3=C(O)c4c(O)ccc(Cl)c4[C@@](C)(O)[C@H]3C[C@@H]12,SMILES,0,88
6853,CN(C)[C@@H]1C(=O)C(C(N)=O)=C(O)[C@@]2(O)C(=O)C3=C(O)c4c(O)ccc(Cl)c4[C@@H](O)[C@H]3C[C@@H]12,SMILES,0,88
6855,CN(C)[C@@H]1C(=O)C(C(N)=O)=C(O)[C@@]2(O)C(=O)C3=C(O)c4c(O)ccc([N+](=O)[O-])c4C[C@H]3C[C@@H]12,SMILES,0,88
6856,CN(C)[C@@H]1C(=O)C(C(N)=O)=C(O)[C@@]2(O)C(=O)C3=C(O)c4c(O)cccc4[C@@H](O)[C@H]3C[C@@H]12,SMILES,0,88
6857,CN(C)[C@@H]1C(=O)C(C(N)=O)=C(O)[C@@]2(O)C(=O)C3=C(O)c4c(O)cccc4[C@@](C)(O)[C@H]3[C@H](O)[C@@H]12,SMILES,0,88
6858,CN(C)[C@@H]1C(=O)C(C(N)=O)=C(O)[C@@]2(O)C(=O)C3=C(O)c4c(ccc(N)c4O)C[C@H]3C[C@@H]12,SMILES,0,88
6860,CO/N=C(/C(=O)NC1C(=O)N(OCC(=O)O)[C@H]1C)c1csc(N)n1,SMILES,0,88
6861,CO/N=C(/C(=O)NC1C(=O)N2C(C(=O)O)=C(/C=C\c3scnc3C)CS[C@H]12)c1csc(N)n1,SMILES,0,88
6862,CO/N=C(/C(=O)N[C@@H]1C(=O)N(OCC(=O)OCC(=O)OC(C)(C)C)[C@H]1C)c1csc(N)n1,SMILES,0,88
6863,CO/N=C(/C(=O)N[C@@H]1C(=O)N2C(C(=O)O)=C(/C=C/Sc3n[nH]c(=O)c(=O)n3CC=O)CS[C@H]12)c1csc(N)n1,SMILES,0,88
6864,CO/N=C(/C(=O)N[C@@H]1C(=O)N2C(C(=O)O)=C(C)CS[C@H]12)c1csc(N)n1,SMILES,0,88
6865,CO/N=C(/C(=O)N[C@@H]1C(=O)N2C(C(=O)O)=C(COC(C)=O)CS[C@H]12)c1ccco1,SMILES,0,88
6867,CO/N=C(/C(=O)N[C@@H]1C(=O)N2C(C(=O)O)=C(CSC(=O)c3ccco3)CS[C@H]12)c1csc(N)n1,SMILES,0,88
6869,CO/N=C(/C(=O)N[C@@H]1C(=O)N2C(C(=O)O)=C(CSc3nnnn3C)CS[C@H]12)c1csc(N)n1,SMILES,0,88
6870,CO/N=C(/C(=O)N[C@@H]1C(=O)N2C(C(=O)O)=C(Cn3nnc(C)n3)CS[C@H]12)c1csc(N)n1,SMILES,0,88
6871,CO/N=C(/C(=O)N[C@@H]1C(=O)N2C(C(=O)O)=CCS[C@H]12)c1csc(N)n1,SMILES,0,88
6872,CO/N=C(/C(=O)N[C@@H]1C(=O)N2C(C(=O)OC(C)OC(C)=O)=C(COC(N)=O)CS[C@H]12)c1ccco1,SMILES,0,88
6873,CO/N=C(\C(=O)N[C@@H]1C(=O)N2C(C(=O)O)=C(CSc3nc(C)c(CC(=O)O)s3)CS[C@H]12)c1csc(N)n1,SMILES,0,88
6874,COC1CCCC2C1=C(C(=O)O)N1C(=O)C(C(C)O)C21,SMILES,0,88
6875,COCC1=C(C(=O)O)N2C(=O)[C@@H](NC(=O)/C(=N/O)c3csc(N)n3)[C@H]2SC1,SMILES,0,88
6876,COCCCC(=O)OC(C)OC(=O)C1=C(COC(N)=O)CS[C@@H]2[C@H](NC(=O)/C(=N/OC)c3ccco3)C(=O)N12,SMILES,0,88
6878,CO[C@H]1/C=C/O[C@@]2(C)Oc3c(C)c(O)c4c(O)c(c(C=NN5CCN(C6CCCC6)CC5)c(O)c4c3C2=O)NC(=O)/C(C)=C\C=C\[C@H](C)[C@H](O)[C@@H](C)[C@@H](O)[C@@H](C)[C@H](OC(C)=O)[C@@H]1C,SMILES,0,88
6880,COc1cccc2c1C(=O)c1c(O)c3c(c(O)c1C2=O)C[C@@](O)(/C(C)=N/NC(=O)c1ccccc1)C[C@@H]3O[C@H]1C[C@H](N)[C@H](O)[C@H](C)O1,SMILES,0,88
6881,C[C@@H](O)[C@H]1C(=O)N2C(C(=O)O)=C(COC(N)=O)S[C@H]12,SMILES,0,88
6886,C=CCOc1ccc(CC(=O)O)cc1Cl,SMILES,0,88
6887,CC(=O)C[C@@H](c1ccccc1)c1c(O)c2ccccc2oc1=O,SMILES,0,88
6888,CC(=O)Nc1ccc(OCC(O)CNC(C)C)cc1,SMILES,0,88
6889,CC(C)(C)NCC(O)c1cc(O)cc(O)c1,SMILES,0,88
6890,CC(C)(C)S(=O)(=O)C[C@@H](Cc1ccccc1)C(=O)N[C@@H](Cc1cnc[nH]1)C(=O)N[C@@H](CC1CCCCC1)[C@@H](O)[C@@H](O)C1CC1,SMILES,0,88
6892,CC1CN(c2cc3c(cc2F)c(=O)c(C(=O)O)cn3-c2ccc(F)cc2F)CCN1,SMILES,0,88
6893,CCc1cccc2cc(C(O)CNC(C)(C)C)oc12,SMILES,0,88
6894,CN(C(=O)Cc1ccc(Cl)c(Cl)c1)C(CN1CCCC1)c1cccc(OCC(=O)O)c1,SMILES,0,88
6895,CO/N=C(\C(=O)N[C@@H]1C(=O)N2C(C(=O)OCOC(=O)C(C)(C)C)=C(C)CS[C@H]12)c1csc(N)n1,SMILES,0,88
6896,C[C@@H]1O[C@@H](O[C@@H]2C=C3CC[C@@H]4[C@H](CC[C@]5(C)[C@@H](c6ccc(=O)oc6)CC[C@]45O)[C@@]3(C)CC2)[C@H](O)[C@H](O)[C@H]1O,SMILES,0,88
6898,Cc1cccc(C)c1NC(=O)C(C)N,SMILES,0,88
6899,Cc1ccccc1OCC(O)CNCCOc1ccc(C(N)=O)cc1,SMILES,0,88
6903,O=C(O)c1ccc2[nH]cc(CCCCN3CC=C(c4ccccc4)CC3)c2c1,SMILES,0,88
6904,C/C=C/C1=C(C(=O)O)N2C(=O)C(NC(=O)[C@@H](N)c3ccc(O)cc3)[C@@H]2SC1,SMILES,0,88
6905,C=C1c2c(Cl)ccc(O)c2C(=O)C2=C(O)C3(O)C(=O)C(C(N)=O)=C(O)[C@@H](N(C)C)[C@H]3[C@@H](O)[C@@H]12,SMILES,0,88
6906,C=C1c2cccc(O)c2C(=O)C2=C(O)C3(O)C(=O)C(C(N)=O)=C(O)[C@@H](N(C)C)[C@H]3[C@@H](O)[C@@H]12,SMILES,0,88
6908,C=CC1=C(C(=O)O)N2C(=O)C(NC(=O)/C(=N\OCC(=O)O)c3csc(N)n3)[C@@H]2SC1,SMILES,0,88
6909,C=CC1CN2CCC1CC2[C@@H](O)c1ccnc2ccc(OC)cc12,SMILES,0,88
6910,C=CC[C@H]1/C=C(\C)C[C@H](C)C[C@H](OC)[C@@H]2OC(O)(C(=O)C(=O)N3CCCC[C@H]3C(=O)O[C@H](/C(C)=C/[C@H]3CC[C@H](O)[C@@H](OC)C3)[C@@H](C)[C@@H](O)CC1=O)[C@@H](C)C[C@@H]2OC,SMILES,0,88
6911,C=N[C@H](C(=O)NC1C(=O)N2[C@@H](C(=O)O)C(C)(C)S[C@@H]12)c1ccccc1,SMILES,0,88
6912,CC#CC1(O)CC[C@H]2[C@@H]3CCC4=CC(=O)CCC4=C3[C@H](c3ccc(N(C)C)cc3)CC21C,SMILES,0,88
6913,CC(=O)C1(N)Cc2c(O)c3c(c(O)c2[C@@H](O[C@H]2C[C@H](O)[C@@H](O)CO2)C1)C(=O)c1ccccc1C3=O,SMILES,0,88
6914,CC(=O)C1(O)Cc2c(O)c3c(c(O)c2[C@@H](O[C@@H]2C[C@H](N)[C@H](O)[C@H](C)O2)C1)C(=O)c1c(O)cccc1C3=O,SMILES,0,88
6916,CC(=O)N1CCN(C(=O)Cc2cc(F)cc(F)c2)[C@@H](CN2CC[C@H](O)C2)C1,SMILES,0,88
6918,CC(=O)N1CCN(C(=O)Cc2ccc(Cl)c(Cl)c2)[C@@H](CN2CC[C@H](O)C2)C1,SMILES,0,88
6919,CC(=O)N1CCN(C(=O)Cc2ccc([S+](C)[O-])cc2)[C@@H](CN2CC[C@H](O)C2)C1,SMILES,0,88
6920,CC(=O)N1CCN(c2ccc(OC[C@H]3COC(Cn4ccnc4)(c4ccc(Cl)cc4Cl)O3)cc2)CC1,SMILES,0,88
6921,CC(=O)OC12CO[C@H]1C[C@H](O)C1(C)C(=O)[C@@H](O)C3=C(C)[C@@H](OC(=O)[C@@H](O)[C@@H](NC(=O)OC(C)(C)C)c4ccccc4)CC(O)([C@@H](OC(=O)c4ccccc4)[C@@H]21)C3(C)C,SMILES,0,88
6922,CC(=O)OC1CC2(C)[C@H](C[C@H](O)[C@H]3C4(C)CC[C@H](O)[C@@H](C)[C@@H]4CCC32C)/C1=C(\CCC=C(C)C)C(=O)O,SMILES,0,88
6924,CC(=O)OCC1=C(C(=O)O)N2C(=O)C(NC(=O)CSc3ccncc3)[C@@H]2SC1,SMILES,0,88
6925,CC(=O)OCC1=C(C(=O)O)N2C(=O)C(NC(=O)Cc3ccccc3)[C@@H]2SC1,SMILES,0,88
6926,CC(=O)OCC1=C(C(=O)O)N2C(=O)C(NC(=O)Cc3cccs3)[C@@H]2SC1,SMILES,0,88
6928,CC(=O)OCC1=C(C(=O)O)N2C(=O)C(NC(=O)c3c(-c4ccccc4Cl)noc3C)[C@@H]2SC1,SMILES,0,88
6929,CC(=O)OCOC(=O)[C@@H]1N2C(=O)C(NC(=O)Cc3ccccc3)[C@@H]2SC1(C)C,SMILES,0,88
6931,CC(=O)O[C@@H]1C(=O)C2(C)[C@@H](O)C[C@@H]3OCC3(OC(C)=O)[C@@H]2[C@H](OC(=O)c2ccccc2)C2(O)C[C@H](OC(=O)[C@@H](O)[C@@H](NC(=O)c3ccccc3)c3ccccc3)C(C)=C1C2(C)C,SMILES,0,88
6932,CC(=O)O[C@H]1CC2(C)[C@H](C[C@H](O)[C@H]3C4(C)CC[C@H](O)[C@@H](C)[C@@H]4CCC32C)/C1=C(/CCC=C(C)C)C(=O)O,SMILES,0,88
6933,CC(C)(C)C(=O)OCOC(=O)[C@@H]1N2C(=O)C(/N=C/N3CCCCCC3)[C@@H]2SC1(C)C,SMILES,0,88
6934,CC(C)(C)C(=O)OCOC(=O)[C@@H]1N2C(=O)C(NC(=O)[C@@H](N)c3ccccc3)[C@@H]2SC1(C)C,SMILES,0,88
6935,CC(C)(Oc1ccc(Cl)cc1)C(=O)N[C@H](C(=O)NC1C(=O)N2[C@@H](C(=O)O)C(C)(C)S[C@@H]12)c1ccccc1,SMILES,0,88
6936,CC(C)(Oc1ccccc1)C(=O)NC1C(=O)N2[C@@H](C(=O)O)C(C)(C)S[C@@H]12,SMILES,0,88
6938,CC(C)C[C@H](N)C(=O)N[C@@H](CCCN)C(=O)N[C@H](C(=O)N[C@@H](CCCN)C(=O)N1CCC[C@H]1C(=O)N[C@H](C=O)Cc1ccccc1)C(C)C,SMILES,0,88
6939,CC(C)C[C@H](OC(=O)c1ccco1)C(=O)NC1C(=O)N2[C@@H](C(=O)O)C(C)(C)S[C@@H]12,SMILES,0,88
6941,CC(C)NC[C@H](O)COc1cccc2ccccc12,SMILES,0,88
6942,CC/C=C(/C(=O)NC1C(=O)N2C(C(=O)O)=C(COC(N)=O)CS[C@@H]12)c1csc(N)n1,SMILES,0,88
6943,CC/C=C(\C(=O)NC1C(=O)N2C(C(=O)O)=C(COC(N)=O)CS[C@@H]12)c1csc(N)n1,SMILES,0,88
6945,CC1(C)C(NC/C(=N/OCC(=O)O)c2csc(N)n2)C(=O)N1OS(=O)(=O)O,SMILES,0,88
6946,CC1(C)S[C@@H]2C(NC(=O)[C@@H](Oc3ccccc3)c3ccccc3)C(=O)[C@@H]2[C@H]1C(=O)O,SMILES,0,88
6947,CC1(C)S[C@H]2C(/N=C/N3CCCCCC3)C(=O)N2[C@H]1C(=O)O,SMILES,0,88
6948,CC1(C)S[C@H]2C(N3C(=O)C(c4ccc(O)cc4)NC3(C)C)C(=O)N2[C@H]1C(=O)O,SMILES,0,88
6949,CC1(C)S[C@H]2C(N3C(=O)C(c4ccccc4)NC3(C)C)C(=O)N2[C@H]1C(=O)O,SMILES,0,88
6951,CC1(C)S[C@H]2C(NC(=O)C3(N)CCCCC3)C(=O)N2[C@H]1C(=O)O,SMILES,0,88
6952,CC1(C)S[C@H]2C(NC(=O)C34C[C@@H]5C[C@H](CC(N)(C5)C3)C4)C(=O)N2[C@H]1C(=O)O,SMILES,0,88
6953,CC1(C)S[C@H]2C(NC(=O)CCC[C@H](N)C(=O)O)C(=O)N2[C@H]1C(=O)O,SMILES,0,88
6956,CC1(C)S[C@H]2C(NC(=O)Cc3ccccc3)C(=O)N2[C@H]1C(=O)O,SMILES,0,88
6957,CC1(C)S[C@H]2C(NC(=O)[C@@H](/N=C/c3ccco3)c3ccc(O)cc3)C(=O)N2[C@H]1C(=O)O,SMILES,0,88
6958,CC1(C)S[C@H]2C(NC(=O)[C@@H](/N=C\c3ccco3)c3ccc(O)cc3)C(=O)N2[C@H]1C(=O)O,SMILES,0,88
6959,CC1(C)S[C@H]2C(NC(=O)[C@@H](C(=O)O)c3ccccc3)C(=O)N2[C@H]1C(=O)O,SMILES,0,88
6960,CC1(C)S[C@H]2C(NC(=O)[C@@H](C(=O)Oc3ccc4c(c3)CCC4)c3ccccc3)C(=O)N2[C@H]1C(=O)O,SMILES,0,88
6961,CC1(C)S[C@H]2C(NC(=O)[C@@H](C(=O)Oc3ccccc3)c3ccccc3)C(=O)N2[C@H]1C(=O)O,SMILES,0,88
6963,CC1(C)S[C@H]2C(NC(=O)[C@@H](N)c3ccc(O)cc3)C(=O)N2[C@H]1C(=O)O,SMILES,0,88
6964,CC1(C)S[C@H]2C(NC(=O)[C@@H](N)c3ccccc3)C(=O)N2[C@H]1C(=O)O,SMILES,0,88
6965,CC1(C)S[C@H]2C(NC(=O)[C@@H](N)c3ccccc3)C(=O)N2[C@H]1C(=O)OCOC(=O)[C@@H]1N2C(=O)C[C@@H]2S(=O)(=O)C1(C)C,SMILES,0,88
6966,CC1(C)S[C@H]2C(NC(=O)[C@@H](N)c3ccccc3)C(=O)N2[C@H]1C(=O)O[C@@H]1OC(=O)c2ccccc21,SMILES,0,88
6967,CC1(C)S[C@H]2C(NC(=O)[C@@H](NC(=O)C/N=C(\N)c3ccncc3)c3ccccc3)C(=O)N2[C@H]1C(=O)O,SMILES,0,88
6968,CC1(C)S[C@H]2C(NC(=O)[C@@H](NC(=O)Cc3ccc(C4=NCCCN4)cc3)c3ccccc3)C(=O)N2[C@H]1C(=O)O,SMILES,0,88
6969,CC1(C)S[C@H]2C(NC(=O)[C@@H](NC(=O)N3CCN(S(C)(=O)=O)C3=O)c3ccccc3)C(=O)N2[C@H]1C(=O)O,SMILES,0,88
6970,CC1(C)S[C@H]2C(NC(=O)[C@@H](NC(=O)Nc3cnc(Nc4ccc(S(N)(=O)=O)cc4)[nH]c3=O)c3ccc(O)cc3)C(=O)N2[C@H]1C(=O)O,SMILES,0,88
6971,CC1(C)S[C@H]2C(NC(=O)[C@@H](NC(=O)c3c[nH]c4cccnc4c3=O)c3ccccc3)C(=O)N2[C@H]1C(=O)O,SMILES,0,88
6972,CC1(C)S[C@H]2C(NC(=O)[C@@H](NC(=O)c3ccc(-c4ccc(S(=O)(=O)N(CCO)CCO)cc4)[nH]c3=O)c3ccc(O)cc3)C(=O)N2[C@H]1C(=O)O,SMILES,0,88
6973,CC1(C)S[C@H]2C(NC(=O)[C@@H](NS(=O)(=O)O)c3ccccc3)C(=O)N2[C@H]1C(=O)O,SMILES,0,88
6974,CC1(C)S[C@H]2C(NC(=O)[C@H](c3ccccc3)S(=O)(=O)O)C(=O)N2[C@H]1C(=O)O,SMILES,0,88
6976,CC1(Cn2ccnn2)[C@H](C(=O)O)N2C(=O)C[C@@H]2S1(=O)=O,SMILES,0,88
6977,CC12CC(N)[C@@H]1CN(c1nc3c(cc1F)c(=O)c(C(=O)O)cn3C1CC1)C2,SMILES,0,88
6978,CC12CCC(=O)C=C1CC[C@@H]1[C@@H]2[C@@H](O)CC2(C)[C@@H](C(=O)CO)CC[C@@H]12,SMILES,0,88
6980,CC12CCC(=O)C=C1CC[C@@H]1[C@@H]2[C@@H]2CC3(C(C(=O)CO)CC[C@@H]13)[C@@H](O)O2,SMILES,0,88
6982,CC1=C(C(=O)O)N2C(=O)C(NC(=O)Cc3ccc(C4=NCCCN4)cc3)[C@@H]2SC1,SMILES,0,88
6983,CC1=C(C(=O)O)N2C(=O)C(NC(=O)[C@@H](N)C3=CCC=CC3)[C@@H]2SC1,SMILES,0,88
6984,CC1=C(C(=O)O)N2C(=O)C(NC(=O)[C@@H](N)c3ccc(O)c(Cl)c3)[C@@H]2SC1,SMILES,0,88
6985,CC1=C(C(=O)O)N2C(=O)C(NC(=O)[C@@H](N)c3ccc(O)cc3)[C@@H]2SC1,SMILES,0,88
6986,CC1=C(C(=O)O)N2C(=O)C(NC(=O)[C@@H](N)c3cccc(NS(C)(=O)=O)c3)[C@@H]2SC1,SMILES,0,88
6987,CC1=C(C(=O)OCC(=O)OC(C)(C)C)N2C(=O)C(NC(=O)[C@@H](N)c3ccccc3)[C@@H]2SC1,SMILES,0,88
6988,CC1=C/[C@@H](O)CC(=O)Cc2nc(co2)C(=O)N2CCC=C2C(=O)O[C@@H](C(C)C)[C@@H](C)/C=C\C(=O)NC/C=C\1,SMILES,0,88
6989,CC1=C\[C@@H](O)CC(=O)Cc2nc(co2)C(=O)N2CCC=C2C(=O)O[C@@H](C(C)C)[C@@H](C)/C=C/C(=O)NC\C=C\1,SMILES,0,88
6990,CC1C(NC(=O)/C(=N/OC(C)(C)C(=O)O)c2csc(N)n2)C(=O)N1S(=O)(=O)O,SMILES,0,88
6991,CC1C(NC(=O)/C(=N\OC(C)(C)C(=O)O)c2csc(N)n2)C(=O)N1S(=O)(=O)O,SMILES,0,88
6992,CCC(=O)O[C@@H]1[C@H](O[C@H]2C(C)[C@H](O[C@@H]3CC(C)(OC)[C@@H](O)[C@H](C)O3)[C@H](C)C(=O)O[C@@H](CC)C(C)(O)[C@@H](O)[C@H](C)C(=O)[C@@H](C)CC2(C)O)O[C@@H](C)C[C@@H]1N(C)C,SMILES,0,88
6993,CCC(=O)O[C@H]1CC(=O)O[C@@H](C)C/C=C/C=C/[C@@H](O)[C@@H](C)C[C@@H](CC=O)[C@H](O[C@@H]2OC(C)[C@@H](O[C@H]3CC(C)(O)[C@@H](OC(=O)CC)[C@H](C)O3)[C@@H](N(C)C)[C@@H]2O)[C@H]1OC,SMILES,0,88
6994,CCC(=O)O[C@H]1CC(=O)O[C@@H](C)C/C=C/C=C\[C@@H](O)[C@@H](C)C[C@@H](CC=O)[C@H](O[C@@H]2O[C@@H](C)[C@@H](O[C@H]3CC(C)(O)[C@@H](OC(=O)CC)[C@H](C)O3)[C@@H](N(C)C)[C@@H]2O)[C@H]1OC,SMILES,0,88
6995,CCC(=O)O[C@H]1[C@H](C)O[C@H](O[C@H]2[C@@H](C)[C@@H](O[C@@H]3O[C@@H](C)C[C@H](N(C)C)[C@@H]3O)[C@@H](C)CC3(CO3)C(=O)[C@@H](C)[C@@H](OC(=O)CC)[C@@H](C)[C@H](C)OC(=O)[C@H]2C)C[C@@H]1OC,SMILES,0,88
6996,CCC1(O)C[C@H](O[C@@H]2C[C@H](N(C)C)[C@H](O[C@H]3C[C@@H]4O[C@H]5CC(=O)[C@H](C)O[C@@H]5O[C@H]4[C@H](C)O3)[C@H](C)O2)c2c(O)c3c(c(O)c2[C@@H]1O[C@H]1C[C@H](N(C)C)[C@H](O)[C@H](C)O1)C(=O)c1cccc(O)c1C3=O,SMILES,0,88
6997,CCC1(O)C[C@H](O[C@@H]2C[C@H](N(C)C)[C@H](O[C@H]3C[C@H](O)[C@H](O[C@@H]4CCC(=O)[C@H](C)O4)C(C)O3)[C@H](C)O2)c2c(cc3c(c2O)C(=O)c2c(O)cccc2C3=O)[C@@H]1C(=O)OC,SMILES,0,88
6998,CCC1(O)C[C@H]2CN(CCc3c([nH]c4ccccc34)C(C(=O)OC)(c3cc4c(cc3OC)N(C)[C@@H]3C(O)(C(N)=O)[C@@H](O)C5(CC)C=CCN6CCC43[C@H]65)C2)C1,SMILES,0,88
6999,CCC1(O)C[C@H]2CN(CCc3c([nH]c4ccccc34)C(C(=O)OC)(c3cc4c(cc3OC)N(C=O)[C@@H]3C(O)(C(=O)OC)[C@@H](OC(C)=O)C5(CC)C=CCN6CCC43[C@H]65)C2)C1,SMILES,0,88
7001,CCCC[C@H]1CC(=O)C2(O)O[C@H]3[C@@H](NC)[C@@H](O)[C@H](NC)[C@H](O)[C@@H]3O[C@@H]2O1,SMILES,0,88
7002,CCC[C@H]1C[C@@H](C(=O)N[C@@H]([C@H](C)O)[C@@H]2O[C@@H](SC)[C@@H](O)[C@@H](O)C2O)N(C)C1,SMILES,0,88
7003,CCC[C@H]1C[C@@H](C(=O)N[C@H]([C@@H]2O[C@@H](SC)[C@@H](O)[C@@H](O)[C@@H]2O)[C@H](C)O)N(C)C1,SMILES,0,88
7004,CCC[C@H]1C[C@@H](C(=O)N[C@@H]([C@@H]2O[C@@H](SC)[C@@H](O)[C@@H](O)[C@@H]2O)[C@H](C)Cl)N(C)C1,SMILES,0,88
7005,CCC[C@H]1C[C@@H](C(=O)N[C@@H]([C@@H]2O[C@@H](SC)[C@@H](OP(=O)(O)O)[C@@H](O)[C@@H]2O)[C@H](C)Cl)N(C)C1,SMILES,0,88
7009,CCN(CC)CCOC(=O)[C@@H]1N2C(=O)C(NC(=O)c3c(OC)cccc3OC)[C@@H]2SC1(C)C,SMILES,0,88
7010,CCN(CC)c1nc2c(s1)c1c(O)c3c(O)c(C)c4c(c32)C(=O)C(C)(O/C=C/[C@H](OC)[C@H](C)[C@@H](OC(C)=O)[C@@H](C)[C@@H](O)[C@@H](C)[C@@H](O)[C@@H](C)/C=C/C=C(/C)C(=O)N1)O4,SMILES,0,88
7011,CCN1CCN(C(=O)N[C@H](C(=O)NC2C(=O)N3[C@@H](C(=O)O)C(C)(C)S[C@@H]23)c2ccccc2)C(=O)C1=O,SMILES,0,88
7012,CCN[C@H]1C[C@H](N)[C@H](O[C@H]2OC(CN)=CC[C@@H]2N)[C@H](O)[C@H]1O[C@@H]1OCC(C)(O)[C@@H](NC)[C@@H]1O,SMILES,0,88
7013,CCOC(=O)CCC(=O)O[C@@H]1[C@H](O[C@H]2[C@@H](C)[C@H](O[C@@H]3CC(C)(OC)[C@@H](O)[C@H](C)O3)[C@H](C)C(=O)O[C@@H](CC)C(C)(O)[C@@H](O)[C@H](C)C(=O)[C@@H](C)CC2(C)O)O[C@@H](C)C[C@@H]1N(C)C,SMILES,0,88
7014,CCOC(=O)O[C@@H](C)OC(=O)[C@@H]1N2C(=O)C(/N=C/N3CCCCCC3)[C@@H]2SC1(C)C,SMILES,0,88
7015,CCOC(=O)O[C@@H]1[C@H](O[C@H]2[C@@H](C)[C@H](O[C@@H]3CC(C)(OC)[C@@H](O)[C@H](C)O3)[C@H](C)C(=O)O[C@@H](CC)C(C)(O)[C@@H](O)[C@H](C)C(=O)[C@@H](C)CC2(C)O)O[C@@H](C)C[C@@H]1N(C)C,SMILES,0,88
7016,CCOC(OCC)C(=O)OCC(=O)C1(O)Cc2c(O)c3c(c(O)c2[C@@H](O[C@@H]2C[C@H](N)[C@H](O)[C@H](C)O2)C1)C(=O)c1c(OC)cccc1C3=O,SMILES,0,88
7017,CCOc1ccc2ccccc2c1C(=O)NC1C(=O)N2[C@@H](C(=O)O)C(C)(C)S[C@@H]12,SMILES,0,88
7018,CC[C@@H]1CN2CCc3cc(OC)c(OC)cc3[C@@H]2C[C@@H]1C[C@@H]1NCCc2cc(OC)c(OC)cc21,SMILES,0,88
7019,CC[C@@H]1NC(=O)[C@@H](NC(=O)c2ncccc2O)[C@H](C)OC(=O)[C@H](c2ccccc2)NC(=O)[C@@H]2CC(=O)CCN2C(=O)[C@H](Cc2ccc(N(C)C)cc2)N(C)C(=O)[C@@H]2CCCN2C1=O,SMILES,0,88
7020,CC[C@@H]1NC(=O)[C@@H](NC(=O)c2ncccc2O)[C@H](C)OC(=O)[C@H](c2ccccc2)NC(=O)[C@@H]2CC(=O)CCN2C(=O)[C@H](Cc2ccccc2)N(C)C(=O)C2CCCN2C1=O,SMILES,0,88
7021,CC[C@@H]1OC(=O)[C@@H](C)[C@@H](O[C@@H]2CC(C)(OC)[C@@H](O)[C@H](C)O2)C(C)[C@H](O[C@@H]2O[C@@H](C)C[C@H](N(C)C)[C@@H]2O)C(C)(O)CC(C)(F)C(=O)[C@@H](C)[C@H](O)C1(C)O,SMILES,0,88
7022,CC[C@@H]1OC(=O)[C@@H](C)[C@@H](O[C@@H]2CC(C)(OC)[C@@H](O)[C@H](C)O2)C(C)[C@H](O[C@@H]2O[C@@H](C)C[C@H](N(C)C)[C@@H]2O)C(C)(O)C[C@H](C)C(=O)[C@@H](C)[C@H](O)C1(C)O,SMILES,0,88
7023,CC[C@@H]1OC(=O)[C@@H](C)[C@@H](O[C@@H]2CC(C)(OC)[C@@H](O)[C@H](C)O2)[C@H](C)[C@H](O[C@@H]2O[C@@H](C)C[C@H](N(C)C)[C@@H]2O)C(C)(O)CC(C)CN(C)[C@@H](C)[C@H](O)C1(C)O,SMILES,0,88
7024,CC[C@@H]1OC(=O)[C@@H](C)[C@@H](O[C@@H]2CC(C)(OC)[C@@H](O)[C@H](C)O2)[C@H](C)[C@H](O[C@@H]2O[C@@H](C)C[C@H](N(C)C)[C@@H]2O)C(C)(O)CC(C)[C@@H]2N[C@H](COCCOC)O[C@@H]([C@H]2C)C1(C)O,SMILES,0,88
7025,CC[C@@H]1OC(=O)[C@@H](C)[C@@H](O[C@@H]2CC(C)(OC)[C@@H](O)[C@H](C)O2)[C@H](C)[C@H](O[C@@H]2O[C@@H](C)C[C@H](N(C)C)[C@@H]2O)C(C)(O)C[C@H](C)/C(=N/OCOCCOC)[C@H](C)[C@H](O)C1(C)O,SMILES,0,88
7026,CC[C@@H]1OC(=O)[C@@H](C)[C@@H](O[C@@H]2CC(C)(OC)[C@@H](O)[C@H](C)O2)[C@H](C)[C@H](O[C@@H]2O[C@@H](C)C[C@H](N(C)C)[C@@H]2O)C(C)(O)C[C@H](C)/C(=N\OC)[C@H](C)[C@H](O)C1(C)O,SMILES,0,88
7027,CC[C@@H]1OC(=O)[C@@H](C)[C@@H](O[C@@H]2CC(C)(OC)[C@@H](O)[C@H](C)O2)[C@H](C)[C@H](O[C@@H]2O[C@@H](C)C[C@H](N(C)C)[C@@H]2O)C(C)(O)C[C@H](C)/C(=N\OCOCCOC)[C@H](C)[C@H](O)C1(C)O,SMILES,0,88
7028,CC[C@@H]1OC(=O)[C@@H](C)[C@@H](O[C@@H]2CC(C)(OC)[C@@H](O)[C@H](C)O2)[C@H](C)[C@H](O[C@@H]2O[C@@H](C)C[C@H](N(C)C)[C@@H]2O)C(C)(OC)C[C@H](C)C(=O)[C@@H](C)[C@H](O)C1(C)O,SMILES,0,88
7029,CC[C@H](C)C(=O)O[C@H]1C[C@H](O)C=C2C=C[C@H](C)[C@H](CC[C@H](O)C[C@H](O)CC(=O)O)[C@@H]21,SMILES,0,88
7030,CC[C@H](C)n1ncn(-c2ccc(N3CCN(c4ccc(OC[C@H]5COC(Cn6cncn6)(c6ccc(Cl)cc6Cl)O5)cc4)CC3)cc2)c1=O,SMILES,0,88
7031,CC[C@H](Oc1ccccc1)C(=O)NC1C(=O)N2[C@@H](C(=O)O)C(C)(C)S[C@@H]12,SMILES,0,88
7032,CN(C(=O)Cc1ccccc1N)[C@H](CN1CC[C@H](O)C1)c1ccccc1,SMILES,0,88
7033,CN(C)CCn1nnnc1SCC1=C(C(=O)O)N2C(=O)C(NC(=O)Cc3csc(N)n3)[C@@H]2SC1,SMILES,0,88
7035,CN(C)[C@@H]1C(O)=C(C(=O)NCN2CCC[C@H](C(=O)O)C2)C(=O)C2(O)C(O)=C3C(=O)c4c(O)cccc4C(C)(O)[C@H]3C[C@@H]12,SMILES,0,88
7037,CN(C)[C@@H]1C(O)=C(C(=O)NCN2CCN(CCO)CC2)C(=O)C2(O)C(O)=C3C(=O)c4c(O)cccc4C(C)(O)[C@H]3C[C@@H]12,SMILES,0,88
7038,CN(C)[C@@H]1C(O)=C(C(=O)NCNCCCC[C@H](N)C(=O)O)C(=O)C2(O)C(O)=C3C(=O)c4c(O)cccc4C(C)(O)[C@H]3C[C@@H]12,SMILES,0,88
7039,CN(C)[C@@H]1C(O)=C(C(=O)NCN[C@H](C(=O)NC2C(=O)N3[C@@H](C(=O)O)C(C)(C)S[C@@H]23)c2ccccc2)C(=O)C2(O)C(O)=C3C(=O)c4c(O)cccc4C(C)(O)[C@H]3C[C@@H]12,SMILES,0,88
7040,CN(C)[C@@H]1C(O)=C(C(=O)NCO)C(=O)C2(O)C(O)=C3C(=O)c4c(O)ccc(Cl)c4C(C)(O)[C@H]3C[C@@H]12,SMILES,0,88
7041,CN(C)[C@@H]1C(O)=C(C(=O)N[C@H](C(=O)O)N2CCN(CCO)CC2)C(=O)C2(O)C(O)=C3C(=O)c4c(O)cccc4C(C)(O)[C@H]3C[C@@H]12,SMILES,0,88
7043,CN(C)[C@@H]1C(O)=C(C(N)=O)C(=O)C2(O)C(O)=C3C(=O)c4c(O)cccc4C(C)(O)[C@@H]3[C@H](O)[C@H]12,SMILES,0,88
7044,CN(C)[C@@H]1C(O)=C(C(N)=O)C(=O)C2(O)C(O)=C3C(=O)c4c(O)cccc4C(C)(O)[C@H]3C[C@@H]12,SMILES,0,88
7045,CN(C)[C@@H]1C(O)=C(C(N)=O)C(=O)C2(O)C(O)=C3C(=O)c4c(ccc(N)c4O)C[C@@H]3C[C@@H]12,SMILES,0,88
7046,CN1C[C@@H](C(=O)NC2(C)OC3(O)[C@@H]4CCCN4C(=O)[C@H](Cc4ccccc4)N3C2=O)C[C@H]2c3cccc4[nH]cc(c34)C[C@@H]21,SMILES,0,88
7047,CN1[C@H]2CC[C@H]1CC(OC(=O)[C@@H](O)c1ccccc1)C2,SMILES,0,88
7053,CN[C@@H](C)[C@@H](O)c1ccc(O)cc1,SMILES,0,88
7054,CN[C@@H]1[C@H](O[C@@H]2C(O[C@@H]3[C@@H](O)[C@@H](O)[C@@H](NC(=N)N)[C@H](O)[C@@H]3NC(=N)N)O[C@@H](C)C2(O)CO)O[C@@H](CO)[C@@H](O)[C@H]1O,SMILES,0,88
7055,CN[C@@H]1[C@H](O[C@@H]2O[C@H](CO)[C@@H](N)[C@H](O)[C@@H]2O)O[C@H]2C[C@H](N)[C@@H](O[C@@H]3[C@@H](O)[C@@H](O)[C@@H](N)C[C@@H]3N)O[C@H]2[C@H]1O,SMILES,0,88
7056,CN[C@@H]1[C@H](O[C@@H]2[C@@H](O[C@@H]3[C@@H](O)[C@@H](O)[C@@H](NC(=N)N)[C@H](O)[C@@H]3NC(=N)N)OC(C)C2(O)C=O)O[C@@H](CO)[C@@H](O)[C@H]1O,SMILES,0,88
7057,CN[C@@H]1[C@H](O[C@@H]2[C@@H](O[C@@H]3[C@@H](O)[C@@H](O)[C@@H](NC(=N)N)[C@H](O)[C@@H]3NC(=N)N)O[C@@H](C)C2(O)C=O)O[C@@H](CO)[C@@H](O)[C@H]1O,SMILES,0,88
7058,CN[C@@H]1[C@H](O[C@@H]2[C@@H](O[C@@H]3[C@@H](O)[C@@H](O)[C@@H](NC(=N)N)[C@H](O)[C@@H]3NC(=N)N)O[C@@H](C)C2(O)CO)O[C@@H](CO)[C@@H](O)[C@H]1O,SMILES,0,88
7059,CN[C@H]1[C@H](O)[C@H](O[C@@H]2[C@@H](O)[C@@H](O[C@@H]3O[C@H](CN)CC[C@@H]3N)[C@@H](N)C[C@@H]2N)OCC1(C)O,SMILES,0,88
7060,CN[C@H]1[C@H](O)[C@H](O[C@@H]2[C@@H](O)[C@@H](O[C@H]3OC(CN)=CC[C@@H]3N)[C@@H](N)C[C@@H]2N)OCC1(C)O,SMILES,0,88
7061,CN[C@H]1[C@H](O)[C@H](O[C@@H]2[C@@H](O)[C@@H](O[C@@H]3O[C@@H](CN)[C@@H](O)[C@H](O)[C@@H]3O)[C@@H](N)C[C@@H]2NC(=O)[C@@H](O)CN)OCC1(C)O,SMILES,0,88
7062,CO/N=C(/C(=O)NC1C(=O)N(OCC(=O)O)C1C)c1csc(N)n1,SMILES,0,88
7063,CO/N=C(/C(=O)NC1C(=O)N(OCC(=O)OCC(=O)OC(C)(C)C)[C@H]1C)c1csc(N)n1,SMILES,0,88
7064,CO/N=C(/C(=O)NC1C(=O)N2C(C(=O)O)=C(/C=C/Sc3n[nH]c(=O)c(=O)n3CC=O)CS[C@@H]12)c1csc(N)n1,SMILES,0,88
7065,CO/N=C(/C(=O)NC1C(=O)N2C(C(=O)O)=C(/C=C/c3scnc3C)CS[C@@H]12)c1csc(N)n1,SMILES,0,88
7066,CO/N=C(/C(=O)NC1C(=O)N2C(C(=O)O)=C(COC(C)=O)C[S+]([O-])[C@@H]12)c1csc(N)n1,SMILES,0,88
7069,CO/N=C(/C(=O)NC1C(=O)N2C(C(=O)O)=C(CSc3nnnn3C)CS[C@@H]12)c1csc(N)n1,SMILES,0,88
7072,CO/N=C(/C(=O)NC1C(=O)N2C(C(=O)O[C@@H](C)OC(C)=O)=C(COC(N)=O)CS[C@@H]12)c1ccco1,SMILES,0,88
7073,CO/N=C(/C(=O)NC1C(=O)N2C(C(=O)O[C@H](C)OC(=O)C(C)(C)OC)=C(COC(N)=O)CS[C@@H]12)c1ccco1,SMILES,0,88
7074,CO/N=C(\C(=O)NC1C(=O)N(OCC(=O)O)C1C)c1csc(N)n1,SMILES,0,88
7075,CO/N=C(\C(=O)NC1C(=O)N(OCC(=O)OCC(=O)OC(C)(C)C)C1C)c1csc(N)n1,SMILES,0,88
7076,CO/N=C(\C(=O)NC1C(=O)N2C(C(=O)O)=C(/C=C/Sc3n[nH]c(=O)c(=O)n3CC=O)CS[C@@H]12)c1csc(N)n1,SMILES,0,88
7078,CO/N=C(\C(=O)NC1C(=O)N2C(C(=O)O)=C(C)CS[C@@H]12)c1csc(N)n1,SMILES,0,88
7079,CO/N=C(\C(=O)NC1C(=O)N2C(C(=O)O)=C(COC(C)=O)CS[C@@H]12)c1csc(N)n1,SMILES,0,88
7081,CO/N=C(\C(=O)NC1C(=O)N2C(C(=O)O)=C(CSC(=O)c3ccco3)CS[C@@H]12)c1csc(N)n1,SMILES,0,88
7082,CO/N=C(\C(=O)NC1C(=O)N2C(C(=O)O)=C(CSc3cnns3)CS[C@@H]12)c1csc(N)n1,SMILES,0,88
7083,CO/N=C(\C(=O)NC1C(=O)N2C(C(=O)O)=C(CSc3nc(=O)c(=O)[nH]n3C)CS[C@@H]12)c1csc(N)n1,SMILES,0,88
7086,CO/N=C(\C(=O)NC1C(=O)N2C(C(=O)O)=CCS[C@@H]12)c1csc(N)n1,SMILES,0,88
7087,CO/N=C(\C(=O)N[C@H]1C(=O)N2C(C(=O)O)=C(C)CS[C@@H]12)c1csc(N)n1,SMILES,0,88
7088,CO/N=C(\C(=O)N[C@H]1C(=O)N2C(C(=O)O)=C(COC(C)=O)CS[C@@H]12)c1ccco1,SMILES,0,88
7089,COC(=O)C1=C(C)NC(C)=C(C(=O)OCCN(C)Cc2ccccc2)[C@@H]1c1cccc([N+](=O)[O-])c1,SMILES,0,88
7093,COC1(NC(=O)CSCC#N)C(=O)N2C(C(=O)O)=C(CSc3nnnn3C)CS[C@H]21,SMILES,0,88
7094,COC1(NC(=O)CSC[C@@H](N)C(=O)O)C(=O)N2C(C(=O)O)=C(CSc3nnnn3C)CS[C@H]21,SMILES,0,88
7097,COC1(NC(=O)[C@@H](C(=O)O)c2ccsc2)C(=O)N2[C@@H](C(=O)O)C(C)(C)S[C@H]21,SMILES,0,88
7098,COC12C(COC(N)=O)C3=C(C(=O)C(C)=C(N)C3=O)N1C[C@@H]1N[C@@H]12,SMILES,0,88
7099,COCC(=O)OC1(CCN(C)CCCc2nc3ccccc3[nH]2)CCc2cc(F)ccc2[C@@H]1C(C)C,SMILES,0,88
7100,COCC1=C(C(=O)O)N2C(=O)C(NC(=O)/C(=N\O)c3csc(N)n3)[C@@H]2SC1,SMILES,0,88
7101,COCC1=C(C(=O)O)N2C(=O)C(NC(=O)/C(=N\OC)c3csc(N)n3)[C@@H]2SC1,SMILES,0,88
7102,COCC1=C(C(=O)O)N2C(=O)[C@H](NC(=O)/C(=N\O)c3csc(N)n3)[C@@H]2SC1,SMILES,0,88
7103,COCOC(=O)[C@@H]1N2C(=O)C(N3C(=O)C(c4ccccc4)NC3(C)C)[C@@H]2SC1(C)C,SMILES,0,88
7104,COCOC(=O)[C@@H]1N2C(=O)[C@H](N3C(=O)C(c4ccc(O)cc4)NC3(C)C)[C@@H]2SC1(C)C,SMILES,0,88
7105,CO[C@@H]1[C@@H](O)[C@H](N)[C@H](O[C@@H]2O[C@H]([C@H](C)N)CC[C@@H]2N)[C@@H](O)[C@@H]1N(C)C(=O)CN,SMILES,0,88
7106,CO[C@H](C(=O)NC1C(=O)N2[C@@H](C(=O)O)C(C)(C)S[C@@H]12)c1ccc(Cl)c(Cl)c1,SMILES,0,88
7107,CO[C@H]1/C=C/OC2(C)Oc3c(C)c(O)c4c(O)c(c(/C=N/N5CCN(C)CC5)c(O)c4c3C2=O)NC(=O)/C(C)=C/C=C/[C@H](C)[C@H](O)[C@H](C)[C@H](O)[C@H](C)[C@H](OC(C)=O)[C@H]1C,SMILES,0,88
7109,CO[C@H]1/C=C/OC2(C)Oc3c(C)c(O)c4c(O)c(c(/C=N/N5CCN(C6CCCC6)CC5)c(O)c4c3C2=O)NC(=O)/C(C)=C\C=C\[C@H](C)[C@H](O)[C@H](C)[C@H](O)[C@H](C)[C@H](OC(C)=O)[C@H]1C,SMILES,0,88
7110,CO[C@H]1/C=C/OC2(C)Oc3c(C)c(O)c4c(O)c(c5c(nc6cc(C)ccn65)c4c3C2=O)NC(=O)/C(C)=C\C=C\[C@H](C)[C@H](O)[C@H](C)[C@H](O)[C@H](C)[C@H](OC(C)=O)[C@H]1C,SMILES,0,88
7112,CO[C@H]1/C=C/OC2(C)Oc3c(C)c(O)c4c(O)c(cc(O)c4c3C2=O)NC(=O)/C(C)=C\C=C\[C@H](C)[C@H](O)[C@H](C)[C@H](O)[C@H](C)[C@H](OC(C)=O)[C@H]1C,SMILES,0,88
7113,CO[C@H]1/C=C/OC2(C)Oc3c(C)c(O)c4c(c3C2=O)C2=NC3(CCN(CC(C)C)CC3)NC2=C(NC(=O)/C(C)=C\C=C\[C@H](C)[C@H](O)[C@H](C)[C@H](O)[C@H](C)[C@H](OC(C)=O)[C@H]1C)C4=O,SMILES,0,88
7114,CO[C@H]1CCC[C@H]2C1=C(C(=O)O)N1C(=O)C([C@H](C)O)[C@H]21,SMILES,0,88
7115,CO[C@H]1CCC[C@H]2C1=C(C=O)N1C(=O)C([C@H](C)O)[C@H]21,SMILES,0,88
7116,CO[C@H]1C[C@@H](O[C@H]2[C@@H](C)[C@@H](O[C@@H]3O[C@@H](C)C[C@H](N(C)C)[C@@H]3O)[C@@H](C)CC3(CO3)C(=O)[C@@H](C)[C@@H](O)[C@H](C)[C@H](C)OC(=O)[C@H]2C)O[C@@H](C)[C@@H]1O,SMILES,0,88
7117,CO[C@H]1C[C@@H](O[C@H]2[C@@H](C)[C@@H](O[C@@H]3O[C@@H](C)C[C@H](N(C)C)[C@@H]3OC(C)=O)[C@@H](C)CC3(CO3)C(=O)[C@@H](C)[C@@H](OC(C)=O)[C@@H](C)[C@H](C)OC(=O)[C@H]2C)O[C@@H](C)[C@@H]1OC(C)=O,SMILES,0,88
7118,CO[C@H]1C[C@H](O[C@H]2[C@H](C)O[C@H](O[C@@H]3/C(C)=C/C[C@H]4C[C@@H](CC5(CC[C@H](C)[C@H](C(C)C)O5)O4)OC(=O)[C@H]4C=C(C)[C@H](O)[C@@H]5OC/C(=C\C=C\[C@@H]3C)C45O)C[C@@H]2OC)O[C@@H](C)[C@@H]1O,SMILES,0,88
7119,CO[C@@H]1[C@@H](O[C@@H]2O[C@@H](C)[C@@H](O[C@H]3CC(C)(O)[C@@H](O)[C@H](C)O3)[C@@H](N(C)C)[C@@H]2O)[C@H](CC=O)C[C@H](C)[C@H](O)/C=C/C=C/C[C@H](C)OC(=O)C[C@@H]1O,SMILES,0,88
7121,CO[C@@H]1[C@@H](O[C@@H]2OC(C)[C@@H](O[C@H]3CC(C)(O)[C@@H](OC(=O)CC(C)C)[C@H](C)O3)[C@@H](N(C)C)[C@@H]2O)[C@H](CC=O)C[C@H](C)[C@H](O)/C=C/C=C/C[C@H](C)OC(=O)C[C@@H]1OC(C)=O,SMILES,0,88
7122,COc1cc([C@H]2c3cc4c(cc3[C@@H](O[C@H]3O[C@H]5CO[C@H](C)O[C@H]5[C@@H](O)[C@@H]3O)[C@@H]3COC(=O)[C@@H]23)OCO4)cc(OC)c1O,SMILES,0,88
7124,COc1ccc(-c2cc(=O)c3c(O)cc(O[C@@H]4O[C@@H](CO[C@H]5O[C@@H](C)[C@@H](O)[C@H](O)[C@@H]5O)[C@@H](O)[C@H](O)[C@@H]4O)cc3o2)cc1O,SMILES,0,88
7125,COc1ccc(CC(=O)N2CCN(C(C)=O)C[C@@H]2CN2CC[C@H](O)C2)cc1,SMILES,0,88
7126,COc1cccc2c1C(=O)c1c(O)c3c(c(O)c1C2=O)CC(O)(/C(C)=N/NC(=O)c1ccccc1)C[C@@H]3O[C@@H]1C[C@H](N)[C@H](O)[C@H](C)O1,SMILES,0,88
7127,COc1cccc2c1C(=O)c1c(O)c3c(c(O)c1C2=O)CC(O)(C(=O)CO)C[C@@H]3O[C@@H]1C[C@H](N)[C@H](O[C@H]2CCCCO2)[C@H](C)O1,SMILES,0,88
7129,COc1cccc2c1C(=O)c1c(O)c3c(c(O)c1C2=O)CC(O)(C(=O)CO)C[C@@H]3O[C@H]1C[C@@H](N)C[C@H](C)O1,SMILES,0,88
7130,COc1cccc2c1C(=O)c1c(O)c3c(c(O)c1C2=O)CC(O)(C(C)=O)C[C@@H]3O[C@@H]1C[C@H](N)[C@H](O)[C@H](C)O1,SMILES,0,88
7131,COc1cccc2c1C(=O)c1c(O)c3c(c(O)c1C2=O)CC(O)([C@@H](O)CO)C[C@@H]3O,SMILES,0,88
7132,CSc1ccc(CC(=O)N2CCN(C(C)=O)C[C@@H]2CN2CC[C@H](O)C2)cc1,SMILES,0,88
7133,C[C@@H](CN(C)C)OC(C)(c1ccccc1)c1ccc(Cl)cc1,SMILES,0,88
7134,C[C@@H]1NC(=O)[C@@H](NC(=O)c2ncccc2O)[C@H](C)OC(=O)[C@H](c2ccccc2)NC(=O)[C@@H]2CC(=O)CCN2C(=O)[C@H](Cc2ccc(N(C)C)cc2)N(C)C(=O)[C@@H]2CCCN2C1=O,SMILES,0,88
7136,C[C@@H]1O[C@H](O[C@H]2CC(O)(C(=O)CO)Cc3c(O)c4c(c(O)c32)C(=O)c2ccccc2C4=O)C[C@H](N)[C@@H]1O,SMILES,0,88
7137,C[C@@H]1c2cccc(O)c2C(=O)C2=C(O)C3(O)C(=O)C(C(N)=O)=C(O)[C@@H](N(C)C)[C@H]3[C@@H](O)[C@H]21,SMILES,0,88
7138,C[C@H](N)Cc1ccc(O)cc1,SMILES,0,88
7139,C[C@H](N)[C@@H](O)c1cccc(O)c1,SMILES,0,88
7140,C[C@H](O)C1C(=O)N2C(C(=O)O)=C(COC(N)=O)S[C@@H]12,SMILES,0,88
7141,C[C@H](O)C1C(=O)N2C(C(=O)O)=C(F)S[C@@H]12,SMILES,0,88
7144,C[C@H](O)[C@H]1C(=O)N2C(C(=O)O)=C(S[C@@H]3CN[C@H](C(=O)N(C)C)C3)[C@@H](C)[C@H]12,SMILES,0,88
7145,C[C@H](Oc1ccccc1)C(=O)NC1C(=O)N2[C@@H](C(=O)O)C(C)(C)S[C@@H]12,SMILES,0,88
7146,C[C@H]1[C@@H](O)[C@@H](C)/C=C/C=C/C=C/C=C/C=C/C=C/C=C/[C@@H](O[C@H]2O[C@@H](C)[C@@H](O)[C@H](N)[C@@H]2O)C[C@@H]2OC(O)(C[C@H](O)[C@@H]2C(=O)O)C[C@H](O)[C@@H](O)CC[C@H](O)C[C@H](O)C[C@H](O)CC(=O)O[C@H]1C,SMILES,0,88
7150,Cc1cnn(-c2c(Cl)cccc2Cl)c1C(=O)NC1C(=O)N2[C@@H](C(=O)O)C(C)(C)S[C@@H]12,SMILES,0,88
7151,Cc1nnc(SCC2=C(C(=O)O)N3C(=O)C(NC(=O)Cn4cc(Cl)c(=O)c(Cl)c4)[C@@H]3SC2)s1,SMILES,0,88
7152,Cc1nnc(SCC2=C(C(=O)O)N3C(=O)C(NC(=O)Cn4cnnn4)[C@@H]3SC2)s1,SMILES,0,88
7153,Cc1nnc(SCC2=C(C(=O)O)N3C(=O)C(NC(=O)[C@@H](N)c4ccc(O)cc4)[C@@H]3SC2)s1,SMILES,0,88
7154,Cc1nnc(SCC2=C(C(=O)O)N3C(=O)C(NC(=O)[C@@H](O)c4ccccc4)[C@@H]3SC2)s1,SMILES,0,88
7155,Cc1nnc(SCC2=C(C(=O)OCc3oc(=O)oc3C)N3C(=O)C(NC(=O)[C@@H](OC(=O)[C@H](C)N)c4ccccc4)[C@@H]3SC2)s1,SMILES,0,88
7156,Cc1oc(=O)oc1COC(=O)[C@@H]1N2C(=O)C(NC(=O)[C@@H](N)c3ccccc3)[C@@H]2SC1(C)C,SMILES,0,88
7158,Cc1onc(-c2c(F)cccc2Cl)c1C(=O)NC1C(=O)N2[C@@H](C(=O)O)C(C)(C)S[C@@H]12,SMILES,0,88
7159,Cc1onc(-c2ccccc2)c1C(=O)NC1C(=O)N2[C@@H](C(=O)O)C(C)(C)S[C@@H]12,SMILES,0,88
7160,Cc1onc(-c2ccccc2Cl)c1C(=O)NC1C(=O)N2[C@@H](C(=O)O)C(C)(C)S[C@@H]12,SMILES,0,88
7161,Cn1c(=O)c2c(ncn2CCNC[C@@H](O)c2ccc(O)c(O)c2)n(C)c1=O,SMILES,0,88
7164,Cn1nnnc1SCC1=C(C(=O)O)N2C(=O)C(NC(=O)CSC(F)(F)F)[C@@H]2SC1,SMILES,0,88
7166,N#CC(=C/c1ccc(O)cc1)/C(C#N)=C\c1ccc(O)cc1,SMILES,0,88
7167,NC(=O)OCC1C(NC(=O)/C(=N/OCC(=O)O)c2csc(N)n2)C(=O)N1S(=O)(=O)O,SMILES,0,88
7168,NC(=O)OCC1C(NC(=O)/C(=N\OCC(=O)O)c2csc(N)n2)C(=O)N1S(=O)(=O)O,SMILES,0,88
7169,NC(N)=NC[C@H]1COC2(CCCCC2)O1,SMILES,0,88
7170,NCC[C@H](O)C(=O)N[C@H]1C[C@H](N)[C@H](O[C@@H]2O[C@@H](CN)[C@@H](O)[C@H](O)[C@@H]2O)[C@H](O)[C@H]1O[C@H]1O[C@@H](CO)[C@@H](O)[C@H](N)[C@@H]1O,SMILES,0,88
7171,NCC[C@H](O)C(=O)N[C@H]1C[C@H](N)[C@H](O[C@@H]2O[C@H](CN)CC[C@@H]2N)[C@H](O)[C@H]1O[C@H]1O[C@@H](CO)[C@@H](O)[C@H](N)[C@@H]1O,SMILES,0,88
7172,NCC[C@H](O)CN[C@H]1C[C@H](N)[C@H](O[C@@H]2O[C@@H](CN)[C@@H](O)[C@H](O)[C@@H]2O)[C@H](O)[C@H]1O[C@H]1O[C@@H](CO)[C@@H](O)[C@H](N)[C@@H]1O,SMILES,0,88
7173,NC[C@@H](O)c1ccc(O)c(O)c1,SMILES,0,88
7174,NC[C@@H]1CC[C@H](N)[C@H](O[C@@H]2[C@H](O)[C@@H](O[C@H]3O[C@@H](CO)[C@@H](O)[C@H](N)[C@@H]3O)[C@@H](N)C[C@@H]2N)O1,SMILES,0,88
7175,NC[C@@H]1O[C@@H](O[C@@H]2[C@@H](O[C@@H]3OC(CO)[C@@H](O[C@@H]4O[C@@H](CN)[C@@H](O)[C@@H](O)[C@@H]4N)[C@@H]3O)[C@@H](O)[C@@H](N)C[C@@H]2N)[C@@H](N)[C@H](O)[C@@H]1O,SMILES,0,88
7176,NC[C@@H]1O[C@@H](O[C@@H]2[C@@H](O)[C@@H](O)[C@@H](N)C[C@@H]2N)[C@@H](N)[C@H](O)[C@@H]1O,SMILES,0,88
7177,NC[C@@H]1O[C@@H](O[C@@H]2[C@@H](O)[C@@H](O[C@H]3O[C@@H](CO)[C@@H](O)[C@H](N)[C@@H]3O)[C@@H](N)C[C@@H]2N)[C@@H](O)[C@@H](O)[C@@H]1O,SMILES,0,88
7179,NC[C@@H]1O[C@@H](O[C@@H]2[C@H](O)[C@@H](O[C@H]3O[C@@H](CO)[C@@H](O)[C@H](N)[C@@H]3O)[C@@H](N)C[C@@H]2N)[C@@H](N)[C@H](O)[C@@H]1O,SMILES,0,88
7180,NC[C@@H]1O[C@@H](O[C@@H]2[C@H](O)[C@@H](O[C@H]3O[C@@H](CO)[C@@H](O)[C@H](N)[C@@H]3O)[C@@H](NC(CO)CO)C[C@@H]2N)[C@@H](N)[C@H](O)[C@@H]1O,SMILES,0,88
7181,NCc1ccccc1CC(=O)NC1C(=O)N2C(C(=O)O)=C(CSc3nnnn3CC(=O)O)CS[C@@H]12,SMILES,0,88
7182,N[C@@H](CO)C(=O)NNCc1ccc(O)c(O)c1O,SMILES,0,88
7184,N[C@H](C(=O)NC1C(=O)N2C(C(=O)O)=C(Cl)CC[C@@H]12)c1ccccc1,SMILES,0,88
7187,Nc1nc(/C(=C\CC(=O)O)C(=O)NC2C(=O)N3C(C(=O)O)=CCS[C@@H]23)cs1,SMILES,0,88
7188,O=C(Cc1ccc(Cl)c(Cl)c1)N1CCN(CCO)C[C@@H]1CN1CC[C@H](O)C1,SMILES,0,88
7189,O=C(Cc1ccc(Cl)c(Cl)c1)N1CCc2[nH]cnc2[C@@H]1CN1CCCC1,SMILES,0,88
7191,O=C(Cc1ccc(Cl)c(Cl)c1)N1CCn2ccnc2[C@@H]1CN1CC[C@H](O)C1,SMILES,0,88
7192,O=C(Cc1cccs1)NC1C(=O)N2C(C(=O)O)=C(CSc3ncn[nH]3)CS[C@@H]12,SMILES,0,88
7193,O=C(Cn1cnnn1)NC1C(=O)N2C(C(=O)O)=C(CSc3nncs3)CS[C@@H]12,SMILES,0,88
7194,O=C(N[C@@H](CO)[C@@H](O)c1ccc([N+](=O)[O-])cc1)C(Cl)Cl,SMILES,0,88
7195,O=C(O)C1=C(CSc2nnnn2CS(=O)(=O)O)CS[C@H]2C(NC(=O)[C@@H](O)c3ccccc3)C(=O)N12,SMILES,0,88
7198,CC(=O)c1c(C)nn(CCC(=O)N2CCC[C@H]2c2n[nH]c(C)n2)c1C,SMILES,0,88
7199,CC(=O)c1c2c(c3oc(=O)cc(C)c3c1O)[C@@H](c1cc(F)c(F)c(F)c1)CC(=O)O2,SMILES,0,88
7200,CC(=O)c1ccc2c(c1O)[C@@H](c1ccc(F)c(Cl)c1)CC(=O)O2,SMILES,0,88
7201,CC(C)C1CCC(C(=O)N[C@@H](Cc2ccccc2)C(=O)N2CCCC[C@H]2c2cccnc2)CC1,SMILES,0,88
7202,CC(C)[C@@H]1CC[C@@H](C)C[C@@H]1OC(=O)Cn1nc(-c2ccco2)oc1=O,SMILES,0,88
7203,CC(C)c1nnc(N2CCn3nc([C@@H](O)c4nccn4C)cc3C2)s1,SMILES,0,88
7204,CC(O)C1([SiH3])CCCCO1,SMILES,0,88
7205,CC1Cc2ccccc2N(C(=O)c2ccnc(F)c2F)C1,SMILES,0,88
7206,CCCO[C@H](C)c1ccc(C)c(N)c1,SMILES,0,88
7207,CCCOc1ccccc1CCCNC(=O)CSCc1ccc(OC)cc1,SMILES,0,88
7208,CCN(CCCNS(=O)(=O)N1C[C@H](C)O[C@@H](C)C1)c1ccccc1,SMILES,0,88
7209,CCOC(=O)C1(C(=O)OCC)[C@H](c2ccc(OC)cc2)[C@H]1S(=O)(=O)c1ccccc1,SMILES,0,88
7210,CCOC(=O)[C@@]1(N)[C@@H](c2ccc3c(c2)OCO3)[C@@H]1S(C)(=O)=O,SMILES,0,88
7212,CCOC[C@@]1(C(N)=S)[C@H](c2ccc(OC)cc2)[C@@H]1S(=O)(=O)CC,SMILES,0,88
7213,CCOC[C@]1(N)[C@@H](c2ccc(OC)cc2)[C@@H]1S(=O)(=O)c1ccccc1,SMILES,0,88
7214,CCOC[C@@]1(CN)[C@@H](c2ccc3c(c2)OCO3)[C@@H]1S(C)(=O)=O,SMILES,0,88
7215,CCOC[C@@]1(N)[C@@H](c2ccc3c(c2)OCO3)[C@@H]1S(=O)(=O)c1ccc(C)cc1,SMILES,0,88
7217,CCS(=O)(=O)[C@@H]1[C@@H](CN)[C@@H]1c1ccc2c(c1)OCO2,SMILES,0,88
7218,CC[C@H](C(=O)N[C@@H](C)c1ccc(C)c(C)c1)N(c1cc(C)ccc1C)S(C)(=O)=O,SMILES,0,88
7219,CC[C@H](NC(=O)CSCc1ccc(OC)cc1)c1ccc(C)c(C)c1,SMILES,0,88
7220,CC[C@H](NC(=O)[C@H](C)Sc1ccc(C)cc1)c1ccc(S(C)(=O)=O)cc1,SMILES,0,88
7221,CC[C@H](NC(=O)c1ccc(CSc2ccc(Cl)cc2)cc1)c1ccc(C)c(C)c1,SMILES,0,88
7222,CN(Cc1nc(-c2ccccc2)no1)C(=O)CN(c1ccc(Cl)cc1)S(C)(=O)=O,SMILES,0,88
7223,CN(Cc1nc(-c2cccs2)no1)C(=O)CSCc1ccc([N+](=O)[O-])cc1,SMILES,0,88
7224,CN1CCC(NC(=O)c2ccc([C@H]3SCC(=O)N3Cc3ccccc3)cc2)CC1,SMILES,0,88
7225,CN1CCC(Oc2ccc(N=[N+]=[N-])c(F)c2)CC1,SMILES,0,88
7226,COC(=O)COc1ccc([C@H](CC(=O)OC)c2c3[nH]snc-3ccc2=O)cc1OC,SMILES,0,88
7230,COC(=O)C[C@H](c1c(O)cc(C)n(CCc2ccc(O)cc2)c1=O)c1ccnc2ccccc12,SMILES,0,88
7231,COC(=O)C[C@H](c1cc(Cl)c2c(c1)OCO2)c1c(O)c(C(=O)OC)c[nH]c1=O,SMILES,0,88
7233,COC(=O)C[C@H](c1ccc2c(c1)OCO2)c1cc2c(cc1O)OCO2,SMILES,0,88
7234,COC(=O)C[C@H](c1cnn(C)c1)c1oc(CN2CCCCC2)cc(=O)c1O,SMILES,0,88
7235,COC(=O)c1ccc(COc2ccc3c(c2)O/C(=C\c2cccc(OC)c2OC)C3=O)o1,SMILES,0,88
7236,COC[C@@]1(C#N)[C@H](c2ccc3c(c2)OCO3)[C@@H]1S(=O)(=O)c1ccccc1,SMILES,0,88
7237,COC[C@@]1(CN)[C@H](c2ccc(OC)cc2)[C@@H]1S(C)(=O)=O,SMILES,0,88
7239,COC[C@]1(C#N)[C@H](c2ccccc2)[C@@H]1S(=O)(=O)c1ccc(Cl)cc1,SMILES,0,88
7240,COC[C@@]1(C(=O)O)[C@@H](c2ccc(OC)cc2)[C@@H]1S(=O)(=O)c1ccc(C)cc1,SMILES,0,88
7241,COC[C@]1(C(=O)O)[C@H](c2ccc(OC)cc2)[C@@H]1S(=O)(=O)c1ccc(Cl)cc1,SMILES,0,88
7244,COc1cc(OC)c(OC)cc1/C=C1/Oc2c(ccc3c2[C@H](c2cc(OC)c(OC)c(OC)c2)CC(=O)O3)C1=O,SMILES,0,88
7245,COc1cc2c(cc1OC)CN(C(=O)CC1NC(=O)N(c3ccc(C(C)C)cc3)C1=O)CC2,SMILES,0,88
7246,COc1ccc(-c2noc(CNC(=O)CSCc3cccc(Cl)c3)n2)cc1,SMILES,0,88
7249,COc1ccc(CSCC(=O)N[C@H]2CC(C)(C)Oc3cc(OC)ccc32)cc1,SMILES,0,88
7250,COc1ccc(NC(=O)C[C@@H]2OC(=O)c3c2ccc(OC)c3OC)cc1N1CCCS1(=O)=O,SMILES,0,88
7251,COc1ccc([C@@H](NC(=O)c2cc(=O)c(OC)c[nH]2)C2CC(O)C2)cc1F,SMILES,0,88
7252,COc1ccc([C@@H](NC(=O)c2cc3ncccn3n2)C2CC(O)C2)cn1,SMILES,0,88
7253,COc1ccc([C@@H](NC(=O)c2cnoc2C)C2CC(O)C2)cn1,SMILES,0,88
7256,COc1ccc([C@@H]2CC(=O)Oc3ccc4c(c32)O/C(=C/c2cc(OC)c(OC)cc2OC)C4=O)cc1,SMILES,0,88
7257,COc1ccc([C@@H]2[C@@H](S(=O)(=O)c3ccccc3)[C@@]2(CO)C(=O)O)cc1,SMILES,0,88
7259,COc1ccc([C@@H]2[C@H](C(N)=S)[C@@H]2S(=O)(=O)c2ccc(Cl)cc2)cc1,SMILES,0,88
7260,COc1ccc([C@@H]2[C@H](C(N)=S)[C@@H]2S(=O)(=O)c2ccccc2)cc1,SMILES,0,88
7261,COc1ccc([C@@H]2[C@H](S(=O)(=O)c3ccc(C)cc3)[C@@]2(C#N)C(=O)O)cc1,SMILES,0,88
7263,COc1ccc([C@@H]2[C@H](S(C)(=O)=O)[C@@]2(N)C#N)cc1,SMILES,0,88
7264,COc1ccc([C@H]2[C@@H](C#N)[C@@H]2S(=O)(=O)c2ccc(Cl)cc2)cc1,SMILES,0,88
7265,COc1ccc([C@H]2[C@@H](S(C)(=O)=O)[C@@]2(CN)CO)cc1,SMILES,0,88
7266,COc1ccc([C@H]2[C@@H](S(C)(=O)=O)[C@]2(C#N)CO)cc1,SMILES,0,88
7267,COc1ccc([C@H]2[C@H](CO)[C@@H]2S(=O)(=O)c2ccc(Cl)cc2)cc1,SMILES,0,88
7268,COc1ccc([C@H]2[C@H](S(=O)(=O)c3ccc(Cl)cc3)[C@@]2(N)C(=O)O)cc1,SMILES,0,88
7269,COc1ccc([C@H]2[C@H](S(=O)(=O)c3ccc(Cl)cc3)[C@]2(C#N)CO)cc1,SMILES,0,88
7272,COc1ccc2c(c1)CCC[C@]2(O)CNC(=O)C(=O)NCc1ccc2c(c1)OCO2,SMILES,0,88
7273,COc1cccc([C@H]2CC(=O)Oc3cc(C)oc(=O)c32)c1OCCc1ccccc1,SMILES,0,88
7274,COc1ccccc1CCCNC(=O)[C@@H](C)SCc1ccccc1,SMILES,0,88
7275,COc1ccccc1N1CCN(C(=O)COc2cc(C)cc(C)c2C)CC1,SMILES,0,88
7276,CS(=O)(=O)[C@@H]1[C@H](c2ccc3c(c2)OCO3)[C@@]1(N)CO,SMILES,0,88
7278,CSCC[C@@H](CO)NC(=O)C1CCN(c2ncccn2)CC1,SMILES,0,88
7279,C[C@@H](CC(=O)N1CCc2[nH]ncc2C1)N1CCOCC1,SMILES,0,88
7281,Cc1cc(C(=O)NCCCN2CCCc3ccccc32)ccc1[N+](=O)[O-],SMILES,0,88
7282,Cc1cc(C)n(CCNC(=O)[C@H]2Cc3cc(Cl)ccc3N2)c(=O)n1,SMILES,0,88
7283,Cc1cc2c(c(=O)n1CCc1ccc(O)cc1)[C@@H](c1cc3cc4c(cc3[nH]c1=O)OCCO4)CC(=O)O2,SMILES,0,88
7284,Cc1cc2c(c(=O)o1)[C@@H](c1ccc3c(c1)OCO3)CC(=O)O2,SMILES,0,88
7285,Cc1ccc(-n2cccc2[C@H]2[C@H](c3ccccn3)NC(=S)N2CCN(C)C)cc1,SMILES,0,88
7286,Cc1ccc(C(N)=NC=N)cc1,SMILES,0,88
7287,Cc1ccc(C)c([C@H](C)NC(=O)[C@H](C)SCc2ccccc2)c1,SMILES,0,88
7288,Cc1ccc(OCCNC(=O)CCSc2ccccc2)cc1,SMILES,0,88
7289,Cc1ccc(OC[C@@H](C)NC(=O)/C(=C/c2ccco2)c2ccccc2)cc1,SMILES,0,88
7290,Cc1ccc(S(=O)(=O)[C@@H]2[C@H](c3ccccc3)[C@@]2(N)C(=O)O)cc1,SMILES,0,88
7291,Cc1ccc(S(=O)(=O)[C@H]2[C@H](C=O)[C@@H]2c2ccccc2)cc1,SMILES,0,88
7292,Cc1ccc(S[C@@H](C)C(=O)N(C)Cc2nc(-c3ccccc3Cl)no2)cc1,SMILES,0,88
7293,Cc1ccc(S[C@H](C)C(=O)NCc2nc(-c3cccc(Br)c3)no2)cc1,SMILES,0,88
7294,Cc1ccc([C@@H](C)NC(=O)CCSc2ccccc2)cc1C,SMILES,0,88
7295,Cc1ccc([C@H](C)NC(=O)Cc2ccsc2)nc1,SMILES,0,88
7297,Cc1ccc2[nH]c(CCC(=O)N[C@H](C)Cc3cnccn3)nc2c1C,SMILES,0,88
7298,Cc1cccc(CSCCNC(=O)/C(=C/c2ccco2)c2ccccc2)c1,SMILES,0,88
7299,Cc1ccccc1OC[C@H](C)NC(=O)[C@H](C)Sc1ccccc1,SMILES,0,88
7300,N#Cc1ccccc1C(=O)NCCC[C@@H]1CCOC1,SMILES,0,88
7301,NC(=O)C[C@@H](c1oc(CN2CCOCC2)cc(=O)c1O)c1ccnc2ccccc12,SMILES,0,88
7302,NC(=O)C[C@H](c1ccc(O)cc1)c1oc(CN2CCOCC2)cc(=O)c1O,SMILES,0,88
7303,NC(=O)C[C@H](c1oc(CN2CCOCC2)cc(=O)c1O)c1ccnc2ccccc12,SMILES,0,88
7304,NC(=S)[C@@H]1[C@@H](c2ccccc2)[C@@H]1S(=O)(=O)c1ccc(Cl)cc1,SMILES,0,88
7305,NC(=S)[C@@H]1[C@H](c2ccccc2)[C@@H]1S(=O)(=O)c1ccc(Cl)cc1,SMILES,0,88
7306,NC[C@]1(CO)[C@H](c2ccccc2)[C@@H]1S(=O)(=O)c1ccc(Cl)cc1,SMILES,0,88
7307,N[C@@]1(CO)[C@@H](c2ccccc2)[C@@H]1S(=O)(=O)c1ccc(Cl)cc1,SMILES,0,88
7308,Nc1nc(OC(C(F)(F)F)C(F)(F)F)ccc1[N+](=O)[O-],SMILES,0,88
7309,O=C(/C=C\c1cccc2cccnc12)N(Cc1ccco1)C[C@@H]1CCCO1,SMILES,0,88
7310,O=C(CN1CCOC1=O)N1CCC[C@H](Cc2nc(-c3ccsc3)no2)C1,SMILES,0,88
7311,O=C(NCCCc1ccc(F)cc1)c1ccc([C@H]2SCC(=O)N2Cc2ccccc2)cc1,SMILES,0,88
7312,O=C(N[C@@H](c1ccccn1)C1CC(O)C1)c1ncoc1C1CC1,SMILES,0,88
7313,O=C(O)CC[C@@]1(CCC(=O)NCc2cc3cc(F)ccc3[nH]2)CCC(=O)N1,SMILES,0,88
7314,O=C(O)[C@H]1C[C@H]1S(=O)(=O)c1ccc(Cl)cc1,SMILES,0,88
7315,O=C(c1cc(-c2ccc(Br)s2)[nH]n1)N1C[C@@H]2C[C@H](C1)c1cccc(=O)n1C2,SMILES,0,88
7317,O=C(c1n[nH]c2c1CCCCC2)N1CCCC[C@H]1c1cccnc1,SMILES,0,88
7318,O=C1C[C@@H](c2cccnc2)c2c(ccc3c2OC2(CCCCC2)CC3=O)O1,SMILES,0,88
7319,C=C1c2cccc(O)c2C(O)=C2C(=O)C3(O)C(O)=C(C(N)=O)C(=O)C(N(C)C)C3C(O)C12,SMILES,0,88
7320,CC(=O)C1=C(O)C2(O)C(=O)c3c(c(C)c4ccc(C)c(O)c4c3O)CC2C(N)C1=O,SMILES,0,88
7321,CC(=O)N1CCN(C(=O)Cc2ccc([S+](C)[O-])cc2)C(CN2CCC(O)C2)C1,SMILES,0,88
7322,CC(O)C1C(=O)N2C(C(=O)O)=C(SCCN=CN)CC12,SMILES,0,88
7323,CC1(C)SC2C(NC(=O)C(NC(=O)CN=C(N)c3ccncc3)c3ccccc3)C(=O)N2C1C(=O)O,SMILES,0,88
7324,CC1(C)SC2C(NC(=O)C(NC(=O)c3c[nH]c4cccnc4c3=O)c3ccccc3)C(=O)N2C1C(=O)O,SMILES,0,88
7325,CCC(C)C(N)C1=NC(C(=O)NC(CC(C)C)C(=O)NC(CCC(=O)O)C(=O)NC(C(=O)NCCCCC2NC(=O)C(CC(N)=O)NC(=O)C(CC(=O)O)NC(=O)C(Cc3cnc[nH]3)NC(=O)C(Cc3ccccc3)NC(=O)C(C(C)CC)NC(=O)C(CCCN)NC2=O)C(C)CC)CS1,SMILES,0,88
7326,CN(C)C1C(=O)C(C(=O)NC(C(=O)O)N2CCN(CCO)CC2)=C(O)C2(O)C(=O)C3=C(O)c4c(O)cccc4C(C)(O)C3CC12,SMILES,0,88
7327,CN(C)C1C(=O)C(C(=O)NCN2CCCC(C(=O)O)C2)=C(O)C2(O)C(=O)C3=C(O)c4c(O)cccc4C(C)(O)C3CC12,SMILES,0,88
7328,CN(C)C1C(=O)C(C(=O)NCN2CCCC2)=C(O)C2(O)C(=O)C3=C(O)c4c(O)cccc4C(C)(O)C3CC12,SMILES,0,88
7329,CN(C)C1C(=O)C(C(=O)NCNC(C(=O)NC2C(=O)N3C2SC(C)(C)C3C(=O)O)c2ccccc2)=C(O)C2(O)C(=O)C3=C(O)c4c(O)cccc4C(C)(O)C3CC12,SMILES,0,88
7331,CN(C)C1C(=O)C(C(=O)NCO)=C(O)C2(O)C(=O)C3=C(O)c4c(O)ccc(Cl)c4C(C)(O)C3CC12,SMILES,0,88
7332,CN(C)C1C(=O)C(C(N)=O)=C(O)C2(O)C(=O)C3=C(O)c4c(O)ccc(Cl)c4C(C)(O)C3CC12,SMILES,0,88
7334,CN(C)C1C(=O)C(C(N)=O)=C(O)C2(O)C(=O)C3=C(O)c4c(O)ccc([N+](=O)[O-])c4CC3CC12,SMILES,0,88
7335,CN(C)C1C(=O)C(C(N)=O)=C(O)C2(O)C(=O)C3=C(O)c4c(O)cccc4C(C)(O)C3C(O)C12,SMILES,0,88
7336,CN(C)C1C(=O)C(C(N)=O)=C(O)C2(O)C(=O)C3=C(O)c4c(O)cccc4C(C)(O)C3CC12,SMILES,0,88
7337,CN(C)C1C(=O)C(C(N)=O)=C(O)C2(O)C(=O)C3=C(O)c4c(O)cccc4C(O)C3CC12,SMILES,0,88
7343,CON=C(C(=O)NC1C(=O)N2C(C(=O)O)=C(COC(C)=O)C[S+]([O-])C12)c1csc(N)n1,SMILES,0,88
7344,CON=C(C(=O)NC1C(=O)N2C(C(=O)O)=CCSC12)c1csc(N)n1,SMILES,0,88
7345,Cc1cc(=O)c(C(=O)NC(C(=O)NC2C(=O)N3C(C(=O)O)=C(CSc4nnnn4C)CSC23)c2ccc(O)cc2)c[nH]1,SMILES,0,88
7347,O=C(Cc1cccs1)NC1C(=O)N2C(C(=O)O)=C(CSc3ncn[nH]3)CSC12,SMILES,0,88
7348,CC(=O)NC1C(I)C(NC(C)=O)C(I)C(C(=O)O)C1I,SMILES,0,88
7350,CCCc1ccc(Cl)cc1,SMILES,0,88
7351,CN1Cc2c(-c3noc(C(C)(CO)CO)n3)ncn2-c2ccccc2C1=O,SMILES,0,88
7352,N#Cc1ccc(N2CCC3(CCNCC3)CC2)cc1,SMILES,0,88
7353,O=C(O)c1cc(=O)c2c(OCC(O)COc3cccc4oc(C(=O)O)cc(=O)c34)cccc2o1,SMILES,0,88
7354,O=C(O)c1cc(=O)cco1,SMILES,0,88
7355,O=C1NC(=O)[C@]2(CCN(C(=O)Cc3ccc(Cl)c(Cl)c3)[C@@H](CN3CCCC3)C2)N1,SMILES,0,88
7356,C/C=C\C=C\[C@@H]1O[C@](O)([C@H](CC)C(=O)NC/C=C/C=C(\C)[C@@H](OC)[C@@H](C)C2O[C@H](/C=C/C=C/C=C(\C)C(=O)c3c(O)ccn(C)c3=O)[C@H](O)[C@@H]2O)[C@H](O)[C@H](O[C@@H]2O[C@H](C)[C@@H](O[C@@H]3O[C@@H](C)[C@H](OC)[C@@H](O)[C@H]3OC)[C@@H](OC)[C@H]2O)C1(C)C,SMILES,0,88
7357,C=C1c2c(Cl)ccc(O)c2C(O)=C2C(=O)[C@]3(O)C(O)=C(C(N)=O)C(=O)[C@@H](N(C)C)[C@@H]3[C@@H](O)[C@H]12,SMILES,0,88
7358,C=CC[C@@H]1C=C(C)C[C@H](C)C[C@H](OC)[C@H]2O[C@@](O)(C(=O)C(=O)N3CCCC[C@H]3C(=O)O[C@H](/C(C)=C/[C@@H]3CC[C@@H](O)[C@H](OC)C3)[C@H](C)[C@@H](O)CC1=O)[C@H](C)C[C@@H]2OC,SMILES,0,88
7359,CC(=N)N1CC[C@@H](SC2=C(C(=O)O)N3C(=O)[C@H]([C@@H](C)O)[C@H]3C2)C1,SMILES,0,88
7360,CC(=O)N1CCN(c2ccc(OCC3CO[C@](Cn4ccnc4)(c4ccc(Cl)cc4Cl)O3)cc2)CC1,SMILES,0,88
7361,CC(=O)OCC1=C(C(=O)O)N2C(=O)C(NC(=O)CCCC(N)C(=O)O)C2SC1,SMILES,0,88
7362,CC(=O)OCOC(=O)[C@@H]1N2C(=O)[C@@H](NC(=O)Cc3ccccc3)[C@H]2SC1(C)C,SMILES,0,88
7363,CC(=O)O[C@@H]1C=CC(C)=CC[C@H](O)C=CC(C)=C[C@@H](NC(=O)C(C)=O)[C@]2(C)C(=O)O[C@H](C1)[C@@H](C)C2=O,SMILES,0,88
7364,CC(=O)O[C@@]12CO[C@@H]1C[C@H](O)[C@@]1(C)C(=O)[C@H](O)C3=C(C)[C@@H](OC(=O)[C@H](O)[C@@H](NC(=O)OC(C)(C)C)c4ccccc4)C[C@@](O)([C@@H](OC(=O)c4ccccc4)C12)C3(C)C,SMILES,0,88
7365,CC(=O)O[C@H]1C[C@@]2(C)[C@@H](C[C@@H](O)C3[C@]2(C)CC[C@H]2[C@H](C)[C@H](O)CC[C@]32C)/C1=C(/CCC=C(C)C)C(=O)O,SMILES,0,88
7366,CC(=O)[C@]1(O)Cc2c(O)c3c(c(O)c2[C@@H](O[C@@H]2C[C@@H](N)[C@@H](O)[C@@H](C)O2)C1)C(=O)c1ccccc1C3=O,SMILES,0,88
7367,CC(=O)[C@]1(O)Cc2c(O)c3c(c(O)c2[C@@H](O[C@H]2C[C@H](N)[C@H](O)[C@H](C)O2)C1)C(=O)c1c(O)cccc1C3=O,SMILES,0,88
7368,CC(C)(Oc1ccc(Cl)cc1)C(=O)NC(C(=O)N[C@H]1C(=O)N2[C@H]1SC(C)(C)[C@H]2C(=O)O)c1ccccc1,SMILES,0,88
7369,CC(C)CC(NC(=O)C(C)NC(=O)CNC(=O)C(NC=O)C(C)C)C(=O)NC(C)C(=O)NC(C(=O)NC(C(=O)NC(C(=O)NC(Cc1c[nH]c2ccccc12)C(=O)NC(CC(C)C)C(=O)NC(Cc1ccccc1)C(=O)NC(CC(C)C)C(=O)NC(Cc1c[nH]c2ccccc12)C(=O)NC(CC(C)C)C(=O)NC(Cc1c[nH]c2ccccc12)C(=O)NCCO)C(C)C)C(C)C)C(C)C,SMILES,0,88
7370,CC(C)C[C@@H](NC(=O)[C@H](C)NC(=O)CNC(=O)[C@@H](NC=O)C(C)C)C(=O)N[C@@H](C)C(=O)N[C@@H](C(=O)N[C@H](C(=O)N[C@@H](C(=O)N[C@@H](Cc1c[nH]c2ccccc12)C(=O)N[C@H](CC(C)C)C(=O)N[C@@H](Cc1c[nH]c2ccccc12)C(=O)N[C@H](CC(C)C)C(=O)N[C@@H](Cc1c[nH]c2ccccc12)C(=O)N[C@H](CC(C)C)C(=O)N[C@@H](Cc1c[nH]c2ccccc12)C(=O)NCCO)C(C)C)C(C)C)C(C)C,SMILES,0,88
7372,CC(C)C[C@@H]1NC(=O)[C@H](CCCN)NC(=O)[C@H](C(C)C)NC(=O)[C@@H]2CCCN2C(=O)[C@@H](Cc2ccccc2)NC(=O)[C@H](CC(C)C)NC(=O)[C@H](CCCN)NC(=O)[C@H](C(C)C)NC(=O)[C@@H]2CCCN2C(=O)[C@@H](Cc2ccccc2)NC1=O,SMILES,0,88
7374,CC(Oc1ccccc1)C(=O)N[C@@H]1C(=O)N2[C@@H]1SC(C)(C)[C@@H]2C(=O)O,SMILES,0,88
7376,CC1(C)S[C@@H]2[C@H](N3C(=O)[C@@H](c4ccc(O)cc4)NC3(C)C)C(=O)N2[C@H]1C(=O)O,SMILES,0,88
7377,CC1(C)S[C@@H]2[C@H](NC(=O)C(N=Cc3ccco3)c3ccc(O)cc3)C(=O)N2[C@H]1C(=O)O,SMILES,0,88
7378,CC1(C)S[C@@H]2[C@H](NC(=O)C34CC5CC(CC(N)(C5)C3)C4)C(=O)N2[C@H]1C(=O)O,SMILES,0,88
7379,CC1(C)S[C@@H]2[C@H](NC(=O)CCCC(N)C(=O)O)C(=O)N2[C@H]1C(=O)O,SMILES,0,88
7380,CC1(C)S[C@@H]2[C@H](NC(=O)[C@H](N)c3ccccc3)C(=O)N2[C@H]1C(=O)OCOC(=O)[C@@H]1N2C(=O)C[C@H]2S(=O)(=O)C1(C)C,SMILES,0,88
7381,CC1(C)S[C@@H]2[C@H](NC(=O)[C@H](NC(=O)CN=C(N)c3ccncc3)c3ccccc3)C(=O)N2[C@H]1C(=O)O,SMILES,0,88
7382,CC1(C)S[C@@H]2[C@H](NC(=O)[C@H](NC(=O)c3c[nH]c4cccnc4c3=O)c3ccccc3)C(=O)N2[C@H]1C(=O)O,SMILES,0,88
7383,CC1=C(C(=O)O)N2C(=O)[C@@H](NC(=O)C(N)c3cccc(NS(C)(=O)=O)c3)[C@H]2SC1,SMILES,0,88
7384,CC1=C[C@@H](O)CC(=O)Cc2nc(co2)C(=O)N2CCC=C2C(=O)O[C@H](C(C)C)[C@H](C)C=CC(=O)NCC=C1,SMILES,0,88
7385,CCC(=O)O[C@@H]1CC(=O)O[C@H](C)CC=CC=C[C@H](O)[C@H](C)C[C@H](CC=O)[C@H](O[C@@H]2O[C@H](C)[C@@H](O[C@H]3C[C@@](C)(O)[C@@H](OC(=O)CC)[C@H](C)O3)[C@H](N(C)C)[C@H]2O)[C@H]1OC,SMILES,0,88
7386,CCC(=O)O[C@H]1[C@H](O[C@@H]2[C@@H](C)[C@H](O[C@H]3C[C@@](C)(OC)[C@@H](O)[C@H](C)O3)[C@@H](C)C(=O)O[C@H](CC)[C@@](C)(O)[C@H](O)[C@@H](C)C(=O)[C@H](C)C[C@@]2(C)O)O[C@H](C)C[C@@H]1N(C)C,SMILES,0,88
7387,CCC(C)C(C(=O)OC1CC[N+](C)(C)CC1)c1ccccc1,SMILES,0,88
7388,CCC(Oc1ccccc1)C(=O)N[C@@H]1C(=O)N2[C@@H]1SC(C)(C)[C@@H]2C(=O)O,SMILES,0,88
7389,CCCCCC1CN[C@H](C(=O)NC(C(C)Cl)[C@H]2O[C@H](SC)[C@H](O)[C@@H](O)[C@H]2O)C1,SMILES,0,88
7390,CCC[C@@H]1C[C@@H](C(=O)NC(C(C)O)[C@H]2O[C@H](SC)[C@H](O)[C@@H](O)[C@H]2O)N(C)C1,SMILES,0,88
7391,CCN(CC)/C(C)=N/N=C/c1c2c(O)c3c(O)c(C)c4c(c3c1O)C(=O)[C@@](C)(OC=C[C@H](OC)[C@@H](C)[C@@H](OC(C)=O)[C@H](C)[C@H](O)[C@H](C)[C@@H](O)[C@@H](C)C=CC=C(C)C(=O)N2)O4,SMILES,0,88
7392,CCN(CC)CCOC(=O)[C@@H]1N2C(=O)[C@@H](NC(=O)c3c(OC)cccc3OC)[C@H]2SC1(C)C,SMILES,0,88
7393,CCN(CC)c1nc2c(s1)c1c(O)c3c(O)c(C)c4c(c32)C(=O)[C@@](C)(OC=C[C@H](OC)[C@@H](C)[C@@H](OC(C)=O)[C@H](C)[C@H](O)[C@H](C)[C@@H](O)[C@@H](C)C=CC=C(C)C(=O)N1)O4,SMILES,0,88
7394,CCOC(=O)CCC(=O)O[C@H]1[C@H](O[C@@H]2[C@@H](C)[C@H](O[C@H]3C[C@@](C)(OC)[C@@H](O)[C@H](C)O3)[C@@H](C)C(=O)O[C@H](CC)[C@@](C)(O)[C@H](O)[C@@H](C)C(=O)[C@H](C)C[C@@]2(C)O)O[C@H](C)C[C@@H]1N(C)C,SMILES,0,88
7395,CCOC(=O)O[C@H]1[C@H](O[C@@H]2[C@@H](C)[C@H](O[C@H]3C[C@@](C)(OC)[C@@H](O)[C@H](C)O3)[C@@H](C)C(=O)O[C@H](CC)[C@@](C)(O)[C@H](O)[C@@H](C)C(=O)[C@H](C)C[C@@]2(C)O)O[C@H](C)C[C@@H]1N(C)C,SMILES,0,88
7396,CCOC(OCC)C(=O)OCC(=O)[C@]1(O)Cc2c(O)c3c(c(O)c2[C@@H](O[C@H]2C[C@H](N)[C@H](O)[C@H](C)O2)C1)C(=O)c1c(OC)cccc1C3=O,SMILES,0,88
7397,CC[C@@H]1NC(=O)[C@@H]2CCCN2C(=O)[C@@H](Cc2ccccc2)NC(=O)[C@H](CC(C)C)NC(=O)[C@H](CCCN)NC(=O)[C@H](C(C)C)NC(=O)[C@@H]2CCCN2C(=O)[C@@H](Cc2ccccc2)NC(=O)[C@H](CC(C)C)NC(=O)[C@H](CCCN)NC1=O,SMILES,0,88
7398,CC[C@@H]1OC(=O)[C@H](C)[C@H](O[C@H]2C[C@@](C)(OC)[C@@H](O)[C@H](C)O2)[C@H](C)[C@@H](O[C@@H]2O[C@H](C)C[C@H](N(C)C)[C@H]2O)[C@@](C)(OC)C[C@@H](C)C(=O)[C@@H](C)[C@@H](O)[C@]1(C)O,SMILES,0,88
7399,CC[C@@]1(O)C[C@H](O[C@H]2C[C@H](N(C)C)[C@H](O[C@H]3C[C@H](O)[C@H](O[C@H]4CCC(=O)[C@H](C)O4)[C@H](C)O3)[C@H](C)O2)c2c(cc3c(c2O)C(=O)c2c(O)cccc2C3=O)[C@H]1C(=O)OC,SMILES,0,88
7400,CC[C@H](NC(=O)[C@@H]1CCCN1C(=O)[C@@H](Cc1ccccc1)NC(=O)[C@H](CC(C)C)NC(=O)[C@H](CCCN)NC(=O)[C@H](CC)NC(=O)[C@@H]1CCCN1C(=O)[C@@H](Cc1ccccc1)NC(=O)[C@@H](N)CC(C)C)C(=O)N[C@H](C=O)CCCN,SMILES,0,88
7401,CC[C@H]1OC(=O)[C@H](C)[C@@H](O[C@H]2C[C@@](C)(OC)[C@@H](O)[C@H](C)O2)[C@H](C)[C@@H](O[C@@H]2O[C@H](C)C[C@H](N(C)C)[C@H]2O)[C@](C)(O)C[C@@H](C)/C(=N/OC)[C@H](C)[C@@H](O)[C@]1(C)O,SMILES,0,88
7403,CC[C@H]1OC(=O)[C@H](C)[C@@H](O[C@H]2C[C@@](C)(OC)[C@@H](O)[C@H](C)O2)[C@H](C)[C@@H](O[C@@H]2O[C@H](C)C[C@H](N(C)C)[C@H]2O)[C@](C)(O)C[C@@H](C)CN(C)[C@H](C)[C@@H](O)[C@]1(C)O,SMILES,0,88
7404,CC[C@H]1OC(=O)[C@H](C)[C@@H](O[C@H]2C[C@@](C)(OC)[C@@H](O)[C@H](C)O2)[C@H](C)[C@@H](O[C@H]2O[C@@H](C)C[C@@H](N(C)C)[C@@H]2O)[C@](C)(O)C[C@@H](C)C(=O)[C@H](C)[C@@H](O)[C@]1(C)O,SMILES,0,88
7405,CC[C@]1(O)C[C@H]2CN(CCc3c([nH]c4ccccc34)C(C(=O)OC)(c3cc4c(cc3OC)N(C)[C@@H]3C45CCN4CC=C[C@](CC)([C@H]45)[C@@H](OC(C)=O)[C@]3(O)C(=O)OC)C2)C1,SMILES,0,88
7406,CC[N+](C)(C)C(C)CC(c1ccccc1)c1ccccc1,SMILES,0,88
7407,CN(C)C1C(=O)C(C(=O)NCNC(C(=O)NC2C(=O)N3C2SC(C)(C)C3C(=O)O)c2ccccc2)=C(O)[C@@]2(O)C(=O)C3=C(O)c4c(O)cccc4C(C)(O)C3CC12,SMILES,0,88
7408,CN(C)[C@@H]1C(=O)C(C(=O)NCN2CCN(C(=N)N=C(N)N)CC2)=C(O)[C@@]2(O)C(=O)C3=C(O)c4c(O)cccc4[C@@](C)(O)[C@H]3C[C@@H]12,SMILES,0,88
7409,CN(C)[C@@H]1C(=O)C(C(=O)NCN2CCN(CCO)CC2)=C(O)[C@@]2(O)C(=O)C3=C(O)c4c(O)cccc4[C@@](C)(O)[C@H]3C[C@@H]12,SMILES,0,88
7410,CN(C)[C@@H]1C(=O)C(C(=O)NCNCCCCC(N)C(=O)O)=C(O)[C@@]2(O)C(=O)C3=C(O)c4c(O)cccc4[C@@](C)(O)[C@H]3C[C@@H]12,SMILES,0,88
7411,CN(C)[C@@H]1C(=O)C(C(N)=O)=C(O)[C@@]2(O)C(=O)C3=C(O)c4c(O)cccc4[C@@](C)(O)C3[C@H](O)[C@@H]12,SMILES,0,88
7412,CNC(=O)C[C@H](N)C(=O)N[C@@H](C(=O)N[C@@H]1C(=O)N2[C@@H]1SC(C)(C)[C@@H]2C(=O)O)c1ccc(O)cc1,SMILES,0,88
7413,CN[C@@H]1[C@@H](O[C@H]2O[C@H](CO)[C@@H](N)[C@H](O)[C@H]2O)OC2C[C@@H](N)[C@@H](O[C@H]3[C@H](O)[C@@H](O)[C@H](N)C[C@@H]3N)O[C@@H]2[C@@H]1O,SMILES,0,88
7415,CN[C@@H]1[C@H](O[C@H]2[C@H](O[C@H]3[C@H](O)[C@@H](O)[C@H](N=C(N)N)[C@@H](O)[C@@H]3N=C(N)N)O[C@@H](C)[C@]2(O)CO)O[C@@H](CO)[C@H](O)[C@H]1O,SMILES,0,88
7416,CN[C@H](CC(C)C)C(=O)N[C@H]1C(=O)N[C@@H](CC(N)=O)C(=O)N[C@H]2C(=O)N[C@H]3C(=O)N[C@H](C(=O)N[C@H](C(=O)O)c4cc(O)cc(O)c4-c4cc3ccc4O)[C@H](O)c3ccc(c(Cl)c3)Oc3cc2cc(c3O[C@@H]2O[C@H](CO)[C@@H](O)[C@H](O)[C@H]2O[C@H]2C[C@](C)(N)[C@H](O)[C@H](C)O2)Oc2ccc(cc2Cl)[C@H]1O,SMILES,0,88
7419,CO/N=C(/C(=O)N[C@@H]1C(=O)N2C(C(=O)O)=C(/C=C\c3scnc3C)CS[C@H]12)c1csc(N)n1,SMILES,0,88
7420,CO/N=C(/C(=O)N[C@@H]1C(=O)N2C(C(=O)O)=C(COC(C)=O)CS[C@H]12)c1csc(N)n1,SMILES,0,88
7421,CO/N=C(/C(=O)N[C@@H]1C(=O)N2C(C(=O)O)=C(C[n+]3cccc4c3CCC4)CS[C@H]12)c1csc(N)n1,SMILES,0,88
7422,CO/N=C(/C(=O)N[C@@H]1C(=O)N2C(C(=O)O)=C(C[n+]3ccn4ncccc43)CS[C@H]12)c1nsc(N)n1,SMILES,0,88
7423,CO/N=C(/C(=O)N[C@@H]1C(=O)N2C(C(=O)OC(C)OC(=O)C(C)(C)OC)=C(COC(N)=O)CS[C@H]12)c1ccco1,SMILES,0,88
7424,CO/N=C(/C(=O)N[C@@H]1C(=O)N2C(C(=O)OCOC(=O)C(C)(C)C)=CCS[C@H]12)c1csc(NC(=O)[C@H](C)N)n1,SMILES,0,88
7425,CO/N=C(\C(=O)N[C@@H]1C(=O)N2C(C(=O)O)=C(C[N+]3(C)CCCC3)CS[C@H]12)c1csc(N)n1,SMILES,0,88
7426,CO/N=C(\C(=O)N[C@@H]1C(=O)N2C(C(=O)O)=C(C[N+]34CCC(C(N)=O)(CC3)CC4)CS[C@H]12)c1nsc(N)n1,SMILES,0,88
7427,CO/N=C(\C(=O)N[C@@H]1C(=O)N2C(C(=O)O)=C(C[n+]3ccc(N)n3CCO)CS[C@H]12)c1csc(N)n1,SMILES,0,88
7428,CO/N=C(\C(=O)N[C@@H]1C(=O)N2C(C(=O)O)=C(C[n+]3cccc4c3CCCC4)CS[C@H]12)c1csc(N)n1,SMILES,0,88
7429,COC(=O)C1NC(=O)[C@H]2NC(=O)[C@H](NC(=O)[C@@H]3NC(=O)[C@H]4NC(=O)[C@H](NC(=O)[C@@H](N)c5ccc(O)c(c5)Oc5cc4cc(O)c5C)[C@H](O)c4ccc(c(Cl)c4)Oc4cc3cc(c4O)Oc3ccc(cc3Cl)[C@H]2O[C@@H]2O[C@H](CO)[C@@H](O)[C@H](O)[C@H]2NC(C)=O)c2ccc(O)c(c2)-c2c(O)cc(O)cc21,SMILES,0,88
7430,COCOC(=O)[C@@H]1N2C(=O)[C@@H](N3C(=O)C(c4ccc(O)cc4)NC3(C)C)[C@H]2SC1(C)C,SMILES,0,88
7431,CO[C@@H]1C(N(C)C(=O)CN)[C@@H](O)[C@H](O[C@H]2O[C@H](C(C)N)CC[C@H]2N)[C@@H](N)[C@@H]1O,SMILES,0,88
7432,CO[C@@H]1[C@@H](OC(N)=O)[C@@H](O)[C@@H](Oc2ccc3c(O)c(NC(=O)c4ccc(O)c(CC=C(C)C)c4)c(=O)oc3c2C)OC1(C)C,SMILES,0,88
7433,CO[C@@H]1[C@@H](OC2O[C@H](C)[C@@H](O[C@H]3C[C@@](C)(O)[C@@H](O)[C@H](C)O3)[C@H](N(C)C)[C@H]2O)[C@@H](CC=O)C[C@@H](C)[C@@H](O)C=CC=CC[C@@H](C)OC(=O)C[C@H]1O,SMILES,0,88
7434,CO[C@@H]1[C@@H](OC2O[C@H](C)[C@@H](O[C@H]3C[C@@](C)(O)[C@@H](O)[C@H](C)O3)[C@H](N(C)C)[C@H]2O)[C@@H](CC=O)C[C@@H](C)[C@@H](OC2CC[C@H](N(C)C)[C@@H](C)O2)C=CC=CC[C@@H](C)OC(=O)C[C@H]1O,SMILES,0,88
7435,CO[C@@H]1[C@@H](O[C@@H]2O[C@H](C)[C@@H](O[C@H]3C[C@@](C)(O)[C@@H](OC(=O)CC(C)C)[C@H](C)O3)[C@H](N(C)C)[C@H]2O)[C@@H](CC=O)C[C@@H](C)[C@@H](O)C=CC=CC[C@@H](C)OC(=O)C[C@H]1OC(C)=O,SMILES,0,88
7436,CO[C@@]1(NC(=O)CSC(F)F)C(=O)N2C(C(=O)O)=C(CSc3nnnn3CCO)CO[C@@H]21,SMILES,0,88
7437,CO[C@H]1C=CO[C@@]2(C)Oc3c(C)c(O)c4c(O)c(c(/C=N\N5CCN(C)CC5)c(O)c4c3C2=O)NC(=O)C(C)=CC=C[C@H](C)[C@H](O)[C@@H](C)[C@@H](O)[C@@H](C)[C@H](OC(C)=O)[C@@H]1C,SMILES,0,88
7438,CO[C@H]1C=CO[C@@]2(C)Oc3c(C)c(O)c4c(O)c(c(/C=N\N5CCN(C6CCCC6)CC5)c(O)c4c3C2=O)NC(=O)C(C)=CC=C[C@H](C)[C@H](O)[C@@H](C)[C@@H](O)[C@@H](C)[C@H](OC(C)=O)[C@@H]1C,SMILES,0,88
7439,CO[C@H]1C=CO[C@@]2(C)Oc3c(C)c(O)c4c(O)c(c5c(c4c3C2=O)NC2(CCN(CC(C)C)CC2)N=5)=NC(=O)C(C)=CC=C[C@H](C)[C@H](O)[C@@H](C)[C@@H](O)[C@@H](C)[C@H](OC(C)=O)[C@@H]1C,SMILES,0,88
7440,CO[C@H]1C=CO[C@@]2(C)Oc3c(C)c(O)c4c(O)c(c5c(nc6cc(C)ccn65)c4c3C2=O)NC(=O)C(C)=CC=C[C@H](C)[C@H](O)[C@@H](C)[C@@H](O)[C@@H](C)[C@H](OC(C)=O)[C@@H]1C,SMILES,0,88
7441,CO[C@H]1C=CO[C@@]2(C)Oc3c(C)c(O)c4c(O)c(cc(O)c4c3C2=O)NC(=O)C(C)=CC=C[C@H](C)[C@H](O)[C@@H](C)[C@@H](O)[C@@H](C)[C@H](OC(C)=O)[C@@H]1C,SMILES,0,88
7442,CO[C@H]1CCC[C@H]2C1=C(C(=O)O)N1C(=O)[C@H]([C@@H](C)O)[C@@H]21,SMILES,0,88
7443,CO[C@H]1C[C@H](O[C@H]2[C@H](C)[C@@H](O[C@@H]3O[C@H](C)C[C@H](N(C)C)[C@H]3O)[C@@H](C)C[C@@]3(CO3)C(=O)[C@H](C)[C@@H](O)[C@@H](C)[C@@H](C)OC(=O)[C@@H]2C)O[C@@H](C)[C@@H]1O,SMILES,0,88
7444,CO[C@H]1C[C@H](O[C@H]2[C@H](C)O[C@@H](O[C@@H]3C(C)=CC[C@@H]4C[C@@H](C[C@]5(CC[C@H](C)[C@@H](C(C)C)O5)O4)OC(=O)[C@@H]4C=C(C)[C@@H](O)[C@H]5OCC(=CC=C[C@@H]3C)[C@]54O)C[C@@H]2OC)O[C@@H](C)[C@@H]1O,SMILES,0,88
7445,CO[C@@]12[C@@H]3N[C@@H]3CN1C1=C(C(=O)C(N)=C(C)C1=O)[C@@H]2COC(N)=O,SMILES,0,88
7446,COc1cc([C@@H]2c3cc4c(cc3[C@@H](O[C@@H]3O[C@@H]5CO[C@@H](c6cccs6)O[C@H]5[C@H](O)[C@H]3O)[C@H]3COC(=O)[C@H]23)OCO4)cc(OC)c1O,SMILES,0,88
7447,COc1cc([C@@H]2c3cc4c(cc3[C@@H](O[C@@H]3O[C@@H]5CO[C@H](C)O[C@H]5[C@H](O)[C@H]3O)[C@H]3COC(=O)[C@H]23)OCO4)cc(OC)c1O,SMILES,0,88
7448,COc1cccc2c1C(=O)c1c(O)c3c(c(O)c1C2=O)C[C@@](O)(C(=O)CO)C[C@@H]3O[C@H]1C[C@H](N)C[C@H](C)O1,SMILES,0,88
7449,COc1cccc2c1C(=O)c1c(O)c3c(c(O)c1C2=O)C[C@@](O)(C(=O)CO)C[C@@H]3O[C@H]1C[C@H](N)[C@@H](O)[C@H](C)O1,SMILES,0,88
7450,COc1cccc2c1C(=O)c1c(O)c3c(c(O)c1C2=O)C[C@@](O)(C(O)CO)C[C@@H]3O,SMILES,0,88
7451,C[C@@H](O)[C@H]1C(=O)N2C(C(=O)O)=C(SC3Cn4cnc[n+]4C3)[C@H](C)[C@H]12,SMILES,0,88
7452,C[C@@H](O)[C@H]1C(=O)N2C(C(=O)O)=C(SCCN=CN)C[C@H]12,SMILES,0,88
7453,C[C@@H](O)[C@H]1C(=O)N2C(C(=O)O)=C(S[C@H]3CC[S+]([O-])C3)S[C@H]12,SMILES,0,88
7454,C[C@@H]1[C@H](O)[C@@H](C)C=CC=CC=CC=CC=CC=CC=C[C@H](O[C@H]2O[C@@H](C)[C@H](O)[C@@H](N)[C@H]2O)C[C@@H]2O[C@](O)(C[C@@H](O)C[C@@H](O)[C@H](O)CC[C@@H](O)C[C@@H](O)CC(=O)O[C@H]1C)C[C@H](O)[C@H]2C(=O)O,SMILES,0,88
7455,C[C@@H]1O[C@@H](O[C@H]2C[C@](O)(C(=O)CO)Cc3c(O)c4c(c(O)c32)C(=O)c2ccccc2C4=O)C[C@H](N)[C@@H]1O,SMILES,0,88
7456,C[C@H](O)[C@H]1C(=O)N2C(C(=O)O)=C(S[C@@H]3CN[C@H](C(=O)N(C)C)C3)[C@H](C)[C@H]12,SMILES,0,88
7458,C[C@]12CCC(=O)C=C1CC[C@H]1C3CC[C@H](C(=O)CO)C3(C=O)C[C@H](O)C12,SMILES,0,88
7460,C[N+]1(CCCS(=O)(=O)O)C2CCC1CC(OC(=O)C(CO)c1ccccc1)C2,SMILES,0,88
7462,Cc1cc(=O)c(C(=O)N[C@@H](C(=O)N[C@@H]2C(=O)N3C(C(=O)O)=C(CSc4nnnn4C)CS[C@H]23)c2ccc(O)cc2)c[nH]1,SMILES,0,88
7463,NC(=O)OC[C@@H]1[C@H](NC(=O)/C(=N\OCC(=O)O)c2csc(N)n2)C(=O)N1S(=O)(=O)O,SMILES,0,88
7465,NC(=O)c1cc[n+](CC2=C(C(=O)O)N3C(=O)[C@@H](NC(=O)[C@@H](c4ccccc4)S(=O)(=O)O)[C@H]3SC2)cc1,SMILES,0,88
7466,NCC[C@@H](O)CN[C@@H]1C[C@H](N)[C@@H](O[C@H]2O[C@H](CN)[C@@H](O)[C@H](O)[C@H]2O)[C@H](O)[C@H]1O[C@H]1O[C@H](CO)[C@@H](O)[C@H](N)[C@H]1O,SMILES,0,88
7467,NCC[C@H](O)C(=O)N[C@@H]1C[C@H](N)[C@@H](OC2O[C@H](CN)[C@@H](O)[C@H](O)[C@H]2O)[C@H](O)[C@H]1OC1O[C@H](CO)[C@@H](O)[C@H](N)[C@H]1O,SMILES,0,88
7468,NC[C@@H]1CC[C@@H](N)[C@@H](O[C@H]2[C@H](O)[C@@H](O[C@H]3O[C@H](CO)[C@@H](O)[C@H](N)[C@H]3O)[C@H](N)C[C@@H]2N)O1,SMILES,0,88
7469,NC[C@@H]1O[C@H](O[C@@H]2[C@H](O)[C@@H](O[C@@H]3[C@@H](O)[C@H](N)C[C@H](N)[C@H]3O[C@H]3O[C@H](CN)[C@@H](O)[C@H](O)[C@H]3N)O[C@H]2CO)[C@H](N)[C@@H](O)[C@@H]1O,SMILES,0,88
7470,NC[C@H]1O[C@H](O[C@H]2[C@H](O)C(O[C@H]3O[C@H](CO)[C@@H](O)[C@H](N)[C@H]3O)[C@H](N)C[C@@H]2N)[C@H](N)C[C@@H]1O,SMILES,0,88
7471,NC[C@H]1O[C@H](O[C@H]2[C@H](O)[C@@H](OC3O[C@H](CO)[C@@H](O)[C@H](N)[C@H]3O)[C@H](N)C[C@@H]2N)[C@H](O)[C@@H](O)[C@@H]1O,SMILES,0,88
7472,NC[C@H]1O[C@H](O[C@H]2[C@H](O)[C@@H](O[C@H]3O[C@H](CO)[C@@H](O)[C@H](N)[C@H]3O)[C@H](N)C[C@@H]2N)[C@H](N)[C@@H](O)[C@@H]1O,SMILES,0,88
7473,NC[C@H]1O[C@H](O[C@H]2[C@H](O)[C@@H](O[C@H]3O[C@H](CO)[C@@H](O)[C@H](N)[C@H]3O)[C@H](NC(CO)CO)C[C@@H]2N)[C@H](N)[C@@H](O)[C@@H]1O,SMILES,0,88
7474,N[C@@H](C(=O)N[C@@H]1C(=O)N2C(C(=O)O)=C(CSc3cn[nH]n3)CS[C@H]12)c1ccc(O)cc1,SMILES,0,88
7475,N[C@@H](C(=O)N[C@@H]1C(=O)N2C(C(=O)O)=C(Cl)CC[C@H]12)c1ccccc1,SMILES,0,88
7476,Nc1ncc(/C(=N\OC2CCNC2=O)C(=O)N[C@@H]2C(=O)N3C(C(=O)O)=C(C[n+]4ccccc4)CS[C@H]23)s1,SMILES,0,88
7478,O=C(O)C1=C(CSc2nnnn2CS(=O)(=O)O)CS[C@@H]2[C@H](NC(=O)[C@H](O)c3ccccc3)C(=O)N12,SMILES,0,88
7480,CC[C@H](C)C(=O)O[C@H]1C[C@@H](O)C=C2C=C[C@H](C)[C@H](CC[C@@H](O)C[C@@H](O)CC(=O)O)[C@H]21,SMILES,0,88
7481,CN1C[C@H](C(=O)NC2(C)O[C@@]3(O)[C@@H]4CCCN4C(=O)[C@H](Cc4ccccc4)N3C2=O)C[C@@H]2c3cccc4[nH]cc(c34)C[C@H]21,SMILES,0,88
7482,CN[C@H](CC(C)C)C(=O)N[C@H]1C(=O)N[C@@H](CC(N)=O)C(=O)N[C@H]2C(=O)N[C@H]3C(=O)N[C@H](C(=O)N[C@H](C(=O)O)c4cc(O)cc(O)c4-c4cc3ccc4O)[C@H](O)c3ccc(c(Cl)c3)Oc3cc2cc(c3O[C@@H]2O[C@H](CO)[C@@H](O)[C@H](O)[C@H]2O[C@@H]2C[C@](C)(N)[C@@H](O)[C@H](C)O2)Oc2ccc(cc2Cl)[C@H]1O,SMILES,0,88
7483,COc1ccc2nc([S@+]([O-])Cc3ncc(C)c(OC)c3C)[nH]c2c1,SMILES,0,88
7484,CCOCC1(N)C(c2ccc(OC)cc2)C1S(=O)(=O)c1ccccc1,SMILES,0,88
7485,COc1cc2c(cc1OC)CN(C(=O)C[C@@H]1NC(=O)N(c3ccc(C(C)C)cc3)C1=O)CC2,SMILES,0,88
7486,C#CC1(O)CCC2C3CCC4=CC(=O)CCC4C3CCC21C,SMILES,0,88
7488,C#CC1(O)CCC2C3CCC4=Cc5oncc5CC4(C)C3CCC21C,SMILES,0,88
7489,C#CC1(O)CCC2C3CCc4cc(O)ccc4C3CCC21C,SMILES,0,88
7490,C#CC1(O)CCC2C3CCc4cc(OC5CCCC5)ccc4C3CCC21C,SMILES,0,88
7491,C1CNCCN1,SMILES,0,88
7492,C1COC(NC(C2CC2)C2CC2)=N1,SMILES,0,88
7493,C=C(c1ccc(C(=O)O)cc1)c1cc2c(cc1C)C(C)(C)CCC2(C)C,SMILES,0,88
7494,C=C1C(=CC=C2CCCC3(C)C2CCC3C(C)CCCC(C)(C)O)CC(O)CC1O,SMILES,0,88
7498,CC(=CCC1=C(C)C(=O)c2ccccc2C1=O)CCCC(C)CCCC(C)CCCC(C)C,SMILES,0,88
7500,CC(=O)C1(O)CCC2C3C=C(C)C4=CC(=O)CCC4(C)C3CCC21C,SMILES,0,88
7502,CC(=O)N(CC(C)C(=O)O)c1c(I)cc(I)c(N)c1I,SMILES,0,88
7503,CC(=O)N(CC(O)CO)c1c(I)c(C(=O)NCC(O)CO)c(I)c(C(=O)NCC(O)CO)c1I,SMILES,0,88
7504,CC(=O)N(c1onc(C)c1C)S(=O)(=O)c1ccc(N)cc1,SMILES,0,88
7505,CC(=O)N=c1sc(S(N)(=O)=O)nn1C,SMILES,0,88
7507,CC(=O)NO,SMILES,0,88
7508,CC(=O)Nc1ccc(C=NNC(N)=S)cc1,SMILES,0,88
7509,CC(=O)OCC(=O)C1(O)C(O)CC2C3CCC4=CC(=O)C=CC4(C)C3(F)C(O)CC21C,SMILES,0,88
7510,CC(=O)OCC1OC(n2ncc(=O)[nH]c2=O)C(OC(C)=O)C1OC(C)=O,SMILES,0,88
7514,CC(=O)Oc1ccc(C(c2ccc(OC(C)=O)cc2)c2ccccn2)cc1,SMILES,0,88
7515,CC(=O)Oc1cccc2c1C(=O)c1c(OC(C)=O)cc(C(=O)O)cc1C2=O,SMILES,0,88
7517,CC(=O)SC1CC2=CC(=O)CCC2(C)C2CCC3(C)C(CCC34CCC(=O)O4)C12,SMILES,0,88
7520,CC(C(=O)O)c1ccc2oc(-c3ccc(Cl)cc3)nc2c1,SMILES,0,88
7521,CC(C)(C)C(=O)OCOP(=O)(COCCn1cnc2c(N)ncnc21)OCOC(=O)C(C)(C)C,SMILES,0,88
7522,CC(C)(C)NC(=O)C1CCC2C3CCC4NC(=O)C=CC4(C)C3CCC12C,SMILES,0,88
7525,CC(C)(C)NCC(O)c1cc(Br)no1,SMILES,0,88
7526,CC(C)(C)NCC(O)c1cc(Cl)c(N)c(Cl)c1,SMILES,0,88
7527,CC(C)(CO)C(O)C(=O)NCCC(=O)O,SMILES,0,88
7528,CC(C)(CO)C(O)C(=O)NCCCO,SMILES,0,88
7529,CC(C)(Oc1ccc(C2CC2(Cl)Cl)cc1)C(=O)O,SMILES,0,88
7531,CC(C)(S)C(N)C(=O)O,SMILES,0,88
7532,CC(C)(Sc1cc(C(C)(C)C)c(O)c(C(C)(C)C)c1)Sc1cc(C(C)(C)C)c(O)c(C(C)(C)C)c1,SMILES,0,88
7534,CC(C)C1CCC(C(=O)NC(Cc2ccccc2)C(=O)O)CC1,SMILES,0,88
7535,CC(C)CC1Nc2cc(Cl)c(S(N)(=O)=O)cc2S(=O)(=O)N1,SMILES,0,88
7537,CC(C)N(CCC(C(N)=O)(c1ccccc1)c1ccccn1)C(C)C,SMILES,0,88
7538,CC(C)NCC(O)c1cc(O)cc(O)c1,SMILES,0,88
7539,CC(C)NCC1CCc2cc(CO)c([N+](=O)[O-])cc2N1,SMILES,0,88
7540,CC(C)NCCCC1(C(N)=O)c2ccccc2-c2ccccc21,SMILES,0,88
7541,CC(C)OC(=O)C(C)(C)Oc1ccc(C(=O)c2ccc(Cl)cc2)cc1,SMILES,0,88
7543,CC(C)[N+](C)(CCC(C(N)=O)(c1ccccc1)c1ccccc1)C(C)C,SMILES,0,88
7544,CC(C)c1nc(N(C)S(C)(=O)=O)nc(-c2ccc(F)cc2)c1C=CC(O)CC(O)CC(=O)O,SMILES,0,88
7545,CC(C=CC=C(C)C=CC1=C(C)CCCC1(C)C)=CC=CC=C(C)C=CC=C(C)C=CC1=C(C)CCCC1(C)C,SMILES,0,88
7547,CC(CCC(=O)O)C1CCC2C3C(O)CC4CC(O)CCC4(C)C3CCC12C,SMILES,0,88
7548,CC(CN(C)C)C(C)(O)Cc1ccc(Cl)cc1,SMILES,0,88
7549,CC(COc1ccccc1)NC(C)C(O)c1ccc(O)cc1,SMILES,0,88
7551,CC(Cc1cccc(C(F)(F)F)c1)NCCOC(=O)c1ccccc1,SMILES,0,88
7552,CC(Cn1cnc2c(N)ncnc21)OCP(=O)(O)O,SMILES,0,88
7554,CC(NCCc1ccc(O)cc1)C(O)c1ccc(O)cc1,SMILES,0,88
7555,CC(O)(CS(=O)(=O)c1ccc(F)cc1)C(=O)Nc1ccc(C#N)c(C(F)(F)F)c1,SMILES,0,88
7556,CC(O)(P(=O)(O)O)P(=O)(O)O,SMILES,0,88
7557,CC(O)C(O)C1CNc2nc(N)[nH]c(=O)c2N1,SMILES,0,88
7558,CC(S)C(=O)NCC(=O)O,SMILES,0,88
7559,CC(c1ccccc1)C1Nc2cc(Cl)c(S(N)(=O)=O)cc2S(=O)(=O)N1,SMILES,0,88
7561,CC1(C)[C@@H](OC(=O)CCC(=O)O)CC[C@]2(C)[C@H]3C(=O)C=C4[C@@H]5C[C@@](C)(C(=O)O)CC[C@]5(C)CC[C@@]4(C)[C@]3(C)CC[C@@H]12,SMILES,0,88
7562,CC1(O)CCC2C3CCC4=CC(=O)CCC4(C)C3(F)C(O)CC21C,SMILES,0,88
7563,CC12C=CC(=O)NC1CCC1C2CCC2(C)C(C(=O)Nc3cc(C(F)(F)F)ccc3C(F)(F)F)CCC12,SMILES,0,88
7564,CC12CCC(=O)C=C1C1CC1C1C2CCC2(C)C1C1CC1C21CCC(=O)O1,SMILES,0,88
7565,CC12CCC(=O)C=C1CCC1C2CCC2(C)C1CCC2(C)O,SMILES,0,88
7566,CC12CCC3C(CCC45OC4C(O)=C(C#N)CC35C)C1CCC2O,SMILES,0,88
7567,CC12CCC3C(CCC4=C(O)C(=O)CCC43C)C1CCC2=O,SMILES,0,88
7569,CC12CCC3c4ccc(OC(=O)N(CCCl)CCCl)cc4CCC3C1CCC2O,SMILES,0,88
7570,CC12CCC3c4ccc(OS(=O)(=O)O)cc4CCC3C1CCC2=O,SMILES,0,88
7571,CC12COC(=O)CC1CCC1C2CCC2(C)C1CCC2(C)O,SMILES,0,88
7572,CC12Cc3cn[nH]c3CC1CCC1C2CCC2(C)C1CCC2(C)O,SMILES,0,88
7573,CC1=C(C(=O)O)N2C(=O)C(NC(=O)C(N)c3ccccc3)C2SC1,SMILES,0,88
7574,CC1=C(CC(=O)O)c2cc(F)ccc2C1=Cc1ccc([S+](C)[O-])cc1,SMILES,0,88
7575,CC1C=CC=CCCC=CC=CC=CC=CC(OC2OC(C)C(O)C(N)C2O)CC(O)C(C(=O)O)C(O)CC(=O)CC(O)C(O)CCC(O)CC(O)CC(O)CC(=O)OC(C)C(C)C1O,SMILES,0,88
7576,CC1CC(OC(=O)C(O)c2ccccc2)CC(C)(C)C1,SMILES,0,88
7578,CC1CCC(O)CC1=CC=C1CCCC2(C)C1CCC2C(C)C=CC(C)C(C)C,SMILES,0,88
7579,CC1CCCC(C)N1CCCC(O)(c1ccccc1)c1ccccn1,SMILES,0,88
7580,CC1CCc2cc(F)cc3c(=O)c(C(=O)O)cn1c23,SMILES,0,88
7581,CC1CS(=O)(=O)CCN1N=Cc1ccc([N+](=O)[O-])o1,SMILES,0,88
7582,CC1Cc2ccccc2N1NC(=O)c1ccc(Cl)c(S(N)(=O)=O)c1,SMILES,0,88
7583,CCC(=O)OC(OP(=O)(CCCCc1ccccc1)CC(=O)N1CC(C2CCCCC2)CC1C(=O)O)C(C)C,SMILES,0,88
7584,CCC(C)C(=O)OC1CC(C)C=C2C=CC(C)C(CCC3CC(O)CC(=O)O3)C21,SMILES,0,88
7585,CCC(C)CCCC(=O)NC(CCN)C(=O)NC(C(=O)NC(CCN)C(=O)NC1CCNC(=O)C(C(C)O)NC(=O)C(CCN)NC(=O)C(CCN)NC(=O)C(CC(C)C)NC(=O)C(CC(C)C)NC(=O)C(CCN)NC1=O)C(C)O,SMILES,0,88
7587,CCC(Cc1c(I)cc(I)c(N)c1I)C(=O)O,SMILES,0,88
7588,CCC(c1ccccc1)c1c(O)c2ccccc2oc1=O,SMILES,0,88
7589,CCC1(O)C(=O)OCc2c1cc1n(c2=O)Cc2cc3ccccc3nc2-1,SMILES,0,88
7590,CCC1(O)CCC2C3CCC4=CCCCC4C3CCC21C,SMILES,0,88
7592,CCC1NC(=O)c2cc(S(N)(=O)=O)c(Cl)cc2N1,SMILES,0,88
7593,CCC1OC(=O)CC(O)C(C)C(OC2OC(C)CC(N(C)C)C2O)C(CC=O)CC(C)C(=O)C=CC2(C)OC2C1C,SMILES,0,88
7594,CCCC(=O)N1CCCN(c2nc(N)c3cc(OC)c(OC)cc3n2)CC1,SMILES,0,88
7595,CCCC(=O)Nc1c(I)cc(I)c(CC(CC)C(=O)O)c1I,SMILES,0,88
7596,CCCC(CCC)C(=O)OC1CC2CCC(C1)[N+]2(C)C,SMILES,0,88
7597,CCCC(NC(C)C(=O)N1C(C(=O)O)CC2CCCCC21)C(=O)O,SMILES,0,88
7598,CCCC(NC(C)C(=O)N1C(C(=O)O)CC2CCCCC21)C(=O)OCC,SMILES,0,88
7599,CCCC1(CCc2ccccc2)CC(O)=C(C(CC)c2cccc(NS(=O)(=O)c3ccc(C(F)(F)F)cn3)c2)C(=O)O1,SMILES,0,88
7600,CCCCC(=O)N(Cc1ccc(-c2ccccc2-c2nn[nH]n2)cc1)C(C(=O)O)C(C)C,SMILES,0,88
7601,CCCCC1C(=O)N(c2ccccc2)N(c2ccc(O)cc2)C1=O,SMILES,0,88
7603,CCCCCCCCCCCCCCCC(=O)OCC(NC(=O)C(Cl)Cl)C(O)c1ccc([N+](=O)[O-])cc1,SMILES,0,88
7605,CCCCCCCCOc1ccccc1C(=O)Nc1ccc(C(=O)OCC[N+](C)(CC)CC)cc1,SMILES,0,88
7606,CCCCCN(C)CCC(O)(P(=O)(O)O)P(=O)(O)O,SMILES,0,88
7607,CCCCCOC(=O)Nc1nc(=O)n(C2OC(C)C(O)C2O)cc1F,SMILES,0,88
7608,CCCCN(CCCC)CCC(O)c1cc2c(Cl)cc(Cl)cc2c2cc(C(F)(F)F)ccc12,SMILES,0,88
7609,CCCCNc1ccc(C(=O)OCCOCCOCCOCCOCCOCCOCCOCCOCCOC)cc1,SMILES,0,88
7611,CCCN(CCC)C(=O)C(CCC(=O)O)NC(=O)c1ccccc1,SMILES,0,88
7612,CCCN(CCC)C(=O)C(CCC(=O)OCCCN1CCN(CCOC(=O)Cc2c(C)n(C(=O)c3ccc(Cl)cc3)c3ccc(OC)cc23)CC1)NC(=O)c1ccccc1,SMILES,0,88
7614,CCCc1nc(C(C)(C)O)c(C(=O)OCc2oc(=O)oc2C)n1Cc1ccc(-c2ccccc2-c2nn[nH]n2)cc1,SMILES,0,88
7616,CCN(CC)C(=O)N1CCN(C)CC1,SMILES,0,88
7618,CCN(CC)CCNC(=O)c1ccc(N)cc1,SMILES,0,88
7619,CCN(CC)CCNC(=O)c1ccc(NC(C)=O)cc1,SMILES,0,88
7620,CCN(CC)CCNC(=O)c1ccc(NS(C)(=O)=O)cc1,SMILES,0,88
7622,CCN(CC)Cc1cc(Nc2ccnc3cc(Cl)ccc23)ccc1O,SMILES,0,88
7624,CCOC(=O)C(CCc1ccccc1)NC(C)C(=O)N1C(C(=O)O)CC2CCCC21,SMILES,0,88
7625,CCOC(=O)C(CCc1ccccc1)NC(C)C(=O)N1C(C(=O)O)CC2CCCCC21,SMILES,0,88
7626,CCOC(=O)C(CCc1ccccc1)NC(C)C(=O)N1CC2(CC1C(=O)O)SCCS2,SMILES,0,88
7630,CCOC(=O)C(CCc1ccccc1)NC1CCc2ccccc2N(CC(=O)O)C1=O,SMILES,0,88
7631,CCOC(=O)C1=C(C)NC(C)=C(C(=O)OCC)C1c1ccccc1C=CC(=O)OC(C)(C)C,SMILES,0,88
7632,CCOC(=O)C1=C(COCCN)NC(C)=C(C(=O)OC)C1c1ccccc1Cl,SMILES,0,88
7633,CCOC(=O)C1=CC(OC(CC)CC)C(NC(C)=O)C(N)C1,SMILES,0,88
7634,CCOC(=O)C=C(C)C=CC=C(C)C=Cc1c(C)cc(OC)c(C)c1C,SMILES,0,88
7635,CCOC(=O)C=C1SC(N2CCCCC2)C(=O)N1C,SMILES,0,88
7636,CCOC(=O)OC(C)OC(=O)C1N2C(=O)C(NC(=O)C(N)c3ccccc3)C2SC1(C)C,SMILES,0,88
7637,CCOC(=O)c1c(CSc2ccccc2)n(C)c2cc(Br)c(O)c(CN(C)C)c12,SMILES,0,88
7638,CCOc1cc(CC(=O)NC(CC(C)C)c2ccccc2N2CCCCC2)ccc1C(=O)O,SMILES,0,88
7639,CCOc1ccc2ccccc2c1NC(=O)C1C(=O)N2C1SC(C)(C)C2C(=O)O,SMILES,0,88
7640,CCOc1nc2cccc(C(=O)OC(C)OC(=O)OC3CCCCC3)c2n1Cc1ccc(-c2ccccc2-c2nn[nH]n2)cc1,SMILES,0,88
7642,CC[N+](C)(CC)CCOC(=O)C(O)(c1ccccc1)C1CCCCC1,SMILES,0,88
7643,CC[N+](CC)(CC)CCC(O)(c1ccccc1)C1CCCCC1,SMILES,0,88
7644,CC[N+]1(CC)CCC(=C(c2ccccc2)c2ccccc2)C1C,SMILES,0,88
7645,CCc1ccc(CCOc2ccc(CC3SC(=O)NC3=O)cc2)nc1,SMILES,0,88
7646,CCn1cc(C(=O)O)c(=O)c2cc3c(cc21)OCO3,SMILES,0,88
7647,CCn1cc(C(=O)O)c(=O)c2ccc(-c3ccncc3)cc21,SMILES,0,88
7648,CCn1cc(C(=O)O)c(=O)c2cnc(N3CCNCC3)nc21,SMILES,0,88
7649,CN(C)C=Nc1c(I)cc(I)c(CCC(=O)O)c1I,SMILES,0,88
7650,CN(C)CCC=C1C=c2ccccc2=Cc2ccccc21,SMILES,0,88
7651,CN(C)c1nc(N(C)C)nc(N(C)C)n1,SMILES,0,88
7652,CN(CCCCCCN(C)C(=O)Oc1ccc[n+](C)c1)C(=O)Oc1ccc[n+](C)c1,SMILES,0,88
7653,CN(CCOc1ccc(CC2SC(=O)NC2=O)cc1)c1ccccn1,SMILES,0,88
7654,CN1C(C(=O)Nc2ccccn2)=C(OC(=O)C(C)(C)C)c2ccccc2S1(=O)=O,SMILES,0,88
7655,CN1CC(O)c2cc(N=NC(N)=O)c(O)cc21,SMILES,0,88
7657,CN1CCCN=C1COC(=O)C(O)(c1ccccc1)C1CCCCC1,SMILES,0,88
7659,CNC(=C[N+](=O)[O-])NCCSCc1csc(CN(C)C)n1,SMILES,0,88
7660,CNC(=O)C(NC(=O)C(CC(C)C)C(O)C(=O)NO)C(C)(C)C,SMILES,0,88
7661,CNC(CC(C)C)C(=O)NC1C(=O)NC(CC(N)=O)C(=O)NC2C(=O)NC3C(=O)CC(C(=O)NC(C(=O)O)c4cc(O)cc(O)c4-c4cc3ccc4O)C(O)c3ccc(c(Cl)c3)Oc3cc2cc(c3OC2OC(CO)C(O)C(O)C2OC2CC(C)(N)C(O)C(C)O2)Oc2ccc(cc2Cl)C1O,SMILES,0,88
7662,CNc1ccc(C(=O)CC(O)CCC(C)C2OC(=O)CC(O)CC(=O)CC(O)CC(O)CC(O)CC(O)CC3(O)CC(O)C(C(=O)OC)C(O3)C(OC3O[C@H](C)[C@@H](O)[C@H](N)[C@@H]3O)C/C=C/C=C/C=C/C=C\C=C/C=C/C=C/C2C)cc1,SMILES,0,88
7663,COC(=O)C(Cc1ccccc1)NC(=O)C(N)CC(=O)O,SMILES,0,88
7664,COC(=O)C(c1ccccc1Cl)N1CCc2sccc2C1,SMILES,0,88
7665,COC(=O)C1=C(C)NC(C)=C(C(=O)OC(C)(C)CN(C)CCC(c2ccccc2)c2ccccc2)C1c1cccc([N+](=O)[O-])c1,SMILES,0,88
7668,COC(=O)N[C@H](C(=O)N[C@@H](Cc1ccccc1)[C@@H](O)CN(Cc1ccc(-c2ccccn2)cc1)NC(=O)[C@@H](NC(=O)OC)C(C)(C)C)C(C)(C)C,SMILES,0,88
7669,COC1C(OC(C)=O)CC(=O)OC(C)CC=CC=CC(O)C(C)CC(CC=O)C1OC1OC(C)C(OC2CC(C)(OC(=O)CC(C)C)C(O)C(C)O2)C(N(C)C)C1O,SMILES,0,88
7670,COC1CC2CCC(C)C(O)(O2)C(=O)C(=O)N2CCCCC2C(=O)OC(C(C)CC2CCC(O)C(OC)C2)CC(=O)C(C)C=C(C)C(O)C(OC)C(=O)C(C)CC(C)C=CC=CC=C1C,SMILES,0,88
7671,CON=C(C(=O)NC1C(=O)N2C(C(=O)OCOC(=O)C(C)(C)C)=C(C=Cc3scnc3C)CSC12)c1csc(N)n1,SMILES,0,88
7672,CON=C1CN(c2nc3c(cc2F)c(=O)c(C(=O)O)cn3C2CC2)CC1CN,SMILES,0,88
7673,CO[C@H]1/C=C/O[C@@]2(C)Oc3c(C)c(O)c4c(O)c(c5c(c4c3C2=O)=NC2(CCN(CC(C)C)CC2)N=5)NC(=O)/C(C)=C\C=C\[C@H](C)[C@H](O)[C@@H](C)[C@@H](O)[C@@H](C)[C@H](OC(C)=O)[C@@H]1C,SMILES,0,88
7676,COc1c(N2CC3CCCNC3C2)c(F)cc2c(=O)c(C(=O)O)cn(C3CC3)c12,SMILES,0,88
7677,COc1c(N2CCNC(C)C2)c(F)cc2c(=O)c(C(=O)O)cn(C3CC3)c12,SMILES,0,88
7678,COc1c2occc2cc2ccc(=O)oc12,SMILES,0,88
7679,COc1cc(Br)c(C[N+]2(CCOCCC3CCC4CC3C4(C)C)CCOCC2)cc1OC,SMILES,0,88
7681,COc1cc(C)c(C=CC(C)=CC=CC(C)=CC(=O)O)c(C)c1C,SMILES,0,88
7683,COc1ccc(C2C(=O)c3ccccc3C2=O)cc1,SMILES,0,88
7684,COc1ccc(CC(C)NCC(O)c2ccc(O)c(NC=O)c2)cc1,SMILES,0,88
7685,COc1ccc(CCNCC(O)COc2cccc(C)c2)cc1OC,SMILES,0,88
7686,COc1ccc(OC)c(C(O)CNC(=O)CN)c1,SMILES,0,88
7687,COc1ccc(OC)c(Cc2cnc3nc(N)nc(N)c3c2C)c1,SMILES,0,88
7689,COc1ccccc1OCCNCC(O)COc1cccc2[nH]c3ccccc3c12,SMILES,0,88
7690,COc1ccccc1Oc1c(NS(=O)(=O)c2ccc(C(C)(C)C)cc2)nc(-c2ncccn2)nc1OCCO,SMILES,0,88
7691,COc1cnc(NS(=O)(=O)c2ccc(N)cc2)nc1,SMILES,0,88
7692,CS(=O)(=O)Nc1ccc([N+](=O)[O-])cc1Oc1ccccc1,SMILES,0,88
7693,CS(=O)(=O)OCC(O)C(O)COS(C)(=O)=O,SMILES,0,88
7694,C[C@@H]1[C@H](O)[C@@H](C)/C=C/C=C/C=C/C=C/C=C/C=C/C=C/[C@H](O[C@@H]2O[C@H](C)[C@@H](O)[C@H](N)[C@@H]2O)C[C@@H]2O[C@](O)(C[C@@H](O)C[C@@H](O)[C@H](O)CC[C@@H](O)C[C@@H](O)CC(=O)O[C@H]1C)C[C@H](O)[C@H]2C(=O)O,SMILES,0,88
7695,C[N+](C)(C)CC(O)CC(=O)O,SMILES,0,88
7696,C[N+]1(C)C2CCC1CC(OC(=O)C(O)c1ccccc1)C2,SMILES,0,88
7697,C[N+]1(C)CCC(=C(c2ccccc2)c2ccccc2)CC1,SMILES,0,88
7698,C[N+]1(C)CCN(CC(O)(c2ccccc2)C2CCCCC2)CC1,SMILES,0,88
7699,Cc1c(-c2ccc(-c3ccccc3F)cc2)nc2ccc(F)cc2c1C(=O)O,SMILES,0,88
7701,Cc1c(C(C)C)c(=O)n(-c2ccccc2)n1C,SMILES,0,88
7702,Cc1c(Cl)cccc1Nc1ncccc1C(=O)O,SMILES,0,88
7703,Cc1c(N(C)CS(=O)(=O)O)c(=O)n(-c2ccccc2)n1C,SMILES,0,88
7704,Cc1c(OCC(F)(F)F)ccnc1C[S+]([O-])c1nc2ccccc2[nH]1,SMILES,0,88
7708,Cc1cc(O)c2ccccc2c1O,SMILES,0,88
7709,Cc1cc2cc3c(C)cc(=O)oc3c(C)c2o1,SMILES,0,88
7710,Cc1cc2nc3c(=O)[nH]c(=O)nc-3n(CC(O)C(O)C(O)CO)c2cc1C,SMILES,0,88
7711,Cc1ccc(-c2ncc(Cl)cc2-c2ccc(S(C)(=O)=O)cc2)cn1,SMILES,0,88
7712,Cc1ccc2c(-c3ccccc3)nc(=O)n(C(C)C)c2c1,SMILES,0,88
7713,Cc1cccc(C)c1NC(=O)CN1CCN(CCCC(c2ccc(F)cc2)c2ccc(F)cc2)CC1,SMILES,0,88
7715,Cc1ncc2c(c1O)COC2c1ccc(Cl)cc1,SMILES,0,88
7716,Cc1oncc1C(=O)Nc1ccc(C(F)(F)F)cc1,SMILES,0,88
7717,Clc1ccc(C(c2ccccc2Cl)C(Cl)Cl)cc1,SMILES,0,88
7718,Cn1c(=O)c2c(ncn2CC(O)CO)n(C)c1=O,SMILES,0,88
7719,Cn1c(=O)c2c(ncn2CC2OCCO2)n(C)c1=O,SMILES,0,88
7720,Cn1c([N+](=O)[O-])cnc1C=Cc1ccnc(N)n1,SMILES,0,88
7721,Cn1cnc([N+](=O)[O-])c1Sc1ncnc2nc[nH]c12,SMILES,0,88
7722,FC(F)(F)C(F)(F)C(F)(F)C(F)(F)C(F)(F)C(F)(F)C(F)(F)C(F)(F)Br,SMILES,0,88
7724,NC(=O)c1ncn(C2OC(CO)C(O)C2O)c1O,SMILES,0,88
7727,NC(Cc1cc(I)c(Oc2cc(I)c(O)c(I)c2)c(I)c1)C(=O)O,SMILES,0,88
7729,NC(N)=NC(N)=NCCc1ccccc1,SMILES,0,88
7730,NC1C(O)OC(CO)C(O)C1O,SMILES,0,88
7731,NCC1OC(OC2C(CO)OC(OC3C(O)C(N)CC(N)C3OC3OC(CO)C(O)C(O)C3N)C2O)C(N)C(O)C1O,SMILES,0,88
7732,NCCC(O)(P(=O)(O)O)P(=O)(O)O,SMILES,0,88
7733,NCCCC(O)(P(=O)(O)O)P(=O)(O)O,SMILES,0,88
7734,NCCCCC(NC(CCc1ccccc1)C(=O)O)C(=O)N1CCCC1C(=O)O,SMILES,0,88
7736,NCCNCCNCCN,SMILES,0,88
7737,NCCS,SMILES,0,88
7739,NS(=O)(=O)c1cc2c(cc1C(F)(F)F)NC(Cc1ccccc1)NS2(=O)=O,SMILES,0,88
7740,NS(=O)(=O)c1cc2c(cc1Cl)NC(C1CC3C=CC1C3)NS2(=O)=O,SMILES,0,88
7743,Nc1c(Br)cc(Br)cc1CNC1CCC(O)CC1,SMILES,0,88
7744,Nc1c(CC(=O)O)cccc1C(=O)c1ccc(Br)cc1,SMILES,0,88
7745,Nc1ccc(C(=O)Oc2ccccc2)c(O)c1,SMILES,0,88
7746,Nc1ccc(S(=O)(=O)Nc2ccccn2)cc1,SMILES,0,88
7747,Nc1ccc(S(=O)(=O)Nc2ccnn2-c2ccccc2)cc1,SMILES,0,88
7748,Nc1ccn(C2CSC(CO)O2)c(=O)n1,SMILES,0,88
7749,Nc1n[n+]([O-])c2ccccc2[n+]1[O-],SMILES,0,88
7750,Nc1nc(=O)n(C2CSC(CO)O2)cc1F,SMILES,0,88
7751,Nc1ncn(C2OC(CO)C(O)C2O)c(=O)n1,SMILES,0,88
7753,O=C(CCBr)N1CCN(C(=O)CCBr)CC1,SMILES,0,88
7754,O=C(CO)C(O)C(OC1OC(CO)C(O)C(O)C1O)C(O)CO,SMILES,0,88
7755,O=C(Cn1ccnc1[N+](=O)[O-])NCc1ccccc1,SMILES,0,88
7756,O=C(NC(Cc1cc(=O)[nH]c2ccccc12)C(=O)O)c1ccc(Cl)cc1,SMILES,0,88
7757,O=C(NCC1CCCCN1)c1cc(OCC(F)(F)F)ccc1OCC(F)(F)F,SMILES,0,88
7758,O=C(Nc1ccc([N+](=O)[O-])cc1Cl)c1cc(Cl)ccc1O,SMILES,0,88
7759,O=C(O)C(S)C(S)C(=O)O,SMILES,0,88
7760,O=C(O)CCC(=O)c1ccc(-c2ccccc2)cc1,SMILES,0,88
7763,O=C(O)CN(CCN(CC(=O)O)CC(=O)O)CC(=O)O,SMILES,0,88
7764,O=C(O)COC(=O)Cc1ccccc1Nc1c(Cl)cccc1Cl,SMILES,0,88
7765,O=C(O)COc1ccc(C(=O)c2cccs2)c(Cl)c1Cl,SMILES,0,88
7766,O=C(O)Cc1ccc(-c2ccccc2)cc1,SMILES,0,88
7768,O=C(O)c1ccc(NC(=O)C(Cc2ccc(O)cc2)NC(=O)c2ccccc2)cc1,SMILES,0,88
7769,O=C(O)c1ccccc1Nc1cccc(C(F)(F)F)c1,SMILES,0,88
7770,O=C(O)c1cccnc1Nc1cccc(C(F)(F)F)c1,SMILES,0,88
7772,O=C(OCCN1CCOCC1)c1cccnc1Nc1cccc(C(F)(F)F)c1,SMILES,0,88
7773,O=C1C(c2[nH]c3ccc(S(=O)(=O)O)cc3c2O)=Nc2ccc(S(=O)(=O)O)cc21,SMILES,0,88
7774,O=C1CCCC(=O)C1C(=O)c1ccc(C(F)(F)F)cc1[N+](=O)[O-],SMILES,0,88
7775,O=C1CCc2cc(OCCCCc3nnnn3C3CCCCC3)ccc2N1,SMILES,0,88
7776,O=C1CN(N=Cc2ccc([N+](=O)[O-])o2)C(=O)N1,SMILES,0,88
7777,O=C1NC(=O)C2(CCOc3ccc(F)cc32)N1,SMILES,0,88
7779,O=CC(O)C(O)C(O)CO,SMILES,0,88
7782,O=P1(N(CCCl)CCCl)NCCCO1,SMILES,0,88
7783,O=P1(N(CCCl)CCCl)OCCCN1CCCl,SMILES,0,88
7784,O=S(=O)(O)OCC1OC(OC2(COS(=O)(=O)O)OC(OS(=O)(=O)O)C(OS(=O)(=O)O)C2OS(=O)(=O)O)C(OS(=O)(=O)O)C(OS(=O)(=O)O)C1OS(=O)(=O)O,SMILES,0,88
7785,O=S(O)CNc1ccc(S(=O)(=O)c2ccc(NCS(=O)O)cc2)cc1,SMILES,0,88
7788,O=[N+]([O-])OCC(CO[N+](=O)[O-])O[N+](=O)[O-],SMILES,0,88
7789,O=[N+]([O-])OCC(O[N+](=O)[O-])C(CO[N+](=O)[O-])O[N+](=O)[O-],SMILES,0,88
7790,O=c1[nH]c(=O)n(C2CCCO2)cc1F,SMILES,0,88
7791,O=c1[nH]c(=O)n(C2OC(CO)C(O)C2O)cc1C=CBr,SMILES,0,88
7792,O=c1[nH]cc(N(CCCl)CCCl)c(=O)[nH]1,SMILES,0,88
7794,OCC(CO)NC1CC(O)(CO)C(O)C(O)C1O,SMILES,0,88
7795,OCC(O)C(O)C(OC1OC(CO)C(O)C(O)C1O)C(O)CO,SMILES,0,88
7796,OCC(O)CN1CCN(c2ccccc2)CC1,SMILES,0,88
7798,Oc1c(Cl)cc(Cl)cc1Sc1cc(Cl)cc(Cl)c1O,SMILES,0,88
7800,C#C[C@]1(O)CC[C@H]2[C@@H]3CCC4=CC(=O)CC[C@@H]4[C@H]3CC[C@@]21CC,SMILES,0,88
7802,C=C1/C(=C\C=C2/CCC[C@]3(C)[C@@H]([C@H](C)CCCC(C)(C)O)CC[C@@H]23)C[C@@H](O)C[C@@H]1O,SMILES,0,88
7803,CC(=O)NS(=O)(=O)c1ccc(N)cc1,SMILES,0,88
7804,CC(=O)N[C@@H](CS)C(=O)O,SMILES,0,88
7805,CC(=O)N[C@H]1[C@H]([C@H](O)[C@H](O)CO)OC(C(=O)O)=C[C@@H]1N=C(N)N,SMILES,0,88
7806,CC(=O)O[C@H]1C[C@@H]2CC[C@@H]3[C@H](CC[C@@]4(C)[C@H]3C[C@H](N3CC[N+](C)(C)CC3)[C@@H]4OC(C)=O)[C@@]2(C)C[C@@H]1N1CC[N+](C)(C)CC1,SMILES,0,88
7808,CC(=O)O[C@H]1C[C@@H]2CC[C@@H]3[C@H](CC[C@@]4(C)[C@H]3C[C@H]([N+]3(C)CCCCC3)[C@@H]4OC(C)=O)[C@@]2(C)C[C@@H]1[N+]1(C)CCCCC1,SMILES,0,88
7809,CC(=O)O[C@]1(C(C)=O)CC[C@H]2[C@@H]3C=C(C)C4=CC(=O)CC[C@]4(C)[C@H]3CC[C@@]21C,SMILES,0,88
7810,CC(=O)[C@@]1(O)CC[C@H]2[C@@H]3C[C@H](C)C4=CC(=O)CC[C@]4(C)[C@H]3CC[C@@]21C,SMILES,0,88
7811,CC(C)(CO)[C@@H](O)C(=O)NCCCO,SMILES,0,88
7812,CC(C)C[C@H](NC(=O)CNC(=O)[C@H](Cc1ccc(O)cc1)NC(=O)[C@H](CO)NC(=O)[C@H](Cc1c[nH]c2ccccc12)NC(=O)[C@H](Cc1cnc[nH]1)NC(=O)[C@@H]1CCC(=O)N1)C(=O)N[C@@H](CCCN=C(N)N)C(=O)N1CCC[C@H]1C(=O)NCC(N)=O,SMILES,0,88
7813,CC(C)C[C@H](NC(=O)[C@@H](COC(C)(C)C)NC(=O)[C@H](Cc1ccc(O)cc1)NC(=O)[C@H](CO)NC(=O)[C@H](Cc1c[nH]c2ccccc12)NC(=O)[C@H](Cc1cnc[nH]1)NC(=O)[C@@H]1CCC(=O)N1)C(=O)N[C@@H](CCCN=C(N)N)C(=O)N1CCC[C@H]1C(=O)NNC(N)=O,SMILES,0,88
7814,CC(C)Cn1cnc2c(N)nc3ccccc3c21,SMILES,0,88
7815,CC(O)C(CO)NC(=O)C1CSSCC(NC(=O)C(N)Cc2ccccc2)C(=O)NC(Cc2ccccc2)C(=O)NC(Cc2c[nH]c3ccccc23)C(=O)NC(CCCCN)C(=O)NC(C(C)O)C(=O)N1,SMILES,0,88
7816,CC(c1cc2ccccc2s1)N(O)C(N)=O,SMILES,0,88
7817,CC1(C)C(C=C(Cl)Cl)C1C(=O)OCc1cccc(Oc2ccccc2)c1,SMILES,0,88
7818,CC1(C)O[C@@H]2C[C@H]3[C@@H]4C[C@H](F)C5=CC(=O)C=C[C@]5(C)[C@H]4[C@@H](O)C[C@]3(C)[C@]2(C(=O)CO)O1,SMILES,0,88
7819,CC1CNc2c(cccc2S(=O)(=O)N[C@@H](CCCN=C(N)N)C(=O)N2CC[C@@H](C)C[C@@H]2C(=O)O)C1,SMILES,0,88
7820,CCC(NC(C)C)C(O)c1ccc(O)c(O)c1,SMILES,0,88
7821,CCC1=C[C@@H]2CN(C1)Cc1c([nH]c3ccccc13)[C@@](C(=O)OC)(c1cc3c(cc1OC)N(C)[C@H]1[C@@](O)(C(=O)OC)[C@H](OC(C)=O)[C@]4(CC)C=CCN5CC[C@]31[C@@H]54)C2,SMILES,0,88
7822,CCCCCCCN(CC)CCCC(O)c1ccc(NS(C)(=O)=O)cc1,SMILES,0,88
7824,CCCCC[C@H](O)/C=C/[C@@H]1[C@H]2C/C(=C/CCCC(=O)O)O[C@H]2C[C@H]1O,SMILES,0,88
7825,CCCCN1CCCCC1C(=O)Nc1c(C)cccc1C,SMILES,0,88
7827,CCCCc1ncc(/C=C(\Cc2cccs2)C(=O)O)n1Cc1ccc(C(=O)O)cc1,SMILES,0,88
7828,CCC[C@@H]1C[C@@H](C(=O)N[C@@H]([C@H]2O[C@H](SC)[C@H](O)[C@@H](O)[C@H]2O)[C@H](C)Cl)N(C)C1,SMILES,0,88
7830,CCCc1c2oc(C(=O)O)cc(=O)c2cc2c(=O)cc(C(=O)O)n(CC)c12,SMILES,0,88
7831,CCNC(=O)[C@@H]1CCCN1C(=O)[C@H](CCCN=C(N)N)NC(=O)[C@H](CC(C)C)NC(=O)[C@@H](CC(C)C)NC(=O)[C@H](Cc1ccc(O)cc1)NC(=O)[C@H](CO)NC(=O)[C@H](Cc1c[nH]c2ccccc12)NC(=O)[C@H](Cc1cnc[nH]1)NC(=O)[C@@H]1CCC(=O)N1,SMILES,0,88
7833,CCN[C@H]1C[C@H](C)S(=O)(=O)c2sc(S(N)(=O)=O)cc21,SMILES,0,88
7835,CCOC(=O)[C@H](CCc1ccccc1)N[C@@H](C)C(=O)N1Cc2cc(OC)c(OC)cc2C[C@H]1C(=O)O,SMILES,0,88
7836,CCOC(=O)[C@H](CCc1ccccc1)N[C@@H](C)C(=O)N1Cc2ccccc2C[C@H]1C(=O)O,SMILES,0,88
7837,CCOC(=O)[C@H](CCc1ccccc1)N[C@@H](C)C(=O)N1[C@H](C(=O)O)C[C@@H]2CCC[C@@H]21,SMILES,0,88
7838,CCOC(=O)[C@H](CCc1ccccc1)N[C@@H](C)C(=O)N1[C@H](C(=O)O)C[C@H]2CCCC[C@@H]21,SMILES,0,88
7839,CCOC(=O)[C@H](CCc1ccccc1)N[C@H]1CCc2ccccc2N(CC(=O)O)C1=O,SMILES,0,88
7840,CCOC(=O)c1ccc(C#Cc2ccc3c(c2)C(C)(C)CCS3)nc1,SMILES,0,88
7841,CCOc1cc(CC(=O)N[C@@H](CC(C)C)c2ccccc2N2CCCCC2)ccc1C(=O)O,SMILES,0,88
7842,CCOc1ccccc1OCCN[C@H](C)Cc1ccc(OC)c(S(N)(=O)=O)c1,SMILES,0,88
7843,CC[C@@H](CO)NC(=O)[C@@H]1C=C2c3cccc4[nH]cc(c34)C[C@H]2N(C)C1,SMILES,0,88
7844,CC[C@H](C)[C@@H]1NC(=O)[C@H](Cc2ccc(O)cc2)NC(=O)[C@@H](N)CSSC[C@@H](C(=O)N2CCC[C@H]2C(=O)N[C@@H](CC(C)C)C(=O)NCC(N)=O)NC(=O)[C@H](CC(N)=O)NC(=O)[C@H](CCC(N)=O)NC1=O,SMILES,0,88
7845,CC[N+](C)(C)c1cccc(O)c1,SMILES,0,88
7847,CCc1ccc(C(C)CCc2ccc([N+](C)(C)C)cc2)cc1,SMILES,0,88
7848,CN(C)CC/C=C1/c2ccccc2COc2ccc(CC(=O)O)cc21,SMILES,0,88
7849,CN(C)CCOC(=O)C(c1ccccc1)C1(O)CCCC1,SMILES,0,88
7850,CN(C/C=C/c1ccccc1)Cc1cccc2ccccc12,SMILES,0,88
7851,CN(CCCl)CCCl,SMILES,0,88
7853,CO/N=C(\C(=O)N[C@@H]1C(=O)N2C(C(=O)O)=C(COC(C)=O)CS[C@H]12)c1csc(N)n1,SMILES,0,88
7854,COC(=O)C1=C(C)NC(C)=C(C(=O)OCC(C)C)C1c1ccccc1[N+](=O)[O-],SMILES,0,88
7856,COCC1=C(C(=O)O)N2C(=O)[C@@H](NC(=O)/C(=N\OC)c3csc(N)n3)[C@H]2SC1,SMILES,0,88
7857,CO[C@H](C(=O)[C@@H](O)[C@@H](C)O)[C@@H]1Cc2cc3cc(O[C@H]4C[C@@H](O[C@H]5C[C@@H](O)[C@H](O)[C@@H](C)O5)[C@H](O)[C@@H](C)O4)c(C)c(O)c3c(O)c2C(=O)[C@H]1O[C@H]1C[C@@H](O[C@H]2C[C@@H](O[C@H]3C[C@](C)(O)[C@H](O)[C@@H](C)O3)[C@@H](O)[C@@H](C)O2)[C@H](O)[C@@H](C)O1,SMILES,0,88
7859,CO[C@H]1/C=C/O[C@@]2(C)Oc3c(C)c(O)c4c(O)c(c(/C=N/N5CCN(C6CCCC6)CC5)c(O)c4c3C2=O)NC(=O)/C(C)=C\C=C\[C@H](C)[C@H](O)[C@@H](C)[C@@H](O)[C@@H](C)[C@H](OC(C)=O)[C@@H]1C,SMILES,0,88
7860,CO[C@H]1C[C@@H]2CC[C@@H](C)[C@@](O)(O2)C(=O)C(=O)N2CCCC[C@H]2C(=O)O[C@H]([C@H](C)C[C@@H]2CC[C@@H](O)[C@H](OC)C2)CC(=O)[C@H](C)/C=C(\C)[C@@H](O)[C@@H](OC)C(=O)[C@H](C)C[C@H](C)/C=C/C=C/C=C/1C,SMILES,0,88
7861,COc1c(C)c2c(c(O)c1C/C=C(\C)CCC(=O)O)C(=O)OC2,SMILES,0,88
7862,COc1c(N2C[C@@H]3CCCN[C@@H]3C2)c(F)cc2c(=O)c(C(=O)O)cn(C3CC3)c12,SMILES,0,88
7863,COc1cc(CNC(=O)CCCC/C=C/C(C)C)ccc1O,SMILES,0,88
7864,C[C@@H](O)[C@H]1C(=O)N2C(C(=O)O)=C(S[C@@H]3CN[C@H](C(=O)N(C)C)C3)[C@H](C)[C@H]12,SMILES,0,88
7865,C[C@@H](c1ncncc1F)[C@](O)(Cn1cncn1)c1ccc(F)cc1F,SMILES,0,88
7866,C[C@H](CS)C(=O)N1CCC[C@H]1C(=O)O,SMILES,0,88
7868,C[C@](N)(Cc1ccc(O)cc1)C(=O)O,SMILES,0,88
7869,C[C@]1(O)CC[C@H]2[C@@H]3CCC4=CC(=O)CC[C@]4(C)[C@@]3(F)[C@@H](O)C[C@@]21C,SMILES,0,88
7871,C[N+](C)(C)CCOC(=O)CCC(=O)OCC[N+](C)(C)C,SMILES,0,88
7872,Cc1cc(Br)cnc1NC(=O)C(C)(C)C,SMILES,0,88
7873,Cc1cc(C(C)(C(=O)OCCOCCOCCO)c2cc(C)c(O)c(C(C)(C)C)c2)cc(C(C)(C)C)c1O,SMILES,0,88
7875,Cc1ccc(O)c([C@H](CCN(C(C)C)C(C)C)c2ccccc2)c1,SMILES,0,88
7876,Cc1cccc(C)c1OCC(=O)N[C@@H](Cc1ccccc1)[C@@H](O)C[C@H](Cc1ccccc1)NC(=O)[C@H](C(C)C)N1CCCNC1=O,SMILES,0,88
7878,Cc1cccn2c(=O)c(-c3nn[nH]n3)cnc12,SMILES,0,88
7879,Cc1ncc(CO)c(CO)c1O,SMILES,0,88
7880,Cc1ncc(C[n+]2csc(CCO)c2C)c(N)n1,SMILES,0,88
7881,ClC1C(Cl)C(Cl)C(Cl)C(Cl)C1Cl,SMILES,0,88
7882,ClCC1CO1.NCCNCCNCCNCCN,SMILES,0,88
7886,NC(=O)CC[C@@H]1NC(=O)[C@H](Cc2ccccc2)NC(=O)[C@H](Cc2ccc(O)cc2)NC(=O)CCSSC[C@@H](C(=O)N2CCC[C@H]2C(=O)N[C@H](CCCN=C(N)N)C(=O)NCC(N)=O)NC(=O)[C@H](CC(N)=O)NC1=O,SMILES,0,88
7888,NCCCC[C@H](N[C@@H](CCc1ccccc1)C(=O)O)C(=O)N1CCC[C@H]1C(=O)O,SMILES,0,88
7890,N[C@@H](Cc1cc(I)c(Oc2ccc(O)c(I)c2)c(I)c1)C(=O)O,SMILES,0,88
7891,Nc1cc(Br)c([N+](=O)[O-])c(C(=O)O)c1,SMILES,0,88
7892,Nc1ccn(C[C@@H](CO)OCP(=O)(O)O)c(=O)n1,SMILES,0,88
7893,Nc1ccn([C@@H]2CS[C@H](CO)O2)c(=O)n1,SMILES,0,88
7894,Nc1ccn([C@@H]2O[C@H](CO)[C@@H](O)C2(F)F)c(=O)n1,SMILES,0,88
7895,O=C1CN(/N=C/c2ccc(-c3ccc([N+](=O)[O-])cc3)o2)C(=O)N1,SMILES,0,88
7896,O=C1c2c(O)cccc2Cc2cccc(O)c21,SMILES,0,88
7898,O=[N+]([O-])O[C@@H]1CO[C@H]2[C@@H]1OC[C@@H]2O,SMILES,0,88
7899,O=[N+]([O-])O[C@H]1CO[C@H]2[C@@H]1OC[C@H]2O[N+](=O)[O-],SMILES,0,88
7900,OCc1cc(C(O)CNCCCCCCOCCCCc2ccccc2)ccc1O,SMILES,0,88
7901,Oc1ccc(C2CNCCc3c2cc(O)c(O)c3Cl)cc1,SMILES,0,88
7902,S=c1[nH]c(-c2ccc(Br)cc2)cs1,SMILES,0,88
7904,C#CC1(O)C=CC2C3CCC4=CC(=O)CCC4C3CCC21CC,SMILES,0,88
7905,C#CC1(O)CCC2C3CCC4=C/C(=N\O)CCC4C3CCC21CC,SMILES,0,88
7908,C#CC1(O)CCC2C3CCC4=CCCCC4C3C(=C)CC21CC,SMILES,0,88
7909,C#CC1(O)CCC2C3CCc4cc(OC)ccc4C3CCC21C,SMILES,0,88
7910,C#CC1(OC(C)=O)CCC2C3CCC4=C/C(=N\O)CCC4C3CCC21CC,SMILES,0,88
7911,C#CC1(OC(C)=O)CCC2C3CCC4=CC(OC(C)=O)CCC4C3CCC21C,SMILES,0,88
7912,C#CCC(Cc1cnc2nc(N)nc(N)c2n1)c1ccc(C(=O)NC(CCC(=O)O)C(=O)O)cc1,SMILES,0,88
7913,C(=N\NC1=NCCN1)\c1c2ccccc2c(/C=N\NC2=NCCN2)c2ccccc12,SMILES,0,88
7914,C/C(=C\C(=O)OCCCCCCCCC(=O)O)CC1OCC(CC2OC2C(C)C(C)O)C(O)C1O,SMILES,0,88
7915,C/C(=C\c1csc(C)n1)C1CC2OC2(C)CCCC(C)C(O)C(C)C(=O)C(C)(C)C(O)CC(=O)N1,SMILES,0,88
7916,C/C=C(C(=C/C)\c1ccc(O)cc1)/c1ccc(O)cc1,SMILES,0,88
7917,C/C=C(\C)C(=O)OC1C(C)=CC23C(=O)C(C=C(CO)C(O)C12O)C1C(CC3C)C1(C)C,SMILES,0,88
7918,C/C=C/C(=O)N(CC)c1ccccc1C,SMILES,0,88
7919,C/C=C/C/C=C/CCC(=O)C1OC1C(N)=O,SMILES,0,88
7920,C/C=C/C1=C(C(=O)O)N2C(=O)C(NC(=O)C(N)c3ccc(O)cc3)C2SC1,SMILES,0,88
7921,C/C=C1/CN(C)C2Cc3c([nH]c4ccccc34)C(c3cc4[nH]c5c(c4cc3OC)CCN3CC4CC(CC)C3C5(C(=O)OC)C4)CC1C2C(=O)OC,SMILES,0,88
7922,C1CCC(C(CC2CCCCN2)C2CCCCC2)CC1,SMILES,0,88
7924,C=C1/C(=C/C=C2\CCCC3(C)C2CCC3C(C)/C=C/C(O)C2CC2)CC(O)CC1O,SMILES,0,88
7926,C=C1/C(=C/C=C2\CCCC3(C)C2CCC3C(C)CCCC(C)(C)O)CC(O)CC1O,SMILES,0,88
7927,C=C1/C(=C/C=C2\CCCC3(C)C2CCC3C(C)CCCC(C)C)CC(O)CC1O,SMILES,0,88
7928,C=C1C(=O)OC2C1CCC1(C)OC13CC=C(C)C23,SMILES,0,88
7929,C=C1C(CO)C(O)CC1n1cnc2c(=O)[nH]c(N)nc21,SMILES,0,88
7930,C=C1CC2C(CCC3(C)C(=O)CCC23)C2(C)C=CC(=O)C=C12,SMILES,0,88
7932,C=C1CCC(O)C/C1=C\C=C1/CCCC2(C)C1CCC2C(C)CCCC(C)(C)O,SMILES,0,88
7933,C=C1CCC(O)C/C1=C\C=C1/CCCC2(C)C1CCC2C(C)CCCC(C)C,SMILES,0,88
7934,C=C1C[C@@H]2CC[C@@]34C[C@H]5O[C@H]6[C@@H](O3)[C@H]3OC(CC[C@@H]3O[C@H]6[C@H]5O4)CC(=O)C[C@@H]3[C@@H](OC)[C@@H](C[C@H](O)CN)O[C@H]3C[C@H]3O[C@@H](CC[C@@H]1O2)C[C@@H](C)C3=C,SMILES,0,88
7935,C=CC1(C)CC(OC(=O)CSC2CC3CCC(C2)N3C)C2(C)C(C)CCC3(CCC(=O)C32)C(C)C1O,SMILES,0,88
7936,C=CC1=C(C(=O)O)N2C(=O)C(NC(=O)/C(=N/O)c3csc(N)n3)C2SC1,SMILES,0,88
7937,C=CC1=C(C(=O)O)N2C(=O)C(NC(=O)/C(=N/OCC(=O)O)c3csc(N)n3)C2SC1,SMILES,0,88
7939,C=CC[N+]1(C2CC3C4CCC5CC(O)C(N6CCOCC6)CC5(C)C4CCC3(C)C2OC(C)=O)CCCC1,SMILES,0,88
7941,CC#CC(=O)N1CCC[C@H]1c1nc(-c2ccc(C(=O)Nc3ccccn3)cc2)c2c(N)nccn12,SMILES,0,88
7944,CC(/C=C/C(C)C(C)(C)O)C1CCC2/C(=C/C=C3CC(O)CC(O)C3)CCCC21C,SMILES,0,88
7945,CC(/C=C1\SC(=S)N(CC(=O)O)C1=O)=C\c1ccccc1,SMILES,0,88
7946,CC(=O)N(O)CCCCCNC(=O)CCC(=O)N(O)CCCCCNC(=O)CCC(=O)N(O)CCCCCN,SMILES,0,88
7949,CC(=O)Nc1cc(C(=O)O)c(I)c(NC(C)=O)c1I,SMILES,0,88
7950,CC(=O)Nc1cccc(-n2c(=O)n(C3CC3)c(=O)c3c(Nc4ccc(I)cc4F)n(C)c(=O)c(C)c32)c1,SMILES,0,88
7953,CC(=O)OC1(C(C)=O)CCC2C3C=CC4=CC(=O)CCC4(C)C3CCC21C,SMILES,0,88
7954,CC(=O)OC1(C(C)=O)CCC2C3CC(C)C4=CC(=O)CCC4(C)C3CCC21C,SMILES,0,88
7956,CC(=O)OC1CC2CCC3C(CCC4(C)C3CC(N3CC[N+](C)(C)CC3)C4OC(C)=O)C2(C)CC1N1CC[N+](C)(C)CC1,SMILES,0,88
7957,CC(=O)OC1CC2CCC3C(CCC4(C)C3CC([N+]3(C)CCCCC3)C4OC(C)=O)C2(C)CC1N1CCCCC1,SMILES,0,88
7958,CC(=O)OC1CC2CCC3C(CCC4(C)C3CC([N+]3(C)CCCCC3)C4OC(C)=O)C2(C)CC1[N+]1(C)CCCCC1,SMILES,0,88
7960,CC(=O)Oc1cc2c(s1)CCN(C(C(=O)C1CC1)c1ccccc1F)C2,SMILES,0,88
7962,CC(C)(C)S(=O)(=O)CC(Cc1ccccc1)C(=O)NC(Cc1cnc[nH]1)C(=O)NC(CC1CCCCC1)C(O)C(O)C1CC1,SMILES,0,88
7963,CC(C)(C)c1cc(C(C)(C)C)c(NC(=O)c2c[nH]c3ccccc3c2=O)cc1O,SMILES,0,88
7964,CC(C)(O/N=C(/C(=O)NC1C(=O)N2C(C(=O)O)=C(C[n+]3ccccc3)CSC12)c1csc(N)n1)C(=O)O,SMILES,0,88
7965,CC(C)C(=O)c1c(C(C)C)nn2ccccc12,SMILES,0,88
7966,CC(C)CC(NC(=O)C(CCc1ccccc1)NC(=O)CN1CCOCC1)C(=O)NC(Cc1ccccc1)C(=O)NC(CC(C)C)C(=O)C1(C)CO1,SMILES,0,88
7968,CC(C)COC(=O)OCN1C(=O)CN(CCN2CC(=O)N(COC(=O)OCC(C)C)C(=O)C2)CC1=O,SMILES,0,88
7969,CC(C)N(CCCCOCC(=O)NS(C)(=O)=O)c1cnc(-c2ccccc2)c(-c2ccccc2)n1,SMILES,0,88
7971,CC(C)OC(=O)C(C)NP(=O)(OCC1OC(n2ccc(=O)[nH]c2=O)C(C)(F)C1O)Oc1ccccc1,SMILES,0,88
7973,CC(C)OC(=O)CCC/C=C/CC1C(O)CC(O)C1/C=C/C(O)COc1cccc(C(F)(F)F)c1,SMILES,0,88
7974,CC(C)OC(=O)CCC/C=C/CC1C(O)CC(O)C1CCC(O)CCc1ccccc1,SMILES,0,88
7975,CC(C)OP(=O)(F)OC(C)C,SMILES,0,88
7976,CC(C)c1c(C(=O)Nc2ccccc2)c(-c2ccccc2)c(-c2ccc(F)cc2)n1CCC(O)CC(O)CC(=O)O,SMILES,0,88
7977,CC(C)c1cc2c(cc1S(=O)(=O)O)C1(C)CCCC(C)(C(=O)O)C1CC2,SMILES,0,88
7978,CC(C)c1ccc2oc3nc(N)c(C(=O)O)cc3c(=O)c2c1,SMILES,0,88
7979,CC(C)c1nc(CN(C)C(=O)NC(CCN2CCOCC2)C(=O)NC(CCC(Cc2ccccc2)NC(=O)OCc2cncs2)Cc2ccccc2)cs1,SMILES,0,88
7981,CC(C)n1c(/C=C/C(O)CC(O)CC(=O)O)c(-c2ccc(F)cc2)c2ccccc21,SMILES,0,88
7982,CC(CCC(=O)NCCS(=O)(=O)O)C1CCC2C3C(O)CC4CC(O)CCC4(C)C3CCC12C,SMILES,0,88
7983,CC(Cc1cc2c(c(C(N)=O)c1)N(CCCO)CC2)NCCOc1ccccc1OCC(F)(F)F,SMILES,0,88
7984,CC(O)C1C(=O)N2C(C(=O)OCOC(=O)C(C)(C)C)=C(SC3CN(C4=NCCS4)C3)C(C)C12,SMILES,0,88
7985,CC(Oc1cc(-c2cnn(C3CCNCC3)c2)cnc1N)c1c(Cl)ccc(F)c1Cl,SMILES,0,88
7986,CC(SC(=O)c1cccs1)C(=O)NCC(=O)O,SMILES,0,88
7988,CC1(C)C(C(=O)O)N2C(=O)CC2S1(=O)=O,SMILES,0,88
7989,CC1(C)CC1C(=O)N/C(=C/CCCCSCC(N)C(=O)O)C(=O)O,SMILES,0,88
7990,CC1(C)CCC(C)(C)c2cc(NC(=O)c3ccc(C(=O)O)cc3)ccc21,SMILES,0,88
7991,CC1(C)N=C(N)N=C(N)N1c1ccc(Cl)cc1,SMILES,0,88
7992,CC1(C)SC2C(NC(=O)C(NC(=O)N3CCNC3=O)c3ccccc3)C(=O)N2C1C(=O)O,SMILES,0,88
7993,CC12CCC3=C4CCC(=O)C=C4CCC3C1CCC2(O)CC#N,SMILES,0,88
7995,CC12CCC3C4CCC(=O)C=C4CCC3C1CCC2OC(=O)CCc1ccccc1,SMILES,0,88
7996,CC12CCC3c4ccc(O)cc4CC(CCCCCCCCC[S+]([O-])CCCC(F)(F)C(F)(F)F)C3C1CCC2O,SMILES,0,88
7997,CC12CCC3c4ccc(O)cc4CCC3C1CC(O)C2O,SMILES,0,88
7998,CC1=CC(=O)c2ccccc2C1=O,SMILES,0,88
7999,CC1=CC(O)CC(C)(C)C1/C=C/C(C)=C/C=C/C(C)=C/C=C/C=C(C)/C=C/C=C(C)/C=C/C1=C(C)CC(O)CC1(C)C,SMILES,0,88
8001,CC1CC(O)CC(OC2C(O)CC(OC3C(O)CC(OC4CCC5(C)C(CCC6C5CC(O)C5(C)C(C7=CC(=O)OC7)CCC65O)C4)OC3C)OC2C)O1,SMILES,0,88
8002,CC1CC(OC(=O)C(OC(=O)c2cccnc2)c2ccccc2)CC(C)(C)C1,SMILES,0,88
8003,CC1CC2(C)C(CCC3C4CCC(O)C4(C)CCC32)CC1=O,SMILES,0,88
8004,CC1CCC(C(C)C)C(O)C1,SMILES,0,88
8005,CC1CCC(O)C/C1=C\C=C1/CCCC2(C)C1CCC2C(C)/C=C/C(C)C(C)C,SMILES,0,88
8006,CC1CCc2c(N3CCC(O)CC3)c(F)cc3c(=O)c(C(=O)O)cn1c23,SMILES,0,88
8008,CC1OC(OC2C(CO)OC(OC3C(CO)OC(O)C(O)C3O)C(O)C2O)C(O)C(O)C1NC1C=C(CO)C(O)C(O)C1O,SMILES,0,88
8011,CCC(C(C)O)n1ncn(-c2ccc(N3CCN(c4ccc(OCC5COC(Cn6cncn6)(c6ccc(F)cc6F)C5)cc4)CC3)cc2)c1=O,SMILES,0,88
8012,CCC(C)(Oc1ccc(C2(c3ccc(OC(C)(CC)C(=O)O)cc3)CCCCC2)cc1)C(=O)O,SMILES,0,88
8013,CCC(CC)(CC(=O)Nc1cccc(/C=C/c2nc(C3CCC3)cs2)c1)C(=O)O,SMILES,0,88
8016,CCC1C(=O)OCC1Cc1cncn1C,SMILES,0,88
8019,CCCC(=O)OCOC(=O)C1=C(C)NC(C)=C(C(=O)OC)C1c1cccc(Cl)c1Cl,SMILES,0,88
8020,CCCC(NC(=O)C1C2CCCC2CN1C(=O)C(NC(=O)C(NC(=O)c1cnccn1)C1CCCCC1)C(C)(C)C)C(=O)C(=O)NC1CC1,SMILES,0,88
8021,CCCC1C(=O)N(c2ccccc2)N(c2ccccc2)C1=O,SMILES,0,88
8022,CCCCC(=O)OCC(=O)C1(O)Cc2c(O)c3c(c(O)c2C(OC2CC(NC(=O)C(F)(F)F)C(O)C(C)O2)C1)C(=O)c1c(OC)cccc1C3=O,SMILES,0,88
8023,CCCCC(CC)COC(=O)C(C#N)=C(c1ccccc1)c1ccccc1,SMILES,0,88
8024,CCCCC(F)(F)C1(O)CCC2C(CC(=O)C2CCCCCCC(=O)O)O1,SMILES,0,88
8025,CCCCCC(O)CCC1C(O)CC2Cc3c(cccc3OCC(=O)O)CC21,SMILES,0,88
8027,CCCCCCCC(=O)OCC(O)C(OC)C1OC(C(=O)O)=CC(N=C(N)N)C1NC(C)=O,SMILES,0,88
8028,CCCCCCCC/C=C/CCCCCCC(N)(C=O)CO,SMILES,0,88
8029,CCCCCCCCCC(=O)OC1CCC2C3CCC4=CC(=O)CCC4C3CCC12C,SMILES,0,88
8031,CCCCCCCCCCCCCCCCCCCCCCO,SMILES,0,88
8032,CCCCCCCCCCCCCCCCO,SMILES,0,88
8033,CCCCCCCCCCCCCCCC[N+](C)(C)CCN(Cc1ccc(OC)cc1)c1ncccn1,SMILES,0,88
8034,CCCCCCCCCCCCCCOS(=O)(=O)O,SMILES,0,88
8035,CCCCCCOC(=O)NC(=N)c1ccc(NCc2nc3cc(C(=O)N(CCC(=O)OCC)c4ccccn4)ccc3n2C)cc1,SMILES,0,88
8036,CCCCCN(C)CCC(O)([P+](=O)O)P(=O)(O)O,SMILES,0,88
8038,CCCCCON=O,SMILES,0,88
8039,CCCCCOc1ccccc1/C(=C\SC)n1ccnc1,SMILES,0,88
8041,CCCCS(=O)(=O)NC(Cc1ccc(OCCCCC2CCNCC2)cc1)C(=O)O,SMILES,0,88
8043,CCCCc1nc(C)c(CC(=S)N(C)C)c(=O)n1Cc1ccc(-c2ccccc2-c2nn[nH]n2)cc1,SMILES,0,88
8044,CCCCc1nc(CCCC)n(Cc2ccc(-c3ccccc3-c3nn[nH]n3)nc2)n1,SMILES,0,88
8047,CCCOC(=O)Cn1cc(I)c(=O)c(I)c1,SMILES,0,88
8049,CCCS(=O)(=O)Nc1ccc(F)c(C(=O)c2c[nH]c3ncc(-c4ccc(Cl)cc4)cc23)c1F,SMILES,0,88
8050,CCCSc1nc(NC2CC2c2ccc(F)c(F)c2)c2nnn(C3CC(OCCO)C(O)C3O)c2n1,SMILES,0,88
8051,CCN(CC)CCNc1ccc(C)c2sc3ccccc3c(=O)c12,SMILES,0,88
8052,CCN(CC)CCOc1ccc(/C(=C(/Cl)c2ccccc2)c2ccccc2)cc1,SMILES,0,88
8053,CCN(CC)CCS(=O)(=O)C1CCN2C(=O)c3coc(n3)CC(=O)CC(O)/C=C(C)\C=C/CNC(=O)/C=C\C(C)C(C(C)C)OC(=O)C12,SMILES,0,88
8054,CCN(CC)c1ccc(C(=C2C=CC(=[N+](CC)CC)C=C2)c2cc(S(=O)(=O)O)ccc2S(=O)(=O)O)cc1,SMILES,0,88
8055,CCN(Cc1ccncc1)C(=O)C(CO)c1ccccc1,SMILES,0,88
8056,CCNC1CC(C)S(=O)(=O)c2sc(S(N)(=O)=O)cc21,SMILES,0,88
8057,CCNC1CC(N)C(OC2OC(CN)=CCC2N)C(O)C1OC1OCC(O)C(NC)C1(C)O,SMILES,0,88
8058,CCNC1CN(CCCOC)S(=O)(=O)c2sc(S(N)(=O)=O)cc21,SMILES,0,88
8059,CCOC(=O)/C=C(C)/C=C/C=C(C)/C=C/c1c(C)cc(OC)c(C)c1C,SMILES,0,88
8060,CCOC(=O)/C=C1\SC(N2CCCCC2)C(=O)N1C,SMILES,0,88
8061,CCOC(=O)C(CCc1ccccc1)NC(C)C(=O)N(CC(=O)O)C1Cc2ccccc2C1,SMILES,0,88
8062,CCOC(=O)C(CCc1ccccc1)NC(C)C(=O)N1C(=O)N(C)CC1C(=O)O,SMILES,0,88
8063,CCOC(=O)C(CCc1ccccc1)NC1CSC(c2cccs2)CN(CC(=O)O)C1=O,SMILES,0,88
8064,CCOC(=O)CC(SP(=S)(OC)OC)C(=O)OCC,SMILES,0,88
8065,CCOC(=O)CCCCCCCCC(C)c1ccccc1I,SMILES,0,88
8068,CCOCC(O)COc1ccc(NC(=O)CC[S+](C)C)cc1,SMILES,0,88
8070,CCOP(=O)(OCC)SCC[N+](C)(C)C,SMILES,0,88
8071,CCOc1ccc(CC2=NCCc3cc(OCC)c(OCC)cc32)cc1OCC,SMILES,0,88
8072,CCOc1ccc(Cc2cc(C3OC(CO)C(O)C(O)C3O)ccc2Cl)cc1,SMILES,0,88
8073,CCOc1ccc(Cc2cc([C@]34OC[C@](CO)(O3)[C@@H](O)[C@H](O)[C@H]4O)ccc2Cl)cc1,SMILES,0,88
8074,CC[N+](CC)(CC)CCOc1cccc(OCC[N+](CC)(CC)CC)c1OCC[N+](CC)(CC)CC,SMILES,0,88
8075,CCc1cc2c(cc1CC)CC(NCC(O)c1ccc(O)c3[nH]c(=O)ccc13)C2,SMILES,0,88
8076,CN(C)C(=O)Oc1cc(OC(=O)N(C)C)cc(C(O)CNC(C)(C)C)c1,SMILES,0,88
8077,CN(C)C1C=C(C(=O)NCO)C(=O)C2(O)C(O)=C3C(=O)c4c(O)ccc(Cl)c4C(C)(O)C3CC12,SMILES,0,88
8078,CN(C)CCOc1ccc(/C(=C(/CCCl)c2ccccc2)c2ccccc2)cc1,SMILES,0,88
8079,CN(C)c1cc(CNCC(C)(C)C)c(O)c2c1C[C@H]1C[C@H]3[C@H](N(C)C)C(=O)C(C(N)=O)=C(O)[C@@]3(O)C(=O)C1=C2O,SMILES,0,88
8080,CN(C)c1cc(NC(=O)CNC(C)(C)C)c(O)c2c1CC1CC3C(N(C)C)C(=O)C(C(N)=O)=C(O)C3(O)C(=O)C1=C2O,SMILES,0,88
8081,CN(C)c1ccc(C(=C2C=CC(=[N+](C)C)C=C2)c2ccc(N(C)C)cc2)cc1,SMILES,0,88
8082,CN(CC(=O)N1CCOCC1)Cc1c(Cl)cccc1NC(=O)c1ccccc1,SMILES,0,88
8084,CN(c1nccc(=O)[nH]1)C1CCN(c2nc3ccccc3n2Cc2ccc(F)cc2)CC1,SMILES,0,88
8085,CN1CCC2(C)c3cc(OC(N)=O)ccc3N(C)C12,SMILES,0,88
8086,CN1CCc2nc(C(=O)NC3CC(C(=O)N(C)C)CCC3NC(=O)C(=O)Nc3ccc(Cl)cn3)sc2C1,SMILES,0,88
8087,CN=C(N)NC(=O)Nc1c(C)cccc1C,SMILES,0,88
8088,CNC(=O)CN(CCN(CCN(CC(=O)O)CC(=O)NC)CC(=O)O)CC(=O)O,SMILES,0,88
8089,CNC(=O)c1cc(Oc2ccc(NC(=O)Nc3ccc(Cl)c(C(F)(F)F)c3)c(F)c2)ccn1,SMILES,0,88
8090,CNC(=O)c1ccccc1Sc1ccc2c(/C=C/c3ccccn3)n[nH]c2c1,SMILES,0,88
8091,CNC(=O)c1cnn(-c2nc(N)c3ncn(C4OC(CO)C(O)C4O)c3n2)c1,SMILES,0,88
8092,CNC1(C)C2CCC(C2)C1(C)C,SMILES,0,88
8093,CNC1C(O)C(NC)C2OC3(O)C(=O)CC(C)OC3OC2C1O,SMILES,0,88
8095,CO/N=C(/C(=O)NC1C(=O)N2C(C(=O)O)=C(COC(C)=O)CSC12)c1csc(N)n1,SMILES,0,88
8096,CO/N=C(/C(=O)NC1C(=O)N2C(C(=O)O)=C(COC(N)=O)CSC12)c1ccco1,SMILES,0,88
8097,CO/N=C(/C(=O)NC1C(=O)N2C(C(=O)O)=C(CSc3nnnn3C)CSC12)c1csc(N)n1,SMILES,0,88
8098,CO/N=C(/C(=O)NC1C(=O)N2C(C(=O)O)=CCSC12)c1csc(N)n1,SMILES,0,88
8100,CO/N=C(/C(=O)NC1C(=O)N2C(C(=O)OCOC(=O)C(C)(C)C)=C(/C=C/c3scnc3C)CSC12)c1csc(N)n1,SMILES,0,88
8101,CO/N=C1/CN(c2nc3c(cc2F)c(=O)c(C(=O)O)cn3C2CC2)CC1CN,SMILES,0,88
8102,COC(=O)C1C2CC3c4[nH]c5cc(OC)ccc5c4CCN3CC2CC(OC(=O)/C=C/c2cc(OC)c(OC)c(OC)c2)C1OC,SMILES,0,88
8103,COC(=O)CCC(=O)CN,SMILES,0,88
8105,COC(=O)N[C@H](C(=O)N1CCC[C@H]1c1nc2cc(F)c([C@H]3CC[C@H](c4cc5[nH]c([C@@H]6CCCN6C(=O)[C@@H](NC(=O)OC)[C@@H](C)OC)nc5cc4F)N3c3cc(F)c(N4CCC(c5ccc(F)cc5)CC4)c(F)c3)cc2[nH]1)[C@@H](C)OC,SMILES,0,88
8106,COC(=O)c1ccc2c(C(=Nc3ccc(N(C)C(=O)CN4CCN(C)CC4)cc3)c3ccccc3)c(O)[nH]c2c1,SMILES,0,88
8108,COC1=CC(=O)CC(C)C12Oc1c(Cl)c(OC)cc(OC)c1C2=O,SMILES,0,88
8109,COC1OC2OC3(C)CCC4C(C)CCC(C1C)C24OO3,SMILES,0,88
8110,COCC1=C(C(=O)O)N2C(=O)C(NC(=O)/C(=N/OC)c3csc(N)n3)C2SC1,SMILES,0,88
8112,COCCOCC(CC1(C(=O)NC2CCC(C(=O)O)CC2)CCCC1)C(=O)Oc1ccc2c(c1)CCC2,SMILES,0,88
8114,COc1c(C)c2c(c(O)c1C/C=C(\C)CCC(=O)OCCN1CCOCC1)C(=O)OC2,SMILES,0,88
8115,COc1cc(C(=O)NC2CCCNC2)cc(OC)c1OC,SMILES,0,88
8117,COc1cc(C)c2c(Oc3cccc(C(F)(F)F)c3)c(OC)cc(NC(C)CCCN)c2n1,SMILES,0,88
8118,COc1cc(C2c3cc4c(cc3C(O)C3COC(=O)C23)OCO4)cc(OC)c1OC,SMILES,0,88
8120,COc1cc(NS(C)(=O)=O)ccc1Nc1c2ccccc2nc2ccccc12,SMILES,0,88
8121,COc1cc(Nc2c(C#N)cnc3cc(OCCCN4CCN(C)CC4)c(OC)cc23)c(Cl)cc1Cl,SMILES,0,88
8122,COc1cc(Nc2ncc(F)c(Nc3ccc4c(n3)N(COP(=O)(O)O)C(=O)C(C)(C)O4)n2)cc(OC)c1OC,SMILES,0,88
8124,COc1cc2c3cc1Oc1cc(ccc1O)CC1c4c(cc(OC)c(O)c4Oc4ccc(cc4)CC3N(C)CC2)CC[N+]1(C)C,SMILES,0,88
8126,COc1ccc(-c2ccc3cc(C(=O)O)ccc3c2)cc1C12CC3CC(CC(C3)C1)C2,SMILES,0,88
8127,COc1ccc(C(=O)N2CCN(c3ccc4c(c3)CCC(=O)N4)CC2)cc1OC,SMILES,0,88
8128,COc1ccc(C2CC(=O)c3c(O)cc(O)cc3O2)cc1O,SMILES,0,88
8130,COc1ccc(CCOC2CCCCC2N2CCC(O)C2)cc1OC,SMILES,0,88
8132,COc1ccc(O)cc1,SMILES,0,88
8133,COc1ccc2cc1Oc1cc3c(cc1OC)CC[N+](C)(C)C3Cc1ccc(cc1)Oc1c(OC)c(OC)cc3c1C(C2)[N+](C)(C)CC3,SMILES,0,88
8135,COc1cccc(N2CCN(C3=Nc4c(F)cccc4[C@H](CC(=O)O)N3c3cc(C(F)(F)F)ccc3OC)CC2)c1,SMILES,0,88
8136,COc1cccc(OC)c1C(=O)NC1C(=O)N2C1SC(C)(C)C2C(=O)O,SMILES,0,88
8137,COc1ccnc(C[S+]([O-])c2nc3ccc(-n4cccc4)cc3[nH]2)c1C,SMILES,0,88
8139,COc1nccnc1NS(=O)(=O)c1ccc(N)cc1,SMILES,0,88
8141,CS(=O)(=O)Nc1cc2occ(NC=O)c(=O)c2cc1Oc1ccccc1,SMILES,0,88
8142,CSCCC(NC(=O)C(Cc1c[nH]c2ccccc12)NC(=O)CCNC(=O)OC(C)(C)C)C(=O)NC(CC(=O)O)C(=O)NC(Cc1ccccc1)C(N)=O,SMILES,0,88
8145,C[C@H](O)C(=O)Nc1c(I)c(C(=O)NC(CO)CO)c(I)c(C(=O)NC(CO)CO)c1I,SMILES,0,88
8146,C[C@]12CC[C@H]3C(=CCc4cc(O)ccc43)[C@@H]1CCC2=O,SMILES,0,88
8147,C[N+](C)(C)CCCCCCCCCC[N+](C)(C)C,SMILES,0,88
8148,C[N+](C)(C)CCOC(N)=O,SMILES,0,88
8150,C[N+]1(CCCCC[N+]2(C)CCCC2)CCCC1,SMILES,0,88
8151,Cc1c(-c2ccc(O)cc2)n(Cc2ccc(OCCN3CCCCCC3)cc2)c2ccc(O)cc12,SMILES,0,88
8152,Cc1c2cc[n+](C)cc2c(C)c2c1[nH]c1ccc(O)cc12,SMILES,0,88
8153,Cc1cc(/C=C/C#N)cc(C)c1Nc1ccnc(Nc2ccc(C#N)cc2)n1,SMILES,0,88
8154,Cc1cc(C#N)cc(C)c1Oc1nc(Nc2ccc(C#N)cc2)nc(N)c1Br,SMILES,0,88
8155,Cc1cc(C(C)(C)C)c(O)c(C)c1CC1=NCCN1,SMILES,0,88
8156,Cc1cc(C(C)(C)C)cc(C)c1CC1=NCCN1,SMILES,0,88
8158,Cc1cc2c(OCC(CNC(C)(C)C)OC(=O)c3ccccc3)cccc2[nH]1,SMILES,0,88
8159,Cc1cc2c(cc1CC(=O)c1sccc1S(=O)(=O)Nc1onc(C)c1Cl)OCO2,SMILES,0,88
8160,Cc1ccc(-n2[nH]c(C)c(N=Nc3cccc(-c4cccc(C(=O)O)c4)c3O)c2=O)cc1C,SMILES,0,88
8161,Cc1ccc(C(=O)Nc2ccc(CN3CCN(C)CC3)c(C(F)(F)F)c2)cc1C#Cc1cnc2cccnn12,SMILES,0,88
8162,Cc1ccc(N(CC2=NCCN2)c2cccc(O)c2)cc1,SMILES,0,88
8163,Cc1ccccc1C(=O)Nc1ccc(C(=O)N2CCCC(N(C)C)c3ccccc32)cc1,SMILES,0,88
8164,Cc1ccccc1C(=O)Nc1ccc(C(=O)N2CCCC(O)c3cc(Cl)ccc32)c(C)c1,SMILES,0,88
8167,Cc1cn(-c2cc(NC(=O)c3ccc(C)c(Nc4nccc(-c5cccnc5)n4)c3)cc(C(F)(F)F)c2)cn1,SMILES,0,88
8168,Cc1cn(C2CC(O)C(CO)O2)c(=O)[nH]c1=O,SMILES,0,88
8170,Cc1cn[nH]c1,SMILES,0,88
8171,Cc1nc(-c2ccc(OCC(C)C)c(C#N)c2)sc1C(=O)O,SMILES,0,88
8173,Cc1nc(NS(=O)(=O)c2ccc(N)cc2)oc1C,SMILES,0,88
8174,Cc1nc(Nc2ncc(C(=O)Nc3c(C)cccc3Cl)s2)cc(N2CCN(CCO)CC2)n1,SMILES,0,88
8176,Cc1nc2ccc(CN(C)c3ccc(C(=O)NC(CCC(=O)O)C(=O)O)s3)cc2c(=O)[nH]1,SMILES,0,88
8178,Cc1nccn1CCC(C(N)=O)(c1ccccc1)c1ccccc1,SMILES,0,88
8179,Cc1nnc(C(C)C)n1C1CC2CCC(C1)N2CCC(NC(=O)C1CCC(F)(F)CC1)c1ccccc1,SMILES,0,88
8180,Cc1oc(=O)oc1CN1CCN(c2cc3c(cc2F)c(=O)c(C(=O)O)c2n3C(C)S2)CC1,SMILES,0,88
8182,Clc1cc(Cl)c2c(c1)CCc1ccccc1C2n1ccnc1,SMILES,0,88
8183,Clc1ccc(C(Cn2ccnc2)OCc2ccc(Sc3ccccc3)cc2)c(Cl)c1,SMILES,0,88
8185,Clc1ccc(CCC(Cn2ccnc2)Sc2c(Cl)cccc2Cl)cc1,SMILES,0,88
8186,Clc1ccc(CSC(Cn2ccnc2)c2ccc(Cl)cc2Cl)cc1,SMILES,0,88
8187,Cn1c(=O)cc(N2CCCC(N)C2)n(Cc2ccccc2C#N)c1=O,SMILES,0,88
8188,Cn1c(NCCN(CCO)CCCc2ccc([N+](=O)[O-])cc2)cc(=O)n(C)c1=O,SMILES,0,88
8189,Cn1ncnc1[C@H]1c2n[nH]c(=O)c3cc(F)cc(c23)N[C@@H]1c1ccc(F)cc1,SMILES,0,88
8190,Cn1nnnc1SCC1=C(C(=O)O)N2C(=O)[C@@H](NC(=O)[C@H](OC=O)c3ccccc3)[C@H]2SC1,SMILES,0,88
8191,FC(F)(F)C(F)(F)C(F)(F)F,SMILES,0,88
8192,Fc1ccc(C(c2ccccc2)(c2ccccc2F)n2ccnc2)cc1,SMILES,0,88
8193,N#CC(CCN1CCC(C(=O)O)(c2ccccc2)CC1)(c1ccccc1)c1ccccc1,SMILES,0,88
8194,N#CC1CC2CC2N1C(=O)C(N)C12CC3CC(CC(O)(C3)C1)C2,SMILES,0,88
8196,N#CCC(C1CCCC1)n1cc(-c2ncnc3[nH]ccc23)cn1,SMILES,0,88
8198,N=C(N)N1CCc2ccccc2C1,SMILES,0,88
8199,N=C(N)c1ccc(C=Cc2ccc(C(=N)N)cc2O)cc1,SMILES,0,88
8200,NC(=NCCCCCCN=C(N)N=C(N)Nc1ccc(Cl)cc1)N=C(N)Nc1ccc(Cl)cc1,SMILES,0,88
8201,NC(=O)N/N=C\c1ccc([N+](=O)[O-])o1,SMILES,0,88
8203,NC(CCC(=O)NC(CS)C(=O)NCC(=O)O)C(=O)O,SMILES,0,88
8204,NC(CSSCC(N)C(=O)O)C(=O)O,SMILES,0,88
8205,NC(Cn1ccc(=O)c(O)c1)C(=O)O,SMILES,0,88
8207,NC1CCCCN(c2c(F)cc3c(=O)c(C(=O)O)cn(C4CC4)c3c2Cl)C1,SMILES,0,88
8208,NC1CCN(c2nc3c(cc2F)c(=O)c(C(=O)O)cn3-c2ccc(F)cc2F)C1,SMILES,0,88
8210,NCCNCCNCCNCCN,SMILES,0,88
8212,NCCc1cnc[nH]1,SMILES,0,88
8213,NCc1ccc(S(N)(=O)=O)cc1,SMILES,0,88
8214,Nc1ccc(C(=O)NCC(=O)O)cc1,SMILES,0,88
8215,Nc1ccc(S(=O)(=O)Nc2nccs2)cc1,SMILES,0,88
8216,Nc1ccc(S(N)(=O)=O)cc1,SMILES,0,88
8217,Nc1ccc2cc3ccc(N)cc3nc2c1,SMILES,0,88
8219,Nc1nc(/C(=C/CC(=O)O)C(=O)NC2C(=O)N3C(C(=O)O)=CCSC23)cs1,SMILES,0,88
8220,Nc1nc(Cl)nc2c1ncn2C1OC(CO)C(O)C1F,SMILES,0,88
8221,Nc1nc(F)nc2c1ncn2C1OC(COP(=O)(O)O)C(O)C1O,SMILES,0,88
8222,Nc1nc2[nH]cc(CCc3ccc(C(=O)NC(CCC(=O)O)C(=O)O)cc3)c2c(=O)[nH]1,SMILES,0,88
8224,Nc1ncn(C2CC(O)C(CO)O2)c(=O)n1,SMILES,0,88
8225,Nc1ncnc2c1ncn2C1OC(COP(=O)(O)O)C(O)C1O,SMILES,0,88
8226,Nc1ncnc2c1ncn2C1OC(COP(=O)(O)OP(=O)(O)OP(=O)(O)O)C(O)C1O,SMILES,0,88
8227,Nc1ncnc2nc[nH]c12,SMILES,0,88
8228,O=C(CCCc1ccccc1)OCC(COC(=O)CCCc1ccccc1)OC(=O)CCCc1ccccc1,SMILES,0,88
8229,O=C(C[S+]([O-])Cc1ccco1)NC/C=C/COc1cc(CN2CCCCC2)ccn1,SMILES,0,88
8230,O=C(NCC(O)CO)c1c(I)c(C(=O)NCC(O)CO)c(I)c(N(CCO)C(=O)CO)c1I,SMILES,0,88
8231,O=C(NCC1CN(c2ccc(N3CCOCC3=O)cc2)C(=O)O1)c1ccc(Cl)s1,SMILES,0,88
8232,O=C(NCCS(=O)(=O)O)c1cccs1,SMILES,0,88
8234,O=C(Nc1ccc2c(=O)cc(-c3nn[nH]n3)oc2c1)c1ccc(OCCCCc2ccccc2)cc1,SMILES,0,88
8235,O=C(O)/C=C/c1ccc(Cn2ccnc2)cc1,SMILES,0,88
8236,O=C(O)C(CC(=O)N1CC2CCCCC2C1)Cc1ccccc1,SMILES,0,88
8237,O=C(O)CN(CCN(CC(=O)O)CC(=O)O)CCN(CC(=O)O)C(COCc1ccccc1)C(=O)O,SMILES,0,88
8239,O=C(O)c1ccc(-n2nc(-c3ccccc3O)nc2-c2ccccc2O)cc1,SMILES,0,88
8240,O=C(O)c1ccc2nc(-c3cc(Cl)cc(Cl)c3)oc2c1,SMILES,0,88
8241,O=C(OC1C[N+]2(CCCOc3ccccc3)CCC1CC2)C(O)(c1cccs1)c1cccs1,SMILES,0,88
8243,O=C(OCc1ccccc1)c1ccccc1,SMILES,0,88
8244,O=C1C(CCC(O)c2ccc(F)cc2)C(c2ccc(O)cc2)N1c1ccc(F)cc1,SMILES,0,88
8245,O=C1OC(CO)C(O)C(O)C1O,SMILES,0,88
8247,O=C1c2c(O)ccc(O)c2C(=O)c2c(NCCNCCO)ccc(NCCNCCO)c21,SMILES,0,88
8249,O=P(O)(O)C(O)(Cc1cccnc1)P(=O)(O)O,SMILES,0,88
8250,O=P(O)(O)C(O)(Cn1ccnc1)P(=O)(O)O,SMILES,0,88
8251,O=S(=O)(O)OC1C(O)COC(OC2COC(O)C(OS(=O)(=O)O)C2OS(=O)(=O)O)C1OS(=O)(=O)O,SMILES,0,88
8252,O=S1(=O)CCN(CN2CCS(=O)(=O)NC2)CN1,SMILES,0,88
8253,O=[N+]([O-])OC1COC2C(O[N+](=O)[O-])COC12,SMILES,0,88
8254,O=c1[nH]c(=O)n(C2CC(O)C(CO)O2)cc1C(F)(F)F,SMILES,0,88
8255,O=c1[nH]c(=O)n(C2CC(O)C(CO)O2)cc1F,SMILES,0,88
8256,O=c1[nH]c(=O)n(C2CC(O)C(CO)O2)cc1I,SMILES,0,88
8257,OC1COC(O)C(O)C1O,SMILES,0,88
8258,OC1COC2C(O)COC12,SMILES,0,88
8259,OCC(S)CS,SMILES,0,88
8260,OCC1OC(OC2C(CO)OC(O)(CO)C2O)C(O)C(O)C1O,SMILES,0,88
8261,Oc1c(Cl)cc(Cl)c2cccnc12,SMILES,0,88
8262,Oc1c(Cl)cc(Cl)cc1Cc1c(O)c(Cl)cc(Cl)c1Cl,SMILES,0,88
8263,Oc1cccc(-c2c3nc(c(-c4cccc(O)c4)c4ccc([nH]4)c(-c4cccc(O)c4)c4nc(c(-c5cccc(O)c5)c5ccc2[nH]5)CC4)C=C3)c1,SMILES,0,88
8264,Oc1ccccc1,SMILES,0,88
8265,On1ccccc1=S,SMILES,0,88
8267,c1ccc(-c2ccc(C(c3ccccc3)n3ccnc3)cc2)cc1,SMILES,0,88
8268,C=CC1=C(C(=O)O)N2C(=O)[C@@H](NC(=O)/C(=N\O)c3csc(N)n3)[C@@H]2SC1,SMILES,0,88
8269,C=CC1=C(C(=O)O)N2C(=O)[C@H](NC(=O)/C(=N\OCC(=O)O)c3csc(N)n3)[C@H]2SC1,SMILES,0,88
8270,CC(=O)C1=C(O)[C@]2(O)C(=O)c3c(c(C)c4ccc(C)c(O)c4c3O)C[C@H]2[C@H](N)C1=O,SMILES,0,88
8271,CC(=O)N1CCN(C(=O)Cc2ccc([S@+](C)[O-])cc2)[C@@H](CN2CC[C@H](O)C2)C1,SMILES,0,88
8272,CC(C)(C)C(=O)OCOC(=O)[C@H]1N2C(=O)[C@H](N=CN3CCCCCC3)[C@@H]2SC1(C)C,SMILES,0,88
8273,CC1(C)S[C@@H]2[C@@H](N=CN3CCCCCC3)C(=O)N2[C@H]1C(=O)O,SMILES,0,88
8274,CCC[C@H]1C[C@@H](C(=O)N[C@H]([C@H]2O[C@@H](SC)[C@H](OP(=O)(O)O)[C@@H](O)[C@@H]2O)[C@H](C)Cl)N(C)C1,SMILES,0,88
8276,CC[C@@]1(O)C[C@H]2CN(CCc3c([nH]c4ccccc34)[C@](C(=O)OC)(c3cc4c(cc3OC)N(C)[C@H]3[C@](O)(C(=O)OC)[C@@H](OC(C)=O)[C@@]5(CC)C=CCN6CC[C@]43[C@H]65)C2)C1,SMILES,0,88
8277,CC[C@@]1(O)C[C@H]2CN(CCc3c([nH]c4ccccc34)[C@](C(=O)OC)(c3cc4c(cc3OC)N(C=O)[C@H]3[C@](O)(C(=O)OC)[C@@H](OC(C)=O)[C@@]5(CC)C=CCN6CC[C@]43[C@H]65)C2)C1,SMILES,0,88
8278,CC[N+](C)(CC=CC1=C(C(=O)O)N2C(=O)[C@@H](NC(=O)C(=NOCF)c3nsc(N)n3)[C@H]2SC1)CC(N)=O,SMILES,0,88
8279,CN(C)[C@@H]1C(=O)C(C(N)=O)=C(O)[C@@]2(O)C(=O)C3=C(O)c4c(O)ccc(Cl)c4[C@@](C)(O)[C@@H]3C[C@H]12,SMILES,0,88
8280,CN(C)[C@@H]1C(=O)C(C(N)=O)=C(O)[C@]2(O)C(=O)C3=C(O)c4c(O)ccc(Cl)c4[C@@H](O)[C@H]3C[C@@H]12,SMILES,0,88
8281,CN(C)[C@@H]1C(=O)C(C(N)=O)=C(O)[C@]2(O)C(=O)C3=C(O)c4c(O)cccc4[C@](C)(O)[C@@H]3[C@H](O)[C@H]12,SMILES,0,88
8282,CN(C)[C@H]1C(=O)C(C(=O)NCN2CCCC2)=C(O)[C@]2(O)C(=O)C3=C(O)c4c(O)cccc4[C@](C)(O)[C@@H]3C[C@H]12,SMILES,0,88
8283,CN(C)[C@H]1C(=O)C(C(N)=O)=C(O)[C@]2(O)C(=O)C3=C(O)c4c(O)cccc4[C@](C)(O)[C@@H]3C[C@H]12,SMILES,0,88
8284,CN(C)c1ccc(O)c2c1C[C@H]1C[C@H]3[C@@H](N(C)C)C(=O)C(C(N)=O)=C(O)[C@]3(O)C(=O)C1=C2O,SMILES,0,88
8286,CO/N=C(/C(=O)N[C@H]1C(=O)N2C(C(=O)O)=C(COC(C)=O)C[S@@+]([O-])[C@H]12)c1csc(N)n1,SMILES,0,88
8287,CO/N=C(\C(=O)N[C@@H]1C(=O)N2C(C(=O)O)=C(C)CS[C@@H]12)c1csc(N)n1,SMILES,0,88
8288,CO/N=C(\C(=O)N[C@@H]1C(=O)N2C(C(=O)O)=C(COC(C)=O)CS[C@@H]12)c1csc(N)n1,SMILES,0,88
8289,CO/N=C(\C(=O)N[C@@H]1C(=O)N2C(C(=O)O[C@@H](C)OC(C)=O)=C(COC(N)=O)CS[C@@H]12)c1ccco1,SMILES,0,88
8290,CO/N=C(\C(=O)N[C@H]1C(=O)N2C(C(=O)O)=C(/C=C/c3scnc3C)CS[C@@H]12)c1csc(N)n1,SMILES,0,88
8291,CO/N=C(\C(=O)N[C@H]1C(=O)N2C(C(=O)O)=C(COC(C)=O)CS[C@H]12)c1ccco1,SMILES,0,88
8292,CO/N=C(\C(=O)N[C@H]1C(=O)N2C(C(=O)O)=C(COC(N)=O)CS[C@@H]12)c1ccco1,SMILES,0,88
8293,CO/N=C(\C(=O)N[C@H]1C(=O)N2C(C(=O)O)=C(CSC(=O)c3ccco3)CS[C@H]12)c1csc(N)n1,SMILES,0,88
8296,CO/N=C(\C(=O)N[C@H]1C(=O)N2C(C(=O)O)=C(CSc3nc(C)c(CC(=O)O)s3)CS[C@H]12)c1csc(N)n1,SMILES,0,88
8300,CO[C@@]1(NC(=O)[C@H]2SC3=S2OC(N)=C3C(=O)O)C(=O)N2C(C(=O)O)=C(CSc3nnnn3C)CS[C@@H]21,SMILES,0,88
8302,C[C@H]1c2cccc(O)c2C(O)=C2C(=O)[C@@]3(O)C(O)=C(C(N)=O)C(=O)[C@@H](N(C)C)[C@H]3[C@@H](O)[C@H]21,SMILES,0,88
8303,Cc1cc(=O)c(C(=O)N[C@@H](C(=O)N[C@@H]2C(=O)N3C(C(=O)O)=C(CSc4nnnn4C)CS[C@@H]23)c2ccc(O)cc2)c[nH]1,SMILES,0,88
8304,Cc1ccc(C(=O)N[C@@H]2C(=O)N[C@H](C(C)C)C(=O)N3CCC[C@@H]3C(=O)N(C)CC(=O)N(C)[C@@H](C(C)C)C(=O)O[C@H]2C)c2c1OC1=C(N2)C(C(=O)N[C@H]2C(=O)N[C@@H](C(C)C)C(=O)N3CCC[C@H]3C(=O)N(C)CC(=O)N(C)[C@H](C(C)C)C(=O)O[C@@H]2C)=C(N)C(=O)[C@@H]1C,SMILES,0,88
8306,N[C@@H](C(=O)N[C@@H]1C(=O)N2C(C(=O)O)=C(CSc3cn[nH]n3)CS[C@@H]12)c1ccc(O)cc1,SMILES,0,88
8307,C/C=C/C=C[C@@H]1O[C@](O)([C@@H](CC)C(=O)NC/C=C/C=C(/C)[C@@H](OC)[C@H](C)[C@H]2O[C@@H](C=C/C=C/C=C(/C)C(=O)c3c(O)ccn(C)c3=O)[C@H](O)[C@@H]2O)[C@@H](O)[C@H](O[C@H]2O[C@H](C)[C@@H](O[C@H]3O[C@H](C)[C@@H](OC)[C@H](O)[C@H]3OC)[C@@H](OC)[C@@H]2O)C1(C)C,SMILES,0,88
8309,C=C1c2c(Cl)ccc(O)c2C(O)=C2C(=O)[C@]3(O)C(O)=C(C(N)=O)C(=O)[C@H](N(C)C)[C@@H]3[C@@H](O)[C@H]12,SMILES,0,88
8312,C=CC1=C(C(=O)O)N2C(=O)[C@H](NC(=O)C(=NOCC(=O)O)c3csc(N)n3)[C@@H]2SC1,SMILES,0,88
8314,CC#Cc1cn([C@@H]2O[C@H](CO)[C@@H](O)[C@H]2O)c(=O)[nH]c1=O,SMILES,0,88
8316,CC(=O)NC[C@@H]1O[C@@H](O[C@@H]2[C@@H](O)[C@@H](O[C@@H]3O[C@@H](CO)[C@@H](O)[C@H](N)[C@@H]3O)[C@@H](N)C[C@@H]2N)[C@@H](O)[C@@H](O)[C@@H]1O,SMILES,0,88
8317,CC(=O)N[C@H]1[C@@H]([C@@H](O)[C@H](O)CO)OC(C(=O)O)=C[C@H]1N=C(N)N,SMILES,0,88
8320,CC(=O)O[C@H](CC(=O)O)C[N+](C)(C)C,SMILES,0,88
8322,CC(=O)O[C@H]1C=CC(C)=CC[C@H](O)C=CC(C)=C[C@@H](NC(=O)C(C)=O)[C@]2(C)C(=O)O[C@@H](C1)[C@@H](C)C2=O,SMILES,0,88
8324,CC(C)(C(=O)O)c1ccc([C@H](O)CCCN2CCC(C(O)(c3ccccc3)c3ccccc3)CC2)cc1,SMILES,0,88
8325,CC(C)(C)NC[C@H](O)c1ccc(O)c(NC(N)=O)c1,SMILES,0,88
8326,CC(C)(O/N=C(/C(=O)N[C@@H]1C(=O)N2C(C(=O)O)=C(C[n+]3ccccc3)CS[C@@H]12)c1csc(N)n1)C(=O)O,SMILES,0,88
8327,CC(C)COC[C@@H](CN(Cc1ccccc1)c1ccccc1)N1CCCC1,SMILES,0,88
8328,CC(C)[C@@H]1NC(=O)[C@H](C)OC(=O)[C@H](C(C)C)NC(=O)[C@H](C(C)C)OC(=O)[C@H](C(C)C)NC(=O)[C@H](C)OC(=O)[C@H](C(C)C)NC(=O)[C@H](C)COC(=O)[C@@H](C(C)C)NC(=O)[C@H](C)OC(=O)[C@H](C(C)C)NC(=O)[C@H](C)COC1=O,SMILES,0,88
8329,CC(C)[N+]1(C)[C@@H]2CC[C@@H]1CC(OC(=O)[C@@H](CO)c1ccccc1)C2,SMILES,0,88
8330,CC1(C)S[C@@H]2[C@H](NC(=O)C34C[C@H]5C[C@@H](CC(N)(C5)C3)C4)C(=O)N2[C@H]1C(=O)O,SMILES,0,88
8331,CC1(C)S[C@@H]2[C@H](NC(=O)[C@@H](NC(=O)N3CCN(S(C)(=O)=O)C3=O)c3ccccc3)C(=O)N2[C@H]1C(=O)O,SMILES,0,88
8332,CC1(C)S[C@@H]2[C@H](NC(=O)[C@@H](NC(=O)Nc3cnc(Nc4ccc(S(N)(=O)=O)cc4)[nH]c3=O)c3ccc(O)cc3)C(=O)N2[C@H]1C(=O)O,SMILES,0,88
8334,CC1(C)S[C@@H]2[C@H](NC(=O)[C@@H](c3ccccc3)S(=O)(=O)O)C(=O)N2[C@H]1C(=O)O,SMILES,0,88
8337,CC1(C)S[C@H]2[C@@H](NC(=O)[C@@H](NC(=O)N3CCNC3=O)c3ccccc3)C(=O)N2[C@@H]1C(=O)O,SMILES,0,88
8339,CC1(C)[C@H](NC/C(=N/OCC(=O)O)c2csc(N)n2)C(=O)N1OS(=O)(=O)O,SMILES,0,88
8340,CCC(=O)O[C@H]1CC(=O)O[C@H](C)CC=CC=C[C@H](O)[C@H](C)C[C@@H](CC=O)[C@@H](O[C@H]2O[C@H](C)[C@@H](O[C@H]3C[C@@](C)(O)[C@@H](OC(=O)CC)[C@H](C)O3)[C@@H](N(C)C)[C@@H]2O)[C@H]1OC,SMILES,0,88
8341,CCCCC[C@H]1CN[C@H](C(=O)N[C@H]([C@H]2O[C@@H](SC)[C@H](O)[C@H](O)[C@@H]2O)[C@@H](C)Cl)C1,SMILES,0,88
8342,CCCC[N+]1(C)[C@@H]2CC(OC(=O)[C@@H](CO)c3ccccc3)C[C@@H]1[C@H]1O[C@H]12,SMILES,0,88
8344,CCC[C@H]1C[C@H](C(=O)N[C@H]([C@H]2O[C@@H](SC)[C@H](O)[C@H](O)[C@@H]2O)[C@@H](C)Cl)N(C)C1,SMILES,0,88
8346,CCN(CC)C(C)=N/N=C/c1c2c(O)c3c(O)c(C)c4c(c3c1O)C(=O)[C@@](C)(OC=C[C@@H](OC)[C@H](C)[C@@H](OC(C)=O)[C@H](C)[C@H](O)[C@H](C)[C@H](O)[C@H](C)C=C/C=C(/C)C(=O)N2)O4,SMILES,0,88
8348,CCN[C@@H]1C[C@H](N)[C@H](O[C@@H]2C[C@@H](N)C=C(CN)O2)[C@H](O)[C@@H]1O[C@@H]1OC[C@@](C)(O)[C@@H](NC)[C@@H]1O,SMILES,0,88
8349,CCOC(=O)C1=C(C)NC(C)=C(C(=O)OC)[C@H]1c1cccc(Cl)c1Cl,SMILES,0,88
8350,CCOC(=O)C1=C(C)NC(C)=C(C(=O)OC)[C@H]1c1cccc([N+](=O)[O-])c1,SMILES,0,88
8351,CC[C@@H]1CC[C@H](N)[C@H](O[C@H]2[C@H](O)[C@@H](O[C@@H]3OC[C@@](C)(O)[C@H](NC)[C@@H]3O)[C@@H](N)C[C@@H]2N)O1,SMILES,0,88
8352,CC[C@@H]1C[C@H](OC(=O)C(O)(c2ccccc2)c2ccccc2)C[C@H](C)[N+]12CCCC2,SMILES,0,88
8353,CC[C@@]1(O)C[C@H]2CN(CCc3c([nH]c4ccccc34)[C@@](C(=O)OC)(c3cc4c(cc3OC)N(C)[C@H]3[C@@](O)(C(=O)OC)[C@@H](OC(C)=O)[C@@]5(CC)C=CCN6CC[C@@]43[C@H]65)C2)C1,SMILES,0,88
8354,CC[C@@]1(O)C[C@H]2CN(CCc3c([nH]c4ccccc34)[C@@](C(=O)OC)(c3cc4c(cc3OC)N(C)[C@H]3[C@@](O)(C(N)=O)[C@H](O)[C@@]5(CC)C=CCN6CC[C@@]43[C@H]65)C2)C1,SMILES,0,88
8355,CC[C@@]1(O)C[C@H]2CN(CCc3c([nH]c4ccccc34)[C@@](C(=O)OC)(c3cc4c(cc3OC)N(C=O)[C@H]3[C@@](O)(C(=O)OC)[C@@H](OC(C)=O)[C@@]5(CC)C=CCN6CC[C@@]43[C@H]65)C2)C1,SMILES,0,88
8357,CC[C@H]1OC(=O)[C@H](C)[C@@H](O[C@H]2C[C@@](C)(OC)[C@H](O)[C@H](C)O2)[C@H](C)[C@@H](O[C@H]2O[C@H](C)C[C@@H](N(C)C)[C@@H]2O)[C@@](C)(O)C[C@H](C)C(=NOC)[C@H](C)[C@H](O)[C@@]1(C)O,SMILES,0,88
8359,CC[C@H]1OC(=O)[C@H](C)[C@@H](O[C@H]2C[C@@](C)(OC)[C@H](O)[C@H](C)O2)[C@H](C)[C@@H](O[C@H]2O[C@H](C)C[C@@H](N(C)C)[C@@H]2O)[C@@](C)(O)C[C@H](C)[C@H]2N[C@@H](COCCOC)O[C@@H]([C@@H]2C)[C@@]1(C)O,SMILES,0,88
8360,CC[N+]1(C)[C@@H]2C[C@@H](OC(=O)[C@@H](CO)c3ccccc3)C[C@@H]1[C@H]1O[C@H]12,SMILES,0,88
8362,CN(C)[C@H]1C(=O)C(C(N)=O)=C(O)[C@@]2(O)C(=O)C3=C(O)c4c(O)ccc(Cl)c4[C@@](C)(O)[C@H]3C[C@@H]12,SMILES,0,88
8363,CN(C)[C@H]1C(=O)C(C(N)=O)=C(O)[C@@]2(O)C(=O)C3=C(O)c4c(O)ccc(Cl)c4[C@H](O)[C@H]3C[C@@H]12,SMILES,0,88
8364,CN(C)[C@H]1C(=O)C(C(N)=O)=C(O)[C@@]2(O)C(=O)C3=C(O)c4c(O)cccc4[C@@](C)(O)[C@H]3C[C@@H]12,SMILES,0,88
8367,CN(N=O)C(=O)N[C@@H]1[C@H](O)[C@H](O)[C@H](CO)O[C@@H]1O,SMILES,0,88
8368,CN[C@@H](C)[C@H]1CC[C@H](N)[C@H](O[C@@H]2[C@H](O)[C@@H](O[C@@H]3OC[C@@](C)(O)[C@@H](NC)[C@@H]3O)[C@@H](N)C[C@@H]2N)O1,SMILES,0,88
8370,CN[C@@H]1[C@H](O[C@H]2[C@@H](O[C@H]3[C@@H](O)[C@@H](O)[C@@H](NC(=N)N)[C@@H](O)[C@@H]3NC(=N)N)O[C@@H](C)[C@@]2(O)C=O)O[C@@H](CO)[C@@H](O)[C@H]1O,SMILES,0,88
8371,CN[C@H](C)C(=O)c1ccc(OC)cc1,SMILES,0,88
8372,CN[C@H](C)[C@H](O)c1ccc(O)cc1,SMILES,0,88
8373,CN[C@H](CC(C)C)C(=O)N[C@@H]1C(=O)N[C@H](CC(N)=O)C(=O)N[C@H]2C(=O)N[C@@H]3C(=O)N[C@H](C(=O)N[C@@H](C(=O)O)c4cc(O)cc(O)c4-c4cc3ccc4O)[C@H](O)c3ccc(c(Cl)c3)Oc3cc2cc(c3O[C@@H]2O[C@@H](CO)[C@@H](O)[C@H](O)[C@H]2O[C@@H]2C[C@@](C)(N)[C@H](O)[C@H](C)O2)Oc2ccc(cc2Cl)[C@@H]1O,SMILES,0,88
8375,CO/N=C(/C(=O)N[C@H]1C(=O)N(OCC(=O)O)[C@@H]1C)c1csc(N)n1,SMILES,0,88
8376,CO/N=C(/C(=O)N[C@H]1C(=O)N2C(C(=O)O)=C(C=CSc3n[nH]c(=O)c(=O)n3CC=O)CS[C@@H]12)c1csc(N)n1,SMILES,0,88
8378,CO/N=C(/C(=O)N[C@H]1C(=O)N2C(C(=O)OCOC(=O)C(C)(C)C)=CCS[C@@H]12)c1csc(NC(=O)[C@@H](C)N)n1,SMILES,0,88
8380,CO/N=C(\C(=O)N[C@H]1C(=O)N(OCC(=O)OCC(=O)OC(C)(C)C)[C@@H]1C)c1csc(N)n1,SMILES,0,88
8381,CO/N=C(\C(=O)N[C@H]1C(=O)N2C(C(=O)O)=C(CSC(=O)c3ccco3)CS[C@@H]12)c1csc(N)n1,SMILES,0,88
8382,CO/N=C(\C(=O)N[C@H]1C(=O)N2C(C(=O)O)=C(CSc3nc(=O)c(=O)[nH]n3C)CS[C@@H]12)c1csc(N)n1,SMILES,0,88
8383,CO/N=C(\C(=O)N[C@H]1C(=O)N2C(C(=O)O)=C(CSc3nc(C)c(CC(=O)O)s3)CS[C@@H]12)c1csc(N)n1,SMILES,0,88
8385,CO/N=C(\C(=O)N[C@H]1C(=O)N2C(C(=O)O)=C(Cn3nnc(C)n3)CS[C@@H]12)c1csc(N)n1,SMILES,0,88
8386,CO/N=C(\C(=O)N[C@H]1C(=O)N2C(C(=O)O)=CCS[C@@H]12)c1csc(N)n1,SMILES,0,88
8387,CO/N=C(\C(=O)N[C@H]1C(=O)N2C(C(=O)O[C@H](C)OC(C)=O)=C(COC(N)=O)CS[C@@H]12)c1ccco1,SMILES,0,88
8388,COC(=O)[C@H]1NC(=O)[C@H]2NC(=O)[C@@H](NC(=O)[C@H]3NC(=O)[C@H]4NC(=O)[C@@H](NC(=O)[C@H](N)c5ccc(O)c(c5)Oc5cc4cc(O)c5C)[C@H](O)c4ccc(c(Cl)c4)Oc4cc3cc(c4O)Oc3ccc(cc3Cl)[C@H]2O[C@H]2O[C@@H](CO)[C@H](O)[C@H](O)[C@H]2NC(C)=O)c2ccc(O)c(c2)-c2c(O)cc(O)cc21,SMILES,0,88
8389,COCC1=C(C(=O)O)N2C(=O)[C@@H](NC(=O)C(=NOC)c3csc(N)n3)[C@H]2SC1,SMILES,0,88
8390,COCOC(=O)[C@H]1N2C(=O)[C@@H](N3C(=O)[C@H](c4ccc(O)cc4)NC3(C)C)[C@H]2SC1(C)C,SMILES,0,88
8391,CON=C(C(=O)N[C@H]1C(=O)N2C(C(=O)O)=C(CSc3nc(=O)c(=O)[nH]n3C)CS[C@@H]12)c1csc(N)n1,SMILES,0,88
8392,CON=C(C(=O)N[C@H]1C(=O)N2C(C(=O)O)=C(CSc3nc(C)c(CC(=O)O)s3)CS[C@@H]12)c1csc(N)n1,SMILES,0,88
8393,CO[C@H]1C=CO[C@@]2(C)Oc3c(C)c(O)c4c(O)c(c(/C=N/N5CCN(C)CC5)c(O)c4c3C2=O)NC(=O)C(C)=CC=C[C@H](C)[C@H](O)[C@H](C)[C@H](O)[C@H](C)[C@@H](OC(C)=O)[C@@H]1C,SMILES,0,88
8394,CO[C@H]1C=CO[C@@]2(C)Oc3c(C)c(O)c4c(O)c(c(/C=N/N5CCN(C6CCCC6)CC5)c(O)c4c3C2=O)NC(=O)C(C)=CC=C[C@H](C)[C@H](O)[C@H](C)[C@H](O)[C@H](C)[C@@H](OC(C)=O)[C@@H]1C,SMILES,0,88
8395,CO[C@H]1C=CO[C@@]2(C)Oc3c(C)c(O)c4c(O)c(c5c(nc6cc(C)ccn65)c4c3C2=O)NC(=O)C(C)=CC=C[C@H](C)[C@H](O)[C@H](C)[C@H](O)[C@H](C)[C@@H](OC(C)=O)[C@@H]1C,SMILES,0,88
8397,CO[C@H]1C[C@H](O[C@H]2[C@H](C)[C@@H](O[C@H]3O[C@H](C)C[C@@H](N(C)C)[C@@H]3O)[C@H](C)C[C@@]3(CO3)C(=O)[C@H](C)[C@H](O)[C@H](C)[C@H](C)OC(=O)[C@@H]2C)O[C@H](C)[C@@H]1O,SMILES,0,88
8398,CO[C@H]1C[C@H](O[C@H]2[C@H](C)[C@@H](O[C@H]3O[C@H](C)C[C@@H](N(C)C)[C@H]3OC(C)=O)[C@H](C)C[C@@]3(CO3)C(=O)[C@H](C)[C@@H](OC(C)=O)[C@H](C)[C@H](C)OC(=O)[C@@H]2C)O[C@H](C)[C@H]1OC(C)=O,SMILES,0,88
8399,CO[C@@H]1[C@H](O[C@H]2O[C@H](C)[C@@H](O[C@H]3C[C@@](C)(O)[C@H](O)[C@H](C)O3)[C@@H](N(C)C)[C@@H]2O)[C@H](CC=O)C[C@@H](C)[C@H](O[C@H]2CC[C@@H](N(C)C)[C@H](C)O2)C=CC=CC[C@@H](C)OC(=O)C[C@H]1O,SMILES,0,88
8400,CO[C@@H]1[C@H](O[C@H]2O[C@H](C)[C@@H](O[C@H]3C[C@@](C)(O)[C@@H](OC(=O)CC(C)C)[C@H](C)O3)[C@@H](N(C)C)[C@@H]2O)[C@H](CC=O)C[C@@H](C)[C@@H](O)C=CC=CC[C@@H](C)OC(=O)C[C@H]1OC(C)=O,SMILES,0,88
8401,COc1cc([C@H]2c3cc4c(cc3[C@@H](O[C@H]3O[C@H]5CO[C@H](c6cccs6)O[C@H]5[C@H](O)[C@@H]3O)[C@H]3COC(=O)[C@@H]23)OCO4)cc(OC)c1OC,SMILES,0,88
8403,COc1cc2c(cc1OC)[C@H](Cc1cc(OC)c(OC)c(OC)c1)[N@+](C)(CCCOC(=O)CC/C=C/CCC(=O)OCCC[N@+]1(C)CCc3cc(OC)c(OC)cc3[C@@H]1Cc1cc(OC)c(OC)c(OC)c1)CC2,SMILES,0,88
8404,COc1cc2c3cc1Oc1cc(ccc1O)C[C@@H]1c4c(cc(OC)c(O)c4Oc4ccc(cc4)C[C@@H]3[N+](C)(C)CC2)CC[N+]1(C)C,SMILES,0,88
8406,COc1ccc([C@H]2Sc3ccccc3N(CCN(C)C)C(=O)[C@H]2OC(C)=O)cc1,SMILES,0,88
8407,COc1cccc2c1C(=O)c1c(O)c3c(c(O)c1C2=O)C[C@](O)(C(C)=NNC(=O)c1ccccc1)C[C@H]3O[C@H]1C[C@H](N)[C@H](O)[C@H](C)O1,SMILES,0,88
8408,C[C@@H](CN(C)C)O[C@@](C)(c1ccccc1)c1ccc(Cl)cc1,SMILES,0,88
8409,C[C@@H]1NC(=O)[C@@H](NC(=O)c2ncccc2O)[C@@H](C)OC(=O)[C@H](c2ccccc2)NC(=O)[C@H]2CC(=O)CCN2C(=O)[C@@H](Cc2ccc(N(C)C)cc2)N(C)C(=O)[C@H]2CCCN2C1=O,SMILES,0,88
8410,C[C@H]1[C@@H](O)[C@H](C)C=CC=CC=CC=CC=CC=CC=C[C@](O)(O[C@@H]2O[C@@H](C)[C@@H](O)[C@H](N)[C@@H]2O)C[C@@H]2O[C@@](O)(C[C@@H](O)C[C@@H](O)[C@H](O)CC[C@@H](O)C[C@@H](O)CC(=O)O[C@H]1C)C[C@@H](O)[C@H]2C(=O)O,SMILES,0,88
8411,C[C@@H]1O[C@@H](O[C@H]2[C@@H](O)[C@H](O)[C@H](O[C@H]3[C@@H](O)[C@H](O)[C@@H](O)O[C@@H]3CO)O[C@@H]2CO)[C@@H](O)[C@@H](O)[C@@H]1N[C@@H]1C=C(CO)[C@H](O)[C@H](O)[C@H]1O,SMILES,0,88
8415,C[C@H](O)[C@H]1C(=O)N2C(C(=O)O)=C(F)S[C@@H]12,SMILES,0,88
8416,C[C@H](O)[C@H]1C(=O)N2C(C(=O)O)=C(SCCN=CN)C[C@@H]12,SMILES,0,88
8417,C[C@H](O)[C@H]1C(=O)N2C(C(=O)O)=C(S[C@@H]3CC[C@H](C(=O)N(C)C)N3)[C@@H](C)[C@H]12,SMILES,0,88
8418,C[C@H]1c2cccc(O)c2C(O)=C2C(=O)[C@@]3(O)C(O)=C(C(N)=O)C(=O)[C@@H](N(C)C)[C@H]3[C@H](O)[C@H]21,SMILES,0,88
8419,C[N+](C)(CCOc1ccccc1)Cc1ccccc1,SMILES,0,88
8420,C[N+]1(C)CCC[C@@H]1COC(=O)C(O)(c1ccccc1)c1ccccc1,SMILES,0,88
8422,Cc1c2oc3c(C)ccc(C(=O)N[C@@H]4C(=O)N[C@H](C(C)C)C(=O)N5CCC[C@@H]5C(=O)N(C)CC(=O)N(C)[C@@H](C(C)C)C(=O)O[C@H]4C)c3nc-2c(C(=O)N[C@H]2C(=O)N[C@H](C(C)C)C(=O)N3CCC[C@H]3C(=O)N(C)CC(=O)N(C)[C@H](C(C)C)C(=O)O[C@@H]2C)c(N)c1=O,SMILES,0,88
8423,Cc1cnn(-c2c(Cl)cccc2Cl)c1C(=O)N[C@H]1C(=O)N2[C@H]1SC(C)(C)[C@H]2C(=O)O,SMILES,0,88
8424,Cc1nnc(SCC2=C(C(=O)OCc3oc(=O)oc3C)N3C(=O)[C@H](NC(=O)[C@H](OC(=O)[C@H](C)N)c4ccccc4)[C@@H]3SC2)s1,SMILES,0,88
8425,Cc1onc(-c2c(F)cccc2Cl)c1C(=O)N[C@H]1C(=O)N2[C@H]1SC(C)(C)[C@H]2C(=O)O,SMILES,0,88
8426,Cc1onc(-c2ccccc2)c1C(=O)N[C@H]1C(=O)N2[C@@H]1SC(C)(C)[C@@H]2C(=O)O,SMILES,0,88
8427,N#CC(=Cc1ccc(O)cc1)/C(C#N)=C\c1ccc(O)cc1,SMILES,0,88
8428,N#C[C@H](O[C@@H]1O[C@@H](CO[C@@H]2O[C@@H](CO)[C@@H](O)[C@H](O)[C@@H]2O)[C@@H](O)[C@H](O)[C@@H]1O)c1ccccc1,SMILES,0,88
8429,N=C(NCCCCNC(=N)NC(=N)Nc1ccc(Cl)cc1)NC(=N)Nc1ccc(Cl)cc1,SMILES,0,88
8430,NCC[C@@H](O)C(=O)N[C@@H]1C[C@H](N)[C@H](O[C@@H]2O[C@@H](CN)CC[C@@H]2N)[C@H](O)[C@@H]1O[C@@H]1O[C@@H](CO)[C@@H](O)[C@H](N)[C@@H]1O,SMILES,0,88
8432,NC[C@@H]1O[C@@H](O[C@H]2[C@H](O)[C@@H](O[C@@H]3O[C@@H](CO)[C@@H](O)[C@H](N)[C@@H]3O)[C@@H](N)C[C@@H]2N)[C@@H](N)C[C@@H]1O,SMILES,0,88
8433,NC[C@@H]1O[C@@H](O[C@@H]2[C@H](O[C@@H]3O[C@H](CO)[C@H](OC[C@@H]4O[C@@H](CN)[C@@H](O)[C@@H](O)[C@@H]4N)[C@H]3O)[C@@H](O)[C@@H](N)C[C@@H]2N)[C@@H](N)[C@H](O)[C@@H]1O,SMILES,0,88
8434,NNC(=O)NNN1C(=O)c2cc(S(=O)(=O)O)cc3c(N)c(S(=O)(=O)O)cc(c23)C1=O,SMILES,0,88
8435,N[C@@H](C(=O)N[C@H]1C(=O)N2C(C(=O)O)=C(CSc3cn[nH]n3)CS[C@@H]12)c1ccc(O)cc1,SMILES,0,88
8436,O=C(COCCOCCOCC(=O)Nc1c(I)cc(I)c(C(=O)O)c1I)Nc1c(I)cc(I)c(C(=O)O)c1I,SMILES,0,88
8437,O=C(O)CCC(=O)Nc1ccc(S(=O)(=O)Nc2nccs2)cc1,SMILES,0,88
8439,O=C(O)c1ccccc1C(=O)Nc1ccc(S(=O)(=O)Nc2nccs2)cc1,SMILES,0,88
8440,O=CN(O)CCCP(=O)(O)O,SMILES,0,88
8441,O=P(O)(O)C(Cc1ccc(Cl)cc1)P(=O)(O)O,SMILES,0,88
8442,OC[C@@H]1O[C@@H](OC[C@@H]2O[C@@H](O[C@]3(CO)O[C@@H](CO)[C@H](O)[C@@H]3O)[C@@H](O)[C@@H](O)[C@@H]2O)[C@@H](O)[C@@H](O)[C@@H]1O,SMILES,0,88
8444,ON=Cc1cc[n+](COC[n+]2ccc(/C=N/O)cc2)cc1,SMILES,0,88
8445,C[N+]1(CC2CC2)CC[C@]23c4c5ccc(O)c4O[C@H]2C(=O)CC[C@@]3(O)[C@H]1C5,SMILES,0,88
8446,COc1cccc(CC(=O)N2CCN(C(C)=O)CC2CN2CCC(O)C2)c1,SMILES,0,88
8447,C[N+]12CCC(CC1)C(OC(=O)C(O)(c1ccccc1)[C+]1CCCCC1)C2,SMILES,0,88
8448,O=C(N/N=C/c1ccc([N+](=O)[O-])o1)c1ccc(O)cc1,SMILES,0,88
8449,c1ccc2[nH]c(-c3cscn3)nc2c1,SMILES,0,88
8450,CC(=O)CC(c1ccc([N+](=O)[O-])cc1)c1c(O)c2ccccc2oc1=O,SMILES,0,88
8451,CC(=O)CCCCn1c(=O)c2c(ncn2C)n(C)c1=O,SMILES,0,88
8452,CC(C)(C#N)c1cc(Cn2cncn2)cc(C(C)(C)C#N)c1,SMILES,0,88
8454,CC(C)C(=O)Nc1ccc([N+](=O)[O-])c(C(F)(F)F)c1,SMILES,0,88
8455,CC(C)NCC(O)COc1ccc(COCCOC(C)C)cc1,SMILES,0,88
8456,CC1(C)NC(=O)N(c2ccc([N+](=O)[O-])c(C(F)(F)F)c2)C1=O,SMILES,0,88
8457,CC1=Nc2ccc(Cl)cc2S(=O)(=O)N1,SMILES,0,88
8458,CCC1=C(C)CN(C(=O)NCCc2ccc(S(=O)(=O)NC(=O)NC3CCC(C)CC3)cc2)C1=O,SMILES,0,88
8460,CCCCNc1cc(C(=O)O)cc(S(N)(=O)=O)c1Oc1ccccc1,SMILES,0,88
8461,CCCc1cc(=O)[nH]c(=S)[nH]1,SMILES,0,88
8462,CCCc1nc2c(C)cc(-c3nc4ccccc4n3C)cc2n1Cc1ccc(-c2ccccc2C(=O)O)cc1,SMILES,0,88
8463,CCN(CC)CC#CCOC(=O)C(O)(c1ccccc1)C1CCCCC1,SMILES,0,88
8464,CCOC(=O)Nc1ccc2c(c1)N(C(=O)CCN1CCOCC1)c1ccccc1S2,SMILES,0,88
8465,CCOC(=O)n1ccn(C)c1=S,SMILES,0,88
8466,CCn1nc(C(=O)O)c(=O)c2cc3c(cc21)OCO3,SMILES,0,88
8467,CN(C(=O)C(Cl)Cl)c1ccc(O)cc1,SMILES,0,88
8468,CN(CCOc1ccc(NS(C)(=O)=O)cc1)CCc1ccc(NS(C)(=O)=O)cc1,SMILES,0,88
8469,CN(Cc1cc(Br)cc(Br)c1N)C1CCCCC1,SMILES,0,88
8470,COC(=O)Nc1nc2ccc(C(=O)c3ccccc3)cc2[nH]1,SMILES,0,88
8471,COc1cc2nc(N3CCN(C(=O)C4COc5ccccc5O4)CC3)nc(N)c2cc1OC,SMILES,0,88
8472,COc1ccc2c(c1)C(=O)N(CCc1ccc(S(=O)(=O)NC(=O)NC3CCCCC3)cc1)C(=O)C2(C)C,SMILES,0,88
8473,COc1ccnc(C[S+]([O-])c2nc3ccc(OC(F)F)cc3[nH]2)c1OC,SMILES,0,88
8475,Cc1[nH]cnc1CN1CCc2c(c3ccccc3n2C)C1=O,SMILES,0,88
8476,Cc1ccc(C)c(OCCCC(C)(C)C(=O)O)c1,SMILES,0,88
8477,Cc1ccc(S(=O)(=O)NC(=O)NN2CC3CCCC3C2)cc1,SMILES,0,88
8478,Cc1cccc(Nc2ccncc2S(=O)(=O)NC(=O)NC(C)C)c1,SMILES,0,88
8479,Cc1cnc(C(=O)NCCc2ccc(S(=O)(=O)NC(=O)NC3CCCCC3)cc2)cn1,SMILES,0,88
8480,Cc1nnc(NS(=O)(=O)c2ccc(N)cc2)s1,SMILES,0,88
8481,Clc1ccc2c(c1)CCc1cccnc1C2=C1CCNCC1,SMILES,0,88
8482,Clc1ccccc1CN1CCc2sccc2C1,SMILES,0,88
8483,Cn1cc[nH]c1=S,SMILES,0,88
8484,N#Cc1ccc(C(c2ccc(C#N)cc2)n2cncn2)cc1,SMILES,0,88
8485,Nc1ccc(O)c(C(=O)O)c1,SMILES,0,88
8486,O=C(NCCO[N+](=O)[O-])c1cccnc1,SMILES,0,88
8487,O=C(O)c1cccnc1,SMILES,0,88
8489,O=C1CN2Cc3c(ccc(Cl)c3Cl)N=C2N1,SMILES,0,88
8490,O=C1OC2(c3ccc(O)cc3Oc3cc(O)ccc32)c2ccccc21,SMILES,0,88
8491,c1ccc(CN(CC2=NCCN2)c2ccccc2)cc1,SMILES,0,88
8492,Cc1[nH]c(=O)c(C#N)cc1-c1ccncc1,SMILES,0,88
8493,Nc1cc(-c2ccncc2)c[nH]c1=O,SMILES,0,88
8494,CC1=CC(O)CC(=O)Cc2nc(co2)C(=O)N2CCC=C2C(=O)OC(C(C)C)C(C)/C=C\C(=O)NCC=C1,SMILES,0,88
8495,COc1cc(C2c3cc4c(cc3C(OC3OC5COC(c6cccs6)OC5C(O)C3O)C3COC(=O)C23)OCO4)cc(OC)c1O,SMILES,0,88
8496,OCC1CCC(n2cnc3c(O)ncnc32)O1,SMILES,0,88
8497,CC(C)NC[C@H](O)COc1ccc(CC(N)=O)cc1,SMILES,0,88
8499,O=C(c1ccccc1)c1ccc2n1CC[C@@H]2C(=O)O,SMILES,0,88
8500,C/N=C(/C[N+](=O)[O-])NCCSCc1ccc(CN(C)C)o1,SMILES,0,88
8502,CN1C(C(=O)/N=c2/cccc[nH]2)=C(O)c2sccc2S1(=O)=O,SMILES,0,88
8503,CO/N=C(\C(=O)NC1C(=O)N2C(C(=O)O)=C(COC(C)=O)CS(=O)[C@@H]12)c1csc(N)n1,SMILES,0,88
8504,C[C@H](O)C1C(=O)N2C(C(=O)O)=C(SCC/N=C/N)C[C@@H]12,SMILES,0,88
8505,COCC1=C(C(=O)O)N2C(=O)[C@H](NC(=O)/C(=N/O)c3csc(N)n3)[C@@H]2SC1,SMILES,0,88
8506,C=CC1=C(C(=O)O)N2C(=O)C(NC(=O)/C(=N/O)c3csc(N)n3)[C@@H]2SC1,SMILES,0,88
8507,CO/N=C(/C(=O)NC1C(=O)N2C(C(=O)O)=C(C)CS[C@@H]12)c1csc(N)n1,SMILES,0,88
8508,CO/N=C(/C(=O)NC1C(=O)N2C(C(=O)O)=C(COC(C)=O)CS[C@@H]12)c1csc(N)n1,SMILES,0,88
8510,CO/N=C(/C(=O)NC1C(=O)N2C(C(=O)O)=C(COC(C)=O)CS(=O)[C@@H]12)c1csc(N)n1,SMILES,0,88
8511,CO/N=C(/C(=O)NC1C(=O)N2C(C(=O)O)=C(CSc3nc(=O)c(O)nn3C)CS[C@@H]12)c1csc(N)n1,SMILES,0,88
8512,CO/N=C(/C(=O)NC1C(=O)N2C(C(=O)O)=C(CSc3cnns3)CS[C@@H]12)c1csc(N)n1,SMILES,0,88
8513,CN/C(=N\C#N)NCCSCc1nc[nH]c1C,SMILES,0,88
8514,CC(C)/N=c1\cc2n(-c3ccc(Cl)cc3)c3ccccc3nc-2cc1Nc1ccc(Cl)cc1,SMILES,0,88
8515,CN(C)[C@@H]1C(O)=C(C(N)=O)C(=O)C2(O)C(O)=C3C(=O)c4c(O)cccc4[C@@H](O)[C@H]3C[C@@H]12,SMILES,0,88
8516,CN(C)[C@@H]1C(O)=C(C(N)=O)C(=O)C2(O)C(O)=C3C(=O)c4c(O)ccc(Cl)c4C(C)(O)[C@H]3C[C@@H]12,SMILES,0,88
8517,CC(C(=O)O)c1ccc(-c2ccccc2)c(F)c1,SMILES,0,88
8518,C=CCc1cccc(/C=N\NC(=O)CN2CCN(Cc3ccc(S(N)(=O)=O)cc3)CC2)c1O,SMILES,0,88
8519,CC(O)Nc1cccc(-c2csc(NC(N)N)n2)c1,SMILES,0,88
8521,CN=C(NC#N)Nc1cccc(-c2csc(N=C(N)N)n2)c1,SMILES,0,88
8523,CC(=O)NC1C(O)OC(COS(=O)(=O)O)C(OC2OC(COS(=O)(=O)O)C(O)C(O)C2O)C1O,SMILES,0,88
8524,NC(N)=Nc1nc(-c2ccc(O)c(O)c2)cs1,SMILES,0,88
8525,CC(=O)NC1C(O)OC(COS(=O)(=O)[O-])C(OC2OC(COS(=O)(=O)[O-])C(O)C(O)C2O)C1O,SMILES,0,88
8526,CN(Cc1cnc2nc(N)nc(N)c2n1)c1ccc(C(=O)N[C@H](CCC(=O)[O-])C(=O)[O-])cc1,SMILES,0,88
8527,CN(Cc1cnc2nc(N)nc(N)c2n1)c1ccc(C(=O)NC(CCC(=O)[O-])C(=O)[O-])cc1,SMILES,0,88
8528,NCC(CC(=O)O)c1ccc(Cl)cc1,SMILES,0,88
8531,CC(C)CC(=O)c1ccc(OCCCCOc2ccc3ccc(=O)oc3c2)cc1O,SMILES,0,88
8532,CCNc1cccnc1N1CCN(C(=O)c2cc3cc(NS(C)(=O)=O)ccc3[nH]2)CC1,SMILES,0,88
8533,CO[C@H]1/C=C/O[C@@]2(C)Oc3c(C)c(O)c4c(O)c(c(/C=N/N5CCN(C)CC5)c(O)c4c3C2=O)NC(=O)C/C(C)=C\C=C\[C@@H](C)C(O)[C@@H](C)[C@H](O)[C@H](C)[C@H](OC(C)=O)[C@@H]1C,SMILES,0,88
8535,Cc1ccc(NC(=O)c2ccc(CN3CCN(C)CC3)cc2)cc1Nc1nccc(-c2cccnc2)n1,SMILES,0,88
8537,CCc1cccc2c3c([nH]c12)[C@](CC)(CC(=O)[O-])OCC3,SMILES,0,88
8538,CCc1cccc2c3c([nH]c12)C(CC)(CC(=O)[O-])OCC3,SMILES,0,88
8539,CNC(NC#N)NCCSCc1nc[nH]c1C,SMILES,0,88
8541,CNC(=NCCSCc1[nH]cnc1C)NC#N,SMILES,0,88
8542,CC(C)NC(O)COc1ccc(CC(N)=O)cc1,SMILES,0,88
8543,CN=C(NC#N)NCCSCC1=NC=NC1C,SMILES,0,88
8544,CNC(=NC#N)NCCSCC1=NC=NC1C,SMILES,0,88
8545,CC1(C(=O)O)CCC2(C)CCC3(C)C(=CC(=O)C4C5(C)CCC(O)C(C)(C)C5CCC43C)C2C1,SMILES,0,88
8548,CCCn1c(=O)c2nc(C3CCC(=O)C3)[nH]c2n(CCC)c1=O,SMILES,0,88
8549,COC(=O)Nc1nc2cc(C(=O)N3CCN(c4ccccn4)CC3)ccc2[nH]1,SMILES,0,88
8550,CCCc1nc(C)c2c(=O)[nH]c(-c3cc(S(=O)(=O)N4CCN(CC)CC4)ccc3OCC)nn12,SMILES,0,88
8551,COC(=O)Nc1nc2ccc(C(=O)N3CCN(c4ccccn4)CC3)cc2[nH]1,SMILES,0,88
8552,COc1nccc(-c2c(-c3ccc(F)cc3)ncn2C2CCC(O)CC2)n1,SMILES,0,88
8553,NCc1c[n+]2ccccc2[nH]1,SMILES,0,88
8555,C/N=C(\NC#N)NCCSCc1nc[nH]c1C,SMILES,0,88
8557,CC1(C(=O)[O-])CCC2(C)CCC3(C)C(=CC(=O)C4C5(C)CCC(O)C(C)(C)C5CCC43C)C2C1,SMILES,0,88
8558,Cc1ccccc1NC1=[NH+]CCN1,SMILES,0,88
8561,Cc1ccccc1NC1=NCCN1,SMILES,0,88
8562,CC(C)c1c(C(=O)Nc2ccccc2)c(-c2ccccc2)c(-c2ccc(F)cc2)n1CC[C@@H](O)C[C@@H](O)CC(=O)O,SMILES,0,88
8565,CN1Cc2c(-c3noc(CC(C)(C)O)n3)ncn2-c2cccc(Cl)c2C1=O,SMILES,0,88
8566,CN1Cc2c(-c3noc(C(C)(C)O)n3)ncn2-c2cccc(O)c2C1=O,SMILES,0,88
8568,O=c1nc[nH]c2c1ncn2C1CCC(CO)O1,SMILES,0,88
8570,Cc1ccc(NC2=[NH+]CCN2)c(C)c1,SMILES,0,88
8571,CN(C)Cc1ccc(CSCCNc2ncc(Cc3ccc4ccccc4c3)c(=O)[nH]2)o1,SMILES,0,88
8572,N#CC(c1ccc(Cl)cc1)c1c(Cl)cc(-n2ncc(=O)[nH]c2=O)cc1Cl,SMILES,0,88
8573,Cc1ccc(NC2=NCCN2)c(C)c1,SMILES,0,88
8574,CN(C)Cc1ccc(CSCCNC2NCC(Cc3ccc4ccccc4c3)C(O)N2)o1,SMILES,0,88
8575,OC[C@@H]1CCC(n2cnc3c(O)ncnc32)O1,SMILES,0,88
8577,COc1ccc(NS(=O)(=O)c2sc3ccc(Cl)cc3c2C)cc1N1CCNCC1,SMILES,0,88
8578,COc1cccnc1CCCCNc1ncc(Cc2cccc(C)n2)c(=O)[nH]1,SMILES,0,88
8579,Cc1ccc(N=C2N(C)CCN2C)c(C)c1,SMILES,0,88
8580,Cc1nc(Nc2ncc(C(=O)Nc3c(Cl)cccc3Cl)s2)cc(N2CCN(CCO)CC2)n1,SMILES,0,88
8581,NCC1(Cc2noc(=O)[nH]2)CCCCC1,SMILES,0,88
8582,Nc1nc(NCCc2ccc(O)cc2)nc2nc(-c3ccco3)nn12,SMILES,0,88
8583,O=C(O)Cc1ccccc1Nc1c(Cl)cccc1Cl,SMILES,0,88
8585,OC[C@@H]1CC[C@H](n2cnc3c(O)ncnc32)O1,SMILES,0,88
8586,COc1ccc2c(c1)c(CC(=O)[O-])c(C)n2C(=O)c1ccc(Cl)cc1,SMILES,0,88
8587,O=C([O-])c1ccc(-c2ccccc2)cc1,SMILES,0,88
8588,COc1ccc2c(c1)C(CC(=O)O)C(C)N2C(=O)c1ccc(Cl)cc1,SMILES,0,88
8589,COc1ccc2c(c1)c(CC(O)O)c(C)n2C(O)c1ccc(Cl)cc1,SMILES,0,88
8590,COc1ccc2c(c1)[C@@H](CC(=O)O)[C@H](C)N2C(=O)c1ccc(Cl)cc1,SMILES,0,88
8591,C[C@@H]1O[C@@H](O[C@@H]2CC[C@]3(C)[C@H](CC[C@@H]4[C@@H]3C[C@H](O)[C@@]3(C)[C@@H](C5=CC(=O)OC5)CC[C@@]43O)C2)C[C@@H](O)[C@@H]1O[C@@H]1C[C@@H](O)[C@H](O[C@@H]2C[C@@H](O)[C@H](O)[C@@H](C)O2)[C@@H](C)O1,SMILES,0,88
8593,CN=C(C[N+](=O)[O-])NCCSCc1ccc(CN(C)C)o1,SMILES,0,88
8594,CNC(C[N+](=O)[O-])=NCCSc1ccc(CN(C)C)o1,SMILES,0,88
8595,CN/C(=C/[N+](=O)[O-])NCCSc1ccc(CN(C)C)o1,SMILES,0,88
8596,CN/C(=N\C[N+](=O)[O-])NCCSCc1coc(CN(C)C)c1,SMILES,0,88
8597,CN=C(C[N+](=O)[O-])NCCCSc1ccc(CN(C)C)o1,SMILES,0,88
8598,C[C@H]1O[C@@H](O[C@H]2[C@@H](O)C[C@H](O[C@H]3[C@@H](O)C[C@H](O[C@H]4CC[C@@]5(C)[C@H](CC[C@@H]6[C@@H]5C[C@@H](O)[C@]5(C)C(C7=CC(=O)OC7)CC[C@]65O)C4)O[C@@H]3C)O[C@@H]2C)C[C@H](O)[C@@H]1O,SMILES,0,88
8601,CC(C)(C)[NH2+]C[C@@H](O)c1ccc(O)c(CO)c1,SMILES,0,88
8602,CC(C)(C)[NH2+]CC(O)c1ccc(O)c(CO)c1,SMILES,0,88
8604,CCS(=O)(=O)n1c2c(c3cc(C(=O)N4CCC(C)CC4)ccc31)CN(C1CCOCC1)CC2,SMILES,0,88
8605,Nc1cccc(-c2csc(NC(N)N)n2)c1,SMILES,0,88
8606,NC(N)=Nc1nc(-c2cccc(N)c2)c[sH+]1,SMILES,0,88
8608,CCCCCCCCCCCCCCCCOP(=O)(O)OCC[N+](C)(C)C,SMILES,0,88
8610,CCCCCCCCCCCCCCCCOP(=O)([O-])OCC[N+](C)(C)C,SMILES,0,88
8611,CN(C)Cc1ccc(SCCNc2[nH]ccc2[N+](=O)[O-])o1,SMILES,0,88
8612,CC(C)C[C@H]1C(=O)N2CCC[C@H]2[C@]2(O)O[C@](NC(=O)[C@@H]3C=C4c5cccc6[nH]c(Br)c(c56)C[C@H]4[N@H+](C)C3)(C(C)C)C(=O)N12,SMILES,0,88
8613,CC(C)CC1C(=O)N2CCCC2C2(O)OC(NC(=O)C3C=C4c5cccc6[nH]c(Br)c(c56)CC4[NH+](C)C3)(C(C)C)C(=O)N12,SMILES,0,88
8614,CN1CC(C(=O)NC2(C)OC3(O)C4CCCN4C(=O)C(Cc4ccccc4)N3C2=O)CC2C3=CC=CC4NC=CC(=C34)CC21,SMILES,0,88
8615,Oc1ccccc1C(O)O,SMILES,0,88
8616,Cc1ccc(Cc2cnc(NCCSCc3ccc(CN(C)C)o3)[nH]c2=O)cn1,SMILES,0,88
8618,Cc1ccc(CC2CNC(NCCSCc3ccc(CN(C)C)o3)NC2O)cn1,SMILES,0,88
8619,Cc1ccc(Cc2cnc(NCCSCc3ccc(C[NH+](C)C)o3)[nH]c2=O)cn1,SMILES,0,88
8620,CNC(=NC#N)NCCSCc1[nH]cnc1C,SMILES,0,88
8621,CN(C)CCc1c[nH]c2ccc(C[C@H]3COC(=O)N3)cc12,SMILES,0,88
8622,CC[C@]1(O)C[C@H]2C[N@@H+](CCc3c([nH]c4ccccc34)[C@@](C(=O)OC)(c3cc4c(cc3OC)N(C=O)[C@H]3[C@@](O)(C(=O)OC)[C@H](OC(C)=O)[C@]5(CC)C=CC[N@@H+]6CC[C@]43[C@@H]65)C2)C1,SMILES,0,88
8624,CN(C)CCc1c[nH]c2ccc(CC3COC(=O)N3)cc12,SMILES,0,88
8625,CN(C)C(=O)Cn1nc(-c2c(-c3ccccc3)nn3ccccc23)ccc1=O,SMILES,0,88
8626,COC(=O)[C@H]1C(=O)C=C(Nc2cccc([N+](=O)[O-])c2)C[C@H]1C,SMILES,0,88
8627,COc1cc2c(cc1C[NH2+][C@@H]1[C@@H]3CC[N@@H+](C3)[C@@H]1C(c1ccccc1)c1ccccc1)N(S(C)(=O)=O)CC2,SMILES,0,88
8628,COC(=O)C1C(=O)C=C(Nc2cccc([N+](=O)[O-])c2)CC1C,SMILES,0,88
8629,COc1cc2c(cc1C[NH2+]C1C3CC[NH+](C3)C1C(c1ccccc1)c1ccccc1)N(S(C)(=O)=O)CC2,SMILES,0,88
8630,COc1cc2c(cc1CNC1C3CCN(C3)C1C(c1ccccc1)c1ccccc1)N(S(C)(=O)=O)CC2,SMILES,0,88
8631,Clc1cccc(C(c2ccc3[nH]cnc3c2)n2ccnc2)c1,SMILES,0,88
8632,O=C(O)CCCCO/N=C(/c1cccnc1)c1cccc(C(F)(F)F)c1,SMILES,0,88
8634,CN1CC(=O)N2C(Cc3c([nH]c4ccccc34)C2c2ccc3c(c2)OCO3)C1=O,SMILES,0,88
8635,COC(=O)[C@@H]1C(=O)C=C(Nc2cccc([N+](=O)[O-])c2)C[C@H]1C,SMILES,0,88
8637,CC(C)(C)c1ccc(C(=O)N2CCN(c3ccc(OCCCN4CCCCC4)cc3)C(=O)C2)cc1,SMILES,0,88
8639,CCOC(=O)NNc1ccc(N(CC(C)O)C(C)C)nn1,SMILES,0,88
8640,COc1cc(N)cn[n+]1-c1ccccc1,SMILES,0,88
8643,Clc1cccc(C(c2ccc3nc[nH]c3c2)n2ccnc2)c1,SMILES,0,88
8644,O=C(O)CCCCO/N=C(\c1cccnc1)c1cccc(C(F)(F)F)c1,SMILES,0,88
8645,O=C(c1ccc(C(=O)N2CCN(c3ccc(OC4CCN(C5CCC5)CC4)cc3)C(=O)C2)cc1)N1CCC1,SMILES,0,88
8646,Oc1cc(-c2nc(-c3ccccc3)[nH]c2-c2ccncc2)ccc1Cl,SMILES,0,88
8647,C=C1c2c(Cl)ccc(O)c2C(=O)C2=C(O)[C@]3(O)C(=O)C(C(N)=O)=C(O)[C@@H](N(C)C)[C@@H]3[C@@H](O)[C@H]12,SMILES,0,88
8648,C=C1c2cccc(O)c2C(=O)C2=C(O)[C@]3(O)C(=O)C(C(N)=O)=C(O)[C@@H](N(C)C)[C@@H]3[C@@H](O)[C@H]12,SMILES,0,88
8649,C=CCNc1nc(NCC=C)nc(N2CCN(C(c3ccc(F)cc3)c3ccc(F)cc3)CC2)n1,SMILES,1,88
8650,C=C[C@H]1CN2CC[C@H]1C[C@H]2[C@H](O)c1ccnc2ccc(OC)cc12,SMILES,0,88
8651,CC(=O)C1=C(O)[C@H](N)[C@@H]2Cc3c(c(O)c4c(O)c(C)ccc4c3C)C(=O)[C@]2(O)C1=O,SMILES,0,88
8652,CC(=O)NCCCS(=O)(=O)O,SMILES,0,88
8653,CC(=O)NC[C@H]1CN(c2ccc(N3CCOCC3)c(F)c2)C(=O)O1,SMILES,1,88
8654,CC(=O)N[C@H]1[C@@H]([C@@H](O)[C@H](O)CO)OC(C(=O)O)=C[C@H]1NC(=N)N,SMILES,0,88
8655,CC(=O)O[C@H]1C(=O)[C@@]2(C)[C@H]([C@H](OC(=O)c3ccccc3)[C@]3(O)C[C@H](OC(=O)[C@H](O)[C@@H](NC(=O)c4ccccc4)c4ccccc4)C(C)=C1C3(C)C)[C@]1(OC(C)=O)CO[C@@H]1C[C@@H]2O,SMILES,0,88
8656,CC(=O)Oc1cc(C(C)C)c(OCCN(C)C)cc1C,SMILES,1,88
8657,CC(=O)c1ccc(S(=O)(=O)N=C(O)NC2CCCCC2)cc1,SMILES,1,88
8658,CC(C)(C)C(=O)OCOC(=O)C1N2C(=O)C(/N=C/N3CCCCCC3)C2SC1(C)C,SMILES,0,88
8659,CC(C)(C)NC(=O)[C@@H]1CN(Cc2cccnc2)CCN1C[C@@H](O)C[C@H](Cc1ccccc1)C(=O)N[C@H]1c2ccccc2C[C@H]1O,SMILES,0,88
8660,CC(C)(C)NC[C@H](O)COc1ccccc1C1CCCC1,SMILES,1,88
8662,CC(C)=CCCC(C)(OC1OC(CO)C(O)C(O)C1O)C1CCC2(C)C1C(O)CC1C3(C)CCC(O)C(C)(C)C3C(OC3OC(CO)C(O)C(O)C3O)CC12C,SMILES,0,88
8663,CC(C)=CCCC(C)(OC1OC(CO)C(O)C(O)C1O)C1CCC2(C)C1C(O)CC1C3(C)CCC(O)C(C)(C)C3C(OC3OC(CO)C(O)C(O)C3OC3OCC(O)C(O)C3O)CC12C,SMILES,0,88
8665,CC(C)COc1cccc(CC(=O)N2CCNc3nc(C(F)(F)F)ccc3C2CC(=O)O)c1,SMILES,0,88
8666,CC(C)N1CCCC1CNC(=O)c1cn(C2CCCC2)c(=O)c2c1c1ccccc1n2C,SMILES,1,88
8667,CC(C)NC(=N)NC(=N)Nc1ccc(Cl)cc1,SMILES,1,88
8668,CC(C)[C@H]1CC[C@@H](C(=O)N[C@H](Cc2ccccc2)C(=O)O)CC1,SMILES,1,88
8669,CC(C)c1cc(CNC(=O)c2ccc(Cl)c(OC3CCN(C)CC3)c2)on1,SMILES,1,88
8671,CC(C)n1c(/C=C/[C@@H](O)C[C@@H](O)CC(=O)O)c(-c2ccc(F)cc2)c2ccccc21,SMILES,1,88
8672,CC(Cc1ccccc1)[n+]1c/c(=N\C(=O)Nc2ccccc2)o[n-]1,SMILES,1,88
8673,CC(NC(=O)C(C)(Cc1c[nH]c2ccccc12)NC(=O)OCc1cc2ccccc2o1)c1ccccc1,SMILES,1,88
8674,CC(NC(=O)C(Cc1c[nH]c2ccccc12)(CN(C)C)NC(=O)OCc1cc2ccccc2o1)c1ccccc1,SMILES,1,88
8675,CC1(C(=O)O)CCC2(C)CCC3(C)C(=CC(=O)C4C5(C)CCC(OC6OC(C(=O)O)C(O)C(O)C6OC6OC(C(=O)O)C(O)C(O)C6O)C(C)(C)C5CCC43C)C2C1,SMILES,1,88
8677,CC1(C)S[C@@H]2[C@H](/N=C/N3CCCCCC3)C(=O)N2[C@H]1C(=O)O,SMILES,0,88
8678,CC1(C)S[C@@H]2[C@H](NC(=O)C(/N=C/c3ccco3)c3ccc(O)cc3)C(=O)N2[C@H]1C(=O)O,SMILES,0,88
8679,CC1(C)S[C@@H]2[C@H](NC(=O)[C@H](C(=O)O)c3ccsc3)C(=O)N2[C@H]1C(=O)O,SMILES,0,88
8680,CC1(C)S[C@@H]2[C@H](NC(=O)[C@H](NC(=O)CNC(=N)c3ccncc3)c3ccccc3)C(=O)N2[C@H]1C(=O)O,SMILES,0,88
8682,CC1(C)S[C@@H]2[C@H](NC(=O)[C@H](NC(=O)c3cnc4cccnc4c3O)c3ccccc3)C(=O)N2[C@H]1C(=O)O,SMILES,0,88
8683,CC1(C)S[C@@H]2[C@H](NC(=O)[C@]34C[C@H]5C[C@@H](C[C@](N)(C5)C3)C4)C(=O)N2[C@H]1C(=O)O,SMILES,0,88
8684,CC1(c2cc(NC(=O)c3ccc(C#N)cn3)ccc2F)N=C(N)COC1F,SMILES,1,88
8685,CC1(c2cc(NC(=O)c3ccc(Cl)cn3)ccc2F)COCC(N)=N1,SMILES,1,88
8686,CC1=C(CC(=O)O)c2cc(F)ccc2/C1=C/c1ccc(S(C)=O)cc1,SMILES,1,88
8688,CC1=CCCC1NC(=O)Nc1ccc(Cl)c(S(=O)(=O)C(C)(C)C(F)(F)F)c1O,SMILES,1,88
8690,CC1=CCCC1NC(=O)Nc1ccc(Cl)c(S(=O)(=O)C(C)(C)CF)c1O,SMILES,1,88
8693,CC1=CCCC1NC(=O)Nc1ccc(Cl)c(S(=O)(=O)C2CC(N(C)C)C2)c1O,SMILES,0,88
8694,CC1=CCCC1NC(=O)Nc1ccc(Cl)c(S(=O)(=O)C2CC(N3CCCC3)C2)c1O,SMILES,0,88
8695,CC1CCC2(OC1)OC1CC3C4CC=C5CC(O)CC(O)C5(C)C4CCC3(C)C1C2C,SMILES,0,88
8696,CC1CCC2(OC1)OC1CC3C4CC=C5CC(O)CC(OC6OC(C)C(O)C(OC7OCC(O)C(O)C7O)C6OC6OC(C)C(O)C(O)C6O)C5(C)C4CCC3(C)C1C2C,SMILES,0,88
8697,CC1CCC2(OC1)OC1CC3C4CC=C5CC(O)CCC5(C)C4CCC3(C)C1C2C,SMILES,0,88
8698,CC1OC(OC2CCC3(C)C(CCC4(C)C3C=CC35OCC6(CCC(C)(C)CC63)C(O)CC45C)C2(C)CO)C(O)C(OC2OC(CO)C(O)C(O)C2O)C1O,SMILES,0,88
8700,CCC(=C(CC)c1ccc(O)cc1)c1ccc(O)cc1,SMILES,1,88
8701,CCC(C(N)=O)(C(N)=O)c1ccccc1,SMILES,1,88
8703,CCC1=C(C)CN(C(=O)NCCc2ccc(S(=O)(=O)NC(=O)N[C@H]3CC[C@H](C)CC3)cc2)C1=O,SMILES,1,88
8704,CCCC(=O)Nc1ccc(OC[CH]CNC(C)C)c(C(C)=O)c1,SMILES,1,88
8705,CCCCC(=O)N(Cc1ccc(-c2ccccc2-c2nnn[nH]2)cc1)[C@H](C(=O)O)C(C)C,SMILES,1,88
8706,CCCCN(c1ccc(C)nc1)C1CCN(c2ncnc3sc(C)c(C)c23)CC1,SMILES,1,88
8708,CCCCOC[C@H](CN1C(=O)N(C[C@H](COCCCC)OC(N)=O)C(=O)[C@@](CC)(c2ccccc2)C1=O)OC(N)=O,SMILES,1,88
8709,CCCC[N+]1(C)[C@@H]2C[C@@H](OC(=O)[C@@H](CO)c3ccccc3)C[C@@H]1[C@H]1O[C@H]12,SMILES,0,88
8712,CCCOC(C(=O)OC1CCN(C)CC1)(c1ccccc1)c1ccccc1,SMILES,1,88
8713,CCN(CC)c1cc(C)nc2ncnn12,SMILES,1,88
8715,CCOC(=O)N1CCC(CN2CCC3(CC2)CN(C(=O)N(C)C)c2ncccc23)CC1,SMILES,1,88
8717,CCOc1ccc(CC2CC(C(=O)NO)C2)cc1-c1nc2c(CC)nn(C)c2c(=O)[nH]1,SMILES,0,88
8718,CCOc1ccc(OC2CCN(c3ncc(C(=O)NO)cn3)CC2)cc1-c1nc2c(CC)nn(C)c2c(=O)[nH]1,SMILES,0,88
8719,CC[C@H]1OC(=O)[C@H](C)[C@@H](O[C@H]2C[C@@](C)(OC)[C@@H](O)[C@H](C)O2)[C@H](C)[C@@H](O[C@@H]2O[C@H](C)C[C@H](N(C)C)[C@H]2O)[C@](C)(O)C[C@@H](C)/C(=N\OC)[C@H](C)[C@@H](O)[C@]1(C)O,SMILES,0,88
8720,CC[C@]1(CCC(C)C)C(=O)N=C(O)N=C1O,SMILES,1,88
8722,CCc1c(C)[n+]([N-])c(-c2ccc(OC)c(OC)c2)c2cc(OC)c(OC)cc12,SMILES,1,88
8723,CCc1ccc(Oc2cc(N3CCC(C(=O)N4CCc5ccccc5C4)CC3)ncn2)cc1,SMILES,1,88
8725,CCc1oc2ccccc2c1C(=O)c1cc(Br)c(O)c(Br)c1,SMILES,1,88
8726,CCn1cc(C(=O)O)c(=O)c2cc(F)c(N3CCN[C@@H](C)C3)c(F)c21,SMILES,1,88
8728,CN(C)C(=N)NC(=N)N,SMILES,1,88
8729,CN(C)C(=O)Oc1cccc([N+](C)(C)C)c1,SMILES,0,88
8730,CN(C)C1C(O)=C(C(=O)NCNC(C(=O)NC2C(=O)N3C2SC(C)(C)C3C(=O)O)c2ccccc2)C(=O)[C@@]2(O)C(O)=C3C(=O)c4c(O)cccc4C(C)(O)C3CC12,SMILES,0,88
8732,CN(C)Cc1ccc(CSCCNc2ncc(Cc3ccc4ccccc4c3)c(O)n2)o1,SMILES,0,88
8733,CN(C)[C@@H]1C(O)=C(C(=O)NC(C(=O)O)N2CCN(CCO)CC2)C(=O)[C@@]2(O)C(O)=C3C(=O)c4c(O)cccc4[C@@](C)(O)[C@H]3C[C@@H]12,SMILES,0,88
8735,CN(C)[C@@H]1C(O)=C(C(=O)NCN2CCCC2)C(=O)[C@@]2(O)C(O)=C3C(=O)c4c(O)cccc4[C@@](C)(O)[C@H]3C[C@@H]12,SMILES,0,88
8737,CN(C)[C@@H]1C(O)=C(C(=O)NCN2CCN(CCO)CC2)C(=O)[C@@]2(O)C(O)=C3C(=O)c4c(O)cccc4[C@@](C)(O)[C@H]3C[C@@H]12,SMILES,0,88
8739,CN(C)[C@@H]1C(O)=C(C(=O)NCO)C(=O)[C@@]2(O)C(O)=C3C(=O)c4c(O)ccc(Cl)c4[C@@](C)(O)[C@H]3C[C@@H]12,SMILES,0,88
8740,CN(C)[C@@H]1C(O)=C(C(N)=O)C(=O)[C@@]2(O)C(O)=C3C(=O)c4c(O)ccc(Cl)c4[C@@H](O)[C@H]3C[C@@H]12,SMILES,0,88
8742,CN(C)[C@@H]1C(O)=C(C(N)=O)C(=O)[C@@]2(O)C(O)=C3C(=O)c4c(O)ccc([N+](=O)[O-])c4C[C@H]3C[C@@H]12,SMILES,0,88
8743,CN(C)[C@@H]1C(O)=C(C(N)=O)C(=O)[C@@]2(O)C(O)=C3C(=O)c4c(O)cccc4[C@@H](O)[C@H]3C[C@@H]12,SMILES,0,88
8744,CN(C)[C@@H]1C(O)=C(C(N)=O)C(=O)[C@@]2(O)C(O)=C3C(=O)c4c(O)cccc4[C@@](C)(O)C3[C@H](O)[C@@H]12,SMILES,0,88
8745,CN(C)[C@@H]1C(O)=C(C(N)=O)C(=O)[C@@]2(O)C(O)=C3C(=O)c4c(O)cccc4[C@@](C)(O)[C@H]3C[C@@H]12,SMILES,0,88
8746,CN(C)[C@@H]1C(O)=C(C(N)=O)C(=O)[C@@]2(O)C(O)=C3C(=O)c4c(ccc(N)c4O)C[C@H]3C[C@@H]12,SMILES,0,88
8747,CN(C)[C@H]1C(O)=C(C(N)=O)C(=O)[C@@]2(O)C(=O)C3=C(O)c4c(O)cccc4[C@@](C)(O)[C@@H]3[C@H](O)[C@@H]12,SMILES,1,88
8748,CN(CCN(C)CNC(=O)C1=C(O)[C@@H](N(C)C)[C@@H]2C[C@H]3C(=C(O)[C@]2(O)C1=O)C(=O)c1c(O)cccc1[C@@]3(C)O)CNC(=O)C1=C(O)[C@@H](N(C)C)[C@@H]2C[C@H]3C(=C(O)[C@]2(O)C1=O)C(=O)c1c(O)cccc1[C@@]3(C)O,SMILES,0,88
8749,CN/C(=C\[N+](=O)[O-])NCCSCc1csc(CN(C)C)n1,SMILES,1,88
8750,CN1C(=O)C(N2CCc3c(nn(Cc4ccccc4)c3Cl)C2=O)COc2cc(C#N)ccc21,SMILES,1,88
8751,CN1C(=O)[C@@](C)(C2=CCCCC2)C(=O)N=C1O,SMILES,1,88
8752,CN1CCC23c4c5ccc(O)c4OC2C(OC2OC(C(=O)O)C(O)C(O)C2O)C=CC3C1C5,SMILES,0,88
8753,CN1CCC23c4c5ccc(OC6OC(C(=O)O)C(O)C(O)C6O)c4OC2C(O)C=CC3C1C5,SMILES,0,88
8754,CN1CCN(CCCCN2C(=O)CN(/N=C/c3ccc(-c4ccc(Cl)cc4)o3)C2=O)CC1,SMILES,1,88
8755,CN1[C@@H]2CCC[C@H]1C[C@@H](NC(=O)c1nn(C)c3ccccc13)C2,SMILES,1,88
8757,CN1[C@@H]2CC[C@H]1C[C@H](NC(=O)c1cn(C3CCCCC3)c3ccccc3c1=O)C2,SMILES,1,88
8758,CN1[C@@H]2CC[C@H]1C[C@H](OC(=O)[C@@H](CO)c1ccccc1)C2,SMILES,1,88
8759,CN1[C@@H]2C[C@@H](OC(=O)[C@@H](CO)c3ccccc3)C[C@H]1[C@@H]1O[C@H]12,SMILES,1,88
8762,CNC(=NC#N)NCCSCc1csc(NC(=N)N)n1,SMILES,1,88
8763,CNCCC[C@]12CC[C@H](c3ccccc31)c1ccccc12,SMILES,1,88
8765,CN[C@@H]1[C@H](O[C@H]2[C@H](O[C@H]3[C@H](O)[C@@H](O)[C@H](NC(=N)N)[C@@H](O)[C@@H]3NC(=N)N)O[C@@H](C)[C@]2(O)C=O)O[C@@H](CO)[C@H](O)[C@H]1O,SMILES,0,88
8767,CO/N=C(/C(=O)N[C@@H]1C(=O)N2C(C(=O)[O-])=C(C[N+]3(C)CCCC3)CS[C@H]12)c1csc(N)n1,SMILES,0,88
8769,CO/N=C(/C(=O)N[C@@H]1C(=O)N2C(C(=O)[O-])=C(C[n+]3ccc(N)n3CCO)CS[C@H]12)c1csc(N)n1,SMILES,0,88
8770,CO/N=C(/C(=O)N[C@@H]1C(=O)N2C(C(=O)[O-])=C(C[n+]3cccc4c3CCCC4)CS[C@H]12)c1csc(N)n1,SMILES,0,88
8771,CO/N=C(/C(=O)N[C@H]1C(=O)N(OCC(=O)OCC(=O)OC(C)(C)C)[C@@H]1C)c1csc(N)n1,SMILES,0,88
8773,CO/N=C(/C(=O)N[C@H]1C(=O)N2C(C(=O)O)=C(COC(C)=O)CS(=O)[C@@H]12)c1csc(N)n1,SMILES,0,88
8775,CO/N=C(/C(=O)N[C@H]1C(=O)N2C(C(=O)O)=C(CSc3nc(=O)c(=O)[nH]n3C)CS[C@@H]12)c1csc(N)n1,SMILES,0,88
8776,CO/N=C(/C(=O)N[C@H]1C(=O)N2C(C(=O)O)=C(CSc3nc(C)c(CC(=O)O)s3)CS[C@@H]12)c1csc(N)n1,SMILES,0,88
8777,CO/N=C(/C(=O)N[C@H]1C(=O)N2C(C(=O)O)=C(CSc3nnnn3C)CS[C@@H]12)c1csc(N)n1,SMILES,0,88
8778,CO/N=C(/C(=O)N[C@H]1C(=O)N2C(C(=O)O)=C(Cn3nnc(C)n3)CS[C@@H]12)c1csc(N)n1,SMILES,0,88
8780,CO/N=C(\C(=O)N[C@@H]1C(=O)N(OCC(=O)O)[C@H]1C)c1csc(N)n1,SMILES,0,88
8782,CO/N=C(\C(=O)N[C@@H]1C(=O)N2C(C(=O)OC(C)OC(=O)C(C)(C)OC)=C(COC(N)=O)CS[C@H]12)c1ccco1,SMILES,0,88
8783,CO/N=C(\C(=O)N[C@@H]1C(=O)N2C(C(=O)OCOC(=O)C(C)(C)C)=CCS[C@H]12)c1csc(NC(=O)[C@H](C)N)n1,SMILES,0,88
8784,CO/N=C(\C(=O)N[C@@H]1C(=O)N2C(C(=O)[O-])=C(C[n+]3cccc4c3CCC4)CS[C@H]12)c1csc(N)n1,SMILES,0,88
8785,CO/N=C(\C(=O)N[C@@H]1C(=O)N2C(C(=O)[O-])=C(C[n+]3ccn4ncccc43)CS[C@H]12)c1nsc(N)n1,SMILES,0,88
8786,COCC(NC(=O)N1CC(=O)Nc2cc(OC)cnc21)c1ccc(OC(F)(F)F)c(F)c1,SMILES,1,88
8787,COCCCOc1ccnc(CS(=O)c2nc3ccccc3[nH]2)c1C,SMILES,1,88
8788,COCCOc1cnc(NS(=O)(=O)c2ccccc2)nc1,SMILES,1,88
8789,CON=C(C(=O)N[C@H]1C(=O)N2C(C(=O)O)=C(CSc3nc(=O)c(O)nn3C)CS[C@@H]12)c1csc(N)n1,SMILES,0,88
8790,CO[C@@]1(NC(=O)CSC[C@@H]([NH3+])C(=O)[O-])C(=O)N2C(C(=O)O)=C(CSc3nnnn3C)CS[C@@H]21,SMILES,0,88
8791,CO[C@H]1C=CO[C@@]2(C)Oc3c(C)c(O)c4c(O)c(c(/C=N/N5CCN(C)CC5)c(O)c4c3C2=O)NC(=O)C(C)=CC=C[C@H](C)[C@H](O)[C@@H](C)[C@@H](O)[C@@H](C)[C@H](OC(C)=O)[C@@H]1C,SMILES,0,88
8792,CO[C@H]1C=CO[C@@]2(C)Oc3c(C)c(O)c4c(O)c(c(/C=N/N5CCN(C6CCCC6)CC5)c(O)c4c3C2=O)NC(=O)C(C)=CC=C[C@H](C)[C@H](O)[C@@H](C)[C@@H](O)[C@@H](C)[C@H](OC(C)=O)[C@@H]1C,SMILES,0,88
8793,CO[C@H]1C=CO[C@@]2(C)Oc3c(C)c(O)c4c(c3C2=O)C2=NC3(CCN(CC(C)C)CC3)NC2=C(NC(=O)C(C)=CC=C[C@H](C)[C@H](O)[C@@H](C)[C@@H](O)[C@@H](C)[C@H](OC(C)=O)[C@@H]1C)C4=O,SMILES,0,88
8794,COc1cc(C)c(S(C)=O)cc1OC,SMILES,1,88
8795,COc1cc(N)c(Cl)cc1C(=O)N[C@@H]1CCN(CCCOc2ccc(F)cc2)C[C@@H]1OC,SMILES,1,88
8798,COc1cc2nc(N3CCN(C(=O)C4CCCO4)CC3)nc(N)c2cc1OC,SMILES,0,88
8799,COc1ccc(-c2coc3cc(O)ccc3c2=O)cc1,SMILES,1,88
8801,COc1ccc(-n2nc3c4ccc(OC)cc4[nH]cc-3c2=O)cc1,SMILES,1,88
8803,COc1ccc(C23c4ccccc4C(=O)N2CCN3C(=O)c2cc(F)c(F)c(F)c2)cc1C,SMILES,1,88
8804,COc1ccc(C=CC(=O)O)cc1O,SMILES,0,88
8805,COc1ccc(CCN(C)CCCN2CCc3cc(OC)c(OC)cc3CC2=O)cc1OC,SMILES,1,88
8806,COc1ccc(CN2CCOC(COc3ccccc3)C2)cc1F,SMILES,1,88
8807,COc1ccc(CNC(=O)C2CCN(c3c(C#N)cnc4ccc(F)cc34)CC2)cc1F,SMILES,1,88
8808,COc1ccc(N2CCN(c3c(C)c(C)c4c(c3C)C(=O)C(C)(C)O4)CC2)cc1,SMILES,1,88
8809,COc1ccc(N2CCN(c3c(C)c(C)c4c(c3C)CC(C)(C)O4)CC2)cc1,SMILES,1,88
8810,COc1ccc(N2CCN(c3nc(-c4ccncn4)cc(=O)n3C)C(C)C2)cc1,SMILES,1,88
8811,COc1ccc([C@]2(C#N)CC[C@H](C(=O)O)CC2)cc1OC1CCCC1,SMILES,1,88
8812,COc1ccc2[nH]c([S@](=O)Cc3ncc(C)c(OC)c3C)nc2c1,SMILES,0,88
8813,COc1ccc2c(CN3CCC(F)(F)C(CCc4ccc(F)cc4)C3)c[nH]c2c1,SMILES,1,88
8814,COc1ccc2c(CN3CCC(F)(F)C(CCc4cccc(F)c4)C3)c[nH]c2c1,SMILES,1,88
8815,COc1ccc2c(c1)CCN(C(=O)C1CCN(c3c(C#N)cnc4ccc(F)cc34)CC1)C2,SMILES,1,88
8816,COc1ccc2cc(CCC(C)=O)ccc2c1,SMILES,1,88
8817,COc1ccc2cc3[n+](cc2c1OC)CCc1cc2c(cc1-3)OCO2,SMILES,1,88
8818,COc1cccc(C(=O)N[C@@H]2C[C@H]3CC[C@@H](C2)N3Cc2ccccc2)c1OC,SMILES,1,88
8820,COc1cccc(C2=NC(C(F)(F)F)(C(F)(F)F)c3c(n(-c4ccc(Cl)cc4)c(=O)[nH]c3=O)N2)c1,SMILES,0,88
8821,COc1cccc2c1C(=O)c1c(O)c3c(c(O)c1C2=O)C[C@@](O)(/C(C)=N\NC(=O)c1ccccc1)C[C@@H]3O[C@H]1C[C@H](N)[C@H](O)[C@H](C)O1,SMILES,0,88
8822,COc1ccccc1-n1nc2c3cc(Cl)ccc3[nH]cc-2c1=O,SMILES,1,88
8823,COc1ccccc1N1CCN(CCCNc2cc(=O)n(C)c(=O)n2C)CC1,SMILES,1,88
8824,COc1cccnc1CCCCNc1ncc(Cc2ccc(C)nc2)c(O)n1,SMILES,0,88
8826,COc1cnc(C(=O)Nc2ccc(F)c(C3(C)N=C(N)COC3F)c2)cn1,SMILES,1,88
8827,COc1cncc(N2CC(NC(=O)c3sc4nnc(C)c(C)c4c3N)C2)c1,SMILES,0,88
8828,COc1nn(-c2ccc(C)cc2)c2cc(-c3ccc(C4CC4C(=O)O)cc3)cc(F)c12,SMILES,1,88
8829,COc1nn(-c2ccccn2)c2cc(-c3ccc(C4CC4C(=O)O)cc3)cc(F)c12,SMILES,1,88
8830,COc1nn(-c2ccccn2)c2cc(-c3ccc(C4CC4C(=O)O)cc3)ccc12,SMILES,1,88
8832,CSc1ccc2ncn(/C=C/C(=O)O)c(=O)c2c1,SMILES,1,88
8834,C[C@@H](O)[C@H]1C(=O)N2C(C(=O)[O-])=C(SC3Cn4cnc[n+]4C3)[C@H](C)[C@H]12,SMILES,0,88
8835,C[C@@H]1[C@@H](NC(=O)/C(=N\OC(C)(C)C(=O)O)c2csc(N)n2)C(=O)N1S(=O)(=O)O,SMILES,0,88
8837,C[C@H](O)[C@H]1C(=O)N2C(C(=O)O)=C(SCCNC=N)C[C@@H]12,SMILES,0,88
8838,C[C@H]1CN(c2c(F)c(N)c3c(=O)c(C(=O)O)cn(C4CC4)c3c2F)C[C@H](C)N1,SMILES,1,88
8839,C[C@]12C=CC(=O)C=C1CC[C@@H]1[C@@H]2[C@@H](O)C[C@@]2(C)[C@H]1CC[C@]2(O)C(=O)COC(=O)CCC(=O)O,SMILES,1,88
8840,C[C@]12C[C@@H]3CC(N)(C1)C[C@@](C)(C3)C2,SMILES,1,88
8841,C[N+](C)(C)CCCCCC[N+](C)(C)C,SMILES,0,88
8842,C[N+]1(CCCS(=O)(=O)[O-])C2CCC1CC(OC(=O)C(CO)c1ccccc1)C2,SMILES,0,88
8844,Cc1cc(C23c4ccccc4C(=O)N2CCN3C(=O)c2ccc(F)c(F)c2)ccc1Cl,SMILES,1,88
8845,Cc1cc(CC(=O)O)n(C)c1C(=O)c1ccc(Cl)cc1,SMILES,1,88
8847,Cc1ccc(-n2nc(C)c3ccc(-c4ccc(C5CC5C(=O)O)cc4)cc32)cc1,SMILES,1,88
8848,Cc1ccc(-n2nc(C)c3cnc(-c4ccc(C5CC5C(=O)O)cc4F)cc32)nc1,SMILES,1,88
8849,Cc1ccc(C(=O)c2ccc(CC(=O)O)n2C)cc1,SMILES,1,88
8850,Cc1ccc(CN2CCC(F)(F)C(CCc3ccccc3)C2)cc1C,SMILES,1,88
8852,Cc1ccc(OC2CCN(c3c(C#N)cnc4ccc(F)cc34)CC2)cn1,SMILES,1,88
8853,Cc1ccc(OC2CCN(c3cc(C)nc4ccc(F)cc34)CC2)cn1,SMILES,1,88
8855,Cc1ccc(OC2CCN(c3ncnc4ccc(F)cc34)CC2)cn1,SMILES,1,88
8859,Cc1cccc(C)c1NC(=O)NCCCNC(C)C,SMILES,1,88
8860,Cc1cnc(CS(=O)c2nc3ccccc3[nH]2)cc1OCC(F)(F)F,SMILES,1,88
8861,Cc1coc2c1C(=O)C(=O)c1c-2ccc2c1CCCC2(C)C,SMILES,1,88
8862,Cc1ncc(OC2CCN(c3ncnc4sc(C)c(C)c34)CC2)cn1,SMILES,1,88
8863,Cc1nn(CC(F)CN2C3CCC2CC(OCc2cccc(F)c2)C3)c(=O)n1C,SMILES,1,88
8864,Cc1nnc2sc(C(=O)NC3CN(C(=O)c4ccncc4)C3)c(N)c2c1C,SMILES,0,88
8866,Cc1nnc2sc(C(=O)NC3CN(c4cccc(F)c4F)C3)c(N)c2c1C,SMILES,1,88
8868,Cc1nnc2sc(C(=O)NC3CN(c4cccnc4)C3)c(N)c2c1C,SMILES,0,88
8869,Cc1nnc2sc(C(=O)NC3CN(c4ccncn4)C3)c(N)c2c1C,SMILES,0,88
8870,Cc1nnc2sc(C(=O)NC3CN(c4cnccn4)C3)c(N)c2c1C,SMILES,0,88
8871,Cc1nnc2sc(C(=O)NC3CN(c4cncnc4)C3)c(N)c2c1C,SMILES,0,88
8872,Cc1nnc2sc(C(=O)NC3CN(c4nc5cccnc5s4)C3)c(N)c2c1C,SMILES,1,88
8873,Cc1nnc2sc(C(=O)NCc3ccc(-c4ccc(F)nc4)cc3)c(N)c2c1C,SMILES,1,88
8877,Cc1nnc2sc(C(=O)NCc3ccc(S(=O)(=O)C(C)(C)C)cc3)c(N)c2c1C,SMILES,1,88
8878,Cc1nnc2sc(C(=O)NCc3ccc(S(=O)(=O)C(C)C)cc3)c(N)c2c1C,SMILES,0,88
8881,Cc1nnc2sc(C(=O)NCc3ccc(S(=O)(=O)C4CC4)cc3)c(N)c2c1C,SMILES,0,88
8883,Cc1nnc2sc(C(=O)NCc3ccc(S(C)(=O)=O)cc3)c(N)c2c1C,SMILES,0,88
8886,Cc1sc2ncnc(N3CCC(C(=O)N4CCC(F)C4)CC3)c2c1C,SMILES,1,88
8888,Cc1sc2ncnc(N3CCC(Oc4ccc(Cl)nc4)CC3)c2c1C,SMILES,1,88
8890,Clc1ccc(CN2CCOC(COc3ccccc3)C2)cc1,SMILES,1,88
8891,Clc1ccc(CN2CCOC(CSc3ccccc3)C2)cc1,SMILES,1,88
8892,Clc1ccc2c(CN3CCOC(COc4ccccc4)C3)c[nH]c2c1,SMILES,1,88
8894,Cn1c2c(c(=O)n(C)c1=O)C(C(F)(F)F)(C(F)(F)F)N=C(c1cccc([N+](=O)[O-])c1)N2,SMILES,0,88
8895,Cn1c2c(c(=O)n(C)c1=O)C(C(F)(F)F)(C(F)(F)F)NC(c1ccc(Cl)cc1)=N2,SMILES,1,88
8896,Cn1cc(-c2ccc(CN3Cc4ncccc4C3=O)c(F)c2)cn1,SMILES,1,88
8897,Cn1cc2c(-c3cc(F)c(CN4C=CC5=NCCN5C4=O)c(F)c3)cccc2n1,SMILES,1,88
8898,Cn1cc2c(-c3cc(F)c(CN4CCc5ncccc5C4=O)c(F)c3)cccc2n1,SMILES,1,88
8900,Cn1cc2c(-c3cc(F)c(Cn4cnc5ccccc5c4=O)c(F)c3)cccc2n1,SMILES,1,88
8901,Cn1cc2c(-c3cc(F)c(Cn4cnc5cnccc5c4=O)c(F)c3)cccc2n1,SMILES,1,88
8902,Cn1cc2cc(-c3cc(F)c(CN4CCn5nccc5C4=O)c(F)c3)ccc2n1,SMILES,1,88
8904,Cn1cnc(S(=O)(=O)N2CC3C(C2)C3(CNC(=O)c2c(Cl)cccc2Cl)CC2CC2)c1,SMILES,1,88
8906,Cn1cnc(S(=O)(=O)N2CC3C(C2)C3(CNC(=O)c2ccc(Cl)c(Cl)c2)CC2CC2)c1,SMILES,1,88
8907,Cn1cnc(S(=O)(=O)N2CC3C(C2)C3(CNC(=O)c2ccc(Cl)cc2)CC2CC2)c1,SMILES,1,88
8908,Cn1cnc(S(=O)(=O)N2CC3C(C2)C3(CNC(=O)c2ccc(Cl)cc2Cl)CC2CC2)c1,SMILES,1,88
8909,Cn1cnc(S(=O)(=O)N2CC3C(C2)C3(CNC(=O)c2ccc(Cl)cc2Cl)c2ccccn2)c1,SMILES,1,88
8910,Cn1cnc(S(=O)(=O)N2CC3C(C2)C3(CNC(=O)c2cccc(C(F)(F)F)c2)CC2CC2)c1,SMILES,1,88
8911,Cn1cnc(S(=O)(=O)N2CC3C(C2)C3(CNC(=O)c2ccccc2C(F)(F)F)CC2CC2)c1,SMILES,1,88
8912,Cn1cnc(S(=O)(=O)N2CC3C(C2)C3(CNC(=O)c2ccccc2C(F)(F)F)c2ccccn2)c1,SMILES,1,88
8913,Cn1cnc(S(=O)(=O)N2CC3C(C2)C3(CNC(=O)c2ccccc2Cl)CC2CC2)c1,SMILES,1,88
8914,Cn1ncc2cc(CN3CCOC(COc4ccccc4)C3)ccc21,SMILES,1,88
8916,Fc1ccc(CCC2CN(Cc3c[nH]c4cc(F)ccc34)CCC2(F)F)cc1,SMILES,1,88
8917,Fc1ccc2c(CN3CCC(F)(F)C(CCc4ccccc4)C3)c[nH]c2c1,SMILES,1,88
8919,Fc1ccccc1CCC1CN(Cc2c[nH]c3cc(Cl)ccc23)CCC1(F)F,SMILES,1,88
8921,N#Cc1cnc2ccc(F)cc2c1N1CCC(C(=O)Nc2ccc(S(N)(=O)=O)cc2)CC1,SMILES,1,88
8922,N#Cc1csc(NC(=O)C2c3ccccc3Oc3ccccc32)n1,SMILES,1,88
8923,N/C(=N/O)C1=NNc2ccccc2N(Cc2ccccc2)C1=O,SMILES,1,88
8924,N=C(N)N/N=C/c1c(Cl)cccc1Cl,SMILES,1,88
8926,N=C(N)NC[C@@H]1COc2ccccc2O1,SMILES,1,88
8927,N=C(N)Nc1nc(-c2cccc(N)c2)cs1,SMILES,0,88
8928,NC(=O)CCC/N=C(\c1ccc(Cl)cc1)c1cc(F)ccc1O,SMILES,1,88
8929,NC(=O)OC[C@@H]1[C@H](NC(=O)/C(=N/OCC(=O)O)c2csc(N)n2)C(=O)N1S(=O)(=O)O,SMILES,0,88
8930,NC(=O)c1cc[n+](CC2=C(C(=O)[O-])N3C(=O)[C@@H](NC(=O)Cc4cccs4)[C@H]3SC2)cc1,SMILES,0,88
8931,NC(=O)c1cc[n+](CC2=C(C(=O)[O-])N3C(=O)[C@@H](NC(=O)[C@@H](c4ccccc4)S(=O)(=O)O)[C@H]3SC2)cc1,SMILES,0,88
8932,NC(N)=NC(=O)Cc1c(Cl)cccc1Cl,SMILES,1,88
8933,NC[C@H]1CC[C@@H](C(=O)O)CC1,SMILES,1,88
8934,N[C@@H](C(=O)N[C@@H]1C(=O)N2C(C(=O)O)=C(CSc3c[nH]nn3)CS[C@H]12)c1ccc(O)cc1,SMILES,0,88
8935,N[C@@H]1[C@H]2CN(c3nc4c(cc3F)c(=O)c(C(=O)O)cn4-c3ccc(F)cc3F)C[C@@H]12,SMILES,1,88
8936,N[C@]12CC3C[C@H](C[C@H](C3)C1)C2,SMILES,1,88
8938,Nc1nc(N2CCCCC2)cc[n+]1[O-],SMILES,1,88
8939,Nc1nc(O)c2c(n1)NCC(CNc1ccc(C(=O)NC(CCC(=O)O)C(=O)O)cc1)N2C=O,SMILES,1,88
8940,Nc1ncc(/C(=N/OC2CCNC2=O)C(=O)N[C@@H]2C(=O)N3C(C(=O)[O-])=C(C[n+]4ccccc4)CS[C@H]23)s1,SMILES,0,88
8941,O=C(C1CCN(c2cc(Oc3ccc(F)cc3F)ncn2)CC1)N1Cc2ccccc2C1,SMILES,1,88
8942,O=C(C1CCN(c2cc(Oc3ccccc3F)ncn2)CC1)N1CCc2ccccc2C1,SMILES,1,88
8943,O=C(C=Cc1ccc(O)c2c1C(C(=O)OC(Cc1ccc(O)c(O)c1)C(=O)O)C(c1ccc(O)c(O)c1)O2)OC(Cc1ccc(O)c(O)c1)C(=O)O,SMILES,0,88
8944,O=C(COc1ccc(Cl)cc1)OCCN[C@]12CC3C[C@H](C[C@H](C3)C1)C2,SMILES,1,88
8945,O=C(Cc1cccc(Oc2ccccc2)c1)N1CCNc2nc(C(F)(F)F)ccc2C1,SMILES,1,88
8946,O=C(Cc1cccs1)N[C@@H]1C(=O)N2C(C(=O)[O-])=C(C[n+]3ccccc3)CS[C@H]12,SMILES,0,88
8947,O=C(NCCN1CCN(c2ncccn2)CC1)[C@]12C[C@H]3C[C@@H](C[C@H](C3)C1)C2,SMILES,1,88
8948,O=C(NCCc1ccc(O)c(O)c1)[C@]12CC3C[C@H](C[C@H](C3)C1)C2,SMILES,1,88
8949,O=C(Nc1ccc(F)cn1)c1cc(Oc2cncc(F)c2)cn2cnnc12,SMILES,1,88
8950,O=C(Nc1ccc(F)cn1)c1cc(Oc2cncc(F)c2)cn2ncnc12,SMILES,1,88
8953,O=C(O)[C@H]1CCN1[C@]12CC3C[C@H](C[C@H](C3)C1)C2,SMILES,1,88
8954,O=C(O)c1cc(-c2ccc(F)cc2F)ccc1O,SMILES,1,88
8955,O=C(O[C@H]1C[C@@H]2C[C@H]3C[C@H](C1)N2CC3=O)c1c[nH]c2ccccc12,SMILES,1,88
8956,O=C(c1ccc(F)cc1)N1CCc2nc(COc3cccc(F)c3)oc2C1,SMILES,1,88
8958,O=C1C=CCC2C3CCCN4CCCC(CN12)C34,SMILES,1,88
8960,O=C1CC(c2c[nH]c3ccc(F)cc23)C(=O)N1,SMILES,1,88
8961,O=C1CCCC2C3CCCN4CCCC(CN12)C34,SMILES,0,88
8962,O=C1CCCC2C3CCC[N+]4([O-])CCCC(CN12)C34,SMILES,0,88
8963,O=C1c2ccccc2C(=O)C1c1ccccc1,SMILES,1,88
8964,O=Cc1ccc(O)c(O)c1,SMILES,0,88
8966,O=[N+]([O-])C1C(NCCSCc2ccccn2)=NCC1Cc1ccccc1,SMILES,1,88
8967,O=[N+]([O-])c1ccc(O)c2ncccc12,SMILES,1,88
8968,O=c1c2ccncc2ncn1Cc1c(F)cc(-c2ccc3cnccc3c2)cc1F,SMILES,1,88
8969,O=c1ccc2cc3ccoc3cc2o1,SMILES,1,88
8972,c1c2c(cc3c1OCO3)-c1cc3ccc4c(c3c[n+]1CC2)OCO4,SMILES,1,88
8973,CC(=O)O[C@@H](CC(=O)[O-])C[N+](C)(C)C,SMILES,1,88
8974,COc1ccc2[nH]cc(CCNC(C)=O)c2c1,SMILES,1,88
8975,CC(=O)N[C@@H](CC(C)C)C(=O)O,SMILES,1,88
8977,CCN1CCC[C@@H]1CNC(=O)c1cc(S(=O)(=O)CC)c(N)cc1OC,SMILES,1,88
8978,O[C@](CCN1CCCCC1)(c1ccccc1)[C@@H]1C[C@@H]2C=C[C@H]1C2,SMILES,1,88
8979,CCCCN1CCCC[C@H]1C(=O)Nc1c(C)cccc1C,SMILES,1,88
8980,C[C@@H]1O[C@]2(CS1)CN1CCC2CC1,SMILES,1,88
8981,C/N=C1/CN(O)C(c2ccccc2)=c2cc(Cl)ccc2=N1,SMILES,1,88
8983,C[C@H](CN1c2ccccc2Sc2ccc(S(=O)(=O)N(C)C)cc21)N(C)C,SMILES,1,88
8986,O=C(OC[C@H](O)CO)c1ccccc1Nc1ccnc2cc(Cl)ccc12,SMILES,1,88
8987,CN1[C@@H]2CCC(C)(C)[C@H]1C[C@H](OC(=O)C(O)(c1cccs1)c1cccs1)C2,SMILES,1,88
8989,Cc1cccc(C)c1NC(=O)[C@H]1CCCCN1C,SMILES,1,88
8990,CCC(=O)C(C[C@@H](C)N(C)C)(c1ccccc1)c1ccccc1,SMILES,1,88
8991,CN1CCC[C@H](CC2c3ccccc3Sc3ccccc32)C1,SMILES,1,88
8992,NC(=O)C[S@](=O)C(c1ccccc1)c1ccccc1,SMILES,1,88
8993,O=C1N[C@H]2CCCCN2C12CCN(CCCN1c3ccccc3CCc3ccc(Cl)cc31)CC2,SMILES,1,88
8994,Cc1c(NC(=O)c2cccnc2)c(=O)n(-c2ccccc2)n1C,SMILES,1,88
8995,CCCN[C@H](C)C(=O)Nc1ccccc1C,SMILES,1,88
8998,CCCCNc1ccc(C(=O)OCCN(C)C)cc1,SMILES,1,88
8999,O[C@@](CCN1CCCCC1)(c1ccccc1)C1CCCCC1,SMILES,1,88
9000,CC[C@@H]1C(=O)OC[C@@H]1Cc1cncn1C,SMILES,1,88
9003,CC[C@H](N)C(=O)O,SMILES,1,88
9006,CC[C@@H](CO)NC(=O)[C@@H]1C=C2c3cccc4c3c(cn4C)C[C@H]2N(C)C1,SMILES,1,88
9007,O=c1cccc2n1C[C@@H]1CNC[C@H]2C1,SMILES,1,88
9009,CCN1C(=O)OC(C)(C)C1=O,SMILES,1,88
9010,C=CC[C@H](C(=O)NC(N)=O)C(C)C,SMILES,1,88
9011,CC(C)CNCCOC(=O)c1cccc(N)c1,SMILES,1,88
9012,CCOC(=O)C1(c2ccccc2)CCN(CC[C@H](O)c2ccccc2)CC1,SMILES,1,88
9013,C[N+](C)(C)CCO[P@](=O)([O-])O[P@@](=O)(O)OC[C@H]1O[C@@H](n2ccc(N)nc2=O)[C@H](O)[C@@H]1O,SMILES,1,88
9014,C[N+](C)(C)CCO[P@@](=O)(O)O[P@@](=O)(O)OC[C@H]1O[C@@H](n2ccc(N)nc2=O)[C@H](O)[C@@H]1O,SMILES,1,88
9015,NC[C@H](CC(=O)O)c1ccccc1,SMILES,1,88
9017,CCN[C@H]1[C@H]2CC[C@H](C2)[C@@H]1c1ccccc1,SMILES,1,88
9018,C[C@@H]1[C@@H]2Cc3ccc(O)cc3[C@@]1(C)CCN2CCc1ccccc1,SMILES,1,88
9019,C[C@H](CN1CCN(CCOCCO)CC1)CN1c2ccccc2Sc2ccccc21,SMILES,1,88
9020,C=CCC1(C[C@@H](C)O)C(=O)NC(=O)NC1=O,SMILES,1,88
9021,C=C(Br)C[C@]1(C(C)C)C(=O)NC(=O)N(C)C1=O,SMILES,1,88
9022,CCC1(C2=C[C@@H]3CC[C@H](C2)C3)C(=O)NC(=O)NC1=O,SMILES,1,88
9023,C[C@H](Cc1ccccc1)NCCn1cnc2c1c(=O)n(C)c(=O)n2C,SMILES,1,88
9024,CC[C@@H](C)[C@@H](CC)C(N)=O,SMILES,1,88
9025,C[C@H](CC1c2ccccc2CCc2ccccc21)CN(C)C,SMILES,1,88
9027,COC(=O)[C@@H](N)Cc1ccc(O)c(O)c1,SMILES,1,88
9028,N[C@H]1C[C@@H]1c1ccccc1,SMILES,1,88
9029,CCN(CC)CCCOC(=O)[C@@]1(c2ccccc2)C[C@@H]2CC[C@H]1C2,SMILES,1,88
9030,C[C@@H](Oc1c(Cl)cccc1Cl)C1=NCCN1,SMILES,1,88
9031,O=C1CC[C@@](c2ccccc2)(C2CCN(Cc3ccccc3)CC2)C(=O)N1,SMILES,1,88
9032,C[C@H]1O[C@@H](C)O[C@@H](C)O1,SMILES,1,88
9034,CN(C)CCC=C1c2ccccc2OCc2c1oc1ccccc21,SMILES,1,88
9035,CCCN(CC)[C@@H](CC)C(=O)Nc1c(C)cccc1C,SMILES,1,88
9036,O=C1[C@@H](O)N=C(c2ccccc2F)c2cc(Cl)ccc2N1CCO,SMILES,1,88
9037,C=CCC1(CC)C(=O)NC(=O)NC1=O,SMILES,1,88
9038,CCCN(CCc1cccs1)[C@H]1CCc2c(O)cccc2C1,SMILES,1,88
9041,CC[C@@H](C)N(C[C@H](O)c1cccn1Cc1ccccc1Cl)[C@H](C)CC,SMILES,1,88
9042,CCN(CC)CCCN1c2ccccc2Sc2ccc(Cl)cc21,SMILES,1,88
9043,CC(=O)Oc1cccc(C(=O)O)c1OC(C)=O,SMILES,1,88
9044,COc1ccccc1OC(=O)c1ccccc1OC(C)=O,SMILES,1,88
9045,C[C@H](CCN1CCN(c2ccc(F)cc2)CC1)NC(=O)c1cccnc1,SMILES,1,88
9046,CCOC(=O)c1c[n+](C)c2n(c1=O)[C@@H](C)CCC2,SMILES,1,88
9047,CN[C@@H]1CCc2[nH]c3ccc(C(N)=O)cc3c2C1,SMILES,1,88
9048,COc1ccc2cccc(CCNC(C)=O)c2c1,SMILES,1,88
9049,C[C@@H]1O[C@@]2(CS1)CN1CCC2CC1,SMILES,1,88
9050,c1ccc2c(c1)CCc1ccccc1N2[C@H]1CN2CCC1CC2,SMILES,1,88
9051,C[C@@H]1C[C@H]2[C@@H]3CCC4=CC(=O)C=C[C@]4(C)C3=CC[C@]2(C)[C@H]1C(=O)CN1CCN(c2cc(N3CCCC3)nc(N3CCCC3)n2)CC1,SMILES,1,88
9052,CN1C(=O)N(C)[C@H]2[C@@H]1N(C)C(=O)N2C,SMILES,1,88
9054,C[C@H](NCc1ccc(OCc2cccc(F)c2)cc1)C(N)=O,SMILES,1,88
9056,c1cnc2cc3c(cc2n1)[C@@H]1CNC[C@H]3C1,SMILES,1,88
9059,O=C1[C@@H]2[C@H]3CC[C@H](C3)[C@@H]2C(=O)N1C[C@@H]1CCCC[C@H]1CN1CCN(c2nsc3ccccc23)CC1,SMILES,1,88
9060,COC[C@@H](NC(C)=O)C(=O)NCc1ccccc1,SMILES,1,88
9061,C[C@H]1[C@H]2Cc3ccc(O)cc3[C@]1(C)CCN2CCc1ccccc1,SMILES,1,88
9062,COC(=O)[C@H]1[C@@H](OC(=O)c2ccccc2)C[C@@H]2CC[C@H]1N2C,SMILES,1,88
9064,CN1[C@@H]2C[C@H](OC(=O)[C@@H](CO)c3ccccc3)C[C@H]1[C@H]1O[C@H]12,SMILES,1,88
9065,C=C(C)[C@@H]1CCC(C)=C[C@H]1c1c(O)cc(CCCCC)cc1O,SMILES,1,88
9066,C[N+](C)(C)CCO[P@](=O)([O-])OC[C@H](O)CO,SMILES,1,88
9067,O=c1cccc2n1C[C@H]1CNC[C@@H]2C1,SMILES,1,88
9068,CN1[C@@H]2CC[C@H]1C[C@H](OC(c1ccccc1)c1ccccc1)C2,SMILES,1,88
9069,O=C(C[S@@](=O)C(c1ccccc1)c1ccccc1)NO,SMILES,1,88
9071,N[C@@H](CCCN1C(=O)NC(c2ccccc2)(c2ccccc2)C1=O)C(=O)O,SMILES,1,88
9072,CCn1c(=O)c2c(nc(/C=C/c3ccc(OC)c(OC)c3)n2C)n(CC)c1=O,SMILES,1,88
9073,Cc1cccc([C@H](C)c2cnc[nH]2)c1C,SMILES,1,88
9074,CC(C)(C)[C@H](O)/C=C/c1ccc2c(c1)OCO2,SMILES,1,88
9075,CN(C)CC/C=C1\c2ccccc2OCc2c1oc1ccccc21,SMILES,1,88
9076,CN(C)CC/C=C1/c2ccccc2OCc2c1oc1ccccc21,SMILES,1,88
9077,NC(=O)OC[C@@H](O)c1ccccc1Cl,SMILES,1,88
9078,CC(=O)O[C@H](CC(=O)[O-])C[N+](C)(C)C,SMILES,1,88
9079,CCC[C@@H]1CC(=O)N([C@@H](CC)C(N)=O)C1,SMILES,1,88
9080,CC[C@@H](c1cccc(O)c1)[C@@H](C)CN(C)C,SMILES,1,88
9081,CCOc1ccc2nc(SCCN3CCOCC3)[nH]c2c1,SMILES,1,88
9082,COC(=O)CC[C@@H]1N=C(c2ccccn2)c2cc(Br)ccc2-n2c(C)cnc21,SMILES,1,88
9083,NC(=O)N1c2ccccc2C[C@H](O)c2ccccc21,SMILES,1,88
9084,CN1[C@@H]2C[C@H](OC(=O)[C@H](CO)c3ccccc3)C[C@H]1[C@H]1O[C@H]12,SMILES,1,88
9085,N#Cc1ccccc1-c1cc(-c2ccccn2)cn(-c2ccccc2)c1=O,SMILES,1,88
9087,Cc1ccc(Sc2ccccc2N2CCNCC2)c(C)c1,SMILES,1,88
9088,CC(C)COc1ccc(CNC(=O)N(Cc2ccc(F)cc2)C2CCN(C)CC2)cc1,SMILES,1,88
9090,CCC(=O)NC[C@@H]1C[C@H]1c1cccc2c1CCO2,SMILES,1,88
9091,CN(C)C(=O)N[C@H]1CC[C@@H](CCN2CCN(c3cccc(Cl)c3Cl)CC2)CC1,SMILES,1,88
9092,C[C@@H](Cc1ccccc1)NC(=O)[C@@H](N)CCCCN,SMILES,1,88
9093,NC(=O)O[C@@H](Cn1ncnn1)c1ccccc1Cl,SMILES,1,88
9095,CCOC(=O)[C@@]1(c2ccccc2)CCC=C[C@@H]1N(C)C,SMILES,1,88
9097,CCN1[C@@H]2CC[C@H]1C[C@H](OC(c1ccccc1)c1ccccc1)C2,SMILES,1,88
9098,CC(=O)[C@@]1(O)CC[C@H]2[C@@H]3C[C@H](C(F)(F)F)C4=CC(=O)CC[C@]4(C)[C@H]3CC[C@@]21C,SMILES,1,88
9099,COc1cc2c(cc1OC)[C@H]1C[C@@H](OC(=O)[C@@H](N)C(C)C)[C@H](CC(C)C)CN1CC2,SMILES,1,88
9100,Cc1ccc(-n2nccn2)c(C(=O)N2CCN(c3nc4cc(Cl)ccc4o3)CC[C@H]2C)c1,SMILES,1,88
9101,C[N+](C)(C)CCO[P+]([O-])([O-])O[P+]([O-])([O-])OC[C@H]1O[C@@H](n2ccc(N)nc2=O)[C@H](O)[C@@H]1O,SMILES,1,88
9104,CN1[C@H]2CCC(C)(C)[C@@H]1C[C@@H](OC(=O)C(O)(c1cccs1)c1cccs1)C2,SMILES,1,88
9105,CN1[C@@H]2CCC(C)(C)[C@@H]1C[C@H](OC(=O)C(O)(c1cccs1)c1cccs1)C2,SMILES,1,88
9106,CC/N=C1\Nc2ccc(Cl)cc2[C@@](C)(c2ccccc2)O1,SMILES,1,88
9107,Cc1c(Cl)c(C)[n+]([O-])c(Cl)c1-c1noc(-c2cc(O)c(O)c([N+](=O)[O-])c2)n1,SMILES,1,88
9108,CN(C)CCO[C@@H](c1ccc(Cl)cc1)c1ccccn1,SMILES,1,88
9110,CN(C)CC[C@@H](c1ccc(Br)cc1)c1ccccn1,SMILES,1,88
9111,CN(C)CCN(Cc1ccc(Cl)cc1)c1ccccn1,SMILES,1,88
9112,CN(C)CCO[C@](C)(c1ccccc1)c1ccccn1,SMILES,1,88
9113,C[C@H](C1=C(CCN(C)C)Cc2ccccc21)c1ccccn1,SMILES,1,88
9114,CN(C)CC[C@@H](c1ccc(Cl)cc1)c1ccccn1,SMILES,1,88
9115,CN(C)CCO[C@H](c1ccccc1)c1ccc(Br)cc1,SMILES,1,88
9116,Cc1ccc(/C(=C\CN2CCCC2)c2ccccn2)cc1,SMILES,1,88
