compound_id,original_index,SMILES,canon_smiles,inchi_key,bbb_status,label,molecular_weight,logp,polar_surface_area,hbd_count,hba_count,rotatable_bonds,aromatic_rings,heavy_atom_count,ring_count,data_source,original_classification
BBBP_00000,0,CCC(C)[C@H](NC(N[C@@H](Cc1ccccc1)C(N[C@@H](CCC(N)=O)C(=O)O)N[C@@H](CC(C)C)C(=O)O)[C@@H](NC([C@@H](N)Cc1ccccc1)N1CCC[C@H]1C(N[C@@H](C(C)N[C@@H](CCCCN)C(=O)O)C(N[C@@H](CCCNC(=N)N)C(=O)O)N[C@H](C(=O)O)C(C)CC)N[C@@H](Cc1cnc[nH]1)C(N[C@@H](CCCCN)C(=O)O)N[C@@H](CCC(=O)O)C(=O)O)C(C)C)C(N[C@@H](CCC(NCC(=O)O)N[C@@H](CCCCN)C(=O)O)C(O)N[C@@H](CCC(N)=O)C(=O)O)N[C@@H](CN[C@@H](CCC(=O)O)C(=O)O)C(N[C@@H](CCCNC(=N)N)C(=O)O)N[C@@H](CC(N)=O)C(=O)O,CCC(C)[C@H](NC(N[C@@H](Cc1ccccc1)C(N[C@@H](CCC(N)=O)C(=O)O)N[C@@H](CC(C)C)C(=O)O)[C@@H](NC([C@@H](N)Cc1ccccc1)N1CCC[C@H]1C(N[C@@H](C(C)N[C@@H](CCCCN)C(=O)O)C(N[C@@H](CCCNC(=N)N)C(=O)O)N[C@H](C(=O)O)C(C)CC)N[C@@H](Cc1cnc[nH]1)C(N[C@@H](CCCCN)C(=O)O)N[C@@H](CCC(=O)O)C(=O)O)C(C)C)C(N[C@@H](CCC(NCC(=O)O)N[C@@H](CCCCN)C(=O)O)C(O)N[C@@H](CCC(N)=O)C(=O)O)N[C@@H](CN[C@@H](CCC(=O)O)C(=O)O)C(N[C@@H](CCCNC(=N)N)C(=O)O)N[C@@H](CC(N)=O)C(=O)O,CDEJEVPXIQKIAZ-JEQACGALSA-N,BBB-,0,2705.2499999999964,-6.609660000000006,1209.4,50,47,115,3,190,4,experimental_classification,np
BBBP_00001,1,CC(C)C[C@H](NC(N[C@@H](CC(N)=O)C(=O)O)[C@H](CCC(N)N[C@@H](CCC(O)N[C@@H](Cc1ccc(O)cc1)C(=O)O)C(=O)O)NC(N[C@@H](C(C)N[C@@H](C)C(=O)O)C(N[C@@H](CC(=O)O)C(=O)O)N[C@H](C(=O)O)C(C)O)[C@@H](N)CCCCN)C(=O)O,CC(C)C[C@H](NC(N[C@@H](CC(N)=O)C(=O)O)[C@H](CCC(N)N[C@@H](CCC(O)N[C@@H](Cc1ccc(O)cc1)C(=O)O)C(=O)O)NC(N[C@@H](C(C)N[C@@H](C)C(=O)O)C(N[C@@H](CC(=O)O)C(=O)O)N[C@H](C(=O)O)C(C)O)[C@@H](N)CCCCN)C(=O)O,WDIQQPFXADBPJS-FRAUYAMQSA-N,BBB-,0,1192.333000000001,-5.065699999999998,588.51,24,24,48,1,83,1,experimental_classification,np
BBBP_00002,2,CCC(C)[C@H](NC(N[C@@H](CCSC)C(N[C@@H](C)C(N[C@@H](CCCCN)C(=O)O)N[C@@H](CC(C)C)C(=O)O)N[C@H](C(=O)O)C(C)CC)[C@H](CC(C)C)NC(NCC(N[C@@H](C(C)C)C(N[C@@H](CCSC)C(=O)O)N[C@@H](CC(C)C)C(=O)O)N1CCC[C@H]1C(N[C@@H](CC(N)=O)C(=O)O)N[C@H](C(=O)O)C(C)CC)[C@@H](N)CC(C)C)C(N[C@@H](C)C(=O)O)N[C@@H](CO)C(=O)O,CCC(C)[C@H](NC(N[C@@H](CCSC)C(N[C@@H](C)C(N[C@@H](CCCCN)C(=O)O)N[C@@H](CC(C)C)C(=O)O)N[C@H](C(=O)O)C(C)CC)[C@H](CC(C)C)NC(NCC(N[C@@H](C(C)C)C(N[C@@H](CCSC)C(=O)O)N[C@@H](CC(C)C)C(=O)O)N1CCC[C@H]1C(N[C@@H](CC(N)=O)C(=O)O)N[C@H](C(=O)O)C(C)CC)[C@@H](N)CC(C)C)C(N[C@@H](C)C(=O)O)N[C@@H](CO)C(=O)O,BLDCTMVHLGNLKV-QGMKUPIYSA-N,BBB-,0,1813.4800000000005,1.6741000000000235,634.75,28,31,76,0,124,1,experimental_classification,np
BBBP_00003,3,CCC(C)[C@H](NC(N[C@@H](CCC(=O)O)C(=O)O)[C@H](C)NC(C[C@H](NC(N[C@@H](CC(N[C@@H](CCCCN)C(=O)O)N[C@H](C(=O)O)C(C)C)C(N[C@@H](CO)C(=O)O)N[C@H](C(=O)O)C(C)C)[C@H](CC(C)C)NC(CN)N[C@@H](Cc1c[nH]c2ccccc12)C(N[C@@H](CCCCN)C(N[C@@H](C)C(=O)O)N[C@@H](CO)C(=O)O)N[C@@H](CC(C)C)C(N[C@@H](CO)C(=O)O)N[C@@H](CC(C)C)C(=O)O)C(N[C@@H](CCCCN)C(=O)O)N[C@@H](C)C(N[C@@H](CCCCN)C(=O)O)N[C@@H](CC(C)C)C(=O)O)N[C@@H](C)C(N[C@@H](C)C(=O)O)N[C@@H](C)C(=O)O)C(=O)O,CCC(C)[C@H](NC(N[C@@H](CCC(=O)O)C(=O)O)[C@H](C)NC(C[C@H](NC(N[C@@H](CC(N[C@@H](CCCCN)C(=O)O)N[C@H](C(=O)O)C(C)C)C(N[C@@H](CO)C(=O)O)N[C@H](C(=O)O)C(C)C)[C@H](CC(C)C)NC(CN)N[C@@H](Cc1c[nH]c2ccccc12)C(N[C@@H](CCCCN)C(N[C@@H](C)C(=O)O)N[C@@H](CO)C(=O)O)N[C@@H](CC(C)C)C(N[C@@H](CO)C(=O)O)N[C@@H](CC(C)C)C(=O)O)C(N[C@@H](CCCCN)C(=O)O)N[C@@H](C)C(N[C@@H](CCCCN)C(=O)O)N[C@@H](CC(C)C)C(=O)O)N[C@@H](C)C(N[C@@H](C)C(=O)O)N[C@@H](C)C(=O)O)C(=O)O,BWAFFJKOIDNHKG-VBNOXKAJSA-N,BBB-,0,2609.2379999999957,-4.352099999999976,1092.1,49,48,113,2,182,2,experimental_classification,np
BBBP_00004,4,CCC(C)[C@H](NC[C@H](NC(N)C[C@H](N)C(NCC(N[C@@H](CC(C)C)C(=O)O)N[C@H](C(=O)O)C(C)CC)N[C@@H](CCSC)C(NCC(=O)O)N[C@H](C(=O)O)C(C)CC)C(N[C@@H](CN[C@@H](CCC(=O)O)C(=O)O)C(O)N[C@@H](C)C(=O)O)N[C@@H](CC(N)N[C@H](C(=O)O)C(C)C)C(N[C@@H](CCSC)C(=O)O)N[C@H](C(=O)O)C(C)O)C(N[C@@H](CCCNC(=N)N)C(=O)O)N1CCC[C@H]1C(=O)O,CCC(C)[C@H](NC[C@H](NC(N)C[C@H](N)C(NCC(N[C@@H](CC(C)C)C(=O)O)N[C@H](C(=O)O)C(C)CC)N[C@@H](CCSC)C(NCC(=O)O)N[C@H](C(=O)O)C(C)CC)C(N[C@@H](CN[C@@H](CCC(=O)O)C(=O)O)C(O)N[C@@H](C)C(=O)O)N[C@@H](CC(N)N[C@H](C(=O)O)C(C)C)C(N[C@@H](CCSC)C(=O)O)N[C@H](C(=O)O)C(C)O)C(N[C@@H](CCCNC(=N)N)C(=O)O)N1CCC[C@H]1C(=O)O,RKQMAZJVWIOFHG-XKFNUKHPSA-N,BBB-,0,1921.405000000001,-5.197129999999945,823.7400000000001,36,37,80,0,131,1,experimental_classification,np
BBBP_00005,5,CC(C)C[C@H](NC(N[C@@H](Cc1cnc[nH]1)C(=O)O)[C@@H]1CCCN1C(N)C[C@H](N)C(N[C@@H](CC(N)=O)C(=O)O)N[C@H](C(=O)O)C(C)O)C(=O)O,CC(C)C[C@H](NC(N[C@@H](Cc1cnc[nH]1)C(=O)O)[C@@H]1CCCN1C(N)C[C@H](N)C(N[C@@H](CC(N)=O)C(=O)O)N[C@H](C(=O)O)C(C)O)C(=O)O,KNGFZXVYIHZSNB-WDRJVKMKSA-N,BBB-,0,700.7950000000005,-3.45550000000001,344.6,13,14,24,1,49,2,experimental_classification,np
BBBP_00006,6,CCC(C)[C@H](NC(CN)N[C@@H](C(C)C)C(N[C@@H](C)C(N[C@@H](CCCCN)C(=O)O)N[C@@H](CC(N)=O)C(=O)O)N[C@@H](CCCCN)C(N[C@@H](CC(C)C)C(=O)O)N[C@H](C(=O)O)C(C)C)C(N[C@@H](CC(NCC(NCC(=O)O)N[C@H](C(=O)O)C(C)CC)N[C@H](C(=O)O)C(C)C)C(NCC(=O)O)N[C@@H](CC(C)C)C(=O)O)N[C@@H](Cc1ccccc1)C(N[C@@H](CCCCN)C(=O)O)N[C@H](C(=O)O)C(C)CC,CCC(C)[C@H](NC(CN)N[C@@H](C(C)C)C(N[C@@H](C)C(N[C@@H](CCCCN)C(=O)O)N[C@@H](CC(N)=O)C(=O)O)N[C@@H](CCCCN)C(N[C@@H](CC(C)C)C(=O)O)N[C@H](C(=O)O)C(C)C)C(N[C@@H](CC(NCC(NCC(=O)O)N[C@H](C(=O)O)C(C)CC)N[C@H](C(=O)O)C(C)C)C(NCC(=O)O)N[C@@H](CC(C)C)C(=O)O)N[C@@H](Cc1ccccc1)C(N[C@@H](CCCCN)C(=O)O)N[C@H](C(=O)O)C(C)CC,LYJXFSDNXHDFSK-UKHCMTGTSA-N,BBB-,0,1959.5390000000004,-0.9339999999999213,774.01,34,34,86,1,137,1,experimental_classification,np
BBBP_00007,7,CC(O)[C@H](NC(NCC(=O)O)[C@H](CCC(N)NCC(=O)O)NC(N)CC[C@H](N)C(N[C@@H](Cc1ccc(O)cc1)C(=O)O)N[C@@H](CC(N[C@@H](Cc1ccccc1)C(=O)O)N[C@@H](Cc1c[nH]c2ccccc12)C(=O)O)C(N[C@@H](CC(=O)O)C(=O)O)N[C@@H](Cc1ccccc1)C(=O)O)C(=O)O,CC(O)[C@H](NC(NCC(=O)O)[C@H](CCC(N)NCC(=O)O)NC(N)CC[C@H](N)C(N[C@@H](Cc1ccc(O)cc1)C(=O)O)N[C@@H](CC(N[C@@H](Cc1ccccc1)C(=O)O)N[C@@H](Cc1c[nH]c2ccccc12)C(=O)O)C(N[C@@H](CC(=O)O)C(=O)O)N[C@@H](Cc1ccccc1)C(=O)O)C(=O)O,JCJPUCZIPYVKFW-FTSYYFNDSA-N,BBB-,0,1375.5020000000009,-2.327000000000038,590.3100000000002,25,24,50,5,98,5,experimental_classification,np
BBBP_00008,8,CSCC[C@H](NC(N[C@@H](Cc1c[nH]c2ccccc12)C(=O)O)[C@@H]1CCCN1C([C@@H](N)Cc1ccccc1)N1CCC[C@H]1C(=O)O)C(=O)O,CSCC[C@H](NC(N[C@@H](Cc1c[nH]c2ccccc12)C(=O)O)[C@@H]1CCCN1C([C@@H](N)Cc1ccccc1)N1CCC[C@H]1C(=O)O)C(=O)O,POVNOGHELBVOFD-DAZQXOSCSA-N,BBB-,0,680.8720000000002,2.7847000000000017,184.24999999999994,7,9,18,3,48,5,experimental_classification,np
BBBP_00009,9,CCC(C)[C@H](NC(C)[C@H](NC(CNC(N[C@@H](C(C)C)C(N[C@@H](Cc1c[nH]c2ccccc12)C(=O)O)N[C@H](C(=O)O)C(C)C)[C@H](C)N)N[C@@H](Cc1c[nH]c2ccccc12)C(NCC(=O)O)N[C@H](C(=O)O)C(C)O)C(=O)O)C(=O)O,CCC(C)[C@H](NC(C)[C@H](NC(CNC(N[C@@H](C(C)C)C(N[C@@H](Cc1c[nH]c2ccccc12)C(=O)O)N[C@H](C(=O)O)C(C)C)[C@H](C)N)N[C@@H](Cc1c[nH]c2ccccc12)C(NCC(=O)O)N[C@H](C(=O)O)C(C)O)C(=O)O)C(=O)O,HRGOMVNKGISFDV-UXYBELDISA-N,BBB-,0,1097.326,0.6075999999999931,409.90000000000003,19,17,38,4,78,4,experimental_classification,np
BBBP_00010,10,N[C@@H](CC(NCC(O)NCC(=O)O)N1CCC[C@H]1C(N[C@@H](CO)C(=O)O)N[C@@H](Cc1c[nH]c2ccccc12)C(=O)O)C(N[C@@H](CO)C(=O)O)N[C@@H](Cc1ccccc1)C(=O)O,N[C@@H](CC(NCC(O)NCC(=O)O)N1CCC[C@H]1C(N[C@@H](CO)C(=O)O)N[C@@H](Cc1c[nH]c2ccccc12)C(=O)O)C(N[C@@H](CO)C(=O)O)N[C@@H](Cc1ccccc1)C(=O)O,JSPPKRNFFLHPRB-BOXXBJGRSA-N,BBB-,0,859.9350000000002,-3.1488000000000067,364.41999999999996,16,16,29,3,61,4,experimental_classification,np
BBBP_00011,11,CC(C)C[C@H](NC(O)[C@@H]1CCCN1C(C[C@H](N)C(N[C@@H](CO)C(=O)O)N[C@@H](Cc1ccccc1)C(=O)O)N1CCC[C@H]1C(N[C@@H](CCCNC(=N)N)C(=O)O)N1CCC[C@H]1C(=O)O)C(=O)O,CC(C)C[C@H](NC(O)[C@@H]1CCCN1C(C[C@H](N)C(N[C@@H](CO)C(=O)O)N[C@@H](Cc1ccccc1)C(=O)O)N1CCC[C@H]1C(N[C@@H](CCCNC(=N)N)C(=O)O)N1CCC[C@H]1C(=O)O)C(=O)O,IAOXFYSXLRHNMN-WGPVUNLDSA-N,BBB-,0,936.1219999999995,-1.8061300000000085,372.72,15,16,30,1,66,4,experimental_classification,np
BBBP_00012,12,CCC(C)[C@H](N)C(N[C@@H](CCC(O)N[C@@H](C)C(=O)O)C(=O)O)N[C@@H](Cc1ccc(N2CCC[C@H]2C(=O)O)cc1)C(N[C@@H](CCC(=O)O)C(=O)O)N[C@H](C(=O)O)C(C)CC,CCC(C)[C@H](N)C(N[C@@H](CCC(O)N[C@@H](C)C(=O)O)C(=O)O)N[C@@H](Cc1ccc(N2CCC[C@H]2C(=O)O)cc1)C(N[C@@H](CCC(=O)O)C(=O)O)N[C@H](C(=O)O)C(C)CC,YGCPMDQCXDTWBQ-RNPCYXAJSA-N,BBB-,0,839.9850000000002,0.4669000000000061,333.44,13,14,30,1,59,2,experimental_classification,np
BBBP_00013,13,CCC(C)[C@H](N)C(N[C@@H](CC(C)C)C(N[C@@H](C(C)C)C(N[C@@H](CC(N)=O)C(=O)O)N[C@@H](CC(=O)O)C(=O)O)N[C@@H](CC(C)C)C(N[C@@H](CC(C)C)C(=O)O)N[C@@H](CC(C)C)C(=O)O)N1CCC[C@H]1C(NCC(N[C@@H](CC(C)C)C(=O)O)N[C@@H](CC(C)C)C(=O)O)N[C@@H](CC(N)=O)C(=O)O,CCC(C)[C@H](N)C(N[C@@H](CC(C)C)C(N[C@@H](C(C)C)C(N[C@@H](CC(N)=O)C(=O)O)N[C@@H](CC(=O)O)C(=O)O)N[C@@H](CC(C)C)C(N[C@@H](CC(C)C)C(=O)O)N[C@@H](CC(C)C)C(=O)O)N1CCC[C@H]1C(NCC(N[C@@H](CC(C)C)C(=O)O)N[C@@H](CC(C)C)C(=O)O)N[C@@H](CC(N)=O)C(=O)O,LETBEZAMLXNZHS-XIEPPVDSSA-N,BBB-,0,1418.829,0.7026999999999931,546.1699999999998,22,23,57,0,99,1,experimental_classification,np
BBBP_00014,14,CC(C)C[C@H](NC(N[C@@H](CC(N)=O)C(=O)O)[C@@H](NC(N[C@@H](CS)C(N[C@@H](C)C(=O)O)N[C@@H](CC(=O)O)C(=O)O)[C@@H](N)CCCCN)C(C)N[C@@H](CCC(N[C@@H](CC(=O)O)C(=O)O)N[C@@H](Cc1ccc(O)cc1)C(=O)O)C(=O)O)C(=O)O,CC(C)C[C@H](NC(N[C@@H](CC(N)=O)C(=O)O)[C@@H](NC(N[C@@H](CS)C(N[C@@H](C)C(=O)O)N[C@@H](CC(=O)O)C(=O)O)[C@@H](N)CCCCN)C(C)N[C@@H](CCC(N[C@@H](CC(=O)O)C(=O)O)N[C@@H](Cc1ccc(O)cc1)C(=O)O)C(=O)O)C(=O)O,GZICEJDWHJZDCQ-JPZNMYDRSA-N,BBB-,0,1179.3149999999998,-4.0993000000000235,559.3299999999999,23,23,47,1,81,1,experimental_classification,np
BBBP_00015,15,CCC(C)[C@H](NC(C)[C@H](NC(N[C@@H](CCC(N)N[C@@H](Cc1c[nH]c2ccccc12)C(=O)O)C(N[C@@H](C)C(=O)O)N[C@@H](CCCNC(=N)N)C(=O)O)[C@H](C)NC(N[C@@H](CC(N)N[C@@H](CC(N)=O)C(=O)O)C(N[C@@H](CO)C(=O)O)N[C@H](C(=O)O)C(C)CC)[C@@H](N)CCSC)C(N[C@@H](Cc1c[nH]c2ccccc12)C(=O)O)N[C@@H](Cc1c[nH]c2ccccc12)C(=O)O)C(=O)O,CCC(C)[C@H](NC(C)[C@H](NC(N[C@@H](CCC(N)N[C@@H](Cc1c[nH]c2ccccc12)C(=O)O)C(N[C@@H](C)C(=O)O)N[C@@H](CCCNC(=N)N)C(=O)O)[C@H](C)NC(N[C@@H](CC(N)N[C@@H](CC(N)=O)C(=O)O)C(N[C@@H](CO)C(=O)O)N[C@H](C(=O)O)C(C)CC)[C@@H](N)CCSC)C(N[C@@H](Cc1c[nH]c2ccccc12)C(=O)O)N[C@@H](Cc1c[nH]c2ccccc12)C(=O)O)C(=O)O,CFIIWHVHPNVVMB-LUAQCISFSA-N,BBB-,0,1791.1580000000004,-1.5213299999999652,742.74,33,29,66,6,126,6,experimental_classification,np
BBBP_00016,16,CCC(C)[C@H](NC(NCC(=O)O)[C@H](CCCCN)NC(N[C@@H](C(C)C)C(N[C@@H](CO)C(=O)O)N[C@H](C(=O)O)C(C)C)[C@H](Cc1c[nH]c2ccccc12)NC(CN)N[C@@H](CC(C)C)C(N[C@@H](CCC(N[C@@H](CCCCN)C(O)N[C@@H](CCCCN)C(=O)O)N[C@@H](CCC(N[C@@H](CCC(=O)O)C(=O)O)N[C@H](C(=O)O)C(C)C)C(NCC(=O)O)N[C@H](C(=O)O)C(C)C)C(N[C@@H](C)C(=O)O)N[C@@H](CC(N)=O)C(=O)O)N[C@@H](CCCCN)C(N[C@@H](CCC(=O)O)C(=O)O)N[C@@H](CC(C)C)C(=O)O)C(=O)O,CCC(C)[C@H](NC(NCC(=O)O)[C@H](CCCCN)NC(N[C@@H](C(C)C)C(N[C@@H](CO)C(=O)O)N[C@H](C(=O)O)C(C)C)[C@H](Cc1c[nH]c2ccccc12)NC(CN)N[C@@H](CC(C)C)C(N[C@@H](CCC(N[C@@H](CCCCN)C(O)N[C@@H](CCCCN)C(=O)O)N[C@@H](CCC(N[C@@H](CCC(=O)O)C(=O)O)N[C@H](C(=O)O)C(C)C)C(NCC(=O)O)N[C@H](C(=O)O)C(C)C)C(N[C@@H](C)C(=O)O)N[C@@H](CC(N)=O)C(=O)O)N[C@@H](CCCCN)C(N[C@@H](CCC(=O)O)C(=O)O)N[C@@H](CC(C)C)C(=O)O)C(=O)O,RAPZJLLVQYJPIC-XOZXJZEVSA-N,BBB-,0,2434.993999999998,-3.810799999999926,1041.5700000000002,45,44,107,2,170,2,experimental_classification,np
BBBP_00017,17,CSCC[C@H](N)C(N[C@@H](CCCNC(=N)N)C(N[C@@H](CC(N)=O)C(=O)O)N[C@@H](Cc1cnc[nH]1)C(=O)O)N[C@@H](CC(N)N[C@@H](C(C)C)C(N[C@@H](Cc1cnc[nH]1)C(=O)O)N[C@@H](Cc1cnc[nH]1)C(=O)O)C(N[C@@H](CCC(N)N[C@@H](Cc1cnc[nH]1)C(=O)O)C(N[C@@H](Cc1cnc[nH]1)C(=O)O)N[C@@H](Cc1cnc[nH]1)C(=O)O)N[C@@H](Cc1ccccc1)C(N[C@@H](CC(=O)O)C(=O)O)N1CCC[C@H]1C(=O)O,CSCC[C@H](N)C(N[C@@H](CCCNC(=N)N)C(N[C@@H](CC(N)=O)C(=O)O)N[C@@H](Cc1cnc[nH]1)C(=O)O)N[C@@H](CC(N)N[C@@H](C(C)C)C(N[C@@H](Cc1cnc[nH]1)C(=O)O)N[C@@H](Cc1cnc[nH]1)C(=O)O)C(N[C@@H](CCC(N)N[C@@H](Cc1cnc[nH]1)C(=O)O)C(N[C@@H](Cc1cnc[nH]1)C(=O)O)N[C@@H](Cc1cnc[nH]1)C(=O)O)N[C@@H](Cc1ccccc1)C(N[C@@H](CC(=O)O)C(=O)O)N1CCC[C@H]1C(=O)O,YPPOBVQXPBOHDM-BQQGMIRVSA-N,BBB-,0,1959.2380000000019,-6.247429999999951,887.76,36,36,73,7,138,8,experimental_classification,np
BBBP_00018,18,C[C@H](NC(O)[C@H](Cc1cnc[nH]1)NC(N[C@@H](CCC(N[C@@H](CO)C(=O)O)N[C@@H](Cc1cnc[nH]1)C(=O)O)C(NCC(=O)O)N[C@@H](CC(=O)O)C(=O)O)[C@@H](N)CS)C(=O)O,C[C@H](NC(O)[C@H](Cc1cnc[nH]1)NC(N[C@@H](CCC(N[C@@H](CO)C(=O)O)N[C@@H](Cc1cnc[nH]1)C(=O)O)C(NCC(=O)O)N[C@@H](CC(=O)O)C(=O)O)[C@@H](N)CS)C(=O)O,VQSHVHYTBYYZPM-MFVMCWKFSA-N,BBB-,0,862.9210000000002,-5.499300000000014,431.85,19,19,33,2,59,2,experimental_classification,np
BBBP_00019,19,CCC(C)[C@H](NC(N[C@@H](CC(C)C)C(N[C@@H](CCCCN)C(=O)O)N[C@@H](Cc1cnc[nH]1)C(=O)O)[C@H](CC(C)C)NC([C@@H](N)Cc1ccccc1)N1CCC[C@H]1C(N[C@@H](C(C)CC)C(NCC(=O)O)N[C@@H](CC(C)C)C(=O)O)N[C@@H](CC(N)N[C@@H](CC(C)C)C(=O)O)C(=O)O)C(N[C@@H](CC(C)C)C(=O)O)N[C@H](C(=O)O)C(C)CC,CCC(C)[C@H](NC(N[C@@H](CC(C)C)C(N[C@@H](CCCCN)C(=O)O)N[C@@H](Cc1cnc[nH]1)C(=O)O)[C@H](CC(C)C)NC([C@@H](N)Cc1ccccc1)N1CCC[C@H]1C(N[C@@H](C(C)CC)C(NCC(=O)O)N[C@@H](CC(C)C)C(=O)O)N[C@@H](CC(N)N[C@@H](CC(C)C)C(=O)O)C(=O)O)C(N[C@@H](CC(C)C)C(=O)O)N[C@H](C(=O)O)C(C)CC,HGAHNKSYKBHFAD-WHJLBMOGSA-N,BBB-,0,1618.1739999999993,3.9224999999999968,552.74,24,25,65,2,114,3,experimental_classification,np
BBBP_00020,20,CSCC[C@H](N)C(NCC(N[C@@H](C)C(NCC(=O)O)N[C@@H](CCCCN)C(=O)O)N[C@@H](CN[C@@H](CC(=O)O)C(=O)O)C(N[C@@H](CS)C(=O)O)N[C@H](C(=O)O)C(C)O)N[C@@H](CN[C@@H](CS)C(NCC(N[C@@H](CS)C(=O)O)N1CCC[C@H]1C(=O)O)N[C@@H](C(C)N[C@@H](CS)C(=O)O)C(NCC(=O)O)N[C@@H](C)C(=O)O)C(NCC(N[C@@H](C(C)N[C@@H](Cc1cnc[nH]1)C(=O)O)C(O)N[C@@H](CCCCN)C(=O)O)N[C@@H](CS)C(=O)O)N[C@@H](CS)C(N[C@@H](CS)C(=O)O)N[C@@H](Cc1cnc[nH]1)C(=O)O,CSCC[C@H](N)C(NCC(N[C@@H](C)C(NCC(=O)O)N[C@@H](CCCCN)C(=O)O)N[C@@H](CN[C@@H](CC(=O)O)C(=O)O)C(N[C@@H](CS)C(=O)O)N[C@H](C(=O)O)C(C)O)N[C@@H](CN[C@@H](CS)C(NCC(N[C@@H](CS)C(=O)O)N1CCC[C@H]1C(=O)O)N[C@@H](C(C)N[C@@H](CS)C(=O)O)C(NCC(=O)O)N[C@@H](C)C(=O)O)C(NCC(N[C@@H](C(C)N[C@@H](Cc1cnc[nH]1)C(=O)O)C(O)N[C@@H](CCCCN)C(=O)O)N[C@@H](CS)C(=O)O)N[C@@H](CS)C(N[C@@H](CS)C(=O)O)N[C@@H](Cc1cnc[nH]1)C(=O)O,LCZWUCWPJOKBAF-LKJCBXRMSA-N,BBB-,0,2541.1409999999973,-13.096099999999996,1064.6399999999999,54,56,104,2,167,3,experimental_classification,np
BBBP_00021,21,CC(C)C[C@H](Nc1ccc(C[C@H](NC(CNC([C@H](C)N)N2CCC[C@H]2C(NCC(=O)O)N[C@@H](Cc2ccccc2)C(=O)O)N[C@@H](CO)C(=O)O)C(=O)O)cc1)C(=O)O,CC(C)C[C@H](Nc1ccc(C[C@H](NC(CNC([C@H](C)N)N2CCC[C@H]2C(NCC(=O)O)N[C@@H](Cc2ccccc2)C(=O)O)N[C@@H](CO)C(=O)O)C(=O)O)cc1)C(=O)O,VOUBRTHLUZUWGM-OYLZUWIWSA-N,BBB-,0,816.9540000000006,-0.44259999999999683,308.16999999999996,13,14,28,2,58,3,experimental_classification,np
BBBP_00022,22,CCC(C)[C@H](NC(N[C@@H](CC(=O)O)C(=O)O)[C@H](Cc1ccccc1)NC(N)C[C@H](N)C(N[C@@H](CCC(NCC(=O)O)N[C@@H](Cc1ccccc1)C(=O)O)C(O)N[C@@H](CC(N)=O)C(=O)O)N[C@@H](CC(N[C@@H](CO)C(=O)O)N[C@@H](CCCNC(=N)N)C(=O)O)C(NCC(=O)O)N[C@@H](Cc1ccccc1)C(=O)O)C(=O)O,CCC(C)[C@H](NC(N[C@@H](CC(=O)O)C(=O)O)[C@H](Cc1ccccc1)NC(N)C[C@H](N)C(N[C@@H](CCC(NCC(=O)O)N[C@@H](Cc1ccccc1)C(=O)O)C(O)N[C@@H](CC(N)=O)C(=O)O)N[C@@H](CC(N[C@@H](CO)C(=O)O)N[C@@H](CCCNC(=N)N)C(=O)O)C(NCC(=O)O)N[C@@H](Cc1ccccc1)C(=O)O)C(=O)O,DWMPUVYQPIREOA-AIWRFTSBSA-N,BBB-,0,1531.6880000000012,-5.989729999999984,714.8500000000001,30,28,61,3,108,3,experimental_classification,np
BBBP_00023,23,N[C@@H](Cc1ccccc1)C(N1CCC[C@H]1C(=O)O)N1CCC[C@H]1C(N[C@@H](CCC(=O)O)C(=O)O)N[C@@H](Cc1c[nH]c2ccccc12)C(=O)O,N[C@@H](Cc1ccccc1)C(N1CCC[C@H]1C(=O)O)N1CCC[C@H]1C(N[C@@H](CCC(=O)O)C(=O)O)N[C@@H](Cc1c[nH]c2ccccc12)C(=O)O,WAZIKZZKEVCDBG-FKNNOZEFSA-N,BBB-,0,678.7870000000001,1.8964000000000052,221.54999999999998,8,9,18,3,49,5,experimental_classification,np
BBBP_00024,24,CCC(C)[C@H](NC(NCC(NCC(=O)O)N1CCC[C@H]1C(=O)O)[C@@H]1CCCN1C(N)C[C@H](N)C(N[C@@H](CC(C)C)C(NCC(NCC(=O)O)N[C@H](C(=O)O)C(C)CC)N[C@@H](C)C(N[C@@H](CO)C(=O)O)N1CCC[C@H]1C(=O)O)N[C@@H](Cc1ccccc1)C(N[C@@H](CC(=O)O)C(=O)O)N[C@@H](CCC(NCC(=O)O)N[C@H](C(=O)O)C(C)C)C(O)N[C@@H](CCC(N)=O)C(=O)O)C(NCC(=O)O)N[C@H](C(=O)O)C(C)O,CCC(C)[C@H](NC(NCC(NCC(=O)O)N1CCC[C@H]1C(=O)O)[C@@H]1CCCN1C(N)C[C@H](N)C(N[C@@H](CC(C)C)C(NCC(NCC(=O)O)N[C@H](C(=O)O)C(C)CC)N[C@@H](C)C(N[C@@H](CO)C(=O)O)N1CCC[C@H]1C(=O)O)N[C@@H](Cc1ccccc1)C(N[C@@H](CC(=O)O)C(=O)O)N[C@@H](CCC(NCC(=O)O)N[C@H](C(=O)O)C(C)C)C(O)N[C@@H](CCC(N)=O)C(=O)O)C(NCC(=O)O)N[C@H](C(=O)O)C(C)O,YHMFWGGBTZWPEP-JXEQNUSUSA-N,BBB-,0,2005.3440000000014,-7.321499999999941,854.9500000000002,36,39,79,1,140,4,experimental_classification,np
BBBP_00025,25,CSCC[C@H](NC(N[C@@H](Cc1ccc(NCC(=O)O)cc1)C(O)N[C@@H](CC(C)C)C(=O)O)[C@@H](N)CCCCN)C(N[C@@H](CC(=O)O)C(=O)O)N[C@@H](Cc1ccccc1)C(=O)O,CSCC[C@H](NC(N[C@@H](Cc1ccc(NCC(=O)O)cc1)C(O)N[C@@H](CC(C)C)C(=O)O)[C@@H](N)CCCCN)C(N[C@@H](CC(=O)O)C(=O)O)N[C@@H](Cc1ccccc1)C(=O)O,SILLGERRJBIXKR-SOFRXVGASA-N,BBB-,0,879.091,0.713899999999998,330.95,14,15,34,2,61,2,experimental_classification,np
BBBP_00026,26,CSCC[C@H](NC(N[C@@H](Cc1ccccc1)C(=O)O)[C@@H]1CCCN1C(N[C@@H](CN[C@@H](C(C)N[C@@H](CCCNC(=N)N)C(=O)O)C(O)N[C@@H](Cc1ccccc1)C(=O)O)C(N[C@@H](CCC(N)=O)C(=O)O)N[C@@H](CC(=O)O)C(=O)O)[C@@H](N)CC(C)C)C(=O)O,CSCC[C@H](NC(N[C@@H](Cc1ccccc1)C(=O)O)[C@@H]1CCCN1C(N[C@@H](CN[C@@H](C(C)N[C@@H](CCCNC(=N)N)C(=O)O)C(O)N[C@@H](Cc1ccccc1)C(=O)O)C(N[C@@H](CCC(N)=O)C(=O)O)N[C@@H](CC(=O)O)C(=O)O)[C@@H](N)CC(C)C)C(=O)O,NHPRFLOJCIDBRU-QUXVFAATSA-N,BBB-,0,1249.501,-2.0754300000000274,511.81999999999994,21,21,47,2,87,3,experimental_classification,np
BBBP_00027,27,CSCC[C@H](N)C(N[C@@H](C(C)N[C@@H](C)C(=O)O)C(O)N[C@@H](CC(N)=O)C(=O)O)N[C@@H](CCCNC(=N)N)C(NCC(=O)O)N[C@@H](CC(N)=O)C(=O)O,CSCC[C@H](N)C(N[C@@H](C(C)N[C@@H](C)C(=O)O)C(O)N[C@@H](CC(N)=O)C(=O)O)N[C@@H](CCCNC(=N)N)C(NCC(=O)O)N[C@@H](CC(N)=O)C(=O)O,XSAPMRLANQQMMQ-YSUPZXEMSA-N,BBB-,0,768.8960000000001,-5.821130000000018,415.7099999999999,17,16,31,0,52,0,experimental_classification,np
BBBP_00028,28,CSCC[C@H](NC(NCC(=O)O)[C@H](CCC(N[C@H](C(=O)O)C(C)C)N1CCC[C@H]1C(=O)O)NC[C@H](N)C(N[C@@H](CCC(N[C@@H](CCCNC(=N)N)C(=O)O)N1CCC[C@H]1C(=O)O)C(O)N[C@@H](CC(C)C)C(=O)O)N[C@@H](CN[C@@H](Cc1c[nH]c2ccccc12)C(=O)O)C(NCC(=O)O)N[C@@H](Cc1ccccc1)C(=O)O)C(=O)O,CSCC[C@H](NC(NCC(=O)O)[C@H](CCC(N[C@H](C(=O)O)C(C)C)N1CCC[C@H]1C(=O)O)NC[C@H](N)C(N[C@@H](CCC(N[C@@H](CCCNC(=N)N)C(=O)O)N1CCC[C@H]1C(=O)O)C(O)N[C@@H](CC(C)C)C(=O)O)N[C@@H](CN[C@@H](Cc1c[nH]c2ccccc12)C(=O)O)C(NCC(=O)O)N[C@@H](Cc1ccccc1)C(=O)O)C(=O)O,NSIJJHFOZNYXOY-NQYVIISTSA-N,BBB-,0,1603.9080000000004,-1.9140299999999995,635.7500000000001,27,27,60,3,112,5,experimental_classification,np
BBBP_00029,29,CSCC[C@H](NC[C@H](NC(N[C@@H](C)C(NCC(=O)O)N[C@@H](Cc1ccccc1)C(=O)O)[C@@H](N)CC(N)N1CCC[C@H]1C(NCC(=O)O)N[C@@H](Cc1ccccc1)C(=O)O)C(O)N[C@@H](CCCNC(=N)N)C(=O)O)C(=O)O,CSCC[C@H](NC[C@H](NC(N[C@@H](C)C(NCC(=O)O)N[C@@H](Cc1ccccc1)C(=O)O)[C@@H](N)CC(N)N1CCC[C@H]1C(NCC(=O)O)N[C@@H](Cc1ccccc1)C(=O)O)C(O)N[C@@H](CCCNC(=N)N)C(=O)O)C(=O)O,SDSNVSIFQGIJDX-AWYHLYHYSA-N,BBB-,0,1093.3199999999997,-3.292630000000025,457.45000000000005,20,20,41,2,76,3,experimental_classification,np
BBBP_00030,30,CC(C)C[C@H](NC(N[C@@H](CCCNC(=N)N)C(=O)O)[C@H](CC(N[C@@H](Cc1ccccc1)C(=O)O)N[C@H](C(=O)O)C(C)C)NC(CN)N[C@@H](C(C)C)C(N[C@@H](CO)C(=O)O)N[C@@H](CO)C(=O)O)C(=O)O,CC(C)C[C@H](NC(N[C@@H](CCCNC(=N)N)C(=O)O)[C@H](CC(N[C@@H](Cc1ccccc1)C(=O)O)N[C@H](C(=O)O)C(C)C)NC(CN)N[C@@H](C(C)C)C(N[C@@H](CO)C(=O)O)N[C@@H](CO)C(=O)O)C(=O)O,SFHMUPVESMZUJE-OGYCHJSHSA-N,BBB-,0,987.167,-3.338530000000014,448.41999999999996,20,18,39,1,69,1,experimental_classification,np
BBBP_00031,31,CSCC[C@H](NC(N[C@@H](CCCNC(=N)N)C(=O)O)[C@H](CC(N)N[C@@H](Cc1ccccc1)C(=O)O)NC([C@@H](N)CCCCN)N1CCC[C@H]1C(N[C@@H](CCC(N)N[C@@H](Cc1ccccc1)C(=O)O)C(=O)O)N[C@@H](CC(=O)O)C(=O)O)C(=O)O,CSCC[C@H](NC(N[C@@H](CCCNC(=N)N)C(=O)O)[C@H](CC(N)N[C@@H](Cc1ccccc1)C(=O)O)NC([C@@H](N)CCCCN)N1CCC[C@H]1C(N[C@@H](CCC(N)N[C@@H](Cc1ccccc1)C(=O)O)C(=O)O)N[C@@H](CC(=O)O)C(=O)O)C(=O)O,KWISXDMKLZAFBU-NIVOYZLCSA-N,BBB-,0,1192.4529999999995,-2.183230000000024,514.53,21,21,46,2,83,3,experimental_classification,np
BBBP_00032,32,CCC(C)[C@H](NC([C@@H](N)C(C)C)N1CCC[C@H]1C(N[C@@H](C)C(N[C@@H](CCSC)C(=O)O)N[C@@H](CCSC)C(=O)O)N[C@@H](CN[C@@H](CCC(N)=O)C(=O)O)C(N[C@@H](Cc1cnc[nH]1)C(=O)O)N[C@H](C(=O)O)C(C)CC)C(N[C@@H](C(C)C)C(N[C@@H](CCC(N[C@@H](CS)C(=O)O)N[C@@H](CCCCN)C(=O)O)C(=O)O)N[C@@H](C)C(N[C@@H](CO)C(=O)O)N[C@@H](CCCNC(=N)N)C(=O)O)N[C@@H](Cc1ccccc1)C(N[C@@H](C(C)C)C(N[C@@H](CS)C(=O)O)N[C@@H](Cc1ccccc1)C(=O)O)N[C@@H](C)C(N[C@@H](C)C(=O)O)N[C@@H](C)C(=O)O,CCC(C)[C@H](NC([C@@H](N)C(C)C)N1CCC[C@H]1C(N[C@@H](C)C(N[C@@H](CCSC)C(=O)O)N[C@@H](CCSC)C(=O)O)N[C@@H](CN[C@@H](CCC(N)=O)C(=O)O)C(N[C@@H](Cc1cnc[nH]1)C(=O)O)N[C@H](C(=O)O)C(C)CC)C(N[C@@H](C(C)C)C(N[C@@H](CCC(N[C@@H](CS)C(=O)O)N[C@@H](CCCCN)C(=O)O)C(=O)O)N[C@@H](C)C(N[C@@H](CO)C(=O)O)N[C@@H](CCCNC(=N)N)C(=O)O)N[C@@H](Cc1ccccc1)C(N[C@@H](C(C)C)C(N[C@@H](CS)C(=O)O)N[C@@H](Cc1ccccc1)C(=O)O)N[C@@H](C)C(N[C@@H](C)C(=O)O)N[C@@H](C)C(=O)O,NVPAMLDOJSQRPF-YQVQFKDASA-N,BBB-,0,2632.3759999999943,-2.963029999999935,996.0400000000001,46,47,106,3,180,4,experimental_classification,np
BBBP_00033,33,CSCC[C@H](NC(CNC(NCC(N[C@@H](Cc1ccc(O)cc1)C(=O)O)N1CCC[C@H]1C(=O)O)[C@@H](NC([C@H](C)N)N1CCC[C@H]1C(N[C@@H](C(C)C)C(N[C@@H](C)C(N[C@@H](CCSC)C(=O)O)N[C@@H](CC(C)C)C(=O)O)N[C@@H](CC(C)C)C(NCC(=O)O)N[C@@H](Cc1cnc[nH]1)C(=O)O)N[C@@H](CNCC(NCC(=O)O)N[C@@H](CCCNC(=N)N)C(=O)O)C(N[C@@H](C(C)C)C(N[C@@H](C)C(=O)O)N[C@H](C(=O)O)C(C)C)N[C@@H](C(C)N[C@@H](CC(N)=O)C(=O)O)C(N[C@@H](Cc1cnc[nH]1)C(=O)O)N[C@@H](Cc1c[nH]c2ccccc12)C(=O)O)C(C)C)N[C@@H](CCCCN)C(=O)O)C(=O)O,CSCC[C@H](NC(CNC(NCC(N[C@@H](Cc1ccc(O)cc1)C(=O)O)N1CCC[C@H]1C(=O)O)[C@@H](NC([C@H](C)N)N1CCC[C@H]1C(N[C@@H](C(C)C)C(N[C@@H](C)C(N[C@@H](CCSC)C(=O)O)N[C@@H](CC(C)C)C(=O)O)N[C@@H](CC(C)C)C(NCC(=O)O)N[C@@H](Cc1cnc[nH]1)C(=O)O)N[C@@H](CNCC(NCC(=O)O)N[C@@H](CCCNC(=N)N)C(=O)O)C(N[C@@H](C(C)C)C(N[C@@H](C)C(=O)O)N[C@H](C(=O)O)C(C)C)N[C@@H](C(C)N[C@@H](CC(N)=O)C(=O)O)C(N[C@@H](Cc1cnc[nH]1)C(=O)O)N[C@@H](Cc1c[nH]c2ccccc12)C(=O)O)C(C)C)N[C@@H](CCCCN)C(=O)O)C(=O)O,KIKNZRDKYAFPSJ-LFIZHCOVSA-N,BBB-,0,2830.514999999993,-3.8793300000000084,1105.11,49,50,111,5,197,7,experimental_classification,np
BBBP_00034,34,CSCC[C@H](N)C(N[C@@H](C)C(N[C@@H](C(C)C)C(N[C@@H](CO)C(=O)O)N[C@H](C(=O)O)C(C)O)N[C@@H](CC(C)C)C(=O)O)N[C@@H](CCCCN)C(N[C@@H](C(C)N[C@@H](Cc1cnc[nH]1)C(=O)O)C(NCC(=O)O)N[C@@H](Cc1c[nH]c2ccccc12)C(=O)O)N[C@@H](Cc1ccccc1)C(N[C@@H](CCCNC(=N)N)C(=O)O)N[C@@H](Cc1c[nH]c2ccccc12)C(=O)O,CSCC[C@H](N)C(N[C@@H](C)C(N[C@@H](C(C)C)C(N[C@@H](CO)C(=O)O)N[C@H](C(=O)O)C(C)O)N[C@@H](CC(C)C)C(=O)O)N[C@@H](CCCCN)C(N[C@@H](C(C)N[C@@H](Cc1cnc[nH]1)C(=O)O)C(NCC(=O)O)N[C@@H](Cc1c[nH]c2ccccc12)C(=O)O)N[C@@H](Cc1ccccc1)C(N[C@@H](CCCNC(=N)N)C(=O)O)N[C@@H](Cc1c[nH]c2ccccc12)C(=O)O,FRDWYFMDGGTYCZ-PCHRKSSXSA-N,BBB-,0,1732.1340000000007,-0.6794299999999989,669.4499999999999,31,28,65,6,122,6,experimental_classification,np
BBBP_00035,35,CSCC[C@H](NC(N[C@@H](CCCNC(=N)N)C(=O)O)[C@H](Cc1ccccc1)NC(CC[C@H](N)C(N[C@@H](CCC(O)N[C@@H](Cc1ccccc1)C(=O)O)C(=O)O)N[C@@H](CC(=O)O)C(=O)O)N[C@@H](CCC(N)N[C@@H](Cc1ccc(O)cc1)C(=O)O)C(NCC(=O)O)N[C@@H](Cc1cnc[nH]1)C(=O)O)C(=O)O,CSCC[C@H](NC(N[C@@H](CCCNC(=N)N)C(=O)O)[C@H](Cc1ccccc1)NC(CC[C@H](N)C(N[C@@H](CCC(O)N[C@@H](Cc1ccccc1)C(=O)O)C(=O)O)N[C@@H](CC(=O)O)C(=O)O)N[C@@H](CCC(N)N[C@@H](Cc1ccc(O)cc1)C(=O)O)C(NCC(=O)O)N[C@@H](Cc1cnc[nH]1)C(=O)O)C(=O)O,VEPVHAROXYFDBE-DRCCWAPESA-N,BBB-,0,1470.6730000000007,-2.657330000000017,639.0799999999999,27,26,57,4,103,4,experimental_classification,np
BBBP_00036,36,CC(C)C[C@H](NC(O)[C@H](CC(N[C@@H](CCCNC(=N)N)C(=O)O)N1CCC[C@H]1C(=O)O)NC(C[C@H](NC(N)CC[C@H](N)C(NCC(N[C@@H](Cc1ccccc1)C(=O)O)N[C@H](C(=O)O)C(C)C)N[C@@H](CN[C@@H](CCC(N)=O)C(=O)O)C(N[C@@H](CCC(N)=O)C(=O)O)N1CCC[C@H]1C(=O)O)C(N[C@@H](Cc1c[nH]c2ccccc12)C(=O)O)N1CCC[C@H]1C(=O)O)NCC(=O)O)C(=O)O,CC(C)C[C@H](NC(O)[C@H](CC(N[C@@H](CCCNC(=N)N)C(=O)O)N1CCC[C@H]1C(=O)O)NC(C[C@H](NC(N)CC[C@H](N)C(NCC(N[C@@H](Cc1ccccc1)C(=O)O)N[C@H](C(=O)O)C(C)C)N[C@@H](CN[C@@H](CCC(N)=O)C(=O)O)C(N[C@@H](CCC(N)=O)C(=O)O)N1CCC[C@H]1C(=O)O)C(N[C@@H](Cc1c[nH]c2ccccc12)C(=O)O)N1CCC[C@H]1C(=O)O)NCC(=O)O)C(=O)O,VNYVYFQQFXNSCX-LLHRBUFTSA-N,BBB-,0,1843.1180000000013,-5.018029999999951,800.5200000000002,32,32,68,3,130,6,experimental_classification,np
BBBP_00037,37,CCC(C)[C@H](NC(CN)NCC(N[C@@H](C)C(NCC(=O)O)N[C@@H](CCSC)C(=O)O)N[C@@H](CC(C)C)C(N[C@@H](CCC(=O)O)C(=O)O)N[C@H](C(=O)O)C(C)CC)C(N[C@@H](C)C(N[C@@H](CCCCN)C(=O)O)N[C@@H](CC(C)C)C(=O)O)N[C@@H](CN[C@@H](CCCCN)C(O)N[C@H](C(=O)O)C(C)C)C(N[C@@H](C)C(=O)O)N[C@@H](C)C(=O)O,CCC(C)[C@H](NC(CN)NCC(N[C@@H](C)C(NCC(=O)O)N[C@@H](CCSC)C(=O)O)N[C@@H](CC(C)C)C(N[C@@H](CCC(=O)O)C(=O)O)N[C@H](C(=O)O)C(C)CC)C(N[C@@H](C)C(N[C@@H](CCCCN)C(=O)O)N[C@@H](CC(C)C)C(=O)O)N[C@@H](CN[C@@H](CCCCN)C(O)N[C@H](C(=O)O)C(C)C)C(N[C@@H](C)C(=O)O)N[C@@H](C)C(=O)O,ZFGQBMBWYVLRTL-KDPFABPPSA-N,BBB-,0,1645.131,-2.3024999999999594,663.77,30,31,73,0,113,0,experimental_classification,np
BBBP_00038,38,C[C@H](NC(N[C@@H](C)C(N[C@@H](CCC(N[C@@H](CC(=O)O)C(=O)O)N1CCC[C@H]1C(=O)O)C(=O)O)N[C@@H](CN[C@@H](Cc1ccccc1)C(=O)O)C(N[C@@H](CCCNC(=N)N)C(=O)O)N[C@@H](CCCNC(=N)N)C(=O)O)[C@@H]1CCCN1)C(NCC(=O)O)N[C@@H](CO)C(=O)O,C[C@H](NC(N[C@@H](C)C(N[C@@H](CCC(N[C@@H](CC(=O)O)C(=O)O)N1CCC[C@H]1C(=O)O)C(=O)O)N[C@@H](CN[C@@H](Cc1ccccc1)C(=O)O)C(N[C@@H](CCCNC(=N)N)C(=O)O)N[C@@H](CCCNC(=N)N)C(=O)O)[C@@H]1CCCN1)C(NCC(=O)O)N[C@@H](CO)C(=O)O,RNYBZWGBFXFOKV-ZGGOIQNUSA-N,BBB-,0,1299.4530000000002,-6.2202599999999935,615.3,27,24,50,1,91,3,experimental_classification,np
BBBP_00039,39,CCC(C)[C@H](NC(N[C@H](C(=O)O)C(C)C)[C@@H](NC(N[C@@H](CC(C)C)C(N[C@@H](CO)C(=O)O)N[C@@H](Cc1c[nH]c2ccccc12)C(=O)O)[C@H](C)NC(N[C@@H](C)C(N[C@@H](CC(N)N[C@@H](CCC(N)=O)C(=O)O)C(=O)O)N[C@@H](C)C(N[C@@H](CCCCN)C(=O)O)N[C@H](C(=O)O)C(C)CC)[C@@H](NC(NCC(N[C@@H](CC(C)C)C(N[C@@H](CC(C)C)C(=O)O)N[C@H](C(=O)O)C(C)C)N[C@@H](CCCCN)C(N1CCC[C@H]1C(=O)O)N1CCC[C@H]1C(=O)O)[C@@H](N)Cc1ccccc1)C(C)C)C(C)C)C(=O)O,CCC(C)[C@H](NC(N[C@H](C(=O)O)C(C)C)[C@@H](NC(N[C@@H](CC(C)C)C(N[C@@H](CO)C(=O)O)N[C@@H](Cc1c[nH]c2ccccc12)C(=O)O)[C@H](C)NC(N[C@@H](C)C(N[C@@H](CC(N)N[C@@H](CCC(N)=O)C(=O)O)C(=O)O)N[C@@H](C)C(N[C@@H](CCCCN)C(=O)O)N[C@H](C(=O)O)C(C)CC)[C@@H](NC(NCC(N[C@@H](CC(C)C)C(N[C@@H](CC(C)C)C(=O)O)N[C@H](C(=O)O)C(C)C)N[C@@H](CCCCN)C(N1CCC[C@H]1C(=O)O)N1CCC[C@H]1C(=O)O)[C@@H](N)Cc1ccccc1)C(C)C)C(C)C)C(=O)O,VWAUIWJPCZIXSW-NFHINWMYSA-N,BBB-,0,2386.099999999997,1.4275000000000886,865.84,38,39,94,3,168,5,experimental_classification,np
BBBP_00040,40,CC(C)C[C@H](NC(O)CNC(N[C@@H](CC(C)C)C(NCC(=O)O)N[C@@H](CC(C)C)C(=O)O)[C@H](CC(C)C)NC(CN)N[C@@H](CC(C)C)C(NCC(N[C@@H](CC(N)=O)C(=O)O)N[C@@H](CC(C)C)C(=O)O)N[C@@H](C(C)N[C@@H](CC(C)C)C(=O)O)C(NCC(=O)O)N[C@@H](CC(N)=O)C(=O)O)C(=O)O,CC(C)C[C@H](NC(O)CNC(N[C@@H](CC(C)C)C(NCC(=O)O)N[C@@H](CC(C)C)C(=O)O)[C@H](CC(C)C)NC(CN)N[C@@H](CC(C)C)C(NCC(N[C@@H](CC(N)=O)C(=O)O)N[C@@H](CC(C)C)C(=O)O)N[C@@H](C(C)N[C@@H](CC(C)C)C(=O)O)C(NCC(=O)O)N[C@@H](CC(N)=O)C(=O)O)C(=O)O,OMYRXFFGACHNIC-ODVTXLHRSA-N,BBB-,0,1438.8200000000002,-2.700699999999986,599.2500000000001,26,26,62,0,100,0,experimental_classification,np
BBBP_00041,41,CCC(C)[C@H](NC(N[C@@H](CC(N)=O)C(=O)O)[C@H](CC(C)C)NC(N[C@@H](C(C)CC)C(N[C@@H](C)C(=O)O)N[C@H](C(=O)O)C(C)C)[C@H](CC(C)C)NC(N[C@@H](CN1CCC[C@H]1C(N[C@@H](CO)C(=O)O)N[C@H](C(=O)O)C(C)O)C(N[C@@H](C)C(N[C@@H](Cc1cnc[nH]1)C(=O)O)N[C@@H](Cc1cnc[nH]1)C(=O)O)N[C@@H](Cc1cnc[nH]1)C(N[C@@H](CC(C)C)C(=O)O)N[C@H](C(=O)O)C(C)C)[C@@H](N)Cc1ccccc1)C(NCC(=O)O)N[C@@H](CO)C(=O)O,CCC(C)[C@H](NC(N[C@@H](CC(N)=O)C(=O)O)[C@H](CC(C)C)NC(N[C@@H](C(C)CC)C(N[C@@H](C)C(=O)O)N[C@H](C(=O)O)C(C)C)[C@H](CC(C)C)NC(N[C@@H](CN1CCC[C@H]1C(N[C@@H](CO)C(=O)O)N[C@H](C(=O)O)C(C)O)C(N[C@@H](C)C(N[C@@H](Cc1cnc[nH]1)C(=O)O)N[C@@H](Cc1cnc[nH]1)C(=O)O)N[C@@H](Cc1cnc[nH]1)C(N[C@@H](CC(C)C)C(=O)O)N[C@H](C(=O)O)C(C)C)[C@@H](N)Cc1ccccc1)C(NCC(=O)O)N[C@@H](CO)C(=O)O,NJEIVDUQBJYIAF-FQFCPLSNSA-N,BBB-,0,2131.598,-3.5141999999999283,845.9200000000001,37,38,83,4,150,5,experimental_classification,np
BBBP_00042,42,CCC(C)[C@H](NC(CNC(NCC(N[C@@H](CS)C(=O)O)N[C@H](C(=O)O)C(C)O)[C@H](CS)NC(N[C@@H](C(C)N[C@@H](C(C)N[C@@H](CS)C(=O)O)C(N[C@@H](CS)C(=O)O)N[C@H](C(=O)O)C(C)O)C(N[C@@H](CS)C(N[C@@H](CO)C(=O)O)N[C@@H](CC(=O)O)C(=O)O)N[C@@H](Cc1ccccc1)C(N[C@@H](CO)C(=O)O)N[C@@H](Cc1c[nH]c2ccccc12)C(=O)O)[C@H](CC(C)C)NC(CN)N1CCC[C@H]1C(NCC(N[C@@H](C(C)N[C@@H](Cc1cnc[nH]1)C(=O)O)C(O)N[C@@H](CC(N)=O)C(=O)O)N[C@@H](CS)C(=O)O)N[C@@H](CCC(N[C@@H](CC(N)=O)C(=O)O)N[C@H](C(=O)O)C(C)O)C(NCC(=O)O)N1CCC[C@H]1C(=O)O)N1CCC[C@H]1C(=O)O)C(=O)O,CCC(C)[C@H](NC(CNC(NCC(N[C@@H](CS)C(=O)O)N[C@H](C(=O)O)C(C)O)[C@H](CS)NC(N[C@@H](C(C)N[C@@H](C(C)N[C@@H](CS)C(=O)O)C(N[C@@H](CS)C(=O)O)N[C@H](C(=O)O)C(C)O)C(N[C@@H](CS)C(N[C@@H](CO)C(=O)O)N[C@@H](CC(=O)O)C(=O)O)N[C@@H](Cc1ccccc1)C(N[C@@H](CO)C(=O)O)N[C@@H](Cc1c[nH]c2ccccc12)C(=O)O)[C@H](CC(C)C)NC(CN)N1CCC[C@H]1C(NCC(N[C@@H](C(C)N[C@@H](Cc1cnc[nH]1)C(=O)O)C(O)N[C@@H](CC(N)=O)C(=O)O)N[C@@H](CS)C(=O)O)N[C@@H](CCC(N[C@@H](CC(N)=O)C(=O)O)N[C@H](C(=O)O)C(C)O)C(NCC(=O)O)N1CCC[C@H]1C(=O)O)N1CCC[C@H]1C(=O)O)C(=O)O,VMRZDRMXYZUOBV-CYSBLMEMSA-N,BBB-,0,3191.775999999991,-14.282500000000038,1321.2799999999997,63,65,121,4,216,7,experimental_classification,np
BBBP_00043,43,CC(C)C[C@H](NC[C@H](NC(N[C@@H](Cc1ccccc1)C(=O)O)[C@@H](N)CCC(N)N[C@@H](C(C)N[C@H](C(=O)O)C(C)O)C(N[C@@H](CCCNC(=N)N)C(=O)O)N1CCC[C@H]1C(=O)O)C(=O)O)C(=O)O,CC(C)C[C@H](NC[C@H](NC(N[C@@H](Cc1ccccc1)C(=O)O)[C@@H](N)CCC(N)N[C@@H](C(C)N[C@H](C(=O)O)C(C)O)C(N[C@@H](CCCNC(=N)N)C(=O)O)N1CCC[C@H]1C(=O)O)C(=O)O)C(=O)O,PTVCLWSZBDLWIG-KIVOAXGVSA-N,BBB-,0,955.1249999999999,-2.9265300000000165,433.39,18,17,35,1,67,2,experimental_classification,np
BBBP_00044,44,CSCC[C@H](NC(N[C@@H](CCCNC(=N)N)C(=O)O)[C@H](CCC(N)N[C@@H](CN[C@@H](Cc1ccccc1)C(=O)O)C(=O)O)NC([C@H](C)N)N1CCC[C@H]1C(N[C@@H](CCCNC(=N)N)C(=O)O)N[C@@H](CC(C)C)C(=O)O)C(=O)O,CSCC[C@H](NC(N[C@@H](CCCNC(=N)N)C(=O)O)[C@H](CCC(N)N[C@@H](CN[C@@H](Cc1ccccc1)C(=O)O)C(=O)O)NC([C@H](C)N)N1CCC[C@H]1C(N[C@@H](CCCNC(=N)N)C(=O)O)N[C@@H](CC(C)C)C(=O)O)C(=O)O,RWRYQKDLSWXMJC-WQWQMMNVSA-N,BBB-,0,1113.3989999999997,-2.3752600000000195,487.0899999999999,21,19,43,1,77,2,experimental_classification,np
BBBP_00045,45,CCC(C)[C@H](NC(N[C@@H](CCC(N[C@@H](C)C(=O)O)N[C@@H](CS)C(=O)O)C(NCC(=O)O)N[C@@H](CS)C(=O)O)[C@H](Cc1cnc[nH]1)NC[C@H](N)C(N[C@@H](C(C)N[C@@H](CS)C(=O)O)C(N[C@@H](C)C(=O)O)N[C@@H](Cc1ccccc1)C(=O)O)N[C@@H](CS)C(N[C@@H](C)C(=O)O)N[C@@H](C)C(=O)O)C(=O)O,CCC(C)[C@H](NC(N[C@@H](CCC(N[C@@H](C)C(=O)O)N[C@@H](CS)C(=O)O)C(NCC(=O)O)N[C@@H](CS)C(=O)O)[C@H](Cc1cnc[nH]1)NC[C@H](N)C(N[C@@H](C(C)N[C@@H](CS)C(=O)O)C(N[C@@H](C)C(=O)O)N[C@@H](Cc1ccccc1)C(=O)O)N[C@@H](CS)C(N[C@@H](C)C(=O)O)N[C@@H](C)C(=O)O)C(=O)O,LWPGRIOZOBIEQY-SQJWWJLHSA-N,BBB-,0,1498.8400000000004,-4.6154,596.12,30,30,58,2,100,2,experimental_classification,np
BBBP_00046,46,CSCC[C@H](NC(CC[C@H](NC([C@@H](N)CC(C)C)N1CCC[C@H]1C(N[C@@H](CCC(N)=O)C(=O)O)N[C@@H](CC(=O)O)C(=O)O)C(N[C@@H](CCCNC(=N)N)C(=O)O)N[C@@H](Cc1ccccc1)C(=O)O)N[C@@H](Cc1ccccc1)C(=O)O)C(=O)O,CSCC[C@H](NC(CC[C@H](NC([C@@H](N)CC(C)C)N1CCC[C@H]1C(N[C@@H](CCC(N)=O)C(=O)O)N[C@@H](CC(=O)O)C(=O)O)C(N[C@@H](CCCNC(=N)N)C(=O)O)N[C@@H](Cc1ccccc1)C(=O)O)N[C@@H](Cc1ccccc1)C(=O)O)C(=O)O,NPXPJVXOBFLMHZ-WVUOZXDNSA-N,BBB-,0,1190.4330000000002,-0.6342300000000314,479.55999999999995,19,19,45,2,83,3,experimental_classification,np
BBBP_00047,47,CCC(C)[C@H](NC(CN)N[C@@H](CCCCN)C(N[C@@H](C(C)CC)C(N[C@@H](CCCCN)C(=O)O)N[C@H](C(=O)O)C(C)CC)N[C@@H](CCCCN)C(N[C@H](C(=O)O)C(C)C)N[C@H](C(=O)O)C(C)O)C(N[C@@H](Cc1c[nH]c2ccccc12)C(N[C@@H](CCCCN)C(=O)O)N[C@@H](CC(C)C)C(=O)O)N[C@@H](CC(NCC(N[C@@H](C)C(=O)O)N[C@@H](CO)C(=O)O)N[C@@H](C)C(N[C@@H](Cc1cnc[nH]1)C(=O)O)N[C@H](C(=O)O)C(C)CC)C(N[C@@H](C)C(N[C@@H](C)C(=O)O)N[C@@H](CC(N)=O)C(=O)O)N[C@@H](CCCCN)C(O)N[C@@H](CCC(N)=O)C(=O)O,CCC(C)[C@H](NC(CN)N[C@@H](CCCCN)C(N[C@@H](C(C)CC)C(N[C@@H](CCCCN)C(=O)O)N[C@H](C(=O)O)C(C)CC)N[C@@H](CCCCN)C(N[C@H](C(=O)O)C(C)C)N[C@H](C(=O)O)C(C)O)C(N[C@@H](Cc1c[nH]c2ccccc12)C(N[C@@H](CCCCN)C(=O)O)N[C@@H](CC(C)C)C(=O)O)N[C@@H](CC(NCC(N[C@@H](C)C(=O)O)N[C@@H](CO)C(=O)O)N[C@@H](C)C(N[C@@H](Cc1cnc[nH]1)C(=O)O)N[C@H](C(=O)O)C(C)CC)C(N[C@@H](C)C(N[C@@H](C)C(=O)O)N[C@@H](CC(N)=O)C(=O)O)N[C@@H](CCCCN)C(O)N[C@@H](CCC(N)=O)C(=O)O,AOACTDIJPPQYMQ-OHPAWSNQSA-N,BBB-,0,2615.2969999999964,-5.174600000000011,1109.05,49,48,114,3,183,3,experimental_classification,np
BBBP_00048,48,CCC(C)[C@H](NC(N[C@@H](C)C(N[C@@H](C(C)C)C(N[C@@H](CO)C(=O)O)N[C@@H](CS)C(=O)O)N[C@@H](CC(C)C)C(N[C@H](C(=O)O)C(C)CC)N[C@H](C(=O)O)C(C)CC)[C@H](Cc1ccccc1)NC([C@@H](N)Cc1ccccc1)N1CCC[C@H]1C(N[C@@H](Cc1ccccc1)C(N[C@@H](C(C)C)C(O)N[C@@H](CS)C(=O)O)N[C@H](C(=O)O)C(C)C)N[C@@H](CCCNC(=N)N)C(N[C@@H](CO)C(=O)O)N1CCC[C@H]1C(=O)O)C(N[C@@H](C)C(N[C@H](C(=O)O)C(C)C)N[C@H](C(=O)O)C(C)O)N[C@@H](CCCCN)C(N[C@@H](CCCCN)C(=O)O)N[C@@H](CCCCN)C(=O)O,CCC(C)[C@H](NC(N[C@@H](C)C(N[C@@H](C(C)C)C(N[C@@H](CO)C(=O)O)N[C@@H](CS)C(=O)O)N[C@@H](CC(C)C)C(N[C@H](C(=O)O)C(C)CC)N[C@H](C(=O)O)C(C)CC)[C@H](Cc1ccccc1)NC([C@@H](N)Cc1ccccc1)N1CCC[C@H]1C(N[C@@H](Cc1ccccc1)C(N[C@@H](C(C)C)C(O)N[C@@H](CS)C(=O)O)N[C@H](C(=O)O)C(C)C)N[C@@H](CCCNC(=N)N)C(N[C@@H](CO)C(=O)O)N1CCC[C@H]1C(=O)O)C(N[C@@H](C)C(N[C@H](C(=O)O)C(C)C)N[C@H](C(=O)O)C(C)O)N[C@@H](CCCCN)C(N[C@@H](CCCCN)C(=O)O)N[C@@H](CCCCN)C(=O)O,PNMACNZWWSVDMQ-XXSVMTSKSA-N,BBB-,0,2691.5689999999963,-0.263029999999912,953.61,46,46,107,3,187,5,experimental_classification,np
BBBP_00049,49,CSCC[C@H](NC(N[C@@H](CC(=O)O)C(=O)O)[C@H](CCC(NCC(=O)O)N[C@@H](Cc1c[nH]c2ccccc12)C(=O)O)NC(N)CC[C@H](N)C(N[C@@H](CCCNC(=N)N)C(=O)O)N[C@@H](Cc1ccc(N[C@@H](Cc2ccccc2)C(=O)O)cc1)C(=O)O)C(=O)O,CSCC[C@H](NC(N[C@@H](CC(=O)O)C(=O)O)[C@H](CCC(NCC(=O)O)N[C@@H](Cc1c[nH]c2ccccc12)C(=O)O)NC(N)CC[C@H](N)C(N[C@@H](CCCNC(=N)N)C(=O)O)N[C@@H](Cc1ccc(N[C@@H](Cc2ccccc2)C(=O)O)cc1)C(=O)O)C(=O)O,NEKCUAGGEKKYQJ-VUNLICGYSA-N,BBB-,0,1239.4209999999996,-0.45083000000002343,524.3699999999999,22,20,46,4,87,4,experimental_classification,np
BBBP_00050,50,CC(C)C[C@H](NC(CC[C@H](NC(NCC(NCC(=O)O)N[C@@H](Cc1ccc(O)cc1)C(=O)O)[C@@H](N)CCC(N)N[C@@H](CCC(N)NCC(N[C@@H](CCCNC(=N)N)C(=O)O)N[C@@H](CC(C)C)C(=O)O)C(NCC(N[C@@H](CO)C(=O)O)N[C@@H](Cc1ccccc1)C(=O)O)N1CCC[C@H]1C(=O)O)C(N[C@@H](CO)C(=O)O)N1CCC[C@H]1C(=O)O)NCC(=O)O)C(=O)O,CC(C)C[C@H](NC(CC[C@H](NC(NCC(NCC(=O)O)N[C@@H](Cc1ccc(O)cc1)C(=O)O)[C@@H](N)CCC(N)N[C@@H](CCC(N)NCC(N[C@@H](CCCNC(=N)N)C(=O)O)N[C@@H](CC(C)C)C(=O)O)C(NCC(N[C@@H](CO)C(=O)O)N[C@@H](Cc1ccccc1)C(=O)O)N1CCC[C@H]1C(=O)O)C(N[C@@H](CO)C(=O)O)N1CCC[C@H]1C(=O)O)NCC(=O)O)C(=O)O,KTCWUYQFDGPMDK-YLPSTPQDSA-N,BBB-,0,1768.048000000001,-6.5311299999999575,785.8500000000003,34,34,70,2,124,4,experimental_classification,np
BBBP_00051,51,CCC(C)[C@H](NC([C@H](C)NC(CC[C@H](N)C(NCC(N[C@@H](CCCNC(=N)N)C(=O)O)N[C@H](C(=O)O)C(C)C)N[C@@H](CC(C)C)C(O)NCC(=O)O)N[C@@H](C)C(N[C@@H](Cc1ccccc1)C(=O)O)N1CCC[C@H]1C(=O)O)N1CCC[C@H]1C(=O)O)C(=O)O,CCC(C)[C@H](NC([C@H](C)NC(CC[C@H](N)C(NCC(N[C@@H](CCCNC(=N)N)C(=O)O)N[C@H](C(=O)O)C(C)C)N[C@@H](CC(C)C)C(O)NCC(=O)O)N[C@@H](C)C(N[C@@H](Cc1ccccc1)C(=O)O)N1CCC[C@H]1C(=O)O)N1CCC[C@H]1C(=O)O)C(=O)O,WPAPTEGTBDPDLT-IOVSAFJVSA-N,BBB-,0,1238.5410000000002,-1.2556300000000218,484.0,21,21,46,1,87,3,experimental_classification,np
BBBP_00052,52,CC(C)C[C@H](Nc1ccc(C[C@H](N)C(NCC(N[C@@H](CO)C(=O)O)N[C@@H](Cc2ccc(O)cc2)C(=O)O)N[C@@H](CCCCN)C(N[C@@H](C(C)N[C@@H](CS)C(=O)O)C(N[C@@H](CO)C(=O)O)N[C@@H](Cc2ccccc2)C(=O)O)N[C@@H](CCCCN)C(O)N[C@@H](CCCNC(=N)N)C(=O)O)cc1)C(N[C@@H](Cc1c[nH]c2ccccc12)C(N[C@@H](CCCCN)C(=O)O)N1CCC[C@H]1C(=O)O)N[C@@H](CS)C(N1CCC[C@H]1C(=O)O)N1CCC[C@H]1C(=O)O,CC(C)C[C@H](Nc1ccc(C[C@H](N)C(NCC(N[C@@H](CO)C(=O)O)N[C@@H](Cc2ccc(O)cc2)C(=O)O)N[C@@H](CCCCN)C(N[C@@H](C(C)N[C@@H](CS)C(=O)O)C(N[C@@H](CO)C(=O)O)N[C@@H](Cc2ccccc2)C(=O)O)N[C@@H](CCCCN)C(O)N[C@@H](CCCNC(=N)N)C(=O)O)cc1)C(N[C@@H](Cc1c[nH]c2ccccc12)C(N[C@@H](CCCCN)C(=O)O)N1CCC[C@H]1C(=O)O)N[C@@H](CS)C(N1CCC[C@H]1C(=O)O)N1CCC[C@H]1C(=O)O,USLZGKNLWRREDJ-JBXJXWCBSA-N,BBB-,0,2177.7160000000013,-1.8907299999999552,813.8300000000002,38,38,80,5,152,8,experimental_classification,np
BBBP_00053,53,CCC(C)[C@H](NC(N[C@@H](CCSC)C(N[C@@H](CN[C@@H](CCCNC(=N)N)C(=O)O)C(NCC(=O)O)N[C@@H](CCCNC(=N)N)C(=O)O)N1CCC[C@H]1C(N[C@@H](CCC(N)=O)C(=O)O)N[C@@H](CC(C)C)C(=O)O)[C@@H](N)CCCCN)C(N[C@@H](C)C(N[C@@H](CCCCN)C(=O)O)N[C@@H](Cc1ccccc1)C(=O)O)N[C@@H](CCCCN)C(N[C@@H](CCC(=O)O)C(=O)O)N[C@@H](Cc1ccc(O)cc1)C(=O)O,CCC(C)[C@H](NC(N[C@@H](CCSC)C(N[C@@H](CN[C@@H](CCCNC(=N)N)C(=O)O)C(NCC(=O)O)N[C@@H](CCCNC(=N)N)C(=O)O)N1CCC[C@H]1C(N[C@@H](CCC(N)=O)C(=O)O)N[C@@H](CC(C)C)C(=O)O)[C@@H](N)CCCCN)C(N[C@@H](C)C(N[C@@H](CCCCN)C(=O)O)N[C@@H](Cc1ccccc1)C(=O)O)N[C@@H](CCCCN)C(N[C@@H](CCC(=O)O)C(=O)O)N[C@@H](Cc1ccc(O)cc1)C(=O)O,PFZWUMRXJGZLQX-NELORSCCSA-N,BBB-,0,1966.4750000000015,-3.0315599999999243,835.8600000000001,36,34,83,2,137,3,experimental_classification,np
BBBP_00054,54,CSCC[C@H](N)C(N[C@@H](CO)C(=O)O)N[C@@H](Cc1ccccc1)C(N[C@@H](CCC(N)=O)C(=O)O)N1CCC[C@H]1C(=O)O,CSCC[C@H](N)C(N[C@@H](CO)C(=O)O)N[C@@H](Cc1ccccc1)C(N[C@@H](CCC(N)=O)C(=O)O)N1CCC[C@H]1C(=O)O,LKSBVLSQNYXKPM-MYMXIPFHSA-N,BBB-,0,612.7500000000001,-1.1876999999999909,240.56999999999996,9,11,21,1,42,2,experimental_classification,np
BBBP_00055,55,CC(C)C[C@H](NC(N[C@@H](CCCNC(=N)N)C(=O)O)[C@H](C)NC(NCC(N[C@@H](Cc1ccc(O)cc1)C(=O)O)N[C@H](C(=O)O)C(C)C)[C@H](CCCNC(=N)N)NC(CN)NCC(N[C@@H](CO)C(=O)O)N[C@@H](CC(N)=O)C(=O)O)C(=O)O,CC(C)C[C@H](NC(N[C@@H](CCCNC(=N)N)C(=O)O)[C@H](C)NC(NCC(N[C@@H](Cc1ccc(O)cc1)C(=O)O)N[C@H](C(=O)O)C(C)C)[C@H](CCCNC(=N)N)NC(CN)NCC(N[C@@H](CO)C(=O)O)N[C@@H](CC(N)=O)C(=O)O)C(=O)O,XJWCQBZNFXGDOO-PAXNPBHHSA-N,BBB-,0,1159.359,-6.007459999999995,577.4699999999999,26,22,47,1,81,1,experimental_classification,np
BBBP_00056,56,CC(C)C[C@H](NC(N[C@@H](CCC(=O)O)C(=O)O)[C@H](CCCCN)NC(N[C@@H](C)C(N[C@@H](C)C(=O)O)N[C@@H](CCCNC(=N)N)C(=O)O)[C@H](CCCCN)NC[C@H](N)C(NCC(N[C@@H](CCCCN)C(=O)O)N[C@@H](CC(N)NCC(=O)O)C(=O)O)N[C@@H](CCCCN)C(N[C@@H](CC(=O)O)C(=O)O)N[C@H](C(=O)O)C(C)C)C(=O)O,CC(C)C[C@H](NC(N[C@@H](CCC(=O)O)C(=O)O)[C@H](CCCCN)NC(N[C@@H](C)C(N[C@@H](C)C(=O)O)N[C@@H](CCCNC(=N)N)C(=O)O)[C@H](CCCCN)NC[C@H](N)C(NCC(N[C@@H](CCCCN)C(=O)O)N[C@@H](CC(N)NCC(=O)O)C(=O)O)N[C@@H](CCCCN)C(N[C@@H](CC(=O)O)C(=O)O)N[C@H](C(=O)O)C(C)C)C(=O)O,RPHUQJKXLZVLDI-HSECATBRSA-N,BBB-,0,1614.9560000000001,-6.755129999999947,796.7400000000001,34,32,74,0,112,0,experimental_classification,np
BBBP_00057,57,CCC(C)[C@H](NC(N[C@H](C(=O)O)C(C)N[C@@H](CC(C)C)C(=O)O)[C@H](Cc1ccccc1)NC(N[C@@H](CC(C)C)C(N[C@@H](CC(C)C)C(N[C@@H](CO)C(=O)O)N[C@@H](CC(C)C)C(=O)O)N1CCC[C@H]1C(N[C@@H](CO)C(=O)O)N[C@@H](Cc1ccccc1)C(=O)O)[C@@H](N)Cc1ccccc1)C(N[C@@H](CCCCN)C(=O)O)N[C@H](C(=O)O)C(C)C,CCC(C)[C@H](NC(N[C@H](C(=O)O)C(C)N[C@@H](CC(C)C)C(=O)O)[C@H](Cc1ccccc1)NC(N[C@@H](CC(C)C)C(N[C@@H](CC(C)C)C(N[C@@H](CO)C(=O)O)N[C@@H](CC(C)C)C(=O)O)N1CCC[C@H]1C(N[C@@H](CO)C(=O)O)N[C@@H](Cc1ccccc1)C(=O)O)[C@@H](N)Cc1ccccc1)C(N[C@@H](CCCCN)C(=O)O)N[C@H](C(=O)O)C(C)C,DBISZUZWSUTLDD-BVLDDGCISA-N,BBB-,0,1637.1280000000004,3.026599999999971,538.4999999999999,24,25,63,3,116,4,experimental_classification,np
BBBP_00058,58,CSCC[C@H](N)C(N[C@@H](C)C(N[C@@H](CC(C)C)C(=O)O)N[C@@H](C)C(N[C@@H](CO)C(=O)O)N[C@H](C(=O)O)C(C)O)N[C@@H](C)C(N[C@@H](C(C)N[C@@H](Cc1cnc[nH]1)C(=O)O)C(NCC(=O)O)N[C@@H](Cc1c[nH]c2ccccc12)C(=O)O)N[C@@H](Cc1ccccc1)C(N[C@@H](CCCNC(=N)N)C(=O)O)N[C@@H](Cc1c[nH]c2ccccc12)C(=O)O,CSCC[C@H](N)C(N[C@@H](C)C(N[C@@H](CC(C)C)C(=O)O)N[C@@H](C)C(N[C@@H](CO)C(=O)O)N[C@H](C(=O)O)C(C)O)N[C@@H](C)C(N[C@@H](C(C)N[C@@H](Cc1cnc[nH]1)C(=O)O)C(NCC(=O)O)N[C@@H](Cc1c[nH]c2ccccc12)C(=O)O)N[C@@H](Cc1ccccc1)C(N[C@@H](CCCNC(=N)N)C(=O)O)N[C@@H](Cc1c[nH]c2ccccc12)C(=O)O,GLANDEPETKWPKZ-XZOPGHRGSA-N,BBB-,0,1646.984000000001,-1.4246300000000074,643.43,30,27,60,6,116,6,experimental_classification,np
BBBP_00059,59,CC(C)C[C@H](NC(N)CC[C@H](N)C(N[C@@H](Cc1ccc(O)cc1)C(=O)O)N[C@@H](CC(N)N[C@@H](CC(=O)O)C(=O)O)C(O)N[C@@H](Cc1c[nH]c2ccccc12)C(=O)O)C(N[C@@H](CO)C(=O)O)N1CCC[C@H]1C(=O)O,CC(C)C[C@H](NC(N)CC[C@H](N)C(N[C@@H](Cc1ccc(O)cc1)C(=O)O)N[C@@H](CC(N)N[C@@H](CC(=O)O)C(=O)O)C(O)N[C@@H](Cc1c[nH]c2ccccc12)C(=O)O)C(N[C@@H](CO)C(=O)O)N1CCC[C@H]1C(=O)O,MESGTHLNNMITBH-YTPNNOBXSA-N,BBB-,0,1032.163,-2.1538000000000146,453.76000000000005,19,19,35,3,73,4,experimental_classification,np
BBBP_00060,60,CC(C)C[C@H](NC(N)CC[C@H](NC(CC[C@H](NC(N[C@@H](C(C)C)C(N[C@@H](CCC(=O)O)C(=O)O)N[C@@H](Cc1ccccc1)C(=O)O)[C@H](C)N)C(NCC(=O)O)N[C@@H](CCCCN)C(O)N[C@@H](CCCNC(=N)N)C(=O)O)N[C@@H](CC(NCC(=O)O)NCC(=O)O)C(NCC(=O)O)N[C@H](C(=O)O)C(C)C)C(N[C@@H](C)C(=O)O)N[C@@H](CCC(=O)O)C(=O)O)C(=O)O,CC(C)C[C@H](NC(N)CC[C@H](NC(CC[C@H](NC(N[C@@H](C(C)C)C(N[C@@H](CCC(=O)O)C(=O)O)N[C@@H](Cc1ccccc1)C(=O)O)[C@H](C)N)C(NCC(=O)O)N[C@@H](CCCCN)C(O)N[C@@H](CCCNC(=N)N)C(=O)O)N[C@@H](CC(NCC(=O)O)NCC(=O)O)C(NCC(=O)O)N[C@H](C(=O)O)C(C)C)C(N[C@@H](C)C(=O)O)N[C@@H](CCC(=O)O)C(=O)O)C(=O)O,ZMCCRWMZFNNBRQ-HVMFKKMFSA-N,BBB-,0,1780.0560000000007,-6.300029999999942,837.5700000000003,36,34,77,1,124,1,experimental_classification,np
BBBP_00061,61,CC(C)C[C@H](NC(O)[C@@H]1CCCN1C(N[C@@H](Cc1ccc(O)cc1)C(=O)O)[C@@H]1CCCN1C(N[C@@H](CCC(N)N[C@@H](C)C(=O)O)C(NCC(=O)O)N[C@@H](Cc1ccccc1)C(=O)O)[C@H](C)N)C(=O)O,CC(C)C[C@H](NC(O)[C@@H]1CCCN1C(N[C@@H](Cc1ccc(O)cc1)C(=O)O)[C@@H]1CCCN1C(N[C@@H](CCC(N)N[C@@H](C)C(=O)O)C(NCC(=O)O)N[C@@H](Cc1ccccc1)C(=O)O)[C@H](C)N)C(=O)O,QQCOJABSWKSEQT-LTBBMTEOSA-N,BBB-,0,973.183,-0.31530000000000996,357.65999999999997,15,17,32,2,69,4,experimental_classification,np
BBBP_00062,62,CC(C)C[C@H](NC([C@H](CCC(N)NCC(N[C@@H](CCCNC(=N)N)C(=O)O)N[C@H](C(=O)O)C(C)C)NC(N[C@@H](CC(C)C)C(N[C@@H](Cc1ccccc1)C(=O)O)N1CCC[C@H]1C(=O)O)[C@@H]1CCCN1)N1CCC[C@H]1C(=O)O)C(=O)O,CC(C)C[C@H](NC([C@H](CCC(N)NCC(N[C@@H](CCCNC(=N)N)C(=O)O)N[C@H](C(=O)O)C(C)C)NC(N[C@@H](CC(C)C)C(N[C@@H](Cc1ccccc1)C(=O)O)N1CCC[C@H]1C(=O)O)[C@@H]1CCCN1)N1CCC[C@H]1C(=O)O)C(=O)O,WZLHRIVLOGUVSD-LSKUFSHQSA-N,BBB-,0,1133.4479999999996,0.13716999999998436,414.44000000000005,18,18,40,1,80,4,experimental_classification,np
BBBP_00063,63,CSCC[C@H](NC[C@H](NC([C@H](C)N)N1CCC[C@H]1C(NCC(O)N[C@@H](CCCNC(=N)N)C(=O)O)N[C@@H](Cc1ccccc1)C(=O)O)C(NCC(=O)O)N[C@@H](CCSC)C(=O)O)C(=O)O,CSCC[C@H](NC[C@H](NC([C@H](C)N)N1CCC[C@H]1C(NCC(O)N[C@@H](CCCNC(=N)N)C(=O)O)N[C@@H](Cc1ccccc1)C(=O)O)C(NCC(=O)O)N[C@@H](CCSC)C(=O)O)C(=O)O,ZZWKVIVHUJARRH-ZWODOWSHSA-N,BBB-,0,961.2230000000002,-2.499930000000023,382.09999999999997,17,18,37,1,65,2,experimental_classification,np
BBBP_00064,64,CCC(C)[C@H](NC(C[C@H](NC(C[C@H](N)C(N[C@@H](C)C(=O)O)N[C@@H](CO)C(=O)O)N[C@@H](CN[C@@H](CCC(N)=O)C(=O)O)C(N[C@@H](CC(N)=O)C(=O)O)N[C@@H](CC(C)C)C(=O)O)C(=O)O)NCC(=O)O)C(=O)O,CCC(C)[C@H](NC(C[C@H](NC(C[C@H](N)C(N[C@@H](C)C(=O)O)N[C@@H](CO)C(=O)O)N[C@@H](CN[C@@H](CCC(N)=O)C(=O)O)C(N[C@@H](CC(N)=O)C(=O)O)N[C@@H](CC(C)C)C(=O)O)C(=O)O)NCC(=O)O)C(=O)O,JKCZOSYFZIVDIU-PPBVBQLHSA-N,BBB-,0,1027.0970000000002,-6.424400000000007,539.1,21,21,43,0,71,0,experimental_classification,np
BBBP_00065,65,CSCC[C@H](NC(CNC(CN)N[C@@H](CCCCN)C(N[C@@H](CCCNC(=N)N)C(=O)O)N[C@@H](Cc1ccccc1)C(=O)O)N[C@@H](Cc1ccc(O)cc1)C(=O)O)C(=O)O,CSCC[C@H](NC(CNC(CN)N[C@@H](CCCCN)C(N[C@@H](CCCNC(=N)N)C(=O)O)N[C@@H](Cc1ccccc1)C(=O)O)N[C@@H](Cc1ccc(O)cc1)C(=O)O)C(=O)O,YGDLKVWSEISBNE-KDPLANBTSA-N,BBB-,0,864.0840000000003,-1.0212300000000152,355.55,16,15,34,2,60,2,experimental_classification,np
BBBP_00066,66,CC(C)C[C@H](NC(N)CC[C@H](N)C(N[C@@H](C(C)N[C@@H](CO)C(=O)O)C(NCC(=O)O)N[C@@H](Cc1c[nH]c2ccccc12)C(=O)O)N[C@@H](Cc1ccccc1)C(=O)O)C(N[C@@H](CO)C(=O)O)N[C@H](C(=O)O)C(C)O,CC(C)C[C@H](NC(N)CC[C@H](N)C(N[C@@H](C(C)N[C@@H](CO)C(=O)O)C(NCC(=O)O)N[C@@H](Cc1c[nH]c2ccccc12)C(=O)O)N[C@@H](Cc1ccccc1)C(=O)O)C(N[C@@H](CO)C(=O)O)N[C@H](C(=O)O)C(C)O,JDPKMTSEFMIPNU-PFSTUYAPSA-N,BBB-,0,1034.1790000000003,-3.0717000000000225,448.55999999999995,20,19,38,3,73,3,experimental_classification,np
BBBP_00067,67,CCC(C)[C@H](NC(N[C@@H](CCCCN)C(NCC(=O)O)N[C@H](C(=O)O)C(C)C)[C@H](CC(C)C)NC(CN)N[C@@H](CC(C)C)C(N[C@@H](C(C)N[C@@H](CCCCN)C(=O)O)C(N[C@@H](CCC(=O)O)C(=O)O)N[C@@H](Cc1ccccc1)C(=O)O)N[C@@H](CCC(N)N[C@@H](CCC(N[C@H](C(=O)O)C(C)C)N[C@H](C(=O)O)C(C)O)C(NCC(=O)O)N[C@H](C(=O)O)C(C)C)C(N[C@@H](CC(C)C)C(=O)O)N[C@@H](CCCCN)C(N[C@@H](CO)C(=O)O)N[C@@H](CCC(N)=O)C(=O)O)C(NCC(=O)O)N[C@@H](C)C(=O)O,CCC(C)[C@H](NC(N[C@@H](CCCCN)C(NCC(=O)O)N[C@H](C(=O)O)C(C)C)[C@H](CC(C)C)NC(CN)N[C@@H](CC(C)C)C(N[C@@H](C(C)N[C@@H](CCCCN)C(=O)O)C(N[C@@H](CCC(=O)O)C(=O)O)N[C@@H](Cc1ccccc1)C(=O)O)N[C@@H](CCC(N)N[C@@H](CCC(N[C@H](C(=O)O)C(C)C)N[C@H](C(=O)O)C(C)O)C(NCC(=O)O)N[C@H](C(=O)O)C(C)C)C(N[C@@H](CC(C)C)C(=O)O)N[C@@H](CCCCN)C(N[C@@H](CO)C(=O)O)N[C@@H](CCC(N)=O)C(=O)O)C(NCC(=O)O)N[C@@H](C)C(=O)O,CVSUIELHWBKSKM-YFVRMSPASA-N,BBB-,0,2424.9989999999966,-5.095799999999979,1037.8100000000002,45,45,107,1,169,1,experimental_classification,np
BBBP_00068,68,CCC(C)[C@H](NC(N[C@@H](C)C(=O)O)[C@@H](NC(N[C@@H](CCCCN)C(NCC(=O)O)N[C@@H](CCC(=O)O)C(=O)O)[C@@H](N)C(C)N[C@@H](CC(N[C@@H](CO)C(=O)O)N[C@@H](CCC(N[C@@H](C)C(=O)O)N[C@H](C(=O)O)C(C)C)C(NCC(=O)O)N[C@@H](CCCNC(=N)N)C(=O)O)C(N[C@@H](CCC(=O)O)C(=O)O)N[C@@H](Cc1ccccc1)C(=O)O)C(C)C)C(=O)O,CCC(C)[C@H](NC(N[C@@H](C)C(=O)O)[C@@H](NC(N[C@@H](CCCCN)C(NCC(=O)O)N[C@@H](CCC(=O)O)C(=O)O)[C@@H](N)C(C)N[C@@H](CC(N[C@@H](CO)C(=O)O)N[C@@H](CCC(N[C@@H](C)C(=O)O)N[C@H](C(=O)O)C(C)C)C(NCC(=O)O)N[C@@H](CCCNC(=N)N)C(=O)O)C(N[C@@H](CCC(=O)O)C(=O)O)N[C@@H](Cc1ccccc1)C(=O)O)C(C)C)C(=O)O,SNELBDNGIJUESF-XXJSRMEISA-N,BBB-,0,1721.9720000000011,-5.523629999999961,799.5200000000001,34,32,73,1,120,1,experimental_classification,np
BBBP_00069,69,CC(O)[C@H](NC(N)CC[C@H](NC(N)CC[C@H](N)C(N[C@@H](Cc1ccc(O)cc1)C(=O)O)N[C@@H](CC(N[C@@H](Cc1ccccc1)C(=O)O)N[C@@H](Cc1cnc[nH]1)C(=O)O)C(N[C@@H](CC(=O)O)C(=O)O)N[C@@H](Cc1ccccc1)C(=O)O)C(NCC(=O)O)N[C@@H](C)C(=O)O)C(=O)O,CC(O)[C@H](NC(N)CC[C@H](NC(N)CC[C@H](N)C(N[C@@H](Cc1ccc(O)cc1)C(=O)O)N[C@@H](CC(N[C@@H](Cc1ccccc1)C(=O)O)N[C@@H](Cc1cnc[nH]1)C(=O)O)C(N[C@@H](CC(=O)O)C(=O)O)N[C@@H](Cc1ccccc1)C(=O)O)C(NCC(=O)O)N[C@@H](C)C(=O)O)C(=O)O,WATYBDFECQDCIR-FSSUAJNOSA-N,BBB-,0,1340.4570000000003,-3.696700000000021,603.2,25,25,50,4,95,4,experimental_classification,np
BBBP_00070,70,CSCC[C@H](NC(N[C@@H](Cc1c[nH]c2ccccc12)C(=O)O)[C@H](CC(N)NCC(=O)O)NC(N[C@@H](CN[C@@H](Cc1ccccc1)C(=O)O)C(NCC(=O)O)N1CCC[C@H]1C(=O)O)[C@@H](N)CCC(NCC(N[C@@H](CCC(=O)O)C(=O)O)N[C@@H](CC(N)N[C@@H](CCCNC(=N)N)C(=O)O)C(O)N[C@@H](CC(C)C)C(=O)O)N[C@@H](C)C(N[C@@H](C)C(=O)O)N[C@@H](CCCCN)C(=O)O)C(=O)O,CSCC[C@H](NC(N[C@@H](Cc1c[nH]c2ccccc12)C(=O)O)[C@H](CC(N)NCC(=O)O)NC(N[C@@H](CN[C@@H](Cc1ccccc1)C(=O)O)C(NCC(=O)O)N1CCC[C@H]1C(=O)O)[C@@H](N)CCC(NCC(N[C@@H](CCC(=O)O)C(=O)O)N[C@@H](CC(N)N[C@@H](CCCNC(=N)N)C(=O)O)C(O)N[C@@H](CC(C)C)C(=O)O)N[C@@H](C)C(N[C@@H](C)C(=O)O)N[C@@H](CCCCN)C(=O)O)C(=O)O,PTMOHQLQKYPJMI-HHYMUEJFSA-N,BBB-,0,1882.2210000000011,-5.556329999999945,833.2900000000001,36,35,76,3,131,4,experimental_classification,np
BBBP_00071,71,CC(C)C[C@H](NC(N[C@@H](Cc1c[nH]c2ccccc12)C(=O)O)[C@@H]1CCCN1C([C@@H](N)Cc1ccccc1)N1CCC[C@H]1C(=O)O)C(=O)O,CC(C)C[C@H](NC(N[C@@H](Cc1c[nH]c2ccccc12)C(=O)O)[C@@H]1CCCN1C([C@@H](N)Cc1ccccc1)N1CCC[C@H]1C(=O)O)C(=O)O,CMLMNARWFCUFII-RCGCYQLCSA-N,BBB-,0,662.8320000000002,3.0777000000000028,184.24999999999994,7,8,17,3,48,5,experimental_classification,np
BBBP_00072,72,CC(C)[C@H](NC([C@H](Cc1ccccc1)NC(N[C@@H](Cc1ccc(N[C@@H](CC(N)NCC(=O)O)C(=O)O)cc1)C(N[C@@H](CS)C(=O)O)N[C@@H](CC(N)=O)C(=O)O)[C@@H](N)CS)N1CCC[C@H]1C(=O)O)C(=O)O,CC(C)[C@H](NC([C@H](Cc1ccccc1)NC(N[C@@H](Cc1ccc(N[C@@H](CC(N)NCC(=O)O)C(=O)O)cc1)C(N[C@@H](CS)C(=O)O)N[C@@H](CC(N)=O)C(=O)O)[C@@H](N)CS)N1CCC[C@H]1C(=O)O)C(=O)O,HUGRBRFJOKTUAS-KYUBUAEZSA-N,BBB-,0,1024.234,-2.0236000000000107,406.38000000000005,18,19,35,2,70,3,experimental_classification,np
BBBP_00073,73,CCC(C)[C@H](NC(CC[C@H](NC(N[C@@H](CC(NCC(=O)O)N[C@@H](Cc1ccc(O)cc1)C(=O)O)C(N[C@@H](Cc1ccccc1)C(=O)O)N[C@@H](Cc1ccccc1)C(=O)O)[C@H](CCCCN)Nc1ccc(C[C@H](N)C(N[C@@H](C(C)C)C(N[C@@H](CCC(N)N2CCC[C@H]2C(=O)O)C(N[C@@H](CCCNC(=N)N)C(=O)O)N[C@@H](CC(N)=O)C(=O)O)N[C@@H](CC(C)C)C(N[C@@H](CCCNC(=N)N)C(=O)O)N[C@@H](Cc2ccccc2)C(=O)O)N[C@@H](CC(NCC(=O)O)N[C@@H](C)C(=O)O)C(NCC(=O)O)NCC(=O)O)cc1)C(N[C@@H](CO)C(=O)O)N[C@@H](CCCNC(=N)N)C(=O)O)N[C@@H](CCC(N)=O)C(=O)O)C(=O)O,CCC(C)[C@H](NC(CC[C@H](NC(N[C@@H](CC(NCC(=O)O)N[C@@H](Cc1ccc(O)cc1)C(=O)O)C(N[C@@H](Cc1ccccc1)C(=O)O)N[C@@H](Cc1ccccc1)C(=O)O)[C@H](CCCCN)Nc1ccc(C[C@H](N)C(N[C@@H](C(C)C)C(N[C@@H](CCC(N)N2CCC[C@H]2C(=O)O)C(N[C@@H](CCCNC(=N)N)C(=O)O)N[C@@H](CC(N)=O)C(=O)O)N[C@@H](CC(C)C)C(N[C@@H](CCCNC(=N)N)C(=O)O)N[C@@H](Cc2ccccc2)C(=O)O)N[C@@H](CC(NCC(=O)O)N[C@@H](C)C(=O)O)C(NCC(=O)O)NCC(=O)O)cc1)C(N[C@@H](CO)C(=O)O)N[C@@H](CCCNC(=N)N)C(=O)O)N[C@@H](CCC(N)=O)C(=O)O)C(=O)O,YJXFLZUFHPIFJM-OXYHDOEYSA-N,BBB-,0,2945.4239999999927,-7.445490000000007,1304.4299999999996,56,51,119,5,208,6,experimental_classification,np
BBBP_00074,74,NC(=O)C[C@H](NC(N[C@@H](Cc1ccccc1)C(=O)O)[C@@H](N)CC(N[C@@H](CNCC(=O)O)C(=O)O)N1CCC[C@H]1C(N[C@@H](CO)C(=O)O)N[C@@H](Cc1c[nH]c2ccccc12)C(=O)O)C(=O)O,NC(=O)C[C@H](NC(N[C@@H](Cc1ccccc1)C(=O)O)[C@@H](N)CC(N[C@@H](CNCC(=O)O)C(=O)O)N1CCC[C@H]1C(N[C@@H](CO)C(=O)O)N[C@@H](Cc1c[nH]c2ccccc12)C(=O)O)C(=O)O,PKUVZEYCXDMFEI-NMNISOKQSA-N,BBB-,0,914.9710000000001,-3.1309000000000085,404.35,16,16,31,3,65,4,experimental_classification,np
BBBP_00075,75,CC(C)[C@H](NC(N[C@@H](CCC(N[C@@H](C)C(=O)O)N1CCC[C@H]1C(=O)O)C(N[C@@H](C)C(=O)O)N[C@@H](CCC(N)=O)C(=O)O)[C@@H](N)Cc1ccc(N[C@@H](C)C(N[C@@H](CN[C@@H](CC(=O)O)C(=O)O)C(=O)O)N2CCC[C@H]2C(N[C@@H](C)C(=O)O)N[C@H](C(=O)O)C(C)O)cc1)C(N[C@@H](C)C(=O)O)N1CCC[C@H]1C(=O)O,CC(C)[C@H](NC(N[C@@H](CCC(N[C@@H](C)C(=O)O)N1CCC[C@H]1C(=O)O)C(N[C@@H](C)C(=O)O)N[C@@H](CCC(N)=O)C(=O)O)[C@@H](N)Cc1ccc(N[C@@H](C)C(N[C@@H](CN[C@@H](CC(=O)O)C(=O)O)C(=O)O)N2CCC[C@H]2C(N[C@@H](C)C(=O)O)N[C@H](C(=O)O)C(C)O)cc1)C(N[C@@H](C)C(=O)O)N1CCC[C@H]1C(=O)O,RVVFWPZMYNYBCP-GDIIDBSGSA-N,BBB-,0,1499.6830000000002,-4.228599999999993,641.69,25,28,53,1,105,4,experimental_classification,np
BBBP_00076,76,CC(C)C[C@H](NC(N[C@@H](CC(N)N1CCC[C@H]1C(=O)O)C(O)NCC(=O)O)[C@@H](NC(CN)N[C@@H](CC(C)C)C(N[C@@H](C)C(=O)O)N1CCC[C@H]1C(=O)O)C(C)NCC(N[C@@H](Cc1ccccc1)C(=O)O)N1CCC[C@H]1C(=O)O)C(=O)O,CC(C)C[C@H](NC(N[C@@H](CC(N)N1CCC[C@H]1C(=O)O)C(O)NCC(=O)O)[C@@H](NC(CN)N[C@@H](CC(C)C)C(N[C@@H](C)C(=O)O)N1CCC[C@H]1C(=O)O)C(C)NCC(N[C@@H](Cc1ccccc1)C(=O)O)N1CCC[C@H]1C(=O)O)C(=O)O,BGVHQMKVSBEQCZ-NAKBMFGZSA-N,BBB-,0,1152.403,-2.1001000000000234,439.33000000000004,18,21,40,1,81,4,experimental_classification,np
BBBP_00077,77,CSCC[C@H](NC(N)CC[C@H](NC(N[C@@H](CCC(N)=O)C(=O)O)[C@@H](N)CC(N)N1CCC[C@H]1C(N[C@@H](CC(=O)O)C(=O)O)N[C@@H](Cc1ccccc1)C(=O)O)C(N[C@@H](CCCNC(=N)N)C(=O)O)N[C@@H](Cc1ccccc1)C(=O)O)C(=O)O,CSCC[C@H](NC(N)CC[C@H](NC(N[C@@H](CCC(N)=O)C(=O)O)[C@@H](N)CC(N)N1CCC[C@H]1C(N[C@@H](CC(=O)O)C(=O)O)N[C@@H](Cc1ccccc1)C(=O)O)C(N[C@@H](CCCNC(=N)N)C(=O)O)N[C@@H](Cc1ccccc1)C(=O)O)C(=O)O,AAMWWUDNOPJWAI-DTJLNPGUSA-N,BBB-,0,1192.409,-3.0467300000000277,531.5999999999999,21,21,45,2,83,3,experimental_classification,np
BBBP_00078,78,CC(C)C[C@H](NC(C[C@H](NC[C@H](N)C(N[C@@H](Cc1ccc(NCC(=O)O)cc1)C(=O)O)N[C@@H](CC(C)C)C(=O)O)C(N[C@@H](C)C(=O)O)N[C@@H](CCCNC(=N)N)C(=O)O)N[C@@H](CCC(N)=O)C(=O)O)C(=O)O,CC(C)C[C@H](NC(C[C@H](NC[C@H](N)C(N[C@@H](Cc1ccc(NCC(=O)O)cc1)C(=O)O)N[C@@H](CC(C)C)C(=O)O)C(N[C@@H](C)C(=O)O)N[C@@H](CCCNC(=N)N)C(=O)O)N[C@@H](CCC(N)=O)C(=O)O)C(=O)O,KTBFKXOHYXZGHS-PPHZXTAWSA-N,BBB-,0,1028.1759999999997,-2.7228300000000187,488.3499999999999,20,18,41,1,72,1,experimental_classification,np
BBBP_00079,79,CC(C)C[C@H](NC(N[C@@H](CC(O)N[C@@H](Cc1c[nH]c2ccccc12)C(=O)O)C(=O)O)[C@H](Cc1c[nH]c2ccccc12)NC(N[C@@H](CCC(N)N[C@@H](CC(N)=O)C(=O)O)C(NCC(=O)O)N[C@@H](C)C(=O)O)[C@H](C)N)C(=O)O,CC(C)C[C@H](NC(N[C@@H](CC(O)N[C@@H](Cc1c[nH]c2ccccc12)C(=O)O)C(=O)O)[C@H](Cc1c[nH]c2ccccc12)NC(N[C@@H](CCC(N)N[C@@H](CC(N)=O)C(=O)O)C(NCC(=O)O)N[C@@H](C)C(=O)O)[C@H](C)N)C(=O)O,FNCDSNBLGCMJII-NXJVSHIGSA-N,BBB-,0,1070.216,-1.7206000000000126,466.98,20,18,38,4,76,4,experimental_classification,np
BBBP_00080,80,CC(C)C[C@H](NC(N[C@@H](Cc1ccccc1)C(=O)O)[C@H](CNCC(=O)O)NC(N[C@@H](C)C(N[C@@H](CO)C(=O)O)N[C@@H](CC(N[C@@H](CCCNC(=N)N)C(=O)O)N[C@@H](CC(=O)O)C(=O)O)C(O)N1CCC[C@H]1C(=O)O)[C@@H]1CCCN1)C(=O)O,CC(C)C[C@H](NC(N[C@@H](Cc1ccccc1)C(=O)O)[C@H](CNCC(=O)O)NC(N[C@@H](C)C(N[C@@H](CO)C(=O)O)N[C@@H](CC(N[C@@H](CCCNC(=N)N)C(=O)O)N[C@@H](CC(=O)O)C(=O)O)C(O)N1CCC[C@H]1C(=O)O)[C@@H]1CCCN1)C(=O)O,ANAKPHKQVUQSTD-AZNJWKBOSA-N,BBB-,0,1171.318,-4.897930000000013,524.3,23,22,44,1,82,3,experimental_classification,np
BBBP_00081,81,CCC(C)[C@H](NC(CC[C@H](NC(CC[C@H](N)C(N[C@@H](CS)C(N[C@@H](CC(N)=O)C(=O)O)N[C@@H](Cc1ccc(O)cc1)C(=O)O)N[C@@H](CCC(N[C@@H](CC(N)=O)C(=O)O)N1CCC[C@H]1C(=O)O)C(N[C@@H](C)C(=O)O)N1CCC[C@H]1C(=O)O)N[C@@H](CC(N[C@@H](C)C(N[C@@H](CS)C(=O)O)N[C@@H](CS)C(=O)O)N[C@@H](CCCCN)C(NCC(=O)O)N[C@@H](CO)C(=O)O)C(N[C@@H](C(C)N[C@@H](CO)C(=O)O)C(N[C@@H](CS)C(=O)O)N[C@H](C(=O)O)C(C)C)N[C@@H](CC(N[C@@H](Cc1cnc[nH]1)C(=O)O)N1CCC[C@H]1C(=O)O)C(N[C@@H](CCCNC(=N)N)C(=O)O)N1CCC[C@H]1C(=O)O)C(N[C@@H](CS)C(N[C@@H](C)C(=O)O)N[C@@H](CS)C(=O)O)N1CCC[C@H]1C(=O)O)N[C@@H](CCC(N)N[C@@H](CC(C)C)C(=O)O)C(N[C@@H](CCCNC(=N)N)C(=O)O)N[C@H](C(=O)O)C(C)CC)C(N[C@@H](Cc1ccccc1)C(=O)O)N[C@H](C(=O)O)C(C)C,CCC(C)[C@H](NC(CC[C@H](NC(CC[C@H](N)C(N[C@@H](CS)C(N[C@@H](CC(N)=O)C(=O)O)N[C@@H](Cc1ccc(O)cc1)C(=O)O)N[C@@H](CCC(N[C@@H](CC(N)=O)C(=O)O)N1CCC[C@H]1C(=O)O)C(N[C@@H](C)C(=O)O)N1CCC[C@H]1C(=O)O)N[C@@H](CC(N[C@@H](C)C(N[C@@H](CS)C(=O)O)N[C@@H](CS)C(=O)O)N[C@@H](CCCCN)C(NCC(=O)O)N[C@@H](CO)C(=O)O)C(N[C@@H](C(C)N[C@@H](CO)C(=O)O)C(N[C@@H](CS)C(=O)O)N[C@H](C(=O)O)C(C)C)N[C@@H](CC(N[C@@H](Cc1cnc[nH]1)C(=O)O)N1CCC[C@H]1C(=O)O)C(N[C@@H](CCCNC(=N)N)C(=O)O)N1CCC[C@H]1C(=O)O)C(N[C@@H](CS)C(N[C@@H](C)C(=O)O)N[C@@H](CS)C(=O)O)N1CCC[C@H]1C(=O)O)N[C@@H](CCC(N)N[C@@H](CC(C)C)C(=O)O)C(N[C@@H](CCCNC(=N)N)C(=O)O)N[C@H](C(=O)O)C(C)CC)C(N[C@@H](Cc1ccccc1)C(=O)O)N[C@H](C(=O)O)C(C)C,PXOTZPYWJZIHGV-ILNMRNFSSA-N,BBB-,0,4103.9679999999835,-12.159160000000243,1699.039999999999,77,78,159,3,280,8,experimental_classification,np
BBBP_00082,82,CSCC[C@H](NC[C@H](NC(N[C@@H](CC(=O)O)C(=O)O)[C@H](C)NC(N[C@@H](C)C(N[C@@H](CC(N)=O)C(=O)O)N[C@@H](Cc1ccccc1)C(=O)O)[C@H](C)N)C(N[C@@H](CCCNC(=N)N)C(=O)O)N[C@@H](Cc1ccccc1)C(=O)O)C(=O)O,CSCC[C@H](NC[C@H](NC(N[C@@H](CC(=O)O)C(=O)O)[C@H](C)NC(N[C@@H](C)C(N[C@@H](CC(N)=O)C(=O)O)N[C@@H](Cc1ccccc1)C(=O)O)[C@H](C)N)C(N[C@@H](CCCNC(=N)N)C(=O)O)N[C@@H](Cc1ccccc1)C(=O)O)C(=O)O,BDQGVTQGUGRPSZ-OWBWKVIVSA-N,BBB-,0,1137.329,-3.338930000000034,500.37999999999994,21,20,44,2,79,2,experimental_classification,np
BBBP_00083,83,CCC(C)[C@H](NC(CN)NCC(N[C@@H](C(C)CC)C(N[C@@H](CN[C@@H](Cc1ccccc1)C(=O)O)C(=O)O)N[C@H](C(=O)O)C(C)CC)N[C@@H](CC(C)C)C(N[C@@H](CCCCN)C(=O)O)N[C@H](C(=O)O)C(C)CC)C(N[C@@H](C)C(N[C@@H](C)C(NCC(=O)O)N[C@@H](CC(N)=O)C(=O)O)N[C@@H](CNCC(=O)O)C(N[C@@H](C)C(=O)O)N[C@@H](CC(C)C)C(=O)O)N[C@@H](C)C(NCC(N[C@@H](C)C(=O)O)N[C@@H](CC(C)C)C(=O)O)N[C@@H](CCCCN)C(N[C@@H](CCC(=O)O)C(=O)O)N[C@@H](Cc1cnc[nH]1)C(=O)O,CCC(C)[C@H](NC(CN)NCC(N[C@@H](C(C)CC)C(N[C@@H](CN[C@@H](Cc1ccccc1)C(=O)O)C(=O)O)N[C@H](C(=O)O)C(C)CC)N[C@@H](CC(C)C)C(N[C@@H](CCCCN)C(=O)O)N[C@H](C(=O)O)C(C)CC)C(N[C@@H](C)C(N[C@@H](C)C(NCC(=O)O)N[C@@H](CC(N)=O)C(=O)O)N[C@@H](CNCC(=O)O)C(N[C@@H](C)C(=O)O)N[C@@H](CC(C)C)C(=O)O)N[C@@H](C)C(NCC(N[C@@H](C)C(=O)O)N[C@@H](CC(C)C)C(=O)O)N[C@@H](CCCCN)C(N[C@@H](CCC(=O)O)C(=O)O)N[C@@H](Cc1cnc[nH]1)C(=O)O,VYJZAKUYOSUWGM-DBBAOJBLSA-N,BBB-,0,2431.009999999998,-4.13209999999996,998.0500000000001,44,44,106,2,170,2,experimental_classification,np
BBBP_00084,84,CSCC[C@H](NC(NCC(N[C@@H](CO)C(=O)O)N[C@@H](CC(C)C)C(=O)O)[C@H](CC(C)C)NC(CN)N[C@@H](CC(C)C)C(NCC(NCC(=O)O)N[C@@H](CC(C)C)C(=O)O)N[C@@H](C(C)C)C(NCC(=O)O)N[C@@H](CC(C)C)C(=O)O)C(NCC(=O)O)N[C@@H](CC(C)C)C(=O)O,CSCC[C@H](NC(NCC(N[C@@H](CO)C(=O)O)N[C@@H](CC(C)C)C(=O)O)[C@H](CC(C)C)NC(CN)N[C@@H](CC(C)C)C(NCC(NCC(=O)O)N[C@@H](CC(C)C)C(=O)O)N[C@@H](C(C)C)C(NCC(=O)O)N[C@@H](CC(C)C)C(=O)O)C(NCC(=O)O)N[C@@H](CC(C)C)C(=O)O,IIIHANNKVAFWIQ-GWPHHZNHSA-N,BBB-,0,1370.8099999999997,-0.8456000000000008,513.0699999999998,24,25,60,0,94,0,experimental_classification,np
BBBP_00085,85,CSCC[C@H](NC(C[C@H](NC(N[C@@H](Cc1ccc(O)cc1)C(=O)O)[C@@H](N)CCC(N)N[C@@H](CCC(N)N[C@H](C(=O)O)C(C)O)C(NCC(=O)O)N[C@@H](C)C(=O)O)C(N[C@@H](CC(=O)O)C(=O)O)N[C@@H](Cc1ccccc1)C(=O)O)N[C@@H](Cc1cnc[nH]1)C(=O)O)C(=O)O,CSCC[C@H](NC(C[C@H](NC(N[C@@H](Cc1ccc(O)cc1)C(=O)O)[C@@H](N)CCC(N)N[C@@H](CCC(N)N[C@H](C(=O)O)C(C)O)C(NCC(=O)O)N[C@@H](C)C(=O)O)C(N[C@@H](CC(=O)O)C(=O)O)N[C@@H](Cc1ccccc1)C(=O)O)N[C@@H](Cc1cnc[nH]1)C(=O)O)C(=O)O,MZJDSKUXKKXMPZ-PHKPVTLWSA-N,BBB-,0,1324.4800000000007,-4.186300000000019,603.2,25,26,51,3,92,3,experimental_classification,np
BBBP_00086,86,CSCC[C@H](NC(C)[C@H](NC(N[C@@H](CC(N[C@@H](C)C(=O)O)N[C@@H](CCC(N)=O)C(=O)O)C(NCC(=O)O)N[C@@H](CCCCN)C(=O)O)[C@@H](N)CNCC(N[C@@H](CN[C@@H](CC(C)C)C(=O)O)C(=O)O)N[C@@H](CNCC(=O)O)C(N[C@@H](CCCNC(=N)N)C(=O)O)N1CCC[C@H]1C(=O)O)C(N[C@@H](Cc1ccccc1)C(=O)O)N[C@@H](Cc1c[nH]c2ccccc12)C(=O)O)C(=O)O,CSCC[C@H](NC(C)[C@H](NC(N[C@@H](CC(N[C@@H](C)C(=O)O)N[C@@H](CCC(N)=O)C(=O)O)C(NCC(=O)O)N[C@@H](CCCCN)C(=O)O)[C@@H](N)CNCC(N[C@@H](CN[C@@H](CC(C)C)C(=O)O)C(=O)O)N[C@@H](CNCC(=O)O)C(N[C@@H](CCCNC(=N)N)C(=O)O)N1CCC[C@H]1C(=O)O)C(N[C@@H](Cc1ccccc1)C(=O)O)N[C@@H](Cc1c[nH]c2ccccc12)C(=O)O)C(=O)O,YOVKGELRXPFJAX-HSNVNRARSA-N,BBB-,0,1837.1360000000013,-5.760729999999947,804.1100000000001,34,33,74,3,128,4,experimental_classification,np
BBBP_00087,87,CCC(C)[C@H](NC(CN)NCC(N[C@@H](CC(C)C)C(NCC(=O)O)N[C@@H](Cc1ccccc1)C(=O)O)N[C@@H](Cc1cnc[nH]1)C(N[C@@H](C)C(=O)O)N[C@@H](CCCCN)C(=O)O)C(N[C@@H](CCCCN)C(N[C@@H](C)C(N[C@@H](CCC(=O)O)C(=O)O)N[C@H](C(=O)O)C(C)CC)N[C@@H](CN[C@@H](Cc1ccccc1)C(=O)O)C(NCC(=O)O)N[C@H](C(=O)O)C(C)C)N[C@@H](Cc1ccccc1)C(N[C@@H](CCCCN)C(O)N[C@@H](CO)C(=O)O)N[C@@H](CCCCN)C(N[C@@H](CCSC)C(=O)O)N[C@@H](CC(N)=O)C(=O)O,CCC(C)[C@H](NC(CN)NCC(N[C@@H](CC(C)C)C(NCC(=O)O)N[C@@H](Cc1ccccc1)C(=O)O)N[C@@H](Cc1cnc[nH]1)C(N[C@@H](C)C(=O)O)N[C@@H](CCCCN)C(=O)O)C(N[C@@H](CCCCN)C(N[C@@H](C)C(N[C@@H](CCC(=O)O)C(=O)O)N[C@H](C(=O)O)C(C)CC)N[C@@H](CN[C@@H](Cc1ccccc1)C(=O)O)C(NCC(=O)O)N[C@H](C(=O)O)C(C)C)N[C@@H](Cc1ccccc1)C(N[C@@H](CCCCN)C(O)N[C@@H](CO)C(=O)O)N[C@@H](CCCCN)C(N[C@@H](CCSC)C(=O)O)N[C@@H](CC(N)=O)C(=O)O,ROXXQDBJTDIRSN-SXFLEQBYSA-N,BBB-,0,2489.1179999999977,-3.956099999999932,991.89,44,45,108,4,174,4,experimental_classification,np
BBBP_00088,88,CC(C)C[C@H](NC(N[C@@H](CCCNC(=N)N)C(=O)O)[C@H](CC(N)N[C@@H](Cc1ccccc1)C(=O)O)NC(C)[C@H](N)C(N[C@@H](CC(N)=O)C(=O)O)N[C@@H](CCCNC(=N)N)C(O)N[C@@H](Cc1ccccc1)C(=O)O)C(=O)O,CC(C)C[C@H](NC(N[C@@H](CCCNC(=N)N)C(=O)O)[C@H](CC(N)N[C@@H](Cc1ccccc1)C(=O)O)NC(C)[C@H](N)C(N[C@@H](CC(N)=O)C(=O)O)N[C@@H](CCCNC(=N)N)C(O)N[C@@H](Cc1ccccc1)C(=O)O)C(=O)O,LZLRHFOXYHAJRP-BCOBPURJSA-N,BBB-,0,1075.2839999999997,-3.5884600000000253,509.86999999999995,22,18,41,2,76,2,experimental_classification,np
BBBP_00089,89,CCC(C)[C@H](NC(N[C@@H](CO)C(=O)O)[C@H](C)NC(N[C@@H](CC(N)N[C@@H](Cc1ccc(O)cc1)C(=O)O)C(N[C@@H](CS)C(=O)O)N[C@@H](CCCCN)C(=O)O)[C@H](CC(C)C)NC(N[C@@H](CC(C)C)C(N[C@@H](C)C(N[C@@H](CS)C(=O)O)N[C@@H](CCCCN)C(=O)O)N[C@@H](CC(C)C)C(N[C@H](C(=O)O)C(C)CC)N[C@H](C(=O)O)C(C)CC)[C@H](CC(C)C)NC([C@@H](N)Cc1ccccc1)N1CCC[C@H]1C(NCC(N[C@H](C(=O)O)C(C)O)N1CCC[C@H]1C(=O)O)N[C@@H](C)C(N[C@@H](Cc1ccccc1)C(=O)O)N[C@@H](CC(C)C)C(=O)O)C(=O)O,CCC(C)[C@H](NC(N[C@@H](CO)C(=O)O)[C@H](C)NC(N[C@@H](CC(N)N[C@@H](Cc1ccc(O)cc1)C(=O)O)C(N[C@@H](CS)C(=O)O)N[C@@H](CCCCN)C(=O)O)[C@H](CC(C)C)NC(N[C@@H](CC(C)C)C(N[C@@H](C)C(N[C@@H](CS)C(=O)O)N[C@@H](CCCCN)C(=O)O)N[C@@H](CC(C)C)C(N[C@H](C(=O)O)C(C)CC)N[C@H](C(=O)O)C(C)CC)[C@H](CC(C)C)NC([C@@H](N)Cc1ccccc1)N1CCC[C@H]1C(NCC(N[C@H](C(=O)O)C(C)O)N1CCC[C@H]1C(=O)O)N[C@@H](C)C(N[C@@H](Cc1ccccc1)C(=O)O)N[C@@H](CC(C)C)C(=O)O)C(=O)O,NAMXGVKUNYHPBM-MRGOYMRXSA-N,BBB-,0,2634.4689999999937,1.7108000000000807,908.7800000000001,43,45,104,3,183,5,experimental_classification,np
BBBP_00090,90,CCC(C)[C@H](NC(N[C@H](C(=O)O)C(C)O)[C@H](Cc1ccccc1)NC(N[C@@H](CC(N[C@@H](CCCCN)C(O)N[C@H](C(=O)O)C(C)O)N[C@H](C(=O)O)C(C)C)C(NCC(=O)O)N[C@@H](C)C(=O)O)[C@H](Cc1ccccc1)NC(CN)N[C@@H](C(C)C)C(N[C@@H](CC(C)C)C(N[C@@H](C)C(=O)O)N[C@@H](CC(N)=O)C(=O)O)N[C@@H](CCCCN)C(N[C@H](C(=O)O)C(C)C)N[C@H](C(=O)O)C(C)C)C(=O)O,CCC(C)[C@H](NC(N[C@H](C(=O)O)C(C)O)[C@H](Cc1ccccc1)NC(N[C@@H](CC(N[C@@H](CCCCN)C(O)N[C@H](C(=O)O)C(C)O)N[C@H](C(=O)O)C(C)C)C(NCC(=O)O)N[C@@H](C)C(=O)O)[C@H](Cc1ccccc1)NC(CN)N[C@@H](C(C)C)C(N[C@@H](CC(C)C)C(N[C@@H](C)C(=O)O)N[C@@H](CC(N)=O)C(=O)O)N[C@@H](CCCCN)C(N[C@H](C(=O)O)C(C)C)N[C@H](C(=O)O)C(C)C)C(=O)O,XOETZOUZUJHQFI-GMFLGPMHSA-N,BBB-,0,1897.3790000000008,-2.834399999999956,759.35,34,34,78,2,133,2,experimental_classification,np
BBBP_00091,91,CCC(C)[C@H](NC(N[C@@H](CC(N[C@@H](CCCCN)C(=O)O)N[C@H](C(=O)O)C(C)C)C(NCC(=O)O)N[C@@H](CCCCN)C(=O)O)[C@H](CC(C)C)NC(CN)N[C@@H](CC(C)C)C(N[C@@H](CCCCN)C(=O)O)N[C@@H](CC(C)C)C(=O)O)C(N[C@@H](C)C(=O)O)N[C@H](C(=O)O)C(C)C,CCC(C)[C@H](NC(N[C@@H](CC(N[C@@H](CCCCN)C(=O)O)N[C@H](C(=O)O)C(C)C)C(NCC(=O)O)N[C@@H](CCCCN)C(=O)O)[C@H](CC(C)C)NC(CN)N[C@@H](CC(C)C)C(N[C@@H](CCCCN)C(=O)O)N[C@@H](CC(C)C)C(=O)O)C(N[C@@H](C)C(=O)O)N[C@H](C(=O)O)C(C)C,QAZGDRYNZYKRCR-MWKIIYPNSA-N,BBB-,0,1365.812999999999,0.0017000000000053639,546.8399999999999,24,24,61,0,95,0,experimental_classification,np
BBBP_00092,92,CCC(C)[C@H](NC(N[C@H](C(=O)O)C(C)C)[C@H](CCSC)NC(C[C@H](N)C(N[C@@H](C)C(N[C@@H](C)C(=O)O)N[C@@H](Cc1ccc(O)cc1)C(=O)O)N1CCC[C@H]1C(N[C@@H](CC(=O)O)C(=O)O)N[C@@H](CC(C)C)C(=O)O)N1CCC[C@H]1C(N[C@@H](CCC(N[C@@H](CO)C(=O)O)N[C@@H](CCC(=O)O)C(=O)O)C(=O)O)N[C@@H](CC(=O)O)C(=O)O)C(=O)O,CCC(C)[C@H](NC(N[C@H](C(=O)O)C(C)C)[C@H](CCSC)NC(C[C@H](N)C(N[C@@H](C)C(N[C@@H](C)C(=O)O)N[C@@H](Cc1ccc(O)cc1)C(=O)O)N1CCC[C@H]1C(N[C@@H](CC(=O)O)C(=O)O)N[C@@H](CC(C)C)C(=O)O)N1CCC[C@H]1C(N[C@@H](CCC(N[C@@H](CO)C(=O)O)N[C@@H](CCC(=O)O)C(=O)O)C(=O)O)N[C@@H](CC(=O)O)C(=O)O)C(=O)O,VVRAOVPJTPMJNQ-HTYNIHEWSA-N,BBB-,0,1678.9200000000012,-2.664199999999992,702.2200000000003,28,31,64,1,116,3,experimental_classification,np
BBBP_00093,93,CC(C)C[C@H](NC(CC[C@H](NC(N)C[C@H](N)C(N[C@@H](CCC(O)N[C@@H](CCCNC(=N)N)C(=O)O)C(=O)O)N[C@H](C(=O)O)C(C)C)C(NCC(=O)O)NCC(=O)O)N[C@@H](Cc1ccccc1)C(=O)O)C(=O)O,CC(C)C[C@H](NC(CC[C@H](NC(N)C[C@H](N)C(N[C@@H](CCC(O)N[C@@H](CCCNC(=N)N)C(=O)O)C(=O)O)N[C@H](C(=O)O)C(C)C)C(NCC(=O)O)NCC(=O)O)N[C@@H](Cc1ccccc1)C(=O)O)C(=O)O,IDZJAWGQVHUTMG-LJDNFGBLSA-N,BBB-,0,1030.1920000000002,-3.425630000000025,491.50999999999993,21,19,42,1,72,1,experimental_classification,np
BBBP_00094,94,CC(C)[C@H](NC(N)CC[C@H](N)C(N[C@@H](Cc1ccccc1)C(=O)O)N[C@@H](CC(N)NCC(=O)O)C(O)N[C@@H](Cc1c[nH]c2ccccc12)C(=O)O)C(N[C@H](C(=O)O)C(C)O)N1CCC[C@H]1C(=O)O,CC(C)[C@H](NC(N)CC[C@H](N)C(N[C@@H](Cc1ccccc1)C(=O)O)N[C@@H](CC(N)NCC(=O)O)C(O)N[C@@H](Cc1c[nH]c2ccccc12)C(=O)O)C(N[C@H](C(=O)O)C(C)O)N1CCC[C@H]1C(=O)O,WJKLFRIFAQNFQA-PFVHZCHYSA-N,BBB-,0,958.128,-1.7043000000000097,396.23,17,17,32,3,68,4,experimental_classification,np
BBBP_00095,95,CSCC[C@H](N)C(N[C@@H](C(C)N[C@@H](C(C)C)C(N[C@@H](Cc1cnc[nH]1)C(=O)O)N[C@@H](Cc1cnc[nH]1)C(=O)O)C(N[C@@H](Cc1ccccc1)C(=O)O)N[C@@H](CCC(N)N[C@@H](Cc1cnc[nH]1)C(=O)O)C(N[C@@H](CC(=O)O)C(=O)O)N1CCC[C@H]1C(=O)O)N[C@@H](CCCNC(=N)N)C(N[C@@H](CCCCN)C(=O)O)N[C@@H](Cc1cnc[nH]1)C(=O)O,CSCC[C@H](N)C(N[C@@H](C(C)N[C@@H](C(C)C)C(N[C@@H](Cc1cnc[nH]1)C(=O)O)N[C@@H](Cc1cnc[nH]1)C(=O)O)C(N[C@@H](Cc1ccccc1)C(=O)O)N[C@@H](CCC(N)N[C@@H](Cc1cnc[nH]1)C(=O)O)C(N[C@@H](CC(=O)O)C(=O)O)N1CCC[C@H]1C(=O)O)N[C@@H](CCCNC(=N)N)C(N[C@@H](CCCCN)C(=O)O)N[C@@H](Cc1cnc[nH]1)C(=O)O,ZLPHWWOGKPYWFI-OZSYLKARSA-N,BBB-,0,1681.9940000000017,-3.5389299999999615,725.9499999999999,30,30,64,5,118,6,experimental_classification,np
BBBP_00096,96,CC(C)C[C@H](NC(N[C@@H](CCCNC(=N)N)C(=O)O)[C@@H](N)Cc1ccc(N[C@@H](CN[C@@H](C)C(=O)O)C(N[C@@H](CCCNC(=N)N)C(=O)O)N2CCC[C@H]2C(=O)O)cc1)C(N[C@@H](CCCNC(=N)N)C(=O)O)N[C@@H](Cc1ccccc1)C(=O)O,CC(C)C[C@H](NC(N[C@@H](CCCNC(=N)N)C(=O)O)[C@@H](N)Cc1ccc(N[C@@H](CN[C@@H](C)C(=O)O)C(N[C@@H](CCCNC(=N)N)C(=O)O)N2CCC[C@H]2C(=O)O)cc1)C(N[C@@H](CCCNC(=N)N)C(=O)O)N[C@@H](Cc1ccccc1)C(=O)O,ABOPYTMBEQEPGM-RYFINVLNSA-N,BBB-,0,1171.4169999999995,-1.8650900000000297,522.9699999999999,23,18,43,2,83,3,experimental_classification,np
BBBP_00097,97,CCC(C)[C@H](NC(N[C@@H](CCCCN)C(NCC(N[C@@H](CS)C(=O)O)N[C@@H](CC(N)=O)C(=O)O)N[C@@H](CC(N)N[C@@H](CN[C@@H](C)C(=O)O)C(NCC(=O)O)N[C@@H](Cc1ccc(O)cc1)C(=O)O)C(NCC(O)N[C@@H](CCCCN)C(=O)O)N[C@@H](CCC(N)N[C@@H](CS)C(=O)O)C(N[C@@H](CCCNC(=N)N)C(=O)O)N[C@@H](CCCNC(=N)N)C(=O)O)[C@@H](N)CS)C(NCC(NCC(N[C@@H](Cc1c[nH]c2ccccc12)C(=O)O)N[C@H](C(=O)O)C(C)C)N[C@@H](CC(N)N[C@@H](CCC(N)=O)C(=O)O)C(NCC(=O)O)N1CCC[C@H]1C(=O)O)N[C@@H](CC(N)N[C@@H](CS)C(N[C@@H](CO)C(=O)O)N[C@@H](CS)C(=O)O)C(N[C@@H](CCC(N)NCC(=O)O)C(N[C@@H](CS)C(=O)O)N[C@@H](Cc1ccc(O)cc1)C(=O)O)N1CCC[C@H]1C(N[C@@H](CCCCN)C(=O)O)N[C@@H](Cc1cnc[nH]1)C(=O)O,CCC(C)[C@H](NC(N[C@@H](CCCCN)C(NCC(N[C@@H](CS)C(=O)O)N[C@@H](CC(N)=O)C(=O)O)N[C@@H](CC(N)N[C@@H](CN[C@@H](C)C(=O)O)C(NCC(=O)O)N[C@@H](Cc1ccc(O)cc1)C(=O)O)C(NCC(O)N[C@@H](CCCCN)C(=O)O)N[C@@H](CCC(N)N[C@@H](CS)C(=O)O)C(N[C@@H](CCCNC(=N)N)C(=O)O)N[C@@H](CCCNC(=N)N)C(=O)O)[C@@H](N)CS)C(NCC(NCC(N[C@@H](Cc1c[nH]c2ccccc12)C(=O)O)N[C@H](C(=O)O)C(C)C)N[C@@H](CC(N)N[C@@H](CCC(N)=O)C(=O)O)C(NCC(=O)O)N1CCC[C@H]1C(=O)O)N[C@@H](CC(N)N[C@@H](CS)C(N[C@@H](CO)C(=O)O)N[C@@H](CS)C(=O)O)C(N[C@@H](CCC(N)NCC(=O)O)C(N[C@@H](CS)C(=O)O)N[C@@H](Cc1ccc(O)cc1)C(=O)O)N1CCC[C@H]1C(N[C@@H](CCCCN)C(=O)O)N[C@@H](Cc1cnc[nH]1)C(=O)O,ANXXTVPERSHMRX-BJZXGXBISA-N,BBB-,0,3915.7569999999864,-17.96806000000029,1756.319999999999,83,80,160,5,267,7,experimental_classification,np
BBBP_00098,98,CC(C)C[C@H](NC(N[C@@H](CC(=O)O)C(=O)O)[C@H](C)NC(N[C@@H](CCC(N[C@@H](C)C(=O)O)N[C@H](C(=O)O)C(C)O)C(=O)O)[C@H](CCCNC(=N)N)NC(N[C@@H](Cc1cnc[nH]1)C(N[C@@H](C)C(NCC(=O)O)N[C@@H](C)C(=O)O)N[C@@H](Cc1ccccc1)C(N[C@@H](CC(=O)O)C(=O)O)N[C@@H](Cc1ccccc1)C(=O)O)[C@H](C)N)C(=O)O,CC(C)C[C@H](NC(N[C@@H](CC(=O)O)C(=O)O)[C@H](C)NC(N[C@@H](CCC(N[C@@H](C)C(=O)O)N[C@H](C(=O)O)C(C)O)C(=O)O)[C@H](CCCNC(=N)N)NC(N[C@@H](Cc1cnc[nH]1)C(N[C@@H](C)C(NCC(=O)O)N[C@@H](C)C(=O)O)N[C@@H](Cc1ccccc1)C(N[C@@H](CC(=O)O)C(=O)O)N[C@@H](Cc1ccccc1)C(=O)O)[C@H](C)N)C(=O)O,YIWYVQOSXILWFU-QOMGCBAHSA-N,BBB-,0,1605.8150000000003,-4.625529999999999,715.5500000000001,31,29,63,3,113,3,experimental_classification,np
BBBP_00099,99,CCC(C)[C@H](NC(N[C@@H](CCCCN)C(N[C@@H](C)C(=O)O)N[C@@H](CC(C)C)C(=O)O)[C@H](CC(C)C)NC(CN)N[C@@H](CC(C)C)C(N[C@@H](C(C)N[C@@H](CCC(O)N[C@@H](C)C(=O)O)C(=O)O)C(N[C@@H](CO)C(=O)O)N[C@@H](CC(C)C)C(=O)O)N[C@@H](CCC(N)N[C@@H](CCC(NCC(=O)O)N[C@@H](CCCCN)C(=O)O)C(N[C@H](C(=O)O)C(C)C)N[C@H](C(=O)O)C(C)CC)C(N[C@@H](CCCCN)C(NCC(=O)O)N[C@@H](CO)C(=O)O)N[C@@H](CC(C)C)C(N[C@@H](CCC(N)=O)C(=O)O)N[C@H](C(=O)O)C(C)CC)C(N[C@@H](CO)C(=O)O)N[C@@H](CCC(=O)O)C(=O)O,CCC(C)[C@H](NC(N[C@@H](CCCCN)C(N[C@@H](C)C(=O)O)N[C@@H](CC(C)C)C(=O)O)[C@H](CC(C)C)NC(CN)N[C@@H](CC(C)C)C(N[C@@H](C(C)N[C@@H](CCC(O)N[C@@H](C)C(=O)O)C(=O)O)C(N[C@@H](CO)C(=O)O)N[C@@H](CC(C)C)C(=O)O)N[C@@H](CCC(N)N[C@@H](CCC(NCC(=O)O)N[C@@H](CCCCN)C(=O)O)C(N[C@H](C(=O)O)C(C)C)N[C@H](C(=O)O)C(C)CC)C(N[C@@H](CCCCN)C(NCC(=O)O)N[C@@H](CO)C(=O)O)N[C@@H](CC(C)C)C(N[C@@H](CCC(N)=O)C(=O)O)N[C@H](C(=O)O)C(C)CC)C(N[C@@H](CO)C(=O)O)N[C@@H](CCC(=O)O)C(=O)O,RHXCKZZUWNTICF-CPBMUMRISA-N,BBB-,0,2752.420999999994,-6.005300000000027,1188.96,52,52,124,0,191,0,experimental_classification,np
BBBP_00100,100,CC(C)C[C@H](Nc1ccc(C[C@H](NC(CNC(CN)N2CCC[C@H]2C(NCC(=O)O)N[C@@H](Cc2ccc(O)cc2)C(=O)O)N[C@@H](CO)C(=O)O)C(=O)O)cc1)C(=O)O,CC(C)C[C@H](Nc1ccc(C[C@H](NC(CNC(CN)N2CCC[C@H]2C(NCC(=O)O)N[C@@H](Cc2ccc(O)cc2)C(=O)O)N[C@@H](CO)C(=O)O)C(=O)O)cc1)C(=O)O,XAAWPYKNOMKUCH-XWWPSXNRSA-N,BBB-,0,818.9260000000006,-1.125499999999998,328.4,14,15,28,2,58,3,experimental_classification,np
BBBP_00101,101,CCC(C)[C@H](NC(N[C@@H](CC(C)C)C(N[C@@H](CC(N)=O)C(=O)O)N[C@@H](CC(C)C)C(=O)O)[C@@H](NC(N[C@@H](CN[C@@H](C)C(N[C@@H](CCCCN)C(=O)O)N[C@@H](CCC(=O)O)C(=O)O)C(N[C@@H](C(C)C)C(N[C@@H](C)C(=O)O)N[C@H](C(=O)O)C(C)C)N[C@@H](CCC(N[C@@H](CCC(N)=O)C(=O)O)N[C@@H](CC(N)=O)C(=O)O)C(N[C@@H](CCCNC(=N)N)C(=O)O)N[C@@H](CC(N)=O)C(=O)O)[C@@H](N)CN[C@@H](Cc1ccccc1)C(N[C@@H](CC(N)N[C@@H](CCC(N)N[C@@H](CCCNC(=N)N)C(=O)O)C(O)N[C@H](C(=O)O)C(C)C)C(N[C@@H](CCCNC(=N)N)C(=O)O)N[C@@H](Cc1cnc[nH]1)C(=O)O)N1CCC[C@H]1C(N[C@@H](CCSC)C(=O)O)N[C@@H](Cc1ccc(O)cc1)C(=O)O)C(C)C)C(N[C@@H](CC(N)=O)C(=O)O)N[C@@H](Cc1ccccc1)C(=O)O,CCC(C)[C@H](NC(N[C@@H](CC(C)C)C(N[C@@H](CC(N)=O)C(=O)O)N[C@@H](CC(C)C)C(=O)O)[C@@H](NC(N[C@@H](CN[C@@H](C)C(N[C@@H](CCCCN)C(=O)O)N[C@@H](CCC(=O)O)C(=O)O)C(N[C@@H](C(C)C)C(N[C@@H](C)C(=O)O)N[C@H](C(=O)O)C(C)C)N[C@@H](CCC(N[C@@H](CCC(N)=O)C(=O)O)N[C@@H](CC(N)=O)C(=O)O)C(N[C@@H](CCCNC(=N)N)C(=O)O)N[C@@H](CC(N)=O)C(=O)O)[C@@H](N)CN[C@@H](Cc1ccccc1)C(N[C@@H](CC(N)N[C@@H](CCC(N)N[C@@H](CCCNC(=N)N)C(=O)O)C(O)N[C@H](C(=O)O)C(C)C)C(N[C@@H](CCCNC(=N)N)C(=O)O)N[C@@H](Cc1cnc[nH]1)C(=O)O)N1CCC[C@H]1C(N[C@@H](CCSC)C(=O)O)N[C@@H](Cc1ccc(O)cc1)C(=O)O)C(C)C)C(N[C@@H](CC(N)=O)C(=O)O)N[C@@H](Cc1ccccc1)C(=O)O,VYJHRODKYZIRMV-WXCOGRHZSA-N,BBB-,0,3605.3239999999882,-10.612390000000211,1623.1499999999992,68,64,148,4,252,5,experimental_classification,np
BBBP_00102,102,CCC(C)[C@H](NC(N)CC[C@H](N)C(N[C@@H](Cc1c[nH]c2ccccc12)C(=O)O)N1CCC[C@H]1C(O)N[C@@H](CCCNC(=N)N)C(=O)O)C(N[C@@H](Cc1ccccc1)C(=O)O)N[C@@H](Cc1cnc[nH]1)C(=O)O,CCC(C)[C@H](NC(N)CC[C@H](N)C(N[C@@H](Cc1c[nH]c2ccccc12)C(=O)O)N1CCC[C@H]1C(O)N[C@@H](CCCNC(=N)N)C(=O)O)C(N[C@@H](Cc1ccccc1)C(=O)O)N[C@@H](Cc1cnc[nH]1)C(=O)O,KICCMZJPNUZVFT-IMMVPXQPSA-N,BBB-,0,991.2089999999998,0.18496999999998964,391.22999999999996,17,15,33,4,71,5,experimental_classification,np
BBBP_00103,103,CC(C)[C@H](NC(N[C@@H](CCCNC(=N)N)C(N[C@@H](CS)C(=O)O)N[C@@H](Cc1ccccc1)C(=O)O)[C@H](Cc1c[nH]c2ccccc12)NC(N[C@@H](CCCNC(=N)N)C(N[C@@H](Cc1ccccc1)C(NCC(=O)O)N[C@@H](CCCNC(=N)N)C(=O)O)N[C@@H](CS)C(N[C@@H](Cc1ccc(N[C@@H](CCCNC(=N)N)C(=O)O)cc1)C(=O)O)N[C@@H](CS)C(N[C@@H](CS)C(=O)O)N[C@@H](CCCCN)C(=O)O)[C@@H](N)CCCNC(=N)N)C(N[C@@H](CCCNC(=N)N)C(=O)O)N[C@@H](Cc1ccc(O)cc1)C(=O)O,CC(C)[C@H](NC(N[C@@H](CCCNC(=N)N)C(N[C@@H](CS)C(=O)O)N[C@@H](Cc1ccccc1)C(=O)O)[C@H](Cc1c[nH]c2ccccc12)NC(N[C@@H](CCCNC(=N)N)C(N[C@@H](Cc1ccccc1)C(NCC(=O)O)N[C@@H](CCCNC(=N)N)C(=O)O)N[C@@H](CS)C(N[C@@H](Cc1ccc(N[C@@H](CCCNC(=N)N)C(=O)O)cc1)C(=O)O)N[C@@H](CS)C(N[C@@H](CS)C(=O)O)N[C@@H](CCCCN)C(=O)O)[C@@H](N)CCCNC(=N)N)C(N[C@@H](CCCNC(=N)N)C(=O)O)N[C@@H](Cc1ccc(O)cc1)C(=O)O,SMMTYYSZRPGMAZ-OKEGKQQESA-N,BBB-,0,2475.1409999999987,-4.004179999999912,1036.9699999999998,53,40,95,6,171,6,experimental_classification,np
BBBP_00104,104,CCC(C)[C@H](NC(N[C@@H](CCCNC(=N)N)C(N[C@@H](CCCCN)C(NCC(=O)O)N[C@@H](Cc1cnc[nH]1)C(=O)O)N[C@@H](CCCCN)C(N[C@@H](CCC(=O)O)C(=O)O)N[C@@H](CCC(=O)O)C(=O)O)[C@@H](NC(N[C@@H](CCCNC(=N)N)C(N[C@@H](CS)C(N[C@@H](CCSC)C(N[C@@H](C)C(=O)O)N[C@@H](CC(C)C)C(=O)O)N[C@@H](CC(C)C)C(N[C@@H](CS)C(=O)O)N[C@@H](CC(=O)O)C(=O)O)N1CCC[C@H]1C(N[C@@H](CCCCN)C(N[C@@H](CS)C(=O)O)N[C@@H](CCC(=O)O)C(=O)O)N[C@@H](CS)C(N[C@@H](CS)C(=O)O)N[C@H](C(=O)O)C(C)CC)[C@H](C)N)C(C)CC)C(N[C@@H](CO)C(=O)O)N[C@@H](CC(N[C@@H](CS)C(=O)O)N[C@@H](Cc1ccccc1)C(=O)O)C(O)NCC(=O)O,CCC(C)[C@H](NC(N[C@@H](CCCNC(=N)N)C(N[C@@H](CCCCN)C(NCC(=O)O)N[C@@H](Cc1cnc[nH]1)C(=O)O)N[C@@H](CCCCN)C(N[C@@H](CCC(=O)O)C(=O)O)N[C@@H](CCC(=O)O)C(=O)O)[C@@H](NC(N[C@@H](CCCNC(=N)N)C(N[C@@H](CS)C(N[C@@H](CCSC)C(N[C@@H](C)C(=O)O)N[C@@H](CC(C)C)C(=O)O)N[C@@H](CC(C)C)C(N[C@@H](CS)C(=O)O)N[C@@H](CC(=O)O)C(=O)O)N1CCC[C@H]1C(N[C@@H](CCCCN)C(N[C@@H](CS)C(=O)O)N[C@@H](CCC(=O)O)C(=O)O)N[C@@H](CS)C(N[C@@H](CS)C(=O)O)N[C@H](C(=O)O)C(C)CC)[C@H](C)N)C(C)CC)C(N[C@@H](CO)C(=O)O)N[C@@H](CC(N[C@@H](CS)C(=O)O)N[C@@H](Cc1ccccc1)C(=O)O)C(O)NCC(=O)O,GGRYMUMRQVQXQT-ODKPGSKISA-N,BBB-,0,3403.3309999999883,-7.71636000000008,1383.0999999999997,67,65,144,2,229,3,experimental_classification,np
BBBP_00105,105,CCC(C)[C@H](NC(N[C@@H](CC(C)C)C(N[C@@H](C(C)N[C@@H](CCCNC(=N)N)C(=O)O)C(O)NCC(=O)O)N[C@@H](CC(N)=O)C(=O)O)[C@@H](N)CS)C(N[C@@H](CS)C(=O)O)N1CCC[C@H]1C(=O)O,CCC(C)[C@H](NC(N[C@@H](CC(C)C)C(N[C@@H](C(C)N[C@@H](CCCNC(=N)N)C(=O)O)C(O)NCC(=O)O)N[C@@H](CC(N)=O)C(=O)O)[C@@H](N)CS)C(N[C@@H](CS)C(=O)O)N1CCC[C@H]1C(=O)O,YTDHLXHRDCPBGZ-MUFKAFODSA-N,BBB-,0,984.2579999999999,-3.6844300000000176,425.19,20,19,37,0,66,1,experimental_classification,np
BBBP_00106,106,CCC(C)[C@H](NC(CN)N[C@@H](Cc1ccccc1)C(NCC(N[C@@H](C(C)CC)C(NCC(=O)O)N[C@H](C(=O)O)C(C)CC)N[C@@H](Cc1ccccc1)C(N[C@@H](CCCNC(=N)N)C(=O)O)N[C@H](C(=O)O)C(C)O)N[C@@H](Cc1ccccc1)C(N[C@@H](CC(N)NCC(=O)O)C(N[C@@H](CCSC)C(=O)O)N[C@@H](CC(=O)O)C(=O)O)N[C@@H](CC(C)C)C(N[C@H](C(=O)O)C(C)C)N[C@H](C(=O)O)C(C)CC)C(N[C@@H](CCCCN)C(N[C@@H](C(C)CC)C(NCC(=O)O)N[C@@H](CCCCN)C(=O)O)N[C@@H](CCCCN)C(N[C@@H](CCC(=O)O)C(=O)O)N[C@H](C(=O)O)C(C)C)N[C@@H](CNCC(NCC(NCC(=O)O)N[C@@H](C)C(=O)O)N[C@@H](CCCCN)C(N[C@@H](CC(=O)O)C(=O)O)N[C@H](C(=O)O)C(C)C)C(N[C@@H](C)C(N[C@@H](CC(N)NCC(=O)O)C(N[C@@H](CS)C(=O)O)N[C@@H](CCC(=O)O)C(=O)O)N[C@H](C(=O)O)C(C)CC)N[C@@H](CCCCN)C(N[C@@H](C)C(N[C@@H](CS)C(=O)O)N[C@@H](CCCCN)C(=O)O)N[C@@H](CCCCN)C(N[C@@H](CCCCN)C(=O)O)N[C@H](C(=O)O)C(C)CC,CCC(C)[C@H](NC(CN)N[C@@H](Cc1ccccc1)C(NCC(N[C@@H](C(C)CC)C(NCC(=O)O)N[C@H](C(=O)O)C(C)CC)N[C@@H](Cc1ccccc1)C(N[C@@H](CCCNC(=N)N)C(=O)O)N[C@H](C(=O)O)C(C)O)N[C@@H](Cc1ccccc1)C(N[C@@H](CC(N)NCC(=O)O)C(N[C@@H](CCSC)C(=O)O)N[C@@H](CC(=O)O)C(=O)O)N[C@@H](CC(C)C)C(N[C@H](C(=O)O)C(C)C)N[C@H](C(=O)O)C(C)CC)C(N[C@@H](CCCCN)C(N[C@@H](C(C)CC)C(NCC(=O)O)N[C@@H](CCCCN)C(=O)O)N[C@@H](CCCCN)C(N[C@@H](CCC(=O)O)C(=O)O)N[C@H](C(=O)O)C(C)C)N[C@@H](CNCC(NCC(NCC(=O)O)N[C@@H](C)C(=O)O)N[C@@H](CCCCN)C(N[C@@H](CC(=O)O)C(=O)O)N[C@H](C(=O)O)C(C)C)C(N[C@@H](C)C(N[C@@H](CC(N)NCC(=O)O)C(N[C@@H](CS)C(=O)O)N[C@@H](CCC(=O)O)C(=O)O)N[C@H](C(=O)O)C(C)CC)N[C@@H](CCCCN)C(N[C@@H](C)C(N[C@@H](CS)C(=O)O)N[C@@H](CCCCN)C(=O)O)N[C@@H](CCCCN)C(N[C@@H](CCCCN)C(=O)O)N[C@H](C(=O)O)C(C)CC,VWEZEAOZSNBIQZ-PPKLSDBNSA-N,BBB-,0,4859.1759999999795,-8.479430000000233,1991.3999999999987,91,90,218,3,336,3,experimental_classification,np
BBBP_00107,107,CSCC[C@H](NC[C@H](NC(N[C@@H](C)C(NCC(=O)O)N[C@@H](Cc1ccccc1)C(=O)O)[C@@H](N)C(C)N1CCC[C@H]1C(NCC(=O)O)N[C@@H](Cc1ccccc1)C(=O)O)C(O)N[C@@H](CCCNC(=N)N)C(=O)O)C(=O)O,CSCC[C@H](NC[C@H](NC(N[C@@H](C)C(NCC(=O)O)N[C@@H](Cc1ccccc1)C(=O)O)[C@@H](N)C(C)N1CCC[C@H]1C(NCC(=O)O)N[C@@H](Cc1ccccc1)C(=O)O)C(O)N[C@@H](CCCNC(=N)N)C(=O)O)C(=O)O,IIULWFSCKHALBC-WDGJPDJZSA-N,BBB-,0,1078.3049999999998,-2.57903000000002,431.43,19,19,40,2,75,3,experimental_classification,np
BBBP_00108,108,CCC(C)[C@H](NC([C@H](CC(C)C)NC(N[C@@H](CS)C(N[C@@H](Cc1ccc(O)cc1)C(=O)O)N[C@H](C(=O)O)C(C)CC)[C@@H](N)CCCNC(=N)N)N1CCC[C@H]1C(O)N[C@@H](CS)C(=O)O)C(N[C@H](C(=O)O)C(C)CC)N1CCC[C@H]1C(=O)O,CCC(C)[C@H](NC([C@H](CC(C)C)NC(N[C@@H](CS)C(N[C@@H](Cc1ccc(O)cc1)C(=O)O)N[C@H](C(=O)O)C(C)CC)[C@@H](N)CCCNC(=N)N)N1CCC[C@H]1C(O)N[C@@H](CS)C(=O)O)C(N[C@H](C(=O)O)C(C)CC)N1CCC[C@H]1C(=O)O,CJRSRAIBLUNWFH-WQYWBRKMSA-N,BBB-,0,1200.6259999999995,1.2512699999999897,405.57,20,20,42,1,82,3,experimental_classification,np
BBBP_00109,109,CCC(C)[C@H](NC(N[C@@H](CC(N[C@@H](CC(=O)O)C(=O)O)N[C@@H](CCC(N[C@@H](C)C(=O)O)N[C@@H](CC(=O)O)C(=O)O)C(O)N[C@@H](CCCNC(=N)N)C(=O)O)C(N[C@@H](CCC(=O)O)C(=O)O)N[C@@H](CC(=O)O)C(=O)O)[C@H](C)N)C(N[C@@H](CC(N[C@@H](CCCCN)C(=O)O)N[C@H](C(=O)O)C(C)C)C(N[C@@H](Cc1cnc[nH]1)C(=O)O)N[C@H](C(=O)O)C(C)C)N[C@@H](Cc1ccc(NCC(=O)O)cc1)C(N[C@@H](CCCNC(=N)N)C(=O)O)N1CCC[C@H]1C(=O)O,CCC(C)[C@H](NC(N[C@@H](CC(N[C@@H](CC(=O)O)C(=O)O)N[C@@H](CCC(N[C@@H](C)C(=O)O)N[C@@H](CC(=O)O)C(=O)O)C(O)N[C@@H](CCCNC(=N)N)C(=O)O)C(N[C@@H](CCC(=O)O)C(=O)O)N[C@@H](CC(=O)O)C(=O)O)[C@H](C)N)C(N[C@@H](CC(N[C@@H](CCCCN)C(=O)O)N[C@H](C(=O)O)C(C)C)C(N[C@@H](Cc1cnc[nH]1)C(=O)O)N[C@H](C(=O)O)C(C)C)N[C@@H](Cc1ccc(NCC(=O)O)cc1)C(N[C@@H](CCCNC(=N)N)C(=O)O)N1CCC[C@H]1C(=O)O,FVFPJNDAYGCQHL-OENBWOLTSA-N,BBB-,0,2218.453,-7.340559999999933,1066.6,44,41,90,2,155,3,experimental_classification,np
BBBP_00110,110,CSCC[C@H](NC[C@H](NC(CN)N1CCC[C@H]1C(=O)O)C(N[C@@H](Cc1ccccc1)C(=O)O)N[C@H](C(=O)O)C(C)C)C(=O)O,CSCC[C@H](NC[C@H](NC(CN)N1CCC[C@H]1C(=O)O)C(N[C@@H](Cc1ccccc1)C(=O)O)N[C@H](C(=O)O)C(C)C)C(=O)O,PCCLATNYWXBYSQ-FREQZEPTSA-N,BBB-,0,640.8040000000002,-0.1152999999999898,226.57999999999996,9,11,22,1,44,2,experimental_classification,np
BBBP_00111,111,CC(C)C[C@H](NC[C@H](NC(NCC(=O)O)[C@H](CC(C)C)NC(CN)N[C@@H](CC(C)C)C(NCC(=O)O)N[C@@H](CC(C)C)C(=O)O)C(=O)O)C(=O)O,CC(C)C[C@H](NC[C@H](NC(NCC(=O)O)[C@H](CC(C)C)NC(CN)N[C@@H](CC(C)C)C(NCC(=O)O)N[C@@H](CC(C)C)C(=O)O)C(=O)O)C(=O)O,BAJAXKKRHLJYGP-PAVYSYRJSA-N,BBB-,0,734.9370000000004,-0.4990000000000035,296.72999999999996,13,13,31,0,51,0,experimental_classification,np
BBBP_00112,112,CCC(C)[C@H](NC(CC[C@H](NC(N[C@@H](CCCCN)C(N[C@@H](CC(=O)O)C(=O)O)N[C@@H](Cc1ccccc1)C(=O)O)[C@H](CCCCN)NC(N)C[C@H](NC(N[C@@H](CCCCN)C(N[C@@H](C(C)C)C(N[C@@H](C)C(N[C@@H](CCCCN)C(=O)O)N1CCC[C@H]1C(=O)O)N[C@@H](CC(C)C)C(N[C@@H](CCCNC(=N)N)C(=O)O)N[C@H](C(=O)O)C(C)CC)N[C@@H](C(C)N[C@@H](CCC(N)N[C@@H](CCCCN)C(=O)O)C(NCC(=O)O)NCC(=O)O)C(N[C@@H](C(C)C)C(N[C@@H](CCCNC(=N)N)C(=O)O)N[C@@H](CC(C)C)C(=O)O)N[C@@H](Cc1ccccc1)C(N[C@@H](CO)C(=O)O)N[C@@H](CCC(=O)O)C(=O)O)[C@@H](N)CCSC)C(N[C@@H](CC(C)C)C(N[C@@H](CC(O)N[C@@H](CCCCN)C(=O)O)C(=O)O)N[C@@H](CCCCN)C(N[C@@H](CCCCN)C(=O)O)N[C@@H](CCCNC(=N)N)C(=O)O)N[C@@H](CCC(N[C@@H](CCC(N)=O)C(=O)O)N[C@@H](CC(C)C)C(=O)O)C(N[C@@H](CCCCN)C(=O)O)N[C@H](C(=O)O)C(C)CC)C(N[C@@H](Cc1ccccc1)C(=O)O)N1CCC[C@H]1C(=O)O)N[C@@H](Cc1ccccc1)C(=O)O)C(=O)O,CCC(C)[C@H](NC(CC[C@H](NC(N[C@@H](CCCCN)C(N[C@@H](CC(=O)O)C(=O)O)N[C@@H](Cc1ccccc1)C(=O)O)[C@H](CCCCN)NC(N)C[C@H](NC(N[C@@H](CCCCN)C(N[C@@H](C(C)C)C(N[C@@H](C)C(N[C@@H](CCCCN)C(=O)O)N1CCC[C@H]1C(=O)O)N[C@@H](CC(C)C)C(N[C@@H](CCCNC(=N)N)C(=O)O)N[C@H](C(=O)O)C(C)CC)N[C@@H](C(C)N[C@@H](CCC(N)N[C@@H](CCCCN)C(=O)O)C(NCC(=O)O)NCC(=O)O)C(N[C@@H](C(C)C)C(N[C@@H](CCCNC(=N)N)C(=O)O)N[C@@H](CC(C)C)C(=O)O)N[C@@H](Cc1ccccc1)C(N[C@@H](CO)C(=O)O)N[C@@H](CCC(=O)O)C(=O)O)[C@@H](N)CCSC)C(N[C@@H](CC(C)C)C(N[C@@H](CC(O)N[C@@H](CCCCN)C(=O)O)C(=O)O)N[C@@H](CCCCN)C(N[C@@H](CCCCN)C(=O)O)N[C@@H](CCCNC(=N)N)C(=O)O)N[C@@H](CCC(N[C@@H](CCC(N)=O)C(=O)O)N[C@@H](CC(C)C)C(=O)O)C(N[C@@H](CCCCN)C(=O)O)N[C@H](C(=O)O)C(C)CC)C(N[C@@H](Cc1ccccc1)C(=O)O)N1CCC[C@H]1C(=O)O)N[C@@H](Cc1ccccc1)C(=O)O)C(=O)O,HCGRTMLYCPUPEZ-IQFLOAMESA-N,BBB-,0,4948.2739999999885,-5.774390000000194,2052.2099999999987,89,86,217,4,346,6,experimental_classification,np
BBBP_00113,113,CCC(C)[C@H](NC([C@@H](NC(N[C@@H](CC(N)N[C@@H](Cc1ccccc1)C(N[C@@H](C)C(=O)O)N[C@@H](CCCCN)C(=O)O)C(N[C@@H](C(C)C)C(O)N[C@@H](CS)C(=O)O)N[C@@H](CCCCN)C(N[C@@H](C)C(=O)O)N[C@@H](Cc1ccccc1)C(=O)O)[C@H](C)N)C(C)C)N1CCC[C@H]1C(N[C@@H](CS)C(=O)O)N[C@@H](CCCNC(=N)N)C(=O)O)C(N[C@@H](CCCCN)C(=O)O)N[C@@H](Cc1ccccc1)C(=O)O,CCC(C)[C@H](NC([C@@H](NC(N[C@@H](CC(N)N[C@@H](Cc1ccccc1)C(N[C@@H](C)C(=O)O)N[C@@H](CCCCN)C(=O)O)C(N[C@@H](C(C)C)C(O)N[C@@H](CS)C(=O)O)N[C@@H](CCCCN)C(N[C@@H](C)C(=O)O)N[C@@H](Cc1ccccc1)C(=O)O)[C@H](C)N)C(C)C)N1CCC[C@H]1C(N[C@@H](CS)C(=O)O)N[C@@H](CCCNC(=N)N)C(=O)O)C(N[C@@H](CCCCN)C(=O)O)N[C@@H](Cc1ccccc1)C(=O)O,RKIITMYSFLZACB-XRUQIXLOSA-N,BBB-,0,1960.5800000000013,-1.1557299999999666,731.62,35,34,78,3,136,4,experimental_classification,np
BBBP_00114,114,CCC(C)[C@H](NC(N[C@@H](CN1CCC[C@H]1C(=O)O)C(O)N[C@H](C(=O)O)C(C)C)[C@@H](N)C(C)C)C(N[C@H](C(=O)O)C(C)CC)N[C@H](C(=O)O)C(C)CC,CCC(C)[C@H](NC(N[C@@H](CN1CCC[C@H]1C(=O)O)C(O)N[C@H](C(=O)O)C(C)C)[C@@H](N)C(C)C)C(N[C@H](C(=O)O)C(C)CC)N[C@H](C(=O)O)C(C)CC,ZNTOMCBYIDLAAO-JXMYPEQZSA-N,BBB-,0,746.004,1.3284000000000074,258.84,11,12,27,0,52,1,experimental_classification,np
BBBP_00115,115,CCC(C)[C@H](NC(N[C@@H](C(C)C)C(NCC(=O)O)N[C@@H](CO)C(=O)O)[C@H](CC(C)C)NC([C@@H](N)Cc1ccccc1)N1CCC[C@H]1C(NCC(N[C@@H](CO)C(=O)O)N[C@@H](CC(C)C)C(=O)O)N[C@@H](CCCCN)C(NCC(=O)O)N[C@@H](CCCCN)C(=O)O)C(N[C@@H](CN[C@@H](CC(C)C)C(=O)O)C(=O)O)N[C@@H](CC(C)C)C(=O)O,CCC(C)[C@H](NC(N[C@@H](C(C)C)C(NCC(=O)O)N[C@@H](CO)C(=O)O)[C@H](CC(C)C)NC([C@@H](N)Cc1ccccc1)N1CCC[C@H]1C(NCC(N[C@@H](CO)C(=O)O)N[C@@H](CC(C)C)C(=O)O)N[C@@H](CCCCN)C(NCC(=O)O)N[C@@H](CCCCN)C(=O)O)C(N[C@@H](CN[C@@H](CC(C)C)C(=O)O)C(=O)O)N[C@@H](CC(C)C)C(=O)O,QIKUUHAWFSPSAE-IALLLGONSA-N,BBB-,0,1630.0940000000003,-1.4969999999999835,625.88,28,29,69,1,114,2,experimental_classification,np
BBBP_00116,116,CC(C)C[C@H](NC(N[C@@H](Cc1ccccc1)C(=O)O)[C@H](CC(N[C@@H](CO)C(=O)O)N[C@@H](Cc1cnc[nH]1)C(=O)O)NC(N)CC[C@H](N)C(N[C@@H](C(C)C)C(N[C@@H](CCCNC(=N)N)C(=O)O)N[C@@H](Cc1ccccc1)C(=O)O)N[C@H](C(=O)O)C(C)C)C(=O)O,CC(C)C[C@H](NC(N[C@@H](Cc1ccccc1)C(=O)O)[C@H](CC(N[C@@H](CO)C(=O)O)N[C@@H](Cc1cnc[nH]1)C(=O)O)NC(N)CC[C@H](N)C(N[C@@H](C(C)C)C(N[C@@H](CCCNC(=N)N)C(=O)O)N[C@@H](Cc1ccccc1)C(=O)O)N[C@H](C(=O)O)C(C)C)C(=O)O,DPSDACUDXIBFIM-AACFQQLOSA-N,BBB-,0,1257.5029999999995,-1.645930000000025,532.2199999999998,23,21,48,3,89,3,experimental_classification,np
BBBP_00117,117,CC(O)[C@H](NC[C@H](NC(NCC(=O)O)[C@@H]1CCCN1C(CN)N[C@@H](CN[C@@H](Cc1ccccc1)C(=O)O)C(NCC(=O)O)N[C@@H](Cc1ccccc1)C(=O)O)C(O)N[C@@H](CCCNC(=N)N)C(=O)O)C(=O)O,CC(O)[C@H](NC[C@H](NC(NCC(=O)O)[C@@H]1CCCN1C(CN)N[C@@H](CN[C@@H](Cc1ccccc1)C(=O)O)C(NCC(=O)O)N[C@@H](Cc1ccccc1)C(=O)O)C(O)N[C@@H](CCCNC(=N)N)C(=O)O)C(=O)O,NLUZRPNLZIICTN-XMOUVEDYSA-N,BBB-,0,1020.156,-4.728330000000029,451.65999999999997,20,19,38,2,72,3,experimental_classification,np
BBBP_00118,118,CCC(C)[C@H](NC(N[C@@H](CO)C(=O)O)[C@H](CN[C@@H](CC(C)C)C(=O)O)NC(CN)NCC(NCC(O)N[C@H](C(=O)O)C(C)C)N[C@@H](CN[C@@H](CCSC)C(=O)O)C(N[C@@H](CCCNC(=N)N)C(=O)O)N1CCC[C@H]1C(=O)O)C(=O)O,CCC(C)[C@H](NC(N[C@@H](CO)C(=O)O)[C@H](CN[C@@H](CC(C)C)C(=O)O)NC(CN)NCC(NCC(O)N[C@H](C(=O)O)C(C)C)N[C@@H](CN[C@@H](CCSC)C(=O)O)C(N[C@@H](CCCNC(=N)N)C(=O)O)N1CCC[C@H]1C(=O)O)C(=O)O,LKYDWMZBMDBZGW-YNVNJCTASA-N,BBB-,0,1170.444,-4.7738300000000145,513.0199999999999,23,23,48,0,80,1,experimental_classification,np
BBBP_00119,119,CCC(C)[C@H](NC(N[C@H](C(=O)O)C(C)C)[C@H](CCC(N)N[C@H](C(=O)O)C(C)O)NC(N[C@@H](CN[C@H](C(=O)O)C(C)C)C(NCC(=O)O)N1CCC[C@H]1C(=O)O)[C@@H](N)CC(N)N[C@@H](CCC(NCC(NCC(=O)O)N[C@@H](Cc1c[nH]c2ccccc12)C(=O)O)N[C@@H](CCCCN)C(N[C@@H](C)C(=O)O)N[C@@H](CCC(N)=O)C(=O)O)C(N[C@@H](CCC(N)=O)C(=O)O)N[C@@H](CN[C@H](C(=O)O)C(C)C)C(N[C@@H](CO)C(=O)O)N[C@H](C(=O)O)C(C)O)C(=O)O,CCC(C)[C@H](NC(N[C@H](C(=O)O)C(C)C)[C@H](CCC(N)N[C@H](C(=O)O)C(C)O)NC(N[C@@H](CN[C@H](C(=O)O)C(C)C)C(NCC(=O)O)N1CCC[C@H]1C(=O)O)[C@@H](N)CC(N)N[C@@H](CCC(NCC(NCC(=O)O)N[C@@H](Cc1c[nH]c2ccccc12)C(=O)O)N[C@@H](CCCCN)C(N[C@@H](C)C(=O)O)N[C@@H](CCC(N)=O)C(=O)O)C(N[C@@H](CCC(N)=O)C(=O)O)N[C@@H](CN[C@H](C(=O)O)C(C)C)C(N[C@@H](CO)C(=O)O)N[C@H](C(=O)O)C(C)O)C(=O)O,YZDAZRFFAZJCRC-ZICMJMMKSA-N,BBB-,0,2193.530999999999,-9.636699999999935,1020.7500000000002,43,43,90,2,153,3,experimental_classification,np
BBBP_00120,120,CSCC[C@H](NC[C@H](NC(NCC(NCC(=O)O)N1CCC[C@H]1C(=O)O)[C@H](CNCC(NCC(=O)O)N[C@@H](CC(N)=O)C(=O)O)NC(CN)NCC(N[C@@H](C)C(=O)O)N[C@@H](CCC(N[C@@H](CCCNC(=N)N)C(=O)O)N[C@@H](CC(C)C)C(=O)O)C(=O)O)C(N[C@@H](Cc1ccccc1)C(=O)O)N[C@@H](Cc1c[nH]c2ccccc12)C(=O)O)C(=O)O,CSCC[C@H](NC[C@H](NC(NCC(NCC(=O)O)N1CCC[C@H]1C(=O)O)[C@H](CNCC(NCC(=O)O)N[C@@H](CC(N)=O)C(=O)O)NC(CN)NCC(N[C@@H](C)C(=O)O)N[C@@H](CCC(N[C@@H](CCCNC(=N)N)C(=O)O)N[C@@H](CC(C)C)C(=O)O)C(=O)O)C(N[C@@H](Cc1ccccc1)C(=O)O)N[C@@H](Cc1c[nH]c2ccccc12)C(=O)O)C(=O)O,GEZABJUIRFCVAV-RGAAWJAHSA-N,BBB-,0,1693.9500000000003,-6.142529999999963,740.7900000000001,32,31,68,3,118,4,experimental_classification,np
BBBP_00121,121,CCC(C)[C@H](NC(N[C@@H](CCCCN)C(N[C@@H](CCSC)C(=O)O)N[C@@H](CC(C)C)C(=O)O)[C@H](CC(C)C)NC(CN)N[C@@H](CC(C)C)C(N[C@@H](C(C)N[C@@H](C(C)NCC(=O)O)C(O)N[C@@H](CS)C(=O)O)C(N[C@@H](C)C(=O)O)N[C@H](C(=O)O)C(C)C)N[C@@H](CC(NCC(N[C@@H](CCCCN)C(=O)O)N[C@@H](CC(=O)O)C(=O)O)N[C@@H](C(C)C)C(N[C@@H](CCCCN)C(=O)O)N[C@@H](CC(C)C)C(=O)O)C(N[C@@H](C)C(N[C@@H](CS)C(=O)O)N[C@@H](CCCCN)C(=O)O)N[C@@H](CCCCN)C(N[C@@H](CO)C(=O)O)N[C@H](C(=O)O)C(C)CC)C(N[C@@H](C)C(=O)O)N[C@@H](CO)C(=O)O,CCC(C)[C@H](NC(N[C@@H](CCCCN)C(N[C@@H](CCSC)C(=O)O)N[C@@H](CC(C)C)C(=O)O)[C@H](CC(C)C)NC(CN)N[C@@H](CC(C)C)C(N[C@@H](C(C)N[C@@H](C(C)NCC(=O)O)C(O)N[C@@H](CS)C(=O)O)C(N[C@@H](C)C(=O)O)N[C@H](C(=O)O)C(C)C)N[C@@H](CC(NCC(N[C@@H](CCCCN)C(=O)O)N[C@@H](CC(=O)O)C(=O)O)N[C@@H](C(C)C)C(N[C@@H](CCCCN)C(=O)O)N[C@@H](CC(C)C)C(=O)O)C(N[C@@H](C)C(N[C@@H](CS)C(=O)O)N[C@@H](CCCCN)C(=O)O)N[C@@H](CCCCN)C(N[C@@H](CO)C(=O)O)N[C@H](C(=O)O)C(C)CC)C(N[C@@H](C)C(=O)O)N[C@@H](CO)C(=O)O,ZUYSQHSIDAEHTN-CXZJAHETSA-N,BBB-,0,2890.7509999999934,-5.803100000000036,1175.72,55,56,129,0,197,0,experimental_classification,np
BBBP_00122,122,CCC(C)[C@H](NC(N[C@@H](CC(C)C)C(=O)O)[C@H](Cc1ccc(N[C@@H](CC(=O)O)C(=O)O)cc1)NC([C@H](CC(C)C)NC(N[C@@H](CCC(N)NCC(N[C@@H](CC(=O)O)C(=O)O)N[C@@H](Cc1ccc(O)cc1)C(=O)O)C(NCC(N[C@@H](Cc1ccc(O)cc1)C(=O)O)N[C@@H](CC(C)C)C(=O)O)N[C@@H](CC(N[C@@H](CC(=O)O)C(=O)O)N[C@@H](CC(C)C)C(=O)O)C(N[C@@H](CCC(N)=O)C(=O)O)N[C@@H](CCC(N)=O)C(=O)O)[C@@H](N)C(C)N1CCC[C@H]1C(N[C@@H](CCCCN)C(N[C@@H](C(C)C)C(N[C@@H](CCCNC(=N)N)C(=O)O)N1CCC[C@H]1C(=O)O)N[C@@H](CCC(N[C@@H](CCCNC(=N)N)C(=O)O)N[C@@H](Cc1ccccc1)C(=O)O)C(=O)O)N1CCC[C@H]1C(N[C@@H](C)C(N[C@@H](CC(N)=O)C(=O)O)N[C@H](C(=O)O)C(C)C)N1CCC[C@H]1C(N[C@H](C(=O)O)C(C)C)N[C@H](C(=O)O)C(C)O)N1CCC[C@H]1C(N[C@@H](CCC(N)=O)C(=O)O)N[C@@H](Cc1ccccc1)C(=O)O)C(=O)O,CCC(C)[C@H](NC(N[C@@H](CC(C)C)C(=O)O)[C@H](Cc1ccc(N[C@@H](CC(=O)O)C(=O)O)cc1)NC([C@H](CC(C)C)NC(N[C@@H](CCC(N)NCC(N[C@@H](CC(=O)O)C(=O)O)N[C@@H](Cc1ccc(O)cc1)C(=O)O)C(NCC(N[C@@H](Cc1ccc(O)cc1)C(=O)O)N[C@@H](CC(C)C)C(=O)O)N[C@@H](CC(N[C@@H](CC(=O)O)C(=O)O)N[C@@H](CC(C)C)C(=O)O)C(N[C@@H](CCC(N)=O)C(=O)O)N[C@@H](CCC(N)=O)C(=O)O)[C@@H](N)C(C)N1CCC[C@H]1C(N[C@@H](CCCCN)C(N[C@@H](C(C)C)C(N[C@@H](CCCNC(=N)N)C(=O)O)N1CCC[C@H]1C(=O)O)N[C@@H](CCC(N[C@@H](CCCNC(=N)N)C(=O)O)N[C@@H](Cc1ccccc1)C(=O)O)C(=O)O)N1CCC[C@H]1C(N[C@@H](C)C(N[C@@H](CC(N)=O)C(=O)O)N[C@H](C(=O)O)C(C)C)N1CCC[C@H]1C(N[C@H](C(=O)O)C(C)C)N[C@H](C(=O)O)C(C)O)N1CCC[C@H]1C(N[C@@H](CCC(N)=O)C(=O)O)N[C@@H](Cc1ccccc1)C(=O)O)C(=O)O,ONIDYKXEPVCBNN-SMUJVXFGSA-N,BBB-,0,4228.993999999985,-5.855160000000215,1744.509999999999,71,72,163,5,298,10,experimental_classification,np
BBBP_00123,123,CCC(C)[C@H](NC(N[C@@H](CS)C(=O)O)[C@@H](NC(N[C@@H](CS)C(N[C@@H](CS)C(=O)O)N[C@@H](CC(=O)O)C(=O)O)[C@@H](NC(N[C@@H](CS)C(NCC(N[C@H](C(=O)O)C(C)C)N1CCC[C@H]1C(=O)O)N[C@@H](Cc1ccccc1)C(N[C@@H](Cc1c[nH]c2ccccc12)C(=O)O)N1CCC[C@H]1C(=O)O)[C@H](CC(C)C)NC(CN)N1CCC[C@H]1C(NCC(NCC(N[C@@H](CS)C(=O)O)N[C@H](C(=O)O)C(C)O)N[C@@H](C(C)N[C@@H](CCCNC(=N)N)C(=O)O)C(O)N[C@@H](CC(N)=O)C(=O)O)N[C@@H](CCC(N[C@@H](CS)C(=O)O)N[C@@H](CC(N)=O)C(=O)O)C(N[C@H](C(=O)O)C(C)O)N1CCC[C@H]1C(=O)O)C(C)C)C(C)NCC(=O)O)C(=O)O,CCC(C)[C@H](NC(N[C@@H](CS)C(=O)O)[C@@H](NC(N[C@@H](CS)C(N[C@@H](CS)C(=O)O)N[C@@H](CC(=O)O)C(=O)O)[C@@H](NC(N[C@@H](CS)C(NCC(N[C@H](C(=O)O)C(C)C)N1CCC[C@H]1C(=O)O)N[C@@H](Cc1ccccc1)C(N[C@@H](Cc1c[nH]c2ccccc12)C(=O)O)N1CCC[C@H]1C(=O)O)[C@H](CC(C)C)NC(CN)N1CCC[C@H]1C(NCC(NCC(N[C@@H](CS)C(=O)O)N[C@H](C(=O)O)C(C)O)N[C@@H](C(C)N[C@@H](CCCNC(=N)N)C(=O)O)C(O)N[C@@H](CC(N)=O)C(=O)O)N[C@@H](CCC(N[C@@H](CS)C(=O)O)N[C@@H](CC(N)=O)C(=O)O)C(N[C@H](C(=O)O)C(C)O)N1CCC[C@H]1C(=O)O)C(C)C)C(C)NCC(=O)O)C(=O)O,VBGVHAIIPDAPIC-OMGULNAKSA-N,BBB-,0,3129.839999999991,-9.963530000000043,1235.6899999999998,59,60,117,3,212,7,experimental_classification,np
BBBP_00124,124,CSCC[C@H](NC(N[C@@H](Cc1ccc(N[C@@H](CC(C)C)C(=O)O)cc1)C(N[C@@H](CCCNC(=N)N)C(=O)O)N1CCC[C@H]1C(=O)O)[C@@H](N)CC(C)C)C(N[C@@H](Cc1ccc(N2CCC[C@H]2C(=O)O)cc1)C(O)N[C@H](C(=O)O)C(C)C)N[C@H](C(=O)O)C(C)O,CSCC[C@H](NC(N[C@@H](Cc1ccc(N[C@@H](CC(C)C)C(=O)O)cc1)C(N[C@@H](CCCNC(=N)N)C(=O)O)N1CCC[C@H]1C(=O)O)[C@@H](N)CC(C)C)C(N[C@@H](Cc1ccc(N2CCC[C@H]2C(=O)O)cc1)C(O)N[C@H](C(=O)O)C(C)C)N[C@H](C(=O)O)C(C)O,MHCKRJVZHNNACL-ZUWVKLMBSA-N,BBB-,0,1260.6119999999996,1.7116699999999847,442.87,19,20,43,2,88,4,experimental_classification,np
BBBP_00125,125,CCC(C)[C@H](NC(C[C@H](NC(N[C@@H](CO)C(=O)O)[C@H](C)NC([C@@H]1CCCN1)N1CCC[C@H]1C(N[C@@H](CO)C(=O)O)N[C@@H](Cc1ccccc1)C(=O)O)C(N[C@@H](CC(=O)O)C(=O)O)N1CCC[C@H]1C(=O)O)N[C@@H](CCCNC(=N)N)C(=O)O)C(=O)O,CCC(C)[C@H](NC(C[C@H](NC(N[C@@H](CO)C(=O)O)[C@H](C)NC([C@@H]1CCCN1)N1CCC[C@H]1C(N[C@@H](CO)C(=O)O)N[C@@H](Cc1ccccc1)C(=O)O)C(N[C@@H](CC(=O)O)C(=O)O)N1CCC[C@H]1C(=O)O)N[C@@H](CCCNC(=N)N)C(=O)O)C(=O)O,DGBVYBIUKMGQEO-KTWHLFNASA-N,BBB-,0,1211.3830000000007,-4.023130000000027,515.51,22,22,43,1,85,4,experimental_classification,np
BBBP_00126,126,CC(C)C[C@H](NC(CNC(C[C@H](N)C(NCC(=O)O)N[C@H](C(=O)O)C(C)O)N[C@@H](CCC(N[C@@H](CCC(N)=O)C(=O)O)N[C@@H](Cc1ccc(O)cc1)C(=O)O)C(N[C@H](C(=O)O)C(C)O)N1CCC[C@H]1C(=O)O)N[C@@H](CCCNC(=N)N)C(=O)O)C(=O)O,CC(C)C[C@H](NC(CNC(C[C@H](N)C(NCC(=O)O)N[C@H](C(=O)O)C(C)O)N[C@@H](CCC(N[C@@H](CCC(N)=O)C(=O)O)N[C@@H](Cc1ccc(O)cc1)C(=O)O)C(N[C@H](C(=O)O)C(C)O)N1CCC[C@H]1C(=O)O)N[C@@H](CCCNC(=N)N)C(=O)O)C(=O)O,SULBEDVQNZZEGY-FMAYUBIMSA-N,BBB-,0,1246.3850000000007,-5.5729300000000075,601.6100000000001,25,24,48,1,87,2,experimental_classification,np
BBBP_00127,127,CC(C)C[C@H](NC(N[C@@H](Cc1c[nH]c2ccccc12)C(=O)O)[C@H](Cc1c[nH]c2ccccc12)NC(N[C@@H](CN1CCC[C@H]1C(=O)O)C(O)NCC(=O)O)[C@@H](N)CCC(N)N[C@@H](Cc1cnc[nH]1)C(NCC(=O)O)N[C@@H](Cc1ccc(O)cc1)C(=O)O)C(=O)O,CC(C)C[C@H](NC(N[C@@H](Cc1c[nH]c2ccccc12)C(=O)O)[C@H](Cc1c[nH]c2ccccc12)NC(N[C@@H](CN1CCC[C@H]1C(=O)O)C(O)NCC(=O)O)[C@@H](N)CCC(N)N[C@@H](Cc1cnc[nH]1)C(NCC(=O)O)N[C@@H](Cc1ccc(O)cc1)C(=O)O)C(=O)O,RKUXJGRRTGXFOC-KTAXMKJDSA-N,BBB-,0,1240.4309999999996,-0.016000000000018555,476.03999999999996,21,20,41,6,89,7,experimental_classification,np
BBBP_00128,128,CSCC[C@H](NC(N[C@@H](CCCNC(=N)N)C(=O)O)[C@H](CNCC(=O)O)NC(NCC(=O)O)[C@@H]1CCCN1C(N[C@@H](C)C(N[C@@H](Cc1ccccc1)C(=O)O)N[C@@H](Cc1ccccc1)C(=O)O)[C@H](C)N)C(=O)O,CSCC[C@H](NC(N[C@@H](CCCNC(=N)N)C(=O)O)[C@H](CNCC(=O)O)NC(NCC(=O)O)[C@@H]1CCCN1C(N[C@@H](C)C(N[C@@H](Cc1ccccc1)C(=O)O)N[C@@H](Cc1ccccc1)C(=O)O)[C@H](C)N)C(=O)O,WIZMYTUMCLWTBP-FINSFMGRSA-N,BBB-,0,1048.2789999999998,-1.939930000000019,411.19999999999993,18,18,39,2,73,3,experimental_classification,np
BBBP_00129,129,C[C@H](NC(CN)N[C@@H](CCC(N)N[C@@H](CO)C(=O)O)C(NCC(=O)O)N[C@@H](Cc1c[nH]c2ccccc12)C(=O)O)C(N[C@@H](CO)C(=O)O)N[C@@H](Cc1ccccc1)C(=O)O,C[C@H](NC(CN)N[C@@H](CCC(N)N[C@@H](CO)C(=O)O)C(NCC(=O)O)N[C@@H](Cc1c[nH]c2ccccc12)C(=O)O)C(N[C@@H](CO)C(=O)O)N[C@@H](Cc1ccccc1)C(=O)O,YDRSZXUSROPEFO-GQLPDZCFSA-N,BBB-,0,846.9400000000003,-3.278600000000016,378.99999999999994,17,16,31,3,60,3,experimental_classification,np
BBBP_00130,130,CCC(C)[C@H](NC(C[C@H](N)C(NCC(=O)O)N[C@@H](CCCNC(=N)N)C(=O)O)N[C@@H](CC(C)C)C(=O)O)C(=O)O,CCC(C)[C@H](NC(C[C@H](N)C(NCC(=O)O)N[C@@H](CCCNC(=N)N)C(=O)O)N[C@@H](CC(C)C)C(=O)O)C(=O)O,GLVHBFBAGQPPPA-GQIILQHTSA-N,BBB-,0,576.6960000000004,-1.4859299999999998,285.24,12,10,23,0,40,0,experimental_classification,np
BBBP_00131,131,CCC(C)[C@H](NC(N[C@@H](CC(C)C)C(N[C@@H](CCCNC(=N)N)C(=O)O)N1CCC[C@H]1C(=O)O)[C@@H](N)CCC(N)NCC(N[C@@H](Cc1ccccc1)C(=O)O)N1CCC[C@H]1C(=O)O)C(O)N[C@H](C(=O)O)C(C)C,CCC(C)[C@H](NC(N[C@@H](CC(C)C)C(N[C@@H](CCCNC(=N)N)C(=O)O)N1CCC[C@H]1C(=O)O)[C@@H](N)CCC(N)NCC(N[C@@H](Cc1ccccc1)C(=O)O)N1CCC[C@H]1C(=O)O)C(O)N[C@H](C(=O)O)C(C)C,CRBFUSLYTYGKGX-QASJOVAJSA-N,BBB-,0,1036.3309999999997,-0.3380300000000167,399.33000000000004,17,17,37,1,73,3,experimental_classification,np
BBBP_00132,132,CCC(C)[C@H](NC(N[C@@H](CCCCN)C(N[C@H](C(=O)O)C(C)C)N[C@H](C(=O)O)C(C)O)[C@H](CCCCN)NC(CN)N[C@@H](Cc1ccccc1)C(N[C@@H](Cc1c[nH]c2ccccc12)C(N[C@@H](CCCCN)C(=O)O)N[C@@H](CC(C)C)C(=O)O)N[C@@H](CC(NCC(N[C@@H](C)C(=O)O)N[C@@H](C)C(=O)O)N[C@@H](C)C(N[C@@H](CC(N)=O)C(=O)O)N[C@H](C(=O)O)C(C)CC)C(N[C@@H](C)C(N[C@@H](C)C(=O)O)N[C@@H](CC(N)=O)C(=O)O)N[C@@H](CCCCN)C(O)N[C@@H](CCC(N)=O)C(=O)O)C(N[C@@H](CCCCN)C(=O)O)N[C@H](C(=O)O)C(C)CC,CCC(C)[C@H](NC(N[C@@H](CCCCN)C(N[C@H](C(=O)O)C(C)C)N[C@H](C(=O)O)C(C)O)[C@H](CCCCN)NC(CN)N[C@@H](Cc1ccccc1)C(N[C@@H](Cc1c[nH]c2ccccc12)C(N[C@@H](CCCCN)C(=O)O)N[C@@H](CC(C)C)C(=O)O)N[C@@H](CC(NCC(N[C@@H](C)C(=O)O)N[C@@H](C)C(=O)O)N[C@@H](C)C(N[C@@H](CC(N)=O)C(=O)O)N[C@H](C(=O)O)C(C)CC)C(N[C@@H](C)C(N[C@@H](C)C(=O)O)N[C@@H](CC(N)=O)C(=O)O)N[C@@H](CCCCN)C(O)N[C@@H](CCC(N)=O)C(=O)O)C(N[C@@H](CCCCN)C(=O)O)N[C@H](C(=O)O)C(C)CC,BOADRFXXESRRBS-VQXITQTASA-N,BBB-,0,2610.276999999996,-5.04079999999999,1103.23,48,47,113,3,183,3,experimental_classification,np
BBBP_00133,133,CCC(C)[C@H](NC(CNC(N[C@@H](CS)C(N[C@@H](C(C)C)C(N[C@@H](CO)C(=O)O)N[C@@H](CS)C(=O)O)N[C@@H](CS)C(NCC(=O)O)N[C@@H](CS)C(=O)O)[C@@H](NC(CN)N1CCC[C@H]1C(N[C@@H](CN[C@@H](CO)C(=O)O)C(N[C@H](C(=O)O)C(C)C)N[C@H](C(=O)O)C(C)C)N[C@@H](CCC(N[C@@H](CS)C(N[C@@H](CC(=O)O)C(=O)O)N[C@@H](CC(C)C)C(=O)O)N1CCC[C@H]1C(N[C@@H](CS)C(=O)O)N[C@@H](Cc1ccc(O)cc1)C(=O)O)C(N[C@@H](CO)C(=O)O)N[C@H](C(=O)O)C(C)CC)C(C)CC)N[C@@H](Cc1ccccc1)C(N[C@@H](CO)C(=O)O)N[C@@H](CCCCN)C(=O)O)C(N[C@@H](CCCCN)C(=O)O)N[C@H](C(=O)O)C(C)C,CCC(C)[C@H](NC(CNC(N[C@@H](CS)C(N[C@@H](C(C)C)C(N[C@@H](CO)C(=O)O)N[C@@H](CS)C(=O)O)N[C@@H](CS)C(NCC(=O)O)N[C@@H](CS)C(=O)O)[C@@H](NC(CN)N1CCC[C@H]1C(N[C@@H](CN[C@@H](CO)C(=O)O)C(N[C@H](C(=O)O)C(C)C)N[C@H](C(=O)O)C(C)C)N[C@@H](CCC(N[C@@H](CS)C(N[C@@H](CC(=O)O)C(=O)O)N[C@@H](CC(C)C)C(=O)O)N1CCC[C@H]1C(N[C@@H](CS)C(=O)O)N[C@@H](Cc1ccc(O)cc1)C(=O)O)C(N[C@@H](CO)C(=O)O)N[C@H](C(=O)O)C(C)CC)C(C)CC)N[C@@H](Cc1ccccc1)C(N[C@@H](CO)C(=O)O)N[C@@H](CCCCN)C(=O)O)C(N[C@@H](CCCCN)C(=O)O)N[C@H](C(=O)O)C(C)C,FROLKPNTEYNWNH-FYSQNEPQSA-N,BBB-,0,3125.9729999999895,-6.928000000000021,1181.9,59,61,126,2,211,4,experimental_classification,np
BBBP_00134,134,CCC(C)[C@H](NC(N[C@H](C(=O)O)C(C)O)[C@H](C)NC(N[C@@H](CN[C@@H](CCCCN)C(=O)O)C(N[C@@H](CS)C(=O)O)N[C@@H](CCCCN)C(=O)O)[C@H](CC(C)C)NC(N[C@@H](CCSC)C(N[C@@H](C)C(N[C@@H](CS)C(=O)O)N[C@@H](CC(C)C)C(=O)O)N[C@@H](CC(C)C)C(N[C@@H](Cc1ccccc1)C(=O)O)N[C@H](C(=O)O)C(C)C)[C@H](CC(C)C)NC([C@@H](N)Cc1ccccc1)N1CCC[C@H]1C(NCC(N[C@@H](CCCCN)C(=O)O)N1CCC[C@H]1C(=O)O)N[C@@H](C)C(N[C@@H](CCSC)C(=O)O)N[C@H](C(=O)O)C(C)C)C(=O)O,CCC(C)[C@H](NC(N[C@H](C(=O)O)C(C)O)[C@H](C)NC(N[C@@H](CN[C@@H](CCCCN)C(=O)O)C(N[C@@H](CS)C(=O)O)N[C@@H](CCCCN)C(=O)O)[C@H](CC(C)C)NC(N[C@@H](CCSC)C(N[C@@H](C)C(N[C@@H](CS)C(=O)O)N[C@@H](CC(C)C)C(=O)O)N[C@@H](CC(C)C)C(N[C@@H](Cc1ccccc1)C(=O)O)N[C@H](C(=O)O)C(C)C)[C@H](CC(C)C)NC([C@@H](N)Cc1ccccc1)N1CCC[C@H]1C(NCC(N[C@@H](CCCCN)C(=O)O)N1CCC[C@H]1C(=O)O)N[C@@H](C)C(N[C@@H](CCSC)C(=O)O)N[C@H](C(=O)O)C(C)C)C(=O)O,DPVVZHNIPSVHMT-HNWJGUDLSA-N,BBB-,0,2604.533999999995,1.9042000000000774,868.32,41,45,106,2,178,4,experimental_classification,np
BBBP_00135,135,CSCC[C@H](NC(N[C@@H](CC(C)C)C(N[C@@H](C)C(=O)O)N[C@@H](CO)C(=O)O)[C@H](CC(C)C)NC(NCC(N[C@@H](C(C)C)C(N[C@@H](C)C(=O)O)N[C@@H](CC(C)C)C(=O)O)N1CCC[C@H]1C(N[C@@H](CO)C(=O)O)N[C@@H](CC(C)C)C(=O)O)[C@@H](N)CC(C)C)C(N[C@@H](C)C(N[C@@H](CO)C(=O)O)N[C@@H](CCCCN)C(=O)O)N[C@@H](CC(C)C)C(O)N[C@@H](CC(C)C)C(=O)O,CSCC[C@H](NC(N[C@@H](CC(C)C)C(N[C@@H](C)C(=O)O)N[C@@H](CO)C(=O)O)[C@H](CC(C)C)NC(NCC(N[C@@H](C(C)C)C(N[C@@H](C)C(=O)O)N[C@@H](CC(C)C)C(=O)O)N1CCC[C@H]1C(N[C@@H](CO)C(=O)O)N[C@@H](CC(C)C)C(=O)O)[C@@H](N)CC(C)C)C(N[C@@H](C)C(N[C@@H](CO)C(=O)O)N[C@@H](CCCCN)C(=O)O)N[C@@H](CC(C)C)C(O)N[C@@H](CC(C)C)C(=O)O,OACKOHHHNDFGBK-LMCJZJQQSA-N,BBB-,0,1815.4270000000001,-0.6732999999999658,664.38,31,33,76,0,125,1,experimental_classification,np
BBBP_00136,136,CCC(C)[C@H](NC(N[C@@H](CCCCN)C(N[C@@H](CCSC)C(=O)O)N[C@@H](CC(C)C)C(=O)O)[C@H](Cc1c[nH]c2ccccc12)NC(CN)N[C@@H](CC(C)C)C(N[C@@H](CN[C@@H](CCC(N[C@@H](C)C(=O)O)N[C@@H](CCSC)C(=O)O)C(NCC(=O)O)N[C@@H](Cc1ccccc1)C(=O)O)C(N[C@@H](C)C(N[C@@H](CCSC)C(=O)O)N[C@@H](CC(=O)O)C(=O)O)N[C@@H](C)C(N[C@@H](CC(N)=O)C(=O)O)N[C@H](C(=O)O)C(C)C)N[C@@H](CCCCN)C(N[C@@H](CCCCN)C(O)N[C@H](C(=O)O)C(C)C)N[C@H](C(=O)O)C(C)O)C(NCC(=O)O)N[C@@H](C)C(=O)O,CCC(C)[C@H](NC(N[C@@H](CCCCN)C(N[C@@H](CCSC)C(=O)O)N[C@@H](CC(C)C)C(=O)O)[C@H](Cc1c[nH]c2ccccc12)NC(CN)N[C@@H](CC(C)C)C(N[C@@H](CN[C@@H](CCC(N[C@@H](C)C(=O)O)N[C@@H](CCSC)C(=O)O)C(NCC(=O)O)N[C@@H](Cc1ccccc1)C(=O)O)C(N[C@@H](C)C(N[C@@H](CCSC)C(=O)O)N[C@@H](CC(=O)O)C(=O)O)N[C@@H](C)C(N[C@@H](CC(N)=O)C(=O)O)N[C@H](C(=O)O)C(C)C)N[C@@H](CCCCN)C(N[C@@H](CCCCN)C(O)N[C@H](C(=O)O)C(C)C)N[C@H](C(=O)O)C(C)O)C(NCC(=O)O)N[C@@H](C)C(=O)O,LFJSCZWONPTEJX-KIOOEUTRSA-N,BBB-,0,2693.430999999994,-3.0513999999999593,1051.64,47,49,115,3,185,3,experimental_classification,np
BBBP_00137,137,CCC(C)[C@H](NC(CNC(NCC(N[C@@H](Cc1ccc(O)cc1)C(=O)O)N[C@@H](CC(C)C)C(=O)O)[C@@H](NC(N[C@@H](CC(N[C@@H](CCCNC(=N)N)C(N[C@@H](CCC(N)=O)C(=O)O)N[C@@H](CC(N)=O)C(=O)O)N[C@@H](CCCNC(=N)N)C(N[C@@H](CCC(=O)O)C(=O)O)N[C@H](C(=O)O)C(C)O)C(N[C@@H](CC(C)C)C(N[C@@H](CS)C(=O)O)N[C@@H](CCC(=O)O)C(=O)O)N1CCC[C@H]1C(N[C@@H](CCC(=O)O)C(=O)O)N[C@H](C(=O)O)C(C)O)[C@H](CCCCN)NC(CN)NCC(N[C@@H](C(C)NCC(N[C@@H](CS)C(=O)O)N[C@@H](CS)C(=O)O)C(NCC(N[C@@H](CCCNC(=N)N)C(=O)O)N[C@H](C(=O)O)C(C)O)N[C@@H](CCC(N)N[C@@H](Cc1ccc(O)cc1)C(=O)O)C(N[C@@H](CCCCN)C(=O)O)N1CCC[C@H]1C(=O)O)N[C@@H](CS)C(NCC(N[C@@H](Cc1ccccc1)C(=O)O)N[C@@H](CC(C)C)C(=O)O)N[C@@H](Cc1c[nH]c2ccccc12)C(N[C@@H](CN[C@H](C(=O)O)C(C)O)C(N[C@@H](CS)C(=O)O)N1CCC[C@H]1C(=O)O)N1CCC[C@H]1C(=O)O)C(C)C)N[C@@H](CS)C(=O)O)C(=O)O,CCC(C)[C@H](NC(CNC(NCC(N[C@@H](Cc1ccc(O)cc1)C(=O)O)N[C@@H](CC(C)C)C(=O)O)[C@@H](NC(N[C@@H](CC(N[C@@H](CCCNC(=N)N)C(N[C@@H](CCC(N)=O)C(=O)O)N[C@@H](CC(N)=O)C(=O)O)N[C@@H](CCCNC(=N)N)C(N[C@@H](CCC(=O)O)C(=O)O)N[C@H](C(=O)O)C(C)O)C(N[C@@H](CC(C)C)C(N[C@@H](CS)C(=O)O)N[C@@H](CCC(=O)O)C(=O)O)N1CCC[C@H]1C(N[C@@H](CCC(=O)O)C(=O)O)N[C@H](C(=O)O)C(C)O)[C@H](CCCCN)NC(CN)NCC(N[C@@H](C(C)NCC(N[C@@H](CS)C(=O)O)N[C@@H](CS)C(=O)O)C(NCC(N[C@@H](CCCNC(=N)N)C(=O)O)N[C@H](C(=O)O)C(C)O)N[C@@H](CCC(N)N[C@@H](Cc1ccc(O)cc1)C(=O)O)C(N[C@@H](CCCCN)C(=O)O)N1CCC[C@H]1C(=O)O)N[C@@H](CS)C(NCC(N[C@@H](Cc1ccccc1)C(=O)O)N[C@@H](CC(C)C)C(=O)O)N[C@@H](Cc1c[nH]c2ccccc12)C(N[C@@H](CN[C@H](C(=O)O)C(C)O)C(N[C@@H](CS)C(=O)O)N1CCC[C@H]1C(=O)O)N1CCC[C@H]1C(=O)O)C(C)C)N[C@@H](CS)C(=O)O)C(=O)O,KASDYVCSWKDCKG-IXDWWBOMSA-N,BBB-,0,4868.893999999984,-14.969690000000313,2039.659999999999,95,92,194,5,334,9,experimental_classification,np
BBBP_00138,138,CCC(C)[C@H](NC[C@H](NC(CN)N[C@@H](C)C(NCC(N[C@@H](CCCNC(=N)N)C(=O)O)N1CCC[C@H]1C(=O)O)N[C@@H](CC(C)C)C(O)N[C@H](C(=O)O)C(C)C)C(N[C@@H](C)C(=O)O)N[C@@H](Cc1ccccc1)C(=O)O)C(=O)O,CCC(C)[C@H](NC[C@H](NC(CN)N[C@@H](C)C(NCC(N[C@@H](CCCNC(=N)N)C(=O)O)N1CCC[C@H]1C(=O)O)N[C@@H](CC(C)C)C(O)N[C@H](C(=O)O)C(C)C)C(N[C@@H](C)C(=O)O)N[C@@H](Cc1ccccc1)C(=O)O)C(=O)O,BBAVYRDSYJOPNM-SWCKZTMISA-N,BBB-,0,1097.3710000000003,-1.9109300000000244,443.46,20,19,42,1,77,2,experimental_classification,np
BBBP_00139,139,CCC(C)[C@H](NC(N[C@@H](Cc1c[nH]c2ccccc12)C(=O)O)[C@@H](NC([C@@H](N)Cc1ccccc1)N1CCC[C@H]1C(O)N[C@@H](CCSC)C(=O)O)C(C)C)C(=O)O,CCC(C)[C@H](NC(N[C@@H](Cc1c[nH]c2ccccc12)C(=O)O)[C@@H](NC([C@@H](N)Cc1ccccc1)N1CCC[C@H]1C(O)N[C@@H](CCSC)C(=O)O)C(C)C)C(=O)O,QZISTZWGECITIG-CHUIXNNBSA-N,BBB-,0,798.0640000000002,3.257200000000007,225.29999999999995,10,11,25,3,56,4,experimental_classification,np
BBBP_00140,140,CCC(C)[C@H](NC(N[C@@H](C)C(=O)O)[C@H](C)NC(N[C@@H](C)C(N[C@@H](CS)C(=O)O)N[C@H](C(=O)O)C(C)C)[C@H](CC(C)C)NC(N[C@@H](C(C)C)C(N[C@@H](CCCCN)C(N[C@@H](CO)C(=O)O)N[C@@H](CCCCN)C(=O)O)N[C@@H](CC(C)C)C(N[C@@H](CS)C(=O)O)N[C@@H](CCCNC(=N)N)C(=O)O)[C@H](CC(C)C)NC([C@@H](N)Cc1ccccc1)N1CCC[C@H]1C(NCC(N[C@@H](CO)C(=O)O)N[C@H](C(=O)O)C(C)C)N[C@@H](CCCNC(=N)N)C(N[C@H](C(=O)O)C(C)CC)N1CCC[C@H]1C(=O)O)C(=O)O,CCC(C)[C@H](NC(N[C@@H](C)C(=O)O)[C@H](C)NC(N[C@@H](C)C(N[C@@H](CS)C(=O)O)N[C@H](C(=O)O)C(C)C)[C@H](CC(C)C)NC(N[C@@H](C(C)C)C(N[C@@H](CCCCN)C(N[C@@H](CO)C(=O)O)N[C@@H](CCCCN)C(=O)O)N[C@@H](CC(C)C)C(N[C@@H](CS)C(=O)O)N[C@@H](CCCNC(=N)N)C(=O)O)[C@H](CC(C)C)NC([C@@H](N)Cc1ccccc1)N1CCC[C@H]1C(NCC(N[C@@H](CO)C(=O)O)N[C@H](C(=O)O)C(C)C)N[C@@H](CCCNC(=N)N)C(N[C@H](C(=O)O)C(C)CC)N1CCC[C@H]1C(=O)O)C(=O)O,UONWVHGRHXAAJO-GZXXIRGVSA-N,BBB-,0,2464.2659999999973,-2.2301599999999056,937.0000000000001,45,43,100,1,170,3,experimental_classification,np
BBBP_00141,141,CCC(C)[C@H](NC(CN)N1CCC[C@H]1C(NCC(N[C@@H](CS)C(=O)O)N[C@H](C(=O)O)C(C)O)N[C@@H](CCC(N[C@@H](CC(N)=O)C(=O)O)N[C@H](C(=O)O)C(C)O)C(NCC(=O)O)N1CCC[C@H]1C(=O)O)C(N[C@@H](C(C)N[C@@H](C(C)N[C@@H](CS)C(=O)O)C(N[C@@H](CS)C(=O)O)N[C@H](C(=O)O)C(C)O)C(N[C@H](C(N[C@@H](CS)C(=O)O)N[C@H](C(=O)O)C(C)CC)C(C)N1CCC[C@H]1C(=O)O)N[C@@H](CS)C(N[C@@H](CO)C(=O)O)N[C@@H](Cc1c[nH]c2ccccc12)C(=O)O)N[C@@H](CS)C(NCC(O)N[C@@H](CC(N)=O)C(=O)O)N[C@@H](CC(C)C)C(N[C@@H](CCCCN)C(=O)O)N[C@H](C(=O)O)C(C)O,CCC(C)[C@H](NC(CN)N1CCC[C@H]1C(NCC(N[C@@H](CS)C(=O)O)N[C@H](C(=O)O)C(C)O)N[C@@H](CCC(N[C@@H](CC(N)=O)C(=O)O)N[C@H](C(=O)O)C(C)O)C(NCC(=O)O)N1CCC[C@H]1C(=O)O)C(N[C@@H](C(C)N[C@@H](C(C)N[C@@H](CS)C(=O)O)C(N[C@@H](CS)C(=O)O)N[C@H](C(=O)O)C(C)O)C(N[C@H](C(N[C@@H](CS)C(=O)O)N[C@H](C(=O)O)C(C)CC)C(C)N1CCC[C@H]1C(=O)O)N[C@@H](CS)C(N[C@@H](CO)C(=O)O)N[C@@H](Cc1c[nH]c2ccccc12)C(=O)O)N[C@@H](CS)C(NCC(O)N[C@@H](CC(N)=O)C(=O)O)N[C@@H](CC(C)C)C(N[C@@H](CCCCN)C(=O)O)N[C@H](C(=O)O)C(C)O,YZAXIXSEEZFDNN-ISUZLNTDSA-N,BBB-,0,2988.6629999999914,-12.360600000000057,1219.96,59,61,115,2,201,5,experimental_classification,np
BBBP_00142,142,C[C@H](NC(N[C@@H](Cc1ccccc1)C(=O)O)[C@@H](N)CN1CCC[C@H]1C(N[C@@H](CO)C(=O)O)N[C@@H](CC(N)=O)C(=O)O)C(NCC(=O)O)N[C@@H](Cc1c[nH]c2ccccc12)C(=O)O,C[C@H](NC(N[C@@H](Cc1ccccc1)C(=O)O)[C@@H](N)CN1CCC[C@H]1C(N[C@@H](CO)C(=O)O)N[C@@H](CC(N)=O)C(=O)O)C(NCC(=O)O)N[C@@H](Cc1c[nH]c2ccccc12)C(=O)O,PZQRUZMRVGHKPH-HNSZMOBBSA-N,BBB-,0,870.9620000000002,-2.585700000000007,367.04999999999995,15,15,29,3,62,4,experimental_classification,np
BBBP_00143,143,CSCC[C@H](NC(N[C@@H](CC(N[C@@H](C)C(=O)O)N[C@@H](Cc1ccc(O)cc1)C(=O)O)C(NCC(=O)O)N[C@@H](Cc1ccccc1)C(=O)O)[C@@H]1CCCN1)C(O)N[C@@H](CC(C)C)C(=O)O,CSCC[C@H](NC(N[C@@H](CC(N[C@@H](C)C(=O)O)N[C@@H](Cc1ccc(O)cc1)C(=O)O)C(NCC(=O)O)N[C@@H](Cc1ccccc1)C(=O)O)[C@@H]1CCCN1)C(O)N[C@@H](CC(C)C)C(=O)O,BUDGLYDEKHTGHR-OKDZDUCJSA-N,BBB-,0,921.128,0.19710000000000488,323.19999999999993,15,16,33,2,64,3,experimental_classification,np
BBBP_00144,144,CSCC[C@H](NC(CNC(N[C@@H](C)C(N[C@@H](CC(=O)O)C(=O)O)N[C@@H](CCC(N)N[C@@H](CCCNC(=N)N)C(=O)O)C(O)N[C@@H](Cc1ccccc1)C(=O)O)[C@H](C)N)N[C@@H](Cc1ccccc1)C(=O)O)C(=O)O,CSCC[C@H](NC(CNC(N[C@@H](C)C(N[C@@H](CC(=O)O)C(=O)O)N[C@@H](CCC(N)N[C@@H](CCCNC(=N)N)C(=O)O)C(O)N[C@@H](Cc1ccccc1)C(=O)O)[C@H](C)N)N[C@@H](Cc1ccccc1)C(=O)O)C(=O)O,UEBQFGIBXJZWMT-GIYYPYFPSA-N,BBB-,0,1052.2670000000003,-2.5883300000000267,454.21,20,19,41,2,73,2,experimental_classification,np
BBBP_00145,145,CCC(C)[C@H](NC[C@H](NC(N[C@@H](CC(N)=O)C(=O)O)[C@H](CC(C)C)NC(CN)N[C@@H](C(C)C)C(NCC(=O)O)N[C@@H](CC(C)C)C(=O)O)C(=O)O)C(=O)O,CCC(C)[C@H](NC[C@H](NC(N[C@@H](CC(N)=O)C(=O)O)[C@H](CC(C)C)NC(CN)N[C@@H](C(C)C)C(NCC(=O)O)N[C@@H](CC(C)C)C(=O)O)C(=O)O)C(=O)O,SPBHCVATBQQWRJ-HZBZDIOPSA-N,BBB-,0,777.9620000000002,-1.6451000000000047,339.82,14,14,32,0,54,0,experimental_classification,np
BBBP_00146,146,CC(C)[C@H](NC(N[C@@H](Cc1ccccc1)C(N[C@@H](CC(N)=O)C(=O)O)N[C@@H](CCCNC(=N)N)C(NCC(=O)O)N[C@H](C(=O)O)C(C)O)[C@@H](N)CS)C(N[C@@H](CS)C(=O)O)N1CCC[C@H]1C(=O)O,CC(C)[C@H](NC(N[C@@H](Cc1ccccc1)C(N[C@@H](CC(N)=O)C(=O)O)N[C@@H](CCCNC(=N)N)C(NCC(=O)O)N[C@H](C(=O)O)C(C)O)[C@@H](N)CS)C(N[C@@H](CS)C(=O)O)N1CCC[C@H]1C(=O)O,DVFJEKFMUISVGP-OCEKJDELSA-N,BBB-,0,1004.2480000000002,-3.877930000000017,425.19,20,19,36,1,68,2,experimental_classification,np
BBBP_00147,147,CC(C)C[C@H](NC(CC[C@H](NC(CN)N1CCC[C@H]1C(N[C@@H](C)C(=O)O)N[C@H](C(=O)O)C(C)O)C(N[C@@H](CCCNC(=N)N)C(=O)O)N[C@@H](CC(C)C)C(=O)O)N[C@@H](Cc1ccccc1)C(=O)O)C(=O)O,CC(C)C[C@H](NC(CC[C@H](NC(CN)N1CCC[C@H]1C(N[C@@H](C)C(=O)O)N[C@H](C(=O)O)C(C)O)C(N[C@@H](CCCNC(=N)N)C(=O)O)N[C@@H](CC(C)C)C(=O)O)N[C@@H](Cc1ccccc1)C(=O)O)C(=O)O,RKYITIGXYGUQKB-JKFROMFTSA-N,BBB-,0,1011.2329999999997,-1.2920300000000176,419.4,18,17,38,1,71,2,experimental_classification,np
BBBP_00148,148,CC(C)C[C@H](NC(CNC(CNC(CN)NCC(NCC(=O)O)N[C@@H](CN[C@@H](CCCNC(=N)N)C(=O)O)C(O)N[C@H](C(=O)O)C(C)C)N[C@@H](C(C)N[C@@H](C)C(=O)O)C(N[C@@H](Cc1ccccc1)C(=O)O)N1CCC[C@H]1C(=O)O)N[C@@H](Cc1ccccc1)C(=O)O)C(=O)O,CC(C)C[C@H](NC(CNC(CNC(CN)NCC(NCC(=O)O)N[C@@H](CN[C@@H](CCCNC(=N)N)C(=O)O)C(O)N[C@H](C(=O)O)C(C)C)N[C@@H](C(C)N[C@@H](C)C(=O)O)C(N[C@@H](Cc1ccccc1)C(=O)O)N1CCC[C@H]1C(=O)O)N[C@@H](Cc1ccccc1)C(=O)O)C(=O)O,WSNATHDCRUYFME-WWCIIJCUSA-N,BBB-,0,1334.5860000000007,-4.0816299999999925,554.15,25,24,52,2,94,3,experimental_classification,np
BBBP_00149,149,CC(C)C[C@H](NC(N[C@@H](CCCNC(=N)N)C(=O)O)[C@H](Cc1ccccc1)NC(CNC(N[C@@H](CC(C)C)C(N[C@@H](CCC(N)=O)C(=O)O)N1CCC[C@H]1C(=O)O)[C@H](C)N)N[C@@H](C)C(=O)O)C(=O)O,CC(C)C[C@H](NC(N[C@@H](CCCNC(=N)N)C(=O)O)[C@H](Cc1ccccc1)NC(CNC(N[C@@H](CC(C)C)C(N[C@@H](CCC(N)=O)C(=O)O)N1CCC[C@H]1C(=O)O)[C@H](C)N)N[C@@H](C)C(=O)O)C(=O)O,CHPCCKGONCTLGK-MOEUCFAGSA-N,BBB-,0,980.2229999999996,-1.252230000000012,404.96,17,16,37,1,69,2,experimental_classification,np
BBBP_00150,150,CC(C)[C@H](NC(N[C@@H](CCC(N)N[C@@H](CCCNC(=N)N)C(=O)O)C(O)N[C@@H](Cc1ccccc1)C(=O)O)[C@@H](N)Cc1ccc(N[C@@H](CN[C@@H](CO)C(=O)O)C(N[C@@H](CCCNC(=N)N)C(=O)O)N2CCC[C@H]2C(=O)O)cc1)C(=O)O,CC(C)[C@H](NC(N[C@@H](CCC(N)N[C@@H](CCCNC(=N)N)C(=O)O)C(O)N[C@@H](Cc1ccccc1)C(=O)O)[C@@H](N)Cc1ccc(N[C@@H](CN[C@@H](CO)C(=O)O)C(N[C@@H](CCCNC(=N)N)C(=O)O)N2CCC[C@H]2C(=O)O)cc1)C(=O)O,DWJSJQHBRDULPL-KZMBRZORSA-N,BBB-,0,1147.3469999999995,-3.488760000000024,527.55,23,20,42,2,81,3,experimental_classification,np
BBBP_00151,151,CC(C)C[C@H](NC(CNC(N[C@@H](CN[C@H](C(=O)O)C(C)O)C(N[C@@H](CC(N)=O)C(=O)O)N[C@@H](CC(C)C)C(=O)O)[C@H](C)NC(CN)N[C@@H](C(C)C)C(N[C@@H](CC(C)C)C(=O)O)N[C@@H](CC(C)C)C(=O)O)NCC(=O)O)C(=O)O,CC(C)C[C@H](NC(CNC(N[C@@H](CN[C@H](C(=O)O)C(C)O)C(N[C@@H](CC(N)=O)C(=O)O)N[C@@H](CC(C)C)C(=O)O)[C@H](C)NC(CN)N[C@@H](C(C)C)C(N[C@@H](CC(C)C)C(=O)O)N[C@@H](CC(C)C)C(=O)O)NCC(=O)O)C(=O)O,XUEMYQLAOCFSBC-KPMCPPIKSA-N,BBB-,0,1124.39,-2.9127000000000143,482.76999999999987,21,21,47,0,78,0,experimental_classification,np
BBBP_00152,152,CSCC[C@H](NC(N[C@@H](Cc1c[nH]c2ccccc12)C(=O)O)[C@@H](NC(CNC(N[C@@H](CCC(NCC(N[C@@H](CCCNC(=N)N)C(=O)O)N[C@@H](CC(C)C)C(=O)O)N[C@@H](CCC(=O)O)C(=O)O)C(N[C@@H](CCCCN)C(=O)O)N[C@H](C(=O)O)C(C)O)[C@@H](N)Cc1ccccc1)N[C@@H](CN[C@@H](Cc1ccccc1)C(=O)O)C(NCC(=O)O)N1CCC[C@H]1C(=O)O)C(C)NCC(=O)O)C(=O)O,CSCC[C@H](NC(N[C@@H](Cc1c[nH]c2ccccc12)C(=O)O)[C@@H](NC(CNC(N[C@@H](CCC(NCC(N[C@@H](CCCNC(=N)N)C(=O)O)N[C@@H](CC(C)C)C(=O)O)N[C@@H](CCC(=O)O)C(=O)O)C(N[C@@H](CCCCN)C(=O)O)N[C@H](C(=O)O)C(C)O)[C@@H](N)Cc1ccccc1)N[C@@H](CN[C@@H](Cc1ccccc1)C(=O)O)C(NCC(=O)O)N1CCC[C@H]1C(=O)O)C(C)NCC(=O)O)C(=O)O,UXNYCSILGDBCDT-ULKWGIBYSA-N,BBB-,0,1914.2620000000013,-3.294829999999961,781.2500000000001,34,33,76,4,134,5,experimental_classification,np
BBBP_00153,153,C[C@H](NC(NCC(=O)O)[C@H](CS)NC(N[C@@H](CO)C(=O)O)[C@H](C)N)C(=O)O,C[C@H](NC(NCC(=O)O)[C@H](CS)NC(N[C@@H](CO)C(=O)O)[C@H](C)N)C(=O)O,URWBBRPCWGZPTI-FTHHKDHKSA-N,BBB-,0,411.4810000000002,-3.3541999999999934,206.26999999999998,10,10,15,0,27,0,experimental_classification,np
BBBP_00154,154,CC(C)C[C@H](NC(C[C@H](NC([C@@H](N)CC(C)C)N1CCC[C@H]1C(N[C@@H](CO)C(=O)O)N[C@@H](CO)C(=O)O)C(N[C@@H](CCCNC(=N)N)C(=O)O)N[C@@H](CC(C)C)C(=O)O)N[C@@H](Cc1ccccc1)C(=O)O)C(=O)O,CC(C)C[C@H](NC(C[C@H](NC([C@@H](N)CC(C)C)N1CCC[C@H]1C(N[C@@H](CO)C(=O)O)N[C@@H](CO)C(=O)O)C(N[C@@H](CCCNC(=N)N)C(=O)O)N[C@@H](CC(C)C)C(=O)O)N[C@@H](Cc1ccccc1)C(=O)O)C(=O)O,GEHORNGUOKVYQB-UMZQJEGMSA-N,BBB-,0,1055.2859999999998,-1.6835300000000215,439.62999999999994,19,18,40,1,74,2,experimental_classification,np
BBBP_00155,155,CCC(C)[C@H](NC(N[C@@H](CS)C(=O)O)[C@@H](NC(CC[C@H](NC(N[C@@H](CCC(N[C@@H](CS)C(=O)O)N[C@@H](Cc1ccc(O)cc1)C(=O)O)C(N[C@@H](CCCCN)C(=O)O)N1CCC[C@H]1C(=O)O)[C@H](CCCCN)NC(N[C@@H](C)C(N[C@@H](C(C)NCC(N[C@@H](CCSC)C(=O)O)N[C@@H](CC(N)=O)C(=O)O)C(N[C@@H](CCCCN)C(N[C@@H](CCC(N)=O)C(=O)O)N[C@@H](CCC(=O)O)C(=O)O)N[C@@H](Cc1ccc(N[C@@H](CCCCN)C(=O)O)cc1)C(N[C@@H](CS)C(=O)O)N[C@@H](CCC(=O)O)C(=O)O)N[C@@H](CS)C(NCC(N[C@@H](CS)C(=O)O)N[C@@H](Cc1ccc(O)cc1)C(=O)O)N[C@@H](CN[C@H](C(=O)O)C(C)O)C(N[C@@H](CCCNC(=N)N)C(=O)O)N[C@H](C(=O)O)C(C)CC)[C@@H](N)C(C)C)C(N[C@@H](CS)C(=O)O)N[C@@H](Cc1ccccc1)C(NCC(=O)O)N[C@@H](CCCCN)C(=O)O)N[C@@H](Cc1ccccc1)C(N[C@@H](CO)C(=O)O)N[C@H](C(=O)O)C(C)O)C(C)C)C(=O)O,CCC(C)[C@H](NC(N[C@@H](CS)C(=O)O)[C@@H](NC(CC[C@H](NC(N[C@@H](CCC(N[C@@H](CS)C(=O)O)N[C@@H](Cc1ccc(O)cc1)C(=O)O)C(N[C@@H](CCCCN)C(=O)O)N1CCC[C@H]1C(=O)O)[C@H](CCCCN)NC(N[C@@H](C)C(N[C@@H](C(C)NCC(N[C@@H](CCSC)C(=O)O)N[C@@H](CC(N)=O)C(=O)O)C(N[C@@H](CCCCN)C(N[C@@H](CCC(N)=O)C(=O)O)N[C@@H](CCC(=O)O)C(=O)O)N[C@@H](Cc1ccc(N[C@@H](CCCCN)C(=O)O)cc1)C(N[C@@H](CS)C(=O)O)N[C@@H](CCC(=O)O)C(=O)O)N[C@@H](CS)C(NCC(N[C@@H](CS)C(=O)O)N[C@@H](Cc1ccc(O)cc1)C(=O)O)N[C@@H](CN[C@H](C(=O)O)C(C)O)C(N[C@@H](CCCNC(=N)N)C(=O)O)N[C@H](C(=O)O)C(C)CC)[C@@H](N)C(C)C)C(N[C@@H](CS)C(=O)O)N[C@@H](Cc1ccccc1)C(NCC(=O)O)N[C@@H](CCCCN)C(=O)O)N[C@@H](Cc1ccccc1)C(N[C@@H](CO)C(=O)O)N[C@H](C(=O)O)C(C)O)C(C)C)C(=O)O,IEZAYNCDXWJDGG-CKJAXTSDSA-N,BBB-,0,4383.412999999983,-9.658430000000246,1774.1699999999992,83,83,182,5,299,6,experimental_classification,np
BBBP_00156,156,CSCC[C@H](NC(C[C@H](NC(N[C@@H](CC(=O)O)C(=O)O)[C@@H](N)CCC(N)N[C@@H](CN[C@@H](Cc1ccc(O)cc1)C(=O)O)C(NCC(=O)O)N[C@@H](Cc1cnc[nH]1)C(=O)O)C(O)N[C@@H](Cc1ccccc1)C(=O)O)N[C@@H](CCCNC(=N)N)C(=O)O)C(=O)O,CSCC[C@H](NC(C[C@H](NC(N[C@@H](CC(=O)O)C(=O)O)[C@@H](N)CCC(N)N[C@@H](CN[C@@H](Cc1ccc(O)cc1)C(=O)O)C(NCC(=O)O)N[C@@H](Cc1cnc[nH]1)C(=O)O)C(O)N[C@@H](Cc1ccccc1)C(=O)O)N[C@@H](CCCNC(=N)N)C(=O)O)C(=O)O,ZPJQJPWRNSYRSQ-RXIIKXETSA-N,BBB-,0,1265.4160000000008,-4.439230000000026,589.7500000000001,25,24,49,3,88,3,experimental_classification,np
BBBP_00157,157,CC(C)C[C@H](NC(N)CC[C@H](N)C(N[C@@H](Cc1ccccc1)C(=O)O)N[C@@H](CC(N)N[C@@H](CC(N)=O)C(=O)O)C(O)N[C@@H](Cc1c[nH]c2ccccc12)C(=O)O)C(N[C@@H](CO)C(=O)O)N1CCC[C@H]1C(=O)O,CC(C)C[C@H](NC(N)CC[C@H](N)C(N[C@@H](Cc1ccccc1)C(=O)O)N[C@@H](CC(N)N[C@@H](CC(N)=O)C(=O)O)C(O)N[C@@H](Cc1c[nH]c2ccccc12)C(=O)O)C(N[C@@H](CO)C(=O)O)N1CCC[C@H]1C(=O)O,MMSBUICDBWHZSP-YTPNNOBXSA-N,BBB-,0,1015.1800000000001,-2.4587000000000154,439.32,18,18,35,3,72,4,experimental_classification,np
BBBP_00158,158,CCC(C)[C@H](NC(N[C@@H](Cc1ccc(N[C@@H](CCSC)C(=O)O)cc1)C(=O)O)[C@H](CCCCN)NC[C@H](NC(CN)N[C@@H](CCCCN)C(N[C@@H](C(C)CC)C(N[C@@H](CS)C(=O)O)N[C@@H](CCCCN)C(=O)O)N1CCC[C@H]1C(NCC(=O)O)N[C@H](C(=O)O)C(C)O)C(N[C@@H](C(C)C)C(N[C@@H](CCCNC(=N)N)C(=O)O)N[C@@H](CCCNC(=N)N)C(=O)O)N1CCC[C@H]1C(N[C@@H](CS)C(=O)O)N[C@@H](CC(N)=O)C(=O)O)C(N[C@@H](CCCNC(=N)N)C(=O)O)N[C@@H](CCC(N)=O)C(=O)O,CCC(C)[C@H](NC(N[C@@H](Cc1ccc(N[C@@H](CCSC)C(=O)O)cc1)C(=O)O)[C@H](CCCCN)NC[C@H](NC(CN)N[C@@H](CCCCN)C(N[C@@H](C(C)CC)C(N[C@@H](CS)C(=O)O)N[C@@H](CCCCN)C(=O)O)N1CCC[C@H]1C(NCC(=O)O)N[C@H](C(=O)O)C(C)O)C(N[C@@H](C(C)C)C(N[C@@H](CCCNC(=N)N)C(=O)O)N[C@@H](CCCNC(=N)N)C(=O)O)N1CCC[C@H]1C(N[C@@H](CS)C(=O)O)N[C@@H](CC(N)=O)C(=O)O)C(N[C@@H](CCCNC(=N)N)C(=O)O)N[C@@H](CCC(N)=O)C(=O)O,DPMNTMYIKSHWGY-PALBXGFSSA-N,BBB-,0,2454.1279999999983,-7.172589999999981,1066.8100000000002,48,45,102,1,168,3,experimental_classification,np
BBBP_00159,159,CC(C)C[C@H](NC(O)[C@H](C)NC(N[C@@H](CCC(N)=O)C(=O)O)[C@@H](NC(CN)N[C@@H](C)C(N[C@@H](C)C(N[C@@H](CCCNC(=N)N)C(=O)O)N1CCC[C@H]1C(=O)O)N1CCC[C@H]1C(N[C@@H](CO)C(=O)O)N[C@@H](Cc1ccccc1)C(=O)O)C(C)C)C(=O)O,CC(C)C[C@H](NC(O)[C@H](C)NC(N[C@@H](CCC(N)=O)C(=O)O)[C@@H](NC(CN)N[C@@H](C)C(N[C@@H](C)C(N[C@@H](CCCNC(=N)N)C(=O)O)N1CCC[C@H]1C(=O)O)N1CCC[C@H]1C(N[C@@H](CO)C(=O)O)N[C@@H](Cc1ccccc1)C(=O)O)C(C)C)C(=O)O,LZHXTVVEAOGPLM-ORKLNLRDSA-N,BBB-,0,1225.5019999999993,-3.5202300000000015,510.02000000000004,22,22,45,1,86,3,experimental_classification,np
BBBP_00160,160,CCC(C)[C@H](NC(CC[C@H](NC(N[C@@H](CC(C)C)C(N[C@@H](C)C(=O)O)N[C@H](C(=O)O)C(C)CC)[C@@H]1CCCN1C(N[C@@H](CC(N)N[C@@H](Cc1ccccc1)C(N[C@@H](C)C(N[C@@H](C)C(=O)O)N[C@H](C(=O)O)C(C)C)N[C@@H](CCCNC(=N)N)C(N[C@@H](C)C(=O)O)N1CCC[C@H]1C(=O)O)C(N[C@@H](CCC(N[C@@H](C(C)C)C(N[C@@H](C)C(=O)O)N[C@@H](CC(C)C)C(=O)O)N[C@@H](CCCNC(=N)N)C(N[C@@H](C)C(=O)O)N[C@H](C(=O)O)C(C)O)C(N[C@@H](CC(=O)O)C(=O)O)N[C@@H](CCCNC(=N)N)C(O)N[C@@H](CCCCN)C(=O)O)N[C@@H](CCCCN)C(NCC(N[C@H](C(=O)O)C(C)C)N[C@H](C(=O)O)C(C)O)N[C@@H](CCC(N)N[C@@H](C)C(=O)O)C(N[C@@H](C)C(=O)O)N[C@@H](CCC(N)=O)C(=O)O)[C@@H](N)Cc1c[nH]c2ccccc12)C(NCC(=O)O)N[C@@H](C)C(=O)O)N[C@@H](CO)C(=O)O)C(=O)O,CCC(C)[C@H](NC(CC[C@H](NC(N[C@@H](CC(C)C)C(N[C@@H](C)C(=O)O)N[C@H](C(=O)O)C(C)CC)[C@@H]1CCCN1C(N[C@@H](CC(N)N[C@@H](Cc1ccccc1)C(N[C@@H](C)C(N[C@@H](C)C(=O)O)N[C@H](C(=O)O)C(C)C)N[C@@H](CCCNC(=N)N)C(N[C@@H](C)C(=O)O)N1CCC[C@H]1C(=O)O)C(N[C@@H](CCC(N[C@@H](C(C)C)C(N[C@@H](C)C(=O)O)N[C@@H](CC(C)C)C(=O)O)N[C@@H](CCCNC(=N)N)C(N[C@@H](C)C(=O)O)N[C@H](C(=O)O)C(C)O)C(N[C@@H](CC(=O)O)C(=O)O)N[C@@H](CCCNC(=N)N)C(O)N[C@@H](CCCCN)C(=O)O)N[C@@H](CCCCN)C(NCC(N[C@H](C(=O)O)C(C)C)N[C@H](C(=O)O)C(C)O)N[C@@H](CCC(N)N[C@@H](C)C(=O)O)C(N[C@@H](C)C(=O)O)N[C@@H](CCC(N)=O)C(=O)O)[C@@H](N)Cc1c[nH]c2ccccc12)C(NCC(=O)O)N[C@@H](C)C(=O)O)N[C@@H](CO)C(=O)O)C(=O)O,LYOIWMHTELDVQC-RUXIUPEOSA-N,BBB-,0,3845.6869999999835,-10.421090000000294,1679.6699999999992,75,70,158,3,269,5,experimental_classification,np
BBBP_00161,161,CC(C)C[C@H](NC(N[C@@H](CC(=O)O)C(=O)O)[C@H](CC(N[C@@H](CCCNC(=N)N)C(=O)O)N[C@H](C(=O)O)C(C)C)NC(N[C@@H](CCC(N[C@@H](C)C(=O)O)N[C@@H](CCCNC(=N)N)C(=O)O)C(=O)O)[C@@H](NC(N[C@@H](CC(N[C@@H](CCC(=O)O)C(=O)O)N[C@@H](CCC(=O)O)C(=O)O)C(N[C@@H](CC(=O)O)C(=O)O)N[C@@H](CC(=O)O)C(=O)O)[C@H](C)N)C(C)N[C@@H](Cc1ccc(N[C@@H](CCCNC(=N)N)C(=O)O)cc1)C(N[C@@H](CCCCN)C(=O)O)N[C@H](C(=O)O)C(C)C)C(=O)O,CC(C)C[C@H](NC(N[C@@H](CC(=O)O)C(=O)O)[C@H](CC(N[C@@H](CCCNC(=N)N)C(=O)O)N[C@H](C(=O)O)C(C)C)NC(N[C@@H](CCC(N[C@@H](C)C(=O)O)N[C@@H](CCCNC(=N)N)C(=O)O)C(=O)O)[C@@H](NC(N[C@@H](CC(N[C@@H](CCC(=O)O)C(=O)O)N[C@@H](CCC(=O)O)C(=O)O)C(N[C@@H](CC(=O)O)C(=O)O)N[C@@H](CC(=O)O)C(=O)O)[C@H](C)N)C(C)N[C@@H](Cc1ccc(N[C@@H](CCCNC(=N)N)C(=O)O)cc1)C(N[C@@H](CCCCN)C(=O)O)N[C@H](C(=O)O)C(C)C)C(=O)O,XDPDRLHDEHSRTA-CVHQVFTISA-N,BBB-,0,2311.5349999999994,-8.161189999999996,1162.9800000000002,48,42,97,1,161,1,experimental_classification,np
BBBP_00162,162,CC(C)C[C@H](NC(NCC(=O)O)[C@@H]1CCCN1C(N[C@@H](Cc1ccc(O)cc1)C(=O)O)[C@@H](N)CN[C@@H](CCCNC(=N)N)C(N[C@@H](CO)C(=O)O)N[C@@H](Cc1ccccc1)C(=O)O)C(=O)O,CC(C)C[C@H](NC(NCC(=O)O)[C@@H]1CCCN1C(N[C@@H](Cc1ccc(O)cc1)C(=O)O)[C@@H](N)CN[C@@H](CCCNC(=N)N)C(N[C@@H](CO)C(=O)O)N[C@@H](Cc1ccccc1)C(=O)O)C(=O)O,NMIIJRLSADKPOL-PPKREEMESA-N,BBB-,0,932.0899999999999,-1.9473300000000124,390.3,17,16,33,2,66,3,experimental_classification,np
BBBP_00163,163,CC(C)C[C@H](NC(N)CC[C@H](NC(N)C[C@H](N)C(NCC(=O)O)N[C@@H](CCC(NCC(=O)O)N[C@@H](CCCNC(=N)N)C(=O)O)C(=O)O)C(N[C@@H](Cc1ccccc1)C(=O)O)N[C@@H](Cc1cnc[nH]1)C(=O)O)C(=O)O,CC(C)C[C@H](NC(N)CC[C@H](NC(N)C[C@H](N)C(NCC(=O)O)N[C@@H](CCC(NCC(=O)O)N[C@@H](CCCNC(=N)N)C(=O)O)C(=O)O)C(N[C@@H](Cc1ccccc1)C(=O)O)N[C@@H](Cc1cnc[nH]1)C(=O)O)C(=O)O,RZMMOVLLOKSGJK-JCLKTCEPSA-N,BBB-,0,1067.2169999999999,-4.149430000000024,525.9799999999999,22,20,43,2,75,2,experimental_classification,np
BBBP_00164,164,CC(C)C[C@H](NC(N)C[C@H](NC(N[C@@H](CC(C)C)C(N[C@@H](Cc1ccc(N[C@@H](CO)C(=O)O)cc1)C(N[C@@H](CC(N)=O)C(=O)O)N[C@@H](Cc1ccccc1)C(=O)O)N[C@@H](CC(C)C)C(N[C@@H](CCCCN)C(=O)O)N[C@@H](CC(=O)O)C(=O)O)[C@H](Cc1c[nH]c2ccccc12)NC(CN)N[C@@H](C(C)N[C@@H](CN[C@@H](Cc1cnc[nH]1)C(=O)O)C(N[C@@H](C)C(=O)O)N[C@H](C(=O)O)C(C)C)C(NCC(N[C@@H](CCCNC(=N)N)C(=O)O)N[C@@H](Cc1cnc[nH]1)C(=O)O)N[C@@H](C)C(N[C@@H](CC(N)=O)C(=O)O)N[C@@H](CC(=O)O)C(=O)O)C(NCC(N[C@@H](Cc1ccccc1)C(=O)O)N[C@H](C(=O)O)C(C)O)N1CCC[C@H]1C(=O)O)C(NCC(=O)O)N[C@@H](Cc1cnc[nH]1)C(=O)O,CC(C)C[C@H](NC(N)C[C@H](NC(N[C@@H](CC(C)C)C(N[C@@H](Cc1ccc(N[C@@H](CO)C(=O)O)cc1)C(N[C@@H](CC(N)=O)C(=O)O)N[C@@H](Cc1ccccc1)C(=O)O)N[C@@H](CC(C)C)C(N[C@@H](CCCCN)C(=O)O)N[C@@H](CC(=O)O)C(=O)O)[C@H](Cc1c[nH]c2ccccc12)NC(CN)N[C@@H](C(C)N[C@@H](CN[C@@H](Cc1cnc[nH]1)C(=O)O)C(N[C@@H](C)C(=O)O)N[C@H](C(=O)O)C(C)C)C(NCC(N[C@@H](CCCNC(=N)N)C(=O)O)N[C@@H](Cc1cnc[nH]1)C(=O)O)N[C@@H](C)C(N[C@@H](CC(N)=O)C(=O)O)N[C@@H](CC(=O)O)C(=O)O)C(NCC(N[C@@H](Cc1ccccc1)C(=O)O)N[C@H](C(=O)O)C(C)O)N1CCC[C@H]1C(=O)O)C(NCC(=O)O)N[C@@H](Cc1cnc[nH]1)C(=O)O,BXVDRGICWAUKND-ASMBALPUSA-N,BBB-,0,3238.7069999999885,-8.938630000000144,1405.1799999999996,60,58,127,8,229,9,experimental_classification,np
BBBP_00165,165,CSCC[C@H](NC(NCC(=O)O)[C@H](CC(NCC(=O)O)N[C@@H](CCCCN)C(=O)O)NC(C[C@H](N)C(N[C@@H](CCSC)C(N[C@@H](Cc1ccccc1)C(=O)O)N[C@@H](Cc1c[nH]c2ccccc12)C(=O)O)N[C@@H](CNCC(=O)O)C(N[C@@H](CCCNC(=N)N)C(=O)O)N1CCC[C@H]1C(=O)O)NCC(NCC(O)N[C@@H](CC(C)C)C(=O)O)N[C@@H](CCC(=O)O)C(=O)O)C(=O)O,CSCC[C@H](NC(NCC(=O)O)[C@H](CC(NCC(=O)O)N[C@@H](CCCCN)C(=O)O)NC(C[C@H](N)C(N[C@@H](CCSC)C(N[C@@H](Cc1ccccc1)C(=O)O)N[C@@H](Cc1c[nH]c2ccccc12)C(=O)O)N[C@@H](CNCC(=O)O)C(N[C@@H](CCCNC(=N)N)C(=O)O)N1CCC[C@H]1C(=O)O)NCC(NCC(O)N[C@@H](CC(C)C)C(=O)O)N[C@@H](CCC(=O)O)C(=O)O)C(=O)O,HIPCCZDGGUFFOH-KQYNJWORSA-N,BBB-,0,1856.2040000000018,-4.603929999999962,781.2500000000002,34,34,76,3,128,4,experimental_classification,np
BBBP_00166,166,CC(C)C[C@H](Nc1ccc(C[C@H](NC(N[C@@H](CC(=O)O)C(=O)O)[C@H](CCCNC(=N)N)NC(NCC(NCC(=O)O)N[C@@H](Cc2ccccc2)C(=O)O)[C@H](C)N)C(=O)O)cc1)C(=O)O,CC(C)C[C@H](Nc1ccc(C[C@H](NC(N[C@@H](CC(=O)O)C(=O)O)[C@H](CCCNC(=N)N)NC(NCC(NCC(=O)O)N[C@@H](Cc2ccccc2)C(=O)O)[C@H](C)N)C(=O)O)cc1)C(=O)O,WYAKACYNJRPFGA-ARPBFSGDSA-N,BBB-,0,904.0360000000002,-1.2031300000000154,395.93,17,15,34,2,64,2,experimental_classification,np
BBBP_00167,167,CC(C)[C@H](NC(CC[C@H](NC(N)C[C@H](N)C(N[C@@H](CCC(O)N1CCC[C@H]1C(=O)O)C(=O)O)N[C@@H](CCC(N[C@@H](CCC(N)=O)C(=O)O)N1CCC[C@H]1C(=O)O)C(N[C@@H](CC(=O)O)C(=O)O)N[C@H](C(=O)O)C(C)C)C(N[C@@H](CCCCN)C(=O)O)N[C@@H](Cc1c[nH]c2ccccc12)C(=O)O)N[C@@H](CCCCN)C(=O)O)C(=O)O,CC(C)[C@H](NC(CC[C@H](NC(N)C[C@H](N)C(N[C@@H](CCC(O)N1CCC[C@H]1C(=O)O)C(=O)O)N[C@@H](CCC(N[C@@H](CCC(N)=O)C(=O)O)N1CCC[C@H]1C(=O)O)C(N[C@@H](CC(=O)O)C(=O)O)N[C@H](C(=O)O)C(C)C)C(N[C@@H](CCCCN)C(=O)O)N[C@@H](Cc1c[nH]c2ccccc12)C(=O)O)N[C@@H](CCCCN)C(=O)O)C(=O)O,XYUVLXLDZSWDQX-MFDYBQIJSA-N,BBB-,0,1611.859000000001,-3.330899999999967,720.2700000000001,28,29,63,2,113,4,experimental_classification,np
BBBP_00168,168,CC(C)C[C@H](NC(N)CC[C@H](NC(C)[C@H](NC(NCC(NCC(=O)O)N[C@@H](Cc1ccccc1)C(=O)O)[C@H](C)N)C(N[C@@H](C)C(=O)O)N[C@@H](Cc1ccc(O)cc1)C(=O)O)C(=O)O)C(=O)O,CC(C)C[C@H](NC(N)CC[C@H](NC(C)[C@H](NC(NCC(NCC(=O)O)N[C@@H](Cc1ccccc1)C(=O)O)[C@H](C)N)C(N[C@@H](C)C(=O)O)N[C@@H](Cc1ccc(O)cc1)C(=O)O)C(=O)O)C(=O)O,VVOPRWZBWSLXOQ-DDCGUVFFSA-N,BBB-,0,935.0900000000004,-1.5416000000000114,392.31,17,17,35,2,66,2,experimental_classification,np
BBBP_00169,169,CC(C)C[C@H](NC(N[C@@H](CCCCN)C(=O)O)[C@H](Cc1ccc(N[C@@H](C)C(=O)O)cc1)NC(N[C@@H](CC(N[C@@H](CC(C)C)C(=O)O)N1CCC[C@H]1C(=O)O)C(N[C@@H](C)C(=O)O)N[C@@H](CC(=O)O)C(=O)O)[C@H](Cc1ccc(N[C@@H](CC(N[C@@H](CC(=O)O)C(=O)O)N[C@@H](CC(=O)O)C(=O)O)C(N[C@@H](CCCNC(=N)N)C(=O)O)N[C@@H](CC(N)=O)C(=O)O)cc1)NC(CN)N[C@@H](CC(C)C)C(N[C@@H](CCC(O)N[C@@H](CCCNC(=N)N)C(=O)O)C(=O)O)N[C@H](C(=O)O)C(C)C)C(=O)O,CC(C)C[C@H](NC(N[C@@H](CCCCN)C(=O)O)[C@H](Cc1ccc(N[C@@H](C)C(=O)O)cc1)NC(N[C@@H](CC(N[C@@H](CC(C)C)C(=O)O)N1CCC[C@H]1C(=O)O)C(N[C@@H](C)C(=O)O)N[C@@H](CC(=O)O)C(=O)O)[C@H](Cc1ccc(N[C@@H](CC(N[C@@H](CC(=O)O)C(=O)O)N[C@@H](CC(=O)O)C(=O)O)C(N[C@@H](CCCNC(=N)N)C(=O)O)N[C@@H](CC(N)=O)C(=O)O)cc1)NC(CN)N[C@@H](CC(C)C)C(N[C@@H](CCC(O)N[C@@H](CCCNC(=N)N)C(=O)O)C(=O)O)N[C@H](C(=O)O)C(C)C)C(=O)O,OQZAWIONKILOOM-NYVVPOEYSA-N,BBB-,0,2356.6629999999986,-5.751759999999935,1093.04,45,42,95,2,165,3,experimental_classification,np
BBBP_00170,170,CC(C)C[C@H](NC(N[C@@H](CCCCN)C(=O)O)[C@H](CCCCN)NC(NCC(=O)O)[C@H](Cc1ccccc1)NC(N[C@@H](Cc1ccccc1)C(N[C@@H](CCCCN)C(=O)O)N[C@@H](CCC(=O)O)C(=O)O)[C@@H](N)CC(C)C)C(=O)O,CC(C)C[C@H](NC(N[C@@H](CCCCN)C(=O)O)[C@H](CCCCN)NC(NCC(=O)O)[C@H](Cc1ccccc1)NC(N[C@@H](Cc1ccccc1)C(N[C@@H](CCCCN)C(=O)O)N[C@@H](CCC(=O)O)C(=O)O)[C@@H](N)CC(C)C)C(=O)O,ISCIARRFYSJHGE-NVVNMGTRSA-N,BBB-,0,1117.4449999999997,1.167499999999989,424.12,18,18,48,2,79,2,experimental_classification,np
BBBP_00171,171,CC(C)C[C@H](NC(NCC(=O)O)[C@H](CCCNC(=N)N)NC(N[C@@H](CCCNC(=N)N)C(N[C@@H](CC(N)=O)C(=O)O)N[C@H](C(=O)O)C(C)C)[C@H](CS)NC([C@@H](N)CS)N1CCC[C@H]1C(NCC(N[C@@H](CS)C(N[C@@H](CS)C(=O)O)N[C@@H](Cc1ccccc1)C(=O)O)N[C@@H](CS)C(N[C@@H](CS)C(=O)O)N[C@@H](Cc1ccc(O)cc1)C(=O)O)N[C@@H](CCCNC(=N)N)C(N[C@@H](CCCNC(=N)N)C(=O)O)N[C@H](C(=O)O)C(C)C)C(=O)O,CC(C)C[C@H](NC(NCC(=O)O)[C@H](CCCNC(=N)N)NC(N[C@@H](CCCNC(=N)N)C(N[C@@H](CC(N)=O)C(=O)O)N[C@H](C(=O)O)C(C)C)[C@H](CS)NC([C@@H](N)CS)N1CCC[C@H]1C(NCC(N[C@@H](CS)C(N[C@@H](CS)C(=O)O)N[C@@H](Cc1ccccc1)C(=O)O)N[C@@H](CS)C(N[C@@H](CS)C(=O)O)N[C@@H](Cc1ccc(O)cc1)C(=O)O)N[C@@H](CCCNC(=N)N)C(N[C@@H](CCCNC(=N)N)C(=O)O)N[C@H](C(=O)O)C(C)C)C(=O)O,MWMYVEGHLATWCS-IGPZZOKFSA-N,BBB-,0,2226.8949999999995,-6.832419999999929,917.69,48,41,86,2,149,3,experimental_classification,np
BBBP_00172,172,CCC(C)[C@H](NC(N[C@@H](CN[C@@H](CN[C@H](C(=O)O)C(C)O)C(NCC(=O)O)N[C@H](C(=O)O)C(C)O)C(N[C@@H](CO)C(=O)O)N[C@@H](C)C(O)N[C@@H](C)C(=O)O)[C@H](CC(C)C)NC(N[C@@H](C(C)CC)C(N[C@@H](Cc1ccc(N[C@@H](C)C(=O)O)cc1)C(N[C@@H](CC(C)C)C(=O)O)N[C@H](C(=O)O)C(C)O)N1CCC[C@H]1C(NCC(=O)O)N[C@H](C(=O)O)C(C)O)[C@@H](N)Cc1ccccc1)C(NCC(=O)O)N[C@H](C(=O)O)C(C)CC,CCC(C)[C@H](NC(N[C@@H](CN[C@@H](CN[C@H](C(=O)O)C(C)O)C(NCC(=O)O)N[C@H](C(=O)O)C(C)O)C(N[C@@H](CO)C(=O)O)N[C@@H](C)C(O)N[C@@H](C)C(=O)O)[C@H](CC(C)C)NC(N[C@@H](C(C)CC)C(N[C@@H](Cc1ccc(N[C@@H](C)C(=O)O)cc1)C(N[C@@H](CC(C)C)C(=O)O)N[C@H](C(=O)O)C(C)O)N1CCC[C@H]1C(NCC(=O)O)N[C@H](C(=O)O)C(C)O)[C@@H](N)Cc1ccccc1)C(NCC(=O)O)N[C@H](C(=O)O)C(C)CC,NGVYNERCKLSESK-JLNSEXRQSA-N,BBB-,0,2059.476000000001,-5.066099999999951,826.8100000000001,38,39,81,2,144,3,experimental_classification,np
BBBP_00173,173,CSCC[C@H](N)C(N[C@@H](CN[C@@H](CCCCN)C(=O)O)C(N[C@@H](CC(N)=O)C(=O)O)N[C@@H](Cc1cnc[nH]1)C(=O)O)N[C@@H](CC(N)N[C@@H](C(C)C)C(N[C@@H](Cc1cnc[nH]1)C(=O)O)N[C@@H](Cc1cnc[nH]1)C(=O)O)C(N[C@@H](CCC(N)N[C@@H](Cc1cnc[nH]1)C(=O)O)C(N[C@@H](Cc1cnc[nH]1)C(=O)O)N[C@@H](Cc1cnc[nH]1)C(=O)O)N[C@@H](Cc1ccccc1)C(N[C@@H](CC(=O)O)C(=O)O)N1CCC[C@H]1C(=O)O,CSCC[C@H](N)C(N[C@@H](CN[C@@H](CCCCN)C(=O)O)C(N[C@@H](CC(N)=O)C(=O)O)N[C@@H](Cc1cnc[nH]1)C(=O)O)N[C@@H](CC(N)N[C@@H](C(C)C)C(N[C@@H](Cc1cnc[nH]1)C(=O)O)N[C@@H](Cc1cnc[nH]1)C(=O)O)C(N[C@@H](CCC(N)N[C@@H](Cc1cnc[nH]1)C(=O)O)C(N[C@@H](Cc1cnc[nH]1)C(=O)O)N[C@@H](Cc1cnc[nH]1)C(=O)O)N[C@@H](Cc1ccccc1)C(N[C@@H](CC(=O)O)C(=O)O)N1CCC[C@H]1C(=O)O,KWHMYZPCNCRXAZ-VPZHZTKHSA-N,BBB-,0,2018.302000000002,-6.338899999999955,901.21,36,38,77,7,142,8,experimental_classification,np
BBBP_00174,174,CC(O)[C@H](NC(CNC(N[C@@H](CCC(N)N[C@@H](CCC(=O)O)C(=O)O)C(O)N[C@@H](CO)C(=O)O)[C@H](C)N)N[C@@H](CC(N)=O)C(=O)O)C(=O)O,CC(O)[C@H](NC(CNC(N[C@@H](CCC(N)N[C@@H](CCC(=O)O)C(=O)O)C(O)N[C@@H](CO)C(=O)O)[C@H](C)N)N[C@@H](CC(N)=O)C(=O)O)C(=O)O,ATZZAPABUNJLRM-UOYYXAADSA-N,BBB-,0,713.743,-6.798500000000017,414.4999999999999,17,17,29,0,49,0,experimental_classification,np
BBBP_00175,175,CSCC[C@H](NC(CNC(N[C@@H](C)C(NCC(=O)O)N[C@@H](Cc1ccccc1)C(=O)O)[C@H](C)NC[C@H](N)C(NCC(NCC(=O)O)N[C@@H](CO)C(=O)O)N[C@@H](CNCC(N[C@@H](CCCNC(=N)N)C(=O)O)N1CCC[C@H]1C(=O)O)C(N[C@@H](CO)C(=O)O)N[C@@H](CCC(O)N[C@@H](CC(C)C)C(=O)O)C(=O)O)N[C@@H](Cc1c[nH]c2ccccc12)C(=O)O)C(=O)O,CSCC[C@H](NC(CNC(N[C@@H](C)C(NCC(=O)O)N[C@@H](Cc1ccccc1)C(=O)O)[C@H](C)NC[C@H](N)C(NCC(NCC(=O)O)N[C@@H](CO)C(=O)O)N[C@@H](CNCC(N[C@@H](CCCNC(=N)N)C(=O)O)N1CCC[C@H]1C(=O)O)C(N[C@@H](CO)C(=O)O)N[C@@H](CCC(O)N[C@@H](CC(C)C)C(=O)O)C(=O)O)N[C@@H](Cc1c[nH]c2ccccc12)C(=O)O)C(=O)O,CBHNKEFCLLWCSZ-LQYCBLRMSA-N,BBB-,0,1770.0450000000005,-7.3682299999999605,770.4200000000002,35,34,71,3,123,4,experimental_classification,np
BBBP_00176,176,CCC(C)[C@H](NC(N[C@@H](CC(C)C)C(NCC(N[C@@H](CCCNC(=N)N)C(=O)O)N[C@@H](CC(C)C)C(=O)O)N[C@@H](CN[C@@H](Cc1ccccc1)C(N[C@@H](Cc1ccccc1)C(=O)O)N1CCC[C@H]1C(=O)O)C(N[C@@H](CCCNC(=N)N)C(=O)O)N[C@@H](CC(C)C)C(N[C@H](C(=O)O)C(C)O)N1CCC[C@H]1C(=O)O)[C@@H](N)CCSC)C(N[C@@H](C(C)N[C@H](C(=O)O)C(C)O)C(N[C@@H](CCCNC(=N)N)C(=O)O)N[C@@H](CC(N)=O)C(=O)O)N[C@@H](C)C(N[C@@H](C)C(=O)O)N[C@@H](CCCCN)C(=O)O,CCC(C)[C@H](NC(N[C@@H](CC(C)C)C(NCC(N[C@@H](CCCNC(=N)N)C(=O)O)N[C@@H](CC(C)C)C(=O)O)N[C@@H](CN[C@@H](Cc1ccccc1)C(N[C@@H](Cc1ccccc1)C(=O)O)N1CCC[C@H]1C(=O)O)C(N[C@@H](CCCNC(=N)N)C(=O)O)N[C@@H](CC(C)C)C(N[C@H](C(=O)O)C(C)O)N1CCC[C@H]1C(=O)O)[C@@H](N)CCSC)C(N[C@@H](C(C)N[C@H](C(=O)O)C(C)O)C(N[C@@H](CCCNC(=N)N)C(=O)O)N[C@@H](CC(N)=O)C(=O)O)N[C@@H](C)C(N[C@@H](C)C(=O)O)N[C@@H](CCCCN)C(=O)O,UREMQMSFIFDCJK-CVKMNZDCSA-N,BBB-,0,2409.0359999999982,-4.521389999999946,991.9100000000001,44,41,96,2,168,4,experimental_classification,np
BBBP_00177,177,CC(N[C@@H](Cc1ccc(O)cc1)C(=O)O)[C@H](NC([C@H](C)N)N1CCC[C@H]1C(N[C@@H](Cc1ccccc1)C(=O)O)N[C@@H](C)C(O)N[C@@H](CCCNC(=N)N)C(=O)O)C(NCC(=O)O)N[C@H](C(=O)O)C(C)C,CC(N[C@@H](Cc1ccc(O)cc1)C(=O)O)[C@H](NC([C@H](C)N)N1CCC[C@H]1C(N[C@@H](Cc1ccccc1)C(=O)O)N[C@@H](C)C(O)N[C@@H](CCCNC(=N)N)C(=O)O)C(NCC(=O)O)N[C@H](C(=O)O)C(C)C,HUYVOMVAJHVRDW-KOHCDYFBSA-N,BBB-,0,989.186,-1.6248300000000082,402.3299999999999,18,17,34,2,70,3,experimental_classification,np
BBBP_00178,178,CCC(C)[C@H](NC(N)C[C@H](N)C(N[C@@H](CCC(N)N1CCC[C@H]1C(=O)O)C(=O)O)N1CCC[C@H]1C(N[C@H](C(=O)O)C(C)O)N1CCC[C@H]1C(=O)O)C(N[C@@H](CC(C)C)C(=O)O)N[C@H](C(=O)O)C(C)O,CCC(C)[C@H](NC(N)C[C@H](N)C(N[C@@H](CCC(N)N1CCC[C@H]1C(=O)O)C(=O)O)N1CCC[C@H]1C(N[C@H](C(=O)O)C(C)O)N1CCC[C@H]1C(=O)O)C(N[C@@H](CC(C)C)C(=O)O)N[C@H](C(=O)O)C(C)O,NFMNZZRYTOXYFB-PZYTYGFLSA-N,BBB-,0,990.2110000000002,-2.4225000000000114,412.18999999999994,16,19,33,0,69,3,experimental_classification,np
BBBP_00179,179,C[C@H](NC(NCC(=O)O)[C@H](CNCC(=O)O)NC([C@@H](N)Cc1cnc[nH]1)N1CCC[C@H]1C(=O)O)C(=O)O,C[C@H](NC(NCC(=O)O)[C@H](CNCC(=O)O)NC([C@@H](N)Cc1cnc[nH]1)N1CCC[C@H]1C(=O)O)C(=O)O,SSTCLQDXLZGTAR-OHBRXCOHSA-N,BBB-,0,528.5670000000003,-3.149999999999997,255.25999999999996,10,11,18,1,37,2,experimental_classification,np
BBBP_00180,180,CCC(C)[C@H](NC(N[C@@H](Cc1c[nH]c2ccccc12)C(O)N[C@H](C(=O)O)C(C)C)[C@@H](N)CCC(N)N1CCC[C@H]1C(N[C@@H](Cc1ccccc1)C(=O)O)N1CCC[C@H]1C(=O)O)C(=O)O,CCC(C)[C@H](NC(N[C@@H](Cc1c[nH]c2ccccc12)C(O)N[C@H](C(=O)O)C(C)C)[C@@H](N)CCC(N)N1CCC[C@H]1C(N[C@@H](Cc1ccccc1)C(=O)O)N1CCC[C@H]1C(=O)O)C(=O)O,QBEKARUJUIHCGE-FEVAXQTDSA-N,BBB-,0,894.1279999999999,2.1181000000000108,291.86,12,13,27,3,64,5,experimental_classification,np
BBBP_00181,181,CSCC[C@H](NC(N[C@@H](Cc1c[nH]c2ccccc12)C(=O)O)[C@@H](NC(CNC(CN)N[C@@H](CCC(N[C@@H](CC(=O)O)C(=O)O)N[C@@H](CC(N)N1CCC[C@H]1C(=O)O)C(N[C@@H](CCCNC(=N)N)C(=O)O)N[C@@H](CC(C)C)C(=O)O)C(N[C@@H](C)C(=O)O)N[C@@H](CCCCN)C(=O)O)NCC(NCC(=O)O)N[C@@H](Cc1ccccc1)C(=O)O)C(C)N[C@@H](C)C(=O)O)C(=O)O,CSCC[C@H](NC(N[C@@H](Cc1c[nH]c2ccccc12)C(=O)O)[C@@H](NC(CNC(CN)N[C@@H](CCC(N[C@@H](CC(=O)O)C(=O)O)N[C@@H](CC(N)N1CCC[C@H]1C(=O)O)C(N[C@@H](CCCNC(=N)N)C(=O)O)N[C@@H](CC(C)C)C(=O)O)C(N[C@@H](C)C(=O)O)N[C@@H](CCCCN)C(=O)O)NCC(NCC(=O)O)N[C@@H](Cc1ccccc1)C(=O)O)C(C)N[C@@H](C)C(=O)O)C(=O)O,BOHQBHRXQHYVOL-UGLVQCFLSA-N,BBB-,0,1823.1530000000005,-4.5937299999999475,787.0400000000001,34,33,73,3,127,4,experimental_classification,np
BBBP_00182,182,CC(C)C[C@H](NC(NCC(=O)O)[C@@H]1CCCN1C(C[C@H](N)C(N[C@@H](C)C(=O)O)N[C@@H](Cc1ccccc1)C(=O)O)N[C@@H](Cc1ccc(O)cc1)C(=O)O)C(=O)O,CC(C)C[C@H](NC(NCC(=O)O)[C@@H]1CCCN1C(C[C@H](N)C(N[C@@H](C)C(=O)O)N[C@@H](Cc1ccccc1)C(=O)O)N[C@@H](Cc1ccc(O)cc1)C(=O)O)C(=O)O,WYMNRYWNZPPPGC-DPJZISMJSA-N,BBB-,0,787.9120000000003,0.24890000000001267,296.14,12,13,26,2,56,3,experimental_classification,np
BBBP_00183,183,CCC(C)[C@H](N)C(N[C@@H](C(C)N[C@@H](CC(N[C@@H](CCCCN)C(=O)O)N[C@@H](CCSC)C(=O)O)C(N[C@@H](Cc1ccc(O)cc1)C(=O)O)N[C@H](C(=O)O)C(C)CC)C(N[C@@H](CC(O)N[C@H](C(=O)O)C(C)CC)C(=O)O)N[C@@H](Cc1ccccc1)C(N[C@@H](CCCCN)C(=O)O)N[C@@H](CCCNC(=N)N)C(=O)O)N[C@@H](CCCCN)C(N[C@@H](C)C(=O)O)N[C@@H](CC(C)C)C(=O)O,CCC(C)[C@H](N)C(N[C@@H](C(C)N[C@@H](CC(N[C@@H](CCCCN)C(=O)O)N[C@@H](CCSC)C(=O)O)C(N[C@@H](Cc1ccc(O)cc1)C(=O)O)N[C@H](C(=O)O)C(C)CC)C(N[C@@H](CC(O)N[C@H](C(=O)O)C(C)CC)C(=O)O)N[C@@H](Cc1ccccc1)C(N[C@@H](CCCCN)C(=O)O)N[C@@H](CCCNC(=N)N)C(=O)O)N[C@@H](CCCCN)C(N[C@@H](C)C(=O)O)N[C@@H](CC(C)C)C(=O)O,CNTALLIKNTYSBE-FKPZTRBISA-N,BBB-,0,1869.3940000000018,-0.1831299999999732,747.8599999999999,33,32,79,2,130,2,experimental_classification,np
BBBP_00184,184,CSCC[C@H](NC(NCC(O)N[C@@H](CCCNC(=N)N)C(=O)O)[C@@H]1CCCN1C(N[C@@H](CC(C)C)C(N[C@@H](CCC(N)=O)C(=O)O)N[C@@H](Cc1ccccc1)C(=O)O)[C@H](C)N)C(NCC(=O)O)N[C@H](C(=O)O)C(C)C,CSCC[C@H](NC(NCC(O)N[C@@H](CCCNC(=N)N)C(=O)O)[C@@H]1CCCN1C(N[C@@H](CC(C)C)C(N[C@@H](CCC(N)=O)C(=O)O)N[C@@H](Cc1ccccc1)C(=O)O)[C@H](C)N)C(NCC(=O)O)N[C@H](C(=O)O)C(C)C,WXZFFAWYJINBHN-PJHLIOFJSA-N,BBB-,0,1085.3849999999995,-2.001130000000024,437.2199999999999,19,19,42,1,75,2,experimental_classification,np
BBBP_00185,185,CC(C)C[C@H](NC(N[C@@H](CCCNC(=N)N)C(=O)O)[C@@H]1CCCN1C(N[C@@H](Cc1ccccc1)C(=O)O)[C@@H](N)CN1CCC[C@H]1C(N[C@@H](C)C(=O)O)N1CCC[C@H]1C(=O)O)C(=O)O,CC(C)C[C@H](NC(N[C@@H](CCCNC(=N)N)C(=O)O)[C@@H]1CCCN1C(N[C@@H](Cc1ccccc1)C(=O)O)[C@@H](N)CN1CCC[C@H]1C(N[C@@H](C)C(=O)O)N1CCC[C@H]1C(=O)O)C(=O)O,YTFDOUNNLKPHKI-PIMLGRNASA-N,BBB-,0,890.0969999999998,-0.4870300000000041,332.26,13,14,28,1,63,4,experimental_classification,np
BBBP_00186,186,CCC(C)[C@H](NC(N[C@@H](CCC(N)=O)C(=O)O)[C@H](Cc1ccccc1)NC(N[C@@H](Cc1ccccc1)C(N[C@@H](CC(NCC(=O)O)N[C@@H](CCC(N)=O)C(=O)O)C(=O)O)N[C@@H](CN[C@@H](CCCNC(=N)N)C(=O)O)C(N[C@@H](CCCCN)C(=O)O)N[C@@H](CC(N)=O)C(=O)O)[C@@H](NC([C@@H](N)Cc1ccccc1)N1CCC[C@H]1C(N[C@@H](C(C)N[C@@H](CCCCN)C(=O)O)C(N[C@@H](CCSC)C(=O)O)N[C@@H](CCC(N)=O)C(=O)O)N[C@@H](CCC(N)N[C@@H](CCC(=O)O)C(=O)O)C(N[C@@H](CCCCN)C(=O)O)N[C@@H](CCC(=O)O)C(=O)O)C(C)C)C(=O)O,CCC(C)[C@H](NC(N[C@@H](CCC(N)=O)C(=O)O)[C@H](Cc1ccccc1)NC(N[C@@H](Cc1ccccc1)C(N[C@@H](CC(NCC(=O)O)N[C@@H](CCC(N)=O)C(=O)O)C(=O)O)N[C@@H](CN[C@@H](CCCNC(=N)N)C(=O)O)C(N[C@@H](CCCCN)C(=O)O)N[C@@H](CC(N)=O)C(=O)O)[C@@H](NC([C@@H](N)Cc1ccccc1)N1CCC[C@H]1C(N[C@@H](C(C)N[C@@H](CCCCN)C(=O)O)C(N[C@@H](CCSC)C(=O)O)N[C@@H](CCC(N)=O)C(=O)O)N[C@@H](CCC(N)N[C@@H](CCC(=O)O)C(=O)O)C(N[C@@H](CCCCN)C(=O)O)N[C@@H](CCC(=O)O)C(=O)O)C(C)C)C(=O)O,VXVLJJSQZSGKNG-UOSLXFPUSA-N,BBB-,0,2706.2109999999957,-7.228530000000003,1205.0,48,48,115,3,189,4,experimental_classification,np
BBBP_00187,187,CCC(C)[C@H](NC(N[C@H](C(=O)O)C(C)C)[C@@H](NC(N[C@@H](C)C(N[C@@H](C)C(=O)O)N[C@@H](CCC(=O)O)C(=O)O)[C@H](CN[C@@H](CN[C@H](C(=O)O)C(C)C)C(N[C@H](C(=O)O)C(C)C)N1CCC[C@H]1C(=O)O)NC(N[C@@H](C(C)C)C(N[C@@H](Cc1cnc[nH]1)C(=O)O)N[C@@H](CCCCN)C(N[C@@H](Cc1cnc[nH]1)C(=O)O)N[C@@H](CC(C)C)C(=O)O)[C@H](CC(C)C)NC(CN)N[C@@H](CC(C)C)C(NCC(N[C@@H](Cc1cnc[nH]1)C(=O)O)N1CCC[C@H]1C(=O)O)N[C@@H](CC(C)C)C(N[C@@H](CC(C)C)C(=O)O)N[C@H](C(=O)O)C(C)C)C(C)C)C(=O)O,CCC(C)[C@H](NC(N[C@H](C(=O)O)C(C)C)[C@@H](NC(N[C@@H](C)C(N[C@@H](C)C(=O)O)N[C@@H](CCC(=O)O)C(=O)O)[C@H](CN[C@@H](CN[C@H](C(=O)O)C(C)C)C(N[C@H](C(=O)O)C(C)C)N1CCC[C@H]1C(=O)O)NC(N[C@@H](C(C)C)C(N[C@@H](Cc1cnc[nH]1)C(=O)O)N[C@@H](CCCCN)C(N[C@@H](Cc1cnc[nH]1)C(=O)O)N[C@@H](CC(C)C)C(=O)O)[C@H](CC(C)C)NC(CN)N[C@@H](CC(C)C)C(NCC(N[C@@H](Cc1cnc[nH]1)C(=O)O)N1CCC[C@H]1C(=O)O)N[C@@H](CC(C)C)C(N[C@@H](CC(C)C)C(=O)O)N[C@H](C(=O)O)C(C)C)C(C)C)C(=O)O,JPAITVNBGUGPCE-OSKHHPEUSA-N,BBB-,0,2607.316999999995,0.5008000000001023,968.72,42,44,104,3,183,5,experimental_classification,np
BBBP_00188,188,CC(C)C[C@H](NC(N)CC[C@H](N)C(N[C@@H](C(C)N[C@@H](CC(=O)O)C(=O)O)C(O)N[C@@H](Cc1c[nH]c2ccccc12)C(=O)O)N[C@@H](Cc1ccccc1)C(=O)O)C(N[C@@H](CO)C(=O)O)N1CCC[C@H]1C(=O)O,CC(C)C[C@H](NC(N)CC[C@H](N)C(N[C@@H](C(C)N[C@@H](CC(=O)O)C(=O)O)C(O)N[C@@H](Cc1c[nH]c2ccccc12)C(=O)O)N[C@@H](Cc1ccccc1)C(=O)O)C(N[C@@H](CO)C(=O)O)N1CCC[C@H]1C(=O)O,QQNGSSGOCVXRQC-CPDUBSDESA-N,BBB-,0,1001.1490000000001,-1.1457999999999997,407.51,17,17,34,3,71,4,experimental_classification,np
BBBP_00189,189,CSCC[C@H](NC(N[C@@H](CC(N)=O)C(=O)O)[C@H](CC(N1CCC[C@H]1C(=O)O)N1CCC[C@H]1C(=O)O)NC(C[C@H](NC(N[C@@H](CCCCN)C(N[C@@H](CCCNC(=N)N)C(=O)O)N1CCC[C@H]1C(=O)O)[C@@H](N)C(C)C)C(N[C@@H](CCCNC(=N)N)C(=O)O)N[C@@H](Cc1ccc(O)cc1)C(=O)O)N1CCC[C@H]1C(N[C@@H](CCCNC(=N)N)C(=O)O)N1CCC[C@H]1C(=O)O)C(=O)O,CSCC[C@H](NC(N[C@@H](CC(N)=O)C(=O)O)[C@H](CC(N1CCC[C@H]1C(=O)O)N1CCC[C@H]1C(=O)O)NC(C[C@H](NC(N[C@@H](CCCCN)C(N[C@@H](CCCNC(=N)N)C(=O)O)N1CCC[C@H]1C(=O)O)[C@@H](N)C(C)C)C(N[C@@H](CCCNC(=N)N)C(=O)O)N[C@@H](Cc1ccc(O)cc1)C(=O)O)N1CCC[C@H]1C(N[C@@H](CCCNC(=N)N)C(=O)O)N1CCC[C@H]1C(=O)O)C(=O)O,UDKUNICBYMEZPH-BQJQSRDHSA-N,BBB-,0,1852.243000000001,-4.679989999999948,798.5300000000002,32,32,66,1,129,6,experimental_classification,np
BBBP_00190,190,CC(C)C[C@H](NC([C@@H](N)Cc1ccccc1)N1CCC[C@H]1C(N[C@@H](C)C(=O)O)N[C@@H](Cc1ccc(O)cc1)C(=O)O)C(N[C@@H](CS)C(N[C@@H](CS)C(=O)O)N[C@H](C(=O)O)C(C)O)N1CCC[C@H]1C(NCC(=O)O)N[C@@H](CCCCN)C(=O)O,CC(C)C[C@H](NC([C@@H](N)Cc1ccccc1)N1CCC[C@H]1C(N[C@@H](C)C(=O)O)N[C@@H](Cc1ccc(O)cc1)C(=O)O)C(N[C@@H](CS)C(N[C@@H](CS)C(=O)O)N[C@H](C(=O)O)C(C)O)N1CCC[C@H]1C(NCC(=O)O)N[C@@H](CCCCN)C(=O)O,QFVRTCIZVJQDMO-LSQBFTRUSA-N,BBB-,0,1209.5450000000008,-0.6960000000000097,419.02,20,22,42,2,83,4,experimental_classification,np
BBBP_00191,191,CC(C)C[C@H](NC[C@H](NC(N[C@@H](CO)C(=O)O)[C@H](CC(C)C)NC(CN)N[C@@H](CC(C)C)C(NCC(=O)O)N[C@@H](CC(C)C)C(=O)O)C(N[C@@H](CC(N)=O)C(=O)O)N[C@@H](CC(C)C)C(=O)O)C(=O)O,CC(C)C[C@H](NC[C@H](NC(N[C@@H](CO)C(=O)O)[C@H](CC(C)C)NC(CN)N[C@@H](CC(C)C)C(NCC(=O)O)N[C@@H](CC(C)C)C(=O)O)C(N[C@@H](CC(N)=O)C(=O)O)N[C@@H](CC(C)C)C(=O)O)C(=O)O,GLZLQCNUUQGFJE-CRUFHJQZSA-N,BBB-,0,994.2430000000002,-1.8895000000000195,421.40999999999997,18,18,42,0,69,0,experimental_classification,np
BBBP_00192,192,CSCC[C@H](NC(N)C[C@H](NC(CN)N[C@@H](C)C(N[C@@H](CC(=O)O)C(=O)O)N[C@@H](Cc1ccccc1)C(=O)O)C(N[C@@H](CCCNC(=N)N)C(=O)O)N[C@@H](Cc1ccccc1)C(=O)O)C(=O)O,CSCC[C@H](NC(N)C[C@H](NC(CN)N[C@@H](C)C(N[C@@H](CC(=O)O)C(=O)O)N[C@@H](Cc1ccccc1)C(=O)O)C(N[C@@H](CCCNC(=N)N)C(=O)O)N[C@@H](Cc1ccccc1)C(=O)O)C(=O)O,LPQKOHQKVQZFBG-XBIVVJGRSA-N,BBB-,0,965.145,-2.2749300000000154,421.94999999999993,18,17,37,2,67,2,experimental_classification,np
BBBP_00193,193,CCC(C)[C@H](NC(N[C@@H](C(C)C)C(N[C@@H](CCCCN)C(=O)O)N[C@@H](CC(N)=O)C(=O)O)[C@H](Cc1ccccc1)NC(CNC(N[C@@H](C(C)CC)C(N[C@@H](C(C)CC)C(N[C@@H](Cc1ccc(O)cc1)C(=O)O)N[C@@H](Cc1cnc[nH]1)C(=O)O)N[C@@H](Cc1ccccc1)C(N[C@@H](CCC(N)=O)C(=O)O)N1CCC[C@H]1C(=O)O)[C@@H](N)CCSC)N[C@@H](CN[C@@H](CO)C(=O)O)C(N[C@H](C(=O)O)C(C)C)N[C@H](C(=O)O)C(C)O)C(O)N[C@@H](CCCCN)C(=O)O,CCC(C)[C@H](NC(N[C@@H](C(C)C)C(N[C@@H](CCCCN)C(=O)O)N[C@@H](CC(N)=O)C(=O)O)[C@H](Cc1ccccc1)NC(CNC(N[C@@H](C(C)CC)C(N[C@@H](C(C)CC)C(N[C@@H](Cc1ccc(O)cc1)C(=O)O)N[C@@H](Cc1cnc[nH]1)C(=O)O)N[C@@H](Cc1ccccc1)C(N[C@@H](CCC(N)=O)C(=O)O)N1CCC[C@H]1C(=O)O)[C@@H](N)CCSC)N[C@@H](CN[C@@H](CO)C(=O)O)C(N[C@H](C(=O)O)C(C)C)N[C@H](C(=O)O)C(C)O)C(O)N[C@@H](CCCCN)C(=O)O,QCRNXCYZWLIAMI-BMHBHBDASA-N,BBB-,0,2227.792,-2.1529999999999463,854.5900000000001,37,39,89,4,156,5,experimental_classification,np
BBBP_00194,194,CCC(C)[C@H](NC(C)[C@H](NC(N[C@@H](C(C)NCC(=O)O)C(NCC(=O)O)NCC(=O)O)[C@@H](N)C(C)N[C@@H](CCC(NCC(=O)O)N[C@@H](CCC(N[C@@H](CCCNC(=N)N)C(=O)O)N[C@H](C(=O)O)C(C)C)C(=O)O)C(N[C@@H](CC(=O)O)C(=O)O)N[C@@H](Cc1ccccc1)C(=O)O)C(N[C@@H](C)C(=O)O)N[C@@H](CCC(=O)O)C(=O)O)C(=O)O,CCC(C)[C@H](NC(C)[C@H](NC(N[C@@H](C(C)NCC(=O)O)C(NCC(=O)O)NCC(=O)O)[C@@H](N)C(C)N[C@@H](CCC(NCC(=O)O)N[C@@H](CCC(N[C@@H](CCCNC(=N)N)C(=O)O)N[C@H](C(=O)O)C(C)C)C(=O)O)C(N[C@@H](CC(=O)O)C(=O)O)N[C@@H](Cc1ccccc1)C(=O)O)C(N[C@@H](C)C(=O)O)N[C@@H](CCC(=O)O)C(=O)O)C(=O)O,HUIUCXSYKXEHTK-JRELPGQHSA-N,BBB-,0,1650.8050000000005,-6.522529999999972,790.5700000000002,33,31,69,1,115,1,experimental_classification,np
BBBP_00195,195,CCC(C)[C@H](NC([C@H](CCCCN)NC([C@@H](N)CCC(N)N[C@@H](CC(N[C@@H](Cc1c[nH]c2ccccc12)C(=O)O)N[C@@H](Cc1ccccc1)C(O)N[C@H](C(=O)O)C(C)C)C(N[C@@H](CC(=O)O)C(=O)O)N1CCC[C@H]1C(=O)O)N1CCC[C@H]1C(N[C@@H](Cc1ccc(O)cc1)C(=O)O)N1CCC[C@H]1C(=O)O)N1CCC[C@H]1C(=O)O)C(=O)O,CCC(C)[C@H](NC([C@H](CCCCN)NC([C@@H](N)CCC(N)N[C@@H](CC(N[C@@H](Cc1c[nH]c2ccccc12)C(=O)O)N[C@@H](Cc1ccccc1)C(O)N[C@H](C(=O)O)C(C)C)C(N[C@@H](CC(=O)O)C(=O)O)N1CCC[C@H]1C(=O)O)N1CCC[C@H]1C(N[C@@H](Cc1ccc(O)cc1)C(=O)O)N1CCC[C@H]1C(=O)O)N1CCC[C@H]1C(=O)O)C(=O)O,RQLRUUKFBWKIJF-WFKXZEPISA-N,BBB-,0,1615.937000000001,1.1384999999999774,579.2100000000002,23,26,53,4,115,8,experimental_classification,np
BBBP_00196,196,CCC(C)[C@H](N)C(N[C@@H](C(C)CC)C(N[C@@H](CCCCN)C(N[C@@H](CCCNC(=N)N)C(=O)O)N[C@@H](CCC(=O)O)C(=O)O)N[C@@H](CC(C)C)C(N[C@@H](CCCNC(=N)N)C(=O)O)N[C@H](C(=O)O)C(C)CC)N[C@@H](CN[C@@H](CC(N)N[C@@H](C)C(N[C@@H](CCCNC(=N)N)C(=O)O)N[C@@H](CCC(N)=O)C(=O)O)C(N[C@@H](C(C)CC)C(N[C@@H](Cc1ccc(O)cc1)C(=O)O)N[C@@H](CC(C)C)C(=O)O)N[C@@H](C(C)N[C@@H](C)C(=O)O)C(N[C@@H](CC(=O)O)C(=O)O)N[C@@H](CC(C)C)C(=O)O)C(N[C@@H](CC(N[C@@H](CC(C)C)C(=O)O)N[C@H](C(=O)O)C(C)O)C(N[C@@H](CCC(N)=O)C(=O)O)N[C@@H](CCC(=O)O)C(=O)O)N[C@@H](CCC(N)N[C@@H](CC(N[C@@H](CCCNC(=N)N)C(=O)O)N[C@@H](CCC(N)=O)C(=O)O)C(N[C@@H](CCCNC(=N)N)C(=O)O)N[C@@H](CC(C)C)C(=O)O)C(N[C@@H](CC(C)C)C(O)N[C@@H](CCCCN)C(=O)O)N[C@@H](CCSC)C(N[C@@H](CCC(=O)O)C(=O)O)N[C@@H](CC(C)C)C(=O)O,CCC(C)[C@H](N)C(N[C@@H](C(C)CC)C(N[C@@H](CCCCN)C(N[C@@H](CCCNC(=N)N)C(=O)O)N[C@@H](CCC(=O)O)C(=O)O)N[C@@H](CC(C)C)C(N[C@@H](CCCNC(=N)N)C(=O)O)N[C@H](C(=O)O)C(C)CC)N[C@@H](CN[C@@H](CC(N)N[C@@H](C)C(N[C@@H](CCCNC(=N)N)C(=O)O)N[C@@H](CCC(N)=O)C(=O)O)C(N[C@@H](C(C)CC)C(N[C@@H](Cc1ccc(O)cc1)C(=O)O)N[C@@H](CC(C)C)C(=O)O)N[C@@H](C(C)N[C@@H](C)C(=O)O)C(N[C@@H](CC(=O)O)C(=O)O)N[C@@H](CC(C)C)C(=O)O)C(N[C@@H](CC(N[C@@H](CC(C)C)C(=O)O)N[C@H](C(=O)O)C(C)O)C(N[C@@H](CCC(N)=O)C(=O)O)N[C@@H](CCC(=O)O)C(=O)O)N[C@@H](CCC(N)N[C@@H](CC(N[C@@H](CCCNC(=N)N)C(=O)O)N[C@@H](CCC(N)=O)C(=O)O)C(N[C@@H](CCCNC(=N)N)C(=O)O)N[C@@H](CC(C)C)C(=O)O)C(N[C@@H](CC(C)C)C(O)N[C@@H](CCCCN)C(=O)O)N[C@@H](CCSC)C(N[C@@H](CCC(=O)O)C(=O)O)N[C@@H](CC(C)C)C(=O)O,VODRYUJSOKBNFD-LJSMQCCLSA-N,BBB-,0,4421.416999999984,-10.10055000000033,2020.4099999999987,87,78,193,1,307,1,experimental_classification,np
BBBP_00197,197,CCC(C)[C@H](NC(N[C@@H](CS)C(N[C@@H](CS)C(=O)O)N[C@@H](CCCNC(=N)N)C(=O)O)[C@H](CC(N)NCC(NCC(=O)O)N[C@@H](CC(=O)O)C(=O)O)NC(CC[C@H](N)C(NCC(N[C@@H](C)C(=O)O)N[C@H](C(=O)O)C(C)O)N[C@@H](CN[C@@H](Cc1ccc(O)cc1)C(=O)O)C(N[C@@H](CCCNC(=N)N)C(=O)O)N[C@@H](CCSC)C(=O)O)N[C@@H](Cc1ccccc1)C(NCC(=O)O)N1CCC[C@H]1C(N[C@@H](Cc1ccc(O)cc1)C(=O)O)N[C@H](C(=O)O)C(C)O)C(N[C@@H](CCCCN)C(=O)O)N1CCC[C@H]1C(=O)O,CCC(C)[C@H](NC(N[C@@H](CS)C(N[C@@H](CS)C(=O)O)N[C@@H](CCCNC(=N)N)C(=O)O)[C@H](CC(N)NCC(NCC(=O)O)N[C@@H](CC(=O)O)C(=O)O)NC(CC[C@H](N)C(NCC(N[C@@H](C)C(=O)O)N[C@H](C(=O)O)C(C)O)N[C@@H](CN[C@@H](Cc1ccc(O)cc1)C(=O)O)C(N[C@@H](CCCNC(=N)N)C(=O)O)N[C@@H](CCSC)C(=O)O)N[C@@H](Cc1ccccc1)C(NCC(=O)O)N1CCC[C@H]1C(N[C@@H](Cc1ccc(O)cc1)C(=O)O)N[C@H](C(=O)O)C(C)O)C(N[C@@H](CCCCN)C(=O)O)N1CCC[C@H]1C(=O)O,XWNKFEFQFZZMJI-FVFLHDHBSA-N,BBB-,0,2546.0409999999965,-8.457559999999978,1089.3600000000001,50,49,100,3,175,5,experimental_classification,np
BBBP_00198,198,CC(C)C[C@H](NC(N[C@@H](C)C(=O)O)[C@H](C)NC(CC[C@H](N)C(NCC(N[C@@H](CCCNC(=N)N)C(=O)O)N[C@H](C(=O)O)C(C)C)N[C@@H](CC(C)C)C(=O)O)N[C@@H](C)C(N[C@@H](Cc1ccccc1)C(=O)O)N1CCC[C@H]1C(=O)O)C(=O)O,CC(C)C[C@H](NC(N[C@@H](C)C(=O)O)[C@H](C)NC(CC[C@H](N)C(NCC(N[C@@H](CCCNC(=N)N)C(=O)O)N[C@H](C(=O)O)C(C)C)N[C@@H](CC(C)C)C(=O)O)N[C@@H](C)C(N[C@@H](Cc1ccccc1)C(=O)O)N1CCC[C@H]1C(=O)O)C(=O)O,SXUAWWUDTNAVJT-FEDKINJLSA-N,BBB-,0,1153.4350000000004,-0.6499300000000223,460.53,20,19,44,1,81,2,experimental_classification,np
BBBP_00199,199,CCC(C)[C@H](NC([C@H](Cc1ccccc1)NC(N[C@@H](Cc1ccc(N[C@@H](CCCNC(=N)N)C(O)NCC(=O)O)cc1)C(N[C@@H](CS)C(=O)O)N[C@@H](CC(N)=O)C(=O)O)[C@@H](N)CS)N1CCC[C@H]1C(=O)O)C(=O)O,CCC(C)[C@H](NC([C@H](Cc1ccccc1)NC(N[C@@H](Cc1ccc(N[C@@H](CCCNC(=N)N)C(O)NCC(=O)O)cc1)C(N[C@@H](CS)C(=O)O)N[C@@H](CC(N)=O)C(=O)O)[C@@H](N)CS)N1CCC[C@H]1C(=O)O)C(=O)O,SAOQNPQYJRFWLL-DVMHCOFGSA-N,BBB-,0,1080.346,-1.8113300000000114,425.19,20,19,38,2,74,3,experimental_classification,np
BBBP_00200,200,CCC(C)[C@H](NC(NCC(N[C@@H](Cc1cnc[nH]1)C(=O)O)N[C@@H](CC(C)C)C(=O)O)[C@H](CCC(NCC(N[C@@H](CC(N)=O)C(=O)O)N[C@@H](Cc1cnc[nH]1)C(=O)O)N[C@@H](C)C(N[C@@H](C)C(=O)O)N[C@@H](Cc1c[nH]c2ccccc12)C(=O)O)NC[C@H](N)C(N[C@H](C(NCC(=O)O)N[C@@H](CCCNC(=N)N)C(=O)O)C(C)N1CCC[C@H]1C(=O)O)N[C@@H](CC(N)N[C@@H](CCCCN)C(O)N[C@@H](CCSC)C(=O)O)C(N[C@@H](Cc1ccccc1)C(=O)O)N[C@H](C(=O)O)C(C)C)C(NCC(=O)O)N[C@H](C(=O)O)C(C)C,CCC(C)[C@H](NC(NCC(N[C@@H](Cc1cnc[nH]1)C(=O)O)N[C@@H](CC(C)C)C(=O)O)[C@H](CCC(NCC(N[C@@H](CC(N)=O)C(=O)O)N[C@@H](Cc1cnc[nH]1)C(=O)O)N[C@@H](C)C(N[C@@H](C)C(=O)O)N[C@@H](Cc1c[nH]c2ccccc12)C(=O)O)NC[C@H](N)C(N[C@H](C(NCC(=O)O)N[C@@H](CCCNC(=N)N)C(=O)O)C(C)N1CCC[C@H]1C(=O)O)N[C@@H](CC(N)N[C@@H](CCCCN)C(O)N[C@@H](CCSC)C(=O)O)C(N[C@@H](Cc1ccccc1)C(=O)O)N[C@H](C(=O)O)C(C)C)C(NCC(=O)O)N[C@H](C(=O)O)C(C)C,FNAZIEXVCAAOBF-JPVWELJDSA-N,BBB-,0,2501.004999999997,-5.929729999999964,1054.5000000000002,46,45,100,5,175,6,experimental_classification,np
BBBP_00201,201,CSCC[C@H](NC(N[C@@H](CO)C(=O)O)[C@H](CCCCN)NC(N[C@@H](CCC(N[C@@H](Cc1c[nH]c2ccccc12)C(=O)O)N[C@H](C(=O)O)C(C)C)C(=O)O)[C@@H](N)Cc1c[nH]c2ccccc12)C(=O)O,CSCC[C@H](NC(N[C@@H](CO)C(=O)O)[C@H](CCCCN)NC(N[C@@H](CCC(N[C@@H](Cc1c[nH]c2ccccc12)C(=O)O)N[C@H](C(=O)O)C(C)C)C(=O)O)[C@@H](N)Cc1c[nH]c2ccccc12)C(=O)O,IVQWBODERFPTNF-JAFXFTNNSA-N,BBB-,0,971.1920000000002,1.2228000000000008,362.53,16,15,35,4,68,4,experimental_classification,np
BBBP_00202,202,CC(C)C[C@H](NC(C[C@H](NC[C@H](N)C(N[C@@H](Cc1ccc(N[C@H](C(=O)O)C(C)O)cc1)C(=O)O)N[C@@H](CC(C)C)C(=O)O)C(N[C@@H](C)C(=O)O)N[C@@H](CCCNC(=N)N)C(=O)O)N[C@@H](CCC(N)=O)C(=O)O)C(=O)O,CC(C)C[C@H](NC(C[C@H](NC[C@H](N)C(N[C@@H](Cc1ccc(N[C@H](C(=O)O)C(C)O)cc1)C(=O)O)N[C@@H](CC(C)C)C(=O)O)C(N[C@@H](C)C(=O)O)N[C@@H](CCCNC(=N)N)C(=O)O)N[C@@H](CCC(N)=O)C(=O)O)C(=O)O,OOEPFDFATKNXBW-HTAHHHLBSA-N,BBB-,0,1072.2289999999996,-2.9734300000000218,508.5799999999999,21,19,42,1,75,1,experimental_classification,np
BBBP_00203,203,CC(C)C[C@H](NC(O)[C@H](Cc1ccccc1)NC(N[C@@H](CCCNC(=N)N)C(=O)O)[C@@H](NC([C@@H](N)CC(C)C)N1CCC[C@H]1C(N[C@@H](CCCNC(=N)N)C(=O)O)N1CCC[C@H]1C(=O)O)C(C)C)C(=O)O,CC(C)C[C@H](NC(O)[C@H](Cc1ccccc1)NC(N[C@@H](CCCNC(=N)N)C(=O)O)[C@@H](NC([C@@H](N)CC(C)C)N1CCC[C@H]1C(N[C@@H](CCCNC(=N)N)C(=O)O)N1CCC[C@H]1C(=O)O)C(C)C)C(=O)O,LIZPVNAPPCANCW-NXQOCYBYSA-N,BBB-,0,1005.3209999999995,0.1860399999999875,385.88000000000005,17,15,35,1,71,3,experimental_classification,np
BBBP_00204,204,CCC(C)[C@H](NC(N[C@@H](C(C)CC)C(N[C@@H](C)C(N[C@@H](CO)C(=O)O)N[C@@H](CCCCN)C(=O)O)N[C@@H](CC(N)N[C@@H](CCCCN)C(=O)O)C(O)N[C@@H](CS)C(=O)O)[C@H](CC(C)C)NC([C@@H](N)Cc1ccccc1)N1CCC[C@H]1C(N[C@@H](C)C(N[C@@H](Cc1ccccc1)C(=O)O)N[C@H](C(=O)O)C(C)C)N[C@@H](CN[C@@H](CO)C(=O)O)C(N[C@@H](CCCCN)C(=O)O)N[C@H](C(=O)O)C(C)CC)C(N[C@@H](C(C)C)C(N[C@@H](CS)C(=O)O)N[C@@H](Cc1ccccc1)C(=O)O)N[C@@H](C)C(N[C@@H](C)C(=O)O)N[C@H](C(=O)O)C(C)CC,CCC(C)[C@H](NC(N[C@@H](C(C)CC)C(N[C@@H](C)C(N[C@@H](CO)C(=O)O)N[C@@H](CCCCN)C(=O)O)N[C@@H](CC(N)N[C@@H](CCCCN)C(=O)O)C(O)N[C@@H](CS)C(=O)O)[C@H](CC(C)C)NC([C@@H](N)Cc1ccccc1)N1CCC[C@H]1C(N[C@@H](C)C(N[C@@H](Cc1ccccc1)C(=O)O)N[C@H](C(=O)O)C(C)C)N[C@@H](CN[C@@H](CO)C(=O)O)C(N[C@@H](CCCCN)C(=O)O)N[C@H](C(=O)O)C(C)CC)C(N[C@@H](C(C)C)C(N[C@@H](CS)C(=O)O)N[C@@H](Cc1ccccc1)C(=O)O)N[C@@H](C)C(N[C@@H](C)C(=O)O)N[C@H](C(=O)O)C(C)CC,LPLOKUUWDOESPQ-NUBKMEIYSA-N,BBB-,0,2595.391999999994,-1.205999999999915,943.59,45,46,106,3,180,4,experimental_classification,np
BBBP_00205,205,CC(C)C[C@H](NC(C[C@H](NC(CN)N1CCC[C@H]1C(N[C@@H](CO)C(=O)O)N[C@@H](CO)C(=O)O)C(N[C@@H](CCCNC(=N)N)C(=O)O)N[C@@H](CC(C)C)C(=O)O)N[C@@H](Cc1ccccc1)C(=O)O)C(=O)O,CC(C)C[C@H](NC(C[C@H](NC(CN)N1CCC[C@H]1C(N[C@@H](CO)C(=O)O)N[C@@H](CO)C(=O)O)C(N[C@@H](CCCNC(=N)N)C(=O)O)N[C@@H](CC(C)C)C(=O)O)N[C@@H](Cc1ccccc1)C(=O)O)C(=O)O,DICVUAPUEFXWAJ-PCSUZSAESA-N,BBB-,0,999.1779999999998,-3.098230000000024,439.62999999999994,19,18,38,1,70,2,experimental_classification,np
BBBP_00206,206,CC(O)[C@H](NC(C[C@H](NC(N[C@@H](C)C(O)N[C@@H](Cc1ccccc1)C(=O)O)[C@@H](N)Cc1ccccc1)C(NCC(=O)O)N[C@H](C(=O)O)C(C)O)N[C@@H](Cc1ccccc1)C(=O)O)C(=O)O,CC(O)[C@H](NC(C[C@H](NC(N[C@@H](C)C(O)N[C@@H](Cc1ccccc1)C(=O)O)[C@@H](N)Cc1ccccc1)C(NCC(=O)O)N[C@H](C(=O)O)C(C)O)N[C@@H](Cc1ccccc1)C(=O)O)C(=O)O,NRCNVDLTCORQAH-WBJGMFLZSA-N,BBB-,0,913.0390000000003,-1.7281000000000057,357.41999999999996,16,16,32,3,65,3,experimental_classification,np
BBBP_00207,207,CCC(C)[C@H](NC(N[C@@H](CCCNC(=N)N)C(N[C@@H](CO)C(=O)O)N[C@@H](CC(=O)O)C(=O)O)[C@H](CCCNC(=N)N)NC(CC[C@H](N)C(N[C@@H](CS)C(N[C@@H](CS)C(N[C@@H](C)C(=O)O)N[C@@H](Cc1cnc[nH]1)C(=O)O)N[C@@H](CCC(N)N[C@H](C(=O)O)C(C)CC)C(N[C@@H](CS)C(=O)O)N[C@@H](CCSC)C(=O)O)N1CCC[C@H]1C(N[C@@H](CCC(N)N[C@@H](CS)C(=O)O)C(O)NCC(=O)O)N[C@@H](CCCCN)C(NCC(=O)O)N[C@@H](Cc1ccccc1)C(=O)O)NCC(N[C@@H](CCCCN)C(N[C@@H](CS)C(=O)O)N[C@@H](CCC(=O)O)C(=O)O)N[C@@H](CC(C)C)C(NCC(=O)O)N1CCC[C@H]1C(=O)O)C(N[C@@H](CS)C(=O)O)N[C@@H](CC(=O)O)C(=O)O,CCC(C)[C@H](NC(N[C@@H](CCCNC(=N)N)C(N[C@@H](CO)C(=O)O)N[C@@H](CC(=O)O)C(=O)O)[C@H](CCCNC(=N)N)NC(CC[C@H](N)C(N[C@@H](CS)C(N[C@@H](CS)C(N[C@@H](C)C(=O)O)N[C@@H](Cc1cnc[nH]1)C(=O)O)N[C@@H](CCC(N)N[C@H](C(=O)O)C(C)CC)C(N[C@@H](CS)C(=O)O)N[C@@H](CCSC)C(=O)O)N1CCC[C@H]1C(N[C@@H](CCC(N)N[C@@H](CS)C(=O)O)C(O)NCC(=O)O)N[C@@H](CCCCN)C(NCC(=O)O)N[C@@H](Cc1ccccc1)C(=O)O)NCC(N[C@@H](CCCCN)C(N[C@@H](CS)C(=O)O)N[C@@H](CCC(=O)O)C(=O)O)N[C@@H](CC(C)C)C(NCC(=O)O)N1CCC[C@H]1C(=O)O)C(N[C@@H](CS)C(=O)O)N[C@@H](CC(=O)O)C(=O)O,FYXJBNPIESXRIE-CICVAHEXSA-N,BBB-,0,3318.14099999999,-11.164760000000083,1400.3299999999995,67,66,138,2,223,4,experimental_classification,np
BBBP_00208,208,CCC(C)[C@H](NC(N[C@@H](CCC(=O)O)C(=O)O)[C@H](Cc1ccc(N[C@@H](CCC(N)=O)C(=O)O)cc1)NC[C@H](NC(N[C@H](C(N[C@@H](C)C(=O)O)N[C@@H](CC(N)N[C@@H](CC(N)=O)C(=O)O)C(=O)O)C(C)N1CCC[C@H]1C(N[C@@H](CO)C(=O)O)N[C@@H](CS)C(=O)O)[C@H](CC(C)C)NC(N)CC[C@H](N)C(N[C@@H](CC(N)NCC(N[C@@H](CC(=O)O)C(=O)O)N1CCC[C@H]1C(=O)O)C(NCC(N[C@@H](Cc1ccccc1)C(=O)O)N[C@@H](CC(C)C)C(=O)O)N[C@@H](Cc1c[nH]c2ccccc12)C(N[C@@H](C)C(=O)O)N[C@@H](CCSC)C(=O)O)N[C@@H](Cc1ccccc1)C(N[C@@H](CCCNC(=N)N)C(N[C@@H](CCCCN)C(=O)O)N[C@H](C(=O)O)C(C)O)N[C@@H](CCCNC(=N)N)C(N[C@@H](CC(C)C)C(=O)O)N[C@H](C(=O)O)C(C)CC)C(N[C@@H](C)C(N[C@@H](C)C(=O)O)N[C@@H](CCCNC(=N)N)C(=O)O)N[C@@H](CC(N[C@@H](CCCCN)C(=O)O)N[C@@H](CC(C)C)C(=O)O)C(NCC(=O)O)N[C@@H](CO)C(=O)O)C(=O)O,CCC(C)[C@H](NC(N[C@@H](CCC(=O)O)C(=O)O)[C@H](Cc1ccc(N[C@@H](CCC(N)=O)C(=O)O)cc1)NC[C@H](NC(N[C@H](C(N[C@@H](C)C(=O)O)N[C@@H](CC(N)N[C@@H](CC(N)=O)C(=O)O)C(=O)O)C(C)N1CCC[C@H]1C(N[C@@H](CO)C(=O)O)N[C@@H](CS)C(=O)O)[C@H](CC(C)C)NC(N)CC[C@H](N)C(N[C@@H](CC(N)NCC(N[C@@H](CC(=O)O)C(=O)O)N1CCC[C@H]1C(=O)O)C(NCC(N[C@@H](Cc1ccccc1)C(=O)O)N[C@@H](CC(C)C)C(=O)O)N[C@@H](Cc1c[nH]c2ccccc12)C(N[C@@H](C)C(=O)O)N[C@@H](CCSC)C(=O)O)N[C@@H](Cc1ccccc1)C(N[C@@H](CCCNC(=N)N)C(N[C@@H](CCCCN)C(=O)O)N[C@H](C(=O)O)C(C)O)N[C@@H](CCCNC(=N)N)C(N[C@@H](CC(C)C)C(=O)O)N[C@H](C(=O)O)C(C)CC)C(N[C@@H](C)C(N[C@@H](C)C(=O)O)N[C@@H](CCCNC(=N)N)C(=O)O)N[C@@H](CC(N[C@@H](CCCCN)C(=O)O)N[C@@H](CC(C)C)C(=O)O)C(NCC(=O)O)N[C@@H](CO)C(=O)O)C(=O)O,BLQBVBQCJONWSB-WJQPXSROSA-N,BBB-,0,4409.300999999983,-11.719590000000299,1913.8399999999988,84,80,181,5,307,7,experimental_classification,np
BBBP_00209,209,CCC(C)[C@H](NC(CNC(N[C@@H](CCC(N[C@@H](CS)C(=O)O)N[C@H](C(=O)O)C(C)CC)C(NCC(=O)O)N[C@@H](CO)C(=O)O)[C@@H](NC(CN)N1CCC[C@H]1C(N[C@@H](CS)C(N[C@@H](CO)C(=O)O)N[C@@H](CS)C(=O)O)N[C@@H](CN[C@H](C(=O)O)C(C)C)C(NCC(=O)O)N[C@H](C(=O)O)C(C)CC)C(C)N[C@@H](CS)C(N[C@@H](C(C)C)C(N[C@@H](CS)C(=O)O)N[C@H](C(=O)O)C(C)O)N[C@@H](Cc1ccc(N[C@@H](CC(=O)O)C(=O)O)cc1)C(N[C@@H](CCCCN)C(=O)O)N[C@H](C(=O)O)C(C)C)N1CCC[C@H]1C(N[C@@H](CC(N)=O)C(=O)O)N[C@@H](CC(C)C)C(=O)O)C(N[C@@H](CS)C(=O)O)N[C@@H](Cc1ccc(O)cc1)C(=O)O,CCC(C)[C@H](NC(CNC(N[C@@H](CCC(N[C@@H](CS)C(=O)O)N[C@H](C(=O)O)C(C)CC)C(NCC(=O)O)N[C@@H](CO)C(=O)O)[C@@H](NC(CN)N1CCC[C@H]1C(N[C@@H](CS)C(N[C@@H](CO)C(=O)O)N[C@@H](CS)C(=O)O)N[C@@H](CN[C@H](C(=O)O)C(C)C)C(NCC(=O)O)N[C@H](C(=O)O)C(C)CC)C(C)N[C@@H](CS)C(N[C@@H](C(C)C)C(N[C@@H](CS)C(=O)O)N[C@H](C(=O)O)C(C)O)N[C@@H](Cc1ccc(N[C@@H](CC(=O)O)C(=O)O)cc1)C(N[C@@H](CCCCN)C(=O)O)N[C@H](C(=O)O)C(C)C)N1CCC[C@H]1C(N[C@@H](CC(N)=O)C(=O)O)N[C@@H](CC(C)C)C(=O)O)C(N[C@@H](CS)C(=O)O)N[C@@H](Cc1ccc(O)cc1)C(=O)O,MMZQVXMOPZUEGD-SFRQISDJSA-N,BBB-,0,3111.85799999999,-7.8407000000000195,1216.04,59,61,123,2,210,4,experimental_classification,np
BBBP_00210,210,CC(C)C[C@H](NC(N)C[C@H](NC([C@H](CC(C)C)NC(CN)N[C@@H](C(C)C)C(N[C@@H](CC(C)C)C(=O)O)N[C@@H](CC(C)C)C(=O)O)N1CCC[C@H]1C(N[C@@H](CC(N)=O)C(=O)O)N[C@@H](CC(N)=O)C(=O)O)C(NCC(=O)O)N[C@@H](CC(C)C)C(=O)O)C(=O)O,CC(C)C[C@H](NC(N)C[C@H](NC([C@H](CC(C)C)NC(CN)N[C@@H](C(C)C)C(N[C@@H](CC(C)C)C(=O)O)N[C@@H](CC(C)C)C(=O)O)N1CCC[C@H]1C(N[C@@H](CC(N)=O)C(=O)O)N[C@@H](CC(N)=O)C(=O)O)C(NCC(=O)O)N[C@@H](CC(C)C)C(=O)O)C(=O)O,YPHUMUBYNLNIFZ-JYCBELQGSA-N,BBB-,0,1248.5769999999998,-1.8422000000000098,522.8599999999999,21,22,50,0,87,1,experimental_classification,np
BBBP_00211,211,CCC(C)[C@H](NC(N[C@@H](CCC(N)=O)C(=O)O)[C@H](CC(C)C)NC(N[C@@H](Cc1ccccc1)C(O)N[C@@H](CCC(N)=O)C(=O)O)[C@H](CN[C@@H](CN[C@@H](CC(C)C)C(=O)O)C(N[C@@H](CO)C(=O)O)N1CCC[C@H]1C(=O)O)NC(N[C@@H](CC(C)C)C(N[C@@H](CCCCN)C(=O)O)N[C@@H](Cc1ccccc1)C(=O)O)[C@H](CC(C)C)NC(CN)NCC(NCC(N[C@@H](CCCCN)C(=O)O)N[C@@H](CC(C)C)C(=O)O)N[C@@H](CC(C)C)C(N[C@H](C(=O)O)C(C)CC)N1CCC[C@H]1C(=O)O)C(=O)O,CCC(C)[C@H](NC(N[C@@H](CCC(N)=O)C(=O)O)[C@H](CC(C)C)NC(N[C@@H](Cc1ccccc1)C(O)N[C@@H](CCC(N)=O)C(=O)O)[C@H](CN[C@@H](CN[C@@H](CC(C)C)C(=O)O)C(N[C@@H](CO)C(=O)O)N1CCC[C@H]1C(=O)O)NC(N[C@@H](CC(C)C)C(N[C@@H](CCCCN)C(=O)O)N[C@@H](Cc1ccccc1)C(=O)O)[C@H](CC(C)C)NC(CN)NCC(NCC(N[C@@H](CCCCN)C(=O)O)N[C@@H](CC(C)C)C(=O)O)N[C@@H](CC(C)C)C(N[C@H](C(=O)O)C(C)CC)N1CCC[C@H]1C(=O)O)C(=O)O,AUADNLSMPXTLMQ-WMSBSQRISA-N,BBB-,0,2377.044999999998,-0.7534999999999052,887.35,38,40,99,2,167,4,experimental_classification,np
BBBP_00212,212,CCC(C)[C@H](NC(CNC(CNc1ccc(C[C@H](NC([C@H](C)N)N2CCC[C@H]2C(N[C@@H](C(C)C)C(N[C@@H](CC(=O)O)C(=O)O)N[C@H](C(=O)O)C(C)C)N[C@@H](Cc2cnc[nH]2)C(N[C@@H](CCCCN)C(=O)O)N[C@@H](CCC(N)=O)C(=O)O)C(NCC(N[C@@H](CS)C(=O)O)N[C@H](C(=O)O)C(C)O)N[C@@H](CC(N)N[C@@H](CCCCN)C(N[C@@H](CC(N)=O)C(=O)O)N[C@H](C(=O)O)C(C)CC)C(N[C@@H](CN[C@@H](C)C(=O)O)C(O)N[C@@H](C)C(=O)O)N[C@@H](Cc2ccc(NCC(=O)O)cc2)C(N[C@@H](CC(N)=O)C(=O)O)N[C@@H](CC(N)=O)C(=O)O)cc1)N[C@@H](CS)C(N[C@@H](C)C(=O)O)N[C@H](C(=O)O)C(C)O)NCC(=O)O)C(=O)O,CCC(C)[C@H](NC(CNC(CNc1ccc(C[C@H](NC([C@H](C)N)N2CCC[C@H]2C(N[C@@H](C(C)C)C(N[C@@H](CC(=O)O)C(=O)O)N[C@H](C(=O)O)C(C)C)N[C@@H](Cc2cnc[nH]2)C(N[C@@H](CCCCN)C(=O)O)N[C@@H](CCC(N)=O)C(=O)O)C(NCC(N[C@@H](CS)C(=O)O)N[C@H](C(=O)O)C(C)O)N[C@@H](CC(N)N[C@@H](CCCCN)C(N[C@@H](CC(N)=O)C(=O)O)N[C@H](C(=O)O)C(C)CC)C(N[C@@H](CN[C@@H](C)C(=O)O)C(O)N[C@@H](C)C(=O)O)N[C@@H](Cc2ccc(NCC(=O)O)cc2)C(N[C@@H](CC(N)=O)C(=O)O)N[C@@H](CC(N)=O)C(=O)O)cc1)N[C@@H](CS)C(N[C@@H](C)C(=O)O)N[C@H](C(=O)O)C(C)O)NCC(=O)O)C(=O)O,NPZLXNZPESZRRC-JWNYMWHXSA-N,BBB-,0,3052.5769999999907,-13.065400000000135,1377.2899999999995,60,61,125,3,211,4,experimental_classification,np
BBBP_00213,213,CCC(C)[C@H](NC(N[C@@H](CCCCN)C(=O)O)[C@@H](N)CC(N[C@@H](CCC(N[C@@H](CC(C)C)C(=O)O)N[C@H](C(=O)O)C(C)C)C(O)N[C@@H](CC(=O)O)C(=O)O)N[C@H](C(=O)O)C(C)C)C(=O)O,CCC(C)[C@H](NC(N[C@@H](CCCCN)C(=O)O)[C@@H](N)CC(N[C@@H](CCC(N[C@@H](CC(C)C)C(=O)O)N[C@H](C(=O)O)C(C)C)C(O)N[C@@H](CC(=O)O)C(=O)O)N[C@H](C(=O)O)C(C)C)C(=O)O,BLRKCNKFOYCGCW-UCGJEIEYSA-N,BBB-,0,938.1310000000003,-0.9964000000000106,417.58,17,17,39,0,65,0,experimental_classification,np
BBBP_00214,214,CSCC[C@H](NC(N[C@@H](Cc1ccccc1)C(=O)O)[C@@H]1CCCN1C(N[C@@H](CN[C@@H](CCCNC(=N)N)C(=O)O)C(O)N[C@@H](Cc1ccccc1)C(=O)O)[C@@H](N)CN1CCC[C@H]1C(N[C@@H](CCC(N)=O)C(=O)O)N[C@@H](CC(=O)O)C(=O)O)C(=O)O,CSCC[C@H](NC(N[C@@H](Cc1ccccc1)C(=O)O)[C@@H]1CCCN1C(N[C@@H](CN[C@@H](CCCNC(=N)N)C(=O)O)C(O)N[C@@H](Cc1ccccc1)C(=O)O)[C@@H](N)CN1CCC[C@H]1C(N[C@@H](CCC(N)=O)C(=O)O)N[C@@H](CC(=O)O)C(=O)O)C(=O)O,FUANFJVPVDEOTK-XSJTVKFZSA-N,BBB-,0,1219.431,-3.0038300000000246,503.0299999999999,20,21,44,2,85,4,experimental_classification,np
BBBP_00215,215,CC(C)C[C@H](NC(N[C@@H](CO)C(=O)O)[C@H](CC(N)N1CCC[C@H]1C(=O)O)NC[C@H](N)C(N[C@@H](CN[C@@H](CCCNC(=N)N)C(=O)O)C(O)N[C@@H](Cc1ccccc1)C(=O)O)N[C@@H](CCCNC(=N)N)C(N[C@@H](CCCNC(=N)N)C(=O)O)N[C@@H](CC(C)C)C(=O)O)C(=O)O,CC(C)C[C@H](NC(N[C@@H](CO)C(=O)O)[C@H](CC(N)N1CCC[C@H]1C(=O)O)NC[C@H](N)C(N[C@@H](CN[C@@H](CCCNC(=N)N)C(=O)O)C(O)N[C@@H](Cc1ccccc1)C(=O)O)N[C@@H](CCCNC(=N)N)C(N[C@@H](CCCNC(=N)N)C(=O)O)N[C@@H](CC(C)C)C(=O)O)C(=O)O,XLWOQAXRYSRSIZ-BRMIEXNYSA-N,BBB-,0,1342.6140000000003,-5.917289999999985,650.8100000000001,29,24,53,1,94,2,experimental_classification,np
BBBP_00216,216,CC(C)C[C@H](NC(N[C@@H](Cc1ccccc1)C(=O)O)[C@H](CN[C@@H](CCC(=O)O)C(=O)O)NC(C[C@H](NC(NCC(NCC(=O)O)NCC(=O)O)[C@H](C)N)C(N[C@@H](C)C(O)N[C@@H](CCCNC(=N)N)C(=O)O)N1CCC[C@H]1C(NCC(=O)O)N[C@H](C(=O)O)C(C)C)N[C@@H](CC(N[C@@H](C)C(=O)O)N[C@@H](CCC(=O)O)C(=O)O)C(NCC(=O)O)NCC(=O)O)C(=O)O,CC(C)C[C@H](NC(N[C@@H](Cc1ccccc1)C(=O)O)[C@H](CN[C@@H](CCC(=O)O)C(=O)O)NC(C[C@H](NC(NCC(NCC(=O)O)NCC(=O)O)[C@H](C)N)C(N[C@@H](C)C(O)N[C@@H](CCCNC(=N)N)C(=O)O)N1CCC[C@H]1C(NCC(=O)O)N[C@H](C(=O)O)C(C)C)N[C@@H](CC(N[C@@H](C)C(=O)O)N[C@@H](CCC(=O)O)C(=O)O)C(NCC(=O)O)NCC(=O)O)C(=O)O,FHHANRKZORSIFB-UUCGTWIOSA-N,BBB-,0,1779.9680000000008,-8.424129999999945,838.1000000000003,36,35,74,1,124,2,experimental_classification,np
BBBP_00217,217,CCC(C)[C@H](NC(N[C@@H](CCCNC(=N)N)C(=O)O)[C@@H](NC(N[C@@H](Cc1ccccc1)C(N[C@@H](CCSC)C(=O)O)N[C@@H](CCC(=O)O)C(=O)O)[C@@H](NC(N[C@@H](C(C)C)C(N[C@@H](C)C(N[C@@H](CO)C(=O)O)N[C@@H](CCCNC(=N)N)C(=O)O)N[C@@H](CC(C)C)C(N[C@H](C(=O)O)C(C)CC)N[C@H](C(=O)O)C(C)CC)[C@H](CCCCN)NC(N[C@@H](CC(N)N[C@@H](CCCCN)C(N[C@@H](CCCCN)C(N[C@@H](CC(=O)O)C(=O)O)N[C@@H](CC(C)C)C(=O)O)N[C@@H](CCC(N[C@@H](Cc1ccccc1)C(=O)O)N[C@@H](CC(C)C)C(=O)O)C(N[C@@H](Cc1ccccc1)C(=O)O)N[C@@H](CC(C)C)C(=O)O)C(N[C@@H](CC(C)C)C(N[C@@H](CC(O)N[C@@H](CCCCN)C(=O)O)C(=O)O)N[C@@H](CCCCN)C(N[C@@H](CCCCN)C(=O)O)N[C@@H](CCCNC(=N)N)C(=O)O)N[C@@H](CCC(N[C@@H](CCC(N)=O)C(=O)O)N[C@@H](CC(C)C)C(=O)O)C(N[C@@H](CCCCN)C(=O)O)N[C@H](C(=O)O)C(C)CC)[C@@H](N)CCSC)C(C)N[C@@H](CCC(N)N[C@@H](CCCCN)C(=O)O)C(NCC(=O)O)NCC(=O)O)C(C)C)C(=O)O,CCC(C)[C@H](NC(N[C@@H](CCCNC(=N)N)C(=O)O)[C@@H](NC(N[C@@H](Cc1ccccc1)C(N[C@@H](CCSC)C(=O)O)N[C@@H](CCC(=O)O)C(=O)O)[C@@H](NC(N[C@@H](C(C)C)C(N[C@@H](C)C(N[C@@H](CO)C(=O)O)N[C@@H](CCCNC(=N)N)C(=O)O)N[C@@H](CC(C)C)C(N[C@H](C(=O)O)C(C)CC)N[C@H](C(=O)O)C(C)CC)[C@H](CCCCN)NC(N[C@@H](CC(N)N[C@@H](CCCCN)C(N[C@@H](CCCCN)C(N[C@@H](CC(=O)O)C(=O)O)N[C@@H](CC(C)C)C(=O)O)N[C@@H](CCC(N[C@@H](Cc1ccccc1)C(=O)O)N[C@@H](CC(C)C)C(=O)O)C(N[C@@H](Cc1ccccc1)C(=O)O)N[C@@H](CC(C)C)C(=O)O)C(N[C@@H](CC(C)C)C(N[C@@H](CC(O)N[C@@H](CCCCN)C(=O)O)C(=O)O)N[C@@H](CCCCN)C(N[C@@H](CCCCN)C(=O)O)N[C@@H](CCCNC(=N)N)C(=O)O)N[C@@H](CCC(N[C@@H](CCC(N)=O)C(=O)O)N[C@@H](CC(C)C)C(=O)O)C(N[C@@H](CCCCN)C(=O)O)N[C@H](C(=O)O)C(C)CC)[C@@H](N)CCSC)C(C)N[C@@H](CCC(N)N[C@@H](CCCCN)C(=O)O)C(NCC(=O)O)NCC(=O)O)C(C)C)C(=O)O,MSBFJWPJQJRYPZ-FDDZGXEMSA-N,BBB-,0,4949.367999999983,-4.2670900000002465,2043.7699999999986,90,86,222,3,344,3,experimental_classification,np
BBBP_00218,218,CCC(C)[C@H](NC(N[C@@H](CCCNC(=N)N)C(=O)O)[C@H](CCCCN)NC([C@@H](N)CNCC(N[C@@H](Cc1ccccc1)C(=O)O)N[C@H](C(=O)O)C(C)O)N1CCC[C@H]1C(O)N[C@@H](Cc1ccccc1)C(=O)O)C(=O)O,CCC(C)[C@H](NC(N[C@@H](CCCNC(=N)N)C(=O)O)[C@H](CCCCN)NC([C@@H](N)CNCC(N[C@@H](Cc1ccccc1)C(=O)O)N[C@H](C(=O)O)C(C)O)N1CCC[C@H]1C(O)N[C@@H](Cc1ccccc1)C(=O)O)C(=O)O,LEOJGYQGMBKAOB-NGEBERRASA-N,BBB-,0,1060.3090000000004,-1.8588300000000242,428.35,19,18,40,2,75,3,experimental_classification,np
BBBP_00219,219,CCC(C)[C@H](NC(CN)N[C@@H](C)C(N[C@@H](CC(N)=O)C(=O)O)N[C@@H](CC(C)C)C(=O)O)C(N[C@@H](Cc1ccccc1)C(N[C@@H](C)C(=O)O)N[C@@H](CCCCN)C(=O)O)N[C@@H](CCC(N[C@@H](Cc1ccc(O)cc1)C(=O)O)N[C@H](C(=O)O)C(C)CC)C(N[C@@H](CO)C(=O)O)N[C@@H](CCCCN)C(=O)O,CCC(C)[C@H](NC(CN)N[C@@H](C)C(N[C@@H](CC(N)=O)C(=O)O)N[C@@H](CC(C)C)C(=O)O)C(N[C@@H](Cc1ccccc1)C(N[C@@H](C)C(=O)O)N[C@@H](CCCCN)C(=O)O)N[C@@H](CCC(N[C@@H](Cc1ccc(O)cc1)C(=O)O)N[C@H](C(=O)O)C(C)CC)C(N[C@@H](CO)C(=O)O)N[C@@H](CCCCN)C(=O)O,RQVHRAULMQDWGZ-YBQSUZJTSA-N,BBB-,0,1465.8010000000006,-1.6480999999999932,604.3699999999999,26,26,61,2,103,2,experimental_classification,np
BBBP_00220,220,CC(C)C[C@H](NC(N)CC[C@H](N)C(N[C@@H](C(C)N[C@@H](CC(N)=O)C(=O)O)C(NCC(=O)O)N[C@@H](Cc1c[nH]c2ccccc12)C(=O)O)N[C@@H](Cc1ccccc1)C(O)N[C@H](C(=O)O)C(C)O)C(N[C@H](C(=O)O)C(C)O)N1CCC[C@H]1C(=O)O,CC(C)C[C@H](NC(N)CC[C@H](N)C(N[C@@H](C(C)N[C@@H](CC(N)=O)C(=O)O)C(NCC(=O)O)N[C@@H](Cc1c[nH]c2ccccc12)C(=O)O)N[C@@H](Cc1ccccc1)C(O)N[C@H](C(=O)O)C(C)O)C(N[C@H](C(=O)O)C(C)O)N1CCC[C@H]1C(=O)O,YFJNEWFKNXSNSN-YQYAIIFMSA-N,BBB-,0,1174.3650000000007,-3.0173000000000245,494.89,21,21,41,3,83,4,experimental_classification,np
BBBP_00221,221,CC(C)C[C@H](NC(N)CC[C@H](N)C(N[C@@H](C(C)NCC(=O)O)C(NCC(=O)O)N[C@@H](Cc1c[nH]c2ccccc12)C(=O)O)N[C@@H](Cc1ccccc1)C(O)N[C@@H](CC(N)=O)C(=O)O)C(N[C@@H](CO)C(=O)O)N[C@@H](CO)C(=O)O,CC(C)C[C@H](NC(N)CC[C@H](N)C(N[C@@H](C(C)NCC(=O)O)C(NCC(=O)O)N[C@@H](Cc1c[nH]c2ccccc12)C(=O)O)N[C@@H](Cc1ccccc1)C(O)N[C@@H](CC(N)=O)C(=O)O)C(N[C@@H](CO)C(=O)O)N[C@@H](CO)C(=O)O,BXONZFQJSOJYGO-LUGPBOCBSA-N,BBB-,0,1106.2460000000005,-4.669100000000023,503.6799999999999,22,21,42,3,78,3,experimental_classification,np
BBBP_00222,222,CC(C)C[C@H](NC(N[C@@H](CCCCN)C(=O)O)[C@H](CC(C)C)NC(NCC(N[C@@H](CO)C(=O)O)N[C@@H](CS)C(=O)O)[C@H](C)NC(NCC(N[C@@H](C)C(N[C@@H](CCC(N[C@@H](CO)C(=O)O)N[C@@H](CS)C(=O)O)C(=O)O)N[C@@H](CC(C)C)C(N[C@@H](CO)C(=O)O)N[C@@H](CCCCN)C(=O)O)N[C@@H](CCCCN)C(N[C@@H](C)C(=O)O)N[C@H](C(=O)O)C(C)C)[C@@H](N)CCCCN)C(=O)O,CC(C)C[C@H](NC(N[C@@H](CCCCN)C(=O)O)[C@H](CC(C)C)NC(NCC(N[C@@H](CO)C(=O)O)N[C@@H](CS)C(=O)O)[C@H](C)NC(NCC(N[C@@H](C)C(N[C@@H](CCC(N[C@@H](CO)C(=O)O)N[C@@H](CS)C(=O)O)C(=O)O)N[C@@H](CC(C)C)C(N[C@@H](CO)C(=O)O)N[C@@H](CCCCN)C(=O)O)N[C@@H](CCCCN)C(N[C@@H](C)C(=O)O)N[C@H](C(=O)O)C(C)C)[C@@H](N)CCCCN)C(=O)O,IRUKCDWIZSRWMB-FRMSKVPFSA-N,BBB-,0,1911.4540000000013,-6.323699999999924,817.63,39,39,86,0,130,0,experimental_classification,np
BBBP_00223,223,CCC(C)[C@H](NC(C[C@H](NC(N[C@@H](C(C)C)C(O)N[C@@H](CC(=O)O)C(=O)O)[C@H](CC(C)C)NC(N[C@@H](C)C(N[C@@H](CCC(=O)O)C(=O)O)N[C@@H](Cc1ccccc1)C(=O)O)[C@@H](N)CCSC)C(NCC(=O)O)N[C@@H](CCSC)C(=O)O)N[C@@H](CCCCN)C(=O)O)C(=O)O,CCC(C)[C@H](NC(C[C@H](NC(N[C@@H](C(C)C)C(O)N[C@@H](CC(=O)O)C(=O)O)[C@H](CC(C)C)NC(N[C@@H](C)C(N[C@@H](CCC(=O)O)C(=O)O)N[C@@H](Cc1ccccc1)C(=O)O)[C@@H](N)CCSC)C(NCC(=O)O)N[C@@H](CCSC)C(=O)O)N[C@@H](CCCCN)C(=O)O)C(=O)O,KKYKVBTYVKYVGJ-DZIDSDLISA-N,BBB-,0,1380.7380000000005,-0.5980000000000265,540.3,23,25,58,1,94,1,experimental_classification,np
BBBP_00224,224,CCC(C)[C@H](NC(N[C@@H](Cc1ccc(N[C@@H](CCC(N)NCC(=O)O)C(=O)O)cc1)C(N[C@@H](CO)C(=O)O)N[C@@H](CS)C(=O)O)[C@@H](N)CS)C(N[C@H](C(=O)O)C(C)CC)N1CCC[C@H]1C(=O)O,CCC(C)[C@H](NC(N[C@@H](Cc1ccc(N[C@@H](CCC(N)NCC(=O)O)C(=O)O)cc1)C(N[C@@H](CO)C(=O)O)N[C@@H](CS)C(=O)O)[C@@H](N)CS)C(N[C@H](C(=O)O)C(C)CC)N1CCC[C@H]1C(=O)O,HKGZTKCAEFRFPY-VBPYXBOGSA-N,BBB-,0,991.2449999999999,-1.3231000000000055,383.52,18,19,36,1,67,2,experimental_classification,np
BBBP_00225,225,CC(C)C[C@H](NC([C@H](CC(C)C)NC(N[C@@H](CN1CCC[C@H]1C(=O)O)C(NCC(=O)O)N[C@H](C(=O)O)C(C)C)[C@@H](NC(CN)N1CCC[C@H]1C(NCC(N[C@@H](CNCC(=O)O)C(N[C@@H](C)C(=O)O)N1CCC[C@H]1C(=O)O)N1CCC[C@H]1C(=O)O)N[C@@H](CC(C)C)C(NCC(=O)O)N[C@@H](CO)C(=O)O)C(C)C)N1CCC[C@H]1C(=O)O)C(=O)O,CC(C)C[C@H](NC([C@H](CC(C)C)NC(N[C@@H](CN1CCC[C@H]1C(=O)O)C(NCC(=O)O)N[C@H](C(=O)O)C(C)C)[C@@H](NC(CN)N1CCC[C@H]1C(NCC(N[C@@H](CNCC(=O)O)C(N[C@@H](C)C(=O)O)N1CCC[C@H]1C(=O)O)N1CCC[C@H]1C(=O)O)N[C@@H](CC(C)C)C(NCC(=O)O)N[C@@H](CO)C(=O)O)C(C)C)N1CCC[C@H]1C(=O)O)C(=O)O,AVQCJXPDLBKECD-DXOJOEIRSA-N,BBB-,0,1675.0470000000003,-3.748799999999962,629.1400000000002,26,31,61,0,117,5,experimental_classification,np
BBBP_00226,226,CC(C)[C@H](NC(O)[C@@H]1CCCN1C(CC[C@H](N)C(N[C@@H](Cc1c[nH]c2ccccc12)C(=O)O)N1CCC[C@H]1C(=O)O)N1CCC[C@H]1C(N[C@H](C(=O)O)C(C)C)N1CCC[C@H]1C(=O)O)C(=O)O,CC(C)[C@H](NC(O)[C@@H]1CCCN1C(CC[C@H](N)C(N[C@@H](Cc1c[nH]c2ccccc12)C(=O)O)N1CCC[C@H]1C(=O)O)N1CCC[C@H]1C(N[C@H](C(=O)O)C(C)C)N1CCC[C@H]1C(=O)O)C(=O)O,PWJQIMLDTWBGHF-IMOGAXMISA-N,BBB-,0,928.1419999999998,1.581800000000009,297.59,11,14,25,2,66,6,experimental_classification,np
BBBP_00227,227,CCC(C)[C@H](NC(N[C@@H](CCCCN)C(N[C@@H](C)C(=O)O)N[C@@H](CCCCN)C(=O)O)[C@H](Cc1c[nH]c2ccccc12)NC(CN)N[C@@H](CC(C)C)C(N[C@@H](CN[C@@H](CC(NCC(=O)O)N[C@@H](C)C(=O)O)C(N[C@@H](C)C(=O)O)N[C@@H](CCCCN)C(=O)O)C(NCC(NCC(=O)O)N[C@@H](C)C(=O)O)N[C@@H](C)C(N[C@@H](C)C(=O)O)N[C@@H](CC(C)C)C(=O)O)N[C@@H](CCCCN)C(N[C@@H](C)C(N[C@@H](C)C(=O)O)N[C@@H](CC(=O)O)C(=O)O)N[C@@H](CCCCN)C(N[C@H](C(=O)O)C(C)C)N[C@H](C(=O)O)C(C)O)C(N[C@@H](C(C)C)C(O)N[C@H](C(=O)O)C(C)C)N[C@@H](CC(C)C)C(=O)O,CCC(C)[C@H](NC(N[C@@H](CCCCN)C(N[C@@H](C)C(=O)O)N[C@@H](CCCCN)C(=O)O)[C@H](Cc1c[nH]c2ccccc12)NC(CN)N[C@@H](CC(C)C)C(N[C@@H](CN[C@@H](CC(NCC(=O)O)N[C@@H](C)C(=O)O)C(N[C@@H](C)C(=O)O)N[C@@H](CCCCN)C(=O)O)C(NCC(NCC(=O)O)N[C@@H](C)C(=O)O)N[C@@H](C)C(N[C@@H](C)C(=O)O)N[C@@H](CC(C)C)C(=O)O)N[C@@H](CCCCN)C(N[C@@H](C)C(N[C@@H](C)C(=O)O)N[C@@H](CC(=O)O)C(=O)O)N[C@@H](CCCCN)C(N[C@H](C(=O)O)C(C)C)N[C@H](C(=O)O)C(C)O)C(N[C@@H](C(C)C)C(O)N[C@H](C(=O)O)C(C)C)N[C@@H](CC(C)C)C(=O)O,YJXZROQJYSUIHV-SMQPLWPASA-N,BBB-,0,2838.5659999999916,-5.493600000000046,1183.31,54,53,124,2,198,2,experimental_classification,np
BBBP_00228,228,CC(C)C[C@H](NC[C@H](NC(N)C[C@H](N)C(N[C@@H](C(C)C)C(N[C@@H](CCCCN)C(=O)O)N[C@@H](CCC(N)=O)C(=O)O)N[C@@H](C(C)C)C(N[C@@H](CCCNC(=N)N)C(=O)O)N[C@@H](Cc1ccccc1)C(=O)O)C(NCC(NCC(=O)O)N[C@@H](Cc1c[nH]c2ccccc12)C(=O)O)N[C@@H](CCCCN)C(=O)O)C(N[C@@H](CO)C(=O)O)N[C@@H](Cc1cnc[nH]1)C(=O)O,CC(C)C[C@H](NC[C@H](NC(N)C[C@H](N)C(N[C@@H](C(C)C)C(N[C@@H](CCCCN)C(=O)O)N[C@@H](CCC(N)=O)C(=O)O)N[C@@H](C(C)C)C(N[C@@H](CCCNC(=N)N)C(=O)O)N[C@@H](Cc1ccccc1)C(=O)O)C(NCC(NCC(=O)O)N[C@@H](Cc1c[nH]c2ccccc12)C(=O)O)N[C@@H](CCCCN)C(=O)O)C(N[C@@H](CO)C(=O)O)N[C@@H](Cc1cnc[nH]1)C(=O)O,CPIPELPLWYFNQV-RYMGUZHXSA-N,BBB-,0,1757.1200000000017,-4.546129999999951,777.89,34,31,72,4,124,4,experimental_classification,np
BBBP_00229,229,CCC(C)[C@H](NC(N[C@@H](CC(C)C)C(N[C@@H](CCCNC(=N)N)C(=O)O)N1CCC[C@H]1C(=O)O)[C@@H](N)CCC(N)NCC(N[C@@H](CO)C(=O)O)N[C@@H](Cc1ccccc1)C(=O)O)C(O)N[C@H](C(=O)O)C(C)C,CCC(C)[C@H](NC(N[C@@H](CC(C)C)C(N[C@@H](CCCNC(=N)N)C(=O)O)N1CCC[C@H]1C(=O)O)[C@@H](N)CCC(N)NCC(N[C@@H](CO)C(=O)O)N[C@@H](Cc1ccccc1)C(=O)O)C(O)N[C@H](C(=O)O)C(C)C,WPZFLJDVTJCLRS-DQZFOISDSA-N,BBB-,0,1026.292,-1.8519300000000212,428.35,19,18,39,1,72,2,experimental_classification,np
BBBP_00230,230,CSCC[C@H](NC[C@H](NC(N[C@@H](C)C(NCC(=O)O)N[C@@H](Cc1ccccc1)C(=O)O)[C@@H](N)CN1CCC[C@H]1C(NCC(=O)O)N[C@@H](Cc1ccccc1)C(=O)O)C(O)N[C@@H](CCCNC(=N)N)C(=O)O)C(=O)O,CSCC[C@H](NC[C@H](NC(N[C@@H](C)C(NCC(=O)O)N[C@@H](Cc1ccccc1)C(=O)O)[C@@H](N)CN1CCC[C@H]1C(NCC(=O)O)N[C@@H](Cc1ccccc1)C(=O)O)C(O)N[C@@H](CCCNC(=N)N)C(=O)O)C(=O)O,UQZUUTITQRCWDM-GOGXSJHDSA-N,BBB-,0,1064.278,-2.9675300000000213,431.43,19,19,40,2,74,3,experimental_classification,np
BBBP_00231,231,CCC(C)[C@H](NC(CC[C@H](NC(N[C@@H](CO)C(=O)O)[C@H](C)NC([C@@H]1CCCN1)N1CCC[C@H]1C(NCC(=O)O)N[C@@H](Cc1ccccc1)C(=O)O)C(N[C@@H](CC(=O)O)C(=O)O)N1CCC[C@H]1C(=O)O)N[C@@H](CCCNC(=N)N)C(=O)O)C(=O)O,CCC(C)[C@H](NC(CC[C@H](NC(N[C@@H](CO)C(=O)O)[C@H](C)NC([C@@H]1CCCN1)N1CCC[C@H]1C(NCC(=O)O)N[C@@H](Cc1ccccc1)C(=O)O)C(N[C@@H](CC(=O)O)C(=O)O)N1CCC[C@H]1C(=O)O)N[C@@H](CCCNC(=N)N)C(=O)O)C(=O)O,CHSYPRUZMZALNV-UIFCXRKKSA-N,BBB-,0,1195.3840000000007,-2.993930000000029,495.28,21,21,43,1,84,4,experimental_classification,np
BBBP_00232,232,CC(C)C[C@H](NC(N)CC[C@H](NC(N)C[C@H](N)C(NCC(=O)O)N[C@@H](CCC(NCC(=O)O)N[C@@H](CCCNC(=N)N)C(=O)O)C(=O)O)C(NCC(=O)O)N[C@@H](Cc1ccccc1)C(=O)O)C(=O)O,CC(C)C[C@H](NC(N)CC[C@H](NC(N)C[C@H](N)C(NCC(=O)O)N[C@@H](CCC(NCC(=O)O)N[C@@H](CCCNC(=N)N)C(=O)O)C(=O)O)C(NCC(=O)O)N[C@@H](Cc1ccccc1)C(=O)O)C(=O)O,CJDBBOBTIZRQFX-YAUPQNPFSA-N,BBB-,0,987.127,-4.483830000000025,497.29999999999995,21,19,41,1,69,1,experimental_classification,np
BBBP_00233,233,CC(C)C[C@H](NC(CNC(C[C@H](N)C(N[C@@H](C(C)N[C@@H](CCCNC(=N)N)C(=O)O)C(O)N[C@@H](Cc1ccccc1)C(=O)O)N1CCC[C@H]1C(=O)O)N[C@@H](CCCNC(=N)N)C(N[C@@H](CCCNC(=N)N)C(=O)O)N[C@@H](CC(C)C)C(=O)O)N[C@@H](C)C(=O)O)C(=O)O,CC(C)C[C@H](NC(CNC(C[C@H](N)C(N[C@@H](C(C)N[C@@H](CCCNC(=N)N)C(=O)O)C(O)N[C@@H](Cc1ccccc1)C(=O)O)N1CCC[C@H]1C(=O)O)N[C@@H](CCCNC(=N)N)C(N[C@@H](CCCNC(=N)N)C(=O)O)N[C@@H](CC(C)C)C(=O)O)N[C@@H](C)C(=O)O)C(=O)O,LTPOTMYKIJQQIT-BFMAPCLNSA-N,BBB-,0,1311.5999999999995,-3.828489999999995,604.56,27,22,51,1,92,2,experimental_classification,np
BBBP_00234,234,CCC(C)[C@H](NC(N[C@@H](CC(C)C)C(=O)O)[C@H](CNCC(N[C@@H](CCCNC(=N)N)C(=O)O)N[C@H](C(=O)O)C(C)O)NC(CN)N[C@@H](CN[C@@H](CO)C(=O)O)C(N[C@@H](Cc1ccccc1)C(=O)O)N1CCC[C@H]1C(=O)O)C(=O)O,CCC(C)[C@H](NC(N[C@@H](CC(C)C)C(=O)O)[C@H](CNCC(N[C@@H](CCCNC(=N)N)C(=O)O)N[C@H](C(=O)O)C(C)O)NC(CN)N[C@@H](CN[C@@H](CO)C(=O)O)C(N[C@@H](Cc1ccccc1)C(=O)O)N1CCC[C@H]1C(=O)O)C(=O)O,GTDRWIJBNCPFQK-ADGIYECXSA-N,BBB-,0,1129.325,-4.467430000000019,500.98999999999995,22,21,44,1,79,2,experimental_classification,np
BBBP_00235,235,CCC(C)[C@H](NC(NCC(=O)O)[C@@H]1CCCN1C([C@@H](N)C(C)C)N1CCC[C@H]1C(N[C@@H](Cc1ccccc1)C(=O)O)N[C@@H](Cc1c[nH]c2ccccc12)C(=O)O)C(=O)O,CCC(C)[C@H](NC(NCC(=O)O)[C@@H]1CCCN1C([C@@H](N)C(C)C)N1CCC[C@H]1C(N[C@@H](Cc1ccccc1)C(=O)O)N[C@@H](Cc1c[nH]c2ccccc12)C(=O)O)C(=O)O,UPNJISVALOQYAF-KSHKWZNMSA-N,BBB-,0,821.0330000000002,2.69220000000001,245.60999999999993,10,11,24,3,59,5,experimental_classification,np
BBBP_00236,236,CCC(C)[C@H](NC(N[C@@H](C)C(=O)O)[C@H](CN[C@@H](CC(C)C)C(=O)O)NC(CN)NCC(NCC(O)N[C@@H](CC(C)C)C(=O)O)N[C@@H](CN[C@@H](Cc1ccccc1)C(=O)O)C(N[C@@H](CCCNC(=N)N)C(=O)O)N1CCC[C@H]1C(=O)O)C(=O)O,CCC(C)[C@H](NC(N[C@@H](C)C(=O)O)[C@H](CN[C@@H](CC(C)C)C(=O)O)NC(CN)NCC(NCC(O)N[C@@H](CC(C)C)C(=O)O)N[C@@H](CN[C@@H](Cc1ccccc1)C(=O)O)C(N[C@@H](CCCNC(=N)N)C(=O)O)N1CCC[C@H]1C(=O)O)C(=O)O,WXGNXMDDCIIXQX-WNVQFNTESA-N,BBB-,0,1184.449,-2.866530000000025,492.78999999999996,22,21,47,1,83,2,experimental_classification,np
BBBP_00237,237,CC(C)C[C@H](NC(NCC(=O)O)[C@H](CCC(N[C@@H](CCC(N)N[C@@H](CCCNC(=N)N)C(=O)O)C(NCC(=O)O)N[C@@H](CC(C)C)C(=O)O)N1CCC[C@H]1C(N[C@@H](CCCNC(=N)N)C(=O)O)N1CCC[C@H]1C(=O)O)NC(N[C@@H](CC(C)C)C(N[C@@H](Cc1c[nH]c2ccccc12)C(=O)O)N[C@H](C(=O)O)C(C)C)[C@H](C)N)C(=O)O,CC(C)C[C@H](NC(NCC(=O)O)[C@H](CCC(N[C@@H](CCC(N)N[C@@H](CCCNC(=N)N)C(=O)O)C(NCC(=O)O)N[C@@H](CC(C)C)C(=O)O)N1CCC[C@H]1C(N[C@@H](CCCNC(=N)N)C(=O)O)N1CCC[C@H]1C(=O)O)NC(N[C@@H](CC(C)C)C(N[C@@H](Cc1c[nH]c2ccccc12)C(=O)O)N[C@H](C(=O)O)C(C)C)[C@H](C)N)C(=O)O,YSTYONLTOKIVCU-RLMQESNPSA-N,BBB-,0,1605.9949999999997,-1.3265599999999766,666.14,29,26,61,2,113,4,experimental_classification,np
BBBP_00238,238,CCC(C)[C@H](NC(N[C@@H](Cc1ccccc1)C(=O)O)[C@H](CC(C)C)NC(N[C@@H](CC(N[C@@H](C)C(=O)O)N[C@@H](CCCCN)C(=O)O)C(N[C@@H](CC(=O)O)C(=O)O)N[C@H](C(=O)O)C(C)C)[C@H](Cc1ccccc1)NC(CN)N[C@@H](C)C(NCC(N[C@@H](CCCNC(=N)N)C(=O)O)N[C@H](C(=O)O)C(C)C)N[C@@H](Cc1ccccc1)C(N[C@@H](CO)C(=O)O)N[C@@H](CCCCN)C(=O)O)C(=O)O,CCC(C)[C@H](NC(N[C@@H](Cc1ccccc1)C(=O)O)[C@H](CC(C)C)NC(N[C@@H](CC(N[C@@H](C)C(=O)O)N[C@@H](CCCCN)C(=O)O)C(N[C@@H](CC(=O)O)C(=O)O)N[C@H](C(=O)O)C(C)C)[C@H](Cc1ccccc1)NC(CN)N[C@@H](C)C(NCC(N[C@@H](CCCNC(=N)N)C(=O)O)N[C@H](C(=O)O)C(C)C)N[C@@H](Cc1ccccc1)C(N[C@@H](CO)C(=O)O)N[C@@H](CCCCN)C(=O)O)C(=O)O,TXVNRLAZWHHKMV-DUXJONHSSA-N,BBB-,0,1886.3150000000016,-2.087029999999964,762.97,34,32,78,3,133,3,experimental_classification,np
BBBP_00239,239,CCC(C)[C@H](NC(N[C@@H](Cc1ccccc1)C(N[C@@H](C(C)N[C@@H](CCCNC(=N)N)C(=O)O)C(N[C@@H](CCCNC(=N)N)C(=O)O)N1CCC[C@H]1C(=O)O)N[C@@H](Cc1ccc(N[C@H](C(=O)O)C(C)C)cc1)C(N[C@@H](CCSC)C(=O)O)N[C@H](C(=O)O)C(C)CC)[C@@H](N)CCC(N)N[C@@H](CCCNC(=N)N)C(N[C@@H](Cc1cnc[nH]1)C(N1CCC[C@H]1C(=O)O)N1CCC[C@H]1C(=O)O)N1CCC[C@H]1C(N[C@@H](CCC(N)=O)C(=O)O)N1CCC[C@H]1C(=O)O)C(N[C@@H](CCCNC(=N)N)C(N[C@@H](C)C(=O)O)N[C@@H](CCCNC(=N)N)C(=O)O)N1CCC[C@H]1C(=O)O,CCC(C)[C@H](NC(N[C@@H](Cc1ccccc1)C(N[C@@H](C(C)N[C@@H](CCCNC(=N)N)C(=O)O)C(N[C@@H](CCCNC(=N)N)C(=O)O)N1CCC[C@H]1C(=O)O)N[C@@H](Cc1ccc(N[C@H](C(=O)O)C(C)C)cc1)C(N[C@@H](CCSC)C(=O)O)N[C@H](C(=O)O)C(C)CC)[C@@H](N)CCC(N)N[C@@H](CCCNC(=N)N)C(N[C@@H](Cc1cnc[nH]1)C(N1CCC[C@H]1C(=O)O)N1CCC[C@H]1C(=O)O)N1CCC[C@H]1C(N[C@@H](CCC(N)=O)C(=O)O)N1CCC[C@H]1C(=O)O)C(N[C@@H](CCCNC(=N)N)C(N[C@@H](C)C(=O)O)N[C@@H](CCCNC(=N)N)C(=O)O)N1CCC[C@H]1C(=O)O,NVFNELLXZZTHEV-OVSOLIRMSA-N,BBB-,0,2734.415999999997,-3.6621499999999774,1118.1000000000001,47,44,99,3,192,9,experimental_classification,np
BBBP_00240,240,CC(C)C[C@H](Nc1ccc(C[C@H](NC(CNC([C@H](C)N)N2CCC[C@H]2C(NCC(=O)O)N[C@@H](Cc2ccccc2)C(=O)O)N[C@@H](C)C(=O)O)C(=O)O)cc1)C(=O)O,CC(C)C[C@H](Nc1ccc(C[C@H](NC(CNC([C@H](C)N)N2CCC[C@H]2C(NCC(=O)O)N[C@@H](Cc2ccccc2)C(=O)O)N[C@@H](C)C(=O)O)C(=O)O)cc1)C(=O)O,SNSOTPHDOXEDQY-FCDVNXBSSA-N,BBB-,0,800.9550000000006,0.5850000000000091,287.94,12,13,27,2,57,3,experimental_classification,np
BBBP_00241,241,CC(C)C[C@H](NC(C)[C@H](NC(C[C@H](N)C(N[C@@H](C)C(=O)O)N1CCC[C@H]1C(=O)O)N[C@@H](CCCNC(=N)N)C(N[C@@H](CCCNC(=N)N)C(=O)O)N[C@@H](CC(C)C)C(=O)O)C(N[C@@H](CCCNC(=N)N)C(=O)O)N[C@@H](Cc1ccccc1)C(=O)O)C(=O)O,CC(C)C[C@H](NC(C)[C@H](NC(C[C@H](N)C(N[C@@H](C)C(=O)O)N1CCC[C@H]1C(=O)O)N[C@@H](CCCNC(=N)N)C(N[C@@H](CCCNC(=N)N)C(=O)O)N[C@@H](CC(C)C)C(=O)O)C(N[C@@H](CCCNC(=N)N)C(=O)O)N[C@@H](Cc1ccccc1)C(=O)O)C(=O)O,PNKHPJHPONTARR-POZIAVHCSA-N,BBB-,0,1252.5319999999997,-2.736489999999997,572.3000000000001,25,20,48,1,88,2,experimental_classification,np
BBBP_00242,242,CSCC[C@H](NC(N[C@@H](CCC(N)=O)C(=O)O)[C@H](Cc1ccccc1)NC[C@H](NC(N[C@@H](CC(N)N[C@@H](CCC(N[C@@H](CCCCN)C(=O)O)N[C@@H](CC(C)C)C(=O)O)C(N[C@@H](CCCCN)C(=O)O)N[C@H](C(=O)O)C(C)O)C(N[C@@H](C(C)C)C(NCC(=O)O)N[C@@H](Cc1ccccc1)C(=O)O)N[C@@H](Cc1cnc[nH]1)C(NCC(=O)O)N[C@H](C(=O)O)C(C)C)[C@@H](N)CCSC)C(N[C@@H](Cc1cnc[nH]1)C(N[C@@H](Cc1ccccc1)C(=O)O)N[C@@H](Cc1ccc(O)cc1)C(=O)O)N[C@@H](CC(N)N[C@@H](CCCNC(=N)N)C(=O)O)C(N[C@@H](CC(N)=O)C(=O)O)N[C@@H](CC(N)=O)C(=O)O)C(N[C@@H](CCCNC(=N)N)C(=O)O)N[C@@H](CCC(N)=O)C(=O)O,CSCC[C@H](NC(N[C@@H](CCC(N)=O)C(=O)O)[C@H](Cc1ccccc1)NC[C@H](NC(N[C@@H](CC(N)N[C@@H](CCC(N[C@@H](CCCCN)C(=O)O)N[C@@H](CC(C)C)C(=O)O)C(N[C@@H](CCCCN)C(=O)O)N[C@H](C(=O)O)C(C)O)C(N[C@@H](C(C)C)C(NCC(=O)O)N[C@@H](Cc1ccccc1)C(=O)O)N[C@@H](Cc1cnc[nH]1)C(NCC(=O)O)N[C@H](C(=O)O)C(C)C)[C@@H](N)CCSC)C(N[C@@H](Cc1cnc[nH]1)C(N[C@@H](Cc1ccccc1)C(=O)O)N[C@@H](Cc1ccc(O)cc1)C(=O)O)N[C@@H](CC(N)N[C@@H](CCCNC(=N)N)C(=O)O)C(N[C@@H](CC(N)=O)C(=O)O)N[C@@H](CC(N)=O)C(=O)O)C(N[C@@H](CCCNC(=N)N)C(=O)O)N[C@@H](CCC(N)=O)C(=O)O,BIAFNTSOZFYEGL-FSUPOAPVSA-N,BBB-,0,3209.8479999999904,-9.478360000000082,1421.6299999999992,60,58,133,6,224,6,experimental_classification,np
BBBP_00243,243,CCC(C)[C@H](NC(CNC(N[C@@H](CCSC)C(NCC(N[C@@H](C)C(N[C@@H](C)C(=O)O)N[C@@H](CS)C(=O)O)N[C@@H](C)C(N[C@@H](C)C(=O)O)N[C@@H](Cc1ccc(O)cc1)C(=O)O)N[C@@H](CC(C)C)C(N[C@@H](C(C)N[C@H](C(=O)O)C(C)CC)C(N[C@@H](CCCCN)C(=O)O)N[C@H](C(=O)O)C(C)O)N[C@@H](CCCCN)C(N[C@@H](CS)C(=O)O)N[C@@H](CCCCN)C(=O)O)[C@@H](N)Cc1ccccc1)N[C@@H](CCCCN)C(N[C@@H](C)C(=O)O)N1CCC[C@H]1C(=O)O)C(N[C@H](C(=O)O)C(C)C)N[C@H](C(=O)O)C(C)CC,CCC(C)[C@H](NC(CNC(N[C@@H](CCSC)C(NCC(N[C@@H](C)C(N[C@@H](C)C(=O)O)N[C@@H](CS)C(=O)O)N[C@@H](C)C(N[C@@H](C)C(=O)O)N[C@@H](Cc1ccc(O)cc1)C(=O)O)N[C@@H](CC(C)C)C(N[C@@H](C(C)N[C@H](C(=O)O)C(C)CC)C(N[C@@H](CCCCN)C(=O)O)N[C@H](C(=O)O)C(C)O)N[C@@H](CCCCN)C(N[C@@H](CS)C(=O)O)N[C@@H](CCCCN)C(=O)O)[C@@H](N)Cc1ccccc1)N[C@@H](CCCCN)C(N[C@@H](C)C(=O)O)N1CCC[C@H]1C(=O)O)C(N[C@H](C(=O)O)C(C)C)N[C@H](C(=O)O)C(C)CC,NISGIVYNJJQAKJ-IMVJHHOHSA-N,BBB-,0,2521.3349999999973,-1.162899999999899,923.3600000000001,44,46,105,2,173,3,experimental_classification,np
BBBP_00244,244,CC(C)C[C@H](NC(N[C@@H](Cc1c[nH]c2ccccc12)C(=O)O)[C@H](CCC(N)N1CCC[C@H]1C(=O)O)NC(C[C@H](N)C(N[C@@H](CCCCN)C(=O)O)N[C@@H](CCC(N[C@@H](Cc1ccccc1)C(=O)O)N1CCC[C@H]1C(=O)O)C(O)N[C@H](C(=O)O)C(C)C)N[C@@H](C)C(N[C@@H](CCCNC(=N)N)C(=O)O)N[C@@H](CCC(N)=O)C(=O)O)C(=O)O,CC(C)C[C@H](NC(N[C@@H](Cc1c[nH]c2ccccc12)C(=O)O)[C@H](CCC(N)N1CCC[C@H]1C(=O)O)NC(C[C@H](N)C(N[C@@H](CCCCN)C(=O)O)N[C@@H](CCC(N[C@@H](Cc1ccccc1)C(=O)O)N1CCC[C@H]1C(=O)O)C(O)N[C@H](C(=O)O)C(C)C)N[C@@H](C)C(N[C@@H](CCCNC(=N)N)C(=O)O)N[C@@H](CCC(N)=O)C(=O)O)C(=O)O,IABIKPTUVZMALF-BGFYDYENSA-N,BBB-,0,1627.9530000000004,-1.8834299999999962,681.5500000000002,28,27,61,3,115,5,experimental_classification,np
BBBP_00245,245,CCC(C)[C@H](NC(N[C@@H](CS)C(N[C@H](C(=O)O)C(C)CC)N1CCC[C@H]1C(=O)O)[C@@H](N)CCCNC(=N)N)C(N[C@@H](C(C)N[C@@H](CC(C)C)C(=O)O)C(N[C@@H](CCSC)C(=O)O)N1CCC[C@H]1C(=O)O)N[C@@H](C)C(N[C@@H](CS)C(=O)O)N[C@@H](CC(C)C)C(=O)O,CCC(C)[C@H](NC(N[C@@H](CS)C(N[C@H](C(=O)O)C(C)CC)N1CCC[C@H]1C(=O)O)[C@@H](N)CCCNC(=N)N)C(N[C@@H](C(C)N[C@@H](CC(C)C)C(=O)O)C(N[C@@H](CCSC)C(=O)O)N1CCC[C@H]1C(=O)O)N[C@@H](C)C(N[C@@H](CS)C(=O)O)N[C@@H](CC(C)C)C(=O)O,HZEMONPAXQBGEJ-USCULRDYSA-N,BBB-,0,1340.834,0.5577699999999799,463.7699999999999,22,23,50,0,90,2,experimental_classification,np
BBBP_00246,246,CCC(C)[C@H](NC(CN)N[C@@H](CC(C)C)C(N[C@@H](C)C(N[C@@H](CCCNC(=N)N)C(=O)O)N[C@@H](CC(N)=O)C(=O)O)N[C@@H](CCCCN)C(N[C@@H](C)C(=O)O)N[C@@H](CC(C)C)C(=O)O)C(N[C@@H](CC(N[C@@H](C(C)NCC(=O)O)C(O)N[C@H](C(=O)O)C(C)CC)N[C@H](C(=O)O)C(C)C)C(NCC(=O)O)N[C@H](C(=O)O)C(C)C)N[C@@H](Cc1ccccc1)C(NCC(=O)O)N[C@H](C(=O)O)C(C)CC,CCC(C)[C@H](NC(CN)N[C@@H](CC(C)C)C(N[C@@H](C)C(N[C@@H](CCCNC(=N)N)C(=O)O)N[C@@H](CC(N)=O)C(=O)O)N[C@@H](CCCCN)C(N[C@@H](C)C(=O)O)N[C@@H](CC(C)C)C(=O)O)C(N[C@@H](CC(N[C@@H](C(C)NCC(=O)O)C(O)N[C@H](C(=O)O)C(C)CC)N[C@H](C(=O)O)C(C)C)C(NCC(=O)O)N[C@H](C(=O)O)C(C)C)N[C@@H](Cc1ccccc1)C(NCC(=O)O)N[C@H](C(=O)O)C(C)CC,KLTXBGYXORGELI-CTLREREFSA-N,BBB-,0,1932.429,-3.184029999999934,804.1,36,34,82,1,135,1,experimental_classification,np
BBBP_00247,247,CC(N[C@@H](Cc1cnc[nH]1)C(=O)O)[C@H](NC(CC[C@H](N)C(NCC(N[C@@H](CCCNC(=N)N)C(=O)O)N[C@H](C(=O)O)C(C)C)N[C@H](C(=O)O)C(C)O)N[C@@H](CC(N[C@@H](CCC(=O)O)C(=O)O)N[C@@H](Cc1ccccc1)C(=O)O)C(NCC(=O)O)N[C@@H](CCC(=O)O)C(=O)O)C(NCC(=O)O)NCC(=O)O,CC(N[C@@H](Cc1cnc[nH]1)C(=O)O)[C@H](NC(CC[C@H](N)C(NCC(N[C@@H](CCCNC(=N)N)C(=O)O)N[C@H](C(=O)O)C(C)C)N[C@H](C(=O)O)C(C)O)N[C@@H](CC(N[C@@H](CCC(=O)O)C(=O)O)N[C@@H](Cc1ccccc1)C(=O)O)C(NCC(=O)O)N[C@@H](CCC(=O)O)C(=O)O)C(NCC(=O)O)NCC(=O)O,NGPAVZVLMGORDI-WOPAXOCLSA-N,BBB-,0,1502.603000000001,-7.104529999999983,740.8200000000003,31,29,62,2,105,2,experimental_classification,np
BBBP_00248,248,CC(C)C[C@H](NC(CC[C@H](NC(N[C@@H](CCC(O)NCC(=O)O)C(=O)O)[C@@H](N)CN[C@@H](CCC(N[C@@H](CCCCN)C(=O)O)N[C@@H](CCCNC(=N)N)C(=O)O)C(N[C@@H](CCC(N)=O)C(=O)O)N1CCC[C@H]1C(=O)O)C(N[C@@H](Cc1ccccc1)C(=O)O)N1CCC[C@H]1C(=O)O)N[C@@H](Cc1c[nH]c2ccccc12)C(=O)O)C(=O)O,CC(C)C[C@H](NC(CC[C@H](NC(N[C@@H](CCC(O)NCC(=O)O)C(=O)O)[C@@H](N)CN[C@@H](CCC(N[C@@H](CCCCN)C(=O)O)N[C@@H](CCCNC(=N)N)C(=O)O)C(N[C@@H](CCC(N)=O)C(=O)O)N1CCC[C@H]1C(=O)O)C(N[C@@H](Cc1ccccc1)C(=O)O)N1CCC[C@H]1C(=O)O)N[C@@H](Cc1c[nH]c2ccccc12)C(=O)O)C(=O)O,BTFDDEURDGGELY-BKTLKVCJSA-N,BBB-,0,1614.866,-2.7380299999999806,692.8300000000002,28,27,62,3,114,5,experimental_classification,np
BBBP_00249,249,CC(C)C[C@H](NC(N[C@@H](CC(C)C)C(N[C@@H](Cc1ccccc1)C(=O)O)N[C@@H](CN[C@@H](CCCCN)C(=O)O)C(O)N[C@@H](CS)C(=O)O)[C@H](CC(C)C)NC([C@@H](N)Cc1ccccc1)N1CCC[C@H]1C(N[C@@H](C)C(N[C@@H](CCCCN)C(=O)O)N[C@H](C(=O)O)C(C)O)N[C@@H](C)C(N[C@H](C(=O)O)C(C)C)N[C@H](C(=O)O)C(C)O)C(N[C@@H](C)C(=O)O)N[C@@H](CS)C(=O)O,CC(C)C[C@H](NC(N[C@@H](CC(C)C)C(N[C@@H](Cc1ccccc1)C(=O)O)N[C@@H](CN[C@@H](CCCCN)C(=O)O)C(O)N[C@@H](CS)C(=O)O)[C@H](CC(C)C)NC([C@@H](N)Cc1ccccc1)N1CCC[C@H]1C(N[C@@H](C)C(N[C@@H](CCCCN)C(=O)O)N[C@H](C(=O)O)C(C)O)N[C@@H](C)C(N[C@H](C(=O)O)C(C)C)N[C@H](C(=O)O)C(C)O)C(N[C@@H](C)C(=O)O)N[C@@H](CS)C(=O)O,CZZFBRYROJSXCR-HZMROWPBSA-N,BBB-,0,1829.3940000000005,-1.267799999999997,658.14,32,33,72,2,126,3,experimental_classification,np
BBBP_00250,250,CC(C)C[C@H](N)C(N[C@@H](CCCNC(=N)N)C(N[C@@H](CCC(N)=O)C(=O)O)N[C@@H](CN[C@@H](CO)C(=O)O)C(O)N[C@@H](CCCNC(=N)N)C(=O)O)N[C@@H](CCC(N)N[C@@H](Cc1ccccc1)C(=O)O)C(NCC(=O)O)N[C@H](C(=O)O)C(C)C,CC(C)C[C@H](N)C(N[C@@H](CCCNC(=N)N)C(N[C@@H](CCC(N)=O)C(=O)O)N[C@@H](CN[C@@H](CO)C(=O)O)C(O)N[C@@H](CCCNC(=N)N)C(=O)O)N[C@@H](CCC(N)N[C@@H](Cc1ccccc1)C(=O)O)C(NCC(=O)O)N[C@H](C(=O)O)C(C)C,FEABADGAUXYTGX-XQHBFNSUSA-N,BBB-,0,1187.4129999999998,-5.832659999999986,591.4599999999999,26,22,49,1,83,1,experimental_classification,np
BBBP_00251,251,CCC(C)[C@H](NC(NCC(=O)O)[C@H](CCCNC(=N)N)NC(N[C@@H](Cc1ccccc1)C(N[C@@H](CCCNC(=N)N)C(=O)O)N[C@@H](Cc1ccc(N[C@@H](CS)C(=O)O)cc1)C(O)N[C@@H](CCCNC(=N)N)C(=O)O)[C@H](Cc1c[nH]c2ccccc12)NC(N[C@@H](CS)C(N[C@@H](C(C)C)C(N[C@@H](CS)C(=O)O)N[C@@H](Cc1ccc(O)cc1)C(=O)O)N[C@@H](CS)C(N[C@@H](CCCNC(=N)N)C(=O)O)N[C@@H](CCCNC(=N)N)C(=O)O)[C@@H](N)CCCCN)C(=O)O,CCC(C)[C@H](NC(NCC(=O)O)[C@H](CCCNC(=N)N)NC(N[C@@H](Cc1ccccc1)C(N[C@@H](CCCNC(=N)N)C(=O)O)N[C@@H](Cc1ccc(N[C@@H](CS)C(=O)O)cc1)C(O)N[C@@H](CCCNC(=N)N)C(=O)O)[C@H](Cc1c[nH]c2ccccc12)NC(N[C@@H](CS)C(N[C@@H](C(C)C)C(N[C@@H](CS)C(=O)O)N[C@@H](Cc1ccc(O)cc1)C(=O)O)N[C@@H](CS)C(N[C@@H](CCCNC(=N)N)C(=O)O)N[C@@H](CCCNC(=N)N)C(=O)O)[C@@H](N)CCCCN)C(=O)O,XXXKBKUOJZBVSH-JVIUHLLISA-N,BBB-,0,2284.935,-3.5145499999999448,945.97,49,38,88,5,157,5,experimental_classification,np
BBBP_00252,252,NCCCC[C@H](NC(N[C@@H](Cc1ccccc1)C(=O)O)[C@H](Cc1c[nH]c2ccccc12)NC(N[C@@H](CN1CCC[C@H]1C(=O)O)C(O)NCC(=O)O)[C@@H](N)CCC(N)N[C@@H](Cc1cnc[nH]1)C(N[C@@H](CC(=O)O)C(=O)O)N[C@@H](Cc1ccc(O)cc1)C(=O)O)C(=O)O,NCCCC[C@H](NC(N[C@@H](Cc1ccccc1)C(=O)O)[C@H](Cc1c[nH]c2ccccc12)NC(N[C@@H](CN1CCC[C@H]1C(=O)O)C(O)NCC(=O)O)[C@@H](N)CCC(N)N[C@@H](Cc1cnc[nH]1)C(N[C@@H](CC(=O)O)C(=O)O)N[C@@H](Cc1ccc(O)cc1)C(=O)O)C(=O)O,XKBMDUQYICVYIO-CBUUVQSYSA-N,BBB-,0,1274.445,-1.5711000000000226,523.5699999999999,22,22,45,5,91,6,experimental_classification,np
BBBP_00253,253,CC(C)C[C@H](NC(CN)N1CCC[C@H]1C(NCC(NCC(N[C@@H](CS)C(=O)O)N[C@H](C(=O)O)C(C)O)N[C@@H](C(C)N[C@@H](CCCNC(=N)N)C(=O)O)C(O)N[C@@H](CC(=O)O)C(=O)O)N[C@@H](CCC(N[C@@H](CS)C(=O)O)N[C@@H](CC(N)=O)C(=O)O)C(N[C@H](C(=O)O)C(C)O)N1CCC[C@H]1C(=O)O)C(N[C@@H](C(C)C)C(N[C@@H](CNCC(=O)O)C(N[C@@H](C)C(=O)O)N[C@@H](CS)C(=O)O)N[C@@H](CS)C(N[C@@H](CS)C(=O)O)N[C@@H](CC(=O)O)C(=O)O)N[C@@H](CS)C(NCC(N[C@H](C(=O)O)C(C)C)N1CCC[C@H]1C(=O)O)N[C@@H](Cc1ccccc1)C(N[C@@H](Cc1c[nH]c2ccccc12)C(=O)O)N1CCC[C@H]1C(=O)O,CC(C)C[C@H](NC(CN)N1CCC[C@H]1C(NCC(NCC(N[C@@H](CS)C(=O)O)N[C@H](C(=O)O)C(C)O)N[C@@H](C(C)N[C@@H](CCCNC(=N)N)C(=O)O)C(O)N[C@@H](CC(=O)O)C(=O)O)N[C@@H](CCC(N[C@@H](CS)C(=O)O)N[C@@H](CC(N)=O)C(=O)O)C(N[C@H](C(=O)O)C(C)O)N1CCC[C@H]1C(=O)O)C(N[C@@H](C(C)C)C(N[C@@H](CNCC(=O)O)C(N[C@@H](C)C(=O)O)N[C@@H](CS)C(=O)O)N[C@@H](CS)C(N[C@@H](CS)C(=O)O)N[C@@H](CC(=O)O)C(=O)O)N[C@@H](CS)C(NCC(N[C@H](C(=O)O)C(C)C)N1CCC[C@H]1C(=O)O)N[C@@H](Cc1ccccc1)C(N[C@@H](Cc1c[nH]c2ccccc12)C(=O)O)N1CCC[C@H]1C(=O)O,ZDPHTQWQOSKHPV-HXKAVMJCSA-N,BBB-,0,3074.7159999999913,-10.778930000000102,1229.9,59,60,115,3,208,7,experimental_classification,np
BBBP_00254,254,CSCC[C@H](NC(O)[C@H](CCC(N)N[C@@H](Cc1ccccc1)C(=O)O)NC([C@@H](N)CCC(N)N[C@@H](C(C)N[C@@H](Cc1c[nH]c2ccccc12)C(=O)O)C(N[C@@H](C)C(=O)O)N[C@H](C(=O)O)C(C)O)N1CCC[C@H]1C(NCC(=O)O)N[C@@H](Cc1cnc[nH]1)C(=O)O)C(=O)O,CSCC[C@H](NC(O)[C@H](CCC(N)N[C@@H](Cc1ccccc1)C(=O)O)NC([C@@H](N)CCC(N)N[C@@H](C(C)N[C@@H](Cc1c[nH]c2ccccc12)C(=O)O)C(N[C@@H](C)C(=O)O)N[C@H](C(=O)O)C(C)O)N1CCC[C@H]1C(NCC(=O)O)N[C@@H](Cc1cnc[nH]1)C(=O)O)C(=O)O,MHFFEAKDIYDUBY-ZDNYVVAKSA-N,BBB-,0,1315.5640000000005,-2.473000000000023,535.6,23,24,47,4,92,5,experimental_classification,np
BBBP_00255,255,CC(C)C[C@H](NC(NCC(NCC(=O)O)N[C@@H](Cc1ccccc1)C(=O)O)[C@@H]1CCCN1)C(O)N[C@@H](Cc1ccc(O)cc1)C(=O)O,CC(C)C[C@H](NC(NCC(NCC(=O)O)N[C@@H](Cc1ccccc1)C(=O)O)[C@@H]1CCCN1)C(O)N[C@@H](Cc1ccc(O)cc1)C(=O)O,FOZPLPYREOBVBF-BIPVDKQASA-N,BBB-,0,658.7970000000003,0.2537000000000085,224.53999999999996,11,11,22,2,47,3,experimental_classification,np
BBBP_00256,256,CCC(C)[C@H](NC(N[C@@H](CC(C)C)C(N[C@@H](Cc1cnc[nH]1)C(=O)O)N[C@H](C(=O)O)C(C)CC)[C@@H](NC(N[C@@H](CCCCN)C(N[C@@H](C)C(N[C@@H](CCC(N)=O)C(=O)O)N[C@H](C(=O)O)C(C)C)N[C@@H](Cc1ccccc1)C(NCC(=O)O)N[C@H](C(=O)O)C(C)O)[C@H](CC(N)N[C@@H](CC(C)C)C(N[C@@H](Cc1ccccc1)C(N[C@@H](C(C)N[C@@H](CCCNC(=N)N)C(=O)O)C(N[C@@H](CO)C(=O)O)N[C@@H](CCC(N)=O)C(=O)O)N[C@@H](C)C(N[C@@H](Cc1ccc(O)cc1)C(=O)O)N[C@H](C(=O)O)C(C)CC)N[C@@H](Cc1ccccc1)C(N[C@@H](C)C(=O)O)N[C@@H](CCC(N[C@@H](CCCCN)C(=O)O)N[C@@H](CCCNC(=N)N)C(=O)O)C(O)N[C@@H](CC(N)=O)C(=O)O)NC(N[C@@H](CS)C(NCC(N[C@@H](C)C(N[C@@H](CC(=O)O)C(=O)O)N[C@H](C(=O)O)C(C)O)N[C@@H](CC(C)C)C(N[C@@H](CCC(N)=O)C(=O)O)N[C@H](C(=O)O)C(C)CC)N[C@@H](CS)C(N[C@@H](C)C(NCC(=O)O)N[C@@H](Cc1cnc[nH]1)C(=O)O)N[C@@H](C)C(N[C@@H](CC(C)C)C(=O)O)N[C@H](C(=O)O)C(C)O)[C@@H](N)CCSC)C(C)CC)C(NCC(=O)O)N[C@@H](C)C(=O)O,CCC(C)[C@H](NC(N[C@@H](CC(C)C)C(N[C@@H](Cc1cnc[nH]1)C(=O)O)N[C@H](C(=O)O)C(C)CC)[C@@H](NC(N[C@@H](CCCCN)C(N[C@@H](C)C(N[C@@H](CCC(N)=O)C(=O)O)N[C@H](C(=O)O)C(C)C)N[C@@H](Cc1ccccc1)C(NCC(=O)O)N[C@H](C(=O)O)C(C)O)[C@H](CC(N)N[C@@H](CC(C)C)C(N[C@@H](Cc1ccccc1)C(N[C@@H](C(C)N[C@@H](CCCNC(=N)N)C(=O)O)C(N[C@@H](CO)C(=O)O)N[C@@H](CCC(N)=O)C(=O)O)N[C@@H](C)C(N[C@@H](Cc1ccc(O)cc1)C(=O)O)N[C@H](C(=O)O)C(C)CC)N[C@@H](Cc1ccccc1)C(N[C@@H](C)C(=O)O)N[C@@H](CCC(N[C@@H](CCCCN)C(=O)O)N[C@@H](CCCNC(=N)N)C(=O)O)C(O)N[C@@H](CC(N)=O)C(=O)O)NC(N[C@@H](CS)C(NCC(N[C@@H](C)C(N[C@@H](CC(=O)O)C(=O)O)N[C@H](C(=O)O)C(C)O)N[C@@H](CC(C)C)C(N[C@@H](CCC(N)=O)C(=O)O)N[C@H](C(=O)O)C(C)CC)N[C@@H](CS)C(N[C@@H](C)C(NCC(=O)O)N[C@@H](Cc1cnc[nH]1)C(=O)O)N[C@@H](C)C(N[C@@H](CC(C)C)C(=O)O)N[C@H](C(=O)O)C(C)O)[C@@H](N)CCSC)C(C)CC)C(NCC(=O)O)N[C@@H](C)C(=O)O,WFQYNSOKCHPIOF-GKEGJWFWSA-N,BBB-,0,5041.229999999984,-11.4198600000003,2090.129999999999,95,92,211,6,350,6,experimental_classification,np
BBBP_00257,257,CC(C)C[C@H](NC(N[C@@H](CC(=O)O)C(=O)O)[C@H](Cc1ccc(N[C@@H](CCCNC(=N)N)C(=O)O)cc1)NC(N[C@@H](CC(N[C@@H](C)C(=O)O)N[C@@H](CCCNC(=N)N)C(=O)O)C(N[C@@H](CCCCN)C(=O)O)N[C@@H](CC(C)C)C(=O)O)[C@@H]1CCCN1C(N)CC[C@H](N)C(N[C@@H](CN[C@@H](CC(N[C@@H](C)C(=O)O)N[C@@H](CCCNC(=N)N)C(=O)O)C(=O)O)C(N[C@@H](CCC(=O)O)C(=O)O)N[C@@H](CCC(=O)O)C(=O)O)N[C@@H](Cc1ccc(N[C@@H](CCC(=O)O)C(=O)O)cc1)C(N[C@@H](CC(=O)O)C(=O)O)N[C@@H](CC(=O)O)C(=O)O)C(=O)O,CC(C)C[C@H](NC(N[C@@H](CC(=O)O)C(=O)O)[C@H](Cc1ccc(N[C@@H](CCCNC(=N)N)C(=O)O)cc1)NC(N[C@@H](CC(N[C@@H](C)C(=O)O)N[C@@H](CCCNC(=N)N)C(=O)O)C(N[C@@H](CCCCN)C(=O)O)N[C@@H](CC(C)C)C(=O)O)[C@@H]1CCCN1C(N)CC[C@H](N)C(N[C@@H](CN[C@@H](CC(N[C@@H](C)C(=O)O)N[C@@H](CCCNC(=N)N)C(=O)O)C(=O)O)C(N[C@@H](CCC(=O)O)C(=O)O)N[C@@H](CCC(=O)O)C(=O)O)N[C@@H](Cc1ccc(N[C@@H](CCC(=O)O)C(=O)O)cc1)C(N[C@@H](CC(=O)O)C(=O)O)N[C@@H](CC(=O)O)C(=O)O)C(=O)O,QDSVPANVLKVFQU-PNGIELCLSA-N,BBB-,0,2602.841999999995,-8.093789999999993,1278.87,52,47,107,2,182,3,experimental_classification,np
BBBP_00258,258,NC(CC[C@H](N)C(N[C@@H](CNCC(=O)O)C(=O)O)N[C@@H](Cc1ccccc1)C(=O)O)N[C@@H](CN[C@@H](Cc1cnc[nH]1)C(=O)O)C(N[C@@H](CO)C(=O)O)N[C@@H](Cc1c[nH]c2ccccc12)C(=O)O,NC(CC[C@H](N)C(N[C@@H](CNCC(=O)O)C(=O)O)N[C@@H](Cc1ccccc1)C(=O)O)N[C@@H](CN[C@@H](Cc1cnc[nH]1)C(=O)O)C(N[C@@H](CO)C(=O)O)N[C@@H](Cc1c[nH]c2ccccc12)C(=O)O,GZHRSVNUBRXYTM-QTDPRRAOSA-N,BBB-,0,941.0130000000001,-3.1979000000000113,424.75,18,17,34,4,67,4,experimental_classification,np
BBBP_00259,259,CCC(C)[C@H](NC(N)CC[C@H](NC(N[C@@H](CC(=O)O)C(=O)O)[C@@H](N)CN[C@@H](C(C)C)C(N[C@@H](CC(N)=O)C(=O)O)N[C@@H](Cc1ccccc1)C(=O)O)C(N[C@@H](CCCNC(=N)N)C(=O)O)N[C@@H](Cc1ccccc1)C(=O)O)C(=O)O,CCC(C)[C@H](NC(N)CC[C@H](NC(N[C@@H](CC(=O)O)C(=O)O)[C@@H](N)CN[C@@H](C(C)C)C(N[C@@H](CC(N)=O)C(=O)O)N[C@@H](Cc1ccccc1)C(=O)O)C(N[C@@H](CCCNC(=N)N)C(=O)O)N[C@@H](Cc1ccccc1)C(=O)O)C(=O)O,QPECQGHMPNKETL-XRDGKWIFSA-N,BBB-,0,1133.316,-2.66893000000003,514.3699999999999,21,19,44,2,80,2,experimental_classification,np
BBBP_00260,260,CC(C)C[C@H](NC(C[C@H](NC(N[C@@H](Cc1ccc(N[C@@H](CCCNC(=N)N)C(=O)O)cc1)C(O)N[C@@H](C)C(=O)O)[C@H](C)N)C(N[C@@H](C)C(=O)O)N[C@@H](CC(C)C)C(=O)O)N[C@@H](CCC(N)=O)C(=O)O)C(=O)O,CC(C)C[C@H](NC(C[C@H](NC(N[C@@H](Cc1ccc(N[C@@H](CCCNC(=N)N)C(=O)O)cc1)C(O)N[C@@H](C)C(=O)O)[C@H](C)N)C(N[C@@H](C)C(=O)O)N[C@@H](CC(C)C)C(=O)O)N[C@@H](CCC(N)=O)C(=O)O)C(=O)O,WTAUFOFOTJUIFZ-AQJITYHSSA-N,BBB-,0,1028.2199999999998,-2.0806300000000153,471.28,20,18,40,1,72,1,experimental_classification,np
BBBP_00261,261,CSCC[C@H](NC(N[C@@H](CC(N[C@@H](Cc1ccc(O)cc1)C(=O)O)N[C@H](C(=O)O)C(C)C)C(N[C@@H](C)C(=O)O)N[C@@H](Cc1ccccc1)C(=O)O)[C@@H](N)CCC(N[C@@H](Cc1ccc(N[C@@H](Cc2ccc(O)cc2)C(=O)O)cc1)C(N[C@@H](CCC(=O)O)C(=O)O)N[C@H](C(=O)O)C(C)O)N[C@@H](CC(N[C@@H](CCCCN)C(=O)O)N[C@@H](CCCNC(=N)N)C(=O)O)C(N[C@@H](CCCCN)C(=O)O)N1CCC[C@H]1C(=O)O)C(NCC(=O)O)N[C@@H](CC(C)C)C(=O)O,CSCC[C@H](NC(N[C@@H](CC(N[C@@H](Cc1ccc(O)cc1)C(=O)O)N[C@H](C(=O)O)C(C)C)C(N[C@@H](C)C(=O)O)N[C@@H](Cc1ccccc1)C(=O)O)[C@@H](N)CCC(N[C@@H](Cc1ccc(N[C@@H](Cc2ccc(O)cc2)C(=O)O)cc1)C(N[C@@H](CCC(=O)O)C(=O)O)N[C@H](C(=O)O)C(C)O)N[C@@H](CC(N[C@@H](CCCCN)C(=O)O)N[C@@H](CCCNC(=N)N)C(=O)O)C(N[C@@H](CCCCN)C(=O)O)N1CCC[C@H]1C(=O)O)C(NCC(=O)O)N[C@@H](CC(C)C)C(=O)O,DCYULFFKTCBVRS-WJCNVAAWSA-N,BBB-,0,2241.639,-1.5440299999999483,918.5700000000002,39,39,88,4,157,5,experimental_classification,np
BBBP_00262,262,CCC(C)[C@H](NC(N[C@@H](CC(C)C)C(=O)O)[C@H](CNCC(N[C@@H](CCCNC(=N)N)C(=O)O)N[C@H](C(=O)O)C(C)O)NC(CN)N[C@H](C(NCC(=O)O)N[C@@H](Cc1ccccc1)C(=O)O)C(C)N1CCC[C@H]1C(=O)O)C(=O)O,CCC(C)[C@H](NC(N[C@@H](CC(C)C)C(=O)O)[C@H](CNCC(N[C@@H](CCCNC(=N)N)C(=O)O)N[C@H](C(=O)O)C(C)O)NC(CN)N[C@H](C(NCC(=O)O)N[C@@H](Cc1ccccc1)C(=O)O)C(C)N1CCC[C@H]1C(=O)O)C(=O)O,VHGWTXUKWYMFNU-RRVNTGLPSA-N,BBB-,0,1113.326,-3.4398300000000246,480.75999999999993,21,20,43,1,78,2,experimental_classification,np
BBBP_00263,263,CC(C)C[C@H](NC(C[C@H](NC[C@H](N)C(N[C@@H](CC(N)=O)C(=O)O)N1CCC[C@H]1C(=O)O)C(N[C@@H](CCCNC(=N)N)C(=O)O)N[C@@H](Cc1ccccc1)C(=O)O)N[C@@H](Cc1ccccc1)C(=O)O)C(=O)O,CC(C)C[C@H](NC(C[C@H](NC[C@H](N)C(N[C@@H](CC(N)=O)C(=O)O)N1CCC[C@H]1C(=O)O)C(N[C@@H](CCCNC(=N)N)C(=O)O)N[C@@H](Cc1ccccc1)C(=O)O)N[C@@H](Cc1ccccc1)C(=O)O)C(=O)O,DDJQWQOJOBLPBG-FWLVNZLYSA-N,BBB-,0,1001.1530000000002,-1.926530000000021,430.22999999999996,17,16,36,2,71,3,experimental_classification,np
BBBP_00264,264,CCC(C)[C@H](NC(N[C@@H](Cc1ccccc1)C(N[C@@H](C)C(N[C@@H](CO)C(=O)O)N[C@@H](CS)C(=O)O)N[C@@H](CC(C)C)C(N[C@H](C(=O)O)C(C)CC)N[C@H](C(=O)O)C(C)CC)[C@H](CC(C)C)NC([C@@H](N)Cc1ccccc1)N1CCC[C@H]1C(N[C@@H](C)C(N[C@@H](C(C)C)C(O)N[C@@H](CS)C(=O)O)N[C@@H](Cc1ccccc1)C(=O)O)N[C@@H](CCCNC(=N)N)C(N[C@@H](CO)C(=O)O)N1CCC[C@H]1C(=O)O)C(N[C@@H](C)C(N[C@H](C(=O)O)C(C)C)N[C@H](C(=O)O)C(C)O)N[C@@H](CCCCN)C(N[C@@H](CCCCN)C(=O)O)N[C@@H](CCCCN)C(=O)O,CCC(C)[C@H](NC(N[C@@H](Cc1ccccc1)C(N[C@@H](C)C(N[C@@H](CO)C(=O)O)N[C@@H](CS)C(=O)O)N[C@@H](CC(C)C)C(N[C@H](C(=O)O)C(C)CC)N[C@H](C(=O)O)C(C)CC)[C@H](CC(C)C)NC([C@@H](N)Cc1ccccc1)N1CCC[C@H]1C(N[C@@H](C)C(N[C@@H](C(C)C)C(O)N[C@@H](CS)C(=O)O)N[C@@H](Cc1ccccc1)C(=O)O)N[C@@H](CCCNC(=N)N)C(N[C@@H](CO)C(=O)O)N1CCC[C@H]1C(=O)O)C(N[C@@H](C)C(N[C@H](C(=O)O)C(C)C)N[C@H](C(=O)O)C(C)O)N[C@@H](CCCCN)C(N[C@@H](CCCCN)C(=O)O)N[C@@H](CCCCN)C(=O)O,PZISDUIWZYXUIY-GGMQVVGYSA-N,BBB-,0,2677.5419999999963,-0.509029999999904,953.61,46,46,107,3,186,5,experimental_classification,np
BBBP_00265,265,CCC(C)[C@H](NC(NCC(=O)O)[C@H](Cc1ccccc1)NC(CN)N[C@@H](CC(C)C)C(N[C@@H](C)C(NCC(=O)O)N[C@@H](CC(C)C)C(=O)O)N[C@@H](CC(N[C@@H](CC(N)=O)C(=O)O)N[C@@H](CC(C)C)C(=O)O)C(NCC(=O)O)N[C@@H](CC(C)C)C(=O)O)C(NCC(=O)O)N[C@@H](CC(C)C)C(=O)O,CCC(C)[C@H](NC(NCC(=O)O)[C@H](Cc1ccccc1)NC(CN)N[C@@H](CC(C)C)C(N[C@@H](C)C(NCC(=O)O)N[C@@H](CC(C)C)C(=O)O)N[C@@H](CC(N[C@@H](CC(N)=O)C(=O)O)N[C@@H](CC(C)C)C(=O)O)C(NCC(=O)O)N[C@@H](CC(C)C)C(=O)O)C(NCC(=O)O)N[C@@H](CC(C)C)C(=O)O,USNCTOWHEFTKHC-YBTIFZPUSA-N,BBB-,0,1443.795,-1.2656999999999927,573.2299999999999,25,25,61,1,101,1,experimental_classification,np
BBBP_00266,266,CCC(C)[C@H](NC(N[C@@H](CN[C@@H](CCCCN)C(=O)O)C(N[C@@H](CO)C(=O)O)N[C@@H](CCC(N)=O)C(=O)O)[C@H](C)NC(CN)N[C@@H](CC(C)C)C(NCC(N[C@@H](C(C)C)C(N[C@@H](CCCCN)C(=O)O)N[C@@H](CC(N)=O)C(=O)O)N[C@@H](CN[C@@H](CCC(N)=O)C(=O)O)C(N[C@@H](CC(C)C)C(=O)O)N[C@H](C(=O)O)C(C)CC)N[C@@H](C)C(N[C@@H](CC(N[C@@H](CCCCN)C(=O)O)N[C@@H](CCCCN)C(=O)O)C(NCC(=O)O)N[C@@H](CC(C)C)C(=O)O)N[C@@H](CC(C)C)C(N[C@@H](C)C(=O)O)N[C@@H](Cc1ccc(O)cc1)C(=O)O)C(N[C@@H](CC(C)C)C(O)N[C@@H](CCCNC(=N)N)C(=O)O)N[C@@H](CCCCN)C(N[C@@H](Cc1ccc(O)cc1)C(=O)O)N1CCC[C@H]1C(=O)O,CCC(C)[C@H](NC(N[C@@H](CN[C@@H](CCCCN)C(=O)O)C(N[C@@H](CO)C(=O)O)N[C@@H](CCC(N)=O)C(=O)O)[C@H](C)NC(CN)N[C@@H](CC(C)C)C(NCC(N[C@@H](C(C)C)C(N[C@@H](CCCCN)C(=O)O)N[C@@H](CC(N)=O)C(=O)O)N[C@@H](CN[C@@H](CCC(N)=O)C(=O)O)C(N[C@@H](CC(C)C)C(=O)O)N[C@H](C(=O)O)C(C)CC)N[C@@H](C)C(N[C@@H](CC(N[C@@H](CCCCN)C(=O)O)N[C@@H](CCCCN)C(=O)O)C(NCC(=O)O)N[C@@H](CC(C)C)C(=O)O)N[C@@H](CC(C)C)C(N[C@@H](C)C(=O)O)N[C@@H](Cc1ccc(O)cc1)C(=O)O)C(N[C@@H](CC(C)C)C(O)N[C@@H](CCCNC(=N)N)C(=O)O)N[C@@H](CCCCN)C(N[C@@H](Cc1ccc(O)cc1)C(=O)O)N1CCC[C@H]1C(=O)O,VWZOIWNSDUKWES-IJBLBXPSSA-N,BBB-,0,3289.105999999989,-6.870130000000109,1402.3899999999996,61,60,143,2,230,3,experimental_classification,np
BBBP_00267,267,CC(C)C[C@H](NC(N[C@@H](CCCNC(=N)N)C(=O)O)[C@H](C)NC([C@H](C)N)N1CCC[C@H]1C(N[C@@H](CCCNC(=N)N)C(=O)O)N[C@@H](CC(C)C)C(O)N[C@@H](Cc1ccccc1)C(=O)O)C(=O)O,CC(C)C[C@H](NC(N[C@@H](CCCNC(=N)N)C(=O)O)[C@H](C)NC([C@H](C)N)N1CCC[C@H]1C(N[C@@H](CCCNC(=N)N)C(=O)O)N[C@@H](CC(C)C)C(O)N[C@@H](Cc1ccccc1)C(=O)O)C(=O)O,VEOCGBOPLCETLA-DMJAAAPHSA-N,BBB-,0,951.229,-0.9363600000000174,394.67,18,15,35,1,67,2,experimental_classification,np
BBBP_00268,268,CC(C)C[C@H](NC(N[C@@H](CCCNC(=N)N)C(=O)O)[C@H](CN[C@@H](Cc1ccc(O)cc1)C(=O)O)NC(N[C@@H](Cc1ccc(N[C@@H](CC(N)N[C@@H](Cc2ccccc2)C(=O)O)C(=O)O)cc1)C(N[C@@H](CC(N)=O)C(=O)O)N[C@@H](CC(C)C)C(=O)O)[C@H](C)N)C(=O)O,CC(C)C[C@H](NC(N[C@@H](CCCNC(=N)N)C(=O)O)[C@H](CN[C@@H](Cc1ccc(O)cc1)C(=O)O)NC(N[C@@H](Cc1ccc(N[C@@H](CC(N)N[C@@H](Cc2ccccc2)C(=O)O)C(=O)O)cc1)C(N[C@@H](CC(N)=O)C(=O)O)N[C@@H](CC(C)C)C(=O)O)[C@H](C)N)C(=O)O,VCLWIMWMQMOPKY-FVEKAHIOSA-N,BBB-,0,1268.4819999999997,-1.3103300000000218,546.63,23,21,47,3,90,3,experimental_classification,np
BBBP_00269,269,CCC(C)[C@H](NC(N[C@@H](CCSC)C(N[C@@H](CS)C(=O)O)N[C@@H](CCCNC(=N)N)C(=O)O)[C@H](CS)NC(N[C@@H](C(C)N1CCC[C@H]1C(=O)O)C(N[C@H](C(=O)O)C(C)CC)N1CCC[C@H]1C(=O)O)[C@@H](N)Cc1ccccc1)C(O)N[C@@H](Cc1ccc(O)cc1)C(=O)O,CCC(C)[C@H](NC(N[C@@H](CCSC)C(N[C@@H](CS)C(=O)O)N[C@@H](CCCNC(=N)N)C(=O)O)[C@H](CS)NC(N[C@@H](C(C)N1CCC[C@H]1C(=O)O)C(N[C@H](C(=O)O)C(C)CC)N1CCC[C@H]1C(=O)O)[C@@H](N)Cc1ccccc1)C(O)N[C@@H](Cc1ccc(O)cc1)C(=O)O,QFJJZPBFJZXWBE-MIOJWYTNSA-N,BBB-,0,1353.7880000000002,0.586169999999977,454.90000000000003,22,23,47,2,92,4,experimental_classification,np
BBBP_00270,270,CCC(C)[C@H](NC([C@H](CC(C)C)NC(N[C@@H](CC(C)C)C(N1CCC[C@H]1C(=O)O)N1CCC[C@H]1C(=O)O)[C@@H](N)CCC(N)N[C@@H](C(C)N[C@@H](CCC(N)=O)C(=O)O)C(N[C@@H](CCC(=O)O)C(=O)O)N[C@@H](CC(C)C)C(=O)O)N1CCC[C@H]1C(=O)O)C(=O)O,CCC(C)[C@H](NC([C@H](CC(C)C)NC(N[C@@H](CC(C)C)C(N1CCC[C@H]1C(=O)O)N1CCC[C@H]1C(=O)O)[C@@H](N)CCC(N)N[C@@H](C(C)N[C@@H](CCC(N)=O)C(=O)O)C(N[C@@H](CCC(=O)O)C(=O)O)N[C@@H](CC(C)C)C(=O)O)N1CCC[C@H]1C(=O)O)C(=O)O,XFTWIGRGQQKGDI-SETPUUPYSA-N,BBB-,0,1258.5679999999998,0.07909999999997497,487.46000000000004,18,21,46,0,88,3,experimental_classification,np
BBBP_00271,271,C[C@H](NC(CNC(N[C@@H](C)C(NCC(NCC(=O)O)N[C@@H](CCC(=O)O)C(=O)O)N[C@@H](CC(=O)O)C(=O)O)[C@@H](N)Cc1c[nH]c2ccccc12)N[C@@H](CO)C(=O)O)C(=O)O,C[C@H](NC(CNC(N[C@@H](C)C(NCC(NCC(=O)O)N[C@@H](CCC(=O)O)C(=O)O)N[C@@H](CC(=O)O)C(=O)O)[C@@H](N)Cc1c[nH]c2ccccc12)N[C@@H](CO)C(=O)O)C(=O)O,XSCMBNKYDIYTRT-KEQAIPLUSA-N,BBB-,0,856.8880000000001,-4.303500000000016,419.38,18,17,33,2,60,2,experimental_classification,np
BBBP_00272,272,CCC(C)[C@H](NC(N[C@@H](CCCNC(=N)N)C(N[C@@H](C(C)NCC(=O)O)C(N[C@@H](CS)C(=O)O)N[C@@H](Cc1cnc[nH]1)C(=O)O)N[C@@H](CCCNC(=N)N)C(O)NCC(=O)O)[C@H](CN1CCC[C@H]1C(N[C@@H](CS)C(N[C@@H](C)C(=O)O)N[C@H](C(=O)O)C(C)C)N[C@@H](CCC(N[C@@H](CS)C(=O)O)N[C@@H](CCCCN)C(=O)O)C(N[C@@H](CS)C(=O)O)N[C@H](C(=O)O)C(C)CC)NC(N[C@@H](CS)C(N[C@@H](CCSC)C(N[C@@H](C)C(=O)O)N[C@@H](CCSC)C(=O)O)N[C@@H](Cc1c[nH]c2ccccc12)C(N[C@@H](CS)C(=O)O)N[C@@H](CC(=O)O)C(=O)O)[C@@H](N)CCCNC(=N)N)C(N[C@@H](CO)C(=O)O)N[C@@H](CC(=O)O)C(=O)O,CCC(C)[C@H](NC(N[C@@H](CCCNC(=N)N)C(N[C@@H](C(C)NCC(=O)O)C(N[C@@H](CS)C(=O)O)N[C@@H](Cc1cnc[nH]1)C(=O)O)N[C@@H](CCCNC(=N)N)C(O)NCC(=O)O)[C@H](CN1CCC[C@H]1C(N[C@@H](CS)C(N[C@@H](C)C(=O)O)N[C@H](C(=O)O)C(C)C)N[C@@H](CCC(N[C@@H](CS)C(=O)O)N[C@@H](CCCCN)C(=O)O)C(N[C@@H](CS)C(=O)O)N[C@H](C(=O)O)C(C)CC)NC(N[C@@H](CS)C(N[C@@H](CCSC)C(N[C@@H](C)C(=O)O)N[C@@H](CCSC)C(=O)O)N[C@@H](Cc1c[nH]c2ccccc12)C(N[C@@H](CS)C(=O)O)N[C@@H](CC(=O)O)C(=O)O)[C@@H](N)CCCNC(=N)N)C(N[C@@H](CO)C(=O)O)N[C@@H](CC(=O)O)C(=O)O,UTDFOHPWOZXZBV-JHGNOGHTSA-N,BBB-,0,3158.9809999999907,-9.868690000000045,1310.0899999999995,65,61,128,3,211,4,experimental_classification,np
BBBP_00273,273,CSCC[C@H](NC(N[C@@H](Cc1cnc[nH]1)C(N[C@@H](C)C(N[C@@H](CCCNC(=N)N)C(=O)O)N[C@@H](CCC(N)=O)C(=O)O)N[C@@H](CCCNC(=N)N)C(NCC(=O)O)N[C@@H](CO)C(=O)O)[C@H](CC(C)C)NC(N[C@@H](Cc1cnc[nH]1)C(N[C@@H](C(C)N[C@@H](CC(C)C)C(=O)O)C(N[C@@H](CC(C)C)C(=O)O)N[C@@H](CC(C)C)C(=O)O)N[C@@H](CN[C@@H](CCCNC(=N)N)C(=O)O)C(NCC(=O)O)N[C@@H](CCCNC(=N)N)C(=O)O)[C@@H](N)CCSC)C(N[C@@H](CC(C)C)C(=O)O)N[C@@H](CC(N)N[C@@H](CO)C(=O)O)C(=O)O,CSCC[C@H](NC(N[C@@H](Cc1cnc[nH]1)C(N[C@@H](C)C(N[C@@H](CCCNC(=N)N)C(=O)O)N[C@@H](CCC(N)=O)C(=O)O)N[C@@H](CCCNC(=N)N)C(NCC(=O)O)N[C@@H](CO)C(=O)O)[C@H](CC(C)C)NC(N[C@@H](Cc1cnc[nH]1)C(N[C@@H](C(C)N[C@@H](CC(C)C)C(=O)O)C(N[C@@H](CC(C)C)C(=O)O)N[C@@H](CC(C)C)C(=O)O)N[C@@H](CN[C@@H](CCCNC(=N)N)C(=O)O)C(NCC(=O)O)N[C@@H](CCCNC(=N)N)C(=O)O)[C@@H](N)CCSC)C(N[C@@H](CC(C)C)C(=O)O)N[C@@H](CC(N)N[C@@H](CO)C(=O)O)C(=O)O,BWJPOLZVOLHOBO-STRSSRNMSA-N,BBB-,0,2555.1719999999964,-9.211820000000005,1178.08,53,47,109,2,176,2,experimental_classification,np
BBBP_00274,274,CC(C)C[C@H](NC(CC[C@H](NC(N[C@H](C(=O)O)C(C)O)[C@H](C)NC([C@@H]1CCCN1)N1CCC[C@H]1C(N[C@@H](CC(N)=O)C(=O)O)N[C@@H](Cc1ccc(O)cc1)C(=O)O)C(N[C@@H](CC(=O)O)C(=O)O)N1CCC[C@H]1C(=O)O)N[C@@H](CCCNC(=N)N)C(=O)O)C(=O)O,CC(C)C[C@H](NC(CC[C@H](NC(N[C@H](C(=O)O)C(C)O)[C@H](C)NC([C@@H]1CCCN1)N1CCC[C@H]1C(N[C@@H](CC(N)=O)C(=O)O)N[C@@H](Cc1ccc(O)cc1)C(=O)O)C(N[C@@H](CC(=O)O)C(=O)O)N1CCC[C@H]1C(=O)O)N[C@@H](CCCNC(=N)N)C(=O)O)C(=O)O,ZOUQTPUKEJXJGE-IEBDRJMDSA-N,BBB-,0,1282.4620000000007,-3.655830000000022,558.6,23,23,45,1,90,4,experimental_classification,np
BBBP_00275,275,CCC(C)[C@H](NC[C@H](NC(N)C[C@H](N)C(N[C@@H](CCC(N[C@@H](CC(C)C)C(=O)O)N[C@H](C(=O)O)C(C)CC)C(NCC(=O)O)N[C@@H](CO)C(=O)O)N[C@@H](CC(C)C)C(N[C@H](C(=O)O)C(C)O)N1CCC[C@H]1C(=O)O)C(N[C@@H](C)C(=O)O)N[C@@H](CC(N)NCC(=O)O)C(N[C@@H](CCC(=O)O)C(=O)O)N[C@H](C(=O)O)C(C)C)C(N[C@@H](CCSC)C(=O)O)N[C@@H](CC(C)C)C(=O)O,CCC(C)[C@H](NC[C@H](NC(N)C[C@H](N)C(N[C@@H](CCC(N[C@@H](CC(C)C)C(=O)O)N[C@H](C(=O)O)C(C)CC)C(NCC(=O)O)N[C@@H](CO)C(=O)O)N[C@@H](CC(C)C)C(N[C@H](C(=O)O)C(C)O)N1CCC[C@H]1C(=O)O)C(N[C@@H](C)C(=O)O)N[C@@H](CC(N)NCC(=O)O)C(N[C@@H](CCC(=O)O)C(=O)O)N[C@H](C(=O)O)C(C)C)C(N[C@@H](CCSC)C(=O)O)N[C@@H](CC(C)C)C(=O)O,TXNLNRXNGCDJCM-BGIJRAGLSA-N,BBB-,0,1876.2910000000006,-4.302599999999952,799.1400000000002,34,36,78,0,129,1,experimental_classification,np
BBBP_00276,276,CC(C)C[C@H](NC(N[C@@H](Cc1ccccc1)C(=O)O)[C@H](CC(N[C@@H](Cc1cnc[nH]1)C(=O)O)N[C@H](C(=O)O)C(C)C)NC(N)CC[C@H](N)C(N[C@@H](C(C)C)C(N[C@@H](CCCNC(=N)N)C(=O)O)N[C@@H](Cc1ccccc1)C(=O)O)N[C@@H](CC(=O)O)C(=O)O)C(=O)O,CC(C)C[C@H](NC(N[C@@H](Cc1ccccc1)C(=O)O)[C@H](CC(N[C@@H](Cc1cnc[nH]1)C(=O)O)N[C@H](C(=O)O)C(C)C)NC(N)CC[C@H](N)C(N[C@@H](C(C)C)C(N[C@@H](CCCNC(=N)N)C(=O)O)N[C@@H](Cc1ccccc1)C(=O)O)N[C@@H](CC(=O)O)C(=O)O)C(=O)O,CMRRKRNXZGUQIP-LVILOBMQSA-N,BBB-,0,1285.5129999999997,-1.16353000000003,549.29,23,21,49,3,91,3,experimental_classification,np
BBBP_00277,277,CC(N[C@@H](Cc1ccc(O)cc1)C(=O)O)[C@H](NC(N)CC[C@H](N)C(N[C@@H](Cc1ccccc1)C(NCC(=O)O)N[C@@H](Cc1c[nH]c2ccccc12)C(=O)O)N[C@@H](Cc1cnc[nH]1)C(N[C@@H](CC(N)=O)C(=O)O)N[C@H](C(=O)O)C(C)O)C(N[C@@H](CO)C(=O)O)N[C@@H](CCC(N)=O)C(=O)O,CC(N[C@@H](Cc1ccc(O)cc1)C(=O)O)[C@H](NC(N)CC[C@H](N)C(N[C@@H](Cc1ccccc1)C(NCC(=O)O)N[C@@H](Cc1c[nH]c2ccccc12)C(=O)O)N[C@@H](Cc1cnc[nH]1)C(N[C@@H](CC(N)=O)C(=O)O)N[C@H](C(=O)O)C(C)O)C(N[C@@H](CO)C(=O)O)N[C@@H](CCC(N)=O)C(=O)O,SNMYHHHSEVMBAY-IYGOCOJWSA-N,BBB-,0,1378.5100000000007,-4.728000000000007,624.78,26,25,50,5,98,5,experimental_classification,np
BBBP_00278,278,CC(C)C[C@H](NC(N[C@@H](C)C(O)N[C@@H](Cc1ccccc1)C(=O)O)[C@H](CCCCN)NC(CN)N[C@@H](Cc1ccccc1)C(N[C@@H](C(C)C)C(NCC(=O)O)N[C@@H](CCCNC(=N)N)C(=O)O)N[C@@H](CC(N)N[C@@H](CO)C(=O)O)C(N[C@@H](C)C(=O)O)N[C@H](C(=O)O)C(C)O)C(=O)O,CC(C)C[C@H](NC(N[C@@H](C)C(O)N[C@@H](Cc1ccccc1)C(=O)O)[C@H](CCCCN)NC(CN)N[C@@H](Cc1ccccc1)C(N[C@@H](C(C)C)C(NCC(=O)O)N[C@@H](CCCNC(=N)N)C(=O)O)N[C@@H](CC(N)N[C@@H](CO)C(=O)O)C(N[C@@H](C)C(=O)O)N[C@H](C(=O)O)C(C)O)C(=O)O,PTOYXFRUKTVDBZ-SAVFEOJBSA-N,BBB-,0,1381.6870000000001,-4.716429999999995,606.11,28,26,56,2,97,2,experimental_classification,np
BBBP_00279,279,CC(C)C[C@H](NC(C[C@H](NC(CN)N1CCC[C@H]1C(=O)O)C(N[C@@H](CCCNC(=N)N)C(=O)O)N[C@@H](Cc1ccccc1)C(=O)O)N[C@@H](Cc1ccccc1)C(=O)O)C(=O)O,CC(C)C[C@H](NC(C[C@H](NC(CN)N1CCC[C@H]1C(=O)O)C(N[C@@H](CCCNC(=N)N)C(=O)O)N[C@@H](Cc1ccccc1)C(=O)O)N[C@@H](Cc1ccccc1)C(=O)O)C(=O)O,ZNLGOGPVURMPPJ-XLDIRXNXSA-N,BBB-,0,857.0230000000003,-0.21333000000001162,337.81,14,13,30,2,61,3,experimental_classification,np
BBBP_00280,280,CCC(C)[C@H](NC(N)C[C@H](NC(CNc1ccc(C[C@H](NC(N[C@@H](Cc2ccc(N[C@@H](C(C)C)C(N[C@@H](Cc3c[nH]c4ccccc34)C(=O)O)N[C@@H](CC(NCC(=O)O)N[C@@H](Cc3c[nH]c4ccccc34)C(=O)O)C(N[C@@H](CO)C(=O)O)N[C@@H](CCCCN)C(=O)O)cc2)C(N[C@@H](CNCC(=O)O)C(N[C@@H](C)C(=O)O)N[C@@H](CCCCN)C(=O)O)N[C@@H](CS)C(NCC(=O)O)N[C@H](C(=O)O)C(C)CC)[C@@H](N)CCCCN)C(NCC(N[C@@H](C(C)C)C(N[C@@H](C)C(=O)O)N[C@@H](C)C(=O)O)N[C@@H](CN[C@H](C(=O)O)C(C)O)C(NCC(=O)O)NCC(=O)O)N[C@@H](CC(N)N[C@@H](CCCCN)C(N[C@@H](C)C(=O)O)N[C@@H](CO)C(=O)O)C(NCC(N[C@@H](C)C(=O)O)N[C@@H](CC(N)=O)C(=O)O)N[C@@H](CS)C(N[C@@H](C)C(=O)O)N[C@@H](CC(C)C)C(=O)O)cc1)N[C@@H](CCCCN)C(N[C@@H](CC(N)=O)C(=O)O)N[C@@H](CC(N)=O)C(=O)O)C(NCC(=O)O)N[C@H](C(=O)O)C(C)CC)C(=O)O,CCC(C)[C@H](NC(N)C[C@H](NC(CNc1ccc(C[C@H](NC(N[C@@H](Cc2ccc(N[C@@H](C(C)C)C(N[C@@H](Cc3c[nH]c4ccccc34)C(=O)O)N[C@@H](CC(NCC(=O)O)N[C@@H](Cc3c[nH]c4ccccc34)C(=O)O)C(N[C@@H](CO)C(=O)O)N[C@@H](CCCCN)C(=O)O)cc2)C(N[C@@H](CNCC(=O)O)C(N[C@@H](C)C(=O)O)N[C@@H](CCCCN)C(=O)O)N[C@@H](CS)C(NCC(=O)O)N[C@H](C(=O)O)C(C)CC)[C@@H](N)CCCCN)C(NCC(N[C@@H](C(C)C)C(N[C@@H](C)C(=O)O)N[C@@H](C)C(=O)O)N[C@@H](CN[C@H](C(=O)O)C(C)O)C(NCC(=O)O)NCC(=O)O)N[C@@H](CC(N)N[C@@H](CCCCN)C(N[C@@H](C)C(=O)O)N[C@@H](CO)C(=O)O)C(NCC(N[C@@H](C)C(=O)O)N[C@@H](CC(N)=O)C(=O)O)N[C@@H](CS)C(N[C@@H](C)C(=O)O)N[C@@H](CC(C)C)C(=O)O)cc1)N[C@@H](CCCCN)C(N[C@@H](CC(N)=O)C(=O)O)N[C@@H](CC(N)=O)C(=O)O)C(NCC(=O)O)N[C@H](C(=O)O)C(C)CC)C(=O)O,AYRDUMKICUZAOH-PSNYBNRISA-N,BBB-,0,4330.154999999983,-15.260000000000302,1904.7599999999989,86,84,184,6,301,6,experimental_classification,np
BBBP_00281,281,CCC(C)[C@H](N)C(N[C@@H](C(C)CC)C(NCC(=O)O)N[C@@H](CCC(=O)O)C(=O)O)N[C@@H](C(C)CC)C(N[C@@H](Cc1ccc(O)cc1)C(=O)O)N[C@@H](CCC(N)N[C@@H](Cc1cnc[nH]1)C(=O)O)C(N[C@@H](CCCCN)C(=O)O)N[C@@H](Cc1cnc[nH]1)C(=O)O,CCC(C)[C@H](N)C(N[C@@H](C(C)CC)C(NCC(=O)O)N[C@@H](CCC(=O)O)C(=O)O)N[C@@H](C(C)CC)C(N[C@@H](Cc1ccc(O)cc1)C(=O)O)N[C@@H](CCC(N)N[C@@H](Cc1cnc[nH]1)C(=O)O)C(N[C@@H](CCCCN)C(=O)O)N[C@@H](Cc1cnc[nH]1)C(=O)O,BKYABKCWXKLDSX-SJPUOUJNSA-N,BBB-,0,1247.5080000000003,-0.542100000000022,525.0199999999999,22,22,50,3,88,3,experimental_classification,np
BBBP_00282,282,CCC(C)[C@H](NC(N[C@@H](CCCCN)C(=O)O)[C@@H](N)CC(N[C@@H](CCC(N)N[C@H](C(=O)O)C(C)C)C(O)N[C@@H](CC(C)C)C(=O)O)N[C@H](C(=O)O)C(C)C)C(=O)O,CCC(C)[C@H](NC(N[C@@H](CCCCN)C(=O)O)[C@@H](N)CC(N[C@@H](CCC(N)N[C@H](C(=O)O)C(C)C)C(O)N[C@@H](CC(C)C)C(=O)O)N[C@H](C(=O)O)C(C)C)C(=O)O,BMURCRMIYPBSAB-MLOFJFADSA-N,BBB-,0,822.0590000000002,-0.555200000000007,356.96999999999997,15,15,34,0,57,0,experimental_classification,np
BBBP_00283,283,CCC(C)[C@H](NC(N[C@@H](C)C(N[C@@H](CCCCN)C(=O)O)N[C@@H](Cc1ccc(O)cc1)C(=O)O)[C@H](CC(C)C)NC([C@@H](N)Cc1ccccc1)N1CCC[C@H]1C(N[C@@H](CN[C@@H](CC(C)C)C(=O)O)C(=O)O)N[C@@H](CC(C)C)C(=O)O)C(NCC(=O)O)N[C@@H](CC(C)C)C(=O)O,CCC(C)[C@H](NC(N[C@@H](C)C(N[C@@H](CCCCN)C(=O)O)N[C@@H](Cc1ccc(O)cc1)C(=O)O)[C@H](CC(C)C)NC([C@@H](N)Cc1ccccc1)N1CCC[C@H]1C(N[C@@H](CN[C@@H](CC(C)C)C(=O)O)C(=O)O)N[C@@H](CC(C)C)C(=O)O)C(NCC(=O)O)N[C@@H](CC(C)C)C(=O)O,UUDQCBJYTWMBEV-UPLQEIIHSA-N,BBB-,0,1344.7489999999996,2.7845999999999895,456.90999999999997,20,21,52,2,95,3,experimental_classification,np
BBBP_00284,284,CCC(C)[C@H](NC(N[C@@H](CCCNC(=N)N)C(=O)O)[C@H](CCCCN)NC(N[C@@H](CS)C(=O)O)[C@H](Cc1ccccc1)NC(N[C@@H](CS)C(N[C@@H](Cc1ccccc1)C(N[C@@H](CS)C(=O)O)N[C@@H](CS)C(=O)O)N[C@@H](CC(C)C)C(N[C@@H](CCCCN)C(=O)O)N[C@@H](CCCNC(=N)N)C(=O)O)[C@H](CCCCN)NC(CN)N[C@@H](CCCNC(=N)N)C(N[C@@H](CC(NCC(NCC(=O)O)N[C@@H](CCCCN)C(=O)O)N[C@@H](Cc1ccccc1)C(N[C@@H](CO)C(=O)O)N[C@@H](CS)C(=O)O)C(N[C@@H](C)C(N[C@@H](Cc1ccc(O)cc1)C(=O)O)N[C@@H](CC(C)C)C(=O)O)N[C@@H](CS)C(N[C@@H](CCCNC(=N)N)C(=O)O)N[C@@H](Cc1ccccc1)C(=O)O)N[C@@H](CN[C@@H](CCCNC(=N)N)C(N[C@@H](CO)C(=O)O)N1CCC[C@H]1C(=O)O)C(N[C@@H](CCCCN)C(N[C@@H](CC(C)C)C(=O)O)N[C@H](C(=O)O)C(C)O)N[C@@H](CN[C@@H](CC(C)C)C(=O)O)C(N[C@@H](CO)C(=O)O)N[C@H](C(=O)O)C(C)CC)C(=O)O,CCC(C)[C@H](NC(N[C@@H](CCCNC(=N)N)C(=O)O)[C@H](CCCCN)NC(N[C@@H](CS)C(=O)O)[C@H](Cc1ccccc1)NC(N[C@@H](CS)C(N[C@@H](Cc1ccccc1)C(N[C@@H](CS)C(=O)O)N[C@@H](CS)C(=O)O)N[C@@H](CC(C)C)C(N[C@@H](CCCCN)C(=O)O)N[C@@H](CCCNC(=N)N)C(=O)O)[C@H](CCCCN)NC(CN)N[C@@H](CCCNC(=N)N)C(N[C@@H](CC(NCC(NCC(=O)O)N[C@@H](CCCCN)C(=O)O)N[C@@H](Cc1ccccc1)C(N[C@@H](CO)C(=O)O)N[C@@H](CS)C(=O)O)C(N[C@@H](C)C(N[C@@H](Cc1ccc(O)cc1)C(=O)O)N[C@@H](CC(C)C)C(=O)O)N[C@@H](CS)C(N[C@@H](CCCNC(=N)N)C(=O)O)N[C@@H](Cc1ccccc1)C(=O)O)N[C@@H](CN[C@@H](CCCNC(=N)N)C(N[C@@H](CO)C(=O)O)N1CCC[C@H]1C(=O)O)C(N[C@@H](CCCCN)C(N[C@@H](CC(C)C)C(=O)O)N[C@H](C(=O)O)C(C)O)N[C@@H](CN[C@@H](CC(C)C)C(=O)O)C(N[C@@H](CO)C(=O)O)N[C@H](C(=O)O)C(C)CC)C(=O)O,MDJCRPUTYKKCFP-AWUHHKBQSA-N,BBB-,0,4516.777999999985,-10.639750000000312,1835.7199999999987,91,82,190,5,310,6,experimental_classification,np
BBBP_00285,285,CC(O)[C@H](NC(N[C@@H](Cc1ccccc1)C(=O)O)[C@H](CS)NC(N[C@@H](Cc1ccccc1)C(N[C@@H](C)C(=O)O)N[C@@H](CC(N)NCC(=O)O)C(O)N[C@@H](CS)C(=O)O)[C@@H]1CCCN1)C(=O)O,CC(O)[C@H](NC(N[C@@H](Cc1ccccc1)C(=O)O)[C@H](CS)NC(N[C@@H](Cc1ccccc1)C(N[C@@H](C)C(=O)O)N[C@@H](CC(N)NCC(=O)O)C(O)N[C@@H](CS)C(=O)O)[C@@H]1CCCN1)C(=O)O,LUAOAQSLQBKHKL-MPBNJVHSSA-N,BBB-,0,969.1979999999999,-2.824300000000009,361.24999999999994,19,19,34,2,66,3,experimental_classification,np
BBBP_00286,286,CCC(C)[C@H](NC[C@H](NC(N)C[C@H](N)C(N[C@@H](CCC(N[C@@H](CC(C)C)C(=O)O)N[C@H](C(=O)O)C(C)CC)C(NCC(=O)O)N[C@@H](CC(C)C)C(=O)O)N[C@@H](CC(C)C)C(N[C@@H](CCCCN)C(=O)O)N1CCC[C@H]1C(=O)O)C(N[C@@H](CO)C(=O)O)N[C@@H](CC(N)N[C@@H](CC(N)=O)C(=O)O)C(N[C@@H](C)C(=O)O)N[C@@H](CC(=O)O)C(=O)O)C(N[C@@H](CCSC)C(=O)O)N[C@H](C(=O)O)C(C)C,CCC(C)[C@H](NC[C@H](NC(N)C[C@H](N)C(N[C@@H](CCC(N[C@@H](CC(C)C)C(=O)O)N[C@H](C(=O)O)C(C)CC)C(NCC(=O)O)N[C@@H](CC(C)C)C(=O)O)N[C@@H](CC(C)C)C(N[C@@H](CCCCN)C(=O)O)N1CCC[C@H]1C(=O)O)C(N[C@@H](CO)C(=O)O)N[C@@H](CC(N)N[C@@H](CC(N)=O)C(=O)O)C(N[C@@H](C)C(=O)O)N[C@@H](CC(=O)O)C(=O)O)C(N[C@@H](CCSC)C(=O)O)N[C@H](C(=O)O)C(C)C,VHQWDAPROQVGSX-YIOYFSENSA-N,BBB-,0,1946.3860000000009,-4.700499999999939,848.0200000000002,35,37,82,0,134,1,experimental_classification,np
BBBP_00287,287,CC(C)C[C@H](NC(O)C[C@H](NC(CC[C@H](N)C(N[C@@H](Cc1ccccc1)C(=O)O)N[C@H](C(=O)O)C(C)O)NCC(N[C@@H](CCCNC(=N)N)C(=O)O)N1CCC[C@H]1C(=O)O)C(=O)O)C(=O)O,CC(C)C[C@H](NC(O)C[C@H](NC(CC[C@H](N)C(N[C@@H](Cc1ccccc1)C(=O)O)N[C@H](C(=O)O)C(C)O)NCC(N[C@@H](CCCNC(=N)N)C(=O)O)N1CCC[C@H]1C(=O)O)C(=O)O)C(=O)O,CLCFMIUVDROOLO-QOXAKACZSA-N,BBB-,0,942.0819999999998,-2.9338300000000137,427.6,18,17,35,1,66,2,experimental_classification,np
BBBP_00288,288,CCC(C)[C@H](NC(N[C@@H](CCCCN)C(N[C@@H](CS)C(=O)O)N[C@@H](CCCCN)C(=O)O)[C@H](CCC(N[C@@H](CS)C(N[C@@H](CS)C(=O)O)N[C@@H](CC(=O)O)C(=O)O)N1CCC[C@H]1C(N[C@@H](C)C(=O)O)N[C@@H](CC(C)C)C(=O)O)NC(CC[C@H](N)C(N[C@@H](CCCNC(=N)N)C(N[C@@H](CCCCN)C(=O)O)N[C@@H](CCCNC(=N)N)C(=O)O)N[C@@H](CCCCN)C(N[C@@H](CO)C(=O)O)N[C@@H](CC(=O)O)C(=O)O)N[C@@H](CC(N[C@@H](CCSC)C(NCC(=O)O)N[C@@H](CO)C(=O)O)N[C@@H](CC(C)C)C(N[C@@H](CCC(N)=O)C(=O)O)N[C@@H](CCC(=O)O)C(=O)O)C(N[C@@H](CS)C(O)NCC(=O)O)N[C@@H](CCCNC(=N)N)C(N[C@@H](CS)C(=O)O)N[C@@H](Cc1ccc(O)cc1)C(=O)O)C(N[C@@H](CS)C(=O)O)N[C@H](C(=O)O)C(C)O,CCC(C)[C@H](NC(N[C@@H](CCCCN)C(N[C@@H](CS)C(=O)O)N[C@@H](CCCCN)C(=O)O)[C@H](CCC(N[C@@H](CS)C(N[C@@H](CS)C(=O)O)N[C@@H](CC(=O)O)C(=O)O)N1CCC[C@H]1C(N[C@@H](C)C(=O)O)N[C@@H](CC(C)C)C(=O)O)NC(CC[C@H](N)C(N[C@@H](CCCNC(=N)N)C(N[C@@H](CCCCN)C(=O)O)N[C@@H](CCCNC(=N)N)C(=O)O)N[C@@H](CCCCN)C(N[C@@H](CO)C(=O)O)N[C@@H](CC(=O)O)C(=O)O)N[C@@H](CC(N[C@@H](CCSC)C(NCC(=O)O)N[C@@H](CO)C(=O)O)N[C@@H](CC(C)C)C(N[C@@H](CCC(N)=O)C(=O)O)N[C@@H](CCC(=O)O)C(=O)O)C(N[C@@H](CS)C(O)NCC(=O)O)N[C@@H](CCCNC(=N)N)C(N[C@@H](CS)C(=O)O)N[C@@H](Cc1ccc(O)cc1)C(=O)O)C(N[C@@H](CS)C(=O)O)N[C@H](C(=O)O)C(C)O,MNGJNEAQQUYTFE-SQXNDIMCSA-N,BBB-,0,3702.5709999999863,-14.255990000000171,1644.7799999999993,78,74,159,1,249,2,experimental_classification,np
BBBP_00289,289,CCC(C)[C@H](NC(N[C@@H](Cc1ccccc1)C(=O)O)[C@@H](NC(N[C@@H](C)C(N[C@@H](CCCNC(=N)N)C(=O)O)N1CCC[C@H]1C(=O)O)[C@@H](N)Cc1cnc[nH]1)C(C)NCC(O)N[C@@H](CC(C)C)C(=O)O)C(=O)O,CCC(C)[C@H](NC(N[C@@H](Cc1ccccc1)C(=O)O)[C@@H](NC(N[C@@H](C)C(N[C@@H](CCCNC(=N)N)C(=O)O)N1CCC[C@H]1C(=O)O)[C@@H](N)Cc1cnc[nH]1)C(C)NCC(O)N[C@@H](CC(C)C)C(=O)O)C(=O)O,PCXRCRRUZUSSAA-QDKVWIHASA-N,BBB-,0,1019.2599999999996,-1.191030000000016,410.78,18,17,37,2,72,3,experimental_classification,np
BBBP_00290,290,CC(C)C[C@H](NC(N)CC[C@H](N)C(N[C@@H](C(C)NCC(=O)O)C(NCC(=O)O)N[C@@H](Cc1c[nH]c2ccccc12)C(=O)O)N[C@@H](Cc1ccccc1)C(O)N[C@@H](Cc1ccc(O)cc1)C(=O)O)C(N[C@H](C(=O)O)C(C)O)N1CCC[C@H]1C(=O)O,CC(C)C[C@H](NC(N)CC[C@H](N)C(N[C@@H](C(C)NCC(=O)O)C(NCC(=O)O)N[C@@H](Cc1c[nH]c2ccccc12)C(=O)O)N[C@@H](Cc1ccccc1)C(O)N[C@@H](Cc1ccc(O)cc1)C(=O)O)C(N[C@H](C(=O)O)C(C)O)N1CCC[C@H]1C(=O)O,FRKQPMQSMOXLRK-FRRHXHMNSA-N,BBB-,0,1179.3840000000007,-0.6938000000000193,451.79999999999995,20,20,40,4,84,5,experimental_classification,np
BBBP_00291,291,CCC(C)[C@H](NC(N[C@H](C(=O)O)C(C)C)[C@@H](NC(N)CC[C@H](NC(N[C@@H](Cc1ccccc1)C(N[C@@H](CO)C(=O)O)N[C@@H](CC(=O)O)C(=O)O)[C@@H](N)Cc1ccccc1)C(N[C@@H](CC(N)N[C@@H](Cc1ccccc1)C(=O)O)C(NCC(=O)O)N[C@@H](CO)C(=O)O)N1CCC[C@H]1C(=O)O)C(C)C)C(=O)O,CCC(C)[C@H](NC(N[C@H](C(=O)O)C(C)C)[C@@H](NC(N)CC[C@H](NC(N[C@@H](Cc1ccccc1)C(N[C@@H](CO)C(=O)O)N[C@@H](CC(=O)O)C(=O)O)[C@@H](N)Cc1ccccc1)C(N[C@@H](CC(N)N[C@@H](Cc1ccccc1)C(=O)O)C(NCC(=O)O)N[C@@H](CO)C(=O)O)N1CCC[C@H]1C(=O)O)C(C)C)C(=O)O,LUDVKDIFMSJYBY-ZCMLONLRSA-N,BBB-,0,1470.7320000000004,-2.45760000000001,589.79,25,26,55,3,104,4,experimental_classification,np
BBBP_00292,292,CCC(C)[C@H](NC(NCC(N[C@@H](CC(=O)O)C(=O)O)N[C@H](C(=O)O)C(C)C)[C@H](CCSC)NC(CN)N[C@@H](CC(C)C)C(N[C@@H](CNCC(N[C@@H](C)C(=O)O)N[C@@H](CO)C(=O)O)C(NCC(=O)O)N[C@@H](CC(C)C)C(=O)O)N[C@@H](CN[C@@H](CCCCN)C(N[C@@H](CCCCN)C(=O)O)N[C@@H](CC(C)C)C(=O)O)C(N[C@@H](C)C(N[C@@H](CCCCN)C(=O)O)N1CCC[C@H]1C(=O)O)N[C@@H](CC(C)C)C(N[C@H](C(=O)O)C(C)O)N1CCC[C@H]1C(=O)O)C(N[C@H](C(=O)O)C(C)C)N[C@H](C(=O)O)C(C)CC,CCC(C)[C@H](NC(NCC(N[C@@H](CC(=O)O)C(=O)O)N[C@H](C(=O)O)C(C)C)[C@H](CCSC)NC(CN)N[C@@H](CC(C)C)C(N[C@@H](CNCC(N[C@@H](C)C(=O)O)N[C@@H](CO)C(=O)O)C(NCC(=O)O)N[C@@H](CC(C)C)C(=O)O)N[C@@H](CN[C@@H](CCCCN)C(N[C@@H](CCCCN)C(=O)O)N[C@@H](CC(C)C)C(=O)O)C(N[C@@H](C)C(N[C@@H](CCCCN)C(=O)O)N1CCC[C@H]1C(=O)O)N[C@@H](CC(C)C)C(N[C@H](C(=O)O)C(C)O)N1CCC[C@H]1C(=O)O)C(N[C@H](C(=O)O)C(C)C)N[C@H](C(=O)O)C(C)CC,VCEKQXXPSLYBAE-CHWSQAEMSA-N,BBB-,0,2475.1689999999962,-3.7636999999999485,975.1800000000003,43,46,106,0,171,2,experimental_classification,np
BBBP_00293,293,CSCC[C@H](NC[C@H](NC(N[C@@H](CCC(N)=O)C(=O)O)[C@@H](N)C(C)N1CCC[C@H]1C(N[C@@H](CC(=O)O)C(=O)O)N[C@@H](Cc1ccccc1)C(=O)O)C(N[C@@H](CCCNC(=N)N)C(=O)O)N[C@@H](Cc1ccccc1)C(=O)O)C(=O)O,CSCC[C@H](NC[C@H](NC(N[C@@H](CCC(N)=O)C(=O)O)[C@@H](N)C(C)N1CCC[C@H]1C(N[C@@H](CC(=O)O)C(=O)O)N[C@@H](Cc1ccccc1)C(=O)O)C(N[C@@H](CCCNC(=N)N)C(=O)O)N[C@@H](Cc1ccccc1)C(=O)O)C(=O)O,YPFHEDIMAAVQOJ-ZGUVMHDQSA-N,BBB-,0,1134.3250000000003,-2.3981300000000285,479.55999999999995,19,19,42,2,79,3,experimental_classification,np
BBBP_00294,294,CSCC[C@H](NC(CNC(NCC(NCC(=O)O)N[C@@H](CO)C(=O)O)[C@@H](N)CN[C@@H](CNCC(NCC(=O)O)N[C@@H](Cc1ccccc1)C(=O)O)C(NCC(=O)O)N[C@@H](CCC(N[C@@H](CCCNC(=N)N)C(=O)O)N1CCC[C@H]1C(=O)O)C(O)N[C@@H](CC(C)C)C(=O)O)N[C@@H](Cc1c[nH]c2ccccc12)C(=O)O)C(=O)O,CSCC[C@H](NC(CNC(NCC(NCC(=O)O)N[C@@H](CO)C(=O)O)[C@@H](N)CN[C@@H](CNCC(NCC(=O)O)N[C@@H](Cc1ccccc1)C(=O)O)C(NCC(=O)O)N[C@@H](CCC(N[C@@H](CCCNC(=N)N)C(=O)O)N1CCC[C@H]1C(=O)O)C(O)N[C@@H](CC(C)C)C(=O)O)N[C@@H](Cc1c[nH]c2ccccc12)C(=O)O)C(=O)O,YREKUJWSYMGGJH-BKRODQRGSA-N,BBB-,0,1595.8450000000005,-6.096029999999979,688.83,31,30,64,3,111,4,experimental_classification,np
BBBP_00295,295,CC(C)C[C@H](NC(N[C@@H](CS)C(O)N[C@@H](CCC(=O)O)C(=O)O)[C@H](CS)NC(N[C@@H](CCC(N)N[C@@H](CCC(N)N1CCC[C@H]1C(=O)O)C(NCC(=O)O)N[C@@H](CCCNC(=N)N)C(=O)O)C(N[C@@H](CCCCN)C(N[C@@H](CS)C(=O)O)N[C@@H](Cc1ccc(O)cc1)C(=O)O)N[C@@H](CCC(N[C@@H](C)C(=O)O)N[C@@H](CC(=O)O)C(=O)O)C(N[C@@H](CC(=O)O)C(=O)O)N1CCC[C@H]1C(=O)O)[C@H](CCCNC(=N)N)NC([C@H](C)N)N1CCC[C@H]1C(N[C@@H](CC(C)C)C(NCC(N[C@@H](CCC(=O)O)C(=O)O)N[C@@H](CC(=O)O)C(=O)O)N[C@@H](CCC(N)N[C@@H](CS)C(=O)O)C(N[C@@H](CCCCN)C(=O)O)N[C@@H](CC(N)=O)C(=O)O)N1CCC[C@H]1C(N[C@@H](CC(N[C@@H](CS)C(=O)O)N[C@@H](CCC(N)=O)C(=O)O)C(N[C@@H](CCCNC(=N)N)C(=O)O)N[C@@H](Cc1ccccc1)C(=O)O)N[C@@H](CC(N[C@@H](CS)C(=O)O)N1CCC[C@H]1C(=O)O)C(NCC(=O)O)N1CCC[C@H]1C(=O)O)C(=O)O,CC(C)C[C@H](NC(N[C@@H](CS)C(O)N[C@@H](CCC(=O)O)C(=O)O)[C@H](CS)NC(N[C@@H](CCC(N)N[C@@H](CCC(N)N1CCC[C@H]1C(=O)O)C(NCC(=O)O)N[C@@H](CCCNC(=N)N)C(=O)O)C(N[C@@H](CCCCN)C(N[C@@H](CS)C(=O)O)N[C@@H](Cc1ccc(O)cc1)C(=O)O)N[C@@H](CCC(N[C@@H](C)C(=O)O)N[C@@H](CC(=O)O)C(=O)O)C(N[C@@H](CC(=O)O)C(=O)O)N1CCC[C@H]1C(=O)O)[C@H](CCCNC(=N)N)NC([C@H](C)N)N1CCC[C@H]1C(N[C@@H](CC(C)C)C(NCC(N[C@@H](CCC(=O)O)C(=O)O)N[C@@H](CC(=O)O)C(=O)O)N[C@@H](CCC(N)N[C@@H](CS)C(=O)O)C(N[C@@H](CCCCN)C(=O)O)N[C@@H](CC(N)=O)C(=O)O)N1CCC[C@H]1C(N[C@@H](CC(N[C@@H](CS)C(=O)O)N[C@@H](CCC(N)=O)C(=O)O)C(N[C@@H](CCCNC(=N)N)C(=O)O)N[C@@H](Cc1ccccc1)C(=O)O)N[C@@H](CC(N[C@@H](CS)C(=O)O)N1CCC[C@H]1C(=O)O)C(NCC(=O)O)N1CCC[C@H]1C(=O)O)C(=O)O,XZSVVDGGCDSIDY-YLGJEXIUSA-N,BBB-,0,4426.245999999984,-16.451190000000295,1954.5599999999988,86,86,176,2,302,8,experimental_classification,np
BBBP_00296,296,CCC(C)[C@H](NC(N[C@@H](CC(C)C)C(N[C@@H](CO)C(=O)O)N[C@@H](CC(=O)O)C(=O)O)[C@H](CS)NC(N[C@@H](C(C)CC)C(N[C@@H](CCCNC(=N)N)C(N[C@@H](CS)C(N[C@@H](CS)C(=O)O)N[C@@H](CCC(N)=O)C(=O)O)N[C@@H](CCCCN)C(N[C@@H](CO)C(=O)O)N[C@@H](CCC(=O)O)C(=O)O)N1CCC[C@H]1C(N[C@@H](CCSC)C(N[C@@H](CS)C(=O)O)N[C@@H](CC(C)C)C(=O)O)N[C@@H](CCC(N[C@@H](C)C(=O)O)N[C@@H](CCC(N)=O)C(=O)O)C(N[C@@H](CS)C(=O)O)N[C@H](C(=O)O)C(C)CC)[C@@H](N)CCCNC(=N)N)C(N[C@@H](CC(NCC(=O)O)N[C@@H](CS)C(=O)O)C(=O)O)N[C@@H](C)C(NCC(=O)O)N[C@@H](Cc1ccccc1)C(=O)O,CCC(C)[C@H](NC(N[C@@H](CC(C)C)C(N[C@@H](CO)C(=O)O)N[C@@H](CC(=O)O)C(=O)O)[C@H](CS)NC(N[C@@H](C(C)CC)C(N[C@@H](CCCNC(=N)N)C(N[C@@H](CS)C(N[C@@H](CS)C(=O)O)N[C@@H](CCC(N)=O)C(=O)O)N[C@@H](CCCCN)C(N[C@@H](CO)C(=O)O)N[C@@H](CCC(=O)O)C(=O)O)N1CCC[C@H]1C(N[C@@H](CCSC)C(N[C@@H](CS)C(=O)O)N[C@@H](CC(C)C)C(=O)O)N[C@@H](CCC(N[C@@H](C)C(=O)O)N[C@@H](CCC(N)=O)C(=O)O)C(N[C@@H](CS)C(=O)O)N[C@H](C(=O)O)C(C)CC)[C@@H](N)CCCNC(=N)N)C(N[C@@H](CC(NCC(=O)O)N[C@@H](CS)C(=O)O)C(=O)O)N[C@@H](C)C(NCC(=O)O)N[C@@H](Cc1ccccc1)C(=O)O,MWFJAWLFDHBSEX-SOTCCKLUSA-N,BBB-,0,3222.04799999999,-9.558260000000104,1339.2299999999998,64,62,135,1,216,2,experimental_classification,np
BBBP_00297,297,CCC(C)[C@H](NC(N[C@@H](CCCNC(=N)N)C(=O)O)[C@@H](NC(N[C@@H](Cc1ccccc1)C(N[C@@H](CCCCN)C(=O)O)N[C@@H](CCC(N)=O)C(=O)O)[C@H](CN[C@@H](C)C(N[C@@H](CO)C(=O)O)N[C@@H](CCCNC(=N)N)C(=O)O)NC(N[C@@H](CC(N[C@@H](C(C)N[C@@H](CCSC)C(=O)O)C(N[C@@H](C)C(=O)O)N[C@H](C(=O)O)C(C)C)N[C@@H](CC(N[C@@H](CCCCN)C(=O)O)N[C@@H](CCCCN)C(=O)O)C(N[C@@H](Cc1ccc(O)cc1)C(=O)O)N[C@H](C(=O)O)C(C)CC)C(N[C@@H](Cc1ccc(N[C@@H](CC(C)C)C(=O)O)cc1)C(O)N[C@@H](C)C(=O)O)N[C@@H](CC(N)N[C@@H](CC(N)=O)C(=O)O)C(N[C@@H](CO)C(=O)O)N[C@@H](CC(C)C)C(=O)O)[C@@H](N)Cc1cnc[nH]1)C(C)C)C(=O)O,CCC(C)[C@H](NC(N[C@@H](CCCNC(=N)N)C(=O)O)[C@@H](NC(N[C@@H](Cc1ccccc1)C(N[C@@H](CCCCN)C(=O)O)N[C@@H](CCC(N)=O)C(=O)O)[C@H](CN[C@@H](C)C(N[C@@H](CO)C(=O)O)N[C@@H](CCCNC(=N)N)C(=O)O)NC(N[C@@H](CC(N[C@@H](C(C)N[C@@H](CCSC)C(=O)O)C(N[C@@H](C)C(=O)O)N[C@H](C(=O)O)C(C)C)N[C@@H](CC(N[C@@H](CCCCN)C(=O)O)N[C@@H](CCCCN)C(=O)O)C(N[C@@H](Cc1ccc(O)cc1)C(=O)O)N[C@H](C(=O)O)C(C)CC)C(N[C@@H](Cc1ccc(N[C@@H](CC(C)C)C(=O)O)cc1)C(O)N[C@@H](C)C(=O)O)N[C@@H](CC(N)N[C@@H](CC(N)=O)C(=O)O)C(N[C@@H](CO)C(=O)O)N[C@@H](CC(C)C)C(=O)O)[C@@H](N)Cc1cnc[nH]1)C(C)C)C(=O)O,DVTQITHAALJQOV-HJKIIANVSA-N,BBB-,0,3295.9939999999874,-7.972960000000107,1445.8899999999996,63,60,138,4,230,4,experimental_classification,np
BBBP_00298,298,CCC(C)[C@H](NC(C[C@H](NC(N[C@@H](C)C(N[C@H](C(=O)O)C(C)C)N[C@H](C(=O)O)C(C)C)[C@@H](NC(CN)N[C@@H](CC(C)C)C(N[C@@H](Cc1ccccc1)C(N[C@@H](CCCCN)C(=O)O)N[C@@H](CC(N)=O)C(=O)O)N[C@@H](CCCCN)C(N[C@@H](CC(C)C)C(=O)O)N[C@H](C(=O)O)C(C)C)C(C)C)C(N[C@@H](C)C(=O)O)N[C@H](C(=O)O)C(C)O)N[C@@H](CCCCN)C(=O)O)C(=O)O,CCC(C)[C@H](NC(C[C@H](NC(N[C@@H](C)C(N[C@H](C(=O)O)C(C)C)N[C@H](C(=O)O)C(C)C)[C@@H](NC(CN)N[C@@H](CC(C)C)C(N[C@@H](Cc1ccccc1)C(N[C@@H](CCCCN)C(=O)O)N[C@@H](CC(N)=O)C(=O)O)N[C@@H](CCCCN)C(N[C@@H](CC(C)C)C(=O)O)N[C@H](C(=O)O)C(C)C)C(C)C)C(N[C@@H](C)C(=O)O)N[C@H](C(=O)O)C(C)O)N[C@@H](CCCCN)C(=O)O)C(=O)O,UJFULMYCTLDYSZ-CEQRWSJSSA-N,BBB-,0,1831.364,-1.1907999999999541,732.8800000000001,32,32,78,1,128,1,experimental_classification,np
BBBP_00299,299,CCC(C)[C@H](NC[C@H](N)C(N[C@@H](CS)C(N[C@@H](C(C)C)C(N[C@@H](CS)C(=O)O)N[C@@H](CCCCN)C(=O)O)N[C@@H](Cc1c[nH]c2ccccc12)C(N[C@@H](CO)C(=O)O)N[C@@H](CCCCN)C(=O)O)N1CCC[C@H]1C(N[C@@H](CS)C(NCC(=O)O)N[C@@H](CS)C(=O)O)N[C@@H](CN[C@@H](C)C(=O)O)C(N[C@@H](C)C(=O)O)N[C@@H](CC(C)C)C(=O)O)C(NCC(N[C@@H](C(C)CC)C(N[C@@H](CCCCN)C(=O)O)N[C@H](C(=O)O)C(C)C)N1CCC[C@H]1C(N[C@@H](CS)C(=O)O)N[C@@H](Cc1ccc(O)cc1)C(=O)O)N[C@@H](CCC(N[C@@H](CS)C(O)N[C@@H](CC(N)=O)C(=O)O)N[C@H](C(=O)O)C(C)O)C(N[C@H](C(=O)O)C(C)O)N[C@H](C(=O)O)C(C)CC,CCC(C)[C@H](NC[C@H](N)C(N[C@@H](CS)C(N[C@@H](C(C)C)C(N[C@@H](CS)C(=O)O)N[C@@H](CCCCN)C(=O)O)N[C@@H](Cc1c[nH]c2ccccc12)C(N[C@@H](CO)C(=O)O)N[C@@H](CCCCN)C(=O)O)N1CCC[C@H]1C(N[C@@H](CS)C(NCC(=O)O)N[C@@H](CS)C(=O)O)N[C@@H](CN[C@@H](C)C(=O)O)C(N[C@@H](C)C(=O)O)N[C@@H](CC(C)C)C(=O)O)C(NCC(N[C@@H](C(C)CC)C(N[C@@H](CCCCN)C(=O)O)N[C@H](C(=O)O)C(C)C)N1CCC[C@H]1C(N[C@@H](CS)C(=O)O)N[C@@H](Cc1ccc(O)cc1)C(=O)O)N[C@@H](CCC(N[C@@H](CS)C(O)N[C@@H](CC(N)=O)C(=O)O)N[C@H](C(=O)O)C(C)O)C(N[C@H](C(=O)O)C(C)O)N[C@H](C(=O)O)C(C)CC,RWCLEKLFDWEQKR-IQMLSGHRSA-N,BBB-,0,3207.0949999999884,-7.043600000000037,1229.5,61,62,128,3,217,5,experimental_classification,np
BBBP_00300,300,CC(C)C[C@H](NC(CC[C@H](NC(NCC(N[C@@H](C)C(=O)O)N[C@@H](Cc1ccc(O)cc1)C(=O)O)[C@H](CCCCN)NC(N[C@@H](C)C(N[C@@H](C)C(N[C@@H](CO)C(=O)O)N[C@@H](CC(C)C)C(=O)O)N1CCC[C@H]1C(N[C@@H](CCCNC(=N)N)C(=O)O)N[C@@H](Cc1ccc(O)cc1)C(=O)O)[C@@H](N)Cc1ccc(N2CCC[C@H]2C(N[C@@H](CCC(N[C@@H](CN[C@@H](CCCNC(=N)N)C(=O)O)C(N[C@@H](CCCNC(=N)N)C(=O)O)N[C@@H](CCC(N)=O)C(=O)O)N2CCC[C@H]2C(O)N[C@@H](Cc2ccc(O)cc2)C(=O)O)C(N[C@@H](CCC(=O)O)C(=O)O)N[C@@H](CCC(=O)O)C(=O)O)N2CCC[C@H]2C(N[C@@H](C)C(N[C@H](C(=O)O)C(C)C)N[C@H](C(=O)O)C(C)O)N[C@@H](CC(N[C@@H](Cc2ccc(O)cc2)C(=O)O)N[C@@H](CC(C)C)C(=O)O)C(N[C@@H](CC(N)=O)C(=O)O)N[C@@H](CC(C)C)C(=O)O)cc1)C(N[C@@H](CCCNC(=N)N)C(=O)O)N[C@@H](Cc1cnc[nH]1)C(=O)O)N[C@@H](CO)C(=O)O)C(=O)O,CC(C)C[C@H](NC(CC[C@H](NC(NCC(N[C@@H](C)C(=O)O)N[C@@H](Cc1ccc(O)cc1)C(=O)O)[C@H](CCCCN)NC(N[C@@H](C)C(N[C@@H](C)C(N[C@@H](CO)C(=O)O)N[C@@H](CC(C)C)C(=O)O)N1CCC[C@H]1C(N[C@@H](CCCNC(=N)N)C(=O)O)N[C@@H](Cc1ccc(O)cc1)C(=O)O)[C@@H](N)Cc1ccc(N2CCC[C@H]2C(N[C@@H](CCC(N[C@@H](CN[C@@H](CCCNC(=N)N)C(=O)O)C(N[C@@H](CCCNC(=N)N)C(=O)O)N[C@@H](CCC(N)=O)C(=O)O)N2CCC[C@H]2C(O)N[C@@H](Cc2ccc(O)cc2)C(=O)O)C(N[C@@H](CCC(=O)O)C(=O)O)N[C@@H](CCC(=O)O)C(=O)O)N2CCC[C@H]2C(N[C@@H](C)C(N[C@H](C(=O)O)C(C)C)N[C@H](C(=O)O)C(C)O)N[C@@H](CC(N[C@@H](Cc2ccc(O)cc2)C(=O)O)N[C@@H](CC(C)C)C(=O)O)C(N[C@@H](CC(N)=O)C(=O)O)N[C@@H](CC(C)C)C(=O)O)cc1)C(N[C@@H](CCCNC(=N)N)C(=O)O)N[C@@H](Cc1cnc[nH]1)C(=O)O)N[C@@H](CO)C(=O)O)C(=O)O,CVYMFRDKYOVNDG-JACDIJKVSA-N,BBB-,0,4275.97099999998,-10.301320000000272,1857.4299999999992,80,76,166,6,301,10,experimental_classification,np
BBBP_00301,301,CC(C)C[C@H](NC(CC[C@H](NC(N[C@@H](CC(N)=O)C(=O)O)[C@H](CCCNC(=N)N)NC(CN)N[C@@H](C)C(N[C@@H](Cc1ccccc1)C(=O)O)N[C@@H](CC(C)C)C(=O)O)C(=O)O)N[C@@H](CCCNC(=N)N)C(=O)O)C(=O)O,CC(C)C[C@H](NC(CC[C@H](NC(N[C@@H](CC(N)=O)C(=O)O)[C@H](CCCNC(=N)N)NC(CN)N[C@@H](C)C(N[C@@H](Cc1ccccc1)C(=O)O)N[C@@H](CC(C)C)C(=O)O)C(=O)O)N[C@@H](CCCNC(=N)N)C(=O)O)C(=O)O,SZWUENURMSIIBS-KSHVNVNUSA-N,BBB-,0,1083.3039999999999,-3.040360000000023,512.9499999999999,22,18,44,1,76,1,experimental_classification,np
BBBP_00302,302,CC(C)C[C@H](NC(N[C@@H](Cc1c[nH]c2ccccc12)C(O)N[C@@H](CCCNC(=N)N)C(=O)O)[C@@H](N)CCC(N)N1CCC[C@H]1C(N[C@@H](Cc1ccccc1)C(=O)O)N1CCC[C@H]1C(=O)O)C(=O)O,CC(C)C[C@H](NC(N[C@@H](Cc1c[nH]c2ccccc12)C(O)N[C@@H](CCCNC(=N)N)C(=O)O)[C@@H](N)CCC(N)N1CCC[C@H]1C(N[C@@H](Cc1ccccc1)C(=O)O)N1CCC[C@H]1C(=O)O)C(=O)O,SJTZMYAZUVNEHZ-AZSBBZKHSA-N,BBB-,0,951.1839999999997,0.7253699999999991,353.76000000000005,15,14,30,3,68,5,experimental_classification,np
BBBP_00303,303,CCC(C)[C@H](NC(N[C@@H](CC(N)=O)C(=O)O)[C@H](CC(C)C)NC(N[C@@H](C(C)CC)C(N[C@@H](C)C(=O)O)N[C@H](C(=O)O)C(C)C)[C@H](CC(C)C)NC(N[C@@H](CN1CCC[C@H]1C(N[C@@H](C)C(=O)O)N[C@@H](CO)C(=O)O)C(N[C@@H](C)C(N[C@@H](Cc1cnc[nH]1)C(=O)O)N[C@@H](Cc1cnc[nH]1)C(=O)O)N[C@@H](Cc1cnc[nH]1)C(N[C@@H](CC(C)C)C(=O)O)N[C@H](C(=O)O)C(C)C)[C@@H](N)Cc1ccccc1)C(O)N[C@@H](Cc1ccccc1)C(=O)O,CCC(C)[C@H](NC(N[C@@H](CC(N)=O)C(=O)O)[C@H](CC(C)C)NC(N[C@@H](C(C)CC)C(N[C@@H](C)C(=O)O)N[C@H](C(=O)O)C(C)C)[C@H](CC(C)C)NC(N[C@@H](CN1CCC[C@H]1C(N[C@@H](C)C(=O)O)N[C@@H](CO)C(=O)O)C(N[C@@H](C)C(N[C@@H](Cc1cnc[nH]1)C(=O)O)N[C@@H](Cc1cnc[nH]1)C(=O)O)N[C@@H](Cc1cnc[nH]1)C(N[C@@H](CC(C)C)C(=O)O)N[C@H](C(=O)O)C(C)C)[C@@H](N)Cc1ccccc1)C(O)N[C@@H](Cc1ccccc1)C(=O)O,MNAPZXDWLGLSGZ-OWBFXWPNSA-N,BBB-,0,2104.619,-0.3065999999999636,776.36,34,35,80,5,149,6,experimental_classification,np
BBBP_00304,304,CCC(C)[C@H](NC(N[C@@H](Cc1ccc(N[C@@H](CCC(N)NCC(=O)O)C(=O)O)cc1)C(N[C@@H](CS)C(=O)O)N[C@@H](CC(N)=O)C(=O)O)[C@@H](N)CS)C(N[C@@H](CC(C)C)C(=O)O)N1CCC[C@H]1C(=O)O,CCC(C)[C@H](NC(N[C@@H](Cc1ccc(N[C@@H](CCC(N)NCC(=O)O)C(=O)O)cc1)C(N[C@@H](CS)C(=O)O)N[C@@H](CC(N)=O)C(=O)O)[C@@H](N)CS)C(N[C@@H](CC(C)C)C(=O)O)N1CCC[C@H]1C(=O)O,FPWRUBJMUBCEPF-WPXLZZOOSA-N,BBB-,0,1018.2709999999997,-1.4400000000000082,406.38,18,19,37,1,69,2,experimental_classification,np
BBBP_00305,305,CC(C)C[C@H](NC(CNC(C[C@H](N)C(N[C@@H](CCCNC(=N)N)C(=O)O)N[C@@H](CC(N)=O)C(=O)O)NCC(N[C@@H](CCCNC(=N)N)C(=O)O)N[C@@H](Cc1ccccc1)C(=O)O)N[C@@H](Cc1ccccc1)C(=O)O)C(=O)O,CC(C)C[C@H](NC(CNC(C[C@H](N)C(N[C@@H](CCCNC(=N)N)C(=O)O)N[C@@H](CC(N)=O)C(=O)O)NCC(N[C@@H](CCCNC(=N)N)C(=O)O)N[C@@H](Cc1ccccc1)C(=O)O)N[C@@H](Cc1ccccc1)C(=O)O)C(=O)O,RNXKBRXCIXPIFU-PAKBQHSISA-N,BBB-,0,1089.2669999999998,-3.622360000000029,512.9499999999999,22,18,43,2,77,2,experimental_classification,np
BBBP_00306,306,CC(C)C[C@H](NC(O)[C@H](CN[C@@H](CCCNC(=N)N)C(=O)O)NC(N[C@@H](C)C(N[C@@H](Cc1ccc(O)cc1)C(=O)O)N[C@H](C(=O)O)C(C)C)[C@H](CCCNC(=N)N)NC(CN)NCC(N[C@@H](CO)C(=O)O)N[C@@H](CC(N)=O)C(=O)O)C(=O)O,CC(C)C[C@H](NC(O)[C@H](CN[C@@H](CCCNC(=N)N)C(=O)O)NC(N[C@@H](C)C(N[C@@H](Cc1ccc(O)cc1)C(=O)O)N[C@H](C(=O)O)C(C)C)[C@H](CCCNC(=N)N)NC(CN)NCC(N[C@@H](CO)C(=O)O)N[C@@H](CC(N)=O)C(=O)O)C(=O)O,WLHWQNAGSZISCW-CTQGWMIISA-N,BBB-,0,1189.385,-6.646559999999991,597.7,27,23,48,1,83,1,experimental_classification,np
BBBP_00307,307,CC(C)C[C@H](NC(N[C@@H](CC(N)=O)C(=O)O)[C@@H](NC(N[C@@H](CS)C(N[C@@H](C)C(=O)O)N[C@@H](CC(=O)O)C(=O)O)[C@@H](N)CCCCN)C(C)N[C@@H](CCC(N[C@@H](Cc1ccc(O)cc1)C(=O)O)N[C@H](C(=O)O)C(C)O)C(=O)O)C(=O)O,CC(C)C[C@H](NC(N[C@@H](CC(N)=O)C(=O)O)[C@@H](NC(N[C@@H](CS)C(N[C@@H](C)C(=O)O)N[C@@H](CC(=O)O)C(=O)O)[C@@H](N)CCCCN)C(C)N[C@@H](CCC(N[C@@H](Cc1ccc(O)cc1)C(=O)O)N[C@H](C(=O)O)C(C)O)C(=O)O)C(=O)O,ORKYQQNNNMNUND-CTKMAJQVSA-N,BBB-,0,1165.3319999999997,-4.193200000000025,542.26,23,23,46,1,80,1,experimental_classification,np
BBBP_00308,308,CCC(C)[C@H](NC(N[C@@H](CC(N[C@@H](CCSC)C(=O)O)N[C@H](C(=O)O)C(C)C)C(N[C@@H](CCCCN)C(=O)O)N[C@@H](CC(N)=O)C(=O)O)[C@@H](NC(N[C@@H](C(C)N[C@@H](C(C)N[C@@H](Cc1c[nH]c2ccccc12)C(=O)O)C(N[C@@H](CCC(N)=O)C(=O)O)N[C@@H](CCC(=O)O)C(=O)O)C(N[C@@H](C)C(N[C@@H](CCCNC(=N)N)C(=O)O)N[C@@H](CCC(=O)O)C(=O)O)N1CCC[C@H]1C(N[C@@H](C)C(=O)O)N[C@@H](CCCNC(=N)N)C(=O)O)[C@@H](N)CN1CCC[C@H]1C(N[C@@H](C(C)CC)C(N[C@@H](CCCCN)C(N[C@@H](CC(N)=O)C(=O)O)N[C@@H](CC(C)C)C(=O)O)N[C@H](C(=O)O)C(C)O)N[C@@H](CN[C@@H](C(C)C)C(N[C@@H](CCCNC(=N)N)C(=O)O)N[C@@H](CCC(=O)O)C(=O)O)C(N[C@@H](CCCNC(=N)N)C(N[C@@H](CO)C(=O)O)N[C@@H](CC(N)=O)C(=O)O)N[C@@H](CC(C)C)C(N[C@@H](Cc1ccccc1)C(=O)O)N[C@@H](CC(C)C)C(=O)O)C(C)CC)C(N[C@@H](CCCCN)C(=O)O)N[C@@H](CCC(N)=O)C(=O)O,CCC(C)[C@H](NC(N[C@@H](CC(N[C@@H](CCSC)C(=O)O)N[C@H](C(=O)O)C(C)C)C(N[C@@H](CCCCN)C(=O)O)N[C@@H](CC(N)=O)C(=O)O)[C@@H](NC(N[C@@H](C(C)N[C@@H](C(C)N[C@@H](Cc1c[nH]c2ccccc12)C(=O)O)C(N[C@@H](CCC(N)=O)C(=O)O)N[C@@H](CCC(=O)O)C(=O)O)C(N[C@@H](C)C(N[C@@H](CCCNC(=N)N)C(=O)O)N[C@@H](CCC(=O)O)C(=O)O)N1CCC[C@H]1C(N[C@@H](C)C(=O)O)N[C@@H](CCCNC(=N)N)C(=O)O)[C@@H](N)CN1CCC[C@H]1C(N[C@@H](C(C)CC)C(N[C@@H](CCCCN)C(N[C@@H](CC(N)=O)C(=O)O)N[C@@H](CC(C)C)C(=O)O)N[C@H](C(=O)O)C(C)O)N[C@@H](CN[C@@H](C(C)C)C(N[C@@H](CCCNC(=N)N)C(=O)O)N[C@@H](CCC(=O)O)C(=O)O)C(N[C@@H](CCCNC(=N)N)C(N[C@@H](CO)C(=O)O)N[C@@H](CC(N)=O)C(=O)O)N[C@@H](CC(C)C)C(N[C@@H](Cc1ccccc1)C(=O)O)N[C@@H](CC(C)C)C(=O)O)C(C)CC)C(N[C@@H](CCCCN)C(=O)O)N[C@@H](CCC(N)=O)C(=O)O,ILHKASRGIMAMED-KLJUFVDHSA-N,BBB-,0,4403.316999999983,-12.019820000000305,1971.3799999999987,83,77,185,3,307,5,experimental_classification,np
BBBP_00309,309,CC(C)C[C@H](NC(C[C@H](NC(CN)N[C@@H](C(C)C)C(N[C@@H](CO)C(=O)O)N[C@@H](CO)C(=O)O)C(N[C@@H](CCCNC(=N)N)C(=O)O)N[C@@H](CC(C)C)C(=O)O)N[C@@H](Cc1ccccc1)C(=O)O)C(=O)O,CC(C)C[C@H](NC(C[C@H](NC(CN)N[C@@H](C(C)C)C(N[C@@H](CO)C(=O)O)N[C@@H](CO)C(=O)O)C(N[C@@H](CCCNC(=N)N)C(=O)O)N[C@@H](CC(C)C)C(=O)O)N[C@@H](Cc1ccccc1)C(=O)O)C(=O)O,RVAUWWXZRCLZGL-QUTOMNLLSA-N,BBB-,0,1001.1939999999998,-2.948430000000024,448.41999999999996,20,18,40,1,70,1,experimental_classification,np
BBBP_00310,310,CCC(C)[C@H](NC(N[C@@H](CC(C)C)C(N[C@@H](CC(C)C)C(N[C@@H](CO)C(=O)O)N[C@@H](CCC(=O)O)C(=O)O)N[C@@H](CCSC)C(N[C@@H](CCC(N)=O)C(=O)O)N1CCC[C@H]1C(=O)O)[C@H](Cc1ccccc1)NC(CN)N[C@@H](CC(C)C)C(N[C@@H](C(C)N[C@@H](C)C(N[C@@H](Cc1ccccc1)C(=O)O)N[C@@H](CC(C)C)C(=O)O)C(NCC(NCC(=O)O)N[C@@H](CO)C(=O)O)N[C@@H](CCCCN)C(NCC(=O)O)N[C@@H](CCC(N)=O)C(=O)O)N[C@@H](CCCCN)C(NCC(N[C@@H](CCCCN)C(=O)O)N[C@@H](CCC(=O)O)C(=O)O)N[C@@H](CCCCN)C(N[C@@H](C)C(=O)O)N[C@H](C(=O)O)C(C)C)C(NCC(=O)O)N[C@@H](Cc1cnc[nH]1)C(=O)O,CCC(C)[C@H](NC(N[C@@H](CC(C)C)C(N[C@@H](CC(C)C)C(N[C@@H](CO)C(=O)O)N[C@@H](CCC(=O)O)C(=O)O)N[C@@H](CCSC)C(N[C@@H](CCC(N)=O)C(=O)O)N1CCC[C@H]1C(=O)O)[C@H](Cc1ccccc1)NC(CN)N[C@@H](CC(C)C)C(N[C@@H](C(C)N[C@@H](C)C(N[C@@H](Cc1ccccc1)C(=O)O)N[C@@H](CC(C)C)C(=O)O)C(NCC(NCC(=O)O)N[C@@H](CO)C(=O)O)N[C@@H](CCCCN)C(NCC(=O)O)N[C@@H](CCC(N)=O)C(=O)O)N[C@@H](CCCCN)C(NCC(N[C@@H](CCCCN)C(=O)O)N[C@@H](CCC(=O)O)C(=O)O)N[C@@H](CCCCN)C(N[C@@H](C)C(=O)O)N[C@H](C(=O)O)C(C)C)C(NCC(=O)O)N[C@@H](Cc1cnc[nH]1)C(=O)O,UPOVHAOPOJZCRJ-ZBZASSLSSA-N,BBB-,0,3157.907999999992,-6.40460000000009,1296.8999999999999,56,58,138,3,220,4,experimental_classification,np
BBBP_00311,311,CC(C)C[C@H](NC[C@H](NC(N[C@@H](CCC(N)N[C@@H](Cc1ccccc1)C(=O)O)C(N[C@@H](CCCNC(=N)N)C(=O)O)N[C@H](C(=O)O)C(C)C)[C@H](C)N)C(=O)O)C(=O)O,CC(C)C[C@H](NC[C@H](NC(N[C@@H](CCC(N)N[C@@H](Cc1ccccc1)C(=O)O)C(N[C@@H](CCCNC(=N)N)C(=O)O)N[C@H](C(=O)O)C(C)C)[C@H](C)N)C(=O)O)C(=O)O,HMKFYYDXQRTDSN-MCNVNZIFSA-N,BBB-,0,826.0100000000002,-1.5689300000000062,372.62,16,14,32,1,58,1,experimental_classification,np
BBBP_00312,312,CC(C)[C@H](NC(N)CC[C@H](N)C(N[C@@H](Cc1cnc[nH]1)C(=O)O)N[C@@H](Cc1cnc[nH]1)C(=O)O)C(N[C@@H](CCCCN)C(=O)O)N[C@@H](CCC(N)=O)C(=O)O,CC(C)[C@H](NC(N)CC[C@H](N)C(N[C@@H](Cc1cnc[nH]1)C(=O)O)N[C@@H](Cc1cnc[nH]1)C(=O)O)C(N[C@@H](CCCCN)C(=O)O)N[C@@H](CCC(N)=O)C(=O)O,SFTYJHNYZCNXJP-MOLZZRFTSA-N,BBB-,0,781.9169999999997,-2.857600000000007,387.85999999999996,15,15,31,2,55,2,experimental_classification,np
BBBP_00313,313,CCC(C)[C@H](NC(N[C@@H](CN[C@@H](C)C(N[C@@H](C)C(=O)O)N[C@H](C(=O)O)C(C)CC)C(N[C@@H](C)C(N[C@@H](CCCCN)C(=O)O)N[C@@H](CCCCN)C(=O)O)N[C@@H](CC(C)C)C(N[C@@H](CC(C)C)C(=O)O)N[C@H](C(=O)O)C(C)CC)[C@H](CC(C)C)NC(NCC(NCC(N[C@@H](CO)C(=O)O)N[C@@H](CC(C)C)C(=O)O)N[C@@H](C(C)CC)C(N[C@@H](CC(C)C)C(=O)O)N1CCC[C@H]1C(=O)O)[C@@H](N)Cc1ccccc1)C(NCC(=O)O)N[C@@H](CCCCN)C(=O)O,CCC(C)[C@H](NC(N[C@@H](CN[C@@H](C)C(N[C@@H](C)C(=O)O)N[C@H](C(=O)O)C(C)CC)C(N[C@@H](C)C(N[C@@H](CCCCN)C(=O)O)N[C@@H](CCCCN)C(=O)O)N[C@@H](CC(C)C)C(N[C@@H](CC(C)C)C(=O)O)N[C@H](C(=O)O)C(C)CC)[C@H](CC(C)C)NC(NCC(NCC(N[C@@H](CO)C(=O)O)N[C@@H](CC(C)C)C(=O)O)N[C@@H](C(C)CC)C(N[C@@H](CC(C)C)C(=O)O)N1CCC[C@H]1C(=O)O)[C@@H](N)Cc1ccccc1)C(NCC(=O)O)N[C@@H](CCCCN)C(=O)O,VABVDWCMNBGMMU-POXZZXDISA-N,BBB-,0,2243.982999999999,1.2091000000000751,815.75,37,38,97,1,157,2,experimental_classification,np
BBBP_00314,314,CSCC[C@H](NC(N)C[C@H](NC(N[C@@H](CCCNC(=N)N)C(=O)O)[C@@H](N)C(C)N1CCC[C@H]1C(N[C@@H](CC(=O)O)C(=O)O)N[C@@H](Cc1ccccc1)C(=O)O)C(N[C@@H](CCCNC(=N)N)C(=O)O)N[C@@H](Cc1ccccc1)C(=O)O)C(=O)O,CSCC[C@H](NC(N)C[C@H](NC(N[C@@H](CCCNC(=N)N)C(=O)O)[C@@H](N)C(C)N1CCC[C@H]1C(N[C@@H](CC(=O)O)C(=O)O)N[C@@H](Cc1ccccc1)C(=O)O)C(N[C@@H](CCCNC(=N)N)C(=O)O)N[C@@H](Cc1ccccc1)C(=O)O)C(=O)O,MMKUBCPHMDQUSU-ZTNQPZFGSA-N,BBB-,0,1191.425,-2.725460000000024,524.39,22,20,44,2,83,3,experimental_classification,np
BBBP_00315,315,CCC(C)[C@H](N)C(N[C@@H](CCC(N[C@@H](C)C(=O)O)N[C@@H](Cc1ccccc1)C(=O)O)C(=O)O)N[C@@H](Cc1ccccc1)C(=O)O,CCC(C)[C@H](N)C(N[C@@H](CCC(N[C@@H](C)C(=O)O)N[C@@H](Cc1ccccc1)C(=O)O)C(=O)O)N[C@@H](Cc1ccccc1)C(=O)O,LSBWSKIJCTWQNY-PNZVRUARSA-N,BBB-,0,629.7550000000002,1.468700000000008,223.33999999999997,9,9,22,2,45,2,experimental_classification,np
BBBP_00316,316,CC(C)C[C@H](NC(C[C@H](NC(N[C@@H](C(C)C)C(NCC(=O)O)N[C@@H](CC(C)C)C(=O)O)[C@H](CC(C)C)NC(CN)N[C@@H](CC(C)C)C(NCC(=O)O)N[C@@H](C(C)C)C(NCC(=O)O)N[C@@H](CC(C)C)C(=O)O)C(NCC(=O)O)N[C@@H](CC(C)C)C(=O)O)N[C@@H](CC(N)=O)C(=O)O)C(=O)O,CC(C)C[C@H](NC(C[C@H](NC(N[C@@H](C(C)C)C(NCC(=O)O)N[C@@H](CC(C)C)C(=O)O)[C@H](CC(C)C)NC(CN)N[C@@H](CC(C)C)C(NCC(=O)O)N[C@@H](C(C)C)C(NCC(=O)O)N[C@@H](CC(C)C)C(=O)O)C(NCC(=O)O)N[C@@H](CC(C)C)C(=O)O)N[C@@H](CC(N)=O)C(=O)O)C(=O)O,QPVYGROUDXSGPR-TXXAKIPKSA-N,BBB-,0,1423.8050000000003,-1.2162999999999924,573.23,25,25,61,0,99,0,experimental_classification,np
BBBP_00317,317,CCC(C)[C@H](NC(N[C@@H](CS)C(N[C@H](C(=O)O)C(C)CC)N1CCC[C@H]1C(=O)O)[C@@H](N)CCCNC(=N)N)C(N[C@@H](C(C)N[C@@H](Cc1ccccc1)C(=O)O)C(N[C@@H](CCSC)C(=O)O)N1CCC[C@H]1C(=O)O)N1CCC[C@H]1C(N[C@@H](CS)C(=O)O)N[C@@H](Cc1ccc(O)cc1)C(=O)O,CCC(C)[C@H](NC(N[C@@H](CS)C(N[C@H](C(=O)O)C(C)CC)N1CCC[C@H]1C(=O)O)[C@@H](N)CCCNC(=N)N)C(N[C@@H](C(C)N[C@@H](Cc1ccccc1)C(=O)O)C(N[C@@H](CCSC)C(=O)O)N1CCC[C@H]1C(=O)O)N1CCC[C@H]1C(N[C@@H](CS)C(=O)O)N[C@@H](Cc1ccc(O)cc1)C(=O)O,CPAFZGRRGLCOJO-GVZZBPOFSA-N,BBB-,0,1450.9050000000007,1.1428699999999712,475.21,22,24,49,2,99,5,experimental_classification,np
BBBP_00318,318,CCC(C)[C@H](NC([C@H](CCCCN)NC([C@@H](N)CCC(N)N[C@@H](CCC(N[C@@H](Cc1ccc(N[C@@H](CCSC)C(=O)O)cc1)C(=O)O)N[C@@H](Cc1c[nH]c2ccccc12)C(=O)O)C(N1CCC[C@H]1C(=O)O)N1CCC[C@H]1C(=O)O)N1CCC[C@H]1C(N[C@@H](Cc1ccc(O)cc1)C(=O)O)N1CCC[C@H]1C(=O)O)N1CCC[C@H]1C(=O)O)C(=O)O,CCC(C)[C@H](NC([C@H](CCCCN)NC([C@@H](N)CCC(N)N[C@@H](CCC(N[C@@H](Cc1ccc(N[C@@H](CCSC)C(=O)O)cc1)C(=O)O)N[C@@H](Cc1c[nH]c2ccccc12)C(=O)O)C(N1CCC[C@H]1C(=O)O)N1CCC[C@H]1C(=O)O)N1CCC[C@H]1C(N[C@@H](Cc1ccc(O)cc1)C(=O)O)N1CCC[C@H]1C(=O)O)N1CCC[C@H]1C(=O)O)C(=O)O,JLRRMSOTEGNCFW-MBIKCAFCSA-N,BBB-,0,1658.043000000001,3.2456999999999816,550.19,21,26,53,4,117,9,experimental_classification,np
BBBP_00319,319,CCC(C)[C@H](NC(N[C@@H](Cc1ccccc1)C(=O)O)[C@@H](NC(N[C@@H](CCCCN)C(N[C@@H](C)C(=O)O)N[C@@H](CCC(=O)O)C(=O)O)[C@@H](N)C(C)N[C@@H](CC(N)N[C@@H](CCC(NCC(=O)O)N[C@@H](C)C(=O)O)C(NCC(=O)O)N[C@@H](C)C(=O)O)C(N[C@@H](CCC(=O)O)C(=O)O)N[C@@H](CN[C@@H](CCCNC(=N)N)C(=O)O)C(=O)O)C(C)C)C(=O)O,CCC(C)[C@H](NC(N[C@@H](Cc1ccccc1)C(=O)O)[C@@H](NC(N[C@@H](CCCCN)C(N[C@@H](C)C(=O)O)N[C@@H](CCC(=O)O)C(=O)O)[C@@H](N)C(C)N[C@@H](CC(N)N[C@@H](CCC(NCC(=O)O)N[C@@H](C)C(=O)O)C(NCC(=O)O)N[C@@H](C)C(=O)O)C(N[C@@H](CCC(=O)O)C(=O)O)N[C@@H](CN[C@@H](CCCNC(=N)N)C(=O)O)C(=O)O)C(C)C)C(=O)O,WOQSNXNENKKJIA-GBAKKDKPSA-N,BBB-,0,1692.9340000000009,-6.1933299999999525,805.3100000000001,34,32,72,1,118,1,experimental_classification,np
BBBP_00320,320,CCC(C)[C@H](NC(N[C@@H](CCCNC(=N)N)C(=O)O)[C@H](Cc1ccc(N[C@@H](CC(C)C)C(=O)O)cc1)NC([C@H](CN[C@@H](C(C)N[C@@H](C(C)C)C(O)N[C@@H](Cc1ccc(O)cc1)C(=O)O)C(N[C@@H](CCC(=O)O)C(=O)O)N[C@@H](CC(=O)O)C(=O)O)NC(CN)N1CCC[C@H]1C(N[C@@H](CCC(N)NCC(N[C@@H](CC(N)=O)C(=O)O)N[C@@H](CC(=O)O)C(=O)O)C(N[C@@H](CC(N[C@@H](CCC(N)=O)C(=O)O)N[C@@H](CC(C)C)C(=O)O)C(N[C@@H](CCC(N)=O)C(=O)O)N[C@@H](Cc1ccc(O)cc1)C(=O)O)N[C@@H](CC(N[C@@H](CC(N)=O)C(=O)O)N[C@@H](CC(C)C)C(=O)O)C(N[C@H](C(=O)O)C(C)C)N[C@H](C(=O)O)C(C)C)N1CCC[C@H]1C(N[C@@H](C)C(N[C@@H](CCCNC(=N)N)C(=O)O)N[C@H](C(=O)O)C(C)O)N1CCC[C@H]1C(N[C@@H](CCCNC(=N)N)C(=O)O)N[C@@H](Cc1cnc[nH]1)C(=O)O)N1CCC[C@H]1C(N[C@@H](Cc1ccccc1)C(=O)O)N[C@@H](Cc1ccc(O)cc1)C(=O)O)C(=O)O,CCC(C)[C@H](NC(N[C@@H](CCCNC(=N)N)C(=O)O)[C@H](Cc1ccc(N[C@@H](CC(C)C)C(=O)O)cc1)NC([C@H](CN[C@@H](C(C)N[C@@H](C(C)C)C(O)N[C@@H](Cc1ccc(O)cc1)C(=O)O)C(N[C@@H](CCC(=O)O)C(=O)O)N[C@@H](CC(=O)O)C(=O)O)NC(CN)N1CCC[C@H]1C(N[C@@H](CCC(N)NCC(N[C@@H](CC(N)=O)C(=O)O)N[C@@H](CC(=O)O)C(=O)O)C(N[C@@H](CC(N[C@@H](CCC(N)=O)C(=O)O)N[C@@H](CC(C)C)C(=O)O)C(N[C@@H](CCC(N)=O)C(=O)O)N[C@@H](Cc1ccc(O)cc1)C(=O)O)N[C@@H](CC(N[C@@H](CC(N)=O)C(=O)O)N[C@@H](CC(C)C)C(=O)O)C(N[C@H](C(=O)O)C(C)C)N[C@H](C(=O)O)C(C)C)N1CCC[C@H]1C(N[C@@H](C)C(N[C@@H](CCCNC(=N)N)C(=O)O)N[C@H](C(=O)O)C(C)O)N1CCC[C@H]1C(N[C@@H](CCCNC(=N)N)C(=O)O)N[C@@H](Cc1cnc[nH]1)C(=O)O)N1CCC[C@H]1C(N[C@@H](Cc1ccccc1)C(=O)O)N[C@@H](Cc1ccc(O)cc1)C(=O)O)C(=O)O,KUKPCDQOOKWXFV-PFGTXPGTSA-N,BBB-,0,4272.922999999984,-9.999590000000259,1858.319999999999,77,75,164,6,301,10,experimental_classification,np
BBBP_00321,321,CCC(C)[C@H](N)C(N[C@@H](Cc1ccc(N[C@@H](CCC(=O)O)C(=O)O)cc1)C(=O)O)N[C@@H](C)C(N[C@@H](CCCCN)C(=O)O)N1CCC[C@H]1C(=O)O,CCC(C)[C@H](N)C(N[C@@H](Cc1ccc(N[C@@H](CCC(=O)O)C(=O)O)cc1)C(=O)O)N[C@@H](C)C(N[C@@H](CCCCN)C(=O)O)N1CCC[C@H]1C(=O)O,UAFVVQHQDGICNI-QUMBHBSUSA-N,BBB-,0,723.8689999999998,0.7263000000000076,289.90000000000003,11,12,26,1,51,2,experimental_classification,np
BBBP_00322,322,CC(C)C[C@H](NC(O)[C@H](Cc1cnc[nH]1)NC([C@@H](N)CC(N[C@@H](CC(C)C)C(N[C@@H](CO)C(=O)O)N[C@@H](Cc1ccc(O)cc1)C(=O)O)N[C@@H](Cc1cnc[nH]1)C(N[C@@H](CC(=O)O)C(=O)O)N[C@H](C(=O)O)C(C)C)N1CCC[C@H]1C(N[C@@H](CCCNC(=N)N)C(=O)O)N1CCC[C@H]1C(=O)O)C(=O)O,CC(C)C[C@H](NC(O)[C@H](Cc1cnc[nH]1)NC([C@@H](N)CC(N[C@@H](CC(C)C)C(N[C@@H](CO)C(=O)O)N[C@@H](Cc1ccc(O)cc1)C(=O)O)N[C@@H](Cc1cnc[nH]1)C(N[C@@H](CC(=O)O)C(=O)O)N[C@H](C(=O)O)C(C)C)N1CCC[C@H]1C(N[C@@H](CCCNC(=N)N)C(=O)O)N1CCC[C@H]1C(=O)O)C(=O)O,JDOHXGDQQQIUGK-SAUJQHEJSA-N,BBB-,0,1460.7010000000012,-2.84413,619.1200000000001,26,26,52,3,103,5,experimental_classification,np
BBBP_00323,323,CCC(C)[C@H](NC(N[C@@H](CC(C)C)C(N[C@@H](C)C(=O)O)N[C@@H](CC(C)C)C(=O)O)[C@H](CC(C)C)NC([C@@H](N)C(C)C)N1CCC[C@H]1C(N[C@@H](CCSC)C(=O)O)N[C@@H](CN[C@@H](CC(C)C)C(=O)O)C(O)N[C@@H](CC(C)C)C(=O)O)C(NCC(=O)O)N[C@@H](CCCCN)C(=O)O,CCC(C)[C@H](NC(N[C@@H](CC(C)C)C(N[C@@H](C)C(=O)O)N[C@@H](CC(C)C)C(=O)O)[C@H](CC(C)C)NC([C@@H](N)C(C)C)N1CCC[C@H]1C(N[C@@H](CCSC)C(=O)O)N[C@@H](CN[C@@H](CC(C)C)C(=O)O)C(O)N[C@@H](CC(C)C)C(=O)O)C(NCC(=O)O)N[C@@H](CCCCN)C(=O)O,YHOZZGIKJPOHER-SBYOMPAHSA-N,BBB-,0,1379.9050000000002,2.3253999999999744,468.93999999999994,21,23,57,0,95,1,experimental_classification,np
BBBP_00324,324,CC(C)C[C@H](NC(NCC(=O)O)[C@@H]1CCCN1C(CC[C@H](N)C(N[C@@H](C)C(=O)O)N[C@@H](Cc1ccccc1)C(=O)O)N[C@@H](Cc1ccc(O)cc1)C(=O)O)C(=O)O,CC(C)C[C@H](NC(NCC(=O)O)[C@@H]1CCCN1C(CC[C@H](N)C(N[C@@H](C)C(=O)O)N[C@@H](Cc1ccccc1)C(=O)O)N[C@@H](Cc1ccc(O)cc1)C(=O)O)C(=O)O,CPXMCBJRABVEBV-OYLZUWIWSA-N,BBB-,0,801.9390000000003,0.6390000000000124,296.14,12,13,27,2,57,3,experimental_classification,np
BBBP_00325,325,CCC(C)[C@H](NC(N[C@@H](Cc1ccc(N[C@@H](CNCC(=O)O)C(=O)O)cc1)C(N[C@@H](CS)C(=O)O)N[C@@H](CC(N)=O)C(=O)O)[C@@H](N)CS)C(N[C@H](C(=O)O)C(C)CC)N1CCC[C@H]1C(=O)O,CCC(C)[C@H](NC(N[C@@H](Cc1ccc(N[C@@H](CNCC(=O)O)C(=O)O)cc1)C(N[C@@H](CS)C(=O)O)N[C@@H](CC(N)=O)C(=O)O)[C@@H](N)CS)C(N[C@H](C(=O)O)C(C)CC)N1CCC[C@H]1C(=O)O,XYYZZZNZGZBZJM-BBOCPLOTSA-N,BBB-,0,975.2019999999998,-1.5050000000000057,380.35999999999996,17,18,35,1,66,2,experimental_classification,np
BBBP_00326,326,CC(C)C[C@H](NC(C[C@H](NC(CN)N1CCC[C@H]1C(N[C@@H](C)C(=O)O)N[C@@H](CO)C(=O)O)C(N[C@@H](CCCNC(=N)N)C(=O)O)N[C@@H](CC(C)C)C(=O)O)N[C@@H](Cc1ccccc1)C(=O)O)C(=O)O,CC(C)C[C@H](NC(C[C@H](NC(CN)N1CCC[C@H]1C(N[C@@H](C)C(=O)O)N[C@@H](CO)C(=O)O)C(N[C@@H](CCCNC(=N)N)C(=O)O)N[C@@H](CC(C)C)C(=O)O)N[C@@H](Cc1ccccc1)C(=O)O)C(=O)O,XJELDOHJWQNTNA-ODULFARJSA-N,BBB-,0,983.1789999999999,-2.070630000000021,419.4,18,17,37,1,69,2,experimental_classification,np
BBBP_00327,327,CC(C)C[C@H](Nc1ccc(C[C@H](NC(N[C@@H](CC(N[C@@H](CCCNC(=N)N)C(=O)O)N[C@@H](CC(=O)O)C(=O)O)C(N[C@@H](CCCCN)C(=O)O)N2CCC[C@H]2C(=O)O)[C@H](Cc2ccccc2)NC(N)CC[C@H](N)C(N[C@@H](C(C)NCC(=O)O)C(N[C@@H](CCC(N)=O)C(=O)O)N[C@@H](CC(=O)O)C(=O)O)N2CCC[C@H]2C(N[C@@H](CCC(=O)O)C(=O)O)N[C@@H](CC(NCC(=O)O)N[C@@H](C)C(=O)O)C(O)N[C@@H](CCCNC(=N)N)C(=O)O)C(NCC(=O)O)N[C@@H](CC(C)C)C(=O)O)cc1)C(=O)O,CC(C)C[C@H](Nc1ccc(C[C@H](NC(N[C@@H](CC(N[C@@H](CCCNC(=N)N)C(=O)O)N[C@@H](CC(=O)O)C(=O)O)C(N[C@@H](CCCCN)C(=O)O)N2CCC[C@H]2C(=O)O)[C@H](Cc2ccccc2)NC(N)CC[C@H](N)C(N[C@@H](C(C)NCC(=O)O)C(N[C@@H](CCC(N)=O)C(=O)O)N[C@@H](CC(=O)O)C(=O)O)N2CCC[C@H]2C(N[C@@H](CCC(=O)O)C(=O)O)N[C@@H](CC(NCC(=O)O)N[C@@H](C)C(=O)O)C(O)N[C@@H](CCCNC(=N)N)C(=O)O)C(NCC(=O)O)N[C@@H](CC(C)C)C(=O)O)cc1)C(=O)O,FHLIWJSVXVBYBW-PCGBIGDCSA-N,BBB-,0,2398.7039999999974,-8.115360000000004,1122.3000000000002,46,44,97,2,168,4,experimental_classification,np
BBBP_00328,328,CC(C)C[C@H](NC([C@H](Cc1ccc(NCC(=O)O)cc1)NC(N[C@@H](CC(N)N[C@@H](C)C(=O)O)C(=O)O)[C@H](C)N)N1CCC[C@H]1C(=O)O)C(=O)O,CC(C)C[C@H](NC([C@H](Cc1ccc(NCC(=O)O)cc1)NC(N[C@@H](CC(N)N[C@@H](C)C(=O)O)C(=O)O)[C@H](C)N)N1CCC[C@H]1C(=O)O)C(=O)O,YTQBSPGQDODUAB-HIPYOEOHSA-N,BBB-,0,710.8299999999999,-0.8984999999999996,301.93,12,13,24,1,50,2,experimental_classification,np
BBBP_00329,329,CCC(C)[C@H](NC(N[C@@H](CCCCN)C(N[C@@H](CC(C)C)C(N[C@@H](CO)C(=O)O)N[C@@H](CCC(=O)O)C(=O)O)N[C@@H](CC(C)C)C(N[C@@H](CCCCN)C(=O)O)N[C@@H](CCC(N)=O)C(=O)O)[C@@H](NC(N[C@@H](CC(C)C)C(N[C@@H](CC(C)C)C(N[C@@H](CC(C)C)C(N[C@@H](Cc1c[nH]c2ccccc12)C(=O)O)N[C@@H](CC(C)C)C(=O)O)N[C@@H](CC(C)C)C(N[C@@H](Cc1ccccc1)C(=O)O)N[C@H](C(=O)O)C(C)C)N[C@@H](CCC(N)N[C@@H](CCCCN)C(N[C@@H](CC(C)C)C(=O)O)N[C@@H](CC(C)C)C(=O)O)C(N[C@@H](CC(C)C)C(N[C@@H](Cc1ccccc1)C(=O)O)N[C@@H](Cc1ccc(O)cc1)C(=O)O)N[C@@H](CC(C)C)C(N[C@@H](Cc1ccc(O)cc1)C(=O)O)N[C@H](C(=O)O)C(C)CC)[C@@H](N)CCSC)C(C)CC)C(N[C@@H](Cc1ccc(O)cc1)C(=O)O)N[C@@H](CC(C)C)C(O)N[C@@H](Cc1ccccc1)C(=O)O,CCC(C)[C@H](NC(N[C@@H](CCCCN)C(N[C@@H](CC(C)C)C(N[C@@H](CO)C(=O)O)N[C@@H](CCC(=O)O)C(=O)O)N[C@@H](CC(C)C)C(N[C@@H](CCCCN)C(=O)O)N[C@@H](CCC(N)=O)C(=O)O)[C@@H](NC(N[C@@H](CC(C)C)C(N[C@@H](CC(C)C)C(N[C@@H](CC(C)C)C(N[C@@H](Cc1c[nH]c2ccccc12)C(=O)O)N[C@@H](CC(C)C)C(=O)O)N[C@@H](CC(C)C)C(N[C@@H](Cc1ccccc1)C(=O)O)N[C@H](C(=O)O)C(C)C)N[C@@H](CCC(N)N[C@@H](CCCCN)C(N[C@@H](CC(C)C)C(=O)O)N[C@@H](CC(C)C)C(=O)O)C(N[C@@H](CC(C)C)C(N[C@@H](Cc1ccccc1)C(=O)O)N[C@@H](Cc1ccc(O)cc1)C(=O)O)N[C@@H](CC(C)C)C(N[C@@H](Cc1ccc(O)cc1)C(=O)O)N[C@H](C(=O)O)C(C)CC)[C@@H](N)CCSC)C(C)CC)C(N[C@@H](Cc1ccc(O)cc1)C(=O)O)N[C@@H](CC(C)C)C(O)N[C@@H](Cc1ccccc1)C(=O)O,NUBDDOQKAQUCEJ-NLTTUDDFSA-N,BBB-,0,3952.256999999979,12.269300000000054,1285.1299999999997,59,59,161,8,279,8,experimental_classification,np
BBBP_00330,330,CC(C)C[C@H](NC(N[C@H](C(=O)O)C(C)C)[C@@H](NC(N[C@@H](CS)C(N[C@@H](C)C(=O)O)N[C@H](C(=O)O)C(C)O)[C@H](Cc1ccccc1)NC[C@H](NC(CN)N[C@@H](C)C(N[C@@H](C(C)N[C@@H](CS)C(=O)O)C(N[C@@H](CO)C(=O)O)N[C@@H](CS)C(=O)O)N[C@@H](CCC(N[C@@H](Cc1ccc(O)cc1)C(=O)O)N[C@H](C(=O)O)C(C)O)C(N[C@@H](CC(=O)O)C(=O)O)N1CCC[C@H]1C(=O)O)C(NCC(N[C@@H](CS)C(=O)O)N[C@H](C(=O)O)C(C)O)N[C@@H](CS)C(NCC(N[C@@H](CCCCN)C(=O)O)N[C@@H](CC(N)=O)C(=O)O)N[C@@H](CC(C)C)C(N[C@@H](CS)C(=O)O)N[C@@H](CC(C)C)C(=O)O)C(C)C)C(=O)O,CC(C)C[C@H](NC(N[C@H](C(=O)O)C(C)C)[C@@H](NC(N[C@@H](CS)C(N[C@@H](C)C(=O)O)N[C@H](C(=O)O)C(C)O)[C@H](Cc1ccccc1)NC[C@H](NC(CN)N[C@@H](C)C(N[C@@H](C(C)N[C@@H](CS)C(=O)O)C(N[C@@H](CO)C(=O)O)N[C@@H](CS)C(=O)O)N[C@@H](CCC(N[C@@H](Cc1ccc(O)cc1)C(=O)O)N[C@H](C(=O)O)C(C)O)C(N[C@@H](CC(=O)O)C(=O)O)N1CCC[C@H]1C(=O)O)C(NCC(N[C@@H](CS)C(=O)O)N[C@H](C(=O)O)C(C)O)N[C@@H](CS)C(NCC(N[C@@H](CCCCN)C(=O)O)N[C@@H](CC(N)=O)C(=O)O)N[C@@H](CC(C)C)C(N[C@@H](CS)C(=O)O)N[C@@H](CC(C)C)C(=O)O)C(C)C)C(=O)O,BZFULFFDJZJMLI-LHFOFYFVSA-N,BBB-,0,2986.6869999999926,-9.736400000000033,1195.73,59,60,119,2,201,3,experimental_classification,np
BBBP_00331,331,CCC(C)[C@H](NC(N[C@@H](CCCCN)C(N[C@@H](CCCCN)C(=O)O)N[C@@H](CC(C)C)C(=O)O)[C@H](CCCCN)NC(CN)N[C@@H](CC(C)C)C(N[C@@H](CC(N[C@@H](CC(N)N[C@@H](C)C(=O)O)C(NCC(=O)O)N[C@@H](C)C(=O)O)N[C@@H](CC(C)C)C(N[C@H](C(=O)O)C(C)C)N[C@H](C(=O)O)C(C)CC)C(N[C@@H](C)C(N[C@@H](CCCCN)C(=O)O)N[C@@H](CC(N)=O)C(=O)O)N[C@@H](CCCCN)C(N[C@@H](CO)C(=O)O)N[C@@H](Cc1ccccc1)C(=O)O)N[C@@H](CCSC)C(N[C@@H](C)C(=O)O)N[C@@H](CCC(N[C@@H](CCC(N)=O)C(=O)O)N1CCC[C@H]1C(=O)O)C(N[C@@H](CCC(N)=O)C(=O)O)N1CCC[C@H]1C(=O)O)C(N[C@@H](C)C(=O)O)N[C@H](C(=O)O)C(C)C,CCC(C)[C@H](NC(N[C@@H](CCCCN)C(N[C@@H](CCCCN)C(=O)O)N[C@@H](CC(C)C)C(=O)O)[C@H](CCCCN)NC(CN)N[C@@H](CC(C)C)C(N[C@@H](CC(N[C@@H](CC(N)N[C@@H](C)C(=O)O)C(NCC(=O)O)N[C@@H](C)C(=O)O)N[C@@H](CC(C)C)C(N[C@H](C(=O)O)C(C)C)N[C@H](C(=O)O)C(C)CC)C(N[C@@H](C)C(N[C@@H](CCCCN)C(=O)O)N[C@@H](CC(N)=O)C(=O)O)N[C@@H](CCCCN)C(N[C@@H](CO)C(=O)O)N[C@@H](Cc1ccccc1)C(=O)O)N[C@@H](CCSC)C(N[C@@H](C)C(=O)O)N[C@@H](CCC(N[C@@H](CCC(N)=O)C(=O)O)N1CCC[C@H]1C(=O)O)C(N[C@@H](CCC(N)=O)C(=O)O)N1CCC[C@H]1C(=O)O)C(N[C@@H](C)C(=O)O)N[C@H](C(=O)O)C(C)C,GHKTUNIIHHCPDZ-ORLHXBBFSA-N,BBB-,0,3211.0569999999902,-6.008400000000119,1334.3299999999995,56,59,139,1,223,3,experimental_classification,np
BBBP_00332,332,CCC(C)[C@H](NC(NCC(NCC(=O)O)N[C@@H](Cc1ccccc1)C(=O)O)[C@H](CS)NC(N[C@@H](CCCNC(=N)N)C(N[C@@H](CS)C(N[C@@H](Cc1ccccc1)C(=O)O)N[C@@H](CC(C)C)C(=O)O)N[C@@H](CCCNC(=N)N)C(N[C@@H](CS)C(=O)O)N[C@H](C(=O)O)C(C)C)[C@H](CCCNC(=N)N)NC(N[C@@H](C(C)CC)C(N[C@@H](CS)C(NCC(N[C@@H](CCCNC(=N)N)C(=O)O)N[C@@H](CC(C)C)C(=O)O)N[C@@H](CC(C)C)C(NCC(=O)O)N[C@@H](Cc1cnc[nH]1)C(=O)O)N[C@@H](CCCNC(=N)N)C(N[C@@H](CC(C)C)C(N[C@@H](C)C(=O)O)N[C@@H](CCCNC(=N)N)C(=O)O)N[C@@H](CCC(N[C@@H](CS)C(=O)O)N[C@@H](CCCNC(=N)N)C(=O)O)C(N[C@@H](CS)C(=O)O)N[C@@H](CCCNC(=N)N)C(=O)O)[C@@H](N)CCCNC(=N)N)C(N[C@@H](Cc1ccc(O)cc1)C(=O)O)N[C@H](C(=O)O)C(C)C,CCC(C)[C@H](NC(NCC(NCC(=O)O)N[C@@H](Cc1ccccc1)C(=O)O)[C@H](CS)NC(N[C@@H](CCCNC(=N)N)C(N[C@@H](CS)C(N[C@@H](Cc1ccccc1)C(=O)O)N[C@@H](CC(C)C)C(=O)O)N[C@@H](CCCNC(=N)N)C(N[C@@H](CS)C(=O)O)N[C@H](C(=O)O)C(C)C)[C@H](CCCNC(=N)N)NC(N[C@@H](C(C)CC)C(N[C@@H](CS)C(NCC(N[C@@H](CCCNC(=N)N)C(=O)O)N[C@@H](CC(C)C)C(=O)O)N[C@@H](CC(C)C)C(NCC(=O)O)N[C@@H](Cc1cnc[nH]1)C(=O)O)N[C@@H](CCCNC(=N)N)C(N[C@@H](CC(C)C)C(N[C@@H](C)C(=O)O)N[C@@H](CCCNC(=N)N)C(=O)O)N[C@@H](CCC(N[C@@H](CS)C(=O)O)N[C@@H](CCCNC(=N)N)C(=O)O)C(N[C@@H](CS)C(=O)O)N[C@@H](CCCNC(=N)N)C(=O)O)[C@@H](N)CCCNC(=N)N)C(N[C@@H](Cc1ccc(O)cc1)C(=O)O)N[C@H](C(=O)O)C(C)C,CFBPQXSBEGXUKP-WSFBOLIDSA-N,BBB-,0,3975.1479999999856,-9.021470000000248,1688.3899999999987,86,68,164,4,272,4,experimental_classification,np
BBBP_00333,333,CC(C)C[C@H](NC(N[C@@H](CN1CCC[C@H]1C(=O)O)C(N[C@@H](CCCNC(=N)N)C(=O)O)N[C@@H](CC(C)C)C(=O)O)[C@@H](N)C(C)N[C@@H](CN[C@@H](Cc1ccccc1)C(=O)O)C(N[C@@H](Cc1cnc[nH]1)C(=O)O)N1CCC[C@H]1C(=O)O)C(=O)O,CC(C)C[C@H](NC(N[C@@H](CN1CCC[C@H]1C(=O)O)C(N[C@@H](CCCNC(=N)N)C(=O)O)N[C@@H](CC(C)C)C(=O)O)[C@@H](N)C(C)N[C@@H](CN[C@@H](Cc1ccccc1)C(=O)O)C(N[C@@H](Cc1cnc[nH]1)C(=O)O)N1CCC[C@H]1C(=O)O)C(=O)O,YTZOLXPXIBWXJJ-OGCQZPDESA-N,BBB-,0,1160.3860000000002,-1.5271300000000254,468.39,19,19,41,2,82,4,experimental_classification,np
BBBP_00334,334,CCC(C)[C@H](NC(NCC(NCC(N[C@@H](C)C(=O)O)N[C@@H](CCC(N)=O)C(=O)O)N[C@@H](CCC(N)N[C@@H](C)C(=O)O)C(N[C@@H](CC(N)=O)C(=O)O)N[C@H](C(=O)O)C(C)C)[C@H](CC(C)C)NC(CN)N[C@@H](Cc1c[nH]c2ccccc12)C(N[C@@H](CCCCN)C(N[C@@H](C(C)CC)C(N[C@@H](C)C(=O)O)N[C@H](C(=O)O)C(C)O)N[C@@H](CCC(N[C@@H](CCC(N)=O)C(=O)O)N[C@H](C(=O)O)C(C)CC)C(N[C@@H](CC(C)C)C(=O)O)N[C@H](C(=O)O)C(C)C)N[C@@H](CCCNC(=N)N)C(N[C@@H](CCCCN)C(N[C@@H](CCCNC(=N)N)C(=O)O)N[C@@H](CC(=O)O)C(=O)O)N[C@@H](CCCCN)C(N[C@@H](C(C)N[C@H](C(=O)O)C(C)O)C(N[C@@H](C)C(=O)O)N[C@@H](CCCNC(=N)N)C(=O)O)N[C@@H](Cc1cnc[nH]1)C(N[C@@H](C)C(=O)O)N[C@@H](C)C(=O)O)C(N[C@@H](C(C)C)C(N[C@@H](C)C(=O)O)N[C@@H](CCC(N)=O)C(=O)O)N[C@@H](CCCNC(=N)N)C(NCC(=O)O)N[C@H](C(=O)O)C(C)CC,CCC(C)[C@H](NC(NCC(NCC(N[C@@H](C)C(=O)O)N[C@@H](CCC(N)=O)C(=O)O)N[C@@H](CCC(N)N[C@@H](C)C(=O)O)C(N[C@@H](CC(N)=O)C(=O)O)N[C@H](C(=O)O)C(C)C)[C@H](CC(C)C)NC(CN)N[C@@H](Cc1c[nH]c2ccccc12)C(N[C@@H](CCCCN)C(N[C@@H](C(C)CC)C(N[C@@H](C)C(=O)O)N[C@H](C(=O)O)C(C)O)N[C@@H](CCC(N[C@@H](CCC(N)=O)C(=O)O)N[C@H](C(=O)O)C(C)CC)C(N[C@@H](CC(C)C)C(=O)O)N[C@H](C(=O)O)C(C)C)N[C@@H](CCCNC(=N)N)C(N[C@@H](CCCCN)C(N[C@@H](CCCNC(=N)N)C(=O)O)N[C@@H](CC(=O)O)C(=O)O)N[C@@H](CCCCN)C(N[C@@H](C(C)N[C@H](C(=O)O)C(C)O)C(N[C@@H](C)C(=O)O)N[C@@H](CCCNC(=N)N)C(=O)O)N[C@@H](Cc1cnc[nH]1)C(N[C@@H](C)C(=O)O)N[C@@H](C)C(=O)O)C(N[C@@H](C(C)C)C(N[C@@H](C)C(=O)O)N[C@@H](CCC(N)=O)C(=O)O)N[C@@H](CCCNC(=N)N)C(NCC(=O)O)N[C@H](C(=O)O)C(C)CC,XIJQVBHLSXMKHB-IALVUHBKSA-N,BBB-,0,4265.221999999984,-13.362420000000274,1950.0299999999986,86,77,184,3,298,3,experimental_classification,np
BBBP_00335,335,CC(C)C[C@H](NC(N[C@@H](CC(C)C)C(N[C@@H](CC(C)C)C(=O)O)N1CCC[C@H]1C(=O)O)[C@@H]1CCCN1C(CN)N1CCC[C@H]1C(N1CCC[C@H]1C(=O)O)N1CCC[C@H]1C(=O)O)C(=O)O,CC(C)C[C@H](NC(N[C@@H](CC(C)C)C(N[C@@H](CC(C)C)C(=O)O)N1CCC[C@H]1C(=O)O)[C@@H]1CCCN1C(CN)N1CCC[C@H]1C(N1CCC[C@H]1C(=O)O)N1CCC[C@H]1C(=O)O)C(=O)O,HIDUMVLFRORUHV-OJBVSWDMSA-N,BBB-,0,908.1959999999997,2.007400000000002,264.81,9,14,26,0,64,5,experimental_classification,np
BBBP_00336,336,CC(C)C[C@H](NC(NCC(=O)O)[C@@H]1CCCN1C(N[C@@H](CN[C@@H](Cc1ccc(O)cc1)C(=O)O)C(N[C@@H](C)C(=O)O)N[C@@H](Cc1ccccc1)C(=O)O)[C@H](C)N)C(=O)O,CC(C)C[C@H](NC(NCC(=O)O)[C@@H]1CCCN1C(N[C@@H](CN[C@@H](Cc1ccc(O)cc1)C(=O)O)C(N[C@@H](C)C(=O)O)N[C@@H](Cc1ccccc1)C(=O)O)[C@H](C)N)C(=O)O,MMDLJNBOCJYRJQ-XUQZKUMVSA-N,BBB-,0,830.9810000000001,-0.1630999999999927,308.16999999999996,13,14,28,2,59,3,experimental_classification,np
BBBP_00337,337,CCC(C)[C@H](NC(N[C@@H](Cc1ccccc1)C(=O)O)[C@@H](NC(N[C@@H](CCC(N[C@@H](CCCNC(=N)N)C(=O)O)N1CCC[C@H]1C(=O)O)C(N[C@@H](CCCCN)C(=O)O)N[C@@H](CCCNC(=N)N)C(=O)O)[C@H](CCCCN)NC(N)C[C@H](NC(N[C@@H](CCCCN)C(N[C@@H](C(C)C)C(N[C@@H](C(C)C)C(N[C@@H](CCCNC(=N)N)C(=O)O)N[C@@H](CC(N)=O)C(=O)O)N[C@@H](CCC(N[C@@H](CO)C(=O)O)N[C@@H](CCC(=O)O)C(=O)O)C(N[C@H](C(=O)O)C(C)O)N[C@H](C(=O)O)C(C)CC)N[C@@H](C(C)N[C@@H](CCC(N)N[C@@H](CCCNC(=N)N)C(=O)O)C(NCC(=O)O)NCC(=O)O)C(N[C@@H](Cc1ccccc1)C(N[C@@H](CC(=O)O)C(=O)O)N[C@@H](Cc1c[nH]c2ccccc12)C(=O)O)N[C@@H](CCCCN)C(N[C@@H](CCCNC(=N)N)C(=O)O)N[C@H](C(=O)O)C(C)CC)[C@@H](N)CCSC)C(N[C@@H](CC(C)C)C(N[C@@H](C)C(=O)O)N[C@@H](CCC(=O)O)C(=O)O)N[C@@H](CCC(N[C@@H](CCC(N)=O)C(=O)O)N[C@@H](CC(C)C)C(=O)O)C(N[C@@H](CCC(=O)O)C(=O)O)N[C@H](C(=O)O)C(C)CC)C(C)N[C@@H](CC(C)C)C(=O)O)C(=O)O,CCC(C)[C@H](NC(N[C@@H](Cc1ccccc1)C(=O)O)[C@@H](NC(N[C@@H](CCC(N[C@@H](CCCNC(=N)N)C(=O)O)N1CCC[C@H]1C(=O)O)C(N[C@@H](CCCCN)C(=O)O)N[C@@H](CCCNC(=N)N)C(=O)O)[C@H](CCCCN)NC(N)C[C@H](NC(N[C@@H](CCCCN)C(N[C@@H](C(C)C)C(N[C@@H](C(C)C)C(N[C@@H](CCCNC(=N)N)C(=O)O)N[C@@H](CC(N)=O)C(=O)O)N[C@@H](CCC(N[C@@H](CO)C(=O)O)N[C@@H](CCC(=O)O)C(=O)O)C(N[C@H](C(=O)O)C(C)O)N[C@H](C(=O)O)C(C)CC)N[C@@H](C(C)N[C@@H](CCC(N)N[C@@H](CCCNC(=N)N)C(=O)O)C(NCC(=O)O)NCC(=O)O)C(N[C@@H](Cc1ccccc1)C(N[C@@H](CC(=O)O)C(=O)O)N[C@@H](Cc1c[nH]c2ccccc12)C(=O)O)N[C@@H](CCCCN)C(N[C@@H](CCCNC(=N)N)C(=O)O)N[C@H](C(=O)O)C(C)CC)[C@@H](N)CCSC)C(N[C@@H](CC(C)C)C(N[C@@H](C)C(=O)O)N[C@@H](CCC(=O)O)C(=O)O)N[C@@H](CCC(N[C@@H](CCC(N)=O)C(=O)O)N[C@@H](CC(C)C)C(=O)O)C(N[C@@H](CCC(=O)O)C(=O)O)N[C@H](C(=O)O)C(C)CC)C(C)N[C@@H](CC(C)C)C(=O)O)C(=O)O,JYEMZJGBDYRJCZ-VWBNJZAWSA-N,BBB-,0,5001.074999999985,-10.629850000000204,2225.4799999999996,96,87,215,4,349,5,experimental_classification,np
BBBP_00338,338,CCC(C)[C@H](NC(C[C@H](NC(C)[C@H](NC(N[C@@H](C(C)C)C(N[C@@H](CCCCN)C(=O)O)N[C@@H](CC(=O)O)C(=O)O)[C@H](Cc1ccccc1)NC(CN)N[C@@H](CC(C)C)C(N[C@@H](CC(N)N[C@@H](C(C)C)C(N[C@@H](CO)C(=O)O)N[C@@H](CCC(=O)O)C(=O)O)C(N[C@@H](C)C(N[C@@H](CCCCN)C(=O)O)N[C@@H](CC(C)C)C(=O)O)N[C@@H](CCCCN)C(N[C@@H](CS)C(=O)O)N[C@@H](CCCCN)C(=O)O)N[C@@H](CC(C)C)C(N[C@@H](CC(NCC(=O)O)N[C@@H](CCCCN)C(=O)O)C(N[C@@H](CC(C)C)C(=O)O)N[C@@H](CC(C)C)C(=O)O)N[C@@H](CCCCN)C(N[C@@H](C)C(=O)O)N[C@H](C(=O)O)C(C)C)C(N[C@@H](C(C)C)C(N[C@@H](CCCCN)C(=O)O)N1CCC[C@H]1C(=O)O)N[C@@H](C)C(=O)O)C(NCC(=O)O)N[C@@H](CS)C(=O)O)N[C@H](C(=O)O)C(C)O)C(=O)O,CCC(C)[C@H](NC(C[C@H](NC(C)[C@H](NC(N[C@@H](C(C)C)C(N[C@@H](CCCCN)C(=O)O)N[C@@H](CC(=O)O)C(=O)O)[C@H](Cc1ccccc1)NC(CN)N[C@@H](CC(C)C)C(N[C@@H](CC(N)N[C@@H](C(C)C)C(N[C@@H](CO)C(=O)O)N[C@@H](CCC(=O)O)C(=O)O)C(N[C@@H](C)C(N[C@@H](CCCCN)C(=O)O)N[C@@H](CC(C)C)C(=O)O)N[C@@H](CCCCN)C(N[C@@H](CS)C(=O)O)N[C@@H](CCCCN)C(=O)O)N[C@@H](CC(C)C)C(N[C@@H](CC(NCC(=O)O)N[C@@H](CCCCN)C(=O)O)C(N[C@@H](CC(C)C)C(=O)O)N[C@@H](CC(C)C)C(=O)O)N[C@@H](CCCCN)C(N[C@@H](C)C(=O)O)N[C@H](C(=O)O)C(C)C)C(N[C@@H](C(C)C)C(N[C@@H](CCCCN)C(=O)O)N1CCC[C@H]1C(=O)O)N[C@@H](C)C(=O)O)C(NCC(=O)O)N[C@@H](CS)C(=O)O)N[C@H](C(=O)O)C(C)O)C(=O)O,GDRFGQDWOMQNLA-NDWMEOTLSA-N,BBB-,0,3737.753999999986,-6.1911000000001675,1532.7699999999995,69,70,164,1,258,2,experimental_classification,np
BBBP_00339,339,CC(O)[C@H](NC(N[C@@H](CS)C(=O)O)[C@H](C)NC(N[C@@H](CN[C@@H](CO)C(=O)O)C(NCC(=O)O)N[C@@H](CS)C(=O)O)[C@H](CS)NC(CN)N[C@@H](CC(NCC(N[C@@H](CS)C(=O)O)N[C@@H](CNCC(=O)O)C(O)N[C@@H](CCCCN)C(=O)O)N[C@@H](CS)C(N[C@@H](CS)C(=O)O)N[C@H](C(=O)O)C(C)O)C(NCC(N[C@@H](CS)C(=O)O)N[C@@H](CCC(N)=O)C(=O)O)N[C@@H](CN[C@@H](C)C(=O)O)C(NCC(=O)O)N[C@@H](CO)C(=O)O)C(=O)O,CC(O)[C@H](NC(N[C@@H](CS)C(=O)O)[C@H](C)NC(N[C@@H](CN[C@@H](CO)C(=O)O)C(NCC(=O)O)N[C@@H](CS)C(=O)O)[C@H](CS)NC(CN)N[C@@H](CC(NCC(N[C@@H](CS)C(=O)O)N[C@@H](CNCC(=O)O)C(O)N[C@@H](CCCCN)C(=O)O)N[C@@H](CS)C(N[C@@H](CS)C(=O)O)N[C@H](C(=O)O)C(C)O)C(NCC(N[C@@H](CS)C(=O)O)N[C@@H](CCC(N)=O)C(=O)O)N[C@@H](CN[C@@H](C)C(=O)O)C(NCC(=O)O)N[C@@H](CO)C(=O)O)C(=O)O,CRPRBZQCVWWWNQ-PUAAFNDWSA-N,BBB-,0,2255.6769999999997,-17.973499999999998,1044.5,54,54,96,0,147,0,experimental_classification,np
BBBP_00340,340,CCC(C)[C@H](NC(N[C@@H](CCCCN)C(=O)O)[C@H](CCC(N[C@@H](Cc1c[nH]c2ccccc12)C(=O)O)N[C@@H](CC(C)C)C(=O)O)NC(N[C@@H](CC(N)N[C@@H](Cc1ccccc1)C(=O)O)C(N[C@@H](CCC(N)=O)C(=O)O)N[C@H](C(=O)O)C(C)C)[C@H](CCC(N)N[C@@H](C(C)N[C@@H](C)C(=O)O)C(N[C@@H](CCC(N)=O)C(=O)O)N[C@@H](CCC(=O)O)C(=O)O)NC(N[C@@H](CN[C@@H](CC(N[C@@H](CC(N)N[C@@H](CCCNC(=N)N)C(=O)O)C(NCC(=O)O)NCC(=O)O)N[C@@H](Cc1ccc(N[C@@H](CO)C(=O)O)cc1)C(N[C@@H](CCCCN)C(=O)O)N[C@@H](CCCNC(=N)N)C(=O)O)C(N[C@@H](Cc1ccc(O)cc1)C(=O)O)N[C@@H](CCCCN)C(N[C@@H](CC(C)C)C(=O)O)N[C@H](C(=O)O)C(C)O)C(N[C@@H](C(C)N[C@@H](CC(C)C)C(=O)O)C(N[C@@H](C)C(=O)O)N[C@@H](CCC(=O)O)C(=O)O)N[C@@H](Cc1ccccc1)C(N[C@@H](CCCCN)C(=O)O)N[C@@H](Cc1cnc[nH]1)C(=O)O)[C@@H](N)Cc1cnc[nH]1)C(=O)O,CCC(C)[C@H](NC(N[C@@H](CCCCN)C(=O)O)[C@H](CCC(N[C@@H](Cc1c[nH]c2ccccc12)C(=O)O)N[C@@H](CC(C)C)C(=O)O)NC(N[C@@H](CC(N)N[C@@H](Cc1ccccc1)C(=O)O)C(N[C@@H](CCC(N)=O)C(=O)O)N[C@H](C(=O)O)C(C)C)[C@H](CCC(N)N[C@@H](C(C)N[C@@H](C)C(=O)O)C(N[C@@H](CCC(N)=O)C(=O)O)N[C@@H](CCC(=O)O)C(=O)O)NC(N[C@@H](CN[C@@H](CC(N[C@@H](CC(N)N[C@@H](CCCNC(=N)N)C(=O)O)C(NCC(=O)O)NCC(=O)O)N[C@@H](Cc1ccc(N[C@@H](CO)C(=O)O)cc1)C(N[C@@H](CCCCN)C(=O)O)N[C@@H](CCCNC(=N)N)C(=O)O)C(N[C@@H](Cc1ccc(O)cc1)C(=O)O)N[C@@H](CCCCN)C(N[C@@H](CC(C)C)C(=O)O)N[C@H](C(=O)O)C(C)O)C(N[C@@H](C(C)N[C@@H](CC(C)C)C(=O)O)C(N[C@@H](C)C(=O)O)N[C@@H](CCC(=O)O)C(=O)O)N[C@@H](Cc1ccccc1)C(N[C@@H](CCCCN)C(=O)O)N[C@@H](Cc1cnc[nH]1)C(=O)O)[C@@H](N)Cc1cnc[nH]1)C(=O)O,GWRMJZYOFKZTOF-KVAIFHHFSA-N,BBB-,0,4359.10899999998,-10.217860000000316,1942.829999999999,83,78,182,8,307,8,experimental_classification,np
BBBP_00341,341,CCC(C)[C@H](NC(N[C@@H](CC(C)C)C(N[C@@H](C)C(=O)O)N[C@@H](CCCCN)C(=O)O)[C@H](Cc1c[nH]c2ccccc12)NC(N[C@@H](CC(C)C)C(N[C@@H](CC(NCC(N[C@@H](CCSC)C(=O)O)N[C@H](C(=O)O)C(C)C)N[C@@H](C(C)C)C(N[C@@H](CC(=O)O)C(=O)O)N[C@H](C(=O)O)C(C)O)C(N[C@@H](C)C(=O)O)N[C@@H](CCCCN)C(N[C@@H](CCC(=O)O)C(=O)O)N[C@@H](CC(N)=O)C(=O)O)N[C@@H](CCCCN)C(N[C@@H](CCCCN)C(N[C@@H](CC(C)C)C(=O)O)N[C@H](C(=O)O)C(C)C)N[C@@H](CC(N)N[C@@H](CC(N)=O)C(=O)O)C(N[C@H](C(=O)O)C(C)C)N[C@H](C(=O)O)C(C)O)[C@H](C)N)C(NCC(=O)O)N[C@@H](C)C(=O)O,CCC(C)[C@H](NC(N[C@@H](CC(C)C)C(N[C@@H](C)C(=O)O)N[C@@H](CCCCN)C(=O)O)[C@H](Cc1c[nH]c2ccccc12)NC(N[C@@H](CC(C)C)C(N[C@@H](CC(NCC(N[C@@H](CCSC)C(=O)O)N[C@H](C(=O)O)C(C)C)N[C@@H](C(C)C)C(N[C@@H](CC(=O)O)C(=O)O)N[C@H](C(=O)O)C(C)O)C(N[C@@H](C)C(=O)O)N[C@@H](CCCCN)C(N[C@@H](CCC(=O)O)C(=O)O)N[C@@H](CC(N)=O)C(=O)O)N[C@@H](CCCCN)C(N[C@@H](CCCCN)C(N[C@@H](CC(C)C)C(=O)O)N[C@H](C(=O)O)C(C)C)N[C@@H](CC(N)N[C@@H](CC(N)=O)C(=O)O)C(N[C@H](C(=O)O)C(C)C)N[C@H](C(=O)O)C(C)O)[C@H](C)N)C(NCC(=O)O)N[C@@H](C)C(=O)O,JCDVIMVFXQMJSW-TUCDPOOZSA-N,BBB-,0,3027.7579999999916,-6.161200000000094,1294.7599999999998,56,56,130,2,210,2,experimental_classification,np
BBBP_00342,342,CCC(C)[C@H](NC(N[C@@H](Cc1ccc(O)cc1)C(=O)O)[C@H](Cc1ccccc1)NC(NCC(N[C@@H](CC(C)C)C(N[C@@H](CCCNC(=N)N)C(=O)O)N[C@@H](CCCNC(=N)N)C(=O)O)N1CCC[C@H]1C(N[C@@H](C)C(=O)O)N1CCC[C@H]1C(=O)O)[C@@H](N)Cc1ccccc1)C(O)N[C@@H](CO)C(=O)O,CCC(C)[C@H](NC(N[C@@H](Cc1ccc(O)cc1)C(=O)O)[C@H](Cc1ccccc1)NC(NCC(N[C@@H](CC(C)C)C(N[C@@H](CCCNC(=N)N)C(=O)O)N[C@@H](CCCNC(=N)N)C(=O)O)N1CCC[C@H]1C(N[C@@H](C)C(=O)O)N1CCC[C@H]1C(=O)O)[C@@H](N)Cc1ccccc1)C(O)N[C@@H](CO)C(=O)O,JWWFCKBYEREOTM-KJRDXIKZSA-N,BBB-,0,1435.7820000000002,-0.9811600000000251,549.0600000000001,25,23,51,3,102,5,experimental_classification,np
BBBP_00343,343,CCC(C)[C@H](NC(N[C@@H](CN[C@H](C(=O)O)C(C)CC)C(N[C@H](C(=O)O)C(C)O)N[C@H](C(=O)O)C(C)O)[C@H](CCCNC(=N)N)NC(N[C@@H](Cc1ccc(N[C@@H](CC(C)C)C(N[C@@H](CCC(=O)O)C(=O)O)N[C@H](C(=O)O)C(C)O)cc1)C(N[C@@H](C(C)N[C@@H](Cc1ccc(O)cc1)C(=O)O)C(NCC(=O)O)N[C@@H](C)C(=O)O)N[C@@H](CC(N)N[C@H](C(=O)O)C(C)O)C(NCC(=O)O)N[C@H](C(=O)O)C(C)O)[C@@H](N)CCSC)C(N[C@H](C(=O)O)C(C)CC)N[C@H](C(=O)O)C(C)NCC(=O)O,CCC(C)[C@H](NC(N[C@@H](CN[C@H](C(=O)O)C(C)CC)C(N[C@H](C(=O)O)C(C)O)N[C@H](C(=O)O)C(C)O)[C@H](CCCNC(=N)N)NC(N[C@@H](Cc1ccc(N[C@@H](CC(C)C)C(N[C@@H](CCC(=O)O)C(=O)O)N[C@H](C(=O)O)C(C)O)cc1)C(N[C@@H](C(C)N[C@@H](Cc1ccc(O)cc1)C(=O)O)C(NCC(=O)O)N[C@@H](C)C(=O)O)N[C@@H](CC(N)N[C@H](C(=O)O)C(C)O)C(NCC(=O)O)N[C@H](C(=O)O)C(C)O)[C@@H](N)CCSC)C(N[C@H](C(=O)O)C(C)CC)N[C@H](C(=O)O)C(C)NCC(=O)O,KELWDVAEWWHHLL-AYNAPDCJSA-N,BBB-,0,2382.806999999997,-7.422029999999953,1047.45,47,46,96,2,165,2,experimental_classification,np
BBBP_00344,344,CCC(C)[C@H](NC[C@H](N)C(N[C@@H](CN[C@@H](CN[C@@H](CC(C)C)C(=O)O)C(NCC(=O)O)N[C@H](C(=O)O)C(C)C)C(N[C@@H](C(C)C)C(N[C@@H](CS)C(=O)O)N[C@@H](CCCCN)C(=O)O)N[C@@H](CS)C(N[C@@H](CS)C(=O)O)N[C@H](C(=O)O)C(C)O)N[C@@H](CS)C(N[C@@H](C(C)CC)C(N[C@@H](CS)C(=O)O)N[C@@H](Cc1ccc(O)cc1)C(=O)O)N[C@@H](Cc1ccc(N[C@@H](CC(=O)O)C(=O)O)cc1)C(N[C@@H](CCCCN)C(=O)O)N[C@H](C(=O)O)C(C)C)C(NCC(N[C@@H](CS)C(=O)O)N1CCC[C@H]1C(N[C@@H](CC(N)=O)C(=O)O)N[C@@H](CC(C)C)C(=O)O)N[C@@H](CCC(N[C@H](C(=O)O)C(C)C)N[C@H](C(=O)O)C(C)O)C(N[C@@H](C)C(=O)O)N[C@H](C(=O)O)C(C)O,CCC(C)[C@H](NC[C@H](N)C(N[C@@H](CN[C@@H](CN[C@@H](CC(C)C)C(=O)O)C(NCC(=O)O)N[C@H](C(=O)O)C(C)C)C(N[C@@H](C(C)C)C(N[C@@H](CS)C(=O)O)N[C@@H](CCCCN)C(=O)O)N[C@@H](CS)C(N[C@@H](CS)C(=O)O)N[C@H](C(=O)O)C(C)O)N[C@@H](CS)C(N[C@@H](C(C)CC)C(N[C@@H](CS)C(=O)O)N[C@@H](Cc1ccc(O)cc1)C(=O)O)N[C@@H](Cc1ccc(N[C@@H](CC(=O)O)C(=O)O)cc1)C(N[C@@H](CCCCN)C(=O)O)N[C@H](C(=O)O)C(C)C)C(NCC(N[C@@H](CS)C(=O)O)N1CCC[C@H]1C(N[C@@H](CC(N)=O)C(=O)O)N[C@@H](CC(C)C)C(=O)O)N[C@@H](CCC(N[C@H](C(=O)O)C(C)C)N[C@H](C(=O)O)C(C)O)C(N[C@@H](C)C(=O)O)N[C@H](C(=O)O)C(C)O,HTVLFZIGWWLYIW-MXUYMMDXSA-N,BBB-,0,3300.128999999988,-7.373500000000063,1300.1799999999998,63,64,133,2,223,3,experimental_classification,np
BBBP_00345,345,CCC(C)[C@H](NC(N[C@@H](Cc1ccc(N[C@@H](CCC(N)NCC(N[C@@H](CS)C(=O)O)N[C@@H](CCC(N)=O)C(=O)O)C(NCC(N[C@H](C(=O)O)C(C)CC)N2CCC[C@H]2C(=O)O)N[C@@H](CCCCN)C(NCC(=O)O)N[C@@H](CS)C(=O)O)cc1)C(N[C@@H](CC(N)N[C@@H](CCCNC(=N)N)C(O)N1CCC[C@H]1C(=O)O)C(N[C@@H](CO)C(=O)O)N[C@@H](Cc1ccc(O)cc1)C(=O)O)N[C@@H](CS)C(N[C@@H](CC(=O)O)C(=O)O)N1CCC[C@H]1C(=O)O)[C@@H](N)CS)C(N[C@@H](CCCNC(=N)N)C(N[C@H](C(=O)O)C(C)C)N1CCC[C@H]1C(=O)O)N1CCC[C@H]1C(N[C@@H](C)C(=O)O)N[C@H](C(=O)O)C(C)O,CCC(C)[C@H](NC(N[C@@H](Cc1ccc(N[C@@H](CCC(N)NCC(N[C@@H](CS)C(=O)O)N[C@@H](CCC(N)=O)C(=O)O)C(NCC(N[C@H](C(=O)O)C(C)CC)N2CCC[C@H]2C(=O)O)N[C@@H](CCCCN)C(NCC(=O)O)N[C@@H](CS)C(=O)O)cc1)C(N[C@@H](CC(N)N[C@@H](CCCNC(=N)N)C(O)N1CCC[C@H]1C(=O)O)C(N[C@@H](CO)C(=O)O)N[C@@H](Cc1ccc(O)cc1)C(=O)O)N[C@@H](CS)C(N[C@@H](CC(=O)O)C(=O)O)N1CCC[C@H]1C(=O)O)[C@@H](N)CS)C(N[C@@H](CCCNC(=N)N)C(N[C@H](C(=O)O)C(C)C)N1CCC[C@H]1C(=O)O)N1CCC[C@H]1C(N[C@@H](C)C(=O)O)N[C@H](C(=O)O)C(C)O,UKWODBPUTDANDV-QATXLBLESA-N,BBB-,0,2952.6379999999945,-9.164060000000031,1217.52,56,57,111,2,202,7,experimental_classification,np
BBBP_00346,346,CCC(C)[C@H](NC(N[C@@H](CCCNC(=N)N)C(N[C@@H](CO)C(=O)O)N[C@@H](Cc1ccccc1)C(=O)O)[C@H](Cc1ccccc1)NC(N[C@@H](CC(N[C@@H](CO)C(=O)O)N[C@@H](CO)C(=O)O)C(N[C@@H](C)C(=O)O)N[C@@H](CO)C(=O)O)[C@@H]1CCCN1)C(N[C@@H](CC(=O)O)C(=O)O)N[C@@H](Cc1ccccc1)C(=O)O,CCC(C)[C@H](NC(N[C@@H](CCCNC(=N)N)C(N[C@@H](CO)C(=O)O)N[C@@H](Cc1ccccc1)C(=O)O)[C@H](Cc1ccccc1)NC(N[C@@H](CC(N[C@@H](CO)C(=O)O)N[C@@H](CO)C(=O)O)C(N[C@@H](C)C(=O)O)N[C@@H](CO)C(=O)O)[C@@H]1CCCN1)C(N[C@@H](CC(=O)O)C(=O)O)N[C@@H](Cc1ccccc1)C(=O)O,ZRFBHISKXRACFC-AUOQSQGOSA-N,BBB-,0,1487.675000000001,-5.2384299999999975,634.9100000000001,29,27,57,3,105,4,experimental_classification,np
BBBP_00347,347,CCC(C)[C@H](NC(N[C@H](C(=O)O)C(C)CC)[C@H](CC(C)C)NC(N[C@@H](C)C(N[C@@H](C)C(=O)O)N[C@@H](CS)C(=O)O)[C@@H](NC(N[C@@H](C(C)C)C(N[C@@H](C)C(N[C@H](C(=O)O)C(C)C)N[C@H](C(=O)O)C(C)O)N[C@@H](CCCCN)C(N[C@@H](CCCCN)C(=O)O)N[C@@H](CCCCN)C(=O)O)[C@H](CC(C)C)NC([C@@H](N)Cc1ccccc1)N1CCC[C@H]1C(NCC(N[C@@H](CO)C(=O)O)N1CCC[C@H]1C(=O)O)N[C@@H](C)C(N[C@@H](C(C)C)C(O)N[C@@H](CS)C(=O)O)N[C@@H](CC(C)C)C(=O)O)C(C)C)C(=O)O,CCC(C)[C@H](NC(N[C@H](C(=O)O)C(C)CC)[C@H](CC(C)C)NC(N[C@@H](C)C(N[C@@H](C)C(=O)O)N[C@@H](CS)C(=O)O)[C@@H](NC(N[C@@H](C(C)C)C(N[C@@H](C)C(N[C@H](C(=O)O)C(C)C)N[C@H](C(=O)O)C(C)O)N[C@@H](CCCCN)C(N[C@@H](CCCCN)C(=O)O)N[C@@H](CCCCN)C(=O)O)[C@H](CC(C)C)NC([C@@H](N)Cc1ccccc1)N1CCC[C@H]1C(NCC(N[C@@H](CO)C(=O)O)N1CCC[C@H]1C(=O)O)N[C@@H](C)C(N[C@@H](C(C)C)C(O)N[C@@H](CS)C(=O)O)N[C@@H](CC(C)C)C(=O)O)C(C)C)C(=O)O,DPIBFPLOGBJMLX-MYGYSOHNSA-N,BBB-,0,2466.3179999999975,-0.286699999999907,871.48,42,44,100,1,170,3,experimental_classification,np
BBBP_00348,348,CCC(C)[C@H](NC(N[C@@H](CC(C)C)C(=O)O)[C@H](CNCC(N[C@@H](CCCNC(=N)N)C(=O)O)N[C@H](C(=O)O)C(C)C)NC(CN)N[C@@H](CN1CCC[C@H]1C(=O)O)C(NCC(=O)O)N[C@@H](CCSC)C(=O)O)C(=O)O,CCC(C)[C@H](NC(N[C@@H](CC(C)C)C(=O)O)[C@H](CNCC(N[C@@H](CCCNC(=N)N)C(=O)O)N[C@H](C(=O)O)C(C)C)NC(CN)N[C@@H](CN1CCC[C@H]1C(=O)O)C(NCC(=O)O)N[C@@H](CCSC)C(=O)O)C(=O)O,IPEDKXPVOKITJJ-NVIPDLGGSA-N,BBB-,0,1081.3499999999997,-3.04273000000002,460.53,20,20,44,0,74,1,experimental_classification,np
BBBP_00349,349,CCC(C)[C@H](NC(N[C@@H](CS)C(=O)O)[C@@H](NC(CNC(N[C@@H](CS)C(N[C@@H](CS)C(N[C@@H](CO)C(=O)O)N[C@@H](CS)C(=O)O)N[C@@H](Cc1ccccc1)C(N[C@@H](CO)C(=O)O)N[C@@H](Cc1ccc(O)cc1)C(=O)O)[C@H](CC(C)C)NC(CN)N1CCC[C@H]1C(N[C@H](C(NCC(=O)O)N[C@@H](CS)C(=O)O)C(C)N1CCC[C@H]1C(=O)O)N[C@@H](CCC(N[C@@H](CS)C(=O)O)N[C@@H](CCCCN)C(N[C@@H](CC(N)=O)C(=O)O)N[C@H](C(=O)O)C(C)CC)C(N[C@@H](Cc1ccc(O)cc1)C(=O)O)N[C@H](C(=O)O)C(C)O)NCC(N[C@@H](CCCCN)C(=O)O)N[C@@H](CCCCN)C(=O)O)C(C)N1CCC[C@H]1C(=O)O)C(=O)O,CCC(C)[C@H](NC(N[C@@H](CS)C(=O)O)[C@@H](NC(CNC(N[C@@H](CS)C(N[C@@H](CS)C(N[C@@H](CO)C(=O)O)N[C@@H](CS)C(=O)O)N[C@@H](Cc1ccccc1)C(N[C@@H](CO)C(=O)O)N[C@@H](Cc1ccc(O)cc1)C(=O)O)[C@H](CC(C)C)NC(CN)N1CCC[C@H]1C(N[C@H](C(NCC(=O)O)N[C@@H](CS)C(=O)O)C(C)N1CCC[C@H]1C(=O)O)N[C@@H](CCC(N[C@@H](CS)C(=O)O)N[C@@H](CCCCN)C(N[C@@H](CC(N)=O)C(=O)O)N[C@H](C(=O)O)C(C)CC)C(N[C@@H](Cc1ccc(O)cc1)C(=O)O)N[C@H](C(=O)O)C(C)O)NCC(N[C@@H](CCCCN)C(=O)O)N[C@@H](CCCCN)C(=O)O)C(C)N1CCC[C@H]1C(=O)O)C(=O)O,ZTHMFBJQWNGVFS-FUERYVQMSA-N,BBB-,0,3100.8819999999923,-8.093600000000007,1192.8899999999999,58,61,122,3,210,6,experimental_classification,np
BBBP_00350,350,CC(C)C[C@H](NC(C[C@H](NC([C@@H](N)C(C)N[C@@H](CC(N[C@@H](CC(N[C@@H](CCCNC(=N)N)C(=O)O)N[C@H](C(=O)O)C(C)C)C(=O)O)N[C@@H](C)C(NCC(=O)O)NCC(=O)O)C(NCC(=O)O)N[C@@H](CCC(=O)O)C(=O)O)N1CCC[C@H]1C(N[C@@H](CCC(=O)O)C(=O)O)N[C@@H](Cc1ccccc1)C(=O)O)C(NCC(=O)O)N[C@@H](CCC(=O)O)C(=O)O)N[C@@H](C)C(=O)O)C(=O)O,CC(C)C[C@H](NC(C[C@H](NC([C@@H](N)C(C)N[C@@H](CC(N[C@@H](CC(N[C@@H](CCCNC(=N)N)C(=O)O)N[C@H](C(=O)O)C(C)C)C(=O)O)N[C@@H](C)C(NCC(=O)O)NCC(=O)O)C(NCC(=O)O)N[C@@H](CCC(=O)O)C(=O)O)N1CCC[C@H]1C(N[C@@H](CCC(=O)O)C(=O)O)N[C@@H](Cc1ccccc1)C(=O)O)C(NCC(=O)O)N[C@@H](CCC(=O)O)C(=O)O)N[C@@H](C)C(=O)O)C(=O)O,STYVQUZMZGZINO-YYSBPCJDSA-N,BBB-,0,1850.9990000000014,-7.25542999999996,880.4400000000003,36,35,76,1,129,2,experimental_classification,np
BBBP_00351,351,CCC(C)[C@H](NC(N[C@@H](Cc1ccccc1)C(=O)O)[C@H](Cc1cnc[nH]1)NC(N[C@@H](Cc1ccc(N[C@@H](CC(N)=O)C(=O)O)cc1)C(N[C@@H](CS)C(=O)O)N[C@H](C(=O)O)C(C)O)[C@@H](N)CS)C(=O)O,CCC(C)[C@H](NC(N[C@@H](Cc1ccccc1)C(=O)O)[C@H](Cc1cnc[nH]1)NC(N[C@@H](Cc1ccc(N[C@@H](CC(N)=O)C(=O)O)cc1)C(N[C@@H](CS)C(=O)O)N[C@H](C(=O)O)C(C)O)[C@@H](N)CS)C(=O)O,VYYJLIZYWOXOKF-IFQDTKFMSA-N,BBB-,0,1006.219,-1.1422000000000048,388.72999999999996,18,18,35,3,69,3,experimental_classification,np
BBBP_00352,352,CSCC[C@H](N)C(N[C@@H](C)C(N[C@@H](CNCC(NCC(=O)O)N[C@@H](CS)C(=O)O)C(N[C@@H](C(C)N[C@@H](CO)C(=O)O)C(N[C@@H](CO)C(=O)O)N[C@@H](CS)C(=O)O)N[C@@H](CN[C@@H](Cc1cnc[nH]1)C(=O)O)C(=O)O)N[C@@H](CS)C(N[C@@H](CS)C(N[C@@H](CO)C(=O)O)N[C@@H](CS)C(=O)O)N[C@@H](CN[C@@H](CS)C(=O)O)C(N[C@@H](CO)C(=O)O)N[C@H](C(=O)O)C(C)O)N1CCC[C@H]1C(N[C@@H](CCCCN)C(NCC(=O)O)N[C@@H](CO)C(=O)O)N[C@@H](CS)C(N[C@@H](C)C(=O)O)N[C@@H](CS)C(=O)O,CSCC[C@H](N)C(N[C@@H](C)C(N[C@@H](CNCC(NCC(=O)O)N[C@@H](CS)C(=O)O)C(N[C@@H](C(C)N[C@@H](CO)C(=O)O)C(N[C@@H](CO)C(=O)O)N[C@@H](CS)C(=O)O)N[C@@H](CN[C@@H](Cc1cnc[nH]1)C(=O)O)C(=O)O)N[C@@H](CS)C(N[C@@H](CS)C(N[C@@H](CO)C(=O)O)N[C@@H](CS)C(=O)O)N[C@@H](CN[C@@H](CS)C(=O)O)C(N[C@@H](CO)C(=O)O)N[C@H](C(=O)O)C(C)O)N1CCC[C@H]1C(N[C@@H](CCCCN)C(NCC(=O)O)N[C@@H](CO)C(=O)O)N[C@@H](CS)C(N[C@@H](C)C(=O)O)N[C@@H](CS)C(=O)O,CTKBXXFKJUJHAA-ROFQUBTJSA-N,BBB-,0,2571.1409999999973,-17.375100000000028,1102.89,58,60,105,1,167,2,experimental_classification,np
BBBP_00353,353,CC(C)C[C@H](NC(N)C[C@H](NC(N[C@@H](CC(N)N[C@@H](CCCNC(=N)N)C(=O)O)C(=O)O)[C@H](CC(C)C)NC(CN)NCC(N[C@@H](C)C(=O)O)N[C@@H](Cc1ccccc1)C(=O)O)C(NCC(=O)O)N[C@H](C(=O)O)C(C)C)C(=O)O,CC(C)C[C@H](NC(N)C[C@H](NC(N[C@@H](CC(N)N[C@@H](CCCNC(=N)N)C(=O)O)C(=O)O)[C@H](CC(C)C)NC(CN)NCC(N[C@@H](C)C(=O)O)N[C@@H](Cc1ccccc1)C(=O)O)C(NCC(=O)O)N[C@H](C(=O)O)C(C)C)C(=O)O,SUYGXFQSQXGFGH-GJVUXKTFSA-N,BBB-,0,1129.3729999999998,-3.689630000000009,521.3599999999999,23,21,46,1,79,1,experimental_classification,np
BBBP_00354,354,CCC(C)[C@H](NC(CN)N[C@@H](C(C)C)C(N[C@@H](CS)C(N[C@@H](C(C)C)C(N[C@@H](CCCCN)C(=O)O)N[C@@H](CC(N)=O)C(=O)O)N[C@@H](Cc1ccccc1)C(N[C@@H](CCCCN)C(=O)O)N[C@H](C(=O)O)C(C)C)N1CCC[C@H]1C(N[C@@H](CS)C(N[C@@H](CO)C(=O)O)N[C@@H](CS)C(=O)O)N[C@@H](CN[C@@H](CCCCN)C(=O)O)C(N[C@@H](CS)C(=O)O)N[C@@H](CCCCN)C(=O)O)C(NCC(N[C@@H](C(C)CC)C(N[C@@H](CS)C(=O)O)N[C@@H](Cc1ccc(O)cc1)C(=O)O)N1CCC[C@H]1C(N[C@@H](CCCNC(=N)N)C(=O)O)N[C@@H](CC(=O)O)C(=O)O)N[C@@H](CCC(N[C@@H](CS)C(=O)O)N[C@H](C(=O)O)C(C)CC)C(N[C@@H](CCCCN)C(=O)O)N[C@@H](CC(N)=O)C(=O)O,CCC(C)[C@H](NC(CN)N[C@@H](C(C)C)C(N[C@@H](CS)C(N[C@@H](C(C)C)C(N[C@@H](CCCCN)C(=O)O)N[C@@H](CC(N)=O)C(=O)O)N[C@@H](Cc1ccccc1)C(N[C@@H](CCCCN)C(=O)O)N[C@H](C(=O)O)C(C)C)N1CCC[C@H]1C(N[C@@H](CS)C(N[C@@H](CO)C(=O)O)N[C@@H](CS)C(=O)O)N[C@@H](CN[C@@H](CCCCN)C(=O)O)C(N[C@@H](CS)C(=O)O)N[C@@H](CCCCN)C(=O)O)C(NCC(N[C@@H](C(C)CC)C(N[C@@H](CS)C(=O)O)N[C@@H](Cc1ccc(O)cc1)C(=O)O)N1CCC[C@H]1C(N[C@@H](CCCNC(=N)N)C(=O)O)N[C@@H](CC(=O)O)C(=O)O)N[C@@H](CCC(N[C@@H](CS)C(=O)O)N[C@H](C(=O)O)C(C)CC)C(N[C@@H](CCCCN)C(=O)O)N[C@@H](CC(N)=O)C(=O)O,RKISLTSBUYFLIV-UQMINLDMSA-N,BBB-,0,3364.3159999999907,-7.837330000000092,1347.3499999999995,64,64,140,2,228,4,experimental_classification,np
BBBP_00355,355,CSCC[C@H](NC(N[C@@H](Cc1c[nH]c2ccccc12)C(=O)O)[C@H](C)NC(N[C@@H](CC(N[C@@H](CC(=O)O)C(=O)O)N[C@@H](Cc1ccccc1)C(=O)O)C(=O)O)[C@H](CCC(N)N[C@@H](C(C)N[C@@H](C)C(=O)O)C(NCC(=O)O)N[C@@H](Cc1ccc(O)cc1)C(=O)O)NC(N[C@@H](CC(N[C@@H](CO)C(=O)O)N[C@@H](CC(C)C)C(=O)O)C(N[C@@H](CCCCN)C(=O)O)N[C@@H](CCCCN)C(=O)O)[C@H](CC(C)C)NC(N)CC[C@H](N)C(NCC(N[C@@H](CC(C)C)C(NCC(=O)O)N[C@@H](CCC(N)=O)C(=O)O)N1CCC[C@H]1C(N[C@@H](Cc1c[nH]c2ccccc12)C(=O)O)N1CCC[C@H]1C(=O)O)N1CCC[C@H]1C(N[C@@H](Cc1ccc(N[C@@H](CC(C)C)C(=O)O)cc1)C(N[C@@H](CCC(=O)O)C(=O)O)N[C@@H](CCC(=O)O)C(=O)O)N[C@@H](CC(C)C)C(N[C@@H](CCC(=O)O)C(=O)O)N[C@@H](CCC(=O)O)C(=O)O)C(=O)O,CSCC[C@H](NC(N[C@@H](Cc1c[nH]c2ccccc12)C(=O)O)[C@H](C)NC(N[C@@H](CC(N[C@@H](CC(=O)O)C(=O)O)N[C@@H](Cc1ccccc1)C(=O)O)C(=O)O)[C@H](CCC(N)N[C@@H](C(C)N[C@@H](C)C(=O)O)C(NCC(=O)O)N[C@@H](Cc1ccc(O)cc1)C(=O)O)NC(N[C@@H](CC(N[C@@H](CO)C(=O)O)N[C@@H](CC(C)C)C(=O)O)C(N[C@@H](CCCCN)C(=O)O)N[C@@H](CCCCN)C(=O)O)[C@H](CC(C)C)NC(N)CC[C@H](N)C(NCC(N[C@@H](CC(C)C)C(NCC(=O)O)N[C@@H](CCC(N)=O)C(=O)O)N1CCC[C@H]1C(N[C@@H](Cc1c[nH]c2ccccc12)C(=O)O)N1CCC[C@H]1C(=O)O)N1CCC[C@H]1C(N[C@@H](Cc1ccc(N[C@@H](CC(C)C)C(=O)O)cc1)C(N[C@@H](CCC(=O)O)C(=O)O)N[C@@H](CCC(=O)O)C(=O)O)N[C@@H](CC(C)C)C(N[C@@H](CCC(=O)O)C(=O)O)N[C@@H](CCC(=O)O)C(=O)O)C(=O)O,LRGJBEJZMWBAFA-ZLWWHVESSA-N,BBB-,0,3888.5429999999847,-2.7933000000000723,1573.6199999999992,65,67,154,7,273,10,experimental_classification,np
BBBP_00356,356,CCC(C)[C@H](NC([C@H](CC(C)C)NC(N[C@@H](CS)C(N[C@H](C(=O)O)C(C)C)N[C@H](C(=O)O)C(C)CC)[C@@H](N)CCCNC(=N)N)N1CCC[C@H]1C(O)N[C@@H](CS)C(=O)O)C(N[C@@H](Cc1ccccc1)C(=O)O)N1CCC[C@H]1C(=O)O,CCC(C)[C@H](NC([C@H](CC(C)C)NC(N[C@@H](CS)C(N[C@H](C(=O)O)C(C)C)N[C@H](C(=O)O)C(C)CC)[C@@H](N)CCCNC(=N)N)N1CCC[C@H]1C(O)N[C@@H](CS)C(=O)O)C(N[C@@H](Cc1ccccc1)C(=O)O)N1CCC[C@H]1C(=O)O,KGEFEDVWIZFFNU-HHHDPNNNSA-N,BBB-,0,1170.5999999999997,1.155569999999985,385.34000000000003,19,19,41,1,80,3,experimental_classification,np
BBBP_00357,357,CC(C)C[C@H](Nc1ccc(C[C@H](NC([C@H](CN[C@@H](C(C)N[C@@H](C(C)C)C(N[C@@H](CCCNC(=N)N)C(=O)O)N[C@@H](Cc2ccc(O)cc2)C(=O)O)C(N[C@@H](CCC(=O)O)C(=O)O)N[C@@H](CC(=O)O)C(=O)O)NC(CN)N2CCC[C@H]2C(N[C@@H](CCC(N)NCC(N[C@@H](CC(N)=O)C(=O)O)N[C@@H](CC(=O)O)C(=O)O)C(N[C@@H](CC(N)N[C@@H](CC(C)C)C(=O)O)C(N[C@@H](CCC(N)=O)C(=O)O)N[C@@H](CCC(N)=O)C(=O)O)N[C@@H](CC(N[C@@H](CCCNC(=N)N)C(=O)O)N[C@@H](Cc2ccc(O)cc2)C(=O)O)C(N[C@@H](CC(N)=O)C(=O)O)N[C@@H](CC(C)C)C(=O)O)N2CCC[C@H]2C(N[C@@H](C)C(N[C@@H](Cc2ccccc2)C(=O)O)N[C@H](C(=O)O)C(C)C)N2CCC[C@H]2C(N[C@@H](CCCNC(=N)N)C(=O)O)N[C@@H](Cc2cnc[nH]2)C(=O)O)N2CCC[C@H]2C(N[C@@H](Cc2ccc(O)cc2)C(=O)O)N[C@@H](Cc2ccc(O)cc2)C(=O)O)C(N[C@@H](CCCNC(=N)N)C(=O)O)N[C@@H](Cc2ccccc2)C(=O)O)cc1)C(=O)O,CC(C)C[C@H](Nc1ccc(C[C@H](NC([C@H](CN[C@@H](C(C)N[C@@H](C(C)C)C(N[C@@H](CCCNC(=N)N)C(=O)O)N[C@@H](Cc2ccc(O)cc2)C(=O)O)C(N[C@@H](CCC(=O)O)C(=O)O)N[C@@H](CC(=O)O)C(=O)O)NC(CN)N2CCC[C@H]2C(N[C@@H](CCC(N)NCC(N[C@@H](CC(N)=O)C(=O)O)N[C@@H](CC(=O)O)C(=O)O)C(N[C@@H](CC(N)N[C@@H](CC(C)C)C(=O)O)C(N[C@@H](CCC(N)=O)C(=O)O)N[C@@H](CCC(N)=O)C(=O)O)N[C@@H](CC(N[C@@H](CCCNC(=N)N)C(=O)O)N[C@@H](Cc2ccc(O)cc2)C(=O)O)C(N[C@@H](CC(N)=O)C(=O)O)N[C@@H](CC(C)C)C(=O)O)N2CCC[C@H]2C(N[C@@H](C)C(N[C@@H](Cc2ccccc2)C(=O)O)N[C@H](C(=O)O)C(C)C)N2CCC[C@H]2C(N[C@@H](CCCNC(=N)N)C(=O)O)N[C@@H](Cc2cnc[nH]2)C(=O)O)N2CCC[C@H]2C(N[C@@H](Cc2ccc(O)cc2)C(=O)O)N[C@@H](Cc2ccc(O)cc2)C(=O)O)C(N[C@@H](CCCNC(=N)N)C(=O)O)N[C@@H](Cc2ccccc2)C(=O)O)cc1)C(=O)O,QLFFMDRVPBZDJE-RZCKQUODSA-N,BBB-,0,4425.082999999983,-9.6618200000003,1926.009999999999,80,76,168,8,313,12,experimental_classification,np
BBBP_00358,358,CC(C)C[C@H](NC(N[C@@H](CC(=O)O)C(=O)O)[C@H](Cc1ccc(N[C@@H](Cc2cnc[nH]2)C(=O)O)cc1)NC(N[C@@H](CC(N[C@@H](C)C(=O)O)N[C@@H](CCCNC(=N)N)C(=O)O)C(N[C@@H](CCCCN)C(=O)O)N[C@@H](CC(C)C)C(=O)O)[C@H](Cc1cnc[nH]1)NC(N)CC[C@H](N)C(N[C@@H](C(C)N[C@@H](CCC(=O)O)C(=O)O)C(N[C@@H](CC(=O)O)C(=O)O)N[C@@H](CC(=O)O)C(=O)O)N[C@@H](CN[C@@H](CC(N[C@@H](C)C(=O)O)N[C@@H](CCCNC(=N)N)C(=O)O)C(=O)O)C(N[C@@H](CCC(=O)O)C(=O)O)N[C@H](C(=O)O)C(C)C)C(=O)O,CC(C)C[C@H](NC(N[C@@H](CC(=O)O)C(=O)O)[C@H](Cc1ccc(N[C@@H](Cc2cnc[nH]2)C(=O)O)cc1)NC(N[C@@H](CC(N[C@@H](C)C(=O)O)N[C@@H](CCCNC(=N)N)C(=O)O)C(N[C@@H](CCCCN)C(=O)O)N[C@@H](CC(C)C)C(=O)O)[C@H](Cc1cnc[nH]1)NC(N)CC[C@H](N)C(N[C@@H](C(C)N[C@@H](CCC(=O)O)C(=O)O)C(N[C@@H](CC(=O)O)C(=O)O)N[C@@H](CC(=O)O)C(=O)O)N[C@@H](CN[C@@H](CC(N[C@@H](C)C(=O)O)N[C@@H](CCCNC(=N)N)C(=O)O)C(=O)O)C(N[C@@H](CCC(=O)O)C(=O)O)N[C@H](C(=O)O)C(C)C)C(=O)O,FLOJUAKAEZEMBE-UATFICJSSA-N,BBB-,0,2531.7669999999957,-8.816960000000007,1245.8199999999997,51,47,105,3,177,3,experimental_classification,np
BBBP_00359,359,CCC(C)[C@H](NC[C@H](NC(N[C@@H](CC(N)N[C@@H](CC(=O)O)C(=O)O)C(N[C@H](C(=O)O)C(C)C)N[C@H](C(=O)O)C(C)C)[C@H](Cc1ccc(N[C@@H](CS)C(N[C@@H](CS)C(=O)O)N[C@H](C(=O)O)C(C)CC)cc1)NC(N[C@@H](Cc1ccc(NCC(N[C@@H](Cc2c[nH]c3ccccc23)C(=O)O)N[C@@H](CC(O)N[C@@H](CS)C(=O)O)C(=O)O)cc1)C(N[C@@H](C(C)C)C(NCC(=O)O)N[C@H](C(=O)O)C(C)O)N[C@@H](Cc1ccc(N[C@@H](C)C(=O)O)cc1)C(NCC(=O)O)N[C@@H](CCC(N)=O)C(=O)O)[C@@H](N)C(C)N[C@@H](CCCCN)C(NCC(N[C@@H](CCCCN)C(NCC(=O)O)NCC(=O)O)N[C@@H](CCCCN)C(NCC(=O)O)N[C@@H](CC(C)C)C(=O)O)N[C@@H](CC(N)N[C@@H](CS)C(N[C@H](C(=O)O)C(C)CC)N1CCC[C@H]1C(=O)O)C(N[C@@H](C(C)C)C(NCC(=O)O)N[C@@H](CCCCN)C(=O)O)N[C@@H](Cc1c[nH]c2ccccc12)C(NCC(=O)O)N[C@@H](CCCCN)C(=O)O)C(NCC(=O)O)N[C@@H](CCC(N)=O)C(=O)O)C(=O)O,CCC(C)[C@H](NC[C@H](NC(N[C@@H](CC(N)N[C@@H](CC(=O)O)C(=O)O)C(N[C@H](C(=O)O)C(C)C)N[C@H](C(=O)O)C(C)C)[C@H](Cc1ccc(N[C@@H](CS)C(N[C@@H](CS)C(=O)O)N[C@H](C(=O)O)C(C)CC)cc1)NC(N[C@@H](Cc1ccc(NCC(N[C@@H](Cc2c[nH]c3ccccc23)C(=O)O)N[C@@H](CC(O)N[C@@H](CS)C(=O)O)C(=O)O)cc1)C(N[C@@H](C(C)C)C(NCC(=O)O)N[C@H](C(=O)O)C(C)O)N[C@@H](Cc1ccc(N[C@@H](C)C(=O)O)cc1)C(NCC(=O)O)N[C@@H](CCC(N)=O)C(=O)O)[C@@H](N)C(C)N[C@@H](CCCCN)C(NCC(N[C@@H](CCCCN)C(NCC(=O)O)NCC(=O)O)N[C@@H](CCCCN)C(NCC(=O)O)N[C@@H](CC(C)C)C(=O)O)N[C@@H](CC(N)N[C@@H](CS)C(N[C@H](C(=O)O)C(C)CC)N1CCC[C@H]1C(=O)O)C(N[C@@H](C(C)C)C(NCC(=O)O)N[C@@H](CCCCN)C(=O)O)N[C@@H](Cc1c[nH]c2ccccc12)C(NCC(=O)O)N[C@@H](CCCCN)C(=O)O)C(NCC(=O)O)N[C@@H](CCC(N)=O)C(=O)O)C(=O)O,VDPCUEGMRXJQNS-OWPZHLTOSA-N,BBB-,0,4565.571999999982,-9.209600000000297,1869.949999999999,86,85,189,7,316,8,experimental_classification,np
BBBP_00360,360,CCC(C)[C@H](NC(CC[C@H](NC(N[C@@H](Cc1ccc(N[C@@H](CCSC)C(=O)O)cc1)C(=O)O)[C@H](CC(N[C@@H](C(C)N[C@@H](C)C(=O)O)C(N[C@@H](CCC(N)=O)C(=O)O)N[C@H](C(=O)O)C(C)C)N[C@@H](CN[C@@H](CCC(N)=O)C(=O)O)C(N[C@@H](CCCCN)C(=O)O)N[C@@H](Cc1ccccc1)C(=O)O)NC(N[C@@H](CNCC(N[C@@H](CO)C(=O)O)N[C@@H](CCCCN)C(=O)O)C(N[C@@H](Cc1ccccc1)C(NCC(=O)O)N[C@@H](CC(N)=O)C(=O)O)N[C@@H](CC(C)C)C(N[C@@H](CCCNC(=N)N)C(=O)O)N[C@@H](CCSC)C(=O)O)[C@@H](N)Cc1cnc[nH]1)C(N[C@@H](CC(N)=O)C(=O)O)N[C@@H](CC(C)C)C(=O)O)N[C@@H](CCC(N)=O)C(=O)O)C(=O)O,CCC(C)[C@H](NC(CC[C@H](NC(N[C@@H](Cc1ccc(N[C@@H](CCSC)C(=O)O)cc1)C(=O)O)[C@H](CC(N[C@@H](C(C)N[C@@H](C)C(=O)O)C(N[C@@H](CCC(N)=O)C(=O)O)N[C@H](C(=O)O)C(C)C)N[C@@H](CN[C@@H](CCC(N)=O)C(=O)O)C(N[C@@H](CCCCN)C(=O)O)N[C@@H](Cc1ccccc1)C(=O)O)NC(N[C@@H](CNCC(N[C@@H](CO)C(=O)O)N[C@@H](CCCCN)C(=O)O)C(N[C@@H](Cc1ccccc1)C(NCC(=O)O)N[C@@H](CC(N)=O)C(=O)O)N[C@@H](CC(C)C)C(N[C@@H](CCCNC(=N)N)C(=O)O)N[C@@H](CCSC)C(=O)O)[C@@H](N)Cc1cnc[nH]1)C(N[C@@H](CC(N)=O)C(=O)O)N[C@@H](CC(C)C)C(=O)O)N[C@@H](CCC(N)=O)C(=O)O)C(=O)O,WMUGWTYGAVSPJC-GACYBECDSA-N,BBB-,0,3152.7409999999936,-8.944130000000092,1388.4999999999995,57,57,134,4,219,4,experimental_classification,np
BBBP_00361,361,CCC(C)[C@H](NC(N[C@@H](CCC(N)=O)C(=O)O)[C@H](C)NC[C@H](NC(N[C@@H](C)C(NCC(=O)O)N[C@@H](CCCCN)C(=O)O)[C@H](CCCCN)NC(N[C@@H](CCCCN)C(N[C@@H](C)C(N[C@@H](C)C(=O)O)N[C@@H](C)C(=O)O)N[C@@H](Cc1c[nH]c2ccccc12)C(NCC(=O)O)N[C@H](C(=O)O)C(C)C)[C@H](Cc1ccccc1)NC(CN)N[C@@H](Cc1c[nH]c2ccccc12)C(NCC(N[C@@H](C(C)C)C(N[C@@H](C)C(=O)O)N[C@@H](CC(C)C)C(=O)O)N[C@@H](CCCCN)C(N[C@@H](CCCCN)C(=O)O)N[C@@H](Cc1cnc[nH]1)C(=O)O)N[C@@H](C(C)C)C(NCC(NCC(=O)O)N[C@@H](CC(C)C)C(=O)O)NCC(N[C@@H](C)C(=O)O)N[C@@H](CC(N)=O)C(=O)O)C(N[C@@H](C)C(=O)O)N[C@@H](C)C(=O)O)C(=O)O,CCC(C)[C@H](NC(N[C@@H](CCC(N)=O)C(=O)O)[C@H](C)NC[C@H](NC(N[C@@H](C)C(NCC(=O)O)N[C@@H](CCCCN)C(=O)O)[C@H](CCCCN)NC(N[C@@H](CCCCN)C(N[C@@H](C)C(N[C@@H](C)C(=O)O)N[C@@H](C)C(=O)O)N[C@@H](Cc1c[nH]c2ccccc12)C(NCC(=O)O)N[C@H](C(=O)O)C(C)C)[C@H](Cc1ccccc1)NC(CN)N[C@@H](Cc1c[nH]c2ccccc12)C(NCC(N[C@@H](C(C)C)C(N[C@@H](C)C(=O)O)N[C@@H](CC(C)C)C(=O)O)N[C@@H](CCCCN)C(N[C@@H](CCCCN)C(=O)O)N[C@@H](Cc1cnc[nH]1)C(=O)O)N[C@@H](C(C)C)C(NCC(NCC(=O)O)N[C@@H](CC(C)C)C(=O)O)NCC(N[C@@H](C)C(=O)O)N[C@@H](CC(N)=O)C(=O)O)C(N[C@@H](C)C(=O)O)N[C@@H](C)C(=O)O)C(=O)O,YJHXIAQHHVKKMU-FJEDFCHXSA-N,BBB-,0,3353.1599999999876,-6.177700000000113,1370.9499999999991,62,60,143,6,236,6,experimental_classification,np
BBBP_00362,362,CC(C)[C@H](NC(N[C@@H](CCCNC(=N)N)C(N[C@@H](CCCNC(=N)N)C(=O)O)N[C@@H](CCCNC(=N)N)C(=O)O)[C@H](CN1CCC[C@H]1C(N[C@@H](C)C(=O)O)N[C@@H](CCCNC(=N)N)C(=O)O)NC(N[C@@H](CCCNC(=N)N)C(N[C@@H](CCCNC(=N)N)C(=O)O)N[C@@H](CCCNC(=N)N)C(=O)O)[C@H](CCCNC(=N)N)NC(N[C@@H](CCCNC(=N)N)C(N[C@@H](CCCNC(=N)N)C(N[C@@H](CCCNC(=N)N)C(N[C@@H](CCCNC(=N)N)C(=O)O)N[C@@H](CCCNC(=N)N)C(=O)O)N[C@@H](CN[C@H](C(=O)O)C(C)C)C(N[C@@H](CO)C(=O)O)N[C@@H](CCCNC(=N)N)C(=O)O)N[C@@H](CCCNC(=N)N)C(N[C@@H](C)C(N[C@@H](CCCNC(=N)N)C(=O)O)N[C@@H](CCCNC(=N)N)C(=O)O)N[C@@H](CCCNC(=N)N)C(N[C@@H](CCCNC(=N)N)C(=O)O)N1CCC[C@H]1C(=O)O)[C@H](C)N)C(N[C@@H](CCCNC(=N)N)C(=O)O)N[C@@H](CCCNC(=N)N)C(=O)O,CC(C)[C@H](NC(N[C@@H](CCCNC(=N)N)C(N[C@@H](CCCNC(=N)N)C(=O)O)N[C@@H](CCCNC(=N)N)C(=O)O)[C@H](CN1CCC[C@H]1C(N[C@@H](C)C(=O)O)N[C@@H](CCCNC(=N)N)C(=O)O)NC(N[C@@H](CCCNC(=N)N)C(N[C@@H](CCCNC(=N)N)C(=O)O)N[C@@H](CCCNC(=N)N)C(=O)O)[C@H](CCCNC(=N)N)NC(N[C@@H](CCCNC(=N)N)C(N[C@@H](CCCNC(=N)N)C(N[C@@H](CCCNC(=N)N)C(N[C@@H](CCCNC(=N)N)C(=O)O)N[C@@H](CCCNC(=N)N)C(=O)O)N[C@@H](CN[C@H](C(=O)O)C(C)C)C(N[C@@H](CO)C(=O)O)N[C@@H](CCCNC(=N)N)C(=O)O)N[C@@H](CCCNC(=N)N)C(N[C@@H](C)C(N[C@@H](CCCNC(=N)N)C(=O)O)N[C@@H](CCCNC(=N)N)C(=O)O)N[C@@H](CCCNC(=N)N)C(N[C@@H](CCCNC(=N)N)C(=O)O)N1CCC[C@H]1C(=O)O)[C@H](C)N)C(N[C@@H](CCCNC(=N)N)C(=O)O)N[C@@H](CCCNC(=N)N)C(=O)O,WOCGLOLYEZJGPX-DUWMOJTHSA-N,BBB-,0,4193.178999999989,-26.031629999999986,2323.569999999999,110,70,178,0,293,2,experimental_classification,np
BBBP_00363,363,CCC(C)[C@H](NC[C@H](NC(N[C@@H](CCCNC(=N)N)C(N[C@@H](CCC(N)N1CCC[C@H]1C(=O)O)C(N[C@@H](CO)C(=O)O)N[C@@H](CS)C(=O)O)N[C@@H](CCC(N[C@@H](CN[C@@H](CCCNC(=N)N)C(=O)O)C(N[C@@H](CCCNC(=N)N)C(=O)O)N[C@@H](CCC(N)=O)C(=O)O)N[C@@H](CN1CCC[C@H]1C(=O)O)C(N[C@H](C(=O)O)C(C)C)N[C@H](C(=O)O)C(C)O)C(N[C@@H](CC(C)C)C(N[C@@H](CCCCN)C(=O)O)N[C@@H](CC(=O)O)C(=O)O)N[C@@H](CC(N)N[C@@H](CCSC)C(=O)O)C(N[C@@H](CO)C(=O)O)N[C@@H](CCCNC(=N)N)C(=O)O)[C@@H](N)CCSC)C(NCC(N[C@@H](CO)C(=O)O)N[C@@H](Cc1ccc(O)cc1)C(=O)O)N[C@@H](CN[C@@H](CO)C(=O)O)C(N[C@@H](C)C(=O)O)N[C@@H](CO)C(=O)O)C(N[C@@H](CCCNC(=N)N)C(=O)O)N[C@@H](Cc1ccccc1)C(=O)O,CCC(C)[C@H](NC[C@H](NC(N[C@@H](CCCNC(=N)N)C(N[C@@H](CCC(N)N1CCC[C@H]1C(=O)O)C(N[C@@H](CO)C(=O)O)N[C@@H](CS)C(=O)O)N[C@@H](CCC(N[C@@H](CN[C@@H](CCCNC(=N)N)C(=O)O)C(N[C@@H](CCCNC(=N)N)C(=O)O)N[C@@H](CCC(N)=O)C(=O)O)N[C@@H](CN1CCC[C@H]1C(=O)O)C(N[C@H](C(=O)O)C(C)C)N[C@H](C(=O)O)C(C)O)C(N[C@@H](CC(C)C)C(N[C@@H](CCCCN)C(=O)O)N[C@@H](CC(=O)O)C(=O)O)N[C@@H](CC(N)N[C@@H](CCSC)C(=O)O)C(N[C@@H](CO)C(=O)O)N[C@@H](CCCNC(=N)N)C(=O)O)[C@@H](N)CCSC)C(NCC(N[C@@H](CO)C(=O)O)N[C@@H](Cc1ccc(O)cc1)C(=O)O)N[C@@H](CN[C@@H](CO)C(=O)O)C(N[C@@H](C)C(=O)O)N[C@@H](CO)C(=O)O)C(N[C@@H](CCCNC(=N)N)C(=O)O)N[C@@H](Cc1ccccc1)C(=O)O,ANXGKMCYILXSKB-WBLORBFGSA-N,BBB-,0,3780.467999999985,-18.92115000000029,1786.2599999999993,80,74,158,2,260,4,experimental_classification,np
BBBP_00364,364,CCC(C)[C@H](NC(CN)N[C@@H](CN1CCC[C@H]1C(N[C@@H](CS)C(N[C@@H](CCCCN)C(=O)O)N[C@@H](Cc1ccc(O)cc1)C(=O)O)N[C@@H](CN[C@H](C(=O)O)C(C)O)C(N[C@@H](CO)C(=O)O)N[C@@H](CS)C(=O)O)C(N[C@@H](C)C(N[C@@H](CCCCN)C(N[C@@H](C)C(=O)O)N[C@@H](CS)C(=O)O)N[C@@H](Cc1ccccc1)C(N[C@@H](CC(C)C)C(=O)O)N1CCC[C@H]1C(=O)O)N[C@@H](CS)C(NCC(N[C@@H](CCCCN)C(=O)O)N[C@@H](CC(N)=O)C(=O)O)N[C@@H](CCCCN)C(=O)O)C(NCC(N[C@@H](CS)C(=O)O)N[C@@H](Cc1ccc(O)cc1)C(=O)O)N[C@@H](CCC(N[C@H](C(=O)O)C(C)O)N1CCC[C@H]1C(=O)O)C(NCC(=O)O)N[C@@H](CS)C(=O)O,CCC(C)[C@H](NC(CN)N[C@@H](CN1CCC[C@H]1C(N[C@@H](CS)C(N[C@@H](CCCCN)C(=O)O)N[C@@H](Cc1ccc(O)cc1)C(=O)O)N[C@@H](CN[C@H](C(=O)O)C(C)O)C(N[C@@H](CO)C(=O)O)N[C@@H](CS)C(=O)O)C(N[C@@H](C)C(N[C@@H](CCCCN)C(N[C@@H](C)C(=O)O)N[C@@H](CS)C(=O)O)N[C@@H](Cc1ccccc1)C(N[C@@H](CC(C)C)C(=O)O)N1CCC[C@H]1C(=O)O)N[C@@H](CS)C(NCC(N[C@@H](CCCCN)C(=O)O)N[C@@H](CC(N)=O)C(=O)O)N[C@@H](CCCCN)C(=O)O)C(NCC(N[C@@H](CS)C(=O)O)N[C@@H](Cc1ccc(O)cc1)C(=O)O)N[C@@H](CCC(N[C@H](C(=O)O)C(C)O)N1CCC[C@H]1C(=O)O)C(NCC(=O)O)N[C@@H](CS)C(=O)O,QRODIMILKVVEBK-GSPJYGSRSA-N,BBB-,0,3246.043999999991,-10.03230000000005,1280.2699999999998,62,65,130,3,220,6,experimental_classification,np
BBBP_00365,365,CCC(C)[C@H](NC(N[C@@H](Cc1ccc(O)cc1)C(=O)O)[C@H](CN[C@@H](CCC(N)=O)C(=O)O)NC(N[C@@H](CCCNC(=N)N)C(N[C@@H](CCC(=O)O)C(=O)O)N[C@@H](Cc1ccc(O)cc1)C(=O)O)[C@H](Cc1cnc[nH]1)NC(N[C@@H](CC(C)C)C(N[C@@H](CN[C@@H](CC(C)C)C(=O)O)C(N[C@@H](CCCNC(=N)N)C(=O)O)N[C@@H](CC(N)=O)C(=O)O)N[C@@H](Cc1ccccc1)C(N[C@@H](CO)C(=O)O)N[C@H](C(=O)O)C(C)C)[C@@H](NC(N[C@@H](C(C)C)C(N[C@@H](CCCNC(=N)N)C(N[C@@H](CN[C@@H](CCC(N)=O)C(=O)O)C(N[C@@H](Cc1ccc(O)cc1)C(=O)O)N[C@@H](CC(C)C)C(=O)O)N[C@@H](CN[C@@H](CCCCN)C(=O)O)C(N[C@@H](Cc1ccc(O)cc1)C(=O)O)N[C@H](C(=O)O)C(C)CC)N1CCC[C@H]1C(N[C@@H](CC(O)N[C@@H](Cc1ccccc1)C(=O)O)C(=O)O)N[C@@H](CCC(NCC(=O)O)N[C@@H](CCCNC(=N)N)C(=O)O)C(N[C@@H](CCCNC(=N)N)C(=O)O)N1CCC[C@H]1C(=O)O)[C@@H](N)CCCCN)C(C)C)C(=O)O,CCC(C)[C@H](NC(N[C@@H](Cc1ccc(O)cc1)C(=O)O)[C@H](CN[C@@H](CCC(N)=O)C(=O)O)NC(N[C@@H](CCCNC(=N)N)C(N[C@@H](CCC(=O)O)C(=O)O)N[C@@H](Cc1ccc(O)cc1)C(=O)O)[C@H](Cc1cnc[nH]1)NC(N[C@@H](CC(C)C)C(N[C@@H](CN[C@@H](CC(C)C)C(=O)O)C(N[C@@H](CCCNC(=N)N)C(=O)O)N[C@@H](CC(N)=O)C(=O)O)N[C@@H](Cc1ccccc1)C(N[C@@H](CO)C(=O)O)N[C@H](C(=O)O)C(C)C)[C@@H](NC(N[C@@H](C(C)C)C(N[C@@H](CCCNC(=N)N)C(N[C@@H](CN[C@@H](CCC(N)=O)C(=O)O)C(N[C@@H](Cc1ccc(O)cc1)C(=O)O)N[C@@H](CC(C)C)C(=O)O)N[C@@H](CN[C@@H](CCCCN)C(=O)O)C(N[C@@H](Cc1ccc(O)cc1)C(=O)O)N[C@H](C(=O)O)C(C)CC)N1CCC[C@H]1C(N[C@@H](CC(O)N[C@@H](Cc1ccccc1)C(=O)O)C(=O)O)N[C@@H](CCC(NCC(=O)O)N[C@@H](CCCNC(=N)N)C(=O)O)C(N[C@@H](CCCNC(=N)N)C(=O)O)N1CCC[C@H]1C(=O)O)[C@@H](N)CCCCN)C(C)C)C(=O)O,BWWITUWGNXXXCO-YXPDWPPASA-N,BBB-,0,4465.324999999982,-8.983350000000302,1928.2599999999986,84,76,180,7,315,9,experimental_classification,np
BBBP_00366,366,CCC(C)[C@H](NC(N[C@@H](CC(C)C)C(=O)O)[C@H](CNCC(N[C@@H](CCCNC(=N)N)C(=O)O)N[C@H](C(=O)O)C(C)O)NC(CN)N[C@@H](CN1CCC[C@H]1C(=O)O)C(NCC(=O)O)N[C@@H](Cc1ccccc1)C(=O)O)C(=O)O,CCC(C)[C@H](NC(N[C@@H](CC(C)C)C(=O)O)[C@H](CNCC(N[C@@H](CCCNC(=N)N)C(=O)O)N[C@H](C(=O)O)C(C)O)NC(CN)N[C@@H](CN1CCC[C@H]1C(=O)O)C(NCC(=O)O)N[C@@H](Cc1ccccc1)C(=O)O)C(=O)O,NUVORLWTXQMYRQ-QDHOSYLCSA-N,BBB-,0,1099.2989999999998,-3.828330000000025,480.75999999999993,21,20,43,1,77,2,experimental_classification,np
BBBP_00367,367,CCC(C)[C@H](NC(N[C@@H](CS)C(=O)O)[C@H](CC(N)N[C@@H](CC(N)=O)C(=O)O)NC(N[C@@H](CCCCN)C(N[C@@H](CCCNC(=N)N)C(=O)O)N[C@H](C(=O)O)C(C)C)[C@H](CS)NC([C@H](Cc1ccccc1)NC(CN)N[C@@H](CC(N)NCC(N[C@H](C(=O)O)C(C)O)N1CCC[C@H]1C(O)N[C@@H](CC(N)=O)C(=O)O)C(N[C@@H](C(C)NCC(=O)O)C(N[C@@H](CS)C(=O)O)N[C@H](C(=O)O)C(C)O)N[C@@H](CCC(N[C@@H](CS)C(=O)O)N[C@@H](Cc1cnc[nH]1)C(=O)O)C(N[C@@H](C)C(=O)O)N1CCC[C@H]1C(=O)O)N1CCC[C@H]1C(N[C@@H](CS)C(N[C@@H](CO)C(=O)O)N[C@@H](CS)C(=O)O)N[C@@H](Cc1c[nH]c2ccccc12)C(N[C@@H](C)C(=O)O)N[C@H](C(=O)O)C(C)CC)C(=O)O,CCC(C)[C@H](NC(N[C@@H](CS)C(=O)O)[C@H](CC(N)N[C@@H](CC(N)=O)C(=O)O)NC(N[C@@H](CCCCN)C(N[C@@H](CCCNC(=N)N)C(=O)O)N[C@H](C(=O)O)C(C)C)[C@H](CS)NC([C@H](Cc1ccccc1)NC(CN)N[C@@H](CC(N)NCC(N[C@H](C(=O)O)C(C)O)N1CCC[C@H]1C(O)N[C@@H](CC(N)=O)C(=O)O)C(N[C@@H](C(C)NCC(=O)O)C(N[C@@H](CS)C(=O)O)N[C@H](C(=O)O)C(C)O)N[C@@H](CCC(N[C@@H](CS)C(=O)O)N[C@@H](Cc1cnc[nH]1)C(=O)O)C(N[C@@H](C)C(=O)O)N1CCC[C@H]1C(=O)O)N1CCC[C@H]1C(N[C@@H](CS)C(N[C@@H](CO)C(=O)O)N[C@@H](CS)C(=O)O)N[C@@H](Cc1c[nH]c2ccccc12)C(N[C@@H](C)C(=O)O)N[C@H](C(=O)O)C(C)CC)C(=O)O,KOMJROQNFYZLOW-GUMFNUPPSA-N,BBB-,0,3330.0859999999893,-12.732230000000138,1383.4799999999996,66,66,128,4,226,7,experimental_classification,np
BBBP_00368,368,CC(C)C[C@H](NC(N)CC[C@H](NC(NCC(NCC(=O)O)N[C@@H](CCCNC(=N)N)C(=O)O)[C@H](CCCCN)NC(N[C@@H](CCC(N)N[C@@H](CS)C(NCC(N[C@@H](CS)C(=O)O)N[C@@H](Cc1ccccc1)C(=O)O)N[C@@H](CCCNC(=N)N)C(NCC(=O)O)N[C@@H](Cc1ccc(O)cc1)C(=O)O)C(NCC(N[C@@H](C)C(NCC(=O)O)N[C@@H](CO)C(=O)O)N[C@@H](CCCCN)C(N[C@H](C(=O)O)C(C)O)N1CCC[C@H]1C(=O)O)N[C@@H](CCC(N[C@@H](CS)C(N[C@@H](CC(=O)O)C(=O)O)N[C@@H](Cc1ccc(O)cc1)C(=O)O)N1CCC[C@H]1C(NCC(=O)O)N[C@@H](CS)C(=O)O)C(N[C@@H](CC(N)N[C@H](C(=O)O)C(C)C)C(NCC(=O)O)N[C@@H](CS)C(=O)O)N[C@@H](CS)C(N[C@@H](CO)C(=O)O)N[C@@H](CCC(N)=O)C(=O)O)[C@H](C)N)C(N[C@@H](CS)C(NCC(=O)O)N[C@@H](CCCNC(=N)N)C(=O)O)N[C@@H](CS)C(N[C@@H](CS)C(=O)O)N[C@@H](CCCNC(=N)N)C(=O)O)C(N[C@@H](CS)C(=O)O)N[C@@H](CCC(N)=O)C(=O)O,CC(C)C[C@H](NC(N)CC[C@H](NC(NCC(NCC(=O)O)N[C@@H](CCCNC(=N)N)C(=O)O)[C@H](CCCCN)NC(N[C@@H](CCC(N)N[C@@H](CS)C(NCC(N[C@@H](CS)C(=O)O)N[C@@H](Cc1ccccc1)C(=O)O)N[C@@H](CCCNC(=N)N)C(NCC(=O)O)N[C@@H](Cc1ccc(O)cc1)C(=O)O)C(NCC(N[C@@H](C)C(NCC(=O)O)N[C@@H](CO)C(=O)O)N[C@@H](CCCCN)C(N[C@H](C(=O)O)C(C)O)N1CCC[C@H]1C(=O)O)N[C@@H](CCC(N[C@@H](CS)C(N[C@@H](CC(=O)O)C(=O)O)N[C@@H](Cc1ccc(O)cc1)C(=O)O)N1CCC[C@H]1C(NCC(=O)O)N[C@@H](CS)C(=O)O)C(N[C@@H](CC(N)N[C@H](C(=O)O)C(C)C)C(NCC(=O)O)N[C@@H](CS)C(=O)O)N[C@@H](CS)C(N[C@@H](CO)C(=O)O)N[C@@H](CCC(N)=O)C(=O)O)[C@H](C)N)C(N[C@@H](CS)C(NCC(=O)O)N[C@@H](CCCNC(=N)N)C(=O)O)N[C@@H](CS)C(N[C@@H](CS)C(=O)O)N[C@@H](CCCNC(=N)N)C(=O)O)C(N[C@@H](CS)C(=O)O)N[C@@H](CCC(N)=O)C(=O)O,WRJGHKPWBQKKAG-IGSQLRQRSA-N,BBB-,0,4658.72299999998,-22.705220000000217,2060.5599999999986,102,96,193,3,313,5,experimental_classification,np
BBBP_00369,369,CC(C)C[C@H](NC(CC[C@H](NC(NCC(N[C@@H](CCCCN)C(=O)O)N1CCC[C@H]1C(O)N[C@H](C(=O)O)C(C)C)[C@H](C)N)C(NCC(=O)O)N[C@@H](C)C(=O)O)N[C@@H](CC(=O)O)C(=O)O)C(=O)O,CC(C)C[C@H](NC(CC[C@H](NC(NCC(N[C@@H](CCCCN)C(=O)O)N1CCC[C@H]1C(O)N[C@H](C(=O)O)C(C)C)[C@H](C)N)C(NCC(=O)O)N[C@@H](C)C(=O)O)N[C@@H](CC(=O)O)C(=O)O)C(=O)O,PVQJIVMIYVVACY-NLASNKIXSA-N,BBB-,0,966.1450000000003,-3.0373000000000197,432.84999999999997,18,19,39,0,67,1,experimental_classification,np
BBBP_00370,370,CCC(C)[C@H](NC(N[C@@H](CCSC)C(N[C@@H](CS)C(=O)O)N[C@@H](CC(=O)O)C(=O)O)[C@H](CCCCN)NC(N[C@@H](C)C(N[C@@H](C(C)C)C(NCC(=O)O)N[C@@H](CO)C(=O)O)N[C@@H](CC(C)C)C(N[C@@H](CCCNC(=N)N)C(=O)O)N[C@@H](CCC(=O)O)C(=O)O)[C@@H](N)CCSC)C(N[C@@H](Cc1ccccc1)C(=O)O)N[C@@H](CC(N)NCC(=O)O)C(O)N[C@@H](CCCNC(=N)N)C(=O)O,CCC(C)[C@H](NC(N[C@@H](CCSC)C(N[C@@H](CS)C(=O)O)N[C@@H](CC(=O)O)C(=O)O)[C@H](CCCCN)NC(N[C@@H](C)C(N[C@@H](C(C)C)C(NCC(=O)O)N[C@@H](CO)C(=O)O)N[C@@H](CC(C)C)C(N[C@@H](CCCNC(=N)N)C(=O)O)N[C@@H](CCC(=O)O)C(=O)O)[C@@H](N)CCSC)C(N[C@@H](Cc1ccccc1)C(=O)O)N[C@@H](CC(N)NCC(=O)O)C(O)N[C@@H](CCCNC(=N)N)C(=O)O,SKCFOZVPAWMUMU-XJBOIEEASA-N,BBB-,0,1945.456000000002,-5.6207599999999385,845.1,39,37,83,1,132,1,experimental_classification,np
BBBP_00371,371,CSCC[C@H](NC(N[C@@H](CCCCN)C(=O)O)[C@H](CC(N[C@@H](CS)C(NCC(=O)O)N[C@@H](CCC(N)=O)C(=O)O)N[C@@H](CCC(N[C@@H](CCC(N)=O)C(=O)O)N[C@@H](Cc1cnc[nH]1)C(=O)O)C(N[C@@H](CCC(N)=O)C(=O)O)N[C@@H](Cc1cnc[nH]1)C(=O)O)NC(CN)N[C@@H](C)C(N[C@@H](CCC(N)N[C@@H](CO)C(=O)O)C(N[C@@H](CCCCN)C(=O)O)N[C@@H](CCC(N)=O)C(=O)O)N[C@@H](Cc1ccccc1)C(N[C@@H](CCC(=O)O)C(=O)O)N[C@@H](Cc1cnc[nH]1)C(=O)O)C(=O)O,CSCC[C@H](NC(N[C@@H](CCCCN)C(=O)O)[C@H](CC(N[C@@H](CS)C(NCC(=O)O)N[C@@H](CCC(N)=O)C(=O)O)N[C@@H](CCC(N[C@@H](CCC(N)=O)C(=O)O)N[C@@H](Cc1cnc[nH]1)C(=O)O)C(N[C@@H](CCC(N)=O)C(=O)O)N[C@@H](Cc1cnc[nH]1)C(=O)O)NC(CN)N[C@@H](C)C(N[C@@H](CCC(N)N[C@@H](CO)C(=O)O)C(N[C@@H](CCCCN)C(=O)O)N[C@@H](CCC(N)=O)C(=O)O)N[C@@H](Cc1ccccc1)C(N[C@@H](CCC(=O)O)C(=O)O)N[C@@H](Cc1cnc[nH]1)C(=O)O)C(=O)O,PYXKYYRAZMYJTD-PXHZQWFKSA-N,BBB-,0,2373.7079999999987,-10.92769999999998,1133.48,46,47,102,4,164,4,experimental_classification,np
BBBP_00372,372,CCC(C)[C@H](NC(N[C@@H](CC(N)=O)C(=O)O)[C@H](CC(C)C)NC[C@H](NC(N[C@@H](CC(C)C)C(N[C@@H](CC(N)N[C@@H](C)C(=O)O)C(N[C@@H](CS)C(=O)O)N[C@@H](CCCCN)C(=O)O)N[C@@H](CCCCN)C(N[C@@H](CC(C)C)C(=O)O)N[C@H](C(=O)O)C(C)C)[C@@H](N)CN[C@@H](CCSC)C(N[C@@H](C(C)C)C(NCC(=O)O)N[C@H](C(=O)O)C(C)C)N[C@@H](CC(C)C)C(NCC(=O)O)N[C@@H](CC(C)C)C(=O)O)C(NCC(N[C@@H](CCCCN)C(=O)O)N[C@@H](CCC(N)=O)C(=O)O)N[C@@H](CCCCN)C(O)N[C@@H](CS)C(=O)O)C(=O)O,CCC(C)[C@H](NC(N[C@@H](CC(N)=O)C(=O)O)[C@H](CC(C)C)NC[C@H](NC(N[C@@H](CC(C)C)C(N[C@@H](CC(N)N[C@@H](C)C(=O)O)C(N[C@@H](CS)C(=O)O)N[C@@H](CCCCN)C(=O)O)N[C@@H](CCCCN)C(N[C@@H](CC(C)C)C(=O)O)N[C@H](C(=O)O)C(C)C)[C@@H](N)CN[C@@H](CCSC)C(N[C@@H](C(C)C)C(NCC(=O)O)N[C@H](C(=O)O)C(C)C)N[C@@H](CC(C)C)C(NCC(=O)O)N[C@@H](CC(C)C)C(=O)O)C(NCC(N[C@@H](CCCCN)C(=O)O)N[C@@H](CCC(N)=O)C(=O)O)N[C@@H](CCCCN)C(O)N[C@@H](CS)C(=O)O)C(=O)O,PGGHOUZSIQNRJJ-YTYRGJMASA-N,BBB-,0,2641.4879999999953,-4.822499999999985,1073.45,49,50,118,0,180,0,experimental_classification,np
BBBP_00373,373,CCC(C)[C@H](NC(N[C@@H](CS)C(=O)O)[C@@H](NC(N[C@@H](CS)C(N[C@@H](CC(N)=O)C(=O)O)N[C@@H](Cc1c[nH]c2ccccc12)C(=O)O)[C@@H](NC(N[C@@H](CS)C(NCC(O)N[C@@H](CC(N)=O)C(=O)O)N[C@@H](CC(C)C)C(N[C@@H](CCCCN)C(=O)O)N[C@@H](Cc1ccc(O)cc1)C(=O)O)[C@H](CC(C)C)NC(CN)N1CCC[C@H]1C(NCC(N[C@@H](CS)C(=O)O)N[C@@H](CCCCN)C(=O)O)N[C@@H](CCC(N[C@@H](CC(N)=O)C(=O)O)N[C@H](C(=O)O)C(C)O)C(N[C@@H](CCCCN)C(=O)O)N1CCC[C@H]1C(=O)O)C(C)N[C@@H](C(C)N[C@@H](CS)C(=O)O)C(N[C@@H](CS)C(=O)O)N[C@H](C(=O)O)C(C)O)C(C)N1CCC[C@H]1C(=O)O)C(=O)O,CCC(C)[C@H](NC(N[C@@H](CS)C(=O)O)[C@@H](NC(N[C@@H](CS)C(N[C@@H](CC(N)=O)C(=O)O)N[C@@H](Cc1c[nH]c2ccccc12)C(=O)O)[C@@H](NC(N[C@@H](CS)C(NCC(O)N[C@@H](CC(N)=O)C(=O)O)N[C@@H](CC(C)C)C(N[C@@H](CCCCN)C(=O)O)N[C@@H](Cc1ccc(O)cc1)C(=O)O)[C@H](CC(C)C)NC(CN)N1CCC[C@H]1C(NCC(N[C@@H](CS)C(=O)O)N[C@@H](CCCCN)C(=O)O)N[C@@H](CCC(N[C@@H](CC(N)=O)C(=O)O)N[C@H](C(=O)O)C(C)O)C(N[C@@H](CCCCN)C(=O)O)N1CCC[C@H]1C(=O)O)C(C)N[C@@H](C(C)N[C@@H](CS)C(=O)O)C(N[C@@H](CS)C(=O)O)N[C@H](C(=O)O)C(C)O)C(C)N1CCC[C@H]1C(=O)O)C(=O)O,IXDKZAAXXGBIHO-OBTIMFBPSA-N,BBB-,0,3175.952999999991,-9.664200000000019,1274.6299999999999,60,62,124,3,215,6,experimental_classification,np
BBBP_00374,374,CCC(C)[C@H](NC(N[C@@H](CCCNC(=N)N)C(O)N[C@H](C(=O)O)C(C)C)[C@H](CCC(N)N[C@@H](CC(C)C)C(N[C@@H](Cc1c[nH]c2ccccc12)C(=O)O)N[C@H](C(=O)O)C(C)C)NC(N[C@@H](C)C(NCC(N[C@@H](CO)C(=O)O)N[C@@H](CCCNC(=N)N)C(=O)O)N[C@@H](CS)C(N[C@@H](CS)C(=O)O)N[C@@H](CS)C(=O)O)[C@@H](NC([C@@H](N)CC(C)C)N1CCC[C@H]1C(N[C@@H](CCC(NCC(N[C@@H](CS)C(=O)O)N[C@@H](CC(C)C)C(=O)O)N[C@@H](C(C)C)C(NCC(=O)O)N[C@@H](CC(C)C)C(=O)O)C(NCC(N[C@@H](CCCNC(=N)N)C(=O)O)N[C@H](C(=O)O)C(C)O)N[C@@H](Cc1ccc(N[C@@H](CC(N)=O)C(=O)O)cc1)C(N[C@@H](Cc1cnc[nH]1)C(=O)O)N1CCC[C@H]1C(=O)O)N[C@@H](CC(N)N[C@@H](CS)C(N[C@@H](CS)C(=O)O)N[C@@H](CC(N)=O)C(=O)O)C(N[C@@H](CCC(N)N[C@@H](CO)C(=O)O)C(N[C@@H](CCCNC(=N)N)C(=O)O)N[C@@H](Cc1ccccc1)C(=O)O)N[C@@H](CCCNC(=N)N)C(N[C@@H](Cc1ccccc1)C(=O)O)N1CCC[C@H]1C(=O)O)C(C)C)C(=O)O,CCC(C)[C@H](NC(N[C@@H](CCCNC(=N)N)C(O)N[C@H](C(=O)O)C(C)C)[C@H](CCC(N)N[C@@H](CC(C)C)C(N[C@@H](Cc1c[nH]c2ccccc12)C(=O)O)N[C@H](C(=O)O)C(C)C)NC(N[C@@H](C)C(NCC(N[C@@H](CO)C(=O)O)N[C@@H](CCCNC(=N)N)C(=O)O)N[C@@H](CS)C(N[C@@H](CS)C(=O)O)N[C@@H](CS)C(=O)O)[C@@H](NC([C@@H](N)CC(C)C)N1CCC[C@H]1C(N[C@@H](CCC(NCC(N[C@@H](CS)C(=O)O)N[C@@H](CC(C)C)C(=O)O)N[C@@H](C(C)C)C(NCC(=O)O)N[C@@H](CC(C)C)C(=O)O)C(NCC(N[C@@H](CCCNC(=N)N)C(=O)O)N[C@H](C(=O)O)C(C)O)N[C@@H](Cc1ccc(N[C@@H](CC(N)=O)C(=O)O)cc1)C(N[C@@H](Cc1cnc[nH]1)C(=O)O)N1CCC[C@H]1C(=O)O)N[C@@H](CC(N)N[C@@H](CS)C(N[C@@H](CS)C(=O)O)N[C@@H](CC(N)=O)C(=O)O)C(N[C@@H](CCC(N)N[C@@H](CO)C(=O)O)C(N[C@@H](CCCNC(=N)N)C(=O)O)N[C@@H](Cc1ccccc1)C(=O)O)N[C@@H](CCCNC(=N)N)C(N[C@@H](Cc1ccccc1)C(=O)O)N1CCC[C@H]1C(=O)O)C(C)C)C(=O)O,PVUDRMUKEMSHNE-FSWJLERWSA-N,BBB-,0,4798.993999999986,-12.4262500000004,1987.2099999999987,95,87,189,6,330,9,experimental_classification,np
BBBP_00375,375,CSCC[C@H](NC(N[C@@H](CCCNC(=N)N)C(=O)O)[C@H](CS)NC(CNC(N[C@@H](CCC(N[C@@H](CCCNC(=N)N)C(NCC(=O)O)N[C@@H](CCCNC(=N)N)C(=O)O)N[C@@H](CCCNC(=N)N)C(N[C@@H](CCCNC(=N)N)C(=O)O)N[C@@H](CCCNC(=N)N)C(=O)O)C(N[C@@H](CCC(=O)O)C(=O)O)N[C@@H](Cc1cnc[nH]1)C(=O)O)[C@H](CN[C@@H](CCCNC(=N)N)C(N[C@@H](CCC(N)N[C@@H](CCC(N)=O)C(=O)O)C(N[C@@H](CS)C(=O)O)N[C@@H](CCC(=O)O)C(=O)O)N[C@@H](CCCNC(=N)N)C(N[C@@H](CCC(=O)O)C(=O)O)N[C@H](C(=O)O)C(C)O)NC(NCC(N[C@@H](CS)C(NCC(=O)O)N[C@@H](CCC(N)=O)C(=O)O)N[C@@H](CCCNC(=N)N)C(N[C@@H](Cc1c[nH]c2ccccc12)C(=O)O)N1CCC[C@H]1C(=O)O)[C@@H](N)CCCNC(=N)N)N[C@@H](CC(C)C)C(N[C@@H](CS)C(=O)O)N[C@@H](CCCNC(=N)N)C(=O)O)C(=O)O,CSCC[C@H](NC(N[C@@H](CCCNC(=N)N)C(=O)O)[C@H](CS)NC(CNC(N[C@@H](CCC(N[C@@H](CCCNC(=N)N)C(NCC(=O)O)N[C@@H](CCCNC(=N)N)C(=O)O)N[C@@H](CCCNC(=N)N)C(N[C@@H](CCCNC(=N)N)C(=O)O)N[C@@H](CCCNC(=N)N)C(=O)O)C(N[C@@H](CCC(=O)O)C(=O)O)N[C@@H](Cc1cnc[nH]1)C(=O)O)[C@H](CN[C@@H](CCCNC(=N)N)C(N[C@@H](CCC(N)N[C@@H](CCC(N)=O)C(=O)O)C(N[C@@H](CS)C(=O)O)N[C@@H](CCC(=O)O)C(=O)O)N[C@@H](CCCNC(=N)N)C(N[C@@H](CCC(=O)O)C(=O)O)N[C@H](C(=O)O)C(C)O)NC(NCC(N[C@@H](CS)C(NCC(=O)O)N[C@@H](CCC(N)=O)C(=O)O)N[C@@H](CCCNC(=N)N)C(N[C@@H](Cc1c[nH]c2ccccc12)C(=O)O)N1CCC[C@H]1C(=O)O)[C@@H](N)CCCNC(=N)N)N[C@@H](CC(C)C)C(N[C@@H](CS)C(=O)O)N[C@@H](CCCNC(=N)N)C(=O)O)C(=O)O,JJFLENNPQFSUPC-FSHMQOSYSA-N,BBB-,0,4163.010999999985,-21.03763000000022,2080.5899999999983,97,76,176,3,285,4,experimental_classification,np
BBBP_00376,376,CSCC[C@H](NC([C@@H](NC(N[C@@H](Cc1cnc[nH]1)C(=O)O)[C@@H](N)Cc1ccccc1)C(C)C)N1CCC[C@H]1C(=O)O)C(=O)O,CSCC[C@H](NC([C@@H](NC(N[C@@H](Cc1cnc[nH]1)C(=O)O)[C@@H](N)Cc1ccccc1)C(C)C)N1CCC[C@H]1C(=O)O)C(=O)O,RKXHFRSNZFAYBK-VUGBCJJGSA-N,BBB-,0,633.8160000000003,1.1763000000000063,205.92999999999998,8,10,20,2,44,3,experimental_classification,np
BBBP_00377,377,CC(C)[C@H](NC(O)[C@@H]1CCCN1C(C[C@H](N)C(N[C@@H](CC(=O)O)C(=O)O)N[C@@H](Cc1c[nH]c2ccccc12)C(=O)O)N[C@@H](Cc1c[nH]c2ccccc12)C(=O)O)C(=O)O,CC(C)[C@H](NC(O)[C@@H]1CCCN1C(C[C@H](N)C(N[C@@H](CC(=O)O)C(=O)O)N[C@@H](Cc1c[nH]c2ccccc12)C(=O)O)N[C@@H](Cc1c[nH]c2ccccc12)C(=O)O)C(=O)O,ZQXYZTCHTPHCED-SKDOCCEZSA-N,BBB-,0,822.9170000000001,0.8887000000000107,315.69,13,12,24,4,59,5,experimental_classification,np
BBBP_00378,378,CCC(C)[C@H](NC(N[C@@H](C)C(=O)O)[C@H](CCC(N[C@@H](CS)C(=O)O)N[C@@H](Cc1ccccc1)C(=O)O)NC(CC[C@H](NC(N[C@@H](CCC(N[C@@H](CCCNC(=N)N)C(N[C@@H](Cc1ccccc1)C(=O)O)N[C@@H](Cc1ccccc1)C(=O)O)N[C@@H](CC(N[C@@H](CC(N)=O)C(=O)O)N1CCC[C@H]1C(=O)O)C(N[C@@H](C)C(=O)O)N[C@H](C(=O)O)C(C)C)C(N[C@@H](CCC(N[C@@H](CO)C(=O)O)N[C@H](C(=O)O)C(C)C)C(NCC(=O)O)N1CCC[C@H]1C(=O)O)N1CCC[C@H]1C(N[C@@H](CCC(N)=O)C(=O)O)N[C@H](C(=O)O)C(C)C)[C@@H](N)CC(N)N[C@@H](C)C(N[C@@H](CCCNC(=N)N)C(N[C@@H](CCCCN)C(=O)O)N[C@@H](CCCNC(=N)N)C(=O)O)N[C@@H](CCC(N[C@@H](CCC(=O)O)C(=O)O)N[C@H](C(=O)O)C(C)C)C(N[C@@H](CCC(=O)O)C(=O)O)N[C@H](C(=O)O)C(C)C)C(N[C@@H](C(C)N[C@@H](CO)C(=O)O)C(N[C@@H](CCCCN)C(=O)O)N[C@@H](CCCCN)C(=O)O)N[C@@H](CC(O)N[C@@H](CS)C(=O)O)C(=O)O)N[C@@H](CC(N[C@@H](CCCCN)C(=O)O)N[C@@H](CC(C)C)C(=O)O)C(N[C@@H](CCCCN)C(=O)O)N[C@H](C(=O)O)C(C)CC)C(=O)O,CCC(C)[C@H](NC(N[C@@H](C)C(=O)O)[C@H](CCC(N[C@@H](CS)C(=O)O)N[C@@H](Cc1ccccc1)C(=O)O)NC(CC[C@H](NC(N[C@@H](CCC(N[C@@H](CCCNC(=N)N)C(N[C@@H](Cc1ccccc1)C(=O)O)N[C@@H](Cc1ccccc1)C(=O)O)N[C@@H](CC(N[C@@H](CC(N)=O)C(=O)O)N1CCC[C@H]1C(=O)O)C(N[C@@H](C)C(=O)O)N[C@H](C(=O)O)C(C)C)C(N[C@@H](CCC(N[C@@H](CO)C(=O)O)N[C@H](C(=O)O)C(C)C)C(NCC(=O)O)N1CCC[C@H]1C(=O)O)N1CCC[C@H]1C(N[C@@H](CCC(N)=O)C(=O)O)N[C@H](C(=O)O)C(C)C)[C@@H](N)CC(N)N[C@@H](C)C(N[C@@H](CCCNC(=N)N)C(N[C@@H](CCCCN)C(=O)O)N[C@@H](CCCNC(=N)N)C(=O)O)N[C@@H](CCC(N[C@@H](CCC(=O)O)C(=O)O)N[C@H](C(=O)O)C(C)C)C(N[C@@H](CCC(=O)O)C(=O)O)N[C@H](C(=O)O)C(C)C)C(N[C@@H](C(C)N[C@@H](CO)C(=O)O)C(N[C@@H](CCCCN)C(=O)O)N[C@@H](CCCCN)C(=O)O)N[C@@H](CC(O)N[C@@H](CS)C(=O)O)C(=O)O)N[C@@H](CC(N[C@@H](CCCCN)C(=O)O)N[C@@H](CC(C)C)C(=O)O)C(N[C@@H](CCCCN)C(=O)O)N[C@H](C(=O)O)C(C)CC)C(=O)O,ONQFJYJTYHOWQO-LRSZOXGGSA-N,BBB-,0,5097.085999999981,-13.380390000000137,2236.5299999999997,96,93,215,3,354,6,experimental_classification,np
BBBP_00379,379,CC(C)C[C@H](NC(C)[C@H](NC(N[C@@H](C)C(N[C@@H](CCC(=O)O)C(=O)O)N[C@@H](Cc1ccccc1)C(=O)O)[C@@H](N)C(C)N[C@@H](CCCCN)C(NCC(O)N[C@@H](CCCNC(=N)N)C(=O)O)N[C@@H](CCC(NCC(=O)O)NCC(=O)O)C(NCC(=O)O)N[C@H](C(=O)O)C(C)C)C(N[C@@H](C)C(=O)O)N[C@@H](CCC(=O)O)C(=O)O)C(=O)O,CC(C)C[C@H](NC(C)[C@H](NC(N[C@@H](C)C(N[C@@H](CCC(=O)O)C(=O)O)N[C@@H](Cc1ccccc1)C(=O)O)[C@@H](N)C(C)N[C@@H](CCCCN)C(NCC(O)N[C@@H](CCCNC(=N)N)C(=O)O)N[C@@H](CCC(NCC(=O)O)NCC(=O)O)C(NCC(=O)O)N[C@H](C(=O)O)C(C)C)C(N[C@@H](C)C(=O)O)N[C@@H](CCC(=O)O)C(=O)O)C(=O)O,HFQLSEPTQHTEOT-YDJYQDHHSA-N,BBB-,0,1635.882,-6.003029999999957,762.2200000000001,33,31,70,1,114,1,experimental_classification,np
BBBP_00380,380,N=C(N)NCCC[C@H](NC(N[C@@H](CCC(=O)O)C(=O)O)[C@@H]1CCCN1C(N[C@@H](Cc1c[nH]c2ccccc12)C(O)N[C@@H](CCC(=O)O)C(=O)O)[C@@H](N)CCCCN)C(=O)O,N=C(N)NCCC[C@H](NC(N[C@@H](CCC(=O)O)C(=O)O)[C@@H]1CCCN1C(N[C@@H](Cc1c[nH]c2ccccc12)C(O)N[C@@H](CCC(=O)O)C(=O)O)[C@@H](N)CCCCN)C(=O)O,BIXUNMVOFUSKBI-BDDZJYKXSA-N,BBB-,0,849.9879999999998,-1.3188299999999975,387.82,16,14,31,2,60,3,experimental_classification,np
BBBP_00381,381,CCC(C)[C@H](NC[C@H](NC(N[C@@H](Cc1ccccc1)C(NCC(N[C@@H](Cc1ccccc1)C(=O)O)N[C@@H](Cc1ccccc1)C(=O)O)N[C@@H](CCCNC(=N)N)C(N[C@@H](C)C(=O)O)N[C@@H](CC(C)C)C(=O)O)[C@H](Cc1ccccc1)NC(N[C@@H](CN[C@@H](CC(N)N[C@@H](Cc1ccccc1)C(N[C@@H](Cc1ccccc1)C(=O)O)N1CCC[C@H]1C(=O)O)C(N[C@@H](C(C)C)C(N[C@@H](CCCCN)C(=O)O)N[C@@H](CCCCN)C(=O)O)N[C@@H](CCCNC(=N)N)C(=O)O)C(N[C@@H](C(C)C)C(N[C@@H](CCCCN)C(=O)O)N[C@@H](CC(C)C)C(=O)O)N[C@@H](CC(C)C)C(N[C@@H](CCCCN)C(=O)O)N[C@@H](Cc1c[nH]c2ccccc12)C(=O)O)[C@@H](N)CCSC)C(N[C@@H](C(C)CC)C(N[C@@H](CC(=O)O)C(=O)O)N[C@H](C(=O)O)C(C)CC)N[C@@H](CC(C)C)C(N[C@@H](CO)C(=O)O)N[C@@H](CCC(=O)O)C(=O)O)C(N[C@@H](CC(N)=O)C(=O)O)N[C@@H](Cc1ccccc1)C(=O)O,CCC(C)[C@H](NC[C@H](NC(N[C@@H](Cc1ccccc1)C(NCC(N[C@@H](Cc1ccccc1)C(=O)O)N[C@@H](Cc1ccccc1)C(=O)O)N[C@@H](CCCNC(=N)N)C(N[C@@H](C)C(=O)O)N[C@@H](CC(C)C)C(=O)O)[C@H](Cc1ccccc1)NC(N[C@@H](CN[C@@H](CC(N)N[C@@H](Cc1ccccc1)C(N[C@@H](Cc1ccccc1)C(=O)O)N1CCC[C@H]1C(=O)O)C(N[C@@H](C(C)C)C(N[C@@H](CCCCN)C(=O)O)N[C@@H](CCCCN)C(=O)O)N[C@@H](CCCNC(=N)N)C(=O)O)C(N[C@@H](C(C)C)C(N[C@@H](CCCCN)C(=O)O)N[C@@H](CC(C)C)C(=O)O)N[C@@H](CC(C)C)C(N[C@@H](CCCCN)C(=O)O)N[C@@H](Cc1c[nH]c2ccccc12)C(=O)O)[C@@H](N)CCSC)C(N[C@@H](C(C)CC)C(N[C@@H](CC(=O)O)C(=O)O)N[C@H](C(=O)O)C(C)CC)N[C@@H](CC(C)C)C(N[C@@H](CO)C(=O)O)N[C@@H](CCC(=O)O)C(=O)O)C(N[C@@H](CC(N)=O)C(=O)O)N[C@@H](Cc1ccccc1)C(=O)O,GSEYYYZCFZARBE-AAPHVQDASA-N,BBB-,0,4172.280999999984,2.3260399999998636,1530.5299999999993,68,65,170,9,295,10,experimental_classification,np
BBBP_00382,382,CCC(C)[C@H](NC(N[C@@H](CCSC)C(=O)O)[C@H](CNCC(N[C@@H](CCCNC(=N)N)C(=O)O)N[C@H](C(=O)O)C(C)O)NC(CN)N[C@@H](CN[C@@H](CO)C(=O)O)C(N[C@@H](Cc1ccccc1)C(=O)O)N1CCC[C@H]1C(=O)O)C(=O)O,CCC(C)[C@H](NC(N[C@@H](CCSC)C(=O)O)[C@H](CNCC(N[C@@H](CCCNC(=N)N)C(=O)O)N[C@H](C(=O)O)C(C)O)NC(CN)N[C@@H](CN[C@@H](CO)C(=O)O)C(N[C@@H](Cc1ccccc1)C(=O)O)N1CCC[C@H]1C(=O)O)C(=O)O,VVEGXKRBEKKBKO-FVZWVZMGSA-N,BBB-,0,1147.3650000000002,-4.760430000000017,500.98999999999995,22,22,45,1,79,2,experimental_classification,np
BBBP_00383,383,CCC(C)[C@H](NC(N[C@@H](CCC(=O)O)C(=O)O)[C@H](CC(C)C)NC[C@H](N)C(N[C@@H](CC(N[C@@H](CCC(=O)O)C(=O)O)N[C@@H](CC(C)C)C(=O)O)C(N[C@@H](CCCNC(=N)N)C(=O)O)N[C@@H](CC(C)C)C(=O)O)N[C@@H](CCC(N[C@@H](CCC(=O)O)C(=O)O)N[C@@H](Cc1cnc[nH]1)C(=O)O)C(N[C@@H](CCC(=O)O)C(=O)O)N[C@H](C(=O)O)C(C)C)C(=O)O,CCC(C)[C@H](NC(N[C@@H](CCC(=O)O)C(=O)O)[C@H](CC(C)C)NC[C@H](N)C(N[C@@H](CC(N[C@@H](CCC(=O)O)C(=O)O)N[C@@H](CC(C)C)C(=O)O)C(N[C@@H](CCCNC(=N)N)C(=O)O)N[C@@H](CC(C)C)C(=O)O)N[C@@H](CCC(N[C@@H](CCC(=O)O)C(=O)O)N[C@@H](Cc1cnc[nH]1)C(=O)O)C(N[C@@H](CCC(=O)O)C(=O)O)N[C@H](C(=O)O)C(C)C)C(=O)O,CXYSLWBMQNYVMY-FHBOSETJSA-N,BBB-,0,1722.9560000000008,-2.728129999999978,795.1900000000002,32,30,73,1,120,1,experimental_classification,np
BBBP_00384,384,CCC(C)[C@H](NC[C@H](NC(CN)N[C@@H](C)C(NCC(N[C@@H](CS)C(=O)O)N[C@@H](Cc1ccc(O)cc1)C(=O)O)N[C@@H](CCC(N[C@H](C(=O)O)C(C)O)N1CCC[C@H]1C(=O)O)C(NCC(=O)O)N[C@@H](CS)C(=O)O)C(N[C@@H](C)C(N[C@@H](CCCCN)C(N[C@@H](CCCCN)C(=O)O)N[C@@H](CCCCN)C(=O)O)N[C@@H](Cc1ccccc1)C(N[C@@H](CS)C(=O)O)N[C@H](C(=O)O)C(C)CC)N[C@@H](CS)C(N[C@@H](CCCCN)C(=O)O)N[C@@H](Cc1ccccc1)C(O)N[C@@H](CC(=O)O)C(=O)O)C(N[C@@H](CN[C@@H](CO)C(=O)O)C(N[C@@H](CO)C(=O)O)N[C@@H](CS)C(=O)O)N[C@@H](CS)C(N[C@@H](Cc1ccc(O)cc1)C(=O)O)N1CCC[C@H]1C(=O)O,CCC(C)[C@H](NC[C@H](NC(CN)N[C@@H](C)C(NCC(N[C@@H](CS)C(=O)O)N[C@@H](Cc1ccc(O)cc1)C(=O)O)N[C@@H](CCC(N[C@H](C(=O)O)C(C)O)N1CCC[C@H]1C(=O)O)C(NCC(=O)O)N[C@@H](CS)C(=O)O)C(N[C@@H](C)C(N[C@@H](CCCCN)C(N[C@@H](CCCCN)C(=O)O)N[C@@H](CCCCN)C(=O)O)N[C@@H](Cc1ccccc1)C(N[C@@H](CS)C(=O)O)N[C@H](C(=O)O)C(C)CC)N[C@@H](CS)C(N[C@@H](CCCCN)C(=O)O)N[C@@H](Cc1ccccc1)C(O)N[C@@H](CC(=O)O)C(=O)O)C(N[C@@H](CN[C@@H](CO)C(=O)O)C(N[C@@H](CO)C(=O)O)N[C@@H](CS)C(=O)O)N[C@@H](CS)C(N[C@@H](Cc1ccc(O)cc1)C(=O)O)N1CCC[C@H]1C(=O)O,LBCOSRGBUJKTOI-FBUAPVHSSA-N,BBB-,0,3226.0089999999896,-8.766900000000005,1254.1699999999998,62,64,130,4,219,6,experimental_classification,np
BBBP_00385,385,CC(C)[C@H](NC(N[C@@H](CS)C(N[C@@H](CS)C(N[C@@H](CS)C(=O)O)N[C@@H](Cc1ccccc1)C(=O)O)N[C@H](C(=O)O)C(C)O)[C@@H](N)CCCNC(=N)N)C(NCC(=O)O)N[C@@H](CCCNC(=N)N)C(=O)O,CC(C)[C@H](NC(N[C@@H](CS)C(N[C@@H](CS)C(N[C@@H](CS)C(=O)O)N[C@@H](Cc1ccccc1)C(=O)O)N[C@H](C(=O)O)C(C)O)[C@@H](N)CCCNC(=N)N)C(NCC(=O)O)N[C@@H](CCCNC(=N)N)C(=O)O,VFLWKCMJCGSTAV-ITNPUXAYSA-N,BBB-,0,1052.3619999999994,-4.066460000000024,452.7899999999999,24,20,40,1,70,1,experimental_classification,np
BBBP_00386,386,CCC(C)[C@H](NC(N[C@@H](Cc1ccccc1)C(N[C@@H](CCCCN)C(=O)O)N[C@H](C(=O)O)C(C)C)[C@H](CS)NC(CC[C@H](NC([C@@H](N)Cc1cnc[nH]1)N1CCC[C@H]1C(N[C@@H](C(C)C)C(N[C@@H](CCCCN)C(=O)O)N[C@@H](CC(N)=O)C(=O)O)N[C@@H](CS)C(N[C@@H](CO)C(=O)O)N[C@@H](CS)C(=O)O)C(N[C@@H](CN[C@H](C(=O)O)C(C)C)C(NCC(=O)O)N[C@@H](CS)C(=O)O)N[C@@H](CCC(N[C@H](C(=O)O)C(C)O)N[C@H](C(=O)O)C(C)CC)C(N[C@H](C(=O)O)C(C)C)N[C@H](C(=O)O)C(C)O)NCC(N[C@@H](CS)C(=O)O)N1CCC[C@H]1C(O)N[C@@H](CC(=O)O)C(=O)O)C(N[C@@H](CS)C(=O)O)N[C@@H](Cc1ccc(O)cc1)C(=O)O,CCC(C)[C@H](NC(N[C@@H](Cc1ccccc1)C(N[C@@H](CCCCN)C(=O)O)N[C@H](C(=O)O)C(C)C)[C@H](CS)NC(CC[C@H](NC([C@@H](N)Cc1cnc[nH]1)N1CCC[C@H]1C(N[C@@H](C(C)C)C(N[C@@H](CCCCN)C(=O)O)N[C@@H](CC(N)=O)C(=O)O)N[C@@H](CS)C(N[C@@H](CO)C(=O)O)N[C@@H](CS)C(=O)O)C(N[C@@H](CN[C@H](C(=O)O)C(C)C)C(NCC(=O)O)N[C@@H](CS)C(=O)O)N[C@@H](CCC(N[C@H](C(=O)O)C(C)O)N[C@H](C(=O)O)C(C)CC)C(N[C@H](C(=O)O)C(C)C)N[C@H](C(=O)O)C(C)O)NCC(N[C@@H](CS)C(=O)O)N1CCC[C@H]1C(O)N[C@@H](CC(=O)O)C(=O)O)C(N[C@@H](CS)C(=O)O)N[C@@H](Cc1ccc(O)cc1)C(=O)O,HQFVVSXVGUNYPL-SQJUTLLOSA-N,BBB-,0,3163.9379999999887,-8.211400000000056,1241.64,60,62,125,3,214,5,experimental_classification,np
BBBP_00387,387,CC(C)[C@H](NC(N[C@@H](Cc1ccccc1)C(=O)O)[C@H](C)NC([C@@H](N)CC(N)NCC(N[C@@H](CCC(N)=O)C(=O)O)N1CCC[C@H]1C(=O)O)N1CCC[C@H]1C(N[C@@H](CCCNC(=N)N)C(=O)O)N[C@@H](Cc1ccccc1)C(=O)O)C(=O)O,CC(C)[C@H](NC(N[C@@H](Cc1ccccc1)C(=O)O)[C@H](C)NC([C@@H](N)CC(N)NCC(N[C@@H](CCC(N)=O)C(=O)O)N1CCC[C@H]1C(=O)O)N1CCC[C@H]1C(N[C@@H](CCCNC(=N)N)C(=O)O)N[C@@H](Cc1ccccc1)C(=O)O)C(=O)O,PZFHOXNXRJIRGY-ZFJWEEEPSA-N,BBB-,0,1142.3709999999996,-2.241730000000026,471.5199999999999,19,19,40,2,81,4,experimental_classification,np
BBBP_00388,388,CCC(C)[C@H](NC(N[C@@H](CCCCN)C(NCC(N[C@@H](CO)C(=O)O)N[C@@H](CCCCN)C(=O)O)N[C@@H](CCCCN)C(N[C@@H](CCCCN)C(=O)O)N[C@H](C(=O)O)C(C)CC)[C@H](Cc1ccccc1)NC(CN)N[C@@H](Cc1ccccc1)C(N[C@@H](CNCC(N[C@@H](C)C(=O)O)N[C@@H](CC(C)C)C(N[C@@H](CS)C(=O)O)N[C@@H](CCC(=O)O)C(=O)O)C(N[C@@H](C(C)C)C(N[C@@H](CCCCN)C(=O)O)N[C@@H](CC(N)=O)C(=O)O)N[C@@H](C)C(NCC(=O)O)N[C@@H](CC(C)C)C(=O)O)N[C@@H](CC(C)C)C(N[C@@H](C(C)CC)C(NCC(=O)O)N[C@@H](CC(C)C)C(=O)O)N[C@@H](CCCCN)C(N[C@@H](CCCCN)C(=O)O)N[C@@H](CCSC)C(=O)O)C(N[C@@H](C(C)N[C@H](C(=O)O)C(C)C)C(NCC(=O)O)N[C@@H](CS)C(=O)O)N[C@@H](C)C(N[C@@H](CC(=O)O)C(=O)O)N[C@@H](CC(C)C)C(=O)O,CCC(C)[C@H](NC(N[C@@H](CCCCN)C(NCC(N[C@@H](CO)C(=O)O)N[C@@H](CCCCN)C(=O)O)N[C@@H](CCCCN)C(N[C@@H](CCCCN)C(=O)O)N[C@H](C(=O)O)C(C)CC)[C@H](Cc1ccccc1)NC(CN)N[C@@H](Cc1ccccc1)C(N[C@@H](CNCC(N[C@@H](C)C(=O)O)N[C@@H](CC(C)C)C(N[C@@H](CS)C(=O)O)N[C@@H](CCC(=O)O)C(=O)O)C(N[C@@H](C(C)C)C(N[C@@H](CCCCN)C(=O)O)N[C@@H](CC(N)=O)C(=O)O)N[C@@H](C)C(NCC(=O)O)N[C@@H](CC(C)C)C(=O)O)N[C@@H](CC(C)C)C(N[C@@H](C(C)CC)C(NCC(=O)O)N[C@@H](CC(C)C)C(=O)O)N[C@@H](CCCCN)C(N[C@@H](CCCCN)C(=O)O)N[C@@H](CCSC)C(=O)O)C(N[C@@H](C(C)N[C@H](C(=O)O)C(C)C)C(NCC(=O)O)N[C@@H](CS)C(=O)O)N[C@@H](C)C(N[C@@H](CC(=O)O)C(=O)O)N[C@@H](CC(C)C)C(=O)O,BPYULCYLFKVTJI-RYZMZQPWSA-N,BBB-,0,3874.020999999983,-4.8297000000002175,1525.1599999999994,70,71,174,2,267,2,experimental_classification,np
BBBP_00389,389,CCC(C)[C@H](NC(N[C@@H](CS)C(=O)O)[C@@H](NC(N[C@@H](Cc1cnc[nH]1)C(N[C@@H](CCCNC(=N)N)C(=O)O)N[C@@H](Cc1ccc(O)cc1)C(=O)O)[C@H](CCC(N)N[C@@H](CS)C(NCC(=O)O)N[C@@H](CC(C)C)C(=O)O)NC(C[C@H](N)C(N[C@@H](C)C(N[C@@H](CS)C(=O)O)N[C@H](C(=O)O)C(C)CC)N[C@@H](CS)C(N[C@@H](CN[C@@H](CC(N)=O)C(=O)O)C(=O)O)N1CCC[C@H]1C(=O)O)N[C@@H](CC(C)C)C(N[C@@H](C(C)N[C@@H](CS)C(=O)O)C(N[C@@H](CCCCN)C(=O)O)N[C@@H](Cc1cnc[nH]1)C(=O)O)N[C@@H](CCC(NCC(=O)O)N1CCC[C@H]1C(=O)O)C(N[C@@H](CS)C(=O)O)N[C@@H](Cc1ccc(O)cc1)C(=O)O)C(C)C)C(=O)O,CCC(C)[C@H](NC(N[C@@H](CS)C(=O)O)[C@@H](NC(N[C@@H](Cc1cnc[nH]1)C(N[C@@H](CCCNC(=N)N)C(=O)O)N[C@@H](Cc1ccc(O)cc1)C(=O)O)[C@H](CCC(N)N[C@@H](CS)C(NCC(=O)O)N[C@@H](CC(C)C)C(=O)O)NC(C[C@H](N)C(N[C@@H](C)C(N[C@@H](CS)C(=O)O)N[C@H](C(=O)O)C(C)CC)N[C@@H](CS)C(N[C@@H](CN[C@@H](CC(N)=O)C(=O)O)C(=O)O)N1CCC[C@H]1C(=O)O)N[C@@H](CC(C)C)C(N[C@@H](C(C)N[C@@H](CS)C(=O)O)C(N[C@@H](CCCCN)C(=O)O)N[C@@H](Cc1cnc[nH]1)C(=O)O)N[C@@H](CCC(NCC(=O)O)N1CCC[C@H]1C(=O)O)C(N[C@@H](CS)C(=O)O)N[C@@H](Cc1ccc(O)cc1)C(=O)O)C(C)C)C(=O)O,OEWFZMGDYNWMBP-JIRZJFIESA-N,BBB-,0,3153.909999999991,-6.944930000000013,1259.4999999999998,60,60,123,4,214,6,experimental_classification,np
BBBP_00390,390,CCC(C)[C@H](NC(N[C@@H](CCC(N[C@@H](CCCNC(=N)N)C(=O)O)N[C@@H](Cc1ccc(O)cc1)C(=O)O)C(O)N[C@@H](C)C(=O)O)[C@H](CCC(N[C@@H](CC(N[C@@H](CC(=O)O)C(=O)O)N[C@@H](CC(=O)O)C(=O)O)C(N[C@@H](CCCCN)C(=O)O)N[C@H](C(=O)O)C(C)C)N[C@@H](CC(N)N[C@@H](CC(C)C)C(=O)O)C(N[C@@H](CC(=O)O)C(=O)O)N1CCC[C@H]1C(=O)O)NC([C@@H](N)CCC(N[C@@H](C)C(N[C@@H](Cc1c[nH]c2ccccc12)C(N[C@@H](C)C(=O)O)N[C@H](C(=O)O)C(C)O)N[C@@H](CC(C)C)C(N[C@H](C(=O)O)C(C)O)N1CCC[C@H]1C(=O)O)N[C@@H](CC(N[C@@H](CC(C)C)C(N[C@@H](CC(=O)O)C(=O)O)N[C@@H](Cc1cnc[nH]1)C(=O)O)N[C@@H](Cc1ccc(N2CCC[C@H]2C(=O)O)cc1)C(N[C@@H](CC(C)C)C(=O)O)N[C@H](C(=O)O)C(C)CC)C(NCC(N[C@H](C(=O)O)C(C)CC)N[C@H](C(=O)O)C(C)CC)N[C@@H](CCCCN)C(N[C@@H](CO)C(=O)O)N1CCC[C@H]1C(=O)O)N1CCC[C@H]1C(N[C@@H](C)C(=O)O)N[C@@H](CCCNC(=N)N)C(=O)O)C(N[C@@H](CCCNC(=N)N)C(=O)O)N[C@@H](CC(N)=O)C(=O)O,CCC(C)[C@H](NC(N[C@@H](CCC(N[C@@H](CCCNC(=N)N)C(=O)O)N[C@@H](Cc1ccc(O)cc1)C(=O)O)C(O)N[C@@H](C)C(=O)O)[C@H](CCC(N[C@@H](CC(N[C@@H](CC(=O)O)C(=O)O)N[C@@H](CC(=O)O)C(=O)O)C(N[C@@H](CCCCN)C(=O)O)N[C@H](C(=O)O)C(C)C)N[C@@H](CC(N)N[C@@H](CC(C)C)C(=O)O)C(N[C@@H](CC(=O)O)C(=O)O)N1CCC[C@H]1C(=O)O)NC([C@@H](N)CCC(N[C@@H](C)C(N[C@@H](Cc1c[nH]c2ccccc12)C(N[C@@H](C)C(=O)O)N[C@H](C(=O)O)C(C)O)N[C@@H](CC(C)C)C(N[C@H](C(=O)O)C(C)O)N1CCC[C@H]1C(=O)O)N[C@@H](CC(N[C@@H](CC(C)C)C(N[C@@H](CC(=O)O)C(=O)O)N[C@@H](Cc1cnc[nH]1)C(=O)O)N[C@@H](Cc1ccc(N2CCC[C@H]2C(=O)O)cc1)C(N[C@@H](CC(C)C)C(=O)O)N[C@H](C(=O)O)C(C)CC)C(NCC(N[C@H](C(=O)O)C(C)CC)N[C@H](C(=O)O)C(C)CC)N[C@@H](CCCCN)C(N[C@@H](CO)C(=O)O)N1CCC[C@H]1C(=O)O)N1CCC[C@H]1C(N[C@@H](C)C(=O)O)N[C@@H](CCCNC(=N)N)C(=O)O)C(N[C@@H](CCCNC(=N)N)C(=O)O)N[C@@H](CC(N)=O)C(=O)O,LHSAQASQZPJQDS-RPACNWGVSA-N,BBB-,0,4861.710999999977,-9.5779900000003,2084.069999999999,88,86,192,5,341,10,experimental_classification,np
BBBP_00391,391,C[C@H](NC(N[C@@H](CCCNC(=N)N)C(O)N[C@@H](Cc1ccccc1)C(=O)O)[C@@H](N)CCCNC(=N)N)C(N[C@@H](CCCNC(=N)N)C(=O)O)N1CCC[C@H]1C(=O)O,C[C@H](NC(N[C@@H](CCCNC(=N)N)C(O)N[C@@H](Cc1ccccc1)C(=O)O)[C@@H](N)CCCNC(=N)N)C(N[C@@H](CCCNC(=N)N)C(=O)O)N1CCC[C@H]1C(=O)O,VRFDRFLMRHWGNI-IEXRGDRYSA-N,BBB-,0,808.0029999999998,-3.1122900000000104,395.21000000000004,18,13,29,1,57,2,experimental_classification,np
BBBP_00392,392,CCC(C)[C@H](NC(N[C@@H](CCCCN)C(=O)O)[C@H](CC(C)C)NC(N[C@@H](CN[C@@H](CCCCN)C(O)N[C@@H](CC(C)C)C(=O)O)C(N[C@@H](C)C(=O)O)N[C@@H](CC(C)C)C(=O)O)[C@H](Cc1ccccc1)NC(CN)NCC(NCC(N[C@@H](CC(N)=O)C(=O)O)N[C@@H](CC(C)C)C(=O)O)N[C@@H](CC(C)C)C(NCC(=O)O)N[C@H](C(=O)O)C(C)O)C(=O)O,CCC(C)[C@H](NC(N[C@@H](CCCCN)C(=O)O)[C@H](CC(C)C)NC(N[C@@H](CN[C@@H](CCCCN)C(O)N[C@@H](CC(C)C)C(=O)O)C(N[C@@H](C)C(=O)O)N[C@@H](CC(C)C)C(=O)O)[C@H](Cc1ccccc1)NC(CN)NCC(NCC(N[C@@H](CC(N)=O)C(=O)O)N[C@@H](CC(C)C)C(=O)O)N[C@@H](CC(C)C)C(NCC(=O)O)N[C@H](C(=O)O)C(C)O)C(=O)O,NHVABKKUNBNGLN-LFZDPJTMSA-N,BBB-,0,1718.2040000000009,-2.4135999999999638,689.79,31,31,75,1,120,1,experimental_classification,np
BBBP_00393,393,CCC(C)[C@H](NC(N[C@@H](CCCCN)C(N[C@@H](C)C(=O)O)N[C@@H](CCCCN)C(=O)O)[C@H](Cc1c[nH]c2ccccc12)NC(CN)N[C@@H](CC(C)C)C(N[C@@H](CN[C@@H](CCC(N[C@@H](C)C(=O)O)N[C@@H](CCSC)C(=O)O)C(NCC(=O)O)N[C@@H](Cc1ccccc1)C(=O)O)C(N[C@@H](C)C(N[C@@H](CCSC)C(=O)O)N[C@@H](CCC(=O)O)C(=O)O)N[C@@H](C)C(N[C@@H](CC(N)=O)C(=O)O)N[C@H](C(=O)O)C(C)C)N[C@@H](CCCCN)C(N[C@@H](CCCCN)C(O)N[C@H](C(=O)O)C(C)C)N[C@H](C(=O)O)C(C)O)C(NCC(=O)O)N[C@@H](C)C(=O)O,CCC(C)[C@H](NC(N[C@@H](CCCCN)C(N[C@@H](C)C(=O)O)N[C@@H](CCCCN)C(=O)O)[C@H](Cc1c[nH]c2ccccc12)NC(CN)N[C@@H](CC(C)C)C(N[C@@H](CN[C@@H](CCC(N[C@@H](C)C(=O)O)N[C@@H](CCSC)C(=O)O)C(NCC(=O)O)N[C@@H](Cc1ccccc1)C(=O)O)C(N[C@@H](C)C(N[C@@H](CCSC)C(=O)O)N[C@@H](CCC(=O)O)C(=O)O)N[C@@H](C)C(N[C@@H](CC(N)=O)C(=O)O)N[C@H](C(=O)O)C(C)C)N[C@@H](CCCCN)C(N[C@@H](CCCCN)C(O)N[C@H](C(=O)O)C(C)C)N[C@H](C(=O)O)C(C)O)C(NCC(=O)O)N[C@@H](C)C(=O)O,WKVAFBCKVQPEEO-SSAIDAAQSA-N,BBB-,0,2662.351999999995,-4.31159999999998,1077.66,48,49,115,3,184,3,experimental_classification,np
BBBP_00394,394,CCC(C)[C@H](NC(C[C@H](N)C(N[C@@H](C(C)CC)C(N[C@@H](C(C)N[C@@H](CCCNC(=N)N)C(=O)O)C(N[C@@H](CCC(N)=O)C(=O)O)N[C@H](C(=O)O)C(C)O)N[C@@H](Cc1cnc[nH]1)C(N[C@@H](Cc1c[nH]c2ccccc12)C(=O)O)N1CCC[C@H]1C(=O)O)N1CCC[C@H]1C(N[C@@H](CC(NCC(=O)O)N[C@@H](Cc1ccccc1)C(=O)O)C(NCC(=O)O)N[C@@H](CC(N)=O)C(=O)O)N[C@@H](CCCNC(=N)N)C(N[C@@H](CCCNC(=N)N)C(=O)O)N[C@@H](CCC(N)=O)C(=O)O)N[C@@H](CCC(N)N[C@@H](CCCCN)C(N[C@@H](CC(N)=O)C(=O)O)N[C@@H](Cc1c[nH]c2ccccc12)C(=O)O)C(N[C@@H](CCCCN)C(N[C@@H](CC(N)=O)C(=O)O)N1CCC[C@H]1C(=O)O)N1CCC[C@H]1C(N[C@@H](CC(N)=O)C(=O)O)N[C@H](C(=O)O)C(C)C)C(NCC(N[C@@H](C(C)CC)C(N[C@@H](CO)C(=O)O)N[C@@H](CCCCN)C(=O)O)N[C@H](C(=O)O)C(C)CC)N[C@@H](C(C)CC)C(N[C@H](C(=O)O)C(C)CC)N1CCC[C@H]1C(=O)O,CCC(C)[C@H](NC(C[C@H](N)C(N[C@@H](C(C)CC)C(N[C@@H](C(C)N[C@@H](CCCNC(=N)N)C(=O)O)C(N[C@@H](CCC(N)=O)C(=O)O)N[C@H](C(=O)O)C(C)O)N[C@@H](Cc1cnc[nH]1)C(N[C@@H](Cc1c[nH]c2ccccc12)C(=O)O)N1CCC[C@H]1C(=O)O)N1CCC[C@H]1C(N[C@@H](CC(NCC(=O)O)N[C@@H](Cc1ccccc1)C(=O)O)C(NCC(=O)O)N[C@@H](CC(N)=O)C(=O)O)N[C@@H](CCCNC(=N)N)C(N[C@@H](CCCNC(=N)N)C(=O)O)N[C@@H](CCC(N)=O)C(=O)O)N[C@@H](CCC(N)N[C@@H](CCCCN)C(N[C@@H](CC(N)=O)C(=O)O)N[C@@H](Cc1c[nH]c2ccccc12)C(=O)O)C(N[C@@H](CCCCN)C(N[C@@H](CC(N)=O)C(=O)O)N1CCC[C@H]1C(=O)O)N1CCC[C@H]1C(N[C@@H](CC(N)=O)C(=O)O)N[C@H](C(=O)O)C(C)C)C(NCC(N[C@@H](C(C)CC)C(N[C@@H](CO)C(=O)O)N[C@@H](CCCCN)C(=O)O)N[C@H](C(=O)O)C(C)CC)N[C@@H](C(C)CC)C(N[C@H](C(=O)O)C(C)CC)N1CCC[C@H]1C(=O)O,JXSPDNXNOBEWHE-GOQHOVCOSA-N,BBB-,0,4359.248999999988,-10.9556900000003,1884.789999999999,78,75,173,6,307,11,experimental_classification,np
BBBP_00395,395,CCC(C)[C@H](NC([C@@H](N)C(C)C)N1CCC[C@H]1C(N[C@@H](C)C(N[C@@H](CCSC)C(=O)O)N[C@@H](CCSC)C(=O)O)N[C@@H](CN[C@@H](CCC(N)=O)C(=O)O)C(N[C@@H](Cc1cnc[nH]1)C(=O)O)N[C@H](C(=O)O)C(C)C)C(N[C@@H](C(C)C)C(N[C@@H](CCC(N[C@@H](CS)C(=O)O)N[C@@H](CCCNC(=N)N)C(=O)O)C(=O)O)N[C@@H](C)C(N[C@@H](CO)C(=O)O)N[C@@H](CCCNC(=N)N)C(=O)O)N[C@@H](Cc1ccccc1)C(N[C@@H](C(C)C)C(N[C@@H](CS)C(=O)O)N[C@@H](Cc1ccc(O)cc1)C(=O)O)N[C@@H](C)C(N[C@@H](C)C(=O)O)N[C@@H](C)C(=O)O,CCC(C)[C@H](NC([C@@H](N)C(C)C)N1CCC[C@H]1C(N[C@@H](C)C(N[C@@H](CCSC)C(=O)O)N[C@@H](CCSC)C(=O)O)N[C@@H](CN[C@@H](CCC(N)=O)C(=O)O)C(N[C@@H](Cc1cnc[nH]1)C(=O)O)N[C@H](C(=O)O)C(C)C)C(N[C@@H](C(C)C)C(N[C@@H](CCC(N[C@@H](CS)C(=O)O)N[C@@H](CCCNC(=N)N)C(=O)O)C(=O)O)N[C@@H](C)C(N[C@@H](CO)C(=O)O)N[C@@H](CCCNC(=N)N)C(=O)O)N[C@@H](Cc1ccccc1)C(N[C@@H](C(C)C)C(N[C@@H](CS)C(=O)O)N[C@@H](Cc1ccc(O)cc1)C(=O)O)N[C@@H](C)C(N[C@@H](C)C(=O)O)N[C@@H](C)C(=O)O,XDJJYCIIUHFPJA-TZGANUSSSA-N,BBB-,0,2662.3619999999937,-4.51325999999995,1052.15,49,48,105,3,182,4,experimental_classification,np
BBBP_00396,396,CC(C)[C@H](NC([C@H](CCCNC(=N)N)NC(N[C@@H](CCCNC(=N)N)C(N[C@@H](C)C(N[C@@H](CCCNC(=N)N)C(N[C@@H](CCCNC(=N)N)C(=O)O)N[C@@H](CCCNC(=N)N)C(=O)O)N[C@H](C(=O)O)C(C)N[C@@H](CCCNC(=N)N)C(=O)O)N[C@@H](CCCNC(=N)N)C(N[C@@H](CCCNC(=N)N)C(=O)O)N[C@@H](CCCNC(=N)N)C(=O)O)[C@H](CCCNC(=N)N)NC(N[C@@H](CCCNC(=N)N)C(N[C@@H](C)C(N[C@@H](CCCNC(=N)N)C(N[C@@H](C)C(=O)O)N[C@@H](CCCNC(=N)N)C(=O)O)N[C@@H](CCCNC(=N)N)C(N[C@@H](CCCNC(=N)N)C(=O)O)N[C@H](C(=O)O)C(C)C)N[C@@H](Cc1cnc[nH]1)C(N[C@@H](CCCNC(=N)N)C(N[C@@H](CCCNC(=N)N)C(=O)O)N[C@@H](CCCNC(=N)N)C(=O)O)N[C@@H](CCCNC(=N)N)C(N[C@@H](CCCNC(=N)N)C(=O)O)N[C@@H](Cc1cnc[nH]1)C(=O)O)[C@@H]1CCCN1)N1CCC[C@H]1C(N[C@@H](CO)C(=O)O)N[C@@H](CO)C(=O)O)C(N[C@@H](CCCNC(=N)N)C(=O)O)N[C@H](C(=O)O)C(C)C,CC(C)[C@H](NC([C@H](CCCNC(=N)N)NC(N[C@@H](CCCNC(=N)N)C(N[C@@H](C)C(N[C@@H](CCCNC(=N)N)C(N[C@@H](CCCNC(=N)N)C(=O)O)N[C@@H](CCCNC(=N)N)C(=O)O)N[C@H](C(=O)O)C(C)N[C@@H](CCCNC(=N)N)C(=O)O)N[C@@H](CCCNC(=N)N)C(N[C@@H](CCCNC(=N)N)C(=O)O)N[C@@H](CCCNC(=N)N)C(=O)O)[C@H](CCCNC(=N)N)NC(N[C@@H](CCCNC(=N)N)C(N[C@@H](C)C(N[C@@H](CCCNC(=N)N)C(N[C@@H](C)C(=O)O)N[C@@H](CCCNC(=N)N)C(=O)O)N[C@@H](CCCNC(=N)N)C(N[C@@H](CCCNC(=N)N)C(=O)O)N[C@H](C(=O)O)C(C)C)N[C@@H](Cc1cnc[nH]1)C(N[C@@H](CCCNC(=N)N)C(N[C@@H](CCCNC(=N)N)C(=O)O)N[C@@H](CCCNC(=N)N)C(=O)O)N[C@@H](CCCNC(=N)N)C(N[C@@H](CCCNC(=N)N)C(=O)O)N[C@@H](Cc1cnc[nH]1)C(=O)O)[C@@H]1CCCN1)N1CCC[C@H]1C(N[C@@H](CO)C(=O)O)N[C@@H](CO)C(=O)O)C(N[C@@H](CCCNC(=N)N)C(=O)O)N[C@H](C(=O)O)C(C)C,XFZDYXVSBPUJPO-PJLDMFIOSA-N,BBB-,0,4584.654999999989,-26.533329999999843,2469.35,118,77,193,2,321,4,experimental_classification,np
BBBP_00397,397,CCC(C)[C@H](NC(CC[C@H](NC(CC[C@H](NC(N[C@@H](C)C(N[C@@H](CCC(N[C@@H](CCCCN)C(=O)O)N[C@@H](CCC(=O)O)C(=O)O)C(N[C@@H](C)C(=O)O)N[C@@H](CCC(=O)O)C(=O)O)N[C@@H](CCC(N[C@@H](CCC(=O)O)C(=O)O)N[C@@H](CCC(=O)O)C(=O)O)C(N[C@@H](C)C(=O)O)N[C@@H](CCC(=O)O)C(=O)O)[C@@H](N)CCCCN)C(N[C@@H](CCCCN)C(=O)O)N[C@@H](CC(N)=O)C(=O)O)N[C@@H](C(C)C)C(N[C@@H](CCCCN)C(=O)O)N[C@@H](CCC(=O)O)C(=O)O)C(N[C@@H](C)C(=O)O)N[C@@H](CCC(=O)O)C(=O)O)N[C@@H](CCCCN)C(=O)O)C(=O)O,CCC(C)[C@H](NC(CC[C@H](NC(CC[C@H](NC(N[C@@H](C)C(N[C@@H](CCC(N[C@@H](CCCCN)C(=O)O)N[C@@H](CCC(=O)O)C(=O)O)C(N[C@@H](C)C(=O)O)N[C@@H](CCC(=O)O)C(=O)O)N[C@@H](CCC(N[C@@H](CCC(=O)O)C(=O)O)N[C@@H](CCC(=O)O)C(=O)O)C(N[C@@H](C)C(=O)O)N[C@@H](CCC(=O)O)C(=O)O)[C@@H](N)CCCCN)C(N[C@@H](CCCCN)C(=O)O)N[C@@H](CC(N)=O)C(=O)O)N[C@@H](C(C)C)C(N[C@@H](CCCCN)C(=O)O)N[C@@H](CCC(=O)O)C(=O)O)C(N[C@@H](C)C(=O)O)N[C@@H](CCC(=O)O)C(=O)O)N[C@@H](CCCCN)C(=O)O)C(=O)O,HPRALRYCVVODAC-HYIDPYJTSA-N,BBB-,0,2712.0439999999962,-8.188700000000038,1321.7699999999998,52,52,125,0,188,0,experimental_classification,np
BBBP_00398,398,CCC(C)[C@H](NC(CN)N[C@@H](CC(C)C)C(N[C@@H](C)C(N[C@@H](CCCNC(=N)N)C(=O)O)N[C@@H](CC(N)=O)C(=O)O)N[C@@H](CCCCN)C(N[C@@H](CC(C)C)C(=O)O)N[C@H](C(=O)O)C(C)C)C(N[C@@H](C(C)C)C(N[C@@H](CCCCN)C(=O)O)N[C@@H](CC(C)C)C(=O)O)N[C@@H](CC(N[C@@H](C(C)NCC(=O)O)C(O)N[C@H](C(=O)O)C(C)CC)N[C@@H](CC(C)C)C(=O)O)C(NCC(=O)O)N[C@H](C(=O)O)C(C)C,CCC(C)[C@H](NC(CN)N[C@@H](CC(C)C)C(N[C@@H](C)C(N[C@@H](CCCNC(=N)N)C(=O)O)N[C@@H](CC(N)=O)C(=O)O)N[C@@H](CCCCN)C(N[C@@H](CC(C)C)C(=O)O)N[C@H](C(=O)O)C(C)C)C(N[C@@H](C(C)C)C(N[C@@H](CCCCN)C(=O)O)N[C@@H](CC(C)C)C(=O)O)N[C@@H](CC(N[C@@H](C(C)NCC(=O)O)C(O)N[C@H](C(=O)O)C(C)CC)N[C@@H](CC(C)C)C(=O)O)C(NCC(=O)O)N[C@H](C(=O)O)C(C)C,YRSCADJNHNYDPW-JQJNETNQSA-N,BBB-,0,1997.5890000000004,-2.2469299999999306,830.12,37,35,87,0,139,0,experimental_classification,np
BBBP_00399,399,CC(C)C[C@H](NC(N[C@@H](Cc1ccccc1)C(O)N[C@H](C(=O)O)C(C)C)[C@H](C)NC(NCC(N[C@@H](CCC(N)=O)C(=O)O)N[C@@H](Cc1ccccc1)C(=O)O)[C@H](C)N)C(N[C@@H](CCCNC(=N)N)C(=O)O)N1CCC[C@H]1C(=O)O,CC(C)C[C@H](NC(N[C@@H](Cc1ccccc1)C(O)N[C@H](C(=O)O)C(C)C)[C@H](C)NC(NCC(N[C@@H](CCC(N)=O)C(=O)O)N[C@@H](Cc1ccccc1)C(=O)O)[C@H](C)N)C(N[C@@H](CCCNC(=N)N)C(=O)O)N1CCC[C@H]1C(=O)O,BDCYGPJYHUBGLO-QZWZHAGRSA-N,BBB-,0,1115.389,-1.1230300000000215,437.21999999999997,19,18,41,2,79,3,experimental_classification,np
BBBP_00400,400,CCC(C)[C@H](NC([C@H](C)NC(CNC[C@H](N)C(N[C@@H](CCC(N)N[C@@H](CC(=O)O)C(=O)O)C(NCC(=O)O)N[C@@H](CCC(N)=O)C(=O)O)N[C@@H](CC(C)C)C(N[C@@H](C(C)C)C(N[C@@H](CO)C(=O)O)N[C@@H](Cc1ccccc1)C(=O)O)N[C@@H](CC(C)C)C(N[C@@H](CCCNC(=N)N)C(=O)O)N[C@H](C(=O)O)C(C)C)N[C@@H](Cc1ccccc1)C(NCC(=O)O)N[C@@H](Cc1ccccc1)C(=O)O)N1CCC[C@H]1C(=O)O)C(=O)O,CCC(C)[C@H](NC([C@H](C)NC(CNC[C@H](N)C(N[C@@H](CCC(N)N[C@@H](CC(=O)O)C(=O)O)C(NCC(=O)O)N[C@@H](CCC(N)=O)C(=O)O)N[C@@H](CC(C)C)C(N[C@@H](C(C)C)C(N[C@@H](CO)C(=O)O)N[C@@H](Cc1ccccc1)C(=O)O)N[C@@H](CC(C)C)C(N[C@@H](CCCNC(=N)N)C(=O)O)N[C@H](C(=O)O)C(C)C)N[C@@H](Cc1ccccc1)C(NCC(=O)O)N[C@@H](Cc1ccccc1)C(=O)O)N1CCC[C@H]1C(=O)O)C(=O)O,PBRFAJUBTRTTMJ-GBLUGZHRSA-N,BBB-,0,2056.483000000001,-3.2398299999999374,832.6100000000001,36,35,82,3,145,4,experimental_classification,np
BBBP_00401,401,CC(C)C[C@H](NC(N)C[C@H](NC(N[C@@H](CCC(=O)O)C(=O)O)[C@@H]1CCCN1C(N[C@@H](CCC(N[C@@H](CCC(=O)O)C(=O)O)N[C@@H](CC(N)=O)C(=O)O)C(N[C@@H](C)C(=O)O)N[C@@H](CCC(=O)O)C(=O)O)[C@@H](N)CCCCN)C(N[C@@H](CCC(=O)O)C(=O)O)N[C@@H](Cc1cnc[nH]1)C(=O)O)C(=O)O,CC(C)C[C@H](NC(N)C[C@H](NC(N[C@@H](CCC(=O)O)C(=O)O)[C@@H]1CCCN1C(N[C@@H](CCC(N[C@@H](CCC(=O)O)C(=O)O)N[C@@H](CC(N)=O)C(=O)O)C(N[C@@H](C)C(=O)O)N[C@@H](CCC(=O)O)C(=O)O)[C@@H](N)CCCCN)C(N[C@@H](CCC(=O)O)C(=O)O)N[C@@H](Cc1cnc[nH]1)C(=O)O)C(=O)O,ZWLOMMVVCIGIPR-WFWINURBSA-N,BBB-,0,1450.5670000000011,-5.382099999999977,720.9700000000001,27,28,60,1,101,2,experimental_classification,np
BBBP_00402,402,CSCC[C@H](NC(O)[C@@H]1CCCN1C(C[C@H](N)C(N[C@@H](C)C(=O)O)N[C@@H](Cc1ccccc1)C(=O)O)N1CCC[C@H]1C(N[C@@H](CCCNC(=N)N)C(=O)O)N1CCC[C@H]1C(=O)O)C(=O)O,CSCC[C@H](NC(O)[C@@H]1CCCN1C(C[C@H](N)C(N[C@@H](C)C(=O)O)N[C@@H](Cc1ccccc1)C(=O)O)N1CCC[C@H]1C(N[C@@H](CCCNC(=N)N)C(=O)O)N1CCC[C@H]1C(=O)O)C(=O)O,YYOZMMPETNTCIA-MAIAJTOGSA-N,BBB-,0,938.1629999999996,-1.0715300000000034,352.49000000000007,14,16,30,1,65,4,experimental_classification,np
BBBP_00403,403,CC(C)C[C@H](NC(CNC(C[C@H](N)C(N[C@H](C(=O)O)C(C)O)N1CCC[C@H]1C(=O)O)N[C@@H](Cc1ccc(O)cc1)C(=O)O)N[C@@H](CCCNC(=N)N)C(=O)O)C(=O)O,CC(C)C[C@H](NC(CNC(C[C@H](N)C(N[C@H](C(=O)O)C(C)O)N1CCC[C@H]1C(=O)O)N[C@@H](Cc1ccc(O)cc1)C(=O)O)N[C@@H](CCCNC(=N)N)C(=O)O)C(=O)O,WDKZCOIKARGGRJ-GIXURIBESA-N,BBB-,0,826.9500000000002,-2.3696300000000026,378.27,16,15,29,1,58,2,experimental_classification,np
BBBP_00404,404,CCC(C)[C@H](NC(N[C@@H](Cc1ccc(N[C@@H](CS)C(=O)O)cc1)C(N[C@@H](CO)C(=O)O)N[C@@H](CC(=O)O)C(=O)O)[C@H](C)NC(N[C@@H](CS)C(N[C@@H](C(C)C)C(N[C@@H](CO)C(=O)O)N[C@@H](CS)C(=O)O)N[C@@H](CS)C(NCC(=O)O)N[C@@H](CC(C)C)C(=O)O)[C@@H](NC(CN)N1CCC[C@H]1C(N[C@@H](CN[C@H](C(=O)O)C(C)O)C(N[C@@H](C)C(=O)O)N[C@@H](CC(C)C)C(=O)O)N[C@@H](CCC(N[C@@H](CS)C(O)N[C@@H](CC(N)=O)C(=O)O)N1CCC[C@H]1C(N[C@@H](CS)C(=O)O)N[C@@H](Cc1ccc(O)cc1)C(=O)O)C(N[C@H](C(=O)O)C(C)C)N[C@H](C(=O)O)C(C)O)C(C)CC)C(N[C@@H](CCCCN)C(=O)O)N[C@H](C(=O)O)C(C)C,CCC(C)[C@H](NC(N[C@@H](Cc1ccc(N[C@@H](CS)C(=O)O)cc1)C(N[C@@H](CO)C(=O)O)N[C@@H](CC(=O)O)C(=O)O)[C@H](C)NC(N[C@@H](CS)C(N[C@@H](C(C)C)C(N[C@@H](CO)C(=O)O)N[C@@H](CS)C(=O)O)N[C@@H](CS)C(NCC(=O)O)N[C@@H](CC(C)C)C(=O)O)[C@@H](NC(CN)N1CCC[C@H]1C(N[C@@H](CN[C@H](C(=O)O)C(C)O)C(N[C@@H](C)C(=O)O)N[C@@H](CC(C)C)C(=O)O)N[C@@H](CCC(N[C@@H](CS)C(O)N[C@@H](CC(N)=O)C(=O)O)N1CCC[C@H]1C(N[C@@H](CS)C(=O)O)N[C@@H](Cc1ccc(O)cc1)C(=O)O)C(N[C@H](C(=O)O)C(C)C)N[C@H](C(=O)O)C(C)O)C(C)CC)C(N[C@@H](CCCCN)C(=O)O)N[C@H](C(=O)O)C(C)C,MAFGMGJSNWIKQP-WVHQPTSPSA-N,BBB-,0,3141.9279999999903,-7.837600000000011,1219.1999999999998,60,62,123,2,212,4,experimental_classification,np
BBBP_00405,405,CC(C)C[C@H](NC(N[C@@H](Cc1ccccc1)C(=O)O)[C@H](CN[C@@H](CC(=O)O)C(=O)O)NC(C[C@H](NC(NCC(N[C@@H](CO)C(=O)O)N[C@@H](CO)C(=O)O)[C@H](C)N)C(N[C@@H](C)C(O)N[C@@H](CCCNC(=N)N)C(=O)O)N1CCC[C@H]1C(NCC(=O)O)N[C@H](C(=O)O)C(C)C)N[C@@H](CC(N[C@@H](C)C(=O)O)N[C@@H](CCC(=O)O)C(=O)O)C(NCC(=O)O)NCC(=O)O)C(=O)O,CC(C)C[C@H](NC(N[C@@H](Cc1ccccc1)C(=O)O)[C@H](CN[C@@H](CC(=O)O)C(=O)O)NC(C[C@H](NC(NCC(N[C@@H](CO)C(=O)O)N[C@@H](CO)C(=O)O)[C@H](C)N)C(N[C@@H](C)C(O)N[C@@H](CCCNC(=N)N)C(=O)O)N1CCC[C@H]1C(NCC(=O)O)N[C@H](C(=O)O)C(C)C)N[C@@H](CC(N[C@@H](C)C(=O)O)N[C@@H](CCC(=O)O)C(=O)O)C(NCC(=O)O)NCC(=O)O)C(=O)O,UGIKUXLOGBXEIK-BUUKHMEHSA-N,BBB-,0,1825.993000000001,-10.092429999999936,878.5600000000003,38,37,75,1,127,2,experimental_classification,np
BBBP_00406,406,CCC(C)[C@H](NC(CN)N[C@@H](CC(C)C)C(N[C@@H](C(C)N[C@@H](CCCCN)C(=O)O)C(N[C@@H](CCC(=O)O)C(=O)O)N[C@@H](CC(C)C)C(=O)O)N[C@@H](CCC(N)N[C@@H](CCC(N[C@H](C(=O)O)C(C)C)N[C@H](C(=O)O)C(C)O)C(NCC(=O)O)N[C@H](C(=O)O)C(C)CC)C(N[C@@H](CC(C)C)C(=O)O)N[C@@H](CCCCN)C(N[C@@H](CO)C(=O)O)N[C@@H](CCC(N)=O)C(=O)O)C(N[C@@H](C(C)CC)C(NCC(=O)O)N[C@@H](C)C(=O)O)N[C@@H](CCCCN)C(NCC(=O)O)N[C@@H](CC(C)C)C(=O)O,CCC(C)[C@H](NC(CN)N[C@@H](CC(C)C)C(N[C@@H](C(C)N[C@@H](CCCCN)C(=O)O)C(N[C@@H](CCC(=O)O)C(=O)O)N[C@@H](CC(C)C)C(=O)O)N[C@@H](CCC(N)N[C@@H](CCC(N[C@H](C(=O)O)C(C)C)N[C@H](C(=O)O)C(C)O)C(NCC(=O)O)N[C@H](C(=O)O)C(C)CC)C(N[C@@H](CC(C)C)C(=O)O)N[C@@H](CCCCN)C(N[C@@H](CO)C(=O)O)N[C@@H](CCC(N)=O)C(=O)O)C(N[C@@H](C(C)CC)C(NCC(=O)O)N[C@@H](C)C(=O)O)N[C@@H](CCCCN)C(NCC(=O)O)N[C@@H](CC(C)C)C(=O)O,JTCAADBNBPSUML-CESCRYOXSA-N,BBB-,0,2419.0359999999982,-4.51219999999996,1037.81,45,45,109,0,168,0,experimental_classification,np
BBBP_00407,407,CSCC[C@H](NC(N[C@@H](CC(N)N[C@@H](CCCCN)C(=O)O)C(N[C@@H](CO)C(=O)O)N[C@H](C(=O)O)C(C)C)[C@H](CC(N)N1CCC[C@H]1C(N[C@@H](C)C(=O)O)N[C@@H](Cc1ccccc1)C(=O)O)NC(N[C@@H](CCCNC(=N)N)C(N[C@@H](CCC(N)N[C@@H](Cc1c[nH]c2ccccc12)C(N[C@@H](CS)C(=O)O)N[C@@H](CCCNC(=N)N)C(=O)O)C(N[C@@H](Cc1ccccc1)C(=O)O)N[C@@H](C)C(O)N[C@@H](CO)C(=O)O)N[C@@H](CC(C)C)C(N[C@@H](CCCNC(=N)N)C(N[C@@H](CO)C(=O)O)N[C@@H](CO)C(=O)O)N[C@@H](CN[C@@H](Cc1c[nH]c2ccccc12)C(=O)O)C(N[C@@H](CCCCN)C(=O)O)N[C@@H](CC(N)=O)C(=O)O)[C@@H](N)CCSC)C(NCC(=O)O)N[C@H](C(=O)O)C(C)O,CSCC[C@H](NC(N[C@@H](CC(N)N[C@@H](CCCCN)C(=O)O)C(N[C@@H](CO)C(=O)O)N[C@H](C(=O)O)C(C)C)[C@H](CC(N)N1CCC[C@H]1C(N[C@@H](C)C(=O)O)N[C@@H](Cc1ccccc1)C(=O)O)NC(N[C@@H](CCCNC(=N)N)C(N[C@@H](CCC(N)N[C@@H](Cc1c[nH]c2ccccc12)C(N[C@@H](CS)C(=O)O)N[C@@H](CCCNC(=N)N)C(=O)O)C(N[C@@H](Cc1ccccc1)C(=O)O)N[C@@H](C)C(O)N[C@@H](CO)C(=O)O)N[C@@H](CC(C)C)C(N[C@@H](CCCNC(=N)N)C(N[C@@H](CO)C(=O)O)N[C@@H](CO)C(=O)O)N[C@@H](CN[C@@H](Cc1c[nH]c2ccccc12)C(=O)O)C(N[C@@H](CCCCN)C(=O)O)N[C@@H](CC(N)=O)C(=O)O)[C@@H](N)CCSC)C(NCC(=O)O)N[C@H](C(=O)O)C(C)O,SHUCYONJKBUNFW-IAPREUQJSA-N,BBB-,0,3321.057999999991,-11.618890000000121,1450.6899999999994,67,62,134,6,230,7,experimental_classification,np
BBBP_00408,408,CCC(C)[C@H](NC(N[C@@H](CC(N[C@@H](CO)C(=O)O)N[C@H](C(=O)O)C(C)C)C(NCC(=O)O)N[C@@H](CO)C(=O)O)[C@@H](NC(N[C@@H](C(C)N[C@@H](CCCNC(=N)N)C(NCC(=O)O)N[C@@H](CCCCN)C(=O)O)C(NCC(N[C@@H](CCC(N)=O)C(=O)O)N[C@H](C(=O)O)C(C)CC)N[C@@H](C(C)C)C(N[C@@H](CC(C)C)C(=O)O)N[C@H](C(=O)O)C(C)O)[C@@H](NC(N[C@@H](CCCCN)C(N[C@@H](C(C)CC)C(NCC(N[C@@H](CCCNC(=N)N)C(=O)O)N[C@@H](CC(=O)O)C(=O)O)N[C@@H](CC(C)C)C(N[C@@H](CCC(N)=O)C(=O)O)N[C@@H](Cc1ccccc1)C(=O)O)N[C@@H](C)C(N[C@@H](C)C(NCC(=O)O)N[C@@H](CC(C)C)C(=O)O)N[C@@H](CCCCN)C(N[C@@H](CCC(N)=O)C(=O)O)N[C@@H](CC(C)C)C(=O)O)[C@@H](N)CCSC)C(C)N[C@@H](CCCNC(=N)N)C(N[C@@H](C)C(N[C@@H](C(C)N[C@@H](CO)C(=O)O)C(N[C@@H](C)C(=O)O)N[C@@H](CC(=O)O)C(=O)O)N[C@@H](CCCNC(=N)N)C(=O)O)N[C@@H](CCCNC(=N)N)C(N[C@@H](CCC(N)=O)C(=O)O)N[C@H](C(=O)O)C(C)O)C(C)N[C@@H](CC(C)C)C(N[C@@H](C)C(=O)O)N[C@@H](CCC(N)=O)C(=O)O)C(N[C@@H](CC(=O)O)C(=O)O)N[C@@H](CC(C)C)C(=O)O,CCC(C)[C@H](NC(N[C@@H](CC(N[C@@H](CO)C(=O)O)N[C@H](C(=O)O)C(C)C)C(NCC(=O)O)N[C@@H](CO)C(=O)O)[C@@H](NC(N[C@@H](C(C)N[C@@H](CCCNC(=N)N)C(NCC(=O)O)N[C@@H](CCCCN)C(=O)O)C(NCC(N[C@@H](CCC(N)=O)C(=O)O)N[C@H](C(=O)O)C(C)CC)N[C@@H](C(C)C)C(N[C@@H](CC(C)C)C(=O)O)N[C@H](C(=O)O)C(C)O)[C@@H](NC(N[C@@H](CCCCN)C(N[C@@H](C(C)CC)C(NCC(N[C@@H](CCCNC(=N)N)C(=O)O)N[C@@H](CC(=O)O)C(=O)O)N[C@@H](CC(C)C)C(N[C@@H](CCC(N)=O)C(=O)O)N[C@@H](Cc1ccccc1)C(=O)O)N[C@@H](C)C(N[C@@H](C)C(NCC(=O)O)N[C@@H](CC(C)C)C(=O)O)N[C@@H](CCCCN)C(N[C@@H](CCC(N)=O)C(=O)O)N[C@@H](CC(C)C)C(=O)O)[C@@H](N)CCSC)C(C)N[C@@H](CCCNC(=N)N)C(N[C@@H](C)C(N[C@@H](C(C)N[C@@H](CO)C(=O)O)C(N[C@@H](C)C(=O)O)N[C@@H](CC(=O)O)C(=O)O)N[C@@H](CCCNC(=N)N)C(=O)O)N[C@@H](CCCNC(=N)N)C(N[C@@H](CCC(N)=O)C(=O)O)N[C@H](C(=O)O)C(C)O)C(C)N[C@@H](CC(C)C)C(N[C@@H](C)C(=O)O)N[C@@H](CCC(N)=O)C(=O)O)C(N[C@@H](CC(=O)O)C(=O)O)N[C@@H](CC(C)C)C(=O)O,TUBAMSUGJDMLAX-GAFYNJTLSA-N,BBB-,0,5332.44599999998,-20.032949999999886,2463.9200000000014,108,99,234,1,370,1,experimental_classification,np
BBBP_00409,409,CC(C)C[C@H](NC(N[C@@H](Cc1ccccc1)C(=O)O)[C@H](CC(N[C@@H](Cc1cnc[nH]1)C(=O)O)N[C@H](C(=O)O)C(C)C)NC(C)[C@H](N)C(N[C@@H](C(C)C)C(N[C@@H](CCCNC(=N)N)C(=O)O)N[C@@H](Cc1ccccc1)C(=O)O)N[C@@H](CC(=O)O)C(=O)O)C(=O)O,CC(C)C[C@H](NC(N[C@@H](Cc1ccccc1)C(=O)O)[C@H](CC(N[C@@H](Cc1cnc[nH]1)C(=O)O)N[C@H](C(=O)O)C(C)C)NC(C)[C@H](N)C(N[C@@H](C(C)C)C(N[C@@H](CCCNC(=N)N)C(=O)O)N[C@@H](Cc1ccccc1)C(=O)O)N[C@@H](CC(=O)O)C(=O)O)C(=O)O,FZZPSZDLUODMSY-YDIADDGUSA-N,BBB-,0,1256.471,-0.8400300000000287,523.27,22,20,47,3,89,3,experimental_classification,np
BBBP_00410,410,CC(C)[C@H](NC(CNC(N[C@H](C(=O)O)C(C)O)[C@@H](N)Cc1ccc(NCC(N2CCC[C@H]2C(=O)O)N2CCC[C@H]2C(=O)O)cc1)N[C@@H](Cc1ccccc1)C(=O)O)C(=O)O,CC(C)[C@H](NC(CNC(N[C@H](C(=O)O)C(C)O)[C@@H](N)Cc1ccc(NCC(N2CCC[C@H]2C(=O)O)N2CCC[C@H]2C(=O)O)cc1)N[C@@H](Cc1ccccc1)C(=O)O)C(=O)O,WTSYZDIHSAVOSU-DNYNRGSDSA-N,BBB-,0,842.9920000000003,0.04210000000000613,299.38,12,14,26,2,60,4,experimental_classification,np
BBBP_00411,411,C[C@H](NC(N)CC[C@H](N)C(N[C@@H](CN[C@@H](CC(N)=O)C(=O)O)C(=O)O)N[C@@H](CCCCN)C(NCC(=O)O)N[C@@H](CO)C(=O)O)C(NCC(=O)O)N[C@@H](CCC(N)=O)C(=O)O,C[C@H](NC(N)CC[C@H](N)C(N[C@@H](CN[C@@H](CC(N)=O)C(=O)O)C(=O)O)N[C@@H](CCCCN)C(NCC(=O)O)N[C@@H](CO)C(=O)O)C(NCC(=O)O)N[C@@H](CCC(N)=O)C(=O)O,IYAWROKKIIKXKT-DAZHSMLHSA-N,BBB-,0,883.9590000000003,-7.924900000000003,504.50999999999993,20,20,39,0,61,0,experimental_classification,np
BBBP_00412,412,CCC(C)[C@H](NC(N[C@@H](CO)C(=O)O)[C@H](C)NC(N[C@@H](C(C)C)C(N[C@@H](CS)C(=O)O)N[C@@H](CCCCN)C(=O)O)[C@H](CC(C)C)NC(N[C@@H](CCCCN)C(N[C@@H](CC(N)N[C@@H](CS)C(=O)O)C(=O)O)N[C@@H](CCCCN)C(NCC(=O)O)N[C@@H](CC(=O)O)C(=O)O)[C@H](CC(C)C)NC(CN)N[C@@H](CC(C)C)C(NCC(N[C@@H](CCCCN)C(N[C@@H](CO)C(=O)O)N[C@@H](CC(=O)O)C(=O)O)N[C@@H](Cc1cnc[nH]1)C(N[C@@H](CCCCN)C(=O)O)N[C@@H](CC(C)C)C(=O)O)N[C@@H](CN[C@@H](CCCCN)C(N[C@@H](C)C(=O)O)N[C@H](C(=O)O)C(C)C)C(NCC(N[C@@H](CCSC)C(=O)O)N[C@@H](CC(C)C)C(=O)O)N[C@@H](C(C)C)C(N[C@@H](CO)C(=O)O)N[C@H](C(=O)O)C(C)C)C(=O)O,CCC(C)[C@H](NC(N[C@@H](CO)C(=O)O)[C@H](C)NC(N[C@@H](C(C)C)C(N[C@@H](CS)C(=O)O)N[C@@H](CCCCN)C(=O)O)[C@H](CC(C)C)NC(N[C@@H](CCCCN)C(N[C@@H](CC(N)N[C@@H](CS)C(=O)O)C(=O)O)N[C@@H](CCCCN)C(NCC(=O)O)N[C@@H](CC(=O)O)C(=O)O)[C@H](CC(C)C)NC(CN)N[C@@H](CC(C)C)C(NCC(N[C@@H](CCCCN)C(N[C@@H](CO)C(=O)O)N[C@@H](CC(=O)O)C(=O)O)N[C@@H](Cc1cnc[nH]1)C(N[C@@H](CCCCN)C(=O)O)N[C@@H](CC(C)C)C(=O)O)N[C@@H](CN[C@@H](CCCCN)C(N[C@@H](C)C(=O)O)N[C@H](C(=O)O)C(C)C)C(NCC(N[C@@H](CCSC)C(=O)O)N[C@@H](CC(C)C)C(=O)O)N[C@@H](C(C)C)C(N[C@@H](CO)C(=O)O)N[C@H](C(=O)O)C(C)C)C(=O)O,PJEFMXQPWOPYIA-FMCZULOJSA-N,BBB-,0,3432.404999999988,-8.189900000000154,1428.4899999999993,66,67,154,1,235,1,experimental_classification,np
BBBP_00413,413,CCC(C)[C@H](NC(N[C@@H](Cc1ccccc1)C(=O)O)[C@@H]1CCCN1C([C@H](Cc1ccc(N[C@@H](CCCCN)C(NCC(=O)O)N[C@@H](CO)C(=O)O)cc1)NC(CN)N[C@@H](CCCNC(=N)N)C(N[C@@H](CC(N)=O)C(=O)O)N[C@@H](Cc1ccccc1)C(=O)O)N1CCC[C@H]1C(=O)O)C(=O)O,CCC(C)[C@H](NC(N[C@@H](Cc1ccccc1)C(=O)O)[C@@H]1CCCN1C([C@H](Cc1ccc(N[C@@H](CCCCN)C(NCC(=O)O)N[C@@H](CO)C(=O)O)cc1)NC(CN)N[C@@H](CCCNC(=N)N)C(N[C@@H](CC(N)=O)C(=O)O)N[C@@H](Cc1ccccc1)C(=O)O)N1CCC[C@H]1C(=O)O)C(=O)O,VAQCKCKYSRNCOZ-MHFYDWTDSA-N,BBB-,0,1392.669,-1.791730000000019,553.1099999999999,23,23,51,3,99,5,experimental_classification,np
BBBP_00414,414,CCC(C)[C@H](NC(N[C@@H](Cc1ccc(O)cc1)C(=O)O)[C@H](CC(N[C@@H](CCCNC(=N)N)C(=O)O)N[C@@H](Cc1cnc[nH]1)C(=O)O)NC(N[C@@H](C)C(N[C@@H](CC(N)=O)C(=O)O)N[C@@H](CC(C)C)C(=O)O)[C@H](CCCCN)NC([C@H](Cc1ccc(N2CCC[C@H]2C(NCC(N[C@@H](C)C(=O)O)N[C@@H](CC(C)C)C(=O)O)N2CCC[C@H]2C(N[C@@H](CO)C(=O)O)N[C@@H](Cc2ccccc2)C(=O)O)cc1)NC([C@H](C)N)N1CCC[C@H]1C(N[C@@H](CN[C@@H](C)C(=O)O)C(N[C@@H](CCC(N)=O)C(=O)O)N[C@@H](Cc1ccc(O)cc1)C(=O)O)N[C@@H](CCC(N[C@@H](CCC(=O)O)C(=O)O)N1CCC[C@H]1C(O)N[C@@H](Cc1ccc(O)cc1)C(=O)O)C(N[C@@H](CCC(=O)O)C(=O)O)N[C@H](C(=O)O)C(C)CC)N1CCC[C@H]1C(N[C@@H](C)C(N[C@H](C(=O)O)C(C)C)N[C@H](C(=O)O)C(C)O)N[C@@H](CN[C@@H](CCCNC(=N)N)C(=O)O)C(N[C@@H](CCCNC(=N)N)C(=O)O)N[C@@H](CCC(N)=O)C(=O)O)C(=O)O,CCC(C)[C@H](NC(N[C@@H](Cc1ccc(O)cc1)C(=O)O)[C@H](CC(N[C@@H](CCCNC(=N)N)C(=O)O)N[C@@H](Cc1cnc[nH]1)C(=O)O)NC(N[C@@H](C)C(N[C@@H](CC(N)=O)C(=O)O)N[C@@H](CC(C)C)C(=O)O)[C@H](CCCCN)NC([C@H](Cc1ccc(N2CCC[C@H]2C(NCC(N[C@@H](C)C(=O)O)N[C@@H](CC(C)C)C(=O)O)N2CCC[C@H]2C(N[C@@H](CO)C(=O)O)N[C@@H](Cc2ccccc2)C(=O)O)cc1)NC([C@H](C)N)N1CCC[C@H]1C(N[C@@H](CN[C@@H](C)C(=O)O)C(N[C@@H](CCC(N)=O)C(=O)O)N[C@@H](Cc1ccc(O)cc1)C(=O)O)N[C@@H](CCC(N[C@@H](CCC(=O)O)C(=O)O)N1CCC[C@H]1C(O)N[C@@H](Cc1ccc(O)cc1)C(=O)O)C(N[C@@H](CCC(=O)O)C(=O)O)N[C@H](C(=O)O)C(C)CC)N1CCC[C@H]1C(N[C@@H](C)C(N[C@H](C(=O)O)C(C)C)N[C@H](C(=O)O)C(C)O)N[C@@H](CN[C@@H](CCCNC(=N)N)C(=O)O)C(N[C@@H](CCCNC(=N)N)C(=O)O)N[C@@H](CCC(N)=O)C(=O)O)C(=O)O,BKHSPAYQCCHBQU-ORPNNHSUSA-N,BBB-,0,4270.994999999981,-9.292890000000249,1801.399999999999,76,75,164,6,301,11,experimental_classification,np
BBBP_00415,415,CC(C)C[C@H](NC(N[C@@H](Cc1cnc[nH]1)C(=O)O)[C@@H](NC(N[C@@H](CN[C@@H](CC(C)C)C(NCC(=O)O)N[C@@H](C)C(=O)O)C(N[C@@H](CCC(N)=O)C(=O)O)N[C@@H](CNCC(=O)O)C(N[C@H](C(=O)O)C(C)O)N1CCC[C@H]1C(=O)O)[C@H](CN[C@@H](CC(C)C)C(NCC(N[C@@H](CCCNC(=N)N)C(=O)O)N[C@H](C(=O)O)C(C)O)N[C@@H](CCCCN)C(N[C@@H](CC(=O)O)C(=O)O)N[C@H](C(=O)O)C(C)C)NC(N[C@@H](CC(N)N[C@@H](CS)C(N[C@@H](CCCCN)C(=O)O)N[C@@H](CC(C)C)C(=O)O)C(N[C@@H](C(C)C)C(N[C@@H](CCC(N)=O)C(=O)O)N[C@H](C(=O)O)C(C)O)N[C@@H](CC(C)C)C(N[C@@H](Cc1ccc(O)cc1)C(=O)O)N1CCC[C@H]1C(=O)O)[C@@H](N)CS)C(C)N[C@@H](CCC(=O)O)C(=O)O)C(=O)O,CC(C)C[C@H](NC(N[C@@H](Cc1cnc[nH]1)C(=O)O)[C@@H](NC(N[C@@H](CN[C@@H](CC(C)C)C(NCC(=O)O)N[C@@H](C)C(=O)O)C(N[C@@H](CCC(N)=O)C(=O)O)N[C@@H](CNCC(=O)O)C(N[C@H](C(=O)O)C(C)O)N1CCC[C@H]1C(=O)O)[C@H](CN[C@@H](CC(C)C)C(NCC(N[C@@H](CCCNC(=N)N)C(=O)O)N[C@H](C(=O)O)C(C)O)N[C@@H](CCCCN)C(N[C@@H](CC(=O)O)C(=O)O)N[C@H](C(=O)O)C(C)C)NC(N[C@@H](CC(N)N[C@@H](CS)C(N[C@@H](CCCCN)C(=O)O)N[C@@H](CC(C)C)C(=O)O)C(N[C@@H](C(C)C)C(N[C@@H](CCC(N)=O)C(=O)O)N[C@H](C(=O)O)C(C)O)N[C@@H](CC(C)C)C(N[C@@H](Cc1ccc(O)cc1)C(=O)O)N1CCC[C@H]1C(=O)O)[C@@H](N)CS)C(C)N[C@@H](CCC(=O)O)C(=O)O)C(=O)O,BYFRNAVZPIWHAH-AMFCGEBMSA-N,BBB-,0,3446.1459999999884,-11.295130000000132,1500.4099999999994,66,66,142,2,238,4,experimental_classification,np
BBBP_00416,416,CSCC[C@H](NC[C@H](NC(N[C@@H](CCC(N)=O)C(=O)O)[C@@H](N)CCC(N)N1CCC[C@H]1C(N[C@@H](CC(=O)O)C(=O)O)N[C@@H](Cc1ccccc1)C(=O)O)C(N[C@@H](CCCNC(=N)N)C(=O)O)N[C@@H](Cc1ccccc1)C(=O)O)C(=O)O,CSCC[C@H](NC[C@H](NC(N[C@@H](CCC(N)=O)C(=O)O)[C@@H](N)CCC(N)N1CCC[C@H]1C(N[C@@H](CC(=O)O)C(=O)O)N[C@@H](Cc1ccccc1)C(=O)O)C(N[C@@H](CCCNC(=N)N)C(=O)O)N[C@@H](Cc1ccccc1)C(=O)O)C(=O)O,RNDROGSJILIXHG-ISUFHFDXSA-N,BBB-,0,1163.3670000000002,-2.7216300000000304,505.5799999999999,20,20,44,2,81,3,experimental_classification,np
BBBP_00417,417,CC(C)C[C@H](NC(N[C@@H](CO)C(=O)O)[C@@H](NC(N[C@@H](C)C(NCC(=O)O)N[C@@H](CCC(N)=O)C(=O)O)[C@H](C)NC(N[C@@H](CC(C)C)C(NCC(O)N[C@@H](CS)C(=O)O)N[C@@H](CCCCN)C(=O)O)[C@H](Cc1ccccc1)NC(CN)N[C@@H](Cc1ccccc1)C(N[C@@H](CC(N)N[C@@H](Cc1ccccc1)C(N[C@@H](CC(N)=O)C(=O)O)N[C@@H](CC(C)C)C(=O)O)C(N[C@@H](C)C(N[C@@H](C)C(=O)O)N[C@@H](Cc1cnc[nH]1)C(=O)O)N[C@@H](CCCCN)C(N[C@@H](CO)C(=O)O)N[C@@H](CS)C(=O)O)N[C@@H](CC(C)C)C(N[C@@H](CCCCN)C(N[C@@H](CCCNC(=N)N)C(=O)O)N[C@@H](CC(C)C)C(=O)O)N[C@@H](CC(N)N[C@@H](CCCCN)C(=O)O)C(N[C@@H](CO)C(=O)O)N[C@@H](CC(C)C)C(=O)O)C(C)N[C@@H](CCCCN)C(=O)O)C(=O)O,CC(C)C[C@H](NC(N[C@@H](CO)C(=O)O)[C@@H](NC(N[C@@H](C)C(NCC(=O)O)N[C@@H](CCC(N)=O)C(=O)O)[C@H](C)NC(N[C@@H](CC(C)C)C(NCC(O)N[C@@H](CS)C(=O)O)N[C@@H](CCCCN)C(=O)O)[C@H](Cc1ccccc1)NC(CN)N[C@@H](Cc1ccccc1)C(N[C@@H](CC(N)N[C@@H](Cc1ccccc1)C(N[C@@H](CC(N)=O)C(=O)O)N[C@@H](CC(C)C)C(=O)O)C(N[C@@H](C)C(N[C@@H](C)C(=O)O)N[C@@H](Cc1cnc[nH]1)C(=O)O)N[C@@H](CCCCN)C(N[C@@H](CO)C(=O)O)N[C@@H](CS)C(=O)O)N[C@@H](CC(C)C)C(N[C@@H](CCCCN)C(N[C@@H](CCCNC(=N)N)C(=O)O)N[C@@H](CC(C)C)C(=O)O)N[C@@H](CC(N)N[C@@H](CCCCN)C(=O)O)C(N[C@@H](CO)C(=O)O)N[C@@H](CC(C)C)C(=O)O)C(C)N[C@@H](CCCCN)C(=O)O)C(=O)O,BEAIDHFWVVWDQB-XTNCMFCJSA-N,BBB-,0,3601.5299999999884,-10.049030000000169,1522.1999999999991,70,68,156,4,250,4,experimental_classification,np
BBBP_00418,418,CCC(C)[C@H](NC(N[C@@H](Cc1ccc(N[C@@H](CC(N)NCC(=O)O)C(=O)O)cc1)C(N[C@@H](CS)C(=O)O)N[C@@H](CC(N)=O)C(=O)O)[C@@H](N)CS)C(N[C@H](C(=O)O)C(C)C)N1CCC[C@H]1C(=O)O,CCC(C)[C@H](NC(N[C@@H](Cc1ccc(N[C@@H](CC(N)NCC(=O)O)C(=O)O)cc1)C(N[C@@H](CS)C(=O)O)N[C@@H](CC(N)=O)C(=O)O)[C@@H](N)CS)C(N[C@H](C(=O)O)C(C)C)N1CCC[C@H]1C(=O)O,KSEONPONPPIRIU-LIKMCKNYSA-N,BBB-,0,990.2169999999998,-2.2202000000000073,406.38,18,19,35,1,67,2,experimental_classification,np
BBBP_00419,419,CCC(C)[C@H](NC(NCC(=O)O)[C@@H]1CCCN1C(N[C@@H](CN[C@@H](Cc1cnc[nH]1)C(=O)O)C(N[C@@H](Cc1ccc(O)cc1)C(=O)O)N[C@@H](Cc1ccc(O)cc1)C(=O)O)[C@@H](N)CC(C)C)C(=O)O,CCC(C)[C@H](NC(NCC(=O)O)[C@@H]1CCCN1C(N[C@@H](CN[C@@H](Cc1cnc[nH]1)C(=O)O)C(N[C@@H](Cc1ccc(O)cc1)C(=O)O)N[C@@H](Cc1ccc(O)cc1)C(=O)O)[C@@H](N)CC(C)C)C(=O)O,BBCWGXAZDHZPTJ-BMORXBBJSA-N,BBB-,0,955.124,0.5146000000000075,357.08,15,16,32,3,68,4,experimental_classification,np
BBBP_00420,420,CSCC[C@H](N)C(N[C@@H](CC(N)N[C@@H](CN[C@@H](CC(N)=O)C(=O)O)C(=O)O)C(N[C@@H](CO)C(=O)O)N[C@@H](CCC(N)=O)C(=O)O)N[C@@H](CC(N)N[C@@H](CN[C@H](C(=O)O)C(C)O)C(N[C@@H](CCC(N)=O)C(=O)O)N[C@@H](Cc1c[nH]c2ccccc12)C(=O)O)C(N[C@@H](CC(C)C)C(N[C@@H](C)C(=O)O)N[C@@H](CCCNC(=N)N)C(=O)O)N[C@@H](CS)C(N[C@@H](Cc1c[nH]c2ccccc12)C(=O)O)N[C@@H](Cc1c[nH]c2ccccc12)C(=O)O,CSCC[C@H](N)C(N[C@@H](CC(N)N[C@@H](CN[C@@H](CC(N)=O)C(=O)O)C(=O)O)C(N[C@@H](CO)C(=O)O)N[C@@H](CCC(N)=O)C(=O)O)N[C@@H](CC(N)N[C@@H](CN[C@H](C(=O)O)C(C)O)C(N[C@@H](CCC(N)=O)C(=O)O)N[C@@H](Cc1c[nH]c2ccccc12)C(=O)O)C(N[C@@H](CC(C)C)C(N[C@@H](C)C(=O)O)N[C@@H](CCCNC(=N)N)C(=O)O)N[C@@H](CS)C(N[C@@H](Cc1c[nH]c2ccccc12)C(=O)O)N[C@@H](Cc1c[nH]c2ccccc12)C(=O)O,QAXKZRNWGCSHAU-IYMOBHRMSA-N,BBB-,0,2128.472,-7.154429999999939,959.8399999999999,42,38,81,6,148,6,experimental_classification,np
BBBP_00421,421,CCC(C)[C@H](NC(N[C@@H](CO)C(=O)O)[C@H](CN[C@@H](CCC(=O)O)C(=O)O)NC(N[C@@H](CC(N)NCC(=O)O)C(O)N[C@@H](Cc1ccccc1)C(=O)O)[C@@H](N)CN[C@@H](C(C)C)C(N[C@H](C(=O)O)C(C)CC)N1CCC[C@H]1C(=O)O)C(=O)O,CCC(C)[C@H](NC(N[C@@H](CO)C(=O)O)[C@H](CN[C@@H](CCC(=O)O)C(=O)O)NC(N[C@@H](CC(N)NCC(=O)O)C(O)N[C@@H](Cc1ccccc1)C(=O)O)[C@@H](N)CN[C@@H](C(C)C)C(N[C@H](C(=O)O)C(C)CC)N1CCC[C@H]1C(=O)O)C(=O)O,TXTPSFKZJVMURO-HACJCHPESA-N,BBB-,0,1159.3470000000002,-3.5549000000000213,502.40999999999997,21,22,45,1,81,2,experimental_classification,np
BBBP_00422,422,CCC(C)[C@H](NC(N[C@H](C(=O)O)C(C)C)[C@@H](NC(N[C@@H](C)C(N[C@@H](C)C(=O)O)N[C@@H](CCC(=O)O)C(=O)O)[C@H](CN[C@@H](CN[C@H](C(=O)O)C(C)C)C(N[C@H](C(=O)O)C(C)C)N1CCC[C@H]1C(=O)O)NC(N[C@@H](C(C)C)C(N[C@@H](Cc1cnc[nH]1)C(=O)O)N[C@@H](CCCCN)C(N[C@@H](CCCCN)C(=O)O)N[C@@H](CC(C)C)C(=O)O)[C@H](CC(C)C)NC(CN)N[C@@H](Cc1ccccc1)C(NCC(N[C@@H](Cc1cnc[nH]1)C(=O)O)N1CCC[C@H]1C(=O)O)N[C@@H](CC(C)C)C(N[C@@H](CC(C)C)C(=O)O)N[C@@H](CC(C)C)C(=O)O)C(C)C)C(=O)O,CCC(C)[C@H](NC(N[C@H](C(=O)O)C(C)C)[C@@H](NC(N[C@@H](C)C(N[C@@H](C)C(=O)O)N[C@@H](CCC(=O)O)C(=O)O)[C@H](CN[C@@H](CN[C@H](C(=O)O)C(C)C)C(N[C@H](C(=O)O)C(C)C)N1CCC[C@H]1C(=O)O)NC(N[C@@H](C(C)C)C(N[C@@H](Cc1cnc[nH]1)C(=O)O)N[C@@H](CCCCN)C(N[C@@H](CCCCN)C(=O)O)N[C@@H](CC(C)C)C(=O)O)[C@H](CC(C)C)NC(CN)N[C@@H](Cc1ccccc1)C(NCC(N[C@@H](Cc1cnc[nH]1)C(=O)O)N1CCC[C@H]1C(=O)O)N[C@@H](CC(C)C)C(N[C@@H](CC(C)C)C(=O)O)N[C@@H](CC(C)C)C(=O)O)C(C)C)C(=O)O,WRGKIWKUDZMGSR-RPKRRVTJSA-N,BBB-,0,2646.3939999999952,1.2507000000001036,966.0600000000001,42,44,107,3,186,5,experimental_classification,np
BBBP_00423,423,CCC(C)[C@H](NC(C)[C@H](NC(N[C@@H](CC(N)N[C@@H](CC(NCC(=O)O)N[C@@H](CCCCN)C(=O)O)C(NCC(=O)O)N[C@H](C(=O)O)C(C)C)C(N[C@@H](C)C(N[C@@H](CC(C)C)C(=O)O)N[C@H](C(=O)O)C(C)O)N[C@@H](Cc1c[nH]c2ccccc12)C(N[C@@H](CC(C)C)C(=O)O)N[C@H](C(=O)O)C(C)O)[C@H](CC(C)C)NC(CN)N[C@@H](CC(C)C)C(N[C@@H](CCCCN)C(NCC(=O)O)N[C@@H](C)C(=O)O)N[C@@H](Cc1ccccc1)C(N[C@@H](CCCCN)C(=O)O)N[C@@H](C)C(O)N[C@@H](CS)C(=O)O)C(N[C@@H](C(C)CC)C(N[C@@H](CO)C(=O)O)N[C@@H](CCCCN)C(=O)O)N[C@@H](CN[C@@H](CCCCN)C(=O)O)C(N[C@@H](CC(=O)O)C(=O)O)N[C@@H](CC(C)C)C(=O)O)C(N[C@@H](CO)C(=O)O)N[C@@H](CS)C(=O)O,CCC(C)[C@H](NC(C)[C@H](NC(N[C@@H](CC(N)N[C@@H](CC(NCC(=O)O)N[C@@H](CCCCN)C(=O)O)C(NCC(=O)O)N[C@H](C(=O)O)C(C)C)C(N[C@@H](C)C(N[C@@H](CC(C)C)C(=O)O)N[C@H](C(=O)O)C(C)O)N[C@@H](Cc1c[nH]c2ccccc12)C(N[C@@H](CC(C)C)C(=O)O)N[C@H](C(=O)O)C(C)O)[C@H](CC(C)C)NC(CN)N[C@@H](CC(C)C)C(N[C@@H](CCCCN)C(NCC(=O)O)N[C@@H](C)C(=O)O)N[C@@H](Cc1ccccc1)C(N[C@@H](CCCCN)C(=O)O)N[C@@H](C)C(O)N[C@@H](CS)C(=O)O)C(N[C@@H](C(C)CC)C(N[C@@H](CO)C(=O)O)N[C@@H](CCCCN)C(=O)O)N[C@@H](CN[C@@H](CCCCN)C(=O)O)C(N[C@@H](CC(=O)O)C(=O)O)N[C@@H](CC(C)C)C(=O)O)C(N[C@@H](CO)C(=O)O)N[C@@H](CS)C(=O)O,RMQXALQSCUJPFQ-FYZIQQLYSA-N,BBB-,0,3472.355999999988,-7.823000000000102,1430.0399999999995,67,66,150,3,240,3,experimental_classification,np
BBBP_00424,424,CCC(C)[C@H](NC(N[C@@H](C(C)C)C(O)N[C@@H](CC(C)C)C(=O)O)[C@@H]1CCCN1C(N[C@@H](CCCNC(=N)N)C(N[C@@H](C)C(N[C@@H](CCCNC(=N)N)C(=O)O)N[C@H](C(=O)O)C(C)O)N[C@@H](CC(C)C)C(NCC(=O)O)N[C@@H](CCCCN)C(=O)O)[C@@H](N)Cc1ccccc1)C(N[C@@H](CCCNC(=N)N)C(=O)O)N[C@H](C(=O)O)C(C)O,CCC(C)[C@H](NC(N[C@@H](C(C)C)C(O)N[C@@H](CC(C)C)C(=O)O)[C@@H]1CCCN1C(N[C@@H](CCCNC(=N)N)C(N[C@@H](C)C(N[C@@H](CCCNC(=N)N)C(=O)O)N[C@H](C(=O)O)C(C)O)N[C@@H](CC(C)C)C(NCC(=O)O)N[C@@H](CCCCN)C(=O)O)[C@@H](N)Cc1ccccc1)C(N[C@@H](CCCNC(=N)N)C(=O)O)N[C@H](C(=O)O)C(C)O,MRDCCAXUBRUHAM-VQOAPPAJSA-N,BBB-,0,1642.1170000000013,-3.4875899999999613,707.13,33,28,66,1,115,2,experimental_classification,np
BBBP_00425,425,N=C(N)NCCC[C@H](NC([C@H](Cc1ccccc1)NC(N[C@@H](Cc1ccc(N[C@@H](CCC(N)NCC(=O)O)C(=O)O)cc1)C(N[C@@H](CS)C(=O)O)N[C@@H](CC(N)=O)C(=O)O)[C@@H](N)CS)N1CCC[C@H]1C(=O)O)C(=O)O,N=C(N)NCCC[C@H](NC([C@H](Cc1ccccc1)NC(N[C@@H](Cc1ccc(N[C@@H](CCC(N)NCC(=O)O)C(=O)O)cc1)C(N[C@@H](CS)C(=O)O)N[C@@H](CC(N)=O)C(=O)O)[C@@H](N)CS)N1CCC[C@H]1C(=O)O)C(=O)O,QVZUBINWBJFVGK-PYPVAGPRSA-N,BBB-,0,1095.317,-3.0262300000000124,468.28,21,20,39,2,75,3,experimental_classification,np
BBBP_00427,427,CCC(C)[C@H](NC(CC[C@H](NC[C@H](N)C(N[C@@H](CCC(N[C@@H](CC(C)C)C(N[C@@H](C)C(=O)O)N[C@@H](CCC(N)=O)C(=O)O)N[C@@H](CC(N[C@@H](C)C(=O)O)N[C@@H](CCC(=O)O)C(=O)O)C(N[C@@H](CCC(N)=O)C(=O)O)N[C@@H](CC(C)C)C(=O)O)C(N[C@@H](C(C)N[C@@H](CCC(N)=O)C(=O)O)C(N[C@@H](C)C(=O)O)N[C@@H](Cc1cnc[nH]1)C(=O)O)N[C@@H](Cc1ccccc1)C(N[C@@H](CO)C(=O)O)N[C@@H](CC(N)=O)C(=O)O)N1CCC[C@H]1C(N[C@@H](Cc1cnc[nH]1)C(N[C@@H](CCCCN)C(=O)O)N[C@@H](CCCNC(=N)N)C(=O)O)N[C@@H](CC(C)C)C(N[C@@H](CCSC)C(=O)O)N[C@@H](CC(C)C)C(=O)O)C(N[C@@H](CC(C)C)C(N[C@@H](C)C(=O)O)N[C@@H](CCCNC(=N)N)C(=O)O)N[C@@H](CN[C@@H](CC(C)C)C(=O)O)C(N[C@@H](CCSC)C(=O)O)N[C@@H](CCC(=O)O)C(=O)O)N1CCC[C@H]1C(N[C@@H](CCCNC(=N)N)C(O)N[C@H](C(=O)O)C(C)CC)N[C@@H](CC(C)C)C(N[C@@H](CCC(=O)O)C(=O)O)N[C@H](C(=O)O)C(C)CC)C(N[C@@H](CCC(=O)O)C(=O)O)N[C@H](C(=O)O)C(C)C,CCC(C)[C@H](NC(CC[C@H](NC[C@H](N)C(N[C@@H](CCC(N[C@@H](CC(C)C)C(N[C@@H](C)C(=O)O)N[C@@H](CCC(N)=O)C(=O)O)N[C@@H](CC(N[C@@H](C)C(=O)O)N[C@@H](CCC(=O)O)C(=O)O)C(N[C@@H](CCC(N)=O)C(=O)O)N[C@@H](CC(C)C)C(=O)O)C(N[C@@H](C(C)N[C@@H](CCC(N)=O)C(=O)O)C(N[C@@H](C)C(=O)O)N[C@@H](Cc1cnc[nH]1)C(=O)O)N[C@@H](Cc1ccccc1)C(N[C@@H](CO)C(=O)O)N[C@@H](CC(N)=O)C(=O)O)N1CCC[C@H]1C(N[C@@H](Cc1cnc[nH]1)C(N[C@@H](CCCCN)C(=O)O)N[C@@H](CCCNC(=N)N)C(=O)O)N[C@@H](CC(C)C)C(N[C@@H](CCSC)C(=O)O)N[C@@H](CC(C)C)C(=O)O)C(N[C@@H](CC(C)C)C(N[C@@H](C)C(=O)O)N[C@@H](CCCNC(=N)N)C(=O)O)N[C@@H](CN[C@@H](CC(C)C)C(=O)O)C(N[C@@H](CCSC)C(=O)O)N[C@@H](CCC(=O)O)C(=O)O)N1CCC[C@H]1C(N[C@@H](CCCNC(=N)N)C(O)N[C@H](C(=O)O)C(C)CC)N[C@@H](CC(C)C)C(N[C@@H](CCC(=O)O)C(=O)O)N[C@H](C(=O)O)C(C)CC)C(N[C@@H](CCC(=O)O)C(=O)O)N[C@H](C(=O)O)C(C)C,QKUDSXKJHUBPGV-IFJWBIIASA-N,BBB-,0,4796.8189999999895,-8.784390000000279,2053.2399999999984,86,84,203,3,333,5,experimental_classification,np
BBBP_00428,428,CCC(C)[C@H](NC(N[C@@H](Cc1ccc(O)cc1)C(=O)O)[C@H](CCC(N[C@@H](CCCNC(=N)N)C(=O)O)N[C@@H](Cc1cnc[nH]1)C(=O)O)NC(N[C@@H](CC(N[C@@H](CC(N)=O)C(=O)O)N[C@@H](CC(C)C)C(=O)O)C(N[C@H](C(=O)O)C(C)O)N[C@H](C(=O)O)C(C)CC)[C@H](CCCCN)NC(N[C@@H](CN[C@@H](CC(N)N[C@@H](C)C(=O)O)C(N[C@@H](CCCNC(=N)N)C(=O)O)N[C@@H](Cc1ccc(O)cc1)C(=O)O)C(NCC(N[C@@H](C)C(=O)O)N[C@@H](CC(C)C)C(=O)O)N1CCC[C@H]1C(N[C@@H](CO)C(=O)O)N[C@@H](Cc1ccc(O)cc1)C(=O)O)[C@@H](N)Cc1ccc(N2CCC[C@H]2C(N[C@@H](CC(N[C@@H](C)C(=O)O)N[C@@H](CCC(=O)O)C(=O)O)C(N[C@@H](CC(=O)O)C(=O)O)N[C@@H](CC(C)C)C(=O)O)N2CCC[C@H]2C(N[C@@H](C)C(N[C@@H](CCCNC(=N)N)C(=O)O)N[C@@H](CCC(N)=O)C(=O)O)N2CCC[C@H]2C(N[C@@H](CCCNC(=N)N)C(=O)O)N[C@@H](Cc2ccc(O)cc2)C(=O)O)cc1)C(=O)O,CCC(C)[C@H](NC(N[C@@H](Cc1ccc(O)cc1)C(=O)O)[C@H](CCC(N[C@@H](CCCNC(=N)N)C(=O)O)N[C@@H](Cc1cnc[nH]1)C(=O)O)NC(N[C@@H](CC(N[C@@H](CC(N)=O)C(=O)O)N[C@@H](CC(C)C)C(=O)O)C(N[C@H](C(=O)O)C(C)O)N[C@H](C(=O)O)C(C)CC)[C@H](CCCCN)NC(N[C@@H](CN[C@@H](CC(N)N[C@@H](C)C(=O)O)C(N[C@@H](CCCNC(=N)N)C(=O)O)N[C@@H](Cc1ccc(O)cc1)C(=O)O)C(NCC(N[C@@H](C)C(=O)O)N[C@@H](CC(C)C)C(=O)O)N1CCC[C@H]1C(N[C@@H](CO)C(=O)O)N[C@@H](Cc1ccc(O)cc1)C(=O)O)[C@@H](N)Cc1ccc(N2CCC[C@H]2C(N[C@@H](CC(N[C@@H](C)C(=O)O)N[C@@H](CCC(=O)O)C(=O)O)C(N[C@@H](CC(=O)O)C(=O)O)N[C@@H](CC(C)C)C(=O)O)N2CCC[C@H]2C(N[C@@H](C)C(N[C@@H](CCCNC(=N)N)C(=O)O)N[C@@H](CCC(N)=O)C(=O)O)N2CCC[C@H]2C(N[C@@H](CCCNC(=N)N)C(=O)O)N[C@@H](Cc2ccc(O)cc2)C(=O)O)cc1)C(=O)O,IXBOPQHGQMTMFG-WYWVINOUSA-N,BBB-,0,4288.969999999985,-10.242620000000256,1880.2899999999988,80,76,166,6,302,10,experimental_classification,np
BBBP_00429,429,CC[C@H](C)[C@@H](C(=O)N[C@@H](CC(C)C)C(=O)N[C@@H]([C@@H](C)O)C(=O)N[C@@H](CC(C)C)C(=O)N)NC(=O)CNC(=O)[C@H](C)NC(=O)[C@H](C)NC(=O)[C@H](CC1=CN=CN1)NC(=O)[C@H](CC(=O)N)NC(=O)CNC(=O)[C@H](C)NC(=O)CNC(=O)[C@H](CC2=CN=CN2)NC(=O)[C@H](CC(C)C)NC(=O)[C@H](CC(C)C)NC(=O)[C@H](CCC(=O)O)NC(=O)[C@H](CC3=CC=C(C=C3)O)NC(=O)[C@H](CC(C)C)NC(=O)[C@H](CCCNC(=N)N)NC(=O)[C@@H]4CSSC[C@H]5C(=O)N[C@H](C(=O)N[C@H](C(=O)N[C@H](C(=O)N[C@H](C(=O)N[C@@H](CSSC[C@@H](C(=O)N5)NC(=O)[C@H](CC(=O)O)NC(=O)[C@@H]6CCCN6C(=O)[C@H](CC(C)C)NC(=O)[C@@H]7CCCN7C(=O)C8CCC(=O)N8)C(=O)N[C@H](C(=O)N4)CO)[C@@H](C)O)CCCCN)CCC(=O)N)CCCNC(=N)N,CC[C@H](C)[C@H](NC(=O)CNC(=O)[C@H](C)NC(=O)[C@H](C)NC(=O)[C@H](Cc1cnc[nH]1)NC(=O)[C@H](CC(N)=O)NC(=O)CNC(=O)[C@H](C)NC(=O)CNC(=O)[C@H](Cc1cnc[nH]1)NC(=O)[C@H](CC(C)C)NC(=O)[C@H](CC(C)C)NC(=O)[C@H](CCC(=O)O)NC(=O)[C@H](Cc1ccc(O)cc1)NC(=O)[C@H](CC(C)C)NC(=O)[C@H](CCCNC(=N)N)NC(=O)[C@@H]1CSSC[C@@H]2NC(=O)[C@@H](NC(=O)[C@H](CC(=O)O)NC(=O)[C@@H]3CCCN3C(=O)[C@H](CC(C)C)NC(=O)[C@@H]3CCCN3C(=O)C3CCC(=O)N3)CSSC[C@H](NC(=O)[C@H]([C@@H](C)O)NC(=O)[C@H](CCCCN)NC(=O)[C@H](CCC(N)=O)NC(=O)[C@H](CCCNC(=N)N)NC2=O)C(=O)N[C@@H](CO)C(=O)N1)C(=O)N[C@@H](CC(C)C)C(=O)N[C@H](C(=O)N[C@@H](CC(C)C)C(N)=O)[C@@H](C)O,OFNHNCAUVYOTPM-PUNNRHMTSA-N,BBB-,0,3561.1689999999917,-14.88736000000012,1434.6899999999994,49,51,92,3,247,8,experimental_classification,np
BBBP_00430,430,CC[C@H](C)[C@@H](C(=O)N[C@@H](CC(C)C)C(=O)N[C@@H]([C@@H](C)O)C(=O)N[C@@H](CCSC)C(=O)N)NC(=O)CNC(=O)[C@H](C)NC(=O)[C@H](C)NC(=O)[C@H](CC1=CN=CN1)NC(=O)[C@H](CC(=O)N)NC(=O)CNC(=O)[C@H](CC(=O)N)NC(=O)[C@H](C)NC(=O)[C@H](CCC(=O)N)NC(=O)[C@H](CC(C)C)NC(=O)[C@H](CC(C)C)NC(=O)[C@H](CCCNC(=N)N)NC(=O)[C@H](CCC(=O)N)NC(=O)[C@H](CC(C)C)NC(=O)[C@H](CCCNC(=N)N)NC(=O)CNC(=O)[C@H](CCC(=O)N)NC(=O)[C@H](CC(C)C)NC(=O)CNC(=O)[C@@H]2CCCN2C(=O)[C@@H]3CCCN3C(=O)CNC(=O)[C@@H]4CCCN4C(=O)[C@H](CCCNC(=N)N)N.C(=O)(C(F)(F)F)O,CC[C@H](C)[C@H](NC(=O)CNC(=O)[C@H](C)NC(=O)[C@H](C)NC(=O)[C@H](Cc1cnc[nH]1)NC(=O)[C@H](CC(N)=O)NC(=O)CNC(=O)[C@H](CC(N)=O)NC(=O)[C@H](C)NC(=O)[C@H](CCC(N)=O)NC(=O)[C@H](CC(C)C)NC(=O)[C@H](CC(C)C)NC(=O)[C@H](CCCNC(=N)N)NC(=O)[C@H](CCC(N)=O)NC(=O)[C@H](CC(C)C)NC(=O)[C@H](CCCNC(=N)N)NC(=O)CNC(=O)[C@H](CCC(N)=O)NC(=O)[C@H](CC(C)C)NC(=O)CNC(=O)[C@@H]1CCCN1C(=O)[C@@H]1CCCN1C(=O)CNC(=O)[C@@H]1CCCN1C(=O)[C@@H](N)CCCNC(=N)N)C(=O)N[C@@H](CC(C)C)C(=O)N[C@H](C(=O)N[C@@H](CCSC)C(N)=O)[C@@H](C)O.O=C(O)C(F)(F)F,HLMNLJDARNLAFE-LYIQNDGISA-N,BBB-,0,3050.4759999999965,-15.029390000000083,1315.7999999999993,43,41,95,1,213,4,experimental_classification,np
BBBP_00431,431,CSCC[C@H](NC(C[C@H](NC(C[C@H](N)C(N[C@@H](CCSC)C(N[C@@H](Cc1ccccc1)C(=O)O)N[C@H](C(=O)O)C(C)C)N[C@@H](CC(C)C)C(N[C@@H](CCCNC(=N)N)C(=O)O)N1CCC[C@H]1C(=O)O)N[C@@H](Cc1ccccc1)C(N[C@@H](CS)C(N[C@@H](CCC(N)=O)C(=O)O)N[C@@H](Cc1ccc(O)cc1)C(=O)O)N[C@@H](CCCNC(=N)N)C(N[C@@H](CS)C(=O)O)N[C@@H](Cc1c[nH]c2ccccc12)C(=O)O)C(NCC(=O)O)N[C@@H](CCCNC(=N)N)C(=O)O)N[C@@H](CC(C)C)C(=O)O)C(=O)O,CSCC[C@H](NC(C[C@H](NC(C[C@H](N)C(N[C@@H](CCSC)C(N[C@@H](Cc1ccccc1)C(=O)O)N[C@H](C(=O)O)C(C)C)N[C@@H](CC(C)C)C(N[C@@H](CCCNC(=N)N)C(=O)O)N1CCC[C@H]1C(=O)O)N[C@@H](Cc1ccccc1)C(N[C@@H](CS)C(N[C@@H](CCC(N)=O)C(=O)O)N[C@@H](Cc1ccc(O)cc1)C(=O)O)N[C@@H](CCCNC(=N)N)C(N[C@@H](CS)C(=O)O)N[C@@H](Cc1c[nH]c2ccccc12)C(=O)O)C(NCC(=O)O)N[C@@H](CCCNC(=N)N)C(=O)O)N[C@@H](CC(C)C)C(=O)O)C(=O)O,IDZNYBBHOGDXAA-CQGXDIHUSA-N,BBB-,0,2455.090999999998,-1.2437899999999478,946.1800000000002,44,40,94,5,169,6,experimental_classification,np
BBBP_00432,432,CC[C@H](C)[C@@H](C(=O)N[C@@H]([C@@H](C)CC)C(=O)N[C@@H](CC1=CC=CC=C1)C(=O)N[C@@H](CC(=O)O)C(=O)N[C@@H](CO)C(=O)N[C@@H](C(C)C)C(=O)N)NC(=O)[C@H](CCCNC(=N)N)NC(=O)[C@H](CC(=O)N)NC(=O)[C@H](CCC(=O)N)NC(=O)[C@H](CCC(=O)O)NC(=O)[C@H](C)NC(=O)[C@H](CCCNC(=N)N)NC(=O)[C@H](CCC(=O)O)NC(=O)[C@H](CCCNC(=N)N)NC(=O)[C@H](CCC(=O)N)NC(=O)[C@H](CO)NC(=O)[C@H](CCC(=O)N)NC(=O)[C@H]([C@@H](C)O)NC(=O)[C@H](CCCNC(=N)N)NC(=O)[C@H](C)NC(=O)[C@H](CC(C)C)NC(=O)[C@H](CCC(=O)O)NC(=O)[C@H](CC(C)C)NC(=O)[C@H](CC(C)C)NC(=O)[C@H]([C@@H](C)O)NC(=O)[C@H](CCCNC(=N)N)NC(=O)[C@H](CC(C)C)NC(=O)[C@H](CC(C)C)NC(=O)[C@H](CC2=CNC=N2)NC(=O)[C@H](CC3=CC=CC=C3)NC(=O)[C@H]([C@@H](C)O)NC(=O)[C@H](CC(C)C)NC(=O)[C@H](CC(=O)O)NC(=O)[C@H]([C@@H](C)CC)NC(=O)[C@H](CO)NC(=O)[C@H](CC(C)C)NC(=O)[C@@H]4CCCN4C(=O)[C@@H]5CCCN5C(=O)[C@H](CC(=O)O)NC(=O)[C@H](CC(=O)O)N  ,CC[C@H](C)[C@H](NC(=O)[C@H](CO)NC(=O)[C@H](CC(C)C)NC(=O)[C@@H]1CCCN1C(=O)[C@@H]1CCCN1C(=O)[C@H](CC(=O)O)NC(=O)[C@@H](N)CC(=O)O)C(=O)N[C@@H](CC(=O)O)C(=O)N[C@@H](CC(C)C)C(=O)N[C@H](C(=O)N[C@@H](Cc1ccccc1)C(=O)N[C@@H](Cc1c[nH]cn1)C(=O)N[C@@H](CC(C)C)C(=O)N[C@@H](CC(C)C)C(=O)N[C@@H](CCCNC(=N)N)C(=O)N[C@H](C(=O)N[C@@H](CC(C)C)C(=O)N[C@@H](CC(C)C)C(=O)N[C@@H](CCC(=O)O)C(=O)N[C@@H](CC(C)C)C(=O)N[C@@H](C)C(=O)N[C@@H](CCCNC(=N)N)C(=O)N[C@H](C(=O)N[C@@H](CCC(N)=O)C(=O)N[C@@H](CO)C(=O)N[C@@H](CCC(N)=O)C(=O)N[C@@H](CCCNC(=N)N)C(=O)N[C@@H](CCC(=O)O)C(=O)N[C@@H](CCCNC(=N)N)C(=O)N[C@@H](C)C(=O)N[C@@H](CCC(=O)O)C(=O)N[C@@H](CCC(N)=O)C(=O)N[C@@H](CC(N)=O)C(=O)N[C@@H](CCCNC(=N)N)C(=O)N[C@H](C(=O)N[C@H](C(=O)N[C@@H](Cc1ccccc1)C(=O)N[C@@H](CC(=O)O)C(=O)N[C@@H](CO)C(=O)N[C@H](C(N)=O)C(C)C)[C@@H](C)CC)[C@@H](C)CC)[C@@H](C)O)[C@@H](C)O)[C@@H](C)O,NLXKHYTZYFPOSU-MLGORUQISA-N,BBB-,0,4707.339999999984,-21.072650000000323,2079.4499999999975,72,64,158,3,332,5,experimental_classification,np
BBBP_00433,433,CCCCCCCC(=O)OC[C@@H](C(=O)N[C@@H](CC1=CC=CC=C1)C(=O)N[C@@H](CC(C)C)C(=O)N[C@@H](CO)C(=O)N2CCC[C@H]2C(=O)N[C@@H](CCC(=O)O)C(=O)N[C@@H](CC3=CNC=N3)C(=O)N[C@@H](CCC(=O)N)C(=O)N[C@@H](CCCNC(=N)N)C(=O)N[C@@H](C(C)C)C(=O)N[C@@H](CCC(=O)N)C(=O)N[C@@H](CCC(=O)N)C(=O)N[C@@H](CCCNC(=N)N)C(=O)N[C@@H](CCCCN)C(=O)N[C@@H](CCC(=O)O)C(=O)N[C@@H](CO)C(=O)N[C@@H](CCCCN)C(=O)N[C@@H](CCCCN)C(=O)N4CCC[C@H]4C(=O)N5CCC[C@H]5C(=O)N[C@@H](C)C(=O)N[C@@H](CCCCN)C(=O)N[C@@H](CC(C)C)C(=O)N[C@@H](CCC(=O)N)C(=O)N6CCC[C@H]6C(=O)N[C@@H](CCCNC(=N)N)C(=O)O)NC(=O)[C@H](CO)NC(=O)CN  ,CCCCCCCC(=O)OC[C@H](NC(=O)[C@H](CO)NC(=O)CN)C(=O)N[C@@H](Cc1ccccc1)C(=O)N[C@@H](CC(C)C)C(=O)N[C@@H](CO)C(=O)N1CCC[C@H]1C(=O)N[C@@H](CCC(=O)O)C(=O)N[C@@H](Cc1c[nH]cn1)C(=O)N[C@@H](CCC(N)=O)C(=O)N[C@@H](CCCNC(=N)N)C(=O)N[C@H](C(=O)N[C@@H](CCC(N)=O)C(=O)N[C@@H](CCC(N)=O)C(=O)N[C@@H](CCCNC(=N)N)C(=O)N[C@@H](CCCCN)C(=O)N[C@@H](CCC(=O)O)C(=O)N[C@@H](CO)C(=O)N[C@@H](CCCCN)C(=O)N[C@@H](CCCCN)C(=O)N1CCC[C@H]1C(=O)N1CCC[C@H]1C(=O)N[C@@H](C)C(=O)N[C@@H](CCCCN)C(=O)N[C@@H](CC(C)C)C(=O)N[C@@H](CCC(N)=O)C(=O)N1CCC[C@H]1C(=O)N[C@@H](CCCNC(=N)N)C(=O)O)C(C)C,GNKDKYIHGQKHHM-RJKLHVOGSA-N,BBB-,0,3370.9179999999956,-14.901290000000127,1466.269999999999,48,48,117,2,238,6,experimental_classification,np
BBBP_00434,434,O=C(O)[C@@H]2NC(=O)[C@H](NC(=O)CNC(=O)[C@H](NC(=O)[C@@H](N)Cc1ccc(O)cc1)C(SSC2(C)C)(C)C)Cc3ccccc3,CC1(C)SSC(C)(C)[C@@H](NC(=O)[C@@H](N)Cc2ccc(O)cc2)C(=O)NCC(=O)N[C@H](Cc2ccccc2)C(=O)N[C@H]1C(=O)O,MCMMCRYPQBNCPH-DVKRWUGUSA-N,BBB-,0,645.8040000000001,1.1121000000000045,199.95,7,9,7,2,44,3,experimental_classification,np
BBBP_00435,435,O=C(N)C(NC(=O)C(NC(=O)C(NC(=O)CNC(=O)C(NC(=O)C(N)Cc1ccc(O)cc1)C(O)C)Cc2ccccc2)CC(C)C)CO,CC(C)CC(NC(=O)C(Cc1ccccc1)NC(=O)CNC(=O)C(NC(=O)C(N)Cc1ccc(O)cc1)C(C)O)C(=O)NC(CO)C(N)=O,YLMMKCKBNBSMTL-UHFFFAOYSA-N,BBB-,0,685.779,-2.5354000000000005,275.29999999999995,10,10,19,2,49,2,experimental_classification,np
BBBP_00437,437,CCC(C)[C@H](NC(CNC(N[C@@H](Cc1ccccc1)C(N[C@@H](CCCNC(=N)N)C(=O)O)N1CCC[C@H]1C(=O)O)[C@@H](N)Cc1ccc(NCC(N[C@@H](CCCNC(=N)N)C(O)N[C@@H](CCCCN)C(=O)O)N[C@@H](CC(C)C)C(N[C@@H](CCCCN)C(=O)O)N[C@@H](CC(C)C)C(=O)O)cc1)N[C@@H](CCCNC(=N)N)C(=O)O)C(=O)O,CCC(C)[C@H](NC(CNC(N[C@@H](Cc1ccccc1)C(N[C@@H](CCCNC(=N)N)C(=O)O)N1CCC[C@H]1C(=O)O)[C@@H](N)Cc1ccc(NCC(N[C@@H](CCCNC(=N)N)C(O)N[C@@H](CCCCN)C(=O)O)N[C@@H](CC(C)C)C(N[C@@H](CCCCN)C(=O)O)N[C@@H](CC(C)C)C(=O)O)cc1)N[C@@H](CCCNC(=N)N)C(=O)O)C(=O)O,BUEWGDGDTFZVPO-TXRGZOTBSA-N,BBB-,0,1616.0820000000003,-1.3839899999999679,680.66,31,26,66,2,114,3,experimental_classification,np
BBBP_00438,438,CC(C)C[C@H](NC(O)[C@H](C)Nc1ccc(C[C@H](N)C(NCC(=O)O)N[C@@H](Cc2ccccc2)C(=O)O)cc1)C(=O)O,CC(C)C[C@H](NC(O)[C@H](C)Nc1ccc(C[C@H](N)C(NCC(=O)O)N[C@@H](Cc2ccccc2)C(=O)O)cc1)C(=O)O,JHMDKFIIEVABKT-GEWKODJJSA-N,BBB-,0,573.6910000000003,1.049900000000006,206.26999999999995,9,9,19,2,41,2,experimental_classification,np
BBBP_00439,439,N=C(N)NCCC[C@H](Nc1ccc(C[C@H](N)C(N[C@@H](CCCCN)C(=O)O)N[C@@H](Cc2ccccc2)C(=O)O)cc1)C(=O)O,N=C(N)NCCC[C@H](Nc1ccc(C[C@H](N)C(N[C@@H](CCCCN)C(=O)O)N[C@@H](Cc2ccccc2)C(=O)O)cc1)C(=O)O,LJOXQMWQUVLRBY-RKLPTUIUSA-N,BBB-,0,614.7480000000005,0.4681700000000072,261.92999999999995,11,9,22,2,44,2,experimental_classification,np
BBBP_00440,440,C[C@H](NC(N[C@@H](CCCNC(=N)N)C(=O)O)[C@H](CCCNC(=N)N)Nc1ccc(C[C@H](N)C(N[C@@H](CO)C(=O)O)N[C@@H](Cc2ccccc2)C(=O)O)cc1)C(=O)O,C[C@H](NC(N[C@@H](CCCNC(=N)N)C(=O)O)[C@H](CCCNC(=N)N)Nc1ccc(C[C@H](N)C(N[C@@H](CO)C(=O)O)N[C@@H](Cc2ccccc2)C(=O)O)cc1)C(=O)O,BCKDBDAKZVQTGQ-BTLKQHQFSA-N,BBB-,0,802.9350000000004,-2.0582600000000095,379.40000000000003,17,13,29,2,57,2,experimental_classification,np
BBBP_00442,442,CC(C)C[C@H](N)C(N[C@@H](Cc1cnc[nH]1)C(=O)O)N[C@@H](CC(N[C@@H](CCCNC(=N)N)C(=O)O)N[C@@H](Cc1ccccc1)C(=O)O)C(N[C@@H](CCCCN)C(=O)O)N[C@@H](Cc1c[nH]c2ccccc12)C(=O)O,CC(C)C[C@H](N)C(N[C@@H](Cc1cnc[nH]1)C(=O)O)N[C@@H](CC(N[C@@H](CCCNC(=N)N)C(=O)O)N[C@@H](Cc1ccccc1)C(=O)O)C(N[C@@H](CCCCN)C(=O)O)N[C@@H](Cc1c[nH]c2ccccc12)C(=O)O,OOQRSLAOKPWELG-RMZGLTFUSA-N,BBB-,0,1007.2079999999997,0.2251699999999905,417.09,18,15,37,4,72,4,experimental_classification,np
BBBP_00443,443,NCCCC[C@H](NC[C@H](N)C(N[C@@H](CC(=O)O)C(=O)O)N[C@@H](Cc1ccc(O)cc1)C(=O)O)C(O)N[C@@H](CC(N)=O)C(=O)O,NCCCC[C@H](NC[C@H](N)C(N[C@@H](CC(=O)O)C(=O)O)N[C@@H](Cc1ccc(O)cc1)C(=O)O)C(O)N[C@@H](CC(N)=O)C(=O)O,XYMJBKRRXMXQOO-XHXUYEDFSA-N,BBB-,0,629.6680000000001,-3.5277999999999956,332.90999999999997,13,13,24,1,44,1,experimental_classification,np
BBBP_00444,444,CCC(C)[C@H](NC(N[C@@H](Cc1ccc(O)cc1)C(=O)O)[C@H](CC(C)C)NC(N[C@@H](CC(C)C)C(O)N[C@H](C(=O)O)C(C)O)[C@H](Cc1c[nH]c2ccccc12)NC(CN)N[C@@H](CC(C)C)C(N[C@@H](CC(N[C@@H](CCCNC(=N)N)C(=O)O)N[C@@H](Cc1ccc(O)cc1)C(=O)O)C(N[C@@H](C)C(=O)O)N[C@@H](Cc1cnc[nH]1)C(=O)O)N[C@@H](CCC(N[C@@H](CC(N)=O)C(=O)O)N[C@@H](Cc1ccc(O)cc1)C(=O)O)C(N[C@@H](CC(N)=O)C(=O)O)N[C@H](C(=O)O)C(C)CC)C(=O)O,CCC(C)[C@H](NC(N[C@@H](Cc1ccc(O)cc1)C(=O)O)[C@H](CC(C)C)NC(N[C@@H](CC(C)C)C(O)N[C@H](C(=O)O)C(C)O)[C@H](Cc1c[nH]c2ccccc12)NC(CN)N[C@@H](CC(C)C)C(N[C@@H](CC(N[C@@H](CCCNC(=N)N)C(=O)O)N[C@@H](Cc1ccc(O)cc1)C(=O)O)C(N[C@@H](C)C(=O)O)N[C@@H](Cc1cnc[nH]1)C(=O)O)N[C@@H](CCC(N[C@@H](CC(N)=O)C(=O)O)N[C@@H](Cc1ccc(O)cc1)C(=O)O)C(N[C@@H](CC(N)=O)C(=O)O)N[C@H](C(=O)O)C(C)CC)C(=O)O,RGGYPZFNKWUMNT-OPHSIKRRSA-N,BBB-,0,2272.6789999999987,-1.5574299999999552,934.5300000000002,41,38,86,6,161,6,experimental_classification,np
BBBP_00445,445,CSCC[C@H](NC(N[C@@H](Cc1ccccc1)C(=O)O)[C@H](Cc1c[nH]c2ccccc12)NC(N)C[C@H](NC(CN)N[C@@H](CC(C)C)C(NCC(=O)O)N[C@@H](Cc1cnc[nH]1)C(=O)O)C(N[C@@H](C)C(=O)O)N[C@H](C(=O)O)C(C)O)C(=O)O,CSCC[C@H](NC(N[C@@H](Cc1ccccc1)C(=O)O)[C@H](Cc1c[nH]c2ccccc12)NC(N)C[C@H](NC(CN)N[C@@H](CC(C)C)C(NCC(=O)O)N[C@@H](Cc1cnc[nH]1)C(=O)O)C(N[C@@H](C)C(=O)O)N[C@H](C(=O)O)C(C)O)C(=O)O,GQQSWQCTLTWZBY-AWYIINDGSA-N,BBB-,0,1143.3799999999999,-1.1804000000000134,448.81,20,20,42,4,80,4,experimental_classification,np
BBBP_00446,446,NCCCC[C@H](NC(N[C@@H](Cc1ccccc1)C(=O)O)[C@@H](N)CS)C(N[C@@H](CC(=O)O)C(=O)O)N[C@@H](Cc1ccccc1)C(=O)O,NCCCC[C@H](NC(N[C@@H](Cc1ccccc1)C(=O)O)[C@@H](N)CS)C(N[C@@H](CC(=O)O)C(=O)O)N[C@@H](Cc1ccccc1)C(=O)O,WDBBQAYSTFYOJF-WXMOQGIFSA-N,BBB-,0,662.8100000000002,0.0714000000000094,249.35999999999996,11,11,24,2,46,2,experimental_classification,np
BBBP_00447,447,CC(C)C[C@H](NC(N[C@@H](Cc1cnc[nH]1)C(=O)O)[C@@H](NC(C)[C@H](NC(N[C@@H](CCCNC(=N)N)C(N[C@@H](CCCNC(=N)N)C(=O)O)N[C@@H](CC(N)N[C@@H](CCCNC(=N)N)C(=O)O)C(=O)O)[C@@H]1CCCN1C(N[C@@H](CCCNC(=N)N)C(N[C@@H](Cc1cnc[nH]1)C(N[C@@H](CCCNC(=N)N)C(=O)O)N[C@H](C(=O)O)C(C)O)N[C@@H](CC(C)C)C(N[C@@H](CCCNC(=N)N)C(=O)O)N1CCC[C@H]1C(=O)O)[C@@H](N)CCCNC(=N)N)C(N[C@@H](CCCNC(=N)N)C(N[C@@H](CCCNC(=N)N)C(=O)O)N[C@@H](CC(N)=O)C(=O)O)N[C@@H](Cc1cnc[nH]1)C(N[C@@H](Cc1cnc[nH]1)C(=O)O)N[C@H](C(=O)O)C(C)O)C(C)N[C@@H](CCCNC(=N)N)C(=O)O)C(=O)O,CC(C)C[C@H](NC(N[C@@H](Cc1cnc[nH]1)C(=O)O)[C@@H](NC(C)[C@H](NC(N[C@@H](CCCNC(=N)N)C(N[C@@H](CCCNC(=N)N)C(=O)O)N[C@@H](CC(N)N[C@@H](CCCNC(=N)N)C(=O)O)C(=O)O)[C@@H]1CCCN1C(N[C@@H](CCCNC(=N)N)C(N[C@@H](Cc1cnc[nH]1)C(N[C@@H](CCCNC(=N)N)C(=O)O)N[C@H](C(=O)O)C(C)O)N[C@@H](CC(C)C)C(N[C@@H](CCCNC(=N)N)C(=O)O)N1CCC[C@H]1C(=O)O)[C@@H](N)CCCNC(=N)N)C(N[C@@H](CCCNC(=N)N)C(N[C@@H](CCCNC(=N)N)C(=O)O)N[C@@H](CC(N)=O)C(=O)O)N[C@@H](Cc1cnc[nH]1)C(N[C@@H](Cc1cnc[nH]1)C(=O)O)N[C@H](C(=O)O)C(C)O)C(C)N[C@@H](CCCNC(=N)N)C(=O)O)C(=O)O,HGBWSXLPKPTOPX-DZZJXMTBSA-N,BBB-,0,3203.8309999999924,-16.51290000000023,1650.6199999999992,74,56,128,4,225,6,experimental_classification,np
BBBP_00448,448,CC(C)C[C@H](NC(N[C@@H](CCCNC(=N)N)C(=O)O)[C@H](CC(N)N[C@H](C(=O)O)C(C)O)NC(N[C@@H](CCCNC(=N)N)C(N[C@@H](Cc1cnc[nH]1)C(=O)O)N[C@H](C(=O)O)C(C)O)[C@H](CC(C)C)NC(N[C@@H](C(C)N[C@@H](Cc1cnc[nH]1)C(N[C@@H](CCCNC(=N)N)C(N[C@@H](CCCNC(=N)N)C(=O)O)N[C@@H](CC(N)=O)C(=O)O)N[C@@H](CCCNC(=N)N)C(N[C@@H](CCCNC(=N)N)C(=O)O)N[C@@H](Cc1cnc[nH]1)C(=O)O)C(N[C@@H](C(C)N[C@@H](CCCNC(=N)N)C(=O)O)C(N[C@@H](CCCNC(=N)N)C(=O)O)N[C@@H](CCCNC(=N)N)C(=O)O)N[C@@H](Cc1cnc[nH]1)C(N[C@@H](CCCNC(=N)N)C(=O)O)N1CCC[C@H]1C(=O)O)[C@@H]1CCCN1)C(=O)O,CC(C)C[C@H](NC(N[C@@H](CCCNC(=N)N)C(=O)O)[C@H](CC(N)N[C@H](C(=O)O)C(C)O)NC(N[C@@H](CCCNC(=N)N)C(N[C@@H](Cc1cnc[nH]1)C(=O)O)N[C@H](C(=O)O)C(C)O)[C@H](CC(C)C)NC(N[C@@H](C(C)N[C@@H](Cc1cnc[nH]1)C(N[C@@H](CCCNC(=N)N)C(N[C@@H](CCCNC(=N)N)C(=O)O)N[C@@H](CC(N)=O)C(=O)O)N[C@@H](CCCNC(=N)N)C(N[C@@H](CCCNC(=N)N)C(=O)O)N[C@@H](Cc1cnc[nH]1)C(=O)O)C(N[C@@H](C(C)N[C@@H](CCCNC(=N)N)C(=O)O)C(N[C@@H](CCCNC(=N)N)C(=O)O)N[C@@H](CCCNC(=N)N)C(=O)O)N[C@@H](Cc1cnc[nH]1)C(N[C@@H](CCCNC(=N)N)C(=O)O)N1CCC[C@H]1C(=O)O)[C@@H]1CCCN1)C(=O)O,RBOBTVQVIBLKSM-HBNVQNDZSA-N,BBB-,0,3203.8309999999947,-16.59440000000023,1645.419999999999,75,56,129,4,225,6,experimental_classification,np
BBBP_00449,449,CC(C)C[C@H](NC(N)CC[C@H](NC(N[C@@H](CCCCN)C(O)N[C@@H](CCCNC(=N)N)C(=O)O)[C@H](Cc1ccccc1)NC[C@H](NC(CN)N[C@@H](CN1CCC[C@H]1C(N[C@@H](CO)C(=O)O)N[C@@H](CCC(=O)O)C(=O)O)C(N[C@@H](Cc1cnc[nH]1)C(N[C@@H](C)C(=O)O)N[C@@H](CCCCN)C(=O)O)N[C@@H](CCC(N[C@@H](CCCCN)C(=O)O)N[C@@H](CCCCN)C(=O)O)C(N1CCC[C@H]1C(=O)O)N1CCC[C@H]1C(=O)O)C(N[C@@H](CC(C)C)C(N[C@@H](C)C(=O)O)N[C@@H](CCC(N)=O)C(=O)O)N[C@@H](CN[C@@H](CCC(N)=O)C(=O)O)C(N[C@@H](CCCCN)C(=O)O)N[C@@H](CCCNC(=N)N)C(=O)O)C(N[C@@H](CCC(N)=O)C(=O)O)N1CCC[C@H]1C(=O)O)C(=O)O,CC(C)C[C@H](NC(N)CC[C@H](NC(N[C@@H](CCCCN)C(O)N[C@@H](CCCNC(=N)N)C(=O)O)[C@H](Cc1ccccc1)NC[C@H](NC(CN)N[C@@H](CN1CCC[C@H]1C(N[C@@H](CO)C(=O)O)N[C@@H](CCC(=O)O)C(=O)O)C(N[C@@H](Cc1cnc[nH]1)C(N[C@@H](C)C(=O)O)N[C@@H](CCCCN)C(=O)O)N[C@@H](CCC(N[C@@H](CCCCN)C(=O)O)N[C@@H](CCCCN)C(=O)O)C(N1CCC[C@H]1C(=O)O)N1CCC[C@H]1C(=O)O)C(N[C@@H](CC(C)C)C(N[C@@H](C)C(=O)O)N[C@@H](CCC(N)=O)C(=O)O)N[C@@H](CN[C@@H](CCC(N)=O)C(=O)O)C(N[C@@H](CCCCN)C(=O)O)N[C@@H](CCCNC(=N)N)C(=O)O)C(N[C@@H](CCC(N)=O)C(=O)O)N1CCC[C@H]1C(=O)O)C(=O)O,UAKHITDCTNPWSI-DGBZQKJFSA-N,BBB-,0,3214.858999999993,-11.804160000000135,1465.3999999999994,60,60,136,2,225,6,experimental_classification,np
BBBP_00450,450,CCC(C)[C@H](NC(N[C@@H](CCCNC(=N)N)C(N[C@@H](CCCCN)C(=O)O)N[C@@H](CCCCN)C(=O)O)[C@H](CCCCN)NC(N[C@@H](CCCNC(=N)N)C(N[C@@H](CC(C)C)C(O)N[C@@H](CCCNC(=N)N)C(=O)O)N[C@H](C(=O)O)C(C)C)[C@@H](N)CCCNC(=N)N)C(N[C@@H](CCCCN)C(=O)O)N[C@H](C(=O)O)C(C)O,CCC(C)[C@H](NC(N[C@@H](CCCNC(=N)N)C(N[C@@H](CCCCN)C(=O)O)N[C@@H](CCCCN)C(=O)O)[C@H](CCCCN)NC(N[C@@H](CCCNC(=N)N)C(N[C@@H](CC(C)C)C(O)N[C@@H](CCCNC(=N)N)C(=O)O)N[C@H](C(=O)O)C(C)C)[C@@H](N)CCCNC(=N)N)C(N[C@@H](CCCCN)C(=O)O)N[C@H](C(=O)O)C(C)O,DMTISCMCJQZGBO-QMXZTVSNSA-N,BBB-,0,1594.1250000000005,-4.991519999999924,774.2899999999998,36,28,72,0,111,0,experimental_classification,np
BBBP_00451,451,CCC(C)[C@H](NC(N[C@@H](CCCNC(=N)N)C(N[C@@H](CCCCN)C(=O)O)N[C@@H](CCCCN)C(=O)O)[C@H](CCCCN)NC(N[C@@H](CCCNC(=N)N)C(N[C@@H](CC(C)C)C(N[C@@H](CCCNC(=N)N)C(=O)O)N[C@@H](CCCNC(=N)N)C(=O)O)N[C@H](C(=O)O)C(C)C)[C@@H](N)CCCNC(=N)N)C(N[C@@H](CCCCN)C(=O)O)N[C@H](C(=O)O)C(C)O,CCC(C)[C@H](NC(N[C@@H](CCCNC(=N)N)C(N[C@@H](CCCCN)C(=O)O)N[C@@H](CCCCN)C(=O)O)[C@H](CCCCN)NC(N[C@@H](CCCNC(=N)N)C(N[C@@H](CC(C)C)C(N[C@@H](CCCNC(=N)N)C(=O)O)N[C@@H](CCCNC(=N)N)C(=O)O)N[C@H](C(=O)O)C(C)C)[C@@H](N)CCCNC(=N)N)C(N[C@@H](CCCCN)C(=O)O)N[C@H](C(=O)O)C(C)O,GYARAJGIVCJRBT-APRWPNIWSA-N,BBB-,0,1750.3140000000008,-5.6777499999998975,865.2899999999998,40,30,79,0,122,0,experimental_classification,np
BBBP_00452,452,CSCC[C@H](NC(N[C@@H](Cc1c[nH]c2ccccc12)C(N[C@@H](CCCCN)C(=O)O)N[C@@H](CCCCN)C(=O)O)[C@@H](NC(N[C@@H](Cc1c[nH]c2ccccc12)C(N[C@@H](CN[C@@H](CCCNC(=N)N)C(=O)O)C(N[C@@H](Cc1cnc[nH]1)C(=O)O)N[C@H](C(=O)O)C(C)O)N1CCC[C@H]1C(N1CCC[C@H]1C(=O)O)N1CCC[C@H]1C(=O)O)[C@@H]1CCCN1)C(C)C)C(O)N[C@@H](CS)C(=O)O,CSCC[C@H](NC(N[C@@H](Cc1c[nH]c2ccccc12)C(N[C@@H](CCCCN)C(=O)O)N[C@@H](CCCCN)C(=O)O)[C@@H](NC(N[C@@H](Cc1c[nH]c2ccccc12)C(N[C@@H](CN[C@@H](CCCNC(=N)N)C(=O)O)C(N[C@@H](Cc1cnc[nH]1)C(=O)O)N[C@H](C(=O)O)C(C)O)N1CCC[C@H]1C(N1CCC[C@H]1C(=O)O)N1CCC[C@H]1C(=O)O)[C@@H]1CCCN1)C(C)C)C(O)N[C@@H](CS)C(=O)O,XPPQAXNPRSEBLM-AEGCLLRYSA-N,BBB-,0,1864.3660000000011,-0.7216299999999733,667.1400000000001,31,31,65,5,130,9,experimental_classification,np
BBBP_00453,453,CCC(C)[C@H](NC(N[C@@H](Cc1ccc(O)cc1)C(=O)O)[C@H](CCCNC(=N)N)NC(N[C@@H](C(C)N[C@H](C(=O)O)C(C)C)C(N[C@@H](Cc1c[nH]c2ccccc12)C(=O)O)N1CCC[C@H]1C(=O)O)[C@H](C)NC(N[C@@H](C)C(NCC(=O)O)N[C@@H](CCC(=O)O)C(=O)O)[C@@H](N)C(C)C)C(=O)O,CCC(C)[C@H](NC(N[C@@H](Cc1ccc(O)cc1)C(=O)O)[C@H](CCCNC(=N)N)NC(N[C@@H](C(C)N[C@H](C(=O)O)C(C)C)C(N[C@@H](Cc1c[nH]c2ccccc12)C(=O)O)N1CCC[C@H]1C(=O)O)[C@H](C)NC(N[C@@H](C)C(NCC(=O)O)N[C@@H](CCC(=O)O)C(=O)O)[C@@H](N)C(C)C)C(=O)O,HUROUEWOEWXQFM-UTTNXWMYSA-N,BBB-,0,1371.6470000000002,-0.19903000000002097,545.88,24,22,49,3,97,4,experimental_classification,np
BBBP_00454,454,CC(C)C[C@H](NC(N[C@@H](CCCNC(=N)N)C(=O)O)[C@H](CC(C)C)NC(N[C@@H](CC(C)C)C(N[C@@H](CCCNC(=N)N)C(N[C@@H](CCCNC(=N)N)C(=O)O)N[C@@H](CCCNC(=N)N)C(=O)O)N[C@@H](CC(C)C)C(N[C@@H](CCCNC(=N)N)C(=O)O)N[C@@H](CCCNC(=N)N)C(=O)O)[C@@H](N)CCCNC(=N)N)C(N[C@@H](CCCNC(=N)N)C(=O)O)N[C@@H](CCCNC(=N)N)C(=O)O,CC(C)C[C@H](NC(N[C@@H](CCCNC(=N)N)C(=O)O)[C@H](CC(C)C)NC(N[C@@H](CC(C)C)C(N[C@@H](CCCNC(=N)N)C(N[C@@H](CCCNC(=N)N)C(=O)O)N[C@@H](CCCNC(=N)N)C(=O)O)N[C@@H](CC(C)C)C(N[C@@H](CCCNC(=N)N)C(=O)O)N[C@@H](CCCNC(=N)N)C(=O)O)[C@@H](N)CCCNC(=N)N)C(N[C@@H](CCCNC(=N)N)C(=O)O)N[C@@H](CCCNC(=N)N)C(=O)O,ZIWMPYXKEGXYJE-TZNTZKNSSA-N,BBB-,0,1888.452000000002,-7.085269999999921,988.58,47,29,81,0,132,0,experimental_classification,np
BBBP_00455,455,N=C(N)NCCC[C@H](NC(N[C@@H](CCCNC(=N)N)C(=O)O)[C@H](CCCNC(=N)N)NC(N[C@@H](CCCNC(=N)N)C(=O)O)[C@H](CCCNC(=N)N)NC(N[C@@H](CCCNC(=N)N)C(N[C@@H](CCCNC(=N)N)C(=O)O)N[C@@H](CCCNC(=N)N)C(=O)O)[C@@H](N)CCCNC(=N)N)C(=O)O,N=C(N)NCCC[C@H](NC(N[C@@H](CCCNC(=N)N)C(=O)O)[C@H](CCCNC(=N)N)NC(N[C@@H](CCCNC(=N)N)C(=O)O)[C@H](CCCNC(=N)N)NC(N[C@@H](CCCNC(=N)N)C(N[C@@H](CCCNC(=N)N)C(=O)O)N[C@@H](CCCNC(=N)N)C(=O)O)[C@@H](N)CCCNC(=N)N)C(=O)O,MUZWYZUTMWBVIN-VHLFHRNASA-N,BBB-,0,1431.7800000000004,-9.923869999999903,865.8599999999999,41,23,61,0,100,0,experimental_classification,np
BBBP_00456,456,CCC(C)[C@H](NC(N[C@@H](CC(C)C)C(N[C@@H](Cc1ccc(N[C@@H](CC(C)C)C(=O)O)cc1)C(NCC(=O)O)N[C@@H](CCCNC(=N)N)C(=O)O)N[C@@H](CC(C)C)C(N[C@@H](CCC(N)=O)C(=O)O)N[C@@H](Cc1c[nH]c2ccccc12)C(=O)O)[C@@H]1CCCN1)C(N[C@@H](CC(C)C)C(=O)O)N[C@@H](CCCNC(=N)N)C(O)N[C@@H](CS)C(=O)O,CCC(C)[C@H](NC(N[C@@H](CC(C)C)C(N[C@@H](Cc1ccc(N[C@@H](CC(C)C)C(=O)O)cc1)C(NCC(=O)O)N[C@@H](CCCNC(=N)N)C(=O)O)N[C@@H](CC(C)C)C(N[C@@H](CCC(N)=O)C(=O)O)N[C@@H](Cc1c[nH]c2ccccc12)C(=O)O)[C@@H]1CCCN1)C(N[C@@H](CC(C)C)C(=O)O)N[C@@H](CCCNC(=N)N)C(O)N[C@@H](CS)C(=O)O,PLYFQFORLFNPFA-LIPJFNOCSA-N,BBB-,0,1643.1250000000007,1.1506399999999908,620.3999999999999,30,25,63,3,115,4,experimental_classification,np
BBBP_00457,457,CC[C@H](C)[C@@H](C(=O)N[C@@H](CCC(=O)O)C(=O)N[C@@H](CC1=CNC2=CC=CC=C21)C(=O)N[C@@H](CC(C)C)C(=O)N[C@@H](CCCCN)C(=O)N[C@@H](CC(=O)N)C(=O)NCC(=O)NCC(=O)N3CCC[C@H]3C(=O)N[C@@H](CO)C(=O)N[C@@H](CO)C(=O)NCC(=O)N[C@@H](C)C(=O)N4CCC[C@H]4C(=O)N5CCC[C@H]5C(=O)N[C@@H](CO)C(=O)N[C@@H](CCCCN)C(=O)N[C@@H](CCCCN)C(=O)N[C@@H](CCCCN)C(=O)N[C@@H](CCCCN)C(=O)N[C@@H](CCCCN)C(=O)N[C@@H](CCCCN)C(=O)N)NC(=O)[C@H](CC6=CC=CC=C6)NC(=O)[C@H](CC(C)C)NC(=O)[C@H](CCCNC(=N)N)NC(=O)[C@H](C(C)C)NC(=O)[C@H](C)NC(=O)[C@H](CCC(=O)O)NC(=O)[C@H](CCC(=O)O)NC(=O)[C@H](CCC(=O)O)NC(=O)[C@H](CCSC)NC(=O)[C@H](CCC(=O)N)NC(=O)[C@H](CCCCN)NC(=O)[C@H](CO)NC(=O)[C@H](CC(C)C)NC(=O)[C@H](CC(=O)O)NC(=O)[C@H](CO)NC(=O)[C@H]([C@@H](C)O)NC(=O)[C@H](CC7=CC=CC=C7)NC(=O)[C@H]([C@@H](C)O)NC(=O)CNC(=O)[C@H](CCC(=O)O)NC(=O)CNC(=O)[C@H](CC8=CNC=N8)N  ,CC[C@H](C)[C@H](NC(=O)[C@H](Cc1ccccc1)NC(=O)[C@H](CC(C)C)NC(=O)[C@H](CCCNC(=N)N)NC(=O)[C@@H](NC(=O)[C@H](C)NC(=O)[C@H](CCC(=O)O)NC(=O)[C@H](CCC(=O)O)NC(=O)[C@H](CCC(=O)O)NC(=O)[C@H](CCSC)NC(=O)[C@H](CCC(N)=O)NC(=O)[C@H](CCCCN)NC(=O)[C@H](CO)NC(=O)[C@H](CC(C)C)NC(=O)[C@H](CC(=O)O)NC(=O)[C@H](CO)NC(=O)[C@@H](NC(=O)[C@H](Cc1ccccc1)NC(=O)[C@@H](NC(=O)CNC(=O)[C@H](CCC(=O)O)NC(=O)CNC(=O)[C@@H](N)Cc1c[nH]cn1)[C@@H](C)O)[C@@H](C)O)C(C)C)C(=O)N[C@@H](CCC(=O)O)C(=O)N[C@@H](Cc1c[nH]c2ccccc12)C(=O)N[C@@H](CC(C)C)C(=O)N[C@@H](CCCCN)C(=O)N[C@@H](CC(N)=O)C(=O)NCC(=O)NCC(=O)N1CCC[C@H]1C(=O)N[C@@H](CO)C(=O)N[C@@H](CO)C(=O)NCC(=O)N[C@@H](C)C(=O)N1CCC[C@H]1C(=O)N1CCC[C@H]1C(=O)N[C@@H](CO)C(=O)N[C@@H](CCCCN)C(=O)N[C@@H](CCCCN)C(=O)N[C@@H](CCCCN)C(=O)N[C@@H](CCCCN)C(=O)N[C@@H](CCCCN)C(=O)N[C@@H](CCCCN)C(N)=O,XVVOERDUTLJJHN-IAEQDCLQSA-N,BBB-,0,4858.569999999988,-22.912530000000242,2060.159999999998,70,71,169,5,342,8,experimental_classification,np
BBBP_00458,458,N=C(N)NCCC[C@H](NC(CNc1ccc(C[C@H](N)C(N[C@@H](CCCCN)C(N[C@@H](CCCNC(=N)N)C(=O)O)N[C@@H](CCCNC(=N)N)C(=O)O)N[C@@H](CCCNC(=N)N)C(N[C@@H](CCCNC(=N)N)C(=O)O)N[C@@H](CCC(N)=O)C(=O)O)cc1)N[C@@H](CCCCN)C(O)N[C@@H](CCCNC(=N)N)C(=O)O)C(=O)O,N=C(N)NCCC[C@H](NC(CNc1ccc(C[C@H](N)C(N[C@@H](CCCCN)C(N[C@@H](CCCNC(=N)N)C(=O)O)N[C@@H](CCCNC(=N)N)C(=O)O)N[C@@H](CCCNC(=N)N)C(N[C@@H](CCCNC(=N)N)C(=O)O)N[C@@H](CCC(N)=O)C(=O)O)cc1)N[C@@H](CCCCN)C(O)N[C@@H](CCCNC(=N)N)C(=O)O)C(=O)O,MUMAHYGOJRXOTO-BWAMHPDKSA-N,BBB-,0,1569.9380000000008,-8.174379999999918,856.8800000000001,39,27,68,1,110,1,experimental_classification,np
BBBP_00459,459,CC(C)C[C@H](NC(N[C@@H](Cc1ccccc1)C(=O)O)[C@H](Cc1ccc(N[C@@H](Cc2ccccc2)C(=O)O)cc1)NC(N[C@@H](CCC(N[C@@H](CO)C(=O)O)N1CCC[C@H]1C(=O)O)C(NCC(=O)O)NCC(=O)O)[C@H](CCCCN)Nc1ccc(C[C@H](N)C(N[C@@H](C(C)C)C(NCC(N[C@@H](CCCNC(=N)N)C(=O)O)N[C@@H](CC(N)=O)C(=O)O)N[C@@H](CCC(N)N[C@@H](Cc2ccccc2)C(=O)O)C(N[C@@H](CCCNC(=N)N)C(=O)O)N2CCC[C@H]2C(=O)O)N[C@@H](CC(N)N2CCC[C@H]2C(=O)O)C(N[C@@H](C)C(=O)O)N[C@H](C(=O)O)C(C)C)cc1)C(=O)O,CC(C)C[C@H](NC(N[C@@H](Cc1ccccc1)C(=O)O)[C@H](Cc1ccc(N[C@@H](Cc2ccccc2)C(=O)O)cc1)NC(N[C@@H](CCC(N[C@@H](CO)C(=O)O)N1CCC[C@H]1C(=O)O)C(NCC(=O)O)NCC(=O)O)[C@H](CCCCN)Nc1ccc(C[C@H](N)C(N[C@@H](C(C)C)C(NCC(N[C@@H](CCCNC(=N)N)C(=O)O)N[C@@H](CC(N)=O)C(=O)O)N[C@@H](CCC(N)N[C@@H](Cc2ccccc2)C(=O)O)C(N[C@@H](CCCNC(=N)N)C(=O)O)N2CCC[C@H]2C(=O)O)N[C@@H](CC(N)N2CCC[C@H]2C(=O)O)C(N[C@@H](C)C(=O)O)N[C@H](C(=O)O)C(C)C)cc1)C(=O)O,MJUNAWRUMSSCNK-QGZDDANPSA-N,BBB+,1,2666.170999999996,-3.709759999999937,1088.99,46,45,101,5,189,8,experimental_classification,p
BBBP_00460,460,CC(C)C[C@H](NC(N[C@H](C(=O)O)C(C)O)[C@H](Cc1ccccc1)NC(N)C[C@H](N)C(N[C@@H](CC(N[C@@H](CCC(N)=O)C(=O)O)N[C@@H](CCC(=O)O)C(=O)O)C(=O)O)N[C@H](C(=O)O)C(C)C)C(=O)O,CC(C)C[C@H](NC(N[C@H](C(=O)O)C(C)O)[C@H](Cc1ccccc1)NC(N)C[C@H](N)C(N[C@@H](CC(N[C@@H](CCC(N)=O)C(=O)O)N[C@@H](CCC(=O)O)C(=O)O)C(=O)O)N[C@H](C(=O)O)C(C)C)C(=O)O,MZFLDSQYNHDCDT-UVESYEKTSA-N,BBB+,1,973.092,-2.972100000000017,460.67,18,18,38,1,68,1,experimental_classification,p
BBBP_00461,461,CCC(C)[C@H](NC(N[C@@H](CO)C(=O)O)[C@H](Cc1ccccc1)NC(N[C@@H](Cc1cnc[nH]1)C(N[C@@H](Cc1ccccc1)C(=O)O)N[C@@H](Cc1ccc(O)cc1)C(=O)O)[C@H](Cc1c[nH]c2ccccc12)NC(C)[C@H](N)C(N[C@@H](CCCCN)C(N[C@@H](Cc1cnc[nH]1)C(=O)O)N[C@H](C(=O)O)C(C)O)N1CCC[C@H]1C(N[C@@H](CC(N[C@@H](CCCCN)C(=O)O)N[C@@H](CC(C)C)C(=O)O)C(NCC(=O)O)N[C@@H](CC(C)C)C(=O)O)N[C@@H](CCCCN)C(N[C@@H](CCCCN)C(=O)O)N[C@@H](Cc1cnc[nH]1)C(=O)O)C(=O)O,CCC(C)[C@H](NC(N[C@@H](CO)C(=O)O)[C@H](Cc1ccccc1)NC(N[C@@H](Cc1cnc[nH]1)C(N[C@@H](Cc1ccccc1)C(=O)O)N[C@@H](Cc1ccc(O)cc1)C(=O)O)[C@H](Cc1c[nH]c2ccccc12)NC(C)[C@H](N)C(N[C@@H](CCCCN)C(N[C@@H](Cc1cnc[nH]1)C(=O)O)N[C@H](C(=O)O)C(C)O)N1CCC[C@H]1C(N[C@@H](CC(N[C@@H](CCCCN)C(=O)O)N[C@@H](CC(C)C)C(=O)O)C(NCC(=O)O)N[C@@H](CC(C)C)C(=O)O)N[C@@H](CCCCN)C(N[C@@H](CCCCN)C(=O)O)N[C@@H](Cc1cnc[nH]1)C(=O)O)C(=O)O,YHEDKCGIPWYLQU-MFEQJHJVSA-N,BBB+,1,2502.0539999999987,-0.5316999999999148,960.0000000000001,42,42,98,8,178,9,experimental_classification,p
BBBP_00462,462,CSCC[C@H](NC(N[C@@H](Cc1ccc(O)cc1)C(=O)O)[C@H](C)NC(CNC(N[C@@H](CCCCN)C(NCC(N[C@@H](CC(C)C)C(NCC(=O)O)N[C@@H](CCCCN)C(=O)O)N[C@@H](CCCNC(=N)N)C(N[C@@H](CO)C(=O)O)N[C@@H](CCCNC(=N)N)C(=O)O)N[C@@H](CCCCN)C(N[C@@H](CNCC(=O)O)C(N[C@@H](CO)C(=O)O)N[C@@H](CS)C(=O)O)N[C@@H](CS)C(N[C@@H](CS)C(=O)O)N[C@H](C(=O)O)C(C)O)[C@@H](N)CS)N[C@@H](CCCCN)C(N[C@@H](CS)C(=O)O)N[C@@H](CC(=O)O)C(=O)O)C(O)N[C@@H](CS)C(=O)O,CSCC[C@H](NC(N[C@@H](Cc1ccc(O)cc1)C(=O)O)[C@H](C)NC(CNC(N[C@@H](CCCCN)C(NCC(N[C@@H](CC(C)C)C(NCC(=O)O)N[C@@H](CCCCN)C(=O)O)N[C@@H](CCCNC(=N)N)C(N[C@@H](CO)C(=O)O)N[C@@H](CCCNC(=N)N)C(=O)O)N[C@@H](CCCCN)C(N[C@@H](CNCC(=O)O)C(N[C@@H](CO)C(=O)O)N[C@@H](CS)C(=O)O)N[C@@H](CS)C(N[C@@H](CS)C(=O)O)N[C@H](C(=O)O)C(C)O)[C@@H](N)CS)N[C@@H](CCCCN)C(N[C@@H](CS)C(=O)O)N[C@@H](CC(=O)O)C(=O)O)C(O)N[C@@H](CS)C(=O)O,AFRZZBZZYWLGBO-CDWMQTNTSA-N,BBB+,1,2670.410999999997,-12.92976000000003,1165.97,60,57,116,1,177,1,experimental_classification,p
BBBP_00463,463,CC(C)[C@H](NC(N[C@@H](CCC(=O)O)C(=O)O)[C@H](CS)NC(N[C@@H](CS)C(=O)O)[C@H](CCCNC(=N)N)NC(N[C@@H](CCCNC(=N)N)C(N[C@@H](CCCCN)C(=O)O)N[C@@H](CC(N)=O)C(=O)O)[C@H](CCCNC(=N)N)NC(N[C@@H](CCCNC(=N)N)C(N[C@@H](CCCNC(=N)N)C(N[C@@H](CCCCN)C(=O)O)N[C@@H](Cc1ccc(O)cc1)C(=O)O)N[C@@H](CCCNC(=N)N)C(N[C@@H](CCCCN)C(=O)O)N[C@H](C(=O)O)C(C)O)[C@@H](N)CCCNC(=N)N)C(=O)O,CC(C)[C@H](NC(N[C@@H](CCC(=O)O)C(=O)O)[C@H](CS)NC(N[C@@H](CS)C(=O)O)[C@H](CCCNC(=N)N)NC(N[C@@H](CCCNC(=N)N)C(N[C@@H](CCCCN)C(=O)O)N[C@@H](CC(N)=O)C(=O)O)[C@H](CCCNC(=N)N)NC(N[C@@H](CCCNC(=N)N)C(N[C@@H](CCCNC(=N)N)C(N[C@@H](CCCCN)C(=O)O)N[C@@H](Cc1ccc(O)cc1)C(=O)O)N[C@@H](CCCNC(=N)N)C(N[C@@H](CCCCN)C(=O)O)N[C@H](C(=O)O)C(C)O)[C@@H](N)CCCNC(=N)N)C(=O)O,YDXKRWKXVIZSDT-RMXBMESOSA-N,BBB+,1,2324.916,-11.170109999999958,1186.4099999999996,56,42,100,1,160,1,experimental_classification,p
BBBP_00464,464,CCC(C)[C@H](NC(N[C@@H](Cc1ccc(N[C@@H](CCCCN)C(=O)O)cc1)C(N[C@@H](Cc1ccc(O)cc1)C(=O)O)N1CCC[C@H]1C(=O)O)[C@H](CCCCN)NC([C@@H](N)CCCCN)N1CCC[C@H]1C(N[C@@H](CCCCN)C(=O)O)N[C@@H](CC(C)C)C(=O)O)C(N[C@@H](CC(C)C)C(=O)O)N[C@H](C(=O)O)C(C)CC,CCC(C)[C@H](NC(N[C@@H](Cc1ccc(N[C@@H](CCCCN)C(=O)O)cc1)C(N[C@@H](Cc1ccc(O)cc1)C(=O)O)N1CCC[C@H]1C(=O)O)[C@H](CCCCN)NC([C@@H](N)CCCCN)N1CCC[C@H]1C(N[C@@H](CCCCN)C(=O)O)N[C@@H](CC(C)C)C(=O)O)C(N[C@@H](CC(C)C)C(=O)O)N[C@H](C(=O)O)C(C)CC,ZEAFRPXEGYWFDJ-CVRHXCMASA-N,BBB+,1,1514.020999999999,3.8026999999999784,526.1799999999998,22,24,60,2,107,4,experimental_classification,p
BBBP_00465,465,N[C@@H](Cc1ccc(N2CCC[C@H]2C(O)N[C@@H](Cc2ccccc2)C(=O)O)cc1)C(NCC(=O)O)N[C@@H](Cc1c[nH]c2ccccc12)C(=O)O,N[C@@H](Cc1ccc(N2CCC[C@H]2C(O)N[C@@H](Cc2ccccc2)C(=O)O)cc1)C(NCC(=O)O)N[C@@H](Cc1c[nH]c2ccccc12)C(=O)O,DAABRDCSINGNCT-CPMNEONRSA-N,BBB+,1,672.7830000000001,1.896200000000003,213.26999999999998,9,9,18,4,49,5,experimental_classification,p
BBBP_00466,466,NCCCC[C@H](NC(N[C@@H](Cc1c[nH]c2ccccc12)C(=O)O)[C@@H](N)Cc1ccc(N2CCC[C@H]2C(O)N[C@@H](Cc2ccccc2)C(=O)O)cc1)C(=O)O,NCCCC[C@H](NC(N[C@@H](Cc1c[nH]c2ccccc12)C(=O)O)[C@@H](N)Cc1ccc(N2CCC[C@H]2C(O)N[C@@H](Cc2ccccc2)C(=O)O)cc1)C(=O)O,XXYFLUOZJLYPAR-UFVPYWLASA-N,BBB+,1,743.9060000000004,2.3938000000000077,239.28999999999996,10,10,22,4,54,5,experimental_classification,p
BBBP_00467,467,CC(C)[C@H](Nc1ccc(C[C@H](NC(N[C@@H](CS)C(N[C@@H](CCCCN)C(=O)O)N[C@@H](Cc2c[nH]c3ccccc23)C(N[C@@H](CC(N)=O)C(=O)O)N[C@@H](Cc2cnc[nH]2)C(=O)O)[C@@H](N)Cc2ccccc2)C(N[C@@H](CS)C(=O)O)N[C@@H](Cc2c[nH]c3ccccc23)C(=O)O)cc1)C(=O)O,CC(C)[C@H](Nc1ccc(C[C@H](NC(N[C@@H](CS)C(N[C@@H](CCCCN)C(=O)O)N[C@@H](Cc2c[nH]c3ccccc23)C(N[C@@H](CC(N)=O)C(=O)O)N[C@@H](Cc2cnc[nH]2)C(=O)O)[C@@H](N)Cc2ccccc2)C(N[C@@H](CS)C(=O)O)N[C@@H](Cc2c[nH]c3ccccc23)C(=O)O)cc1)C(=O)O,IAGHMEWOLIRKEL-VMRVCQNTSA-N,BBB+,1,1393.7060000000004,1.9909999999999812,487.46000000000004,23,21,47,7,98,7,experimental_classification,p
BBBP_00468,468,CC(C)C[C@H](NC(N[C@@H](Cc1c[nH]c2ccccc12)C(=O)O)[C@H](CCCCN)NC([C@@H](N)CCCNC(=N)N)N1CCC[C@H]1C(O)N[C@@H](CC(C)C)C(=O)O)C(=O)O,CC(C)C[C@H](NC(N[C@@H](Cc1c[nH]c2ccccc12)C(=O)O)[C@H](CCCCN)NC([C@@H](N)CCCNC(=N)N)N1CCC[C@H]1C(O)N[C@@H](CC(C)C)C(=O)O)C(=O)O,CCUVMRAPMLRHLB-MDCNHROQSA-N,BBB+,1,818.0780000000001,1.0437699999999994,313.22,14,12,29,2,58,3,experimental_classification,p
BBBP_00469,469,NC(=O)C[C@H](NC(N)C[C@H](NC(N[C@@H](CCC(N[C@@H](Cc1ccccc1)C(=O)O)N[C@@H](Cc1ccccc1)C(=O)O)C(N[C@@H](CCC(=O)O)C(=O)O)N1CCC[C@H]1C(=O)O)[C@@H](N)Cc1ccc(N2CCC[C@H]2C(NCC(=O)O)N2CCC[C@H]2C(=O)O)cc1)C(O)N[C@@H](Cc1ccccc1)C(=O)O)C(=O)O,NC(=O)C[C@H](NC(N)C[C@H](NC(N[C@@H](CCC(N[C@@H](Cc1ccccc1)C(=O)O)N[C@@H](Cc1ccccc1)C(=O)O)C(N[C@@H](CCC(=O)O)C(=O)O)N1CCC[C@H]1C(=O)O)[C@@H](N)Cc1ccc(N2CCC[C@H]2C(NCC(=O)O)N2CCC[C@H]2C(=O)O)cc1)C(O)N[C@@H](Cc1ccccc1)C(=O)O)C(=O)O,KVJOFIIOVJGQIH-CFYOURSKSA-N,BBB+,1,1469.6590000000003,-1.0260000000000247,557.0200000000001,21,24,49,4,105,7,experimental_classification,p
BBBP_00470,470,N[C@@H](CN[C@@H](Cc1ccc(N[C@@H](Cc2c[nH]c3ccccc23)C(=O)O)cc1)C(N[C@@H](CO)C(=O)O)N[C@@H](Cc1c[nH]c2ccccc12)C(=O)O)C(NCC(=O)O)N1CCC[C@H]1C(=O)O,N[C@@H](CN[C@@H](Cc1ccc(N[C@@H](Cc2c[nH]c3ccccc23)C(=O)O)cc1)C(N[C@@H](CO)C(=O)O)N[C@@H](Cc1c[nH]c2ccccc12)C(=O)O)C(NCC(=O)O)N1CCC[C@H]1C(=O)O,FEIKOECXZZHMNB-FBAANYLUSA-N,BBB+,1,885.9759999999999,0.7810000000000089,327.72,14,13,26,5,64,6,experimental_classification,p
BBBP_00471,471,CC(O)[C@H](NC(N)C[C@H](NC(CNC(N[C@@H](CS)C(N[C@@H](Cc1ccccc1)C(=O)O)N[C@@H](Cc1ccccc1)C(N[C@@H](CO)C(=O)O)N[C@@H](CS)C(=O)O)[C@H](C)N)N[C@@H](CCCCN)C(N[C@@H](CCCCN)C(=O)O)N[C@@H](Cc1c[nH]c2ccccc12)C(=O)O)C(N[C@@H](Cc1ccccc1)C(=O)O)N[C@H](C(=O)O)C(C)O)C(=O)O,CC(O)[C@H](NC(N)C[C@H](NC(CNC(N[C@@H](CS)C(N[C@@H](Cc1ccccc1)C(=O)O)N[C@@H](Cc1ccccc1)C(N[C@@H](CO)C(=O)O)N[C@@H](CS)C(=O)O)[C@H](C)N)N[C@@H](CCCCN)C(N[C@@H](CCCCN)C(=O)O)N[C@@H](Cc1c[nH]c2ccccc12)C(=O)O)C(N[C@@H](Cc1ccccc1)C(=O)O)N[C@H](C(=O)O)C(C)O)C(=O)O,KPIZUGVTZCUQOC-XEFNOSGSSA-N,BBB+,1,1654.0370000000007,-2.946500000000013,635.3499999999999,31,30,63,5,115,5,experimental_classification,p
BBBP_00472,472,N=C(N)NCCC[C@H](NC(N[C@@H](CCCNC(=N)N)C(=O)O)[C@H](CCCNC(=N)N)NC(N[C@@H](CCCNC(=N)N)C(N[C@@H](CCCNC(=N)N)C(=O)O)N[C@@H](CCCNC(=N)N)C(=O)O)[C@H](CCCNC(=N)N)NC(N[C@@H](CCCNC(=N)N)C(N[C@@H](CCCNC(=N)N)C(=O)O)N[C@@H](CCCNC(=N)N)C(=O)O)[C@@H](N)CCCNC(=N)N)C(=O)O,N=C(N)NCCC[C@H](NC(N[C@@H](CCCNC(=N)N)C(=O)O)[C@H](CCCNC(=N)N)NC(N[C@@H](CCCNC(=N)N)C(N[C@@H](CCCNC(=N)N)C(=O)O)N[C@@H](CCCNC(=N)N)C(=O)O)[C@H](CCCNC(=N)N)NC(N[C@@H](CCCNC(=N)N)C(N[C@@H](CCCNC(=N)N)C(=O)O)N[C@@H](CCCNC(=N)N)C(=O)O)[C@@H](N)CCCNC(=N)N)C(=O)O,KEOSQLHTCCPCMN-NHPDWJIUSA-N,BBB+,1,1746.174000000002,-12.070229999999935,1051.0199999999998,50,28,75,0,122,0,experimental_classification,p
BBBP_00473,473,CCC(C)[C@H](NC(O)[C@@H](NC(N[C@@H](Cc1ccccc1)C(N[C@@H](Cc1ccc(O)cc1)C(=O)O)N[C@@H](CC(C)C)C(=O)O)[C@@H]1CCCN1)C(C)C)C(=O)O,CCC(C)[C@H](NC(O)[C@@H](NC(N[C@@H](Cc1ccccc1)C(N[C@@H](Cc1ccc(O)cc1)C(=O)O)N[C@@H](CC(C)C)C(=O)O)[C@@H]1CCCN1)C(C)C)C(=O)O,MEOOYHYYZQCCGK-IGXMGKCHSA-N,BBB+,1,756.986,2.6930000000000076,224.53999999999996,11,11,25,2,54,3,experimental_classification,p
BBBP_00474,474,CSCC[C@H](NC(N[C@@H](Cc1c[nH]c2ccccc12)C(O)N[C@@H](CC(N)=O)C(=O)O)[C@@H](NC(N[C@@H](Cc1c[nH]c2ccccc12)C(N[C@@H](CN[C@@H](CCCNC(=N)N)C(=O)O)C(N[C@@H](Cc1cnc[nH]1)C(=O)O)N[C@H](C(=O)O)C(C)O)N1CCC[C@H]1C(N1CCC[C@H]1C(=O)O)N1CCC[C@H]1C(=O)O)[C@@H]1CCCN1)C(C)C)C(=O)O,CSCC[C@H](NC(N[C@@H](Cc1c[nH]c2ccccc12)C(O)N[C@@H](CC(N)=O)C(=O)O)[C@@H](NC(N[C@@H](Cc1c[nH]c2ccccc12)C(N[C@@H](CN[C@@H](CCCNC(=N)N)C(=O)O)C(N[C@@H](Cc1cnc[nH]1)C(=O)O)N[C@H](C(=O)O)C(C)O)N1CCC[C@H]1C(N1CCC[C@H]1C(=O)O)N1CCC[C@H]1C(=O)O)[C@@H]1CCCN1)C(C)C)C(=O)O,QHZYFWVBQKNVJZ-FSXGFQROSA-N,BBB+,1,1616.9580000000003,-1.3611299999999973,596.83,26,26,52,5,114,9,experimental_classification,p
BBBP_00475,475,CC(C)C[C@H](NC(C[C@H](NC(N[C@@H](CN[C@@H](Cc1ccccc1)C(=O)O)C(N[C@@H](CO)C(=O)O)N[C@H](C(=O)O)C(C)C)[C@H](CC(N[C@@H](C(C)N[C@@H](C)C(=O)O)C(N[C@@H](CCCCN)C(=O)O)N[C@@H](CC(=O)O)C(=O)O)N[C@@H](Cc1ccc(N[C@@H](CCC(N)=O)C(=O)O)cc1)C(N[C@@H](CCC(N)=O)C(=O)O)N[C@@H](CC(=O)O)C(=O)O)NC(N[C@@H](C)C(NCC(N[C@@H](C(C)C)C(NCC(=O)O)N[C@@H](CCCNC(=N)N)C(=O)O)N[C@@H](CN[C@@H](C)C(=O)O)C(=O)O)N[C@@H](C(C)N[C@H](C(=O)O)C(C)O)C(N[C@@H](Cc1ccc(O)cc1)C(=O)O)N[C@@H](CC(C)C)C(=O)O)[C@@H](N)Cc1cnc[nH]1)C(N[C@@H](CO)C(=O)O)N[C@@H](CCCCN)C(=O)O)N[C@@H](Cc1c[nH]c2ccccc12)C(=O)O)C(=O)O,CC(C)C[C@H](NC(C[C@H](NC(N[C@@H](CN[C@@H](Cc1ccccc1)C(=O)O)C(N[C@@H](CO)C(=O)O)N[C@H](C(=O)O)C(C)C)[C@H](CC(N[C@@H](C(C)N[C@@H](C)C(=O)O)C(N[C@@H](CCCCN)C(=O)O)N[C@@H](CC(=O)O)C(=O)O)N[C@@H](Cc1ccc(N[C@@H](CCC(N)=O)C(=O)O)cc1)C(N[C@@H](CCC(N)=O)C(=O)O)N[C@@H](CC(=O)O)C(=O)O)NC(N[C@@H](C)C(NCC(N[C@@H](C(C)C)C(NCC(=O)O)N[C@@H](CCCNC(=N)N)C(=O)O)N[C@@H](CN[C@@H](C)C(=O)O)C(=O)O)N[C@@H](C(C)N[C@H](C(=O)O)C(C)O)C(N[C@@H](Cc1ccc(O)cc1)C(=O)O)N[C@@H](CC(C)C)C(=O)O)[C@@H](N)Cc1cnc[nH]1)C(N[C@@H](CO)C(=O)O)N[C@@H](CCCCN)C(=O)O)N[C@@H](Cc1c[nH]c2ccccc12)C(=O)O)C(=O)O,QGDNOMMIBPCPGN-GVRAEXFDSA-N,BBB+,1,3371.7989999999872,-10.696530000000156,1520.9999999999995,65,62,137,6,237,6,experimental_classification,p
BBBP_00476,476,CCC(C)[C@H](NC(N[C@@H](CCC(N)N[C@H](C(=O)O)C(C)C)C(N[C@@H](CCCCN)C(=O)O)N[C@@H](Cc1ccc(O)cc1)C(=O)O)[C@@H](N)C(C)C)C(=O)O,CCC(C)[C@H](NC(N[C@@H](CCC(N)N[C@H](C(=O)O)C(C)C)C(N[C@@H](CCCCN)C(=O)O)N[C@@H](Cc1ccc(O)cc1)C(=O)O)[C@@H](N)C(C)C)C(=O)O,TYLAKSQOCDNZLS-PJVXDJLOSA-N,BBB+,1,754.9710000000003,0.5957000000000041,307.64,13,13,29,1,53,1,experimental_classification,p
BBBP_00477,477,CC(C)C[C@H](NC(CC[C@H](NC(N[C@@H](CC(N)N[C@@H](CCC(=O)O)C(=O)O)C(N[C@@H](CC(N)=O)C(=O)O)N[C@@H](Cc1ccccc1)C(=O)O)[C@@H](N)Cc1ccc(N2CCC[C@H]2C(NCC(=O)O)N2CCC[C@H]2C(=O)O)cc1)C(N[C@@H](Cc1ccccc1)C(=O)O)N1CCC[C@H]1C(=O)O)N[C@@H](CS)C(=O)O)C(=O)O,CC(C)C[C@H](NC(CC[C@H](NC(N[C@@H](CC(N)N[C@@H](CCC(=O)O)C(=O)O)C(N[C@@H](CC(N)=O)C(=O)O)N[C@@H](Cc1ccccc1)C(=O)O)[C@@H](N)Cc1ccc(N2CCC[C@H]2C(NCC(=O)O)N2CCC[C@H]2C(=O)O)cc1)C(N[C@@H](Cc1ccccc1)C(=O)O)N1CCC[C@H]1C(=O)O)N[C@@H](CS)C(=O)O)C(=O)O,WOZSBOHGYKOGOX-DXFFCBKWSA-N,BBB+,1,1538.7880000000005,-1.2423000000000208,586.1200000000001,23,26,53,3,108,6,experimental_classification,p
BBBP_00478,478,CC(C)C[C@H](NC(O)CNc1ccc(C[C@H](N)C(NCC(=O)O)N[C@@H](Cc2ccccc2)C(=O)O)cc1)C(=O)O,CC(C)C[C@H](NC(O)CNc1ccc(C[C@H](N)C(NCC(=O)O)N[C@@H](Cc2ccccc2)C(=O)O)cc1)C(=O)O,JZCUFSLFCNVBFN-XUNHQJJUSA-N,BBB+,1,559.6640000000003,0.6614000000000074,206.26999999999995,9,9,19,2,40,2,experimental_classification,p
BBBP_00479,479,CCC(C)[C@H](NC(N[C@@H](CCCCN)C(O)N[C@@H](CC(C)C)C(=O)O)[C@@H]1CCCN1C(N)C[C@H](NC(N[C@@H](C)C(NCC(N[C@@H](CO)C(=O)O)N[C@@H](Cc1cnc[nH]1)C(=O)O)N[C@@H](C(C)C)C(N[C@@H](CCC(N)=O)C(=O)O)N[C@@H](CCC(N)=O)C(=O)O)[C@@H](N)Cc1ccccc1)C(N[C@@H](Cc1ccccc1)C(N[C@@H](CO)C(=O)O)N[C@@H](CC(C)C)C(=O)O)N[C@@H](CC(NCC(=O)O)N[C@H](C(=O)O)C(C)C)C(N[C@@H](CCC(N)=O)C(=O)O)N[C@@H](Cc1ccc(O)cc1)C(=O)O)C(N[C@@H](C)C(=O)O)N[C@@H](CCC(N)=O)C(=O)O,CCC(C)[C@H](NC(N[C@@H](CCCCN)C(O)N[C@@H](CC(C)C)C(=O)O)[C@@H]1CCCN1C(N)C[C@H](NC(N[C@@H](C)C(NCC(N[C@@H](CO)C(=O)O)N[C@@H](Cc1cnc[nH]1)C(=O)O)N[C@@H](C(C)C)C(N[C@@H](CCC(N)=O)C(=O)O)N[C@@H](CCC(N)=O)C(=O)O)[C@@H](N)Cc1ccccc1)C(N[C@@H](Cc1ccccc1)C(N[C@@H](CO)C(=O)O)N[C@@H](CC(C)C)C(=O)O)N[C@@H](CC(NCC(=O)O)N[C@H](C(=O)O)C(C)C)C(N[C@@H](CCC(N)=O)C(=O)O)N[C@@H](Cc1ccc(O)cc1)C(=O)O)C(N[C@@H](C)C(=O)O)N[C@@H](CCC(N)=O)C(=O)O,FIOKTNZMMZIATO-YSOOQTEASA-N,BBB+,1,2572.0509999999963,-7.027499999999963,1100.79,46,47,104,4,181,5,experimental_classification,p
BBBP_00480,480,CC(C)[C@H](Nc1ccc(C[C@H](NC(N[C@@H](CS)C(N[C@@H](CCCCN)C(=O)O)N[C@@H](Cc2c[nH]c3ccccc23)C(=O)O)[C@@H](N)Cc2ccccc2)C(N[C@@H](CS)C(=O)O)N[C@H](C(=O)O)C(C)O)cc1)C(=O)O,CC(C)[C@H](Nc1ccc(C[C@H](NC(N[C@@H](CS)C(N[C@@H](CCCCN)C(=O)O)N[C@@H](Cc2c[nH]c3ccccc23)C(=O)O)[C@@H](N)Cc2ccccc2)C(N[C@@H](CS)C(=O)O)N[C@H](C(=O)O)C(C)O)cc1)C(=O)O,QUFJVKLAFLUIEH-LQBKLHSISA-N,BBB+,1,1055.3350000000003,1.479500000000008,358.77000000000004,18,17,36,4,73,4,experimental_classification,p
BBBP_00481,481,C[C@H](NC(CN)N[C@@H](CC(N)N[C@@H](Cc1ccccc1)C(=O)O)C(O)N[C@@H](Cc1ccccc1)C(=O)O)C(N[C@@H](Cc1ccc(O)cc1)C(=O)O)N1CCC[C@H]1C(=O)O,C[C@H](NC(CN)N[C@@H](CC(N)N[C@@H](Cc1ccccc1)C(=O)O)C(O)N[C@@H](Cc1ccccc1)C(=O)O)C(N[C@@H](Cc1ccc(O)cc1)C(=O)O)N1CCC[C@H]1C(=O)O,RLVUDMBEYDZHMX-HUYJAPQASA-N,BBB+,1,822.961,-0.36199999999998705,305.09,13,14,26,3,59,4,experimental_classification,p
BBBP_00482,482,CSCC[C@H](NC([C@H](Cc1cnc[nH]1)NC(C)[C@H](N)C(N[C@@H](CCCNC(=N)N)C(N[C@@H](CO)C(=O)O)N[C@@H](Cc1c[nH]c2ccccc12)C(=O)O)N1CCC[C@H]1C(N[C@H](C(=O)O)C(C)C)N1CCC[C@H]1C(=O)O)N1CCC[C@H]1C(N[C@@H](Cc1c[nH]c2ccccc12)C(=O)O)N1CCC[C@H]1C(=O)O)C(=O)O,CSCC[C@H](NC([C@H](Cc1cnc[nH]1)NC(C)[C@H](N)C(N[C@@H](CCCNC(=N)N)C(N[C@@H](CO)C(=O)O)N[C@@H](Cc1c[nH]c2ccccc12)C(=O)O)N1CCC[C@H]1C(N[C@H](C(=O)O)C(C)C)N1CCC[C@H]1C(=O)O)N1CCC[C@H]1C(N[C@@H](Cc1c[nH]c2ccccc12)C(=O)O)N1CCC[C@H]1C(=O)O)C(=O)O,FGVUGVBBNOTTNZ-RQWZHLHFSA-N,BBB+,1,1500.8380000000004,0.5683699999999775,526.6800000000001,22,23,46,5,106,9,experimental_classification,p
BBBP_00483,483,CC(C)C[C@H](NC(O)[C@H](CC(C)C)NC(N[C@@H](CS)C(=O)O)[C@@H](N)Cc1ccc(NCC(NCC(=O)O)N[C@@H](Cc2ccccc2)C(=O)O)cc1)C(=O)O,CC(C)C[C@H](NC(O)[C@H](CC(C)C)NC(N[C@@H](CS)C(=O)O)[C@@H](N)Cc1ccc(NCC(NCC(=O)O)N[C@@H](Cc2ccccc2)C(=O)O)cc1)C(=O)O,ZRJNZDXYQCYECZ-HXIXZXOYSA-N,BBB+,1,777.9860000000003,0.9644000000000115,267.62999999999994,13,13,28,2,54,2,experimental_classification,p
BBBP_00484,484,CSCC[C@H](N)C(N[C@@H](Cc1cnc[nH]1)C(=O)O)N[C@@H](CCC(N[C@@H](CCCCN)C(=O)O)N[C@@H](Cc1ccccc1)C(=O)O)C(O)N[C@@H](Cc1ccccc1)C(=O)O,CSCC[C@H](N)C(N[C@@H](Cc1cnc[nH]1)C(=O)O)N[C@@H](CCC(N[C@@H](CCCCN)C(=O)O)N[C@@H](Cc1ccccc1)C(=O)O)C(O)N[C@@H](Cc1ccccc1)C(=O)O,JEHQVPNBPFNTKV-ZTCBPXFQSA-N,BBB+,1,844.0490000000003,0.5272000000000061,310.29999999999995,13,14,32,3,59,3,experimental_classification,p
BBBP_00485,485,CCC(C)[C@H](NC(NCC(N[C@@H](CCCCN)C(=O)O)N[C@@H](CC(C)C)C(=O)O)[C@H](C)N)C(N[C@@H](CCCNC(=N)N)C(=O)O)N[C@@H](Cc1c[nH]c2ccccc12)C(=O)O,CCC(C)[C@H](NC(NCC(N[C@@H](CCCCN)C(=O)O)N[C@@H](CC(C)C)C(=O)O)[C@H](C)N)C(N[C@@H](CCCNC(=N)N)C(=O)O)N[C@@H](Cc1c[nH]c2ccccc12)C(=O)O,PSDXFXJEGATVOG-WPKLJBGDSA-N,BBB+,1,849.0919999999998,0.23936999999999115,351.11000000000007,16,13,33,2,60,2,experimental_classification,p
BBBP_00486,486,CC(C)[C@H](NC(N[C@@H](CCCNC(=N)N)C(=O)O)[C@H](CCC(N)N[C@@H](CS)C(=O)O)NC(N[C@@H](CCCNC(=N)N)C(NCC(=O)O)N[C@@H](CCC(=O)O)C(=O)O)[C@H](CCCNC(=N)N)NC(N[C@@H](CCCCN)C(N[C@@H](CCCNC(=N)N)C(N[C@@H](CCCNC(=N)N)C(=O)O)N[C@@H](CCCNC(=N)N)C(=O)O)N[C@@H](CCCNC(=N)N)C(N[C@@H](CCCNC(=N)N)C(=O)O)N[C@H](C(=O)O)C(C)O)[C@@H](N)Cc1ccc(NCC(N[C@@H](CCCCN)C(N[C@@H](CS)C(=O)O)N[C@@H](CCCNC(=N)N)C(=O)O)N[C@@H](CCCNC(=N)N)C(N[C@@H](CS)C(=O)O)N2CCC[C@H]2C(=O)O)cc1)C(=O)O,CC(C)[C@H](NC(N[C@@H](CCCNC(=N)N)C(=O)O)[C@H](CCC(N)N[C@@H](CS)C(=O)O)NC(N[C@@H](CCCNC(=N)N)C(NCC(=O)O)N[C@@H](CCC(=O)O)C(=O)O)[C@H](CCCNC(=N)N)NC(N[C@@H](CCCCN)C(N[C@@H](CCCNC(=N)N)C(N[C@@H](CCCNC(=N)N)C(=O)O)N[C@@H](CCCNC(=N)N)C(=O)O)N[C@@H](CCCNC(=N)N)C(N[C@@H](CCCNC(=N)N)C(=O)O)N[C@H](C(=O)O)C(C)O)[C@@H](N)Cc1ccc(NCC(N[C@@H](CCCCN)C(N[C@@H](CS)C(=O)O)N[C@@H](CCCNC(=N)N)C(=O)O)N[C@@H](CCCNC(=N)N)C(N[C@@H](CS)C(=O)O)N2CCC[C@H]2C(=O)O)cc1)C(=O)O,FSFJPFBGYFVXMQ-DZSLRBHASA-N,BBB+,1,2999.7499999999964,-14.76440000000013,1521.3799999999992,73,54,127,1,206,2,experimental_classification,p
BBBP_00487,487,CC(C)C[C@H](NC(N[C@H](C(=O)O)C(C)O)[C@H](CCCNC(=N)N)NC([C@@H](N)CC(N[C@@H](CN[C@@H](Cc1ccccc1)C(N[C@@H](CCCNC(=N)N)C(=O)O)N[C@@H](CCC(N)=O)C(=O)O)C(N[C@@H](CC(C)C)C(N[C@@H](CCCNC(=N)N)C(=O)O)N[C@@H](CCCNC(=N)N)C(=O)O)N[C@@H](CC(N)N[C@@H](CCCCN)C(=O)O)C(N[C@@H](CCCCN)C(=O)O)N[C@@H](CCCNC(=N)N)C(=O)O)N[C@@H](CCC(N)N[C@@H](C(C)C)C(N[C@@H](CCCCN)C(=O)O)N[C@@H](CCCNC(=N)N)C(=O)O)C(N[C@@H](CCC(N)N1CCC[C@H]1C(=O)O)C(N[C@@H](CCCNC(=N)N)C(=O)O)N1CCC[C@H]1C(=O)O)N1CCC[C@H]1C(N[C@@H](CCCNC(=N)N)C(=O)O)N1CCC[C@H]1C(=O)O)N1CCC[C@H]1C(N[C@H](C(=O)O)C(C)O)N1CCC[C@H]1C(=O)O)C(O)NCC(=O)O,CC(C)C[C@H](NC(N[C@H](C(=O)O)C(C)O)[C@H](CCCNC(=N)N)NC([C@@H](N)CC(N[C@@H](CN[C@@H](Cc1ccccc1)C(N[C@@H](CCCNC(=N)N)C(=O)O)N[C@@H](CCC(N)=O)C(=O)O)C(N[C@@H](CC(C)C)C(N[C@@H](CCCNC(=N)N)C(=O)O)N[C@@H](CCCNC(=N)N)C(=O)O)N[C@@H](CC(N)N[C@@H](CCCCN)C(=O)O)C(N[C@@H](CCCCN)C(=O)O)N[C@@H](CCCNC(=N)N)C(=O)O)N[C@@H](CCC(N)N[C@@H](C(C)C)C(N[C@@H](CCCCN)C(=O)O)N[C@@H](CCCNC(=N)N)C(=O)O)C(N[C@@H](CCC(N)N1CCC[C@H]1C(=O)O)C(N[C@@H](CCCNC(=N)N)C(=O)O)N1CCC[C@H]1C(=O)O)N1CCC[C@H]1C(N[C@@H](CCCNC(=N)N)C(=O)O)N1CCC[C@H]1C(=O)O)N1CCC[C@H]1C(N[C@H](C(=O)O)C(C)O)N1CCC[C@H]1C(=O)O)C(O)NCC(=O)O,WUGKXKOULMOTLV-CKRMXKQVSA-N,BBB+,1,3699.564999999992,-14.769340000000255,1748.649999999999,76,66,149,1,259,7,experimental_classification,p
BBBP_00488,488,CCC(C)[C@H](NC(N[C@@H](Cc1cnc[nH]1)C(=O)O)[C@H](CN[C@@H](CCCNC(=N)N)C(=O)O)NC(N)CC[C@H](N)C(N[C@@H](Cc1ccc(N[C@@H](C)C(=O)O)cc1)C(N[C@@H](CCC(N)=O)C(=O)O)N[C@H](C(=O)O)C(C)C)N[C@@H](Cc1cnc[nH]1)C(N[C@@H](CO)C(=O)O)N1CCC[C@H]1C(=O)O)C(=O)O,CCC(C)[C@H](NC(N[C@@H](Cc1cnc[nH]1)C(=O)O)[C@H](CN[C@@H](CCCNC(=N)N)C(=O)O)NC(N)CC[C@H](N)C(N[C@@H](Cc1ccc(N[C@@H](C)C(=O)O)cc1)C(N[C@@H](CCC(N)=O)C(=O)O)N[C@H](C(=O)O)C(C)C)N[C@@H](Cc1cnc[nH]1)C(N[C@@H](CO)C(=O)O)N1CCC[C@H]1C(=O)O)C(=O)O,ZIOFJLDVERFMEG-LHQVGCJRSA-N,BBB+,1,1432.6510000000005,-4.354029999999993,656.5600000000002,27,26,54,3,101,4,experimental_classification,p
BBBP_00489,489,CC(C)[C@H](NC(N[C@@H](Cc1ccc(N[C@@H](CC(=O)O)C(=O)O)cc1)C(N[C@@H](CCC(N)=O)C(=O)O)N[C@@H](Cc1c[nH]c2ccccc12)C(=O)O)[C@@H](N)CNCC(N[C@@H](CCCCN)C(O)N[C@@H](Cc1cnc[nH]1)C(=O)O)N[C@H](C(=O)O)C(C)C)C(N[C@@H](C)C(=O)O)N[C@@H](Cc1ccc(O)cc1)C(=O)O,CC(C)[C@H](NC(N[C@@H](Cc1ccc(N[C@@H](CC(=O)O)C(=O)O)cc1)C(N[C@@H](CCC(N)=O)C(=O)O)N[C@@H](Cc1c[nH]c2ccccc12)C(=O)O)[C@@H](N)CNCC(N[C@@H](CCCCN)C(O)N[C@@H](Cc1cnc[nH]1)C(=O)O)N[C@H](C(=O)O)C(C)C)C(N[C@@H](C)C(=O)O)N[C@@H](Cc1ccc(O)cc1)C(=O)O,CTKPTNCZVHPZPO-TZQSZDHPSA-N,BBB+,1,1462.6719999999996,-1.3955000000000222,610.79,26,25,54,5,104,5,experimental_classification,p
BBBP_00490,490,CC(C)C[C@H](NC(N[C@@H](C)C(=O)O)[C@H](CCCCN)NC(N)C[C@H](NC(N[C@@H](CS)C(N[C@@H](CCC(N[C@@H](CS)C(=O)O)N[C@@H](CCC(N)=O)C(=O)O)C(N[C@@H](CCC(N)=O)C(=O)O)N[C@@H](Cc1cnc[nH]1)C(=O)O)N[C@H](C(=O)O)C(C)O)[C@@H](N)CS)C(N[C@@H](C)C(N[C@@H](C)C(=O)O)N[C@@H](CS)C(=O)O)N1CCC[C@H]1C(N[C@@H](CCCNC(=N)N)C(=O)O)N[C@@H](CCCNC(=N)N)C(=O)O)C(=O)O,CC(C)C[C@H](NC(N[C@@H](C)C(=O)O)[C@H](CCCCN)NC(N)C[C@H](NC(N[C@@H](CS)C(N[C@@H](CCC(N[C@@H](CS)C(=O)O)N[C@@H](CCC(N)=O)C(=O)O)C(N[C@@H](CCC(N)=O)C(=O)O)N[C@@H](Cc1cnc[nH]1)C(=O)O)N[C@H](C(=O)O)C(C)O)[C@@H](N)CS)C(N[C@@H](C)C(N[C@@H](C)C(=O)O)N[C@@H](CS)C(=O)O)N1CCC[C@H]1C(N[C@@H](CCCNC(=N)N)C(=O)O)N[C@@H](CCCNC(=N)N)C(=O)O)C(=O)O,ZNBQYUNKDYFIOQ-ZHFDIZJBSA-N,BBB+,1,2050.5380000000014,-9.538059999999923,942.97,44,41,83,1,138,2,experimental_classification,p
BBBP_00491,491,CC(C)C[C@H](NC(CNC(N[C@@H](CC(N[C@@H](C)C(=O)O)N[C@@H](CC(=O)O)C(=O)O)C(N[C@@H](CC(N)=O)C(=O)O)N[C@H](C(=O)O)C(C)C)[C@H](CCC(N)N[C@@H](Cc1ccc(N[C@@H](Cc2cnc[nH]2)C(=O)O)cc1)C(NCC(=O)O)N[C@@H](CC(N)=O)C(=O)O)NC(N[C@@H](C(C)C)C(NCC(O)N[C@@H](CC(N)=O)C(=O)O)N[C@@H](CC(=O)O)C(=O)O)[C@@H](N)CC(C)C)N[C@@H](Cc1ccc(O)cc1)C(=O)O)C(=O)O,CC(C)C[C@H](NC(CNC(N[C@@H](CC(N[C@@H](C)C(=O)O)N[C@@H](CC(=O)O)C(=O)O)C(N[C@@H](CC(N)=O)C(=O)O)N[C@H](C(=O)O)C(C)C)[C@H](CCC(N)N[C@@H](Cc1ccc(N[C@@H](Cc2cnc[nH]2)C(=O)O)cc1)C(NCC(=O)O)N[C@@H](CC(N)=O)C(=O)O)NC(N[C@@H](C(C)C)C(NCC(O)N[C@@H](CC(N)=O)C(=O)O)N[C@@H](CC(=O)O)C(=O)O)[C@@H](N)CC(C)C)N[C@@H](Cc1ccc(O)cc1)C(=O)O)C(=O)O,NGUPLKMNPODMKJ-OHBNNELPSA-N,BBB+,1,1982.1810000000014,-7.537099999999956,939.8600000000002,38,38,79,3,139,3,experimental_classification,p
BBBP_00492,492,CCC(C)[C@H](NC(N[C@@H](CC(C)C)C(N[C@@H](CCCNC(=N)N)C(=O)O)N[C@@H](Cc1ccc(O)cc1)C(=O)O)[C@H](CC(C)C)NC(N[C@@H](CC(N)N[C@@H](CO)C(=O)O)C(N[C@@H](CC(C)C)C(=O)O)N[C@H](C(=O)O)C(C)O)[C@@H](N)Cc1cnc[nH]1)C(N[C@@H](CCCCN)C(=O)O)N[C@@H](Cc1c[nH]c2ccccc12)C(=O)O,CCC(C)[C@H](NC(N[C@@H](CC(C)C)C(N[C@@H](CCCNC(=N)N)C(=O)O)N[C@@H](Cc1ccc(O)cc1)C(=O)O)[C@H](CC(C)C)NC(N[C@@H](CC(N)N[C@@H](CO)C(=O)O)C(N[C@@H](CC(C)C)C(=O)O)N[C@H](C(=O)O)C(C)O)[C@@H](N)Cc1cnc[nH]1)C(N[C@@H](CCCCN)C(=O)O)N[C@@H](Cc1c[nH]c2ccccc12)C(=O)O,XEAZTSJDRRFORX-AQFDWGNOSA-N,BBB+,1,1555.9340000000009,-0.6606299999999965,638.5500000000001,29,26,60,4,110,4,experimental_classification,p
BBBP_00493,493,CSCC[C@H](NC(CNC(N[C@@H](CCCCN)C(N[C@@H](CCCNC(=N)N)C(NCC(=O)O)N[C@@H](CO)C(=O)O)N[C@@H](CCCCN)C(N[C@@H](CO)C(=O)O)N[C@@H](CS)C(=O)O)[C@H](CCCCN)NC(NCC(N[C@@H](C)C(N[C@@H](CC(=O)O)C(=O)O)N[C@@H](Cc1ccc(N[C@@H](CS)C(=O)O)cc1)C(=O)O)N[C@@H](CS)C(N[C@@H](CS)C(=O)O)N[C@@H](CS)C(=O)O)[C@@H](N)CS)N[C@@H](C(C)NCC(=O)O)C(N[C@@H](CCCNC(=N)N)C(=O)O)N[C@@H](CCCNC(=N)N)C(=O)O)C(NCC(=O)O)N[C@@H](CCCCN)C(=O)O,CSCC[C@H](NC(CNC(N[C@@H](CCCCN)C(N[C@@H](CCCNC(=N)N)C(NCC(=O)O)N[C@@H](CO)C(=O)O)N[C@@H](CCCCN)C(N[C@@H](CO)C(=O)O)N[C@@H](CS)C(=O)O)[C@H](CCCCN)NC(NCC(N[C@@H](C)C(N[C@@H](CC(=O)O)C(=O)O)N[C@@H](Cc1ccc(N[C@@H](CS)C(=O)O)cc1)C(=O)O)N[C@@H](CS)C(N[C@@H](CS)C(=O)O)N[C@@H](CS)C(=O)O)[C@@H](N)CS)N[C@@H](C(C)NCC(=O)O)C(N[C@@H](CCCNC(=N)N)C(=O)O)N[C@@H](CCCNC(=N)N)C(=O)O)C(NCC(=O)O)N[C@@H](CCCCN)C(=O)O,VVCNARXUJDKQHR-DYTSDANPSA-N,BBB+,1,2681.397999999997,-13.190590000000064,1204.4799999999998,61,56,117,1,178,1,experimental_classification,p
BBBP_00494,494,CC(C)C[C@H](NC(N[C@@H](CCCNC(=N)N)C(=O)O)[C@@H](NC(CN)N[C@@H](Cc1ccccc1)C(N[C@@H](CCCNC(=N)N)C(N[C@@H](CO)C(=O)O)N[C@@H](CC(N)=O)C(=O)O)N[C@@H](Cc1ccccc1)C(N[C@@H](CCCNC(=N)N)C(=O)O)N[C@H](C(=O)O)C(C)O)C(C)C)C(=O)O,CC(C)C[C@H](NC(N[C@@H](CCCNC(=N)N)C(=O)O)[C@@H](NC(CN)N[C@@H](Cc1ccccc1)C(N[C@@H](CCCNC(=N)N)C(N[C@@H](CO)C(=O)O)N[C@@H](CC(N)=O)C(=O)O)N[C@@H](Cc1ccccc1)C(N[C@@H](CCCNC(=N)N)C(=O)O)N[C@H](C(=O)O)C(C)O)C(C)C)C(=O)O,DGCOFMQNQVGUKL-NZECOQLZSA-N,BBB+,1,1362.648,-5.108989999999999,639.3700000000001,29,23,54,2,96,2,experimental_classification,p
BBBP_00495,495,CC(C)C[C@H](NC(N[C@@H](CCCNC(=N)N)C(N1CCC[C@H]1C(=O)O)N1CCC[C@H]1C(=O)O)[C@@H]1CCCN1C([C@H](CCCNC(=N)N)NC(N[C@@H](CC(C)C)C(N[C@@H](C(C)C)C(N[C@@H](CCCNC(=N)N)C(=O)O)N1CCC[C@H]1C(=O)O)N1CCC[C@H]1C(N[C@H](C(=O)O)C(C)C)N1CCC[C@H]1C(=O)O)[C@@H](N)C(C)C)N1CCC[C@H]1C(N1CCC[C@H]1C(=O)O)N1CCC[C@H]1C(=O)O)C(=O)O,CC(C)C[C@H](NC(N[C@@H](CCCNC(=N)N)C(N1CCC[C@H]1C(=O)O)N1CCC[C@H]1C(=O)O)[C@@H]1CCCN1C([C@H](CCCNC(=N)N)NC(N[C@@H](CC(C)C)C(N[C@@H](C(C)C)C(N[C@@H](CCCNC(=N)N)C(=O)O)N1CCC[C@H]1C(=O)O)N1CCC[C@H]1C(N[C@H](C(=O)O)C(C)C)N1CCC[C@H]1C(=O)O)[C@@H](N)C(C)C)N1CCC[C@H]1C(N1CCC[C@H]1C(=O)O)N1CCC[C@H]1C(=O)O)C(=O)O,ZLJDEFQYJDQLNP-IOELPPCNSA-N,BBB+,1,1900.4820000000007,0.42091000000004775,660.7900000000001,26,29,59,0,134,9,experimental_classification,p
BBBP_00496,496,CC(C)C[C@H](NC(N[C@@H](Cc1ccc(O)cc1)C(=O)O)[C@@H](NC(NCC(N[C@@H](C(C)C)C(NCC(=O)O)N[C@@H](CO)C(=O)O)N[C@@H](CN[C@@H](CCCNC(=N)N)C(=O)O)C(O)N[C@@H](C)C(=O)O)[C@H](C)NC(N[C@@H](CC(N[C@@H](C(C)N[C@@H](C)C(=O)O)C(N[C@@H](C)C(=O)O)N[C@@H](CCCCN)C(=O)O)N[C@@H](Cc1ccc(N[C@@H](CCC(N)=O)C(=O)O)cc1)C(N[C@@H](CCC(N)=O)C(=O)O)N[C@@H](CC(=O)O)C(=O)O)C(N[C@@H](CC(N[C@@H](CO)C(=O)O)N[C@@H](Cc1c[nH]c2ccccc12)C(=O)O)C(N[C@@H](CCCCN)C(=O)O)N[C@@H](CC(C)C)C(=O)O)N[C@@H](CN[C@@H](CC(=O)O)C(=O)O)C(N[C@@H](Cc1ccccc1)C(=O)O)N[C@H](C(=O)O)C(C)C)[C@@H](N)Cc1cnc[nH]1)C(C)N[C@H](C(=O)O)C(C)O)C(=O)O,CC(C)C[C@H](NC(N[C@@H](Cc1ccc(O)cc1)C(=O)O)[C@@H](NC(NCC(N[C@@H](C(C)C)C(NCC(=O)O)N[C@@H](CO)C(=O)O)N[C@@H](CN[C@@H](CCCNC(=N)N)C(=O)O)C(O)N[C@@H](C)C(=O)O)[C@H](C)NC(N[C@@H](CC(N[C@@H](C(C)N[C@@H](C)C(=O)O)C(N[C@@H](C)C(=O)O)N[C@@H](CCCCN)C(=O)O)N[C@@H](Cc1ccc(N[C@@H](CCC(N)=O)C(=O)O)cc1)C(N[C@@H](CCC(N)=O)C(=O)O)N[C@@H](CC(=O)O)C(=O)O)C(N[C@@H](CC(N[C@@H](CO)C(=O)O)N[C@@H](Cc1c[nH]c2ccccc12)C(=O)O)C(N[C@@H](CCCCN)C(=O)O)N[C@@H](CC(C)C)C(=O)O)N[C@@H](CN[C@@H](CC(=O)O)C(=O)O)C(N[C@@H](Cc1ccccc1)C(=O)O)N[C@H](C(=O)O)C(C)C)[C@@H](N)Cc1cnc[nH]1)C(C)N[C@H](C(=O)O)C(C)O)C(=O)O,CPYDHVSZISNBKZ-JISBEPNVSA-N,BBB+,1,3444.8939999999866,-11.400030000000186,1553.2599999999995,67,64,140,6,242,6,experimental_classification,p
BBBP_00497,497,CC(C)[C@H](NC(C[C@H](N)C(N[C@@H](CCCCN)C(=O)O)N[C@H](C(=O)O)C(C)C)N[C@@H](C)C(=O)O)C(O)N[C@@H](CO)C(=O)O,CC(C)[C@H](NC(C[C@H](N)C(N[C@@H](CCCCN)C(=O)O)N[C@H](C(=O)O)C(C)C)N[C@@H](C)C(=O)O)C(O)N[C@@H](CO)C(=O)O,UAAUCOUKEXDJMU-DHAMEJNASA-N,BBB+,1,623.7490000000003,-2.7430000000000017,301.84999999999997,13,13,25,0,43,0,experimental_classification,p
BBBP_00498,498,CC(C)C[C@H](NC(N[C@H](C(=O)O)C(C)O)[C@@H](NC(N)C[C@H](N)C(N[C@@H](CC(O)N[C@@H](CCC(N)=O)C(=O)O)C(=O)O)N[C@@H](CCCNC(=N)N)C(N[C@@H](CCC(=O)O)C(=O)O)N[C@@H](Cc1ccccc1)C(=O)O)C(C)C)C(=O)O,CC(C)C[C@H](NC(N[C@H](C(=O)O)C(C)O)[C@@H](NC(N)C[C@H](N)C(N[C@@H](CC(O)N[C@@H](CCC(N)=O)C(=O)O)C(=O)O)N[C@@H](CCCNC(=N)N)C(N[C@@H](CCC(=O)O)C(=O)O)N[C@@H](Cc1ccccc1)C(=O)O)C(C)C)C(=O)O,SHUGRTKYPCFRSF-SXYQOZJPSA-N,BBB+,1,1131.2969999999998,-4.432230000000009,554.8299999999999,23,21,45,1,79,1,experimental_classification,p
BBBP_00499,499,CC(C)C[C@H](NC(N[C@@H](C(C)N[C@@H](CC(N)=O)C(=O)O)C(N[C@@H](CCCNC(=N)N)C(=O)O)N[C@@H](CC(=O)O)C(=O)O)[C@H](CCCCN)NC(N[C@@H](CCCNC(=N)N)C(N[C@@H](CCCCN)C(=O)O)N[C@@H](CCCNC(=N)N)C(N[C@@H](CS)C(=O)O)N[C@@H](CCCNC(=N)N)C(=O)O)[C@@H](N)CCCCN)C(N[C@@H](CCCCN)C(=O)O)N[C@@H](CCCCN)C(=O)O,CC(C)C[C@H](NC(N[C@@H](C(C)N[C@@H](CC(N)=O)C(=O)O)C(N[C@@H](CCCNC(=N)N)C(=O)O)N[C@@H](CC(=O)O)C(=O)O)[C@H](CCCCN)NC(N[C@@H](CCCNC(=N)N)C(N[C@@H](CCCCN)C(=O)O)N[C@@H](CCCNC(=N)N)C(N[C@@H](CS)C(=O)O)N[C@@H](CCCNC(=N)N)C(=O)O)[C@@H](N)CCCCN)C(N[C@@H](CCCCN)C(=O)O)N[C@@H](CCCCN)C(=O)O,DCLFFAIWUIZEJG-UYJBCMAESA-N,BBB+,1,1842.345000000002,-8.183719999999896,938.9,42,34,84,0,127,0,experimental_classification,p
BBBP_00500,500,C[C@H](NC(CN)N[C@@H](CC(N)N[C@@H](Cc1ccccc1)C(=O)O)C(O)N1CCC[C@H]1C(=O)O)C(N[C@@H](Cc1ccc(O)cc1)C(=O)O)N1CCC[C@H]1C(=O)O,C[C@H](NC(CN)N[C@@H](CC(N)N[C@@H](Cc1ccccc1)C(=O)O)C(O)N1CCC[C@H]1C(=O)O)C(N[C@@H](Cc1ccc(O)cc1)C(=O)O)N1CCC[C@H]1C(=O)O,VEORHCXACAWLRX-DOMHTVFQSA-N,BBB+,1,772.9010000000001,-1.098499999999991,296.29999999999995,12,14,23,2,55,4,experimental_classification,p
BBBP_00501,501,CCC(C)[C@H](NC[C@H](NC(N)C[C@H](N)C(N[C@@H](CCC(N)N[C@@H](CCC(N)=O)C(=O)O)C(N[C@@H](CCCNC(=N)N)C(=O)O)N[C@@H](CC(N)=O)C(=O)O)N[C@@H](CCCNC(=N)N)C(N[C@@H](Cc1ccccc1)C(O)N[C@@H](CO)C(=O)O)N[C@@H](Cc1c[nH]c2ccccc12)C(NCC(=O)O)N[C@@H](CO)C(=O)O)C(N[C@@H](C(C)CC)C(N[C@@H](CCCCN)C(=O)O)N[C@@H](CCCCN)C(=O)O)N[C@@H](CCCCN)C(N[C@@H](CCCCN)C(=O)O)N[C@@H](Cc1c[nH]c2ccccc12)C(=O)O)C(N[C@@H](CCCNC(=N)N)C(=O)O)N[C@@H](CCSC)C(=O)O,CCC(C)[C@H](NC[C@H](NC(N)C[C@H](N)C(N[C@@H](CCC(N)N[C@@H](CCC(N)=O)C(=O)O)C(N[C@@H](CCCNC(=N)N)C(=O)O)N[C@@H](CC(N)=O)C(=O)O)N[C@@H](CCCNC(=N)N)C(N[C@@H](Cc1ccccc1)C(O)N[C@@H](CO)C(=O)O)N[C@@H](Cc1c[nH]c2ccccc12)C(NCC(=O)O)N[C@@H](CO)C(=O)O)C(N[C@@H](C(C)CC)C(N[C@@H](CCCCN)C(=O)O)N[C@@H](CCCCN)C(=O)O)N[C@@H](CCCCN)C(N[C@@H](CCCCN)C(=O)O)N[C@@H](Cc1c[nH]c2ccccc12)C(=O)O)C(N[C@@H](CCCNC(=N)N)C(=O)O)N[C@@H](CCSC)C(=O)O,PCXRYAXZEZXMPB-MBEITSRNSA-N,BBB+,1,2701.338999999997,-8.24129000000002,1234.4899999999996,55,48,115,5,189,5,experimental_classification,p
BBBP_00502,502,CCC(C)[C@H](NC(N[C@@H](CCCCN)C(N[C@@H](CCCCN)C(NCC(O)N[C@@H](CCCCN)C(=O)O)N[C@@H](CO)C(=O)O)N[C@@H](CCCCN)C(N[C@@H](CCCCN)C(=O)O)N[C@H](C(=O)O)C(C)CC)[C@@H](N)CCCCN)C(N[C@@H](C(C)C)C(N[C@@H](CCCCN)C(NCC(=O)O)N[C@@H](CCCNC(=N)N)C(=O)O)N[C@@H](CCCNC(=N)N)C(N[C@@H](CCCCN)C(=O)O)N[C@@H](CCCCN)C(=O)O)N[C@@H](CCCCN)C(NCC(N[C@@H](CCCCN)C(=O)O)N[C@H](C(=O)O)C(C)C)N[C@@H](CCCCN)C(N[C@@H](CCCCN)C(=O)O)N[C@@H](CCCCN)C(=O)O,CCC(C)[C@H](NC(N[C@@H](CCCCN)C(N[C@@H](CCCCN)C(NCC(O)N[C@@H](CCCCN)C(=O)O)N[C@@H](CO)C(=O)O)N[C@@H](CCCCN)C(N[C@@H](CCCCN)C(=O)O)N[C@H](C(=O)O)C(C)CC)[C@@H](N)CCCCN)C(N[C@@H](C(C)C)C(N[C@@H](CCCCN)C(NCC(=O)O)N[C@@H](CCCNC(=N)N)C(=O)O)N[C@@H](CCCNC(=N)N)C(N[C@@H](CCCCN)C(=O)O)N[C@@H](CCCCN)C(=O)O)N[C@@H](CCCCN)C(NCC(N[C@@H](CCCCN)C(=O)O)N[C@H](C(=O)O)C(C)C)N[C@@H](CCCCN)C(N[C@@H](CCCCN)C(=O)O)N[C@@H](CCCCN)C(=O)O,ZJEDXMQDYFBGEP-PJYGXPHVSA-N,BBB+,1,2831.854999999999,-7.103760000000081,1278.8499999999995,58,54,141,0,197,0,experimental_classification,p
BBBP_00503,503,CCC(C)[C@H](NC(N)CC[C@H](NC(N[C@H](C(=O)O)C(C)CC)[C@@H](N)C(C)C)C(N[C@@H](CCCCN)C(=O)O)N[C@@H](Cc1ccc(O)cc1)C(=O)O)C(=O)O,CCC(C)[C@H](NC(N)CC[C@H](NC(N[C@H](C(=O)O)C(C)CC)[C@@H](N)C(C)C)C(N[C@@H](CCCCN)C(=O)O)N[C@@H](Cc1ccc(O)cc1)C(=O)O)C(=O)O,FZNMWDJNYRDPSZ-GQDTVYLLSA-N,BBB+,1,768.9980000000005,0.985800000000002,307.64,13,13,30,1,54,1,experimental_classification,p
BBBP_00504,504,CCC(C)[C@H](NC(N[C@@H](CC(C)C)C(=O)O)[C@H](CC(C)C)NC(N[C@@H](C(C)N[C@@H](Cc1ccc(O)cc1)C(=O)O)C(N[C@@H](C)C(=O)O)N[C@@H](CC(N)=O)C(=O)O)[C@H](CC(C)C)NC(NCC(N[C@@H](C)C(N[C@@H](C(C)N[C@@H](CCCNC(=N)N)C(=O)O)C(O)N[C@@H](C)C(=O)O)N[C@@H](CCCNC(=N)N)C(=O)O)N[C@@H](CN[C@@H](Cc1c[nH]c2ccccc12)C(=O)O)C(N[C@@H](C)C(=O)O)N[C@@H](Cc1cnc[nH]1)C(=O)O)[C@@H](N)Cc1cnc[nH]1)C(=O)O,CCC(C)[C@H](NC(N[C@@H](CC(C)C)C(=O)O)[C@H](CC(C)C)NC(N[C@@H](C(C)N[C@@H](Cc1ccc(O)cc1)C(=O)O)C(N[C@@H](C)C(=O)O)N[C@@H](CC(N)=O)C(=O)O)[C@H](CC(C)C)NC(NCC(N[C@@H](C)C(N[C@@H](C(C)N[C@@H](CCCNC(=N)N)C(=O)O)C(O)N[C@@H](C)C(=O)O)N[C@@H](CCCNC(=N)N)C(=O)O)N[C@@H](CN[C@@H](Cc1c[nH]c2ccccc12)C(=O)O)C(N[C@@H](C)C(=O)O)N[C@@H](Cc1cnc[nH]1)C(=O)O)[C@@H](N)Cc1cnc[nH]1)C(=O)O,CNSUDCAMTQUIDY-JBFKHVCUSA-N,BBB+,1,2167.5950000000007,-4.228759999999927,933.3599999999999,42,37,84,5,153,5,experimental_classification,p
BBBP_00505,505,CCC(C)[C@H](NC(N[C@H](C(=O)O)C(C)O)[C@H](CCSC)NC(C[C@H](N)C(N[C@@H](CS)C(=O)O)N[C@@H](CC(N[C@@H](CCCCN)C(=O)O)N[C@@H](CC(N)=O)C(=O)O)C(=O)O)N[C@@H](C(C)N[C@@H](Cc1ccccc1)C(=O)O)C(N[C@@H](CCSC)C(=O)O)N[C@@H](CC(N)=O)C(=O)O)C(=O)O,CCC(C)[C@H](NC(N[C@H](C(=O)O)C(C)O)[C@H](CCSC)NC(C[C@H](N)C(N[C@@H](CS)C(=O)O)N[C@@H](CC(N[C@@H](CCCCN)C(=O)O)N[C@@H](CC(N)=O)C(=O)O)C(=O)O)N[C@@H](C(C)N[C@@H](Cc1ccccc1)C(=O)O)C(N[C@@H](CCSC)C(=O)O)N[C@@H](CC(N)=O)C(=O)O)C(=O)O,WGFYTCOLVINXTR-BWZXIHDVSA-N,BBB+,1,1442.7470000000003,-4.600099999999996,626.48,26,28,59,1,97,1,experimental_classification,p
BBBP_00506,506,CC(C)C[C@H](NC(N[C@@H](CCCNC(=N)N)C(=O)O)[C@@H](NC([C@H](CC(C)C)NC(N[C@@H](CCCNC(=N)N)C(N1CCC[C@H]1C(N[C@@H](CC(C)C)C(O)N1CCC[C@H]1C(=O)O)N[C@@H](CCCCN)C(N1CCC[C@H]1C(=O)O)N1CCC[C@H]1C(=O)O)N1CCC[C@H]1C(N1CCC[C@H]1C(=O)O)N1CCC[C@H]1C(=O)O)[C@@H](N)C(C)C)N1CCC[C@H]1C(N[C@H](C(=O)O)C(C)C)N1CCC[C@H]1C(=O)O)C(C)C)C(=O)O,CC(C)C[C@H](NC(N[C@@H](CCCNC(=N)N)C(=O)O)[C@@H](NC([C@H](CC(C)C)NC(N[C@@H](CCCNC(=N)N)C(N1CCC[C@H]1C(N[C@@H](CC(C)C)C(O)N1CCC[C@H]1C(=O)O)N[C@@H](CCCCN)C(N1CCC[C@H]1C(=O)O)N1CCC[C@H]1C(=O)O)N1CCC[C@H]1C(N1CCC[C@H]1C(=O)O)N1CCC[C@H]1C(=O)O)[C@@H](N)C(C)C)N1CCC[C@H]1C(N[C@H](C(=O)O)C(C)C)N1CCC[C@H]1C(=O)O)C(C)C)C(=O)O,CLOWZRBBWGXFKP-USZSDAFYSA-N,BBB+,1,1987.644,1.6093400000000462,657.1700000000003,26,31,64,0,140,9,experimental_classification,p
BBBP_00507,507,CCC(C)[C@H](NC(N[C@@H](CCCNC(=N)N)C(N[C@@H](CO)C(=O)O)N[C@@H](Cc1cnc[nH]1)C(=O)O)[C@@H](NC(N[C@@H](CC(C)C)C(N[C@@H](CCCCN)C(=O)O)N[C@@H](CCCNC(=N)N)C(=O)O)[C@H](CC(C)C)NC(N[C@@H](C(C)CC)C(N[C@@H](CCCNC(=N)N)C(N[C@@H](C)C(=O)O)N[C@@H](CCC(N)=O)C(=O)O)N[C@@H](CCCNC(=N)N)C(N[C@@H](C)C(=O)O)N[C@@H](Cc1cnc[nH]1)C(=O)O)[C@@H](N)CC(C)C)C(C)CC)C(O)N[C@@H](CCCCN)C(=O)O,CCC(C)[C@H](NC(N[C@@H](CCCNC(=N)N)C(N[C@@H](CO)C(=O)O)N[C@@H](Cc1cnc[nH]1)C(=O)O)[C@@H](NC(N[C@@H](CC(C)C)C(N[C@@H](CCCCN)C(=O)O)N[C@@H](CCCNC(=N)N)C(=O)O)[C@H](CC(C)C)NC(N[C@@H](C(C)CC)C(N[C@@H](CCCNC(=N)N)C(N[C@@H](C)C(=O)O)N[C@@H](CCC(N)=O)C(=O)O)N[C@@H](CCCNC(=N)N)C(N[C@@H](C)C(=O)O)N[C@@H](Cc1cnc[nH]1)C(=O)O)[C@@H](N)CC(C)C)C(C)CC)C(O)N[C@@H](CCCCN)C(=O)O,GVRTVIGODZHRGT-OSPPQOQFSA-N,BBB+,1,2227.8759999999997,-4.891419999999895,1006.7799999999999,46,38,96,2,156,2,experimental_classification,p
BBBP_00508,508,CC(N[C@H](C(=O)O)C(C)O)[C@H](NC(N[C@@H](CN1CCC[C@H]1C(=O)O)C(N[C@@H](CS)C(=O)O)N[C@@H](Cc1ccc(O)cc1)C(=O)O)[C@@H](N)CS)C(N[C@@H](C)C(=O)O)N[C@@H](CO)C(=O)O,CC(N[C@H](C(=O)O)C(C)O)[C@H](NC(N[C@@H](CN1CCC[C@H]1C(=O)O)C(N[C@@H](CS)C(=O)O)N[C@@H](Cc1ccc(O)cc1)C(=O)O)[C@@H](N)CS)C(N[C@@H](C)C(=O)O)N[C@@H](CO)C(=O)O,SGAFSMXSMRLCRL-GQMQWASHSA-N,BBB+,1,938.0930000000002,-4.439200000000005,397.9599999999999,19,20,32,1,63,2,experimental_classification,p
BBBP_00509,509,CC(O)[C@H](NC(N[C@@H](CC(N)=O)C(=O)O)[C@H](CCCNC(=N)N)NC(N[C@@H](Cc1c[nH]c2ccccc12)C(N[C@@H](CCC(=O)O)C(=O)O)N[C@@H](CC(N)=O)C(=O)O)[C@H](CS)NC(N[C@@H](Cc1ccc(N[C@@H](CC(N)=O)C(=O)O)cc1)C(N[C@H](C(=O)O)C(C)O)N1CCC[C@H]1C(=O)O)[C@@H](N)Cc1ccccc1)C(=O)O,CC(O)[C@H](NC(N[C@@H](CC(N)=O)C(=O)O)[C@H](CCCNC(=N)N)NC(N[C@@H](Cc1c[nH]c2ccccc12)C(N[C@@H](CCC(=O)O)C(=O)O)N[C@@H](CC(N)=O)C(=O)O)[C@H](CS)NC(N[C@@H](Cc1ccc(N[C@@H](CC(N)=O)C(=O)O)cc1)C(N[C@H](C(=O)O)C(C)O)N1CCC[C@H]1C(=O)O)[C@@H](N)Cc1ccccc1)C(=O)O,YLNIUWYLAZNSMX-ZBZTUAPGSA-N,BBB+,1,1554.7510000000007,-4.939829999999998,695.38,29,27,55,4,109,5,experimental_classification,p
BBBP_00510,510,CSCC[C@H](NC(N[C@@H](CN[C@@H](CCCNC(=N)N)C(=O)O)C(NCC(=O)O)N[C@@H](Cc1c[nH]c2ccccc12)C(=O)O)[C@@H](N)CN[C@@H](Cc1ccc(N[C@@H](CCC(O)N[C@H](C(=O)O)C(C)C)C(=O)O)cc1)C(N[C@@H](Cc1ccccc1)C(=O)O)N[C@@H](Cc1cnc[nH]1)C(=O)O)C(N[C@@H](CCCCN)C(=O)O)N1CCC[C@H]1C(=O)O,CSCC[C@H](NC(N[C@@H](CN[C@@H](CCCNC(=N)N)C(=O)O)C(NCC(=O)O)N[C@@H](Cc1c[nH]c2ccccc12)C(=O)O)[C@@H](N)CN[C@@H](Cc1ccc(N[C@@H](CCC(O)N[C@H](C(=O)O)C(C)C)C(=O)O)cc1)C(N[C@@H](Cc1ccccc1)C(=O)O)N[C@@H](Cc1cnc[nH]1)C(=O)O)C(N[C@@H](CCCCN)C(=O)O)N1CCC[C@H]1C(=O)O,IEVAFHHTXOJAAD-SUUASASASA-N,BBB+,1,1633.9410000000012,-1.0870300000000104,649.91,28,27,61,5,115,6,experimental_classification,p
BBBP_00511,511,CC(C)C[C@H](NC[C@H](NC(N[C@@H](C(C)N[C@@H](CC(N)=O)C(=O)O)C(N[C@@H](Cc1ccc(O)cc1)C(=O)O)N[C@@H](CC(C)C)C(=O)O)[C@H](CC(C)C)NC(CN)N[C@@H](Cc1cnc[nH]1)C(N[C@@H](C)C(=O)O)N[C@H](C(=O)O)C(C)O)C(O)N[C@@H](Cc1cnc[nH]1)C(=O)O)C(=O)O,CC(C)C[C@H](NC[C@H](NC(N[C@@H](C(C)N[C@@H](CC(N)=O)C(=O)O)C(N[C@@H](Cc1ccc(O)cc1)C(=O)O)N[C@@H](CC(C)C)C(=O)O)[C@H](CC(C)C)NC(CN)N[C@@H](Cc1cnc[nH]1)C(N[C@@H](C)C(=O)O)N[C@H](C(=O)O)C(C)O)C(O)N[C@@H](Cc1cnc[nH]1)C(=O)O)C(=O)O,HNYUTBLFGKYFTH-PIFYQVCNSA-N,BBB+,1,1336.5580000000002,-3.616900000000016,580.59,25,25,51,3,94,3,experimental_classification,p
BBBP_00512,512,CC(O)[C@H](Nc1ccc(C[C@H](NC(N[C@@H](CS)C(N[C@@H](CCCNC(=N)N)C(O)N[C@@H](CC(N)=O)C(=O)O)N[C@@H](Cc2c[nH]c3ccccc23)C(N[C@@H](CC(N)=O)C(=O)O)N[C@H](C(=O)O)C(C)O)[C@@H](N)Cc2ccccc2)C(N[C@@H](CCC(=O)O)C(=O)O)N2CCC[C@H]2C(=O)O)cc1)C(=O)O,CC(O)[C@H](Nc1ccc(C[C@H](NC(N[C@@H](CS)C(N[C@@H](CCCNC(=N)N)C(O)N[C@@H](CC(N)=O)C(=O)O)N[C@@H](Cc2c[nH]c3ccccc23)C(N[C@@H](CC(N)=O)C(=O)O)N[C@H](C(=O)O)C(C)O)[C@@H](N)Cc2ccccc2)C(N[C@@H](CCC(=O)O)C(=O)O)N2CCC[C@H]2C(=O)O)cc1)C(=O)O,WHBOLQKYSZCPSI-UULXNBPCSA-N,BBB+,1,1440.6470000000006,-3.8657300000000134,623.19,27,25,50,4,101,5,experimental_classification,p
BBBP_00513,513,CCC(C)[C@H](NC(N[C@@H](Cc1ccc(N[C@@H](CC(C)C)C(=O)O)cc1)C(=O)O)[C@@H](N)CC(N[C@@H](C(C)C)C(N[C@@H](Cc1ccccc1)C(=O)O)N[C@@H](Cc1cnc[nH]1)C(=O)O)N[C@@H](CCCNC(=N)N)C(N[C@@H](Cc1cnc[nH]1)C(=O)O)N1CCC[C@H]1C(=O)O)C(=O)O,CCC(C)[C@H](NC(N[C@@H](Cc1ccc(N[C@@H](CC(C)C)C(=O)O)cc1)C(=O)O)[C@@H](N)CC(N[C@@H](C(C)C)C(N[C@@H](Cc1ccccc1)C(=O)O)N[C@@H](Cc1cnc[nH]1)C(=O)O)N[C@@H](CCCNC(=N)N)C(N[C@@H](Cc1cnc[nH]1)C(=O)O)N1CCC[C@H]1C(=O)O)C(=O)O,XBSBDLSGHWBKRO-PPCBYILSSA-N,BBB+,1,1304.5630000000003,0.9811699999999832,505.85999999999996,21,20,46,4,93,5,experimental_classification,p
BBBP_00514,514,CCC(C)[C@H](NC(N[C@@H](CCC(=O)O)C(=O)O)[C@H](Cc1c[nH]c2ccccc12)NC(N[C@@H](CNCC(=O)O)C(N[C@@H](CCCNC(=N)N)C(=O)O)N[C@H](C(=O)O)C(C)O)[C@H](CCCCN)NC(N[C@@H](CCC(N[C@@H](CCC(=O)O)C(=O)O)N[C@@H](CCCNC(=N)N)C(NCC(=O)O)N[C@@H](CCCNC(=N)N)C(=O)O)C(N[C@@H](C)C(=O)O)N[C@@H](CCCNC(=N)N)C(=O)O)[C@@H](N)Cc1ccccc1)C(=O)O,CCC(C)[C@H](NC(N[C@@H](CCC(=O)O)C(=O)O)[C@H](Cc1c[nH]c2ccccc12)NC(N[C@@H](CNCC(=O)O)C(N[C@@H](CCCNC(=N)N)C(=O)O)N[C@H](C(=O)O)C(C)O)[C@H](CCCCN)NC(N[C@@H](CCC(N[C@@H](CCC(=O)O)C(=O)O)N[C@@H](CCCNC(=N)N)C(NCC(=O)O)N[C@@H](CCCNC(=N)N)C(=O)O)C(N[C@@H](C)C(=O)O)N[C@@H](CCCNC(=N)N)C(=O)O)[C@@H](N)Cc1ccccc1)C(=O)O,QGCSGLNYKLQEJE-HVYSZMGRSA-N,BBB+,1,1992.320000000002,-6.816419999999915,963.71,43,34,83,3,140,3,experimental_classification,p
BBBP_00515,515,N[C@@H](Cc1ccc(N2CCC[C@H]2C(O)NCC(=O)O)cc1)C(N[C@@H](Cc1ccccc1)C(=O)O)N1CCC[C@H]1C(=O)O,N[C@@H](Cc1ccc(N2CCC[C@H]2C(O)NCC(=O)O)cc1)C(N[C@@H](Cc1ccccc1)C(=O)O)N1CCC[C@H]1C(=O)O,VWLHVMNFNLVPFM-DEUCDMPWSA-N,BBB+,1,583.6860000000003,0.6784000000000051,188.69,7,9,15,2,42,4,experimental_classification,p
BBBP_00516,516,CSCC[C@H](N)C(N[C@@H](Cc1cnc[nH]1)C(=O)O)N[C@@H](CCC(N[C@@H](CCCNC(=N)N)C(=O)O)N[C@@H](Cc1ccccc1)C(=O)O)C(O)N[C@@H](Cc1c[nH]c2ccccc12)C(=O)O,CSCC[C@H](N)C(N[C@@H](Cc1cnc[nH]1)C(=O)O)N[C@@H](CCC(N[C@@H](CCCNC(=N)N)C(=O)O)N[C@@H](Cc1ccccc1)C(=O)O)C(O)N[C@@H](Cc1c[nH]c2ccccc12)C(=O)O,HORWBJJELWLWEC-YXEANFOASA-N,BBB+,1,911.1000000000003,0.14276999999999646,361.97,16,14,32,4,64,4,experimental_classification,p
BBBP_00517,517,CC(C)C[C@H](NC[C@H](N)C(N[C@@H](CN[C@@H](CCC(N)=O)C(=O)O)C(=O)O)N[C@@H](Cc1cnc[nH]1)C(=O)O)C(N[C@@H](CO)C(=O)O)N1CCC[C@H]1C(=O)O,CC(C)C[C@H](NC[C@H](N)C(N[C@@H](CN[C@@H](CCC(N)=O)C(=O)O)C(=O)O)N[C@@H](Cc1cnc[nH]1)C(=O)O)C(N[C@@H](CO)C(=O)O)N1CCC[C@H]1C(=O)O,REWAIESKNLVQOE-ATZDVGMHSA-N,BBB+,1,758.8310000000001,-4.086000000000009,367.90999999999997,14,15,28,1,53,2,experimental_classification,p
BBBP_00518,518,CC(C)[C@H](NC[C@H](N)C(NCC(=O)O)N[C@@H](Cc1cnc[nH]1)C(=O)O)C(O)N[C@H](C(=O)O)C(C)C,CC(C)[C@H](NC[C@H](N)C(NCC(=O)O)N[C@@H](Cc1cnc[nH]1)C(=O)O)C(O)N[C@H](C(=O)O)C(C)C,NNMZTELJUXTNKJ-FBIRNCRISA-N,BBB+,1,501.58500000000015,-2.0459999999999923,234.94999999999996,10,10,18,1,35,1,experimental_classification,p
BBBP_00519,519,CSCC[C@H](NC(N[C@@H](CCCCN)C(=O)O)[C@H](CCCNC(=N)N)NC(N[C@@H](CCCCN)C(N[C@@H](C)C(=O)O)N[C@@H](CCC(N)=O)C(=O)O)[C@@H](N)CNCC(N[C@@H](CO)C(=O)O)N[C@@H](CO)C(=O)O)C(=O)O,CSCC[C@H](NC(N[C@@H](CCCCN)C(=O)O)[C@H](CCCNC(=N)N)NC(N[C@@H](CCCCN)C(N[C@@H](C)C(=O)O)N[C@@H](CCC(N)=O)C(=O)O)[C@@H](N)CNCC(N[C@@H](CO)C(=O)O)N[C@@H](CO)C(=O)O)C(=O)O,LACRUEFNPSIUHM-UIZILBLESA-N,BBB+,1,1087.3139999999999,-7.07473,555.58,24,23,49,0,74,0,experimental_classification,p
BBBP_00520,520,CC(C)[C@H](N)C(N[C@@H](CC(=O)O)C(=O)O)N1CCC[C@H]1C(N[C@@H](CCCNC(=N)N)C(=O)O)N1CCC[C@H]1C(=O)O,CC(C)[C@H](N)C(N[C@@H](CC(=O)O)C(=O)O)N1CCC[C@H]1C(N[C@@H](CCCNC(=N)N)C(=O)O)N1CCC[C@H]1C(=O)O,DHVIXNXEQXFXBN-SYEIESLXSA-N,BBB+,1,586.6910000000003,-1.5411299999999968,267.65999999999997,10,10,18,0,41,2,experimental_classification,p
BBBP_00521,521,CC(C)C[C@H](NC(N[C@@H](C)C(=O)O)[C@H](CCCNC(=N)N)NC(CNc1ccc(C[C@H](N)C(N[C@@H](CCCCN)C(N[C@@H](CCCNC(=N)N)C(O)N[C@@H](CCC(=O)O)C(=O)O)N[C@@H](CCCNC(=N)N)C(N[C@@H](CCC(N)=O)C(=O)O)N[C@H](C(=O)O)C(C)O)N[C@@H](CCCNC(=N)N)C(N[C@@H](CCCNC(=N)N)C(N[C@@H](CC(=O)O)C(=O)O)N[C@@H](Cc2c[nH]c3ccccc23)C(=O)O)N[C@@H](CCC(N)N[C@@H](CO)C(=O)O)C(N[C@@H](Cc2c[nH]c3ccccc23)C(=O)O)N[C@@H](CC(C)C)C(=O)O)cc1)N[C@@H](CCCCN)C(N[C@@H](CCCNC(=N)N)C(=O)O)N[C@H](C(=O)O)C(C)O)C(=O)O,CC(C)C[C@H](NC(N[C@@H](C)C(=O)O)[C@H](CCCNC(=N)N)NC(CNc1ccc(C[C@H](N)C(N[C@@H](CCCCN)C(N[C@@H](CCCNC(=N)N)C(O)N[C@@H](CCC(=O)O)C(=O)O)N[C@@H](CCCNC(=N)N)C(N[C@@H](CCC(N)=O)C(=O)O)N[C@H](C(=O)O)C(C)O)N[C@@H](CCCNC(=N)N)C(N[C@@H](CCCNC(=N)N)C(N[C@@H](CC(=O)O)C(=O)O)N[C@@H](Cc2c[nH]c3ccccc23)C(=O)O)N[C@@H](CCC(N)N[C@@H](CO)C(=O)O)C(N[C@@H](Cc2c[nH]c3ccccc23)C(=O)O)N[C@@H](CC(C)C)C(=O)O)cc1)N[C@@H](CCCCN)C(N[C@@H](CCCNC(=N)N)C(=O)O)N[C@H](C(=O)O)C(C)O)C(=O)O,SOWGQMITDBMWDS-AESUYNRTSA-N,BBB+,1,2913.4829999999934,-9.777580000000086,1405.8999999999994,64,50,120,5,205,5,experimental_classification,p
BBBP_00522,522,CC(N[C@@H](Cc1ccccc1)C(NCC(N[C@@H](CC(N)=O)C(=O)O)N[C@@H](CC(N)=O)C(=O)O)NCC(N[C@@H](CCCNC(=N)N)C(=O)O)N[C@@H](Cc1ccccc1)C(=O)O)[C@H](N)C(N[C@@H](Cc1ccc(NCC(=O)O)cc1)C(N[C@@H](CCCCN)C(=O)O)N[C@@H](CCCNC(=N)N)C(=O)O)N[C@@H](Cc1ccccc1)C(N[C@@H](CCCNC(=N)N)C(O)N[C@@H](Cc1ccc(O)cc1)C(=O)O)N[C@@H](CN[C@H](C(=O)O)C(C)O)C(N[C@@H](CCC(=O)O)C(=O)O)N[C@@H](CCC(=O)O)C(=O)O,CC(N[C@@H](Cc1ccccc1)C(NCC(N[C@@H](CC(N)=O)C(=O)O)N[C@@H](CC(N)=O)C(=O)O)NCC(N[C@@H](CCCNC(=N)N)C(=O)O)N[C@@H](Cc1ccccc1)C(=O)O)[C@H](N)C(N[C@@H](Cc1ccc(NCC(=O)O)cc1)C(N[C@@H](CCCCN)C(=O)O)N[C@@H](CCCNC(=N)N)C(=O)O)N[C@@H](Cc1ccccc1)C(N[C@@H](CCCNC(=N)N)C(O)N[C@@H](Cc1ccc(O)cc1)C(=O)O)N[C@@H](CN[C@H](C(=O)O)C(C)O)C(N[C@@H](CCC(=O)O)C(=O)O)N[C@@H](CCC(=O)O)C(=O)O,NOSZDHYEBIEFNO-XVNNLCNSSA-N,BBB+,1,2345.6499999999987,-8.102889999999952,1086.05,47,41,94,5,166,5,experimental_classification,p
BBBP_00523,523,CC(C)C[C@H](NC(N[C@@H](CO)C(=O)O)[C@H](Cc1c[nH]c2ccccc12)NC(N[C@@H](CCCNC(=N)N)C(N[C@@H](Cc1ccccc1)C(=O)O)N[C@@H](Cc1c[nH]c2ccccc12)C(=O)O)[C@@H](NC(N[C@@H](C)C(N[C@@H](C(C)C)C(O)N[C@@H](CCCCN)C(=O)O)N[C@@H](Cc1ccccc1)C(=O)O)[C@@H](N)CCCCN)C(C)C)C(=O)O,CC(C)C[C@H](NC(N[C@@H](CO)C(=O)O)[C@H](Cc1c[nH]c2ccccc12)NC(N[C@@H](CCCNC(=N)N)C(N[C@@H](Cc1ccccc1)C(=O)O)N[C@@H](Cc1c[nH]c2ccccc12)C(=O)O)[C@@H](NC(N[C@@H](C)C(N[C@@H](C(C)C)C(O)N[C@@H](CCCCN)C(=O)O)N[C@@H](Cc1ccccc1)C(=O)O)[C@@H](N)CCCCN)C(C)C)C(=O)O,RYNJHWKEPNLRDC-DXPIBFFVSA-N,BBB+,1,1579.0150000000008,2.1353699999999756,568.13,27,23,59,6,113,6,experimental_classification,p
BBBP_00524,524,CCC(C)[C@H](NC([C@H](Cc1ccc(N[C@@H](CCCNC(=N)N)C(=O)O)cc1)NC(N[C@@H](CN[C@@H](CCCNC(=N)N)C(=O)O)C(=O)O)[C@H](CCCNC(=N)N)NC(N[C@@H](Cc1cnc[nH]1)C(N[C@@H](CCCNC(=N)N)C(=O)O)N1CCC[C@H]1C(=O)O)[C@H](CCCCN)NC(CN)N1CCC[C@H]1C(N[C@@H](Cc1ccc(N2CCC[C@H]2C(=O)O)cc1)C(N[C@@H](CO)C(=O)O)N[C@H](C(=O)O)C(C)O)N1CCC[C@H]1C(N[C@@H](Cc1cnc[nH]1)C(=O)O)N1CCC[C@H]1C(=O)O)N1CCC[C@H]1C(=O)O)C(=O)O,CCC(C)[C@H](NC([C@H](Cc1ccc(N[C@@H](CCCNC(=N)N)C(=O)O)cc1)NC(N[C@@H](CN[C@@H](CCCNC(=N)N)C(=O)O)C(=O)O)[C@H](CCCNC(=N)N)NC(N[C@@H](Cc1cnc[nH]1)C(N[C@@H](CCCNC(=N)N)C(=O)O)N1CCC[C@H]1C(=O)O)[C@H](CCCCN)NC(CN)N1CCC[C@H]1C(N[C@@H](Cc1ccc(N2CCC[C@H]2C(=O)O)cc1)C(N[C@@H](CO)C(=O)O)N[C@H](C(=O)O)C(C)O)N1CCC[C@H]1C(N[C@@H](Cc1cnc[nH]1)C(=O)O)N1CCC[C@H]1C(=O)O)N1CCC[C@H]1C(=O)O)C(=O)O,KDWYJWHYFIPQPP-SEEJDJPWSA-N,BBB+,1,2415.8849999999984,-5.842919999999926,1020.8900000000003,43,41,85,4,171,10,experimental_classification,p
BBBP_00525,525,CC([C@H](NC(N)C[C@H](N)C(NCC(=O)O)N[C@@H](CO)C(=O)O)C(N[C@@H](CCC(=O)O)C(=O)O)N[C@@H](Cc1ccc(O)cc1)C(=O)O)N1CCC[C@H]1C(=O)O,CC([C@H](NC(N)C[C@H](N)C(NCC(=O)O)N[C@@H](CO)C(=O)O)C(N[C@@H](CCC(=O)O)C(=O)O)N[C@@H](Cc1ccc(O)cc1)C(=O)O)N1CCC[C@H]1C(=O)O,ZZAIHGPYAXJRBY-ASNKDMBESA-N,BBB+,1,772.8100000000001,-3.8555000000000073,379.69,15,16,27,1,54,2,experimental_classification,p
BBBP_00526,526,CCC(C)[C@H](NC(N[C@@H](CC(C)C)C(=O)O)[C@H](CC(C)C)NC(N[C@@H](C(C)N[C@@H](Cc1ccc(O)cc1)C(=O)O)C(N[C@@H](C)C(=O)O)N[C@@H](CC(N)=O)C(=O)O)[C@H](CC(C)C)NC(NCC(N[C@@H](C)C(N[C@@H](C(C)N[C@@H](CCCNC(=N)N)C(=O)O)C(N[C@@H](C)C(=O)O)N[C@@H](Cc1ccccc1)C(=O)O)N[C@@H](CCCNC(=N)N)C(NCC(=O)O)NCC(=O)O)N[C@@H](CN[C@@H](Cc1c[nH]c2ccccc12)C(O)NCC(=O)O)C(N[C@@H](C)C(=O)O)N[C@@H](Cc1cnc[nH]1)C(=O)O)[C@@H](N)Cc1cnc[nH]1)C(=O)O,CCC(C)[C@H](NC(N[C@@H](CC(C)C)C(=O)O)[C@H](CC(C)C)NC(N[C@@H](C(C)N[C@@H](Cc1ccc(O)cc1)C(=O)O)C(N[C@@H](C)C(=O)O)N[C@@H](CC(N)=O)C(=O)O)[C@H](CC(C)C)NC(NCC(N[C@@H](C)C(N[C@@H](C(C)N[C@@H](CCCNC(=N)N)C(=O)O)C(N[C@@H](C)C(=O)O)N[C@@H](Cc1ccccc1)C(=O)O)N[C@@H](CCCNC(=N)N)C(NCC(=O)O)NCC(=O)O)N[C@@H](CN[C@@H](Cc1c[nH]c2ccccc12)C(O)NCC(=O)O)C(N[C@@H](C)C(=O)O)N[C@@H](Cc1cnc[nH]1)C(=O)O)[C@@H](N)Cc1cnc[nH]1)C(=O)O,DLRNAMXWRMQPNC-OVOFSSFDSA-N,BBB+,1,2489.9599999999973,-5.437659999999926,1056.08,48,43,98,6,176,6,experimental_classification,p
BBBP_00527,527,CC(C)[C@H](NC(N[C@@H](C)C(=O)O)[C@@H]1CCCN1C(N[C@H](C(=O)O)C(C)C)[C@@H](N)C(C)N1CCC[C@H]1C(N[C@@H](CO)C(=O)O)N[C@@H](Cc1cnc[nH]1)C(=O)O)C(=O)O,CC(C)[C@H](NC(N[C@@H](C)C(=O)O)[C@@H]1CCCN1C(N[C@H](C(=O)O)C(C)C)[C@@H](N)C(C)N1CCC[C@H]1C(N[C@@H](CO)C(=O)O)N[C@@H](Cc1cnc[nH]1)C(=O)O)C(=O)O,LLOWAQMUEYLMNF-HYJZJWJQSA-N,BBB+,1,812.9670000000002,-1.8867000000000074,328.06,13,15,26,1,57,3,experimental_classification,p
BBBP_00528,528,CCC(C)[C@H](NC(N[C@@H](CC(C)C)C(N[C@@H](CCCNC(=N)N)C(=O)O)N[C@@H](Cc1ccc(O)cc1)C(=O)O)[C@H](CC(C)C)NC(N[C@@H](CC(N)N[C@@H](CN[C@@H](CS)C(=O)O)C(=O)O)C(N[C@@H](CC(C)C)C(=O)O)N[C@H](C(=O)O)C(C)O)[C@@H](N)Cc1cnc[nH]1)C(N[C@@H](CCCCN)C(=O)O)N[C@@H](Cc1c[nH]c2ccccc12)C(=O)O,CCC(C)[C@H](NC(N[C@@H](CC(C)C)C(N[C@@H](CCCNC(=N)N)C(=O)O)N[C@@H](Cc1ccc(O)cc1)C(=O)O)[C@H](CC(C)C)NC(N[C@@H](CC(N)N[C@@H](CN[C@@H](CS)C(=O)O)C(=O)O)C(N[C@@H](CC(C)C)C(=O)O)N[C@H](C(=O)O)C(C)O)[C@@H](N)Cc1cnc[nH]1)C(N[C@@H](CCCCN)C(=O)O)N[C@@H](Cc1c[nH]c2ccccc12)C(=O)O,KSSKODKESYGGSC-GZAPJRJVSA-N,BBB+,1,1659.0800000000008,-0.680329999999979,667.65,31,28,64,4,116,4,experimental_classification,p
BBBP_00529,529,CSCC[C@H](NC([C@H](CC(N)N1CCC[C@H]1C(N[C@@H](Cc1c[nH]c2ccccc12)C(=O)O)N1CCC[C@H]1C(=O)O)NC(C)[C@H](N)C(N[C@@H](Cc1cnc[nH]1)C(N[C@@H](CO)C(=O)O)N[C@@H](Cc1c[nH]c2ccccc12)C(=O)O)N[C@@H](CCCNC(=N)N)C(N[C@H](C(=O)O)C(C)C)N1CCC[C@H]1C(=O)O)N1CCC[C@H]1C(=O)O)C(=O)O,CSCC[C@H](NC([C@H](CC(N)N1CCC[C@H]1C(N[C@@H](Cc1c[nH]c2ccccc12)C(=O)O)N1CCC[C@H]1C(=O)O)NC(C)[C@H](N)C(N[C@@H](Cc1cnc[nH]1)C(N[C@@H](CO)C(=O)O)N[C@@H](Cc1c[nH]c2ccccc12)C(=O)O)N[C@@H](CCCNC(=N)N)C(N[C@H](C(=O)O)C(C)C)N1CCC[C@H]1C(=O)O)N1CCC[C@H]1C(=O)O)C(=O)O,KTBWCOQAEBJIDD-JZZFXIHDSA-N,BBB+,1,1616.958000000001,-0.7139300000000088,602.0300000000001,25,26,51,5,114,9,experimental_classification,p
BBBP_00530,530,CC(O)[C@H](NC(N[C@@H](Cc1c[nH]c2ccccc12)C(O)N[C@@H](Cc1ccccc1)C(=O)O)[C@@H](N)Cc1ccc(N2CCC[C@H]2C(N[C@@H](CCCNC(=N)N)C(=O)O)N[C@@H](CCC(N)=O)C(=O)O)cc1)C(=O)O,CC(O)[C@H](NC(N[C@@H](Cc1c[nH]c2ccccc12)C(O)N[C@@H](Cc1ccccc1)C(=O)O)[C@@H](N)Cc1ccc(N2CCC[C@H]2C(N[C@@H](CCCNC(=N)N)C(=O)O)N[C@@H](CCC(N)=O)C(=O)O)cc1)C(=O)O,FRCNJJSAYQIFIL-OLGLFUPYSA-N,BBB+,1,1003.1719999999996,-0.4985300000000033,399.84999999999997,17,15,32,4,72,5,experimental_classification,p
BBBP_00531,531,CC(C)C[C@H](NC(NCC(=O)O)[C@@H](N)Cc1ccc(N2CCC[C@H]2C(O)N[C@@H](CCCCN)C(=O)O)cc1)C(=O)O,CC(C)C[C@H](NC(NCC(=O)O)[C@@H](N)Cc1ccc(N2CCC[C@H]2C(O)N[C@@H](CCCCN)C(=O)O)cc1)C(=O)O,HKWSMSUAOYWTPT-GMPMRLKWSA-N,BBB+,1,580.7270000000004,0.10460000000000813,223.49999999999997,9,10,20,1,41,2,experimental_classification,p
BBBP_00532,532,CCC(C)[C@H](NC([C@@H](N)CCCCN)N1CCC[C@H]1C(O)N[C@@H](CC(C)C)C(=O)O)C(N[C@@H](Cc1ccc(O)cc1)C(=O)O)N[C@H](C(=O)O)C(C)CC,CCC(C)[C@H](NC([C@@H](N)CCCCN)N1CCC[C@H]1C(O)N[C@@H](CC(C)C)C(=O)O)C(N[C@@H](Cc1ccc(O)cc1)C(=O)O)N[C@H](C(=O)O)C(C)CC,HUGJBHVSOFZMCS-NQEFAFCASA-N,BBB+,1,752.0110000000002,2.0509000000000093,255.75999999999993,11,12,27,1,53,2,experimental_classification,p
BBBP_00533,533,CCC(C)[C@H](NC(CC[C@H](NC(N[C@@H](CC(N)N[C@@H](CC(N)=O)C(=O)O)C(O)N[C@@H](Cc1ccccc1)C(=O)O)[C@@H](N)Cc1ccc(N2CCC[C@H]2C(NCC(=O)O)N2CCC[C@H]2C(=O)O)cc1)C(N[C@@H](CCC(=O)O)C(=O)O)N1CCC[C@H]1C(=O)O)N[C@@H](Cc1ccccc1)C(=O)O)C(=O)O,CCC(C)[C@H](NC(CC[C@H](NC(N[C@@H](CC(N)N[C@@H](CC(N)=O)C(=O)O)C(O)N[C@@H](Cc1ccccc1)C(=O)O)[C@@H](N)Cc1ccc(N2CCC[C@H]2C(NCC(=O)O)N2CCC[C@H]2C(=O)O)cc1)C(N[C@@H](CCC(=O)O)C(=O)O)N1CCC[C@H]1C(=O)O)N[C@@H](Cc1ccccc1)C(=O)O)C(=O)O,AULDMBNJLKGNMM-SLNWZPCDSA-N,BBB+,1,1435.6420000000003,-1.222600000000026,557.02,21,24,49,3,102,6,experimental_classification,p
BBBP_00534,534,CSCC[C@H](NC(N[C@@H](C)C(N[C@@H](CCC(N)=O)C(=O)O)N1CCC[C@H]1C(=O)O)[C@H](Cc1ccccc1)NC(N[C@@H](C(C)N[C@@H](CCCNC(=N)N)C(N[C@@H](CS)C(=O)O)N[C@@H](CC(C)C)C(=O)O)C(N[C@@H](CS)C(=O)O)N[C@@H](CCCCN)C(N[C@@H](CS)C(=O)O)N[C@@H](CCCNC(=N)N)C(=O)O)[C@H](CCSC)NC(N[C@@H](CS)C(N[C@@H](CS)C(N[C@@H](Cc1cnc[nH]1)C(NCC(=O)O)N[C@@H](CCCNC(=N)N)C(=O)O)N[C@@H](CCC(N)NCC(=O)O)C(N[C@@H](CS)C(=O)O)N[C@@H](CCCCN)C(=O)O)N1CCC[C@H]1C(N[C@@H](C(C)N[C@@H](CC(=O)O)C(=O)O)C(N[C@@H](CS)C(=O)O)N[C@@H](CC(=O)O)C(=O)O)N[C@@H](CC(NCC(=O)O)N[C@@H](CS)C(=O)O)C(NCC(=O)O)N[C@@H](CCCCN)C(=O)O)[C@@H](N)CCSC)C(NCC(=O)O)N[C@@H](Cc1ccc(O)cc1)C(=O)O,CSCC[C@H](NC(N[C@@H](C)C(N[C@@H](CCC(N)=O)C(=O)O)N1CCC[C@H]1C(=O)O)[C@H](Cc1ccccc1)NC(N[C@@H](C(C)N[C@@H](CCCNC(=N)N)C(N[C@@H](CS)C(=O)O)N[C@@H](CC(C)C)C(=O)O)C(N[C@@H](CS)C(=O)O)N[C@@H](CCCCN)C(N[C@@H](CS)C(=O)O)N[C@@H](CCCNC(=N)N)C(=O)O)[C@H](CCSC)NC(N[C@@H](CS)C(N[C@@H](CS)C(N[C@@H](Cc1cnc[nH]1)C(NCC(=O)O)N[C@@H](CCCNC(=N)N)C(=O)O)N[C@@H](CCC(N)NCC(=O)O)C(N[C@@H](CS)C(=O)O)N[C@@H](CCCCN)C(=O)O)N1CCC[C@H]1C(N[C@@H](C(C)N[C@@H](CC(=O)O)C(=O)O)C(N[C@@H](CS)C(=O)O)N[C@@H](CC(=O)O)C(=O)O)N[C@@H](CC(NCC(=O)O)N[C@@H](CS)C(=O)O)C(NCC(=O)O)N[C@@H](CCCCN)C(=O)O)[C@@H](N)CCSC)C(NCC(=O)O)N[C@@H](Cc1ccc(O)cc1)C(=O)O,ZYVGANFPKCONEE-QPSQTIFJSA-N,BBB+,1,4039.1109999999853,-13.441390000000222,1669.169999999999,81,80,167,3,269,5,experimental_classification,p
BBBP_00535,535,CCC(C)[C@H](NC(N[C@@H](CC(N)N[C@@H](CCCCN)C(=O)O)C(N[C@@H](CCC(=O)O)C(=O)O)N[C@H](C(=O)O)C(C)CC)[C@H](CN[C@@H](C)C(NCC(N[C@@H](CC(N)=O)C(=O)O)N[C@@H](CC(C)C)C(=O)O)N[C@@H](CCCNC(=N)N)C(N[C@@H](CC(N)=O)C(=O)O)N[C@H](C(=O)O)C(C)CC)NC(N[C@@H](CCCCN)C(N[C@@H](C(C)C)C(NCC(=O)O)N[C@@H](CCCNC(=N)N)C(=O)O)N[C@@H](CC(C)C)C(N[C@@H](CCSC)C(=O)O)N[C@@H](CC(C)C)C(=O)O)[C@@H](N)CCCCN)C(N[C@@H](CCCNC(=N)N)C(=O)O)N[C@@H](Cc1ccccc1)C(=O)O,CCC(C)[C@H](NC(N[C@@H](CC(N)N[C@@H](CCCCN)C(=O)O)C(N[C@@H](CCC(=O)O)C(=O)O)N[C@H](C(=O)O)C(C)CC)[C@H](CN[C@@H](C)C(NCC(N[C@@H](CC(N)=O)C(=O)O)N[C@@H](CC(C)C)C(=O)O)N[C@@H](CCCNC(=N)N)C(N[C@@H](CC(N)=O)C(=O)O)N[C@H](C(=O)O)C(C)CC)NC(N[C@@H](CCCCN)C(N[C@@H](C(C)C)C(NCC(=O)O)N[C@@H](CCCNC(=N)N)C(=O)O)N[C@@H](CC(C)C)C(N[C@@H](CCSC)C(=O)O)N[C@@H](CC(C)C)C(=O)O)[C@@H](N)CCCCN)C(N[C@@H](CCCNC(=N)N)C(=O)O)N[C@@H](Cc1ccccc1)C(=O)O,BCRGHNWHVHDDRA-JOSYGADNSA-N,BBB+,1,2693.440999999996,-5.566690000000024,1188.8399999999997,52,47,119,1,187,1,experimental_classification,p
BBBP_00536,536,CC(C)C[C@H](NC(CN)N[C@@H](C)C(N[C@@H](CN[C@@H](C)C(=O)O)C(=O)O)N[C@@H](Cc1ccccc1)C(N[C@@H](Cc1ccccc1)C(=O)O)N[C@H](C(=O)O)C(C)C)C(N[C@@H](CN[C@@H](C)C(=O)O)C(N[C@@H](CCCNC(=N)N)C(=O)O)N[C@@H](CC(=O)O)C(=O)O)N[C@@H](Cc1cnc[nH]1)C(N[C@@H](CC(=O)O)C(=O)O)N[C@@H](Cc1ccccc1)C(=O)O,CC(C)C[C@H](NC(CN)N[C@@H](C)C(N[C@@H](CN[C@@H](C)C(=O)O)C(=O)O)N[C@@H](Cc1ccccc1)C(N[C@@H](Cc1ccccc1)C(=O)O)N[C@H](C(=O)O)C(C)C)C(N[C@@H](CN[C@@H](C)C(=O)O)C(N[C@@H](CCCNC(=N)N)C(=O)O)N[C@@H](CC(=O)O)C(=O)O)N[C@@H](Cc1cnc[nH]1)C(N[C@@H](CC(=O)O)C(=O)O)N[C@@H](Cc1ccccc1)C(=O)O,INIYINOQQKDCBX-LBWNQKCFSA-N,BBB+,1,1651.8870000000013,-3.2537299999999814,695.3199999999999,30,28,64,4,117,4,experimental_classification,p
BBBP_00537,537,CC(C)C[C@H](NC(N)C[C@H](Nc1ccc(C[C@H](N)C(N[C@@H](CN[C@@H](Cc2ccc(O)cc2)C(=O)O)C(O)N[C@@H](Cc2c[nH]c3ccccc23)C(=O)O)N[C@@H](CCC(N)NCC(=O)O)C(N[C@@H](CCCNC(=N)N)C(=O)O)N[C@@H](Cc2ccc(O)cc2)C(=O)O)cc1)C(N[C@@H](CCC(N)=O)C(=O)O)N[C@@H](CC(C)C)C(=O)O)C(=O)O,CC(C)C[C@H](NC(N)C[C@H](Nc1ccc(C[C@H](N)C(N[C@@H](CN[C@@H](Cc2ccc(O)cc2)C(=O)O)C(O)N[C@@H](Cc2c[nH]c3ccccc23)C(=O)O)N[C@@H](CCC(N)NCC(=O)O)C(N[C@@H](CCCNC(=N)N)C(=O)O)N[C@@H](Cc2ccc(O)cc2)C(=O)O)cc1)C(N[C@@H](CCC(N)=O)C(=O)O)N[C@@H](CC(C)C)C(=O)O)C(=O)O,OPMHVHGIHYBBMJ-BEQAUNGXSA-N,BBB+,1,1602.8580000000002,-1.4947300000000094,690.2600000000001,30,27,59,5,114,5,experimental_classification,p
BBBP_00538,538,CC(C)C[C@H](NC(CNC(N[C@@H](CCCNC(=N)N)C(N[C@@H](C)C(=O)O)N[C@@H](C)C(=O)O)[C@@H](NC(N[C@@H](Cc1ccc(N[C@@H](CC(C)C)C(N[C@@H](Cc2c[nH]c3ccccc23)C(=O)O)N[C@@H](CC(C)C)C(=O)O)cc1)C(N[C@@H](Cc1cnc[nH]1)C(NCC(=O)O)N[C@@H](Cc1ccccc1)C(=O)O)N[C@@H](CN[C@@H](CCCCN)C(=O)O)C(N[C@@H](C)C(=O)O)N[C@@H](CC(C)C)C(=O)O)[C@@H](N)CC(C)C)C(C)C)N[C@@H](CCC(=O)O)C(=O)O)C(=O)O,CC(C)C[C@H](NC(CNC(N[C@@H](CCCNC(=N)N)C(N[C@@H](C)C(=O)O)N[C@@H](C)C(=O)O)[C@@H](NC(N[C@@H](Cc1ccc(N[C@@H](CC(C)C)C(N[C@@H](Cc2c[nH]c3ccccc23)C(=O)O)N[C@@H](CC(C)C)C(=O)O)cc1)C(N[C@@H](Cc1cnc[nH]1)C(NCC(=O)O)N[C@@H](Cc1ccccc1)C(=O)O)N[C@@H](CN[C@@H](CCCCN)C(=O)O)C(N[C@@H](C)C(=O)O)N[C@@H](CC(C)C)C(=O)O)[C@@H](N)CC(C)C)C(C)C)N[C@@H](CCC(=O)O)C(=O)O)C(=O)O,HTODOUKJUBEIEY-SAGYASLTSA-N,BBB+,1,2160.682999999999,1.5642700000000413,822.5500000000002,37,34,86,5,153,5,experimental_classification,p
BBBP_00539,539,N=C(N)NCCC[C@H](NC(NCC(=O)O)[C@H](CCCCN)NC(CNc1ccc(C[C@H](N)C(N[C@@H](CCCCN)C(N[C@@H](CCCNC(=N)N)C(=O)O)N[C@@H](CCCNC(=N)N)C(N[C@@H](CCC(=O)O)C(=O)O)N[C@@H](Cc2c[nH]c3ccccc23)C(=O)O)N[C@@H](CCCNC(=N)N)C(N[C@@H](CCC(N)N[C@@H](Cc2ccccc2)C(=O)O)C(N[C@@H](CCCNC(=N)N)C(=O)O)N[C@@H](CCCNC(=N)N)C(=O)O)N[C@@H](CCCNC(=N)N)C(N[C@@H](CCCNC(=N)N)C(=O)O)N[C@@H](Cc2cnc[nH]2)C(=O)O)cc1)N[C@@H](CCCNC(=N)N)C(N[C@@H](CCC(=O)O)C(=O)O)N1CCC[C@H]1C(=O)O)C(=O)O,N=C(N)NCCC[C@H](NC(NCC(=O)O)[C@H](CCCCN)NC(CNc1ccc(C[C@H](N)C(N[C@@H](CCCCN)C(N[C@@H](CCCNC(=N)N)C(=O)O)N[C@@H](CCCNC(=N)N)C(N[C@@H](CCC(=O)O)C(=O)O)N[C@@H](Cc2c[nH]c3ccccc23)C(=O)O)N[C@@H](CCCNC(=N)N)C(N[C@@H](CCC(N)N[C@@H](Cc2ccccc2)C(=O)O)C(N[C@@H](CCCNC(=N)N)C(=O)O)N[C@@H](CCCNC(=N)N)C(=O)O)N[C@@H](CCCNC(=N)N)C(N[C@@H](CCCNC(=N)N)C(=O)O)N[C@@H](Cc2cnc[nH]2)C(=O)O)cc1)N[C@@H](CCCNC(=N)N)C(N[C@@H](CCC(=O)O)C(=O)O)N1CCC[C@H]1C(=O)O)C(=O)O,DISCBXNSEVIQGW-SYDVCZKJSA-N,BBB+,1,2931.5169999999953,-10.383670000000102,1459.6599999999994,66,48,121,5,207,6,experimental_classification,p
BBBP_00540,540,CCC(C)[C@H](NC(N[C@@H](CC(C)C)C(N[C@@H](C)C(=O)O)N[C@@H](Cc1c[nH]c2ccccc12)C(=O)O)[C@@H](N)Cc1ccccc1)C(N[C@@H](C(C)C)C(O)N[C@H](C(=O)O)C(C)CC)N[C@@H](CCSC)C(N[C@@H](Cc1ccccc1)C(=O)O)N1CCC[C@H]1C(=O)O,CCC(C)[C@H](NC(N[C@@H](CC(C)C)C(N[C@@H](C)C(=O)O)N[C@@H](Cc1c[nH]c2ccccc12)C(=O)O)[C@@H](N)Cc1ccccc1)C(N[C@@H](C(C)C)C(O)N[C@H](C(=O)O)C(C)CC)N[C@@H](CCSC)C(N[C@@H](Cc1ccccc1)C(=O)O)N1CCC[C@H]1C(=O)O,TUEFJCCEHMUMHG-SOFICUNSSA-N,BBB+,1,1246.672,5.266200000000011,348.02,16,17,43,4,88,5,experimental_classification,p
BBBP_00541,541,CCC(C)[C@H](NC(N[C@@H](CCCCN)C(=O)O)[C@H](CCCNC(=N)N)NC(N[C@@H](CCCNC(=N)N)C(=O)O)[C@H](CCCCN)NC(N[C@@H](CCCNC(=N)N)C(N[C@@H](CCC(N)N[C@@H](CC(C)C)C(=O)O)C(N[C@@H](CC(=O)O)C(=O)O)N[C@H](C(=O)O)C(C)C)N[C@@H](CCCNC(=N)N)C(N[C@H](C(=O)O)C(C)O)N1CCC[C@H]1C(=O)O)[C@@H](N)Cc1ccc(NCC(N[C@@H](CCCNC(=N)N)C(N[C@@H](CO)C(=O)O)N[C@@H](CCC(=O)O)C(=O)O)N[C@@H](CCCCN)C(N[C@@H](CS)C(=O)O)N[C@@H](CCCNC(=N)N)C(=O)O)cc1)C(=O)O,CCC(C)[C@H](NC(N[C@@H](CCCCN)C(=O)O)[C@H](CCCNC(=N)N)NC(N[C@@H](CCCNC(=N)N)C(=O)O)[C@H](CCCCN)NC(N[C@@H](CCCNC(=N)N)C(N[C@@H](CCC(N)N[C@@H](CC(C)C)C(=O)O)C(N[C@@H](CC(=O)O)C(=O)O)N[C@H](C(=O)O)C(C)C)N[C@@H](CCCNC(=N)N)C(N[C@H](C(=O)O)C(C)O)N1CCC[C@H]1C(=O)O)[C@@H](N)Cc1ccc(NCC(N[C@@H](CCCNC(=N)N)C(N[C@@H](CO)C(=O)O)N[C@@H](CCC(=O)O)C(=O)O)N[C@@H](CCCCN)C(N[C@@H](CS)C(=O)O)N[C@@H](CCCNC(=N)N)C(=O)O)cc1)C(=O)O,UBNOCFROUDBHSA-DBVUCXHPSA-N,BBB+,1,2666.294999999996,-9.94738000000005,1295.9699999999996,59,48,114,1,185,2,experimental_classification,p
BBBP_00542,542,CCC(C)[C@H](NC([C@H](CC(N)N[C@@H](Cc1ccc(O)cc1)C(=O)O)NC(N[C@@H](CC(N)N[C@@H](CCCNC(=N)N)C(=O)O)C(N[C@@H](CCCNC(=N)N)C(=O)O)N1CCC[C@H]1C(=O)O)[C@H](C)NC(CN)N[C@@H](CC(N)N[C@@H](CCCNC(=N)N)C(N1CCC[C@H]1C(=O)O)N1CCC[C@H]1C(=O)O)C(N[C@@H](C(C)C)C(N[C@@H](CCCNC(=N)N)C(=O)O)N[C@@H](CC(C)C)C(=O)O)N1CCC[C@H]1C(N[C@@H](Cc1cnc[nH]1)C(=O)O)N1CCC[C@H]1C(=O)O)N1CCC[C@H]1C(=O)O)C(=O)O,CCC(C)[C@H](NC([C@H](CC(N)N[C@@H](Cc1ccc(O)cc1)C(=O)O)NC(N[C@@H](CC(N)N[C@@H](CCCNC(=N)N)C(=O)O)C(N[C@@H](CCCNC(=N)N)C(=O)O)N1CCC[C@H]1C(=O)O)[C@H](C)NC(CN)N[C@@H](CC(N)N[C@@H](CCCNC(=N)N)C(N1CCC[C@H]1C(=O)O)N1CCC[C@H]1C(=O)O)C(N[C@@H](C(C)C)C(N[C@@H](CCCNC(=N)N)C(=O)O)N[C@@H](CC(C)C)C(=O)O)N1CCC[C@H]1C(N[C@@H](Cc1cnc[nH]1)C(=O)O)N1CCC[C@H]1C(=O)O)N1CCC[C@H]1C(=O)O)C(=O)O,QFIIPRPSASHTFH-CISSMSDHSA-N,BBB+,1,2343.862999999999,-6.427919999999934,1024.0200000000002,43,41,83,2,165,8,experimental_classification,p
BBBP_00543,543,CSCC[C@H](NC(N[C@@H](C)C(N[C@@H](CCCNC(=N)N)C(=O)O)N[C@@H](CC(C)C)C(=O)O)[C@H](CC(C)C)NC(N[C@@H](Cc1ccccc1)C(N[C@@H](C(C)C)C(O)N[C@H](C(=O)O)C(C)O)N[C@@H](CC(C)C)C(N[C@@H](Cc1ccccc1)C(=O)O)N[C@@H](CC(C)C)C(=O)O)[C@@H](N)CCCCN)C(N[C@@H](C)C(=O)O)N[C@@H](Cc1ccccc1)C(=O)O,CSCC[C@H](NC(N[C@@H](C)C(N[C@@H](CCCNC(=N)N)C(=O)O)N[C@@H](CC(C)C)C(=O)O)[C@H](CC(C)C)NC(N[C@@H](Cc1ccccc1)C(N[C@@H](C(C)C)C(O)N[C@H](C(=O)O)C(C)O)N[C@@H](CC(C)C)C(N[C@@H](Cc1ccccc1)C(=O)O)N[C@@H](CC(C)C)C(=O)O)[C@@H](N)CCCCN)C(N[C@@H](C)C(=O)O)N[C@@H](Cc1ccccc1)C(=O)O,QNKHSIPIRZJEDI-RRCCNTJMSA-N,BBB+,1,1684.2580000000007,2.7719699999999854,571.8899999999999,27,26,67,3,118,3,experimental_classification,p
BBBP_00544,544,CC(C)C[C@H](NC(N[C@@H](CCC(=O)O)C(=O)O)[C@H](CN[C@@H](CC(=O)O)C(=O)O)NC(C[C@H](N)C(N[C@@H](C)C(=O)O)N[C@@H](Cc1cnc[nH]1)C(O)N[C@@H](CCCNC(=N)N)C(=O)O)N[C@@H](CN[C@@H](Cc1ccccc1)C(=O)O)C(N[C@@H](CC(C)C)C(=O)O)N[C@H](C(=O)O)C(C)O)C(=O)O,CC(C)C[C@H](NC(N[C@@H](CCC(=O)O)C(=O)O)[C@H](CN[C@@H](CC(=O)O)C(=O)O)NC(C[C@H](N)C(N[C@@H](C)C(=O)O)N[C@@H](Cc1cnc[nH]1)C(O)N[C@@H](CCCNC(=N)N)C(=O)O)N[C@@H](CN[C@@H](Cc1ccccc1)C(=O)O)C(N[C@@H](CC(C)C)C(=O)O)N[C@H](C(=O)O)C(C)O)C(=O)O,RCJXHEHVNQKJQH-WARLYSSASA-N,BBB+,1,1400.5539999999999,-5.152230000000007,662.3900000000001,28,26,56,2,98,2,experimental_classification,p
BBBP_00545,545,NC(=O)C[C@H](NC(N[C@@H](Cc1ccccc1)C(=O)O)[C@H](CCC(N[C@@H](CCC(=O)O)C(=O)O)N1CCC[C@H]1C(=O)O)NC(N[C@@H](CC(N)=O)C(=O)O)[C@@H](N)Cc1ccc(N2CCC[C@H]2C(NCC(=O)O)N[C@@H](Cc2ccccc2)C(=O)O)cc1)C(=O)O,NC(=O)C[C@H](NC(N[C@@H](Cc1ccccc1)C(=O)O)[C@H](CCC(N[C@@H](CCC(=O)O)C(=O)O)N1CCC[C@H]1C(=O)O)NC(N[C@@H](CC(N)=O)C(=O)O)[C@@H](N)Cc1ccc(N2CCC[C@H]2C(NCC(=O)O)N[C@@H](Cc2ccccc2)C(=O)O)cc1)C(=O)O,VVKRGFQOAZPFOQ-KFWWZLNNSA-N,BBB+,1,1221.3329999999999,-1.893800000000022,501.28999999999996,18,20,42,3,87,5,experimental_classification,p
BBBP_00546,546,CC(C)[C@H](NC(N[C@H](C(=O)O)C(C)C)[C@H](C)Nc1ccc(C[C@H](N)C(N[C@@H](CCC(=O)O)C(=O)O)N[C@@H](Cc2ccccc2)C(O)NCC(=O)O)cc1)C(=O)O,CC(C)[C@H](NC(N[C@H](C(=O)O)C(C)C)[C@H](C)Nc1ccc(C[C@H](N)C(N[C@@H](CCC(=O)O)C(=O)O)N[C@@H](Cc2ccccc2)C(O)NCC(=O)O)cc1)C(=O)O,ZVAHPIIFHYTCFA-TXQNEPFNSA-N,BBB+,1,789.9280000000003,0.5077000000000106,304.92999999999995,13,13,28,2,56,2,experimental_classification,p
BBBP_00547,547,CC(C)C[C@H](NC(N[C@@H](CCCNC(=N)N)C(=O)O)[C@H](CS)NC(N[C@@H](CS)C(N[C@@H](CC(=O)O)C(=O)O)N[C@@H](CC(C)C)C(=O)O)[C@@H]1CCCN1C(N[C@@H](Cc1c[nH]c2ccccc12)C(NCC(O)N[C@@H](CCCNC(=N)N)C(=O)O)N[C@@H](CC(C)C)C(=O)O)[C@@H](N)Cc1cnc[nH]1)C(=O)O,CC(C)C[C@H](NC(N[C@@H](CCCNC(=N)N)C(=O)O)[C@H](CS)NC(N[C@@H](CS)C(N[C@@H](CC(=O)O)C(=O)O)N[C@@H](CC(C)C)C(=O)O)[C@@H]1CCCN1C(N[C@@H](Cc1c[nH]c2ccccc12)C(NCC(O)N[C@@H](CCCNC(=N)N)C(=O)O)N[C@@H](CC(C)C)C(=O)O)[C@@H](N)Cc1cnc[nH]1)C(=O)O,GFHGMJQTIVEENM-SLGNQRCFSA-N,BBB+,1,1480.8740000000005,-1.863060000000008,599.16,29,25,55,3,102,4,experimental_classification,p
BBBP_00548,548,C[C@H](Nc1ccc(C[C@H](N)C(NCC(=O)O)N[C@@H](Cc2ccccc2)C(O)N[C@@H](CO)C(=O)O)cc1)C(N[C@@H](Cc1ccc(O)cc1)C(=O)O)N1CCC[C@H]1C(=O)O,C[C@H](Nc1ccc(C[C@H](N)C(NCC(=O)O)N[C@@H](Cc2ccccc2)C(O)N[C@@H](CO)C(=O)O)cc1)C(N[C@@H](Cc1ccc(O)cc1)C(=O)O)N1CCC[C@H]1C(=O)O,FJPZGLPPKHEIDJ-BRBGNSCSSA-N,BBB+,1,809.918,-0.22229999999998956,299.3,13,14,25,3,58,4,experimental_classification,p
BBBP_00549,549,CC(C)C[C@H](NC(N[C@@H](Cc1ccccc1)C(N[C@@H](Cc1ccc(O)cc1)C(=O)O)N[C@H](C(=O)O)C(C)O)[C@@H](NC(N)C[C@H](NC(N[C@@H](CS)C(N[C@@H](C(C)N[C@@H](C(C)N[C@@H](CC(N)=O)C(=O)O)C(N[C@@H](CC(N)=O)C(=O)O)N[C@@H](CC(C)C)C(=O)O)C(N[C@@H](CCCNC(=N)N)C(N[C@@H](CC(C)C)C(=O)O)N1CCC[C@H]1C(=O)O)N[C@@H](CCC(N)NCC(=O)O)C(N[C@H](C(=O)O)C(C)C)N1CCC[C@H]1C(=O)O)N[C@@H](C)C(N[C@@H](C)C(N[C@@H](CC(N)=O)C(=O)O)N[C@H](C(=O)O)C(C)C)N[C@@H](CC(C)C)C(N[C@H](C(=O)O)C(C)O)N1CCC[C@H]1C(=O)O)[C@@H](N)CCCCN)C(N[C@@H](C)C(N[C@@H](CO)C(=O)O)N[C@@H](CO)C(=O)O)N[C@@H](CS)C(N[C@@H](CCCNC(=N)N)C(=O)O)N[C@H](C(=O)O)C(C)C)C(C)N[C@@H](CC(N)NCC(=O)O)C(N[C@@H](CO)C(=O)O)N[C@@H](CC(N)=O)C(=O)O)C(=O)O,CC(C)C[C@H](NC(N[C@@H](Cc1ccccc1)C(N[C@@H](Cc1ccc(O)cc1)C(=O)O)N[C@H](C(=O)O)C(C)O)[C@@H](NC(N)C[C@H](NC(N[C@@H](CS)C(N[C@@H](C(C)N[C@@H](C(C)N[C@@H](CC(N)=O)C(=O)O)C(N[C@@H](CC(N)=O)C(=O)O)N[C@@H](CC(C)C)C(=O)O)C(N[C@@H](CCCNC(=N)N)C(N[C@@H](CC(C)C)C(=O)O)N1CCC[C@H]1C(=O)O)N[C@@H](CCC(N)NCC(=O)O)C(N[C@H](C(=O)O)C(C)C)N1CCC[C@H]1C(=O)O)N[C@@H](C)C(N[C@@H](C)C(N[C@@H](CC(N)=O)C(=O)O)N[C@H](C(=O)O)C(C)C)N[C@@H](CC(C)C)C(N[C@H](C(=O)O)C(C)O)N1CCC[C@H]1C(=O)O)[C@@H](N)CCCCN)C(N[C@@H](C)C(N[C@@H](CO)C(=O)O)N[C@@H](CO)C(=O)O)N[C@@H](CS)C(N[C@@H](CCCNC(=N)N)C(=O)O)N[C@H](C(=O)O)C(C)C)C(C)N[C@@H](CC(N)NCC(=O)O)C(N[C@@H](CO)C(=O)O)N[C@@H](CC(N)=O)C(=O)O)C(=O)O,AJJPZRBKRWFHGF-ODMSHKEWSA-N,BBB+,1,3959.745999999983,-16.91836000000029,1774.9499999999991,78,77,158,2,274,5,experimental_classification,p
BBBP_00550,550,CSCC[C@H](NC(O)[C@H](CCC(N)N[C@@H](CC(C)C)C(=O)O)NC([C@@H]1CCCN1C(N[C@@H](CCCCN)C(N[C@@H](CCC(N)=O)C(=O)O)N[C@@H](Cc1ccccc1)C(=O)O)[C@@H](N)CCCNC(=N)N)N1CCC[C@H]1C(NCC(=O)O)N[C@@H](Cc1ccccc1)C(=O)O)C(=O)O,CSCC[C@H](NC(O)[C@H](CCC(N)N[C@@H](CC(C)C)C(=O)O)NC([C@@H]1CCCN1C(N[C@@H](CCCCN)C(N[C@@H](CCC(N)=O)C(=O)O)N[C@@H](Cc1ccccc1)C(=O)O)[C@@H](N)CCCNC(=N)N)N1CCC[C@H]1C(NCC(=O)O)N[C@@H](Cc1ccccc1)C(=O)O)C(=O)O,HDGMGILXKRWHQM-SAVNVIGESA-N,BBB+,1,1360.737,-1.3227300000000206,529.8,22,23,52,2,95,4,experimental_classification,p
BBBP_00551,551,CC(C)C[C@H](NC(N[C@@H](CCCNC(=N)N)C(=O)O)[C@H](CC(N)NCC(=O)O)NC(CNC(N[C@@H](Cc1ccccc1)C(N[C@@H](CN[C@@H](CO)C(=O)O)C(N[C@@H](CCCNC(=N)N)C(=O)O)N[C@@H](CCCNC(=N)N)C(=O)O)N[C@@H](CN[C@@H](CCCNC(=N)N)C(=O)O)C(N[C@@H](CO)C(=O)O)N[C@@H](Cc1ccccc1)C(=O)O)[C@@H](N)Cc1ccc(N[C@@H](C)C(N[C@@H](CCCNC(=N)N)C(NCC(=O)O)N[C@@H](CCCNC(=N)N)C(O)N[C@@H](CCCNC(=N)N)C(=O)O)N[C@@H](CC(C)C)C(N[C@@H](Cc2cnc[nH]2)C(NCC(=O)O)N[C@H](C(=O)O)C(C)O)N[C@@H](CS)C(N[C@@H](CO)C(=O)O)N[C@H](C(=O)O)C(C)O)cc1)N[C@@H](Cc1cnc[nH]1)C(N[C@@H](CO)C(=O)O)N[C@@H](Cc1ccc(O)cc1)C(=O)O)C(=O)O,CC(C)C[C@H](NC(N[C@@H](CCCNC(=N)N)C(=O)O)[C@H](CC(N)NCC(=O)O)NC(CNC(N[C@@H](Cc1ccccc1)C(N[C@@H](CN[C@@H](CO)C(=O)O)C(N[C@@H](CCCNC(=N)N)C(=O)O)N[C@@H](CCCNC(=N)N)C(=O)O)N[C@@H](CN[C@@H](CCCNC(=N)N)C(=O)O)C(N[C@@H](CO)C(=O)O)N[C@@H](Cc1ccccc1)C(=O)O)[C@@H](N)Cc1ccc(N[C@@H](C)C(N[C@@H](CCCNC(=N)N)C(NCC(=O)O)N[C@@H](CCCNC(=N)N)C(O)N[C@@H](CCCNC(=N)N)C(=O)O)N[C@@H](CC(C)C)C(N[C@@H](Cc2cnc[nH]2)C(NCC(=O)O)N[C@H](C(=O)O)C(C)O)N[C@@H](CS)C(N[C@@H](CO)C(=O)O)N[C@H](C(=O)O)C(C)O)cc1)N[C@@H](Cc1cnc[nH]1)C(N[C@@H](CO)C(=O)O)N[C@@H](Cc1ccc(O)cc1)C(=O)O)C(=O)O,TXTRDSAFHLAEKY-MNLYSIRESA-N,BBB+,1,3502.0869999999863,-17.98231000000024,1687.5099999999993,80,66,143,6,245,6,experimental_classification,p
BBBP_00552,552,CC(C)C[C@H](NC(N[C@@H](C(C)C)C(N[C@@H](Cc1c[nH]c2ccccc12)C(=O)O)N1CCC[C@H]1C(=O)O)[C@@H](N)CC(C)C)C(N[C@@H](C(C)C)C(O)N[C@H](C(=O)O)C(C)O)N[C@@H](Cc1ccc(O)cc1)C(=O)O,CC(C)C[C@H](NC(N[C@@H](C(C)C)C(N[C@@H](Cc1c[nH]c2ccccc12)C(=O)O)N1CCC[C@H]1C(=O)O)[C@@H](N)CC(C)C)C(N[C@@H](C(C)C)C(O)N[C@H](C(=O)O)C(C)O)N[C@@H](Cc1ccc(O)cc1)C(=O)O,NTQCUNOQCBIMBP-OSGXSBOTSA-N,BBB+,1,998.2770000000002,2.6197000000000097,327.11999999999995,15,15,32,3,71,4,experimental_classification,p
BBBP_00553,553,CC(C)C[C@H](NC(C)[C@H](NC(N[C@@H](Cc1ccccc1)C(N[C@@H](C)C(=O)O)N[C@@H](CO)C(=O)O)[C@H](CNCC(N[C@@H](CO)C(=O)O)N[C@@H](CCCNC(=N)N)C(=O)O)NC(N[C@@H](CC(N[C@@H](C(C)N[C@@H](CCCNC(=N)N)C(=O)O)C(N[C@@H](CCC(N)=O)C(=O)O)N[C@@H](CC(C)C)C(=O)O)N[C@@H](CN[C@@H](CCCNC(=N)N)C(=O)O)C(N[C@@H](CC(C)C)C(=O)O)N[C@@H](CC(C)C)C(=O)O)C(N[C@@H](Cc1ccc(O)cc1)C(=O)O)N[C@@H](CCC(NCC(=O)O)N[C@@H](CCC(N)=O)C(=O)O)C(N[C@@H](CC(C)C)C(=O)O)N[C@H](C(=O)O)C(C)C)[C@@H](N)Cc1cnc[nH]1)C(N[C@@H](CCCNC(=N)N)C(=O)O)N[C@@H](CC(=O)O)C(=O)O)C(=O)O,CC(C)C[C@H](NC(C)[C@H](NC(N[C@@H](Cc1ccccc1)C(N[C@@H](C)C(=O)O)N[C@@H](CO)C(=O)O)[C@H](CNCC(N[C@@H](CO)C(=O)O)N[C@@H](CCCNC(=N)N)C(=O)O)NC(N[C@@H](CC(N[C@@H](C(C)N[C@@H](CCCNC(=N)N)C(=O)O)C(N[C@@H](CCC(N)=O)C(=O)O)N[C@@H](CC(C)C)C(=O)O)N[C@@H](CN[C@@H](CCCNC(=N)N)C(=O)O)C(N[C@@H](CC(C)C)C(=O)O)N[C@@H](CC(C)C)C(=O)O)C(N[C@@H](Cc1ccc(O)cc1)C(=O)O)N[C@@H](CCC(NCC(=O)O)N[C@@H](CCC(N)=O)C(=O)O)C(N[C@@H](CC(C)C)C(=O)O)N[C@H](C(=O)O)C(C)C)[C@@H](N)Cc1cnc[nH]1)C(N[C@@H](CCCNC(=N)N)C(=O)O)N[C@@H](CC(=O)O)C(=O)O)C(=O)O,GFLDHWZPGZMCJQ-NTLTXNTMSA-N,BBB+,1,3128.6329999999907,-11.346520000000107,1470.6499999999996,64,56,131,3,219,3,experimental_classification,p
BBBP_00554,554,CC(C)[C@H](NC(N[C@@H](C)C(=O)O)[C@H](C)Nc1ccc(C[C@H](N)C(N[C@@H](CO)C(=O)O)N[C@@H](Cc2ccccc2)C(O)NCC(=O)O)cc1)C(=O)O,CC(C)[C@H](NC(N[C@@H](C)C(=O)O)[C@H](C)Nc1ccc(C[C@H](N)C(N[C@@H](CO)C(=O)O)N[C@@H](Cc2ccccc2)C(O)NCC(=O)O)cc1)C(=O)O,IUJYGBPZQFLNKO-GLYAAAEYSA-N,BBB+,1,719.8370000000004,-1.0008999999999895,287.85999999999996,13,13,25,2,51,2,experimental_classification,p
BBBP_00555,555,CCC(C)[C@H](NC(N[C@@H](CC(C)C)C(=O)O)[C@H](CC(C)C)NC(N[C@@H](C(C)N[C@@H](Cc1ccc(O)cc1)C(=O)O)C(N[C@@H](C)C(=O)O)N[C@@H](CC(N)=O)C(=O)O)[C@H](CC(C)C)NC(NCC(N[C@@H](C)C(N[C@@H](C(C)N[C@@H](CCCNC(=N)N)C(=O)O)C(N[C@@H](C)C(=O)O)N[C@@H](Cc1ccccc1)C(=O)O)N[C@@H](CCCNC(=N)N)C(=O)O)N[C@@H](CN[C@@H](Cc1c[nH]c2ccccc12)C(=O)O)C(N[C@@H](C)C(=O)O)N[C@@H](Cc1cnc[nH]1)C(=O)O)[C@@H](N)Cc1cnc[nH]1)C(=O)O,CCC(C)[C@H](NC(N[C@@H](CC(C)C)C(=O)O)[C@H](CC(C)C)NC(N[C@@H](C(C)N[C@@H](Cc1ccc(O)cc1)C(=O)O)C(N[C@@H](C)C(=O)O)N[C@@H](CC(N)=O)C(=O)O)[C@H](CC(C)C)NC(NCC(N[C@@H](C)C(N[C@@H](C(C)N[C@@H](CCCNC(=N)N)C(=O)O)C(N[C@@H](C)C(=O)O)N[C@@H](Cc1ccccc1)C(=O)O)N[C@@H](CCCNC(=N)N)C(=O)O)N[C@@H](CN[C@@H](Cc1c[nH]c2ccccc12)C(=O)O)C(N[C@@H](C)C(=O)O)N[C@@H](Cc1cnc[nH]1)C(=O)O)[C@@H](N)Cc1cnc[nH]1)C(=O)O,VVMILLQVFWVSQD-YQUNMGOGSA-N,BBB+,1,2314.7719999999995,-2.9355599999999153,962.4599999999999,43,38,89,6,164,6,experimental_classification,p
BBBP_00556,556,CCC(C)[C@H](NC(CNC(N[C@@H](CCCNC(=N)N)C(N[C@@H](CCC(N)=O)C(=O)O)N[C@@H](Cc1ccc(O)cc1)C(=O)O)[C@H](CCCNC(=N)N)NC(N[C@@H](CCCCN)C(N[C@@H](CCCNC(=N)N)C(NCC(=O)O)N[C@@H](CCC(N)=O)C(=O)O)N[C@@H](CCCNC(=N)N)C(N[C@@H](CCCNC(=N)N)C(=O)O)N[C@@H](CCCNC(=N)N)C(=O)O)[C@H](CCCNC(=N)N)NC(CN)N[C@@H](CCCCN)C(N[C@@H](CCC(N)N[C@@H](CCC(N)=O)C(=O)O)C(NCC(=O)O)N[C@@H](CCCNC(=N)N)C(=O)O)N[C@@H](CCCNC(=N)N)C(NCC(N[C@@H](CCCCN)C(=O)O)N1CCC[C@H]1C(=O)O)N[C@@H](CC(C)C)C(=O)O)N[C@@H](CO)C(=O)O)C(=O)O,CCC(C)[C@H](NC(CNC(N[C@@H](CCCNC(=N)N)C(N[C@@H](CCC(N)=O)C(=O)O)N[C@@H](Cc1ccc(O)cc1)C(=O)O)[C@H](CCCNC(=N)N)NC(N[C@@H](CCCCN)C(N[C@@H](CCCNC(=N)N)C(NCC(=O)O)N[C@@H](CCC(N)=O)C(=O)O)N[C@@H](CCCNC(=N)N)C(N[C@@H](CCCNC(=N)N)C(=O)O)N[C@@H](CCCNC(=N)N)C(=O)O)[C@H](CCCNC(=N)N)NC(CN)N[C@@H](CCCCN)C(N[C@@H](CCC(N)N[C@@H](CCC(N)=O)C(=O)O)C(NCC(=O)O)N[C@@H](CCCNC(=N)N)C(=O)O)N[C@@H](CCCNC(=N)N)C(NCC(N[C@@H](CCCCN)C(=O)O)N1CCC[C@H]1C(=O)O)N[C@@H](CC(C)C)C(=O)O)N[C@@H](CO)C(=O)O)C(=O)O,RUWPWEBWMOJQPF-LNKYWFKNSA-N,BBB+,1,3205.923999999994,-17.31977000000023,1671.0899999999988,75,58,142,1,224,2,experimental_classification,p
BBBP_00557,557,CC(C)[C@H](Nc1ccc(C[C@H](NC(N[C@@H](CS)C(N[C@@H](CCCCN)C(=O)O)N[C@@H](Cc2c[nH]c3ccccc23)C(N[C@@H](CC(N)=O)C(=O)O)N[C@@H](Cc2cnc[nH]2)C(=O)O)[C@@H](N)Cc2ccccc2)C(N[C@@H](CS)C(=O)O)N[C@H](C(=O)O)C(C)O)cc1)C(=O)O,CC(C)[C@H](Nc1ccc(C[C@H](NC(N[C@@H](CS)C(N[C@@H](CCCCN)C(=O)O)N[C@@H](Cc2c[nH]c3ccccc23)C(N[C@@H](CC(N)=O)C(=O)O)N[C@@H](Cc2cnc[nH]2)C(=O)O)[C@@H](N)Cc2ccccc2)C(N[C@@H](CS)C(=O)O)N[C@H](C(=O)O)C(C)O)cc1)C(=O)O,ALEAHDQLGDRQLL-RZHFBCFLSA-N,BBB+,1,1308.5970000000002,-0.3522000000000188,491.90000000000003,23,22,46,5,91,5,experimental_classification,p
BBBP_00558,558,CCC(C)[C@H](NC[C@H](NC(N[C@@H](C(C)N[C@@H](Cc1ccccc1)C(=O)O)C(N[C@@H](CC(=O)O)C(=O)O)N[C@H](C(=O)O)C(C)O)[C@H](CN[C@@H](CCCNC(=N)N)C(N[C@@H](CCC(N)=O)C(=O)O)N[C@@H](Cc1cnc[nH]1)C(=O)O)NC(N[C@@H](CCC(N)N[C@@H](CCC(N)N[C@@H](C(C)N[C@@H](CCCCN)C(=O)O)C(N[C@@H](CO)C(=O)O)N[C@H](C(=O)O)C(C)CC)C(N[C@@H](C(C)NCC(=O)O)C(O)N[C@@H](Cc1ccc(O)cc1)C(=O)O)N[C@@H](CS)C(N[C@@H](CCC(N)=O)C(=O)O)N1CCC[C@H]1C(=O)O)C(NCC(N[C@@H](CCSC)C(=O)O)N[C@@H](CCC(N)=O)C(=O)O)N[C@@H](CN[C@@H](CCCCN)C(=O)O)C(N[C@@H](C)C(=O)O)N[C@@H](CC(C)C)C(=O)O)[C@@H](N)Cc1ccc(N[C@@H](CCCNC(=N)N)C(N[C@@H](CCSC)C(NCC(N[C@@H](CCCCN)C(=O)O)N[C@@H](CC(=O)O)C(=O)O)N[C@@H](CS)C(N[C@@H](CCCCN)C(=O)O)N[C@@H](CC(=O)O)C(=O)O)N[C@@H](CC(N)N[C@@H](CCCNC(=N)N)C(NCC(=O)O)N[C@@H](CCSC)C(=O)O)C(NCC(N[C@@H](CCCNC(=N)N)C(=O)O)N[C@@H](CC(N)=O)C(=O)O)N[C@@H](Cc2ccccc2)C(N[C@@H](C)C(=O)O)N2CCC[C@H]2C(=O)O)cc1)C(N[C@@H](CCC(N)=O)C(=O)O)N[C@@H](Cc1ccc(O)cc1)C(=O)O)C(=O)O,CCC(C)[C@H](NC[C@H](NC(N[C@@H](C(C)N[C@@H](Cc1ccccc1)C(=O)O)C(N[C@@H](CC(=O)O)C(=O)O)N[C@H](C(=O)O)C(C)O)[C@H](CN[C@@H](CCCNC(=N)N)C(N[C@@H](CCC(N)=O)C(=O)O)N[C@@H](Cc1cnc[nH]1)C(=O)O)NC(N[C@@H](CCC(N)N[C@@H](CCC(N)N[C@@H](C(C)N[C@@H](CCCCN)C(=O)O)C(N[C@@H](CO)C(=O)O)N[C@H](C(=O)O)C(C)CC)C(N[C@@H](C(C)NCC(=O)O)C(O)N[C@@H](Cc1ccc(O)cc1)C(=O)O)N[C@@H](CS)C(N[C@@H](CCC(N)=O)C(=O)O)N1CCC[C@H]1C(=O)O)C(NCC(N[C@@H](CCSC)C(=O)O)N[C@@H](CCC(N)=O)C(=O)O)N[C@@H](CN[C@@H](CCCCN)C(=O)O)C(N[C@@H](C)C(=O)O)N[C@@H](CC(C)C)C(=O)O)[C@@H](N)Cc1ccc(N[C@@H](CCCNC(=N)N)C(N[C@@H](CCSC)C(NCC(N[C@@H](CCCCN)C(=O)O)N[C@@H](CC(=O)O)C(=O)O)N[C@@H](CS)C(N[C@@H](CCCCN)C(=O)O)N[C@@H](CC(=O)O)C(=O)O)N[C@@H](CC(N)N[C@@H](CCCNC(=N)N)C(NCC(=O)O)N[C@@H](CCSC)C(=O)O)C(NCC(N[C@@H](CCCNC(=N)N)C(=O)O)N[C@@H](CC(N)=O)C(=O)O)N[C@@H](Cc2ccccc2)C(N[C@@H](C)C(=O)O)N2CCC[C@H]2C(=O)O)cc1)C(N[C@@H](CCC(N)=O)C(=O)O)N[C@@H](Cc1ccc(O)cc1)C(=O)O)C(=O)O,HNUHRBKNGIQOEL-PWEQXABJSA-N,BBB+,1,5778.876999999982,-21.528919999999765,2603.8300000000017,113,110,243,6,399,8,experimental_classification,p
BBBP_00559,559,CCC(C)[C@H](NC(N[C@@H](CO)C(=O)O)[C@H](C)NC(N)C[C@H](N)C(N[C@H](C(=O)O)C(C)C)N1CCC[C@H]1C(N[C@@H](CCC(N)=O)C(=O)O)N1CCC[C@H]1C(=O)O)C(=O)O,CCC(C)[C@H](NC(N[C@@H](CO)C(=O)O)[C@H](C)NC(N)C[C@H](N)C(N[C@H](C(=O)O)C(C)C)N1CCC[C@H]1C(N[C@@H](CCC(N)=O)C(=O)O)N1CCC[C@H]1C(=O)O)C(=O)O,IQAQJBUMRNUDKC-FMBQMLTRSA-N,BBB+,1,832.998,-2.9105000000000087,368.49000000000007,14,16,29,0,58,2,experimental_classification,p
BBBP_00560,560,N=C(N)NCCC[C@H](NC([C@H](Cc1ccccc1)NC(N[C@@H](Cc1ccc(N[C@@H](CCC(N)=O)C(=O)O)cc1)C(N[C@@H](CS)C(=O)O)N[C@@H](CC(N)=O)C(=O)O)[C@@H](N)CS)N1CCC[C@H]1C(=O)O)C(=O)O,N=C(N)NCCC[C@H](NC([C@H](Cc1ccccc1)NC(N[C@@H](Cc1ccc(N[C@@H](CCC(N)=O)C(=O)O)cc1)C(N[C@@H](CS)C(=O)O)N[C@@H](CC(N)=O)C(=O)O)[C@@H](N)CS)N1CCC[C@H]1C(=O)O)C(=O)O,JMXQZSMVTRPCOW-UIXGAHHUSA-N,BBB+,1,1036.249,-2.499930000000007,436.02,19,18,36,2,71,3,experimental_classification,p
BBBP_00561,561,CC(N[C@@H](Cc1ccccc1)C(NCC(N[C@@H](CC(N)=O)C(=O)O)N[C@@H](CC(N)=O)C(=O)O)NCC(N[C@@H](CCCNC(=N)N)C(=O)O)N[C@@H](Cc1ccccc1)C(=O)O)[C@H](N)C(N[C@@H](Cc1ccc(NCC(=O)O)cc1)C(N[C@@H](CCCNC(=N)N)C(=O)O)N[C@@H](CCCNC(=N)N)C(=O)O)N[C@@H](Cc1ccccc1)C(N[C@@H](CCCNC(=N)N)C(O)N[C@@H](Cc1ccc(O)cc1)C(=O)O)N[C@@H](CN[C@H](C(=O)O)C(C)O)C(N[C@@H](CCC(=O)O)C(=O)O)N[C@@H](CCC(=O)O)C(=O)O,CC(N[C@@H](Cc1ccccc1)C(NCC(N[C@@H](CC(N)=O)C(=O)O)N[C@@H](CC(N)=O)C(=O)O)NCC(N[C@@H](CCCNC(=N)N)C(=O)O)N[C@@H](Cc1ccccc1)C(=O)O)[C@H](N)C(N[C@@H](Cc1ccc(NCC(=O)O)cc1)C(N[C@@H](CCCNC(=N)N)C(=O)O)N[C@@H](CCCNC(=N)N)C(=O)O)N[C@@H](Cc1ccccc1)C(N[C@@H](CCCNC(=N)N)C(O)N[C@@H](Cc1ccc(O)cc1)C(=O)O)N[C@@H](CN[C@H](C(=O)O)C(C)O)C(N[C@@H](CCC(=O)O)C(=O)O)N[C@@H](CCC(=O)O)C(=O)O,MSTHLBRRVUKQNY-VDHBRMABSA-N,BBB+,1,2373.6639999999984,-8.968619999999966,1121.9299999999998,49,41,94,5,168,5,experimental_classification,p
BBBP_00562,562,C[C@H](Nc1ccc(C[C@H](N)C(N[C@@H](Cc2ccccc2)C(=O)O)N[C@@H](Cc2ccccc2)C(=O)O)cc1)C(O)N[C@@H](CC(N)=O)C(=O)O,C[C@H](Nc1ccc(C[C@H](N)C(N[C@@H](Cc2ccccc2)C(=O)O)N[C@@H](Cc2ccccc2)C(=O)O)cc1)C(O)N[C@@H](CC(N)=O)C(=O)O,CTPKYUJQXYJROL-CJSRXCSRSA-N,BBB+,1,664.7600000000001,0.49050000000000554,249.35999999999999,10,10,21,3,48,3,experimental_classification,p
BBBP_00563,563,CC(C)[C@H](NC(N[C@@H](CS)C(=O)O)[C@H](CC(N1CCC[C@H]1C(=O)O)N1CCC[C@H]1C(=O)O)NC(N[C@H](C(=O)O)C(C)O)[C@@H](N)CS)C(=O)O,CC(C)[C@H](NC(N[C@@H](CS)C(=O)O)[C@H](CC(N1CCC[C@H]1C(=O)O)N1CCC[C@H]1C(=O)O)NC(N[C@H](C(=O)O)C(C)O)[C@@H](N)CS)C(=O)O,HGSZJJRBFSLLRW-LYWGPIBOSA-N,BBB+,1,739.9150000000004,-2.2368999999999972,287.34999999999997,13,15,23,0,49,2,experimental_classification,p
BBBP_00564,564,CCC(C)[C@H](NC(N[C@@H](Cc1cnc[nH]1)C(=O)O)[C@H](CC(N[C@@H](CC(N)=O)C(=O)O)N[C@@H](CC(N)=O)C(=O)O)NC(CNC(N)CC[C@H](NC(N)CC[C@H](N)C(N[C@@H](CC(C)C)C(NCC(N[C@@H](CO)C(=O)O)N[C@@H](CC(C)C)C(=O)O)N[C@@H](CCC(N)N[C@@H](Cc1ccc(O)cc1)C(=O)O)C(N[C@@H](CCC(=O)O)C(=O)O)N[C@@H](CC(C)C)C(=O)O)N[C@@H](CC(C)C)C(N[C@@H](C(C)C)C(N[C@@H](CCC(N)=O)C(=O)O)N[C@@H](CCC(=O)O)C(=O)O)N[C@@H](CCCNC(=N)N)C(N[C@@H](CO)C(=O)O)N[C@H](C(=O)O)C(C)C)C(NCC(N[C@@H](CC(C)C)C(=O)O)N[C@H](C(=O)O)C(C)C)N[C@@H](C(C)NCC(N[C@@H](CCSC)C(=O)O)N[C@@H](Cc1ccccc1)C(=O)O)C(N[C@@H](Cc1ccc(N[C@@H](CCCNC(=N)N)C(=O)O)cc1)C(N[C@@H](CO)C(=O)O)N[C@@H](CCC(N)=O)C(=O)O)N[C@@H](Cc1ccccc1)C(N[C@@H](CCC(=O)O)C(=O)O)N[C@H](C(=O)O)C(C)CC)N[C@@H](Cc1ccc(N[C@@H](CC(=O)O)C(=O)O)cc1)C(N[C@@H](C)C(=O)O)N[C@@H](CO)C(=O)O)C(=O)O,CCC(C)[C@H](NC(N[C@@H](Cc1cnc[nH]1)C(=O)O)[C@H](CC(N[C@@H](CC(N)=O)C(=O)O)N[C@@H](CC(N)=O)C(=O)O)NC(CNC(N)CC[C@H](NC(N)CC[C@H](N)C(N[C@@H](CC(C)C)C(NCC(N[C@@H](CO)C(=O)O)N[C@@H](CC(C)C)C(=O)O)N[C@@H](CCC(N)N[C@@H](Cc1ccc(O)cc1)C(=O)O)C(N[C@@H](CCC(=O)O)C(=O)O)N[C@@H](CC(C)C)C(=O)O)N[C@@H](CC(C)C)C(N[C@@H](C(C)C)C(N[C@@H](CCC(N)=O)C(=O)O)N[C@@H](CCC(=O)O)C(=O)O)N[C@@H](CCCNC(=N)N)C(N[C@@H](CO)C(=O)O)N[C@H](C(=O)O)C(C)C)C(NCC(N[C@@H](CC(C)C)C(=O)O)N[C@H](C(=O)O)C(C)C)N[C@@H](C(C)NCC(N[C@@H](CCSC)C(=O)O)N[C@@H](Cc1ccccc1)C(=O)O)C(N[C@@H](Cc1ccc(N[C@@H](CCCNC(=N)N)C(=O)O)cc1)C(N[C@@H](CO)C(=O)O)N[C@@H](CCC(N)=O)C(=O)O)N[C@@H](Cc1ccccc1)C(N[C@@H](CCC(=O)O)C(=O)O)N[C@H](C(=O)O)C(C)CC)N[C@@H](Cc1ccc(N[C@@H](CC(=O)O)C(=O)O)cc1)C(N[C@@H](C)C(=O)O)N[C@@H](CO)C(=O)O)C(=O)O,NLKDCTADPHHSAC-NSDPRTIQSA-N,BBB+,1,4747.543999999981,-11.760560000000346,2092.9699999999984,89,86,198,6,332,6,experimental_classification,p
BBBP_00565,565,CSCC[C@H](NC(C[C@H](NC(C[C@H](N)C(N[C@@H](CCSC)C(N[C@@H](Cc1ccc(O)cc1)C(=O)O)N[C@H](C(=O)O)C(C)C)N[C@@H](CC(C)C)C(N[C@@H](CCCNC(=N)N)C(=O)O)N1CCC[C@H]1C(=O)O)N[C@@H](Cc1ccccc1)C(N[C@@H](CCCNC(=N)N)C(N[C@@H](CS)C(=O)O)N[C@@H](Cc1c[nH]c2ccccc12)C(=O)O)N[C@@H](CS)C(N[C@@H](CCC(N)=O)C(=O)O)N[C@H](C(=O)O)C(C)C)C(NCC(=O)O)N[C@@H](CCCNC(=N)N)C(=O)O)N[C@@H](CC(C)C)C(=O)O)C(=O)O,CSCC[C@H](NC(C[C@H](NC(C[C@H](N)C(N[C@@H](CCSC)C(N[C@@H](Cc1ccc(O)cc1)C(=O)O)N[C@H](C(=O)O)C(C)C)N[C@@H](CC(C)C)C(N[C@@H](CCCNC(=N)N)C(=O)O)N1CCC[C@H]1C(=O)O)N[C@@H](Cc1ccccc1)C(N[C@@H](CCCNC(=N)N)C(N[C@@H](CS)C(=O)O)N[C@@H](Cc1c[nH]c2ccccc12)C(=O)O)N[C@@H](CS)C(N[C@@H](CCC(N)=O)C(=O)O)N[C@H](C(=O)O)C(C)C)C(NCC(=O)O)N[C@@H](CCCNC(=N)N)C(=O)O)N[C@@H](CC(C)C)C(=O)O)C(=O)O,QIKJNDDFIVTBNY-CMKWWCRVSA-N,BBB+,1,2407.046999999998,-1.830489999999938,946.1800000000002,44,40,93,4,165,5,experimental_classification,p
BBBP_00566,566,CCC(C)[C@H](NC(N[C@@H](CCC(N)N[C@H](C(=O)O)C(C)O)C(N[C@@H](CCCCN)C(=O)O)N[C@@H](Cc1ccc(O)cc1)C(=O)O)[C@@H](N)C(C)C)C(=O)O,CCC(C)[C@H](NC(N[C@@H](CCC(N)N[C@H](C(=O)O)C(C)O)C(N[C@@H](CCCCN)C(=O)O)N[C@@H](Cc1ccc(O)cc1)C(=O)O)[C@@H](N)C(C)C)C(=O)O,SRJLIKRXXLTXQC-IYCVWMOKSA-N,BBB+,1,756.9430000000003,-0.6794999999999989,327.87,14,14,29,1,53,1,experimental_classification,p
BBBP_00567,567,CCC(C)[C@H](NC([C@H](CN[C@@H](CCCNC(=N)N)C(=O)O)NC(N[C@@H](Cc1ccc(N[C@@H](CO)C(=O)O)cc1)C(N[C@@H](Cc1cnc[nH]1)C(=O)O)N1CCC[C@H]1C(=O)O)[C@@H]1CCCN1C(CN)N[C@@H](CCCCN)C(N[C@@H](CCCNC(=N)N)C(N[C@@H](CCCNC(=N)N)C(=O)O)N1CCC[C@H]1C(N[C@@H](CCCNC(=N)N)C(=O)O)N[C@H](C(=O)O)C(C)C)N1CCC[C@H]1C(N[C@H](C(=O)O)C(C)O)N1CCC[C@H]1C(=O)O)N1CCC[C@H]1C(=O)O)C(=O)O,CCC(C)[C@H](NC([C@H](CN[C@@H](CCCNC(=N)N)C(=O)O)NC(N[C@@H](Cc1ccc(N[C@@H](CO)C(=O)O)cc1)C(N[C@@H](Cc1cnc[nH]1)C(=O)O)N1CCC[C@H]1C(=O)O)[C@@H]1CCCN1C(CN)N[C@@H](CCCCN)C(N[C@@H](CCCNC(=N)N)C(N[C@@H](CCCNC(=N)N)C(=O)O)N1CCC[C@H]1C(N[C@@H](CCCNC(=N)N)C(=O)O)N[C@H](C(=O)O)C(C)C)N1CCC[C@H]1C(N[C@H](C(=O)O)C(C)O)N1CCC[C@H]1C(=O)O)N1CCC[C@H]1C(=O)O)C(=O)O,JFBNFVVZQNPQNG-WIAYDMJGSA-N,BBB+,1,2214.7000000000003,-5.942619999999907,942.8800000000002,40,38,79,2,156,8,experimental_classification,p
BBBP_00568,568,CC(C)[C@H](NC(N[C@@H](C)C(=O)O)[C@@H](N)CN[C@@H](Cc1cnc[nH]1)C(O)N[C@@H](CO)C(=O)O)C(=O)O,CC(C)[C@H](NC(N[C@@H](C)C(=O)O)[C@@H](N)CN[C@@H](Cc1cnc[nH]1)C(O)N[C@@H](CO)C(=O)O)C(=O)O,BQELAAHRKGYEJM-SVTBQDCJSA-N,BBB+,1,503.5570000000002,-3.3211999999999935,255.17999999999995,11,11,18,1,35,1,experimental_classification,p
BBBP_00569,569,CCC(C)[C@H](NC(CC[C@H](NC(N[C@@H](CC(N)=O)C(=O)O)[C@@H](N)CCC(N[C@@H](Cc1ccc(N[C@@H](CCCNC(=N)N)C(=O)O)cc1)C(N[C@@H](CCCNC(=N)N)C(=O)O)N1CCC[C@H]1C(=O)O)N[C@@H](CC(C)C)C(N[C@@H](CCCCN)C(=O)O)N1CCC[C@H]1C(=O)O)C(O)N[C@@H](CC(C)C)C(=O)O)N[C@@H](Cc1ccc(O)cc1)C(=O)O)C(=O)O,CCC(C)[C@H](NC(CC[C@H](NC(N[C@@H](CC(N)=O)C(=O)O)[C@@H](N)CCC(N[C@@H](Cc1ccc(N[C@@H](CCCNC(=N)N)C(=O)O)cc1)C(N[C@@H](CCCNC(=N)N)C(=O)O)N1CCC[C@H]1C(=O)O)N[C@@H](CC(C)C)C(N[C@@H](CCCCN)C(=O)O)N1CCC[C@H]1C(=O)O)C(O)N[C@@H](CC(C)C)C(=O)O)N[C@@H](Cc1ccc(O)cc1)C(=O)O)C(=O)O,CNUOPGMSZUVGSF-USSLXGLVSA-N,BBB+,1,1703.0640000000003,-1.2222599999999813,721.8700000000001,30,28,65,2,120,4,experimental_classification,p
BBBP_00570,570,CC(C)C[C@H](NC[C@H](NC(N[C@@H](CCCNC(=N)N)C(=O)O)[C@H](CCCNC(=N)N)NC(N[C@@H](CCCNC(=N)N)C(N[C@@H](C)C(=O)O)N[C@@H](CC(C)C)C(=O)O)[C@H](CCCNC(=N)N)NC(N[C@@H](CCCNC(=N)N)C(N[C@@H](CCCNC(=N)N)C(N[C@@H](C)C(N[C@H](C(=O)O)C(C)C)N1CCC[C@H]1C(=O)O)N[C@@H](CCCNC(=N)N)C(NCC(=O)O)N[C@@H](CCCNC(=N)N)C(=O)O)N[C@@H](CCCNC(=N)N)C(N[C@@H](CCCNC(=N)N)C(NCC(=O)O)N[C@@H](CCCNC(=N)N)C(=O)O)N[C@@H](CCCNC(=N)N)C(N[C@@H](CCC(=O)O)C(=O)O)N[C@@H](CC(C)C)C(=O)O)[C@@H](N)CCCNC(=N)N)C(=O)O)C(=O)O,CC(C)C[C@H](NC[C@H](NC(N[C@@H](CCCNC(=N)N)C(=O)O)[C@H](CCCNC(=N)N)NC(N[C@@H](CCCNC(=N)N)C(N[C@@H](C)C(=O)O)N[C@@H](CC(C)C)C(=O)O)[C@H](CCCNC(=N)N)NC(N[C@@H](CCCNC(=N)N)C(N[C@@H](CCCNC(=N)N)C(N[C@@H](C)C(N[C@H](C(=O)O)C(C)C)N1CCC[C@H]1C(=O)O)N[C@@H](CCCNC(=N)N)C(NCC(=O)O)N[C@@H](CCCNC(=N)N)C(=O)O)N[C@@H](CCCNC(=N)N)C(N[C@@H](CCCNC(=N)N)C(NCC(=O)O)N[C@@H](CCCNC(=N)N)C(=O)O)N[C@@H](CCCNC(=N)N)C(N[C@@H](CCC(=O)O)C(=O)O)N[C@@H](CC(C)C)C(=O)O)[C@@H](N)CCCNC(=N)N)C(=O)O)C(=O)O,OQWVZUJUCDDYCV-LEPARTAESA-N,BBB+,1,3078.832999999995,-15.07039000000021,1620.8199999999988,76,51,132,0,215,1,experimental_classification,p
BBBP_00571,571,CSCC[C@H](NC(N[C@@H](C)C(=O)O)[C@H](CCC(N)N[C@H](C(=O)O)C(C)O)NC(N[C@@H](CCCNC(=N)N)C(N[C@@H](CCCCN)C(=O)O)N[C@@H](CCC(=O)O)C(=O)O)[C@H](CCCNC(=N)N)NC(N[C@@H](CCCCN)C(N[C@@H](CCCNC(=N)N)C(=O)O)N[C@@H](CCCNC(=N)N)C(=O)O)[C@@H](N)Cc1ccc(NCC(N[C@@H](CCCCN)C(N[C@@H](CCCNC(=N)N)C(=O)O)N[C@@H](CC(C)C)C(=O)O)N[C@@H](CCCNC(=N)N)C(NCC(=O)O)N2CCC[C@H]2C(=O)O)cc1)C(=O)O,CSCC[C@H](NC(N[C@@H](C)C(=O)O)[C@H](CCC(N)N[C@H](C(=O)O)C(C)O)NC(N[C@@H](CCCNC(=N)N)C(N[C@@H](CCCCN)C(=O)O)N[C@@H](CCC(=O)O)C(=O)O)[C@H](CCCNC(=N)N)NC(N[C@@H](CCCCN)C(N[C@@H](CCCNC(=N)N)C(=O)O)N[C@@H](CCCNC(=N)N)C(=O)O)[C@@H](N)Cc1ccc(NCC(N[C@@H](CCCCN)C(N[C@@H](CCCNC(=N)N)C(=O)O)N[C@@H](CC(C)C)C(=O)O)N[C@@H](CCCNC(=N)N)C(NCC(=O)O)N2CCC[C@H]2C(=O)O)cc1)C(=O)O,RTLJEKPPTQOOOU-MMQDTHSWSA-N,BBB+,1,2406.0049999999997,-8.968980000000002,1177.0799999999997,53,43,104,1,167,2,experimental_classification,p
BBBP_00572,572,CC(C)C[C@H](NC(N[C@@H](CCCCN)C(=O)O)[C@H](Cc1cnc[nH]1)NC(N[C@@H](CC(N[C@@H](Cc1ccccc1)C(=O)O)N[C@H](C(=O)O)C(C)C)C(N[C@@H](C)C(=O)O)N[C@@H](Cc1ccccc1)C(=O)O)[C@H](C)NC(C[C@H](N)C(N[C@@H](CCCNC(=N)N)C(N[C@@H](CCC(N)=O)C(=O)O)N[C@@H](Cc1cnc[nH]1)C(=O)O)N[C@@H](Cc1ccccc1)C(N[C@@H](Cc1cnc[nH]1)C(=O)O)N[C@H](C(=O)O)C(C)C)N[C@@H](CCC(NCC(NCC(=O)O)N[C@@H](CO)C(=O)O)N[C@@H](CN[C@@H](CCC(=O)O)C(=O)O)C(N[C@@H](CC(=O)O)C(=O)O)N[C@H](C(=O)O)C(C)C)C(N[C@@H](CCC(N)=O)C(=O)O)N[C@@H](Cc1ccc(N[C@@H](CC(N)=O)C(=O)O)cc1)C(O)N[C@@H](CCCCN)C(=O)O)C(=O)O,CC(C)C[C@H](NC(N[C@@H](CCCCN)C(=O)O)[C@H](Cc1cnc[nH]1)NC(N[C@@H](CC(N[C@@H](Cc1ccccc1)C(=O)O)N[C@H](C(=O)O)C(C)C)C(N[C@@H](C)C(=O)O)N[C@@H](Cc1ccccc1)C(=O)O)[C@H](C)NC(C[C@H](N)C(N[C@@H](CCCNC(=N)N)C(N[C@@H](CCC(N)=O)C(=O)O)N[C@@H](Cc1cnc[nH]1)C(=O)O)N[C@@H](Cc1ccccc1)C(N[C@@H](Cc1cnc[nH]1)C(=O)O)N[C@H](C(=O)O)C(C)C)N[C@@H](CCC(NCC(NCC(=O)O)N[C@@H](CO)C(=O)O)N[C@@H](CN[C@@H](CCC(=O)O)C(=O)O)C(N[C@@H](CC(=O)O)C(=O)O)N[C@H](C(=O)O)C(C)C)C(N[C@@H](CCC(N)=O)C(=O)O)N[C@@H](Cc1ccc(N[C@@H](CC(N)=O)C(=O)O)cc1)C(O)N[C@@H](CCCCN)C(=O)O)C(=O)O,MHQWKEHBOMOLJZ-UACPXARFSA-N,BBB+,1,3287.73199999999,-9.233430000000126,1466.5399999999995,61,59,135,7,232,7,experimental_classification,p
BBBP_00573,573,CCC(C)[C@H](NC(C[C@H](NC(C[C@H](N)C(N[C@@H](CC(C)C)C(N[C@@H](CCCNC(=N)N)C(N[C@@H](CO)C(=O)O)N[C@@H](CC(=O)O)C(=O)O)N[C@@H](CC(C)C)C(N[C@@H](Cc1ccccc1)C(=O)O)N[C@H](C(=O)O)C(C)CC)N1CCC[C@H]1C(N[C@@H](Cc1cnc[nH]1)C(N[C@@H](CCC(N)=O)C(=O)O)N[C@@H](CC(N)=O)C(=O)O)N[C@@H](CC(C)C)C(N[C@@H](CCCNC(=N)N)C(=O)O)N[C@H](C(=O)O)C(C)CC)N1CCC[C@H]1C(N[C@@H](C(C)N[C@@H](CCCNC(=N)N)C(=O)O)C(N[C@@H](CCCNC(=N)N)C(=O)O)N[C@@H](CCC(=O)O)C(=O)O)N[C@@H](Cc1ccccc1)C(N[C@@H](C)C(=O)O)N[C@@H](CCC(=O)O)C(=O)O)C(N[C@@H](CC(C)C)C(N[C@@H](CO)C(=O)O)N[C@@H](CCC(N)=O)C(=O)O)N[C@@H](CC(N[C@@H](C)C(=O)O)N[C@@H](CCCNC(=N)N)C(=O)O)C(N[C@@H](CCC(N)=O)C(=O)O)N[C@H](C(=O)O)C(C)O)N[C@@H](CN[C@H](C(=O)O)C(C)N[C@H](C(=O)O)C(C)C)C(N[C@@H](CC(C)C)C(=O)O)N[C@@H](CC(C)C)C(=O)O)C(N[C@@H](CCC(=O)O)C(=O)O)N[C@@H](CC(C)C)C(=O)O,CCC(C)[C@H](NC(C[C@H](NC(C[C@H](N)C(N[C@@H](CC(C)C)C(N[C@@H](CCCNC(=N)N)C(N[C@@H](CO)C(=O)O)N[C@@H](CC(=O)O)C(=O)O)N[C@@H](CC(C)C)C(N[C@@H](Cc1ccccc1)C(=O)O)N[C@H](C(=O)O)C(C)CC)N1CCC[C@H]1C(N[C@@H](Cc1cnc[nH]1)C(N[C@@H](CCC(N)=O)C(=O)O)N[C@@H](CC(N)=O)C(=O)O)N[C@@H](CC(C)C)C(N[C@@H](CCCNC(=N)N)C(=O)O)N[C@H](C(=O)O)C(C)CC)N1CCC[C@H]1C(N[C@@H](C(C)N[C@@H](CCCNC(=N)N)C(=O)O)C(N[C@@H](CCCNC(=N)N)C(=O)O)N[C@@H](CCC(=O)O)C(=O)O)N[C@@H](Cc1ccccc1)C(N[C@@H](C)C(=O)O)N[C@@H](CCC(=O)O)C(=O)O)C(N[C@@H](CC(C)C)C(N[C@@H](CO)C(=O)O)N[C@@H](CCC(N)=O)C(=O)O)N[C@@H](CC(N[C@@H](C)C(=O)O)N[C@@H](CCCNC(=N)N)C(=O)O)C(N[C@@H](CCC(N)=O)C(=O)O)N[C@H](C(=O)O)C(C)O)N[C@@H](CN[C@H](C(=O)O)C(C)N[C@H](C(=O)O)C(C)C)C(N[C@@H](CC(C)C)C(=O)O)N[C@@H](CC(C)C)C(=O)O)C(N[C@@H](CCC(=O)O)C(=O)O)N[C@@H](CC(C)C)C(=O)O,OMSCNPMSVHWWBQ-YNEWRLHJSA-N,BBB+,1,4744.611999999986,-12.341250000000256,2130.539999999999,90,82,197,3,332,5,experimental_classification,p
BBBP_00574,574,CC(C)C[C@H](NC(N[C@@H](CN[C@@H](CN[C@@H](Cc1ccc(O)cc1)C(=O)O)C(N[C@@H](CS)C(=O)O)N[C@@H](CC(N)=O)C(=O)O)C(N[C@@H](CS)C(N[C@@H](CS)C(=O)O)N[C@@H](CCCNC(=N)N)C(=O)O)N[C@@H](CN[C@@H](CO)C(=O)O)C(N[C@@H](CS)C(=O)O)N[C@@H](CC(N)=O)C(=O)O)[C@@H](N)CS)C(NCC(N[C@@H](Cc1ccc(N2CCC[C@H]2C(=O)O)cc1)C(N[C@@H](CO)C(=O)O)N[C@@H](Cc1ccc(O)cc1)C(=O)O)N[C@@H](Cc1cnc[nH]1)C(N[C@@H](Cc1ccc(O)cc1)C(=O)O)N[C@@H](Cc1cnc[nH]1)C(=O)O)N[C@@H](CN1CCC[C@H]1C(N[C@@H](CCCCN)C(=O)O)N[C@@H](CCCNC(=N)N)C(=O)O)C(N[C@@H](C(C)N[C@@H](CS)C(=O)O)C(O)N[C@@H](CCCNC(=N)N)C(=O)O)N[C@@H](CO)C(=O)O,CC(C)C[C@H](NC(N[C@@H](CN[C@@H](CN[C@@H](Cc1ccc(O)cc1)C(=O)O)C(N[C@@H](CS)C(=O)O)N[C@@H](CC(N)=O)C(=O)O)C(N[C@@H](CS)C(N[C@@H](CS)C(=O)O)N[C@@H](CCCNC(=N)N)C(=O)O)N[C@@H](CN[C@@H](CO)C(=O)O)C(N[C@@H](CS)C(=O)O)N[C@@H](CC(N)=O)C(=O)O)[C@@H](N)CS)C(NCC(N[C@@H](Cc1ccc(N2CCC[C@H]2C(=O)O)cc1)C(N[C@@H](CO)C(=O)O)N[C@@H](Cc1ccc(O)cc1)C(=O)O)N[C@@H](Cc1cnc[nH]1)C(N[C@@H](Cc1ccc(O)cc1)C(=O)O)N[C@@H](Cc1cnc[nH]1)C(=O)O)N[C@@H](CN1CCC[C@H]1C(N[C@@H](CCCCN)C(=O)O)N[C@@H](CCCNC(=N)N)C(=O)O)C(N[C@@H](C(C)N[C@@H](CS)C(=O)O)C(O)N[C@@H](CCCNC(=N)N)C(=O)O)N[C@@H](CO)C(=O)O,AXGJHRXRQNGUJG-SEOONZLYSA-N,BBB+,1,3488.1179999999895,-15.642890000000099,1525.5799999999995,73,69,134,6,238,8,experimental_classification,p
BBBP_00575,575,CCC(C)[C@H](NC(N[C@@H](CCC(N)N[C@@H](CC(C)C)C(=O)O)C(N[C@@H](CCCCN)C(=O)O)N[C@@H](Cc1ccc(O)cc1)C(=O)O)[C@@H](N)C(C)C)C(=O)O,CCC(C)[C@H](NC(N[C@@H](CCC(N)N[C@@H](CC(C)C)C(=O)O)C(N[C@@H](CCCCN)C(=O)O)N[C@@H](Cc1ccc(O)cc1)C(=O)O)[C@@H](N)C(C)C)C(=O)O,QFPTVFTXXCUSBO-GOYYRSLVSA-N,BBB+,1,768.9980000000003,0.9858000000000053,307.64,13,13,30,1,54,1,experimental_classification,p
BBBP_00576,576,CCC(C)[C@H](N)C(N[C@@H](CC(N)N[C@@H](CCCCN)C(=O)O)C(NCC(=O)O)N[C@@H](CC(C)C)C(=O)O)N[C@@H](CN[C@@H](CCCNC(=N)N)C(N[C@@H](CCSC)C(=O)O)N[C@H](C(=O)O)C(C)C)C(N[C@@H](CNCC(=O)O)C(=O)O)N[C@@H](Cc1cnc[nH]1)C(=O)O,CCC(C)[C@H](N)C(N[C@@H](CC(N)N[C@@H](CCCCN)C(=O)O)C(NCC(=O)O)N[C@@H](CC(C)C)C(=O)O)N[C@@H](CN[C@@H](CCCNC(=N)N)C(N[C@@H](CCSC)C(=O)O)N[C@H](C(=O)O)C(C)C)C(N[C@@H](CNCC(=O)O)C(=O)O)N[C@@H](Cc1cnc[nH]1)C(=O)O,QQQRAFNXGGOKRI-HKYFHIDJSA-N,BBB+,1,1308.6180000000004,-4.367829999999982,599.3699999999998,26,25,56,1,90,1,experimental_classification,p
BBBP_00577,577,CC(C)C[C@H](NC(N[C@@H](Cc1cnc[nH]1)C(=O)O)[C@H](CCCNC(=N)N)NC([C@@H](N)CCCNC(=N)N)N1CCC[C@H]1C(N[C@@H](C(C)N[C@H](C(=O)O)C(C)O)C(N[C@@H](CCCNC(=N)N)C(=O)O)N[C@@H](Cc1cnc[nH]1)C(=O)O)N[C@@H](CCCNC(=N)N)C(N[C@@H](CCCNC(=N)N)C(=O)O)N[C@@H](CC(N)=O)C(=O)O)C(=O)O,CC(C)C[C@H](NC(N[C@@H](Cc1cnc[nH]1)C(=O)O)[C@H](CCCNC(=N)N)NC([C@@H](N)CCCNC(=N)N)N1CCC[C@H]1C(N[C@@H](C(C)N[C@H](C(=O)O)C(C)O)C(N[C@@H](CCCNC(=N)N)C(=O)O)N[C@@H](Cc1cnc[nH]1)C(=O)O)N[C@@H](CCCNC(=N)N)C(N[C@@H](CCCNC(=N)N)C(=O)O)N[C@@H](CC(N)=O)C(=O)O)C(=O)O,ULFWVFCMYYERLT-XSGFAIKJSA-N,BBB+,1,1609.9150000000013,-8.478449999999926,840.84,37,28,63,2,113,3,experimental_classification,p
BBBP_00578,578,CC(C)C[C@H](N)C(N[C@@H](C(C)C)C(N[C@@H](Cc1c[nH]c2ccccc12)C(=O)O)N[C@H](C(=O)O)C(C)O)N[C@@H](C(C)C)C(N[C@@H](Cc1ccc(O)cc1)C(=O)O)N1CCC[C@H]1C(=O)O,CC(C)C[C@H](N)C(N[C@@H](C(C)C)C(N[C@@H](Cc1c[nH]c2ccccc12)C(=O)O)N[C@H](C(=O)O)C(C)O)N[C@@H](C(C)C)C(N[C@@H](Cc1ccc(O)cc1)C(=O)O)N1CCC[C@H]1C(=O)O,XLPBOWPYZBPLMQ-IFIFHFDESA-N,BBB+,1,883.1009999999999,2.2970000000000095,294.85999999999996,13,13,27,3,63,4,experimental_classification,p
BBBP_00579,579,N=C(N)NCCC[C@H](NC(CNC(N[C@@H](CCCCN)C(=O)O)[C@@H](N)CS)N[C@@H](CCCCN)C(=O)O)C(=O)O,N=C(N)NCCC[C@H](NC(CNC(N[C@@H](CCCCN)C(=O)O)[C@@H](N)CS)N[C@@H](CCCCN)C(=O)O)C(=O)O,IVWVPOCDEPNHMI-DLUNXRHZSA-N,BBB+,1,594.7840000000004,-2.8650300000000026,299.98,14,12,26,0,40,0,experimental_classification,p
BBBP_00580,580,N=C(N)NCCC[C@H](NC(N[C@@H](Cc1ccc(N[C@@H](Cc2cnc[nH]2)C(=O)O)cc1)C(O)N1CCC[C@H]1C(=O)O)[C@@H]1CCCN1)C(=O)O,N=C(N)NCCC[C@H](NC(N[C@@H](Cc1ccc(N[C@@H](Cc2cnc[nH]2)C(=O)O)cc1)C(O)N1CCC[C@H]1C(=O)O)[C@@H]1CCCN1)C(=O)O,SUTOUGOQRQMROS-VUGBCJJGSA-N,BBB+,1,672.7880000000002,-0.7302299999999915,274.07,12,11,20,2,48,4,experimental_classification,p
BBBP_00581,581,CC(C)[C@H](N)C(N[C@@H](C(C)C)C(N[C@@H](Cc1c[nH]c2ccccc12)C(=O)O)N1CCC[C@H]1C(O)N[C@@H](Cc1ccccc1)C(=O)O)N[C@@H](Cc1ccc(N[C@H](C(=O)O)C(C)O)cc1)C(N[C@@H](CCCNC(=N)N)C(=O)O)N[C@@H](CCC(N)=O)C(=O)O,CC(C)[C@H](N)C(N[C@@H](C(C)C)C(N[C@@H](Cc1c[nH]c2ccccc12)C(=O)O)N1CCC[C@H]1C(O)N[C@@H](Cc1ccccc1)C(=O)O)N[C@@H](Cc1ccc(N[C@H](C(=O)O)C(C)O)cc1)C(N[C@@H](CCCNC(=N)N)C(=O)O)N[C@@H](CCC(N)=O)C(=O)O,CMIZKZQYAMYKPM-IQPIRRMESA-N,BBB+,1,1203.4540000000004,0.45846999999999644,461.20999999999987,20,18,40,4,86,5,experimental_classification,p
BBBP_00582,582,N[C@@H](CC(N[C@@H](CC(O)N[C@@H](CCC(=O)O)C(=O)O)C(=O)O)N[C@@H](CCC(N[C@@H](CCC(=O)O)C(=O)O)N[C@@H](CC(=O)O)C(=O)O)C(N[C@@H](CCC(=O)O)C(=O)O)N[C@@H](CC(=O)O)C(=O)O)C(N[C@@H](CCC(=O)O)C(=O)O)N[C@@H](CC(=O)O)C(=O)O,N[C@@H](CC(N[C@@H](CC(O)N[C@@H](CCC(=O)O)C(=O)O)C(=O)O)N[C@@H](CCC(N[C@@H](CCC(=O)O)C(=O)O)N[C@@H](CC(=O)O)C(=O)O)C(N[C@@H](CCC(=O)O)C(=O)O)N[C@@H](CC(=O)O)C(=O)O)C(N[C@@H](CCC(=O)O)C(=O)O)N[C@@H](CC(=O)O)C(=O)O,ICHCPTZXQORQIE-XWTXUBDGSA-N,BBB+,1,1249.1100000000008,-7.319200000000012,714.0200000000002,26,26,53,0,86,0,experimental_classification,p
BBBP_00583,583,CCC(C)[C@H](NC(N[C@@H](CCCCN)C(O)N[C@@H](CC(C)C)C(=O)O)[C@@H]1CCCN1C(N)C[C@H](NC(N[C@@H](C)C(NCC(NCC(=O)O)N[C@@H](Cc1cnc[nH]1)C(=O)O)N[C@@H](C(C)C)C(N[C@@H](CCC(N)=O)C(=O)O)N[C@@H](CCC(N)=O)C(=O)O)[C@@H](N)Cc1ccccc1)C(N[C@@H](Cc1ccccc1)C(N[C@@H](CO)C(=O)O)N[C@@H](CC(C)C)C(=O)O)N[C@@H](CC(NCC(=O)O)N[C@@H](C)C(=O)O)C(N[C@@H](CCC(N)=O)C(=O)O)N[C@@H](Cc1ccc(O)cc1)C(=O)O)C(N[C@@H](C)C(=O)O)N[C@@H](CCCNC(=N)N)C(=O)O,CCC(C)[C@H](NC(N[C@@H](CCCCN)C(O)N[C@@H](CC(C)C)C(=O)O)[C@@H]1CCCN1C(N)C[C@H](NC(N[C@@H](C)C(NCC(NCC(=O)O)N[C@@H](Cc1cnc[nH]1)C(=O)O)N[C@@H](C(C)C)C(N[C@@H](CCC(N)=O)C(=O)O)N[C@@H](CCC(N)=O)C(=O)O)[C@@H](N)Cc1ccccc1)C(N[C@@H](Cc1ccccc1)C(N[C@@H](CO)C(=O)O)N[C@@H](CC(C)C)C(=O)O)N[C@@H](CC(NCC(=O)O)N[C@@H](C)C(=O)O)C(N[C@@H](CCC(N)=O)C(=O)O)N[C@@H](Cc1ccc(O)cc1)C(=O)O)C(N[C@@H](C)C(=O)O)N[C@@H](CCCNC(=N)N)C(=O)O,OPAMSXCZOPAZMQ-XMBZFWPXSA-N,BBB+,1,2542.0289999999964,-7.0267299999999775,1099.3700000000001,47,46,103,4,179,5,experimental_classification,p
BBBP_00584,584,CSCC[C@H](NC(N[C@@H](CCCNC(=N)N)C(=O)O)[C@H](CCCNC(=N)N)NC(N[C@@H](CCSC)C(O)N[C@@H](CC(=O)O)C(=O)O)[C@H](CCCCN)NC(CNc1ccc(C[C@H](N)C(N[C@@H](CCCCN)C(N[C@@H](CCCNC(=N)N)C(N[C@@H](CCCNC(=N)N)C(=O)O)N[C@@H](CCCNC(=N)N)C(=O)O)N[C@@H](CCCNC(=N)N)C(N[C@@H](CC(N)=O)C(=O)O)N[C@H](C(=O)O)C(C)C)N[C@@H](CCCNC(=N)N)C(N[C@@H](CCCNC(=N)N)C(NCC(=O)O)N[C@@H](CC(N)=O)C(=O)O)N[C@@H](CCC(N)N[C@@H](CO)C(=O)O)C(N[C@@H](Cc2ccccc2)C(=O)O)N2CCC[C@H]2C(=O)O)cc1)N[C@@H](CCCNC(=N)N)C(N[C@@H](CO)C(=O)O)N[C@@H](CCCCN)C(=O)O)C(=O)O,CSCC[C@H](NC(N[C@@H](CCCNC(=N)N)C(=O)O)[C@H](CCCNC(=N)N)NC(N[C@@H](CCSC)C(O)N[C@@H](CC(=O)O)C(=O)O)[C@H](CCCCN)NC(CNc1ccc(C[C@H](N)C(N[C@@H](CCCCN)C(N[C@@H](CCCNC(=N)N)C(N[C@@H](CCCNC(=N)N)C(=O)O)N[C@@H](CCCNC(=N)N)C(=O)O)N[C@@H](CCCNC(=N)N)C(N[C@@H](CC(N)=O)C(=O)O)N[C@H](C(=O)O)C(C)C)N[C@@H](CCCNC(=N)N)C(N[C@@H](CCCNC(=N)N)C(NCC(=O)O)N[C@@H](CC(N)=O)C(=O)O)N[C@@H](CCC(N)N[C@@H](CO)C(=O)O)C(N[C@@H](Cc2ccccc2)C(=O)O)N2CCC[C@H]2C(=O)O)cc1)N[C@@H](CCCNC(=N)N)C(N[C@@H](CO)C(=O)O)N[C@@H](CCCCN)C(=O)O)C(=O)O,VTZXJBIOMXIJRW-ZSKCGUTISA-N,BBB+,1,3363.138999999992,-16.370970000000238,1685.529999999999,76,61,145,2,233,3,experimental_classification,p
BBBP_00585,585,C[C@H](NC(N[C@@H](CN[C@@H](Cc1cnc[nH]1)C(N[C@@H](CCCNC(=N)N)C(=O)O)N[C@@H](CCCNC(=N)N)C(=O)O)C(NCC(=O)O)N[C@@H](CCCNC(=N)N)C(O)N[C@@H](CCCNC(=N)N)C(=O)O)[C@@H]1CCCN1C(N[C@@H](C)C(NCC(N[C@@H](CCCNC(=N)N)C(=O)O)N[C@@H](CCC(N)=O)C(=O)O)N[C@@H](CC(N[C@@H](CCCCN)C(=O)O)N[C@@H](CCCNC(=N)N)C(=O)O)C(N[C@@H](CCCCN)C(=O)O)N[C@@H](CCCNC(=N)N)C(=O)O)[C@@H](N)CCCCN)C(NCC(=O)O)N[C@@H](Cc1ccc(O)cc1)C(=O)O,C[C@H](NC(N[C@@H](CN[C@@H](Cc1cnc[nH]1)C(N[C@@H](CCCNC(=N)N)C(=O)O)N[C@@H](CCCNC(=N)N)C(=O)O)C(NCC(=O)O)N[C@@H](CCCNC(=N)N)C(O)N[C@@H](CCCNC(=N)N)C(=O)O)[C@@H]1CCCN1C(N[C@@H](C)C(NCC(N[C@@H](CCCNC(=N)N)C(=O)O)N[C@@H](CCC(N)=O)C(=O)O)N[C@@H](CC(N[C@@H](CCCCN)C(=O)O)N[C@@H](CCCNC(=N)N)C(=O)O)C(N[C@@H](CCCCN)C(=O)O)N[C@@H](CCCNC(=N)N)C(=O)O)[C@@H](N)CCCCN)C(NCC(=O)O)N[C@@H](Cc1ccc(O)cc1)C(=O)O,BPRASXOICKWORA-YQLHVRQKSA-N,BBB+,1,2557.068999999999,-14.014010000000061,1329.0199999999995,60,47,110,2,179,3,experimental_classification,p
BBBP_00586,586,CC(C)C[C@H](NC(O)[C@H](CC(C)C)NC(N[C@@H](CC(C)C)C(N[C@@H](CCCNC(=N)N)C(=O)O)N[C@@H](CC(C)C)C(=O)O)[C@H](CC(C)C)NC(N[C@@H](CCCNC(=N)N)C(N[C@@H](CCCNC(=N)N)C(=O)O)N[C@@H](CC(C)C)C(=O)O)[C@H](CCCNC(=N)N)NC(N[C@@H](CCCCN)C(N[C@@H](CCCNC(=N)N)C(N[C@@H](CCCCN)C(=O)O)N[C@@H](CCCNC(=N)N)C(=O)O)N[C@@H](CCCCN)C(N[C@@H](CCCCN)C(=O)O)N[C@@H](CC(C)C)C(=O)O)[C@@H](N)CC(C)C)C(=O)O,CC(C)C[C@H](NC(O)[C@H](CC(C)C)NC(N[C@@H](CC(C)C)C(N[C@@H](CCCNC(=N)N)C(=O)O)N[C@@H](CC(C)C)C(=O)O)[C@H](CC(C)C)NC(N[C@@H](CCCNC(=N)N)C(N[C@@H](CCCNC(=N)N)C(=O)O)N[C@@H](CC(C)C)C(=O)O)[C@H](CCCNC(=N)N)NC(N[C@@H](CCCCN)C(N[C@@H](CCCNC(=N)N)C(N[C@@H](CCCCN)C(=O)O)N[C@@H](CCCNC(=N)N)C(=O)O)N[C@@H](CCCCN)C(N[C@@H](CCCCN)C(=O)O)N[C@@H](CC(C)C)C(=O)O)[C@@H](N)CC(C)C)C(=O)O,RDFYXESNULURCO-BDXFIGTGSA-N,BBB+,1,2391.2729999999997,-2.243879999999942,1061.9399999999998,50,38,108,0,167,0,experimental_classification,p
BBBP_00587,587,CCC(C)[C@H](NC(C[C@H](NC(N[C@@H](CCSC)C(N[C@@H](CC(=O)O)C(=O)O)N[C@@H](CC(C)C)C(=O)O)[C@H](CS)NC(N[C@@H](CN[C@@H](CN[C@@H](CCCCN)C(=O)O)C(N[C@@H](CS)C(=O)O)N[C@@H](CCC(=O)O)C(=O)O)C(N[C@@H](CN[C@H](C(=O)O)C(C)C)C(N[C@@H](Cc1ccccc1)C(=O)O)N[C@@H](Cc1ccc(O)cc1)C(=O)O)N[C@@H](CC(C)C)C(N[C@@H](CS)C(=O)O)N[C@@H](Cc1cnc[nH]1)C(=O)O)[C@@H](N)CS)C(O)N[C@@H](Cc1c[nH]c2ccccc12)C(=O)O)N[C@H](C(=O)O)C(C)CC)C(=O)O,CCC(C)[C@H](NC(C[C@H](NC(N[C@@H](CCSC)C(N[C@@H](CC(=O)O)C(=O)O)N[C@@H](CC(C)C)C(=O)O)[C@H](CS)NC(N[C@@H](CN[C@@H](CN[C@@H](CCCCN)C(=O)O)C(N[C@@H](CS)C(=O)O)N[C@@H](CCC(=O)O)C(=O)O)C(N[C@@H](CN[C@H](C(=O)O)C(C)C)C(N[C@@H](Cc1ccccc1)C(=O)O)N[C@@H](Cc1ccc(O)cc1)C(=O)O)N[C@@H](CC(C)C)C(N[C@@H](CS)C(=O)O)N[C@@H](Cc1cnc[nH]1)C(=O)O)[C@@H](N)CS)C(O)N[C@@H](Cc1c[nH]c2ccccc12)C(=O)O)N[C@H](C(=O)O)C(C)CC)C(=O)O,HPFSPRCTRNTVRH-XXNULUNESA-N,BBB+,1,2514.124999999996,-1.44319999999995,937.07,45,45,99,5,171,5,experimental_classification,p
BBBP_00588,588,CCC(C)[C@H](NC(C[C@H](NC(N[C@@H](CN[C@@H](CCCNC(=N)N)C(=O)O)C(N[C@@H](Cc1ccccc1)C(=O)O)N[C@@H](CC(C)C)C(=O)O)[C@H](CCC(N[C@@H](C(C)N[C@@H](CCC(=O)O)C(=O)O)C(N[C@@H](C)C(=O)O)N[C@H](C(=O)O)C(C)C)N[C@@H](Cc1ccccc1)C(N[C@@H](CCC(N[C@@H](CCCCN)C(=O)O)N[C@@H](CCCCN)C(=O)O)C(=O)O)N[C@@H](CCC(N[C@@H](CCCCN)C(=O)O)N[C@@H](CCCCN)C(=O)O)C(N[C@@H](CCCCN)C(=O)O)N[C@@H](CCCCN)C(=O)O)NC(NCC(NCC(N[C@@H](CC(C)C)C(N[C@@H](CCCCN)C(=O)O)N[C@@H](CC(N)=O)C(=O)O)N[C@@H](CNCC(=O)O)C(NCC(=O)O)N1CCC[C@H]1C(=O)O)N[C@@H](C(C)N[C@@H](CCCCN)C(N[C@@H](CO)C(=O)O)N[C@@H](CO)C(=O)O)C(N[C@@H](CCC(N)NCC(=O)O)C(N[C@@H](C)C(=O)O)N1CCC[C@H]1C(=O)O)N[C@@H](CCSC)C(N[C@@H](CO)C(=O)O)N1CCC[C@H]1C(=O)O)[C@@H](N)Cc1cnc[nH]1)C(N[C@@H](Cc1c[nH]c2ccccc12)C(=O)O)N[C@@H](CC(C)C)C(=O)O)N[C@@H](CCC(=O)O)C(=O)O)C(=O)O,CCC(C)[C@H](NC(C[C@H](NC(N[C@@H](CN[C@@H](CCCNC(=N)N)C(=O)O)C(N[C@@H](Cc1ccccc1)C(=O)O)N[C@@H](CC(C)C)C(=O)O)[C@H](CCC(N[C@@H](C(C)N[C@@H](CCC(=O)O)C(=O)O)C(N[C@@H](C)C(=O)O)N[C@H](C(=O)O)C(C)C)N[C@@H](Cc1ccccc1)C(N[C@@H](CCC(N[C@@H](CCCCN)C(=O)O)N[C@@H](CCCCN)C(=O)O)C(=O)O)N[C@@H](CCC(N[C@@H](CCCCN)C(=O)O)N[C@@H](CCCCN)C(=O)O)C(N[C@@H](CCCCN)C(=O)O)N[C@@H](CCCCN)C(=O)O)NC(NCC(NCC(N[C@@H](CC(C)C)C(N[C@@H](CCCCN)C(=O)O)N[C@@H](CC(N)=O)C(=O)O)N[C@@H](CNCC(=O)O)C(NCC(=O)O)N1CCC[C@H]1C(=O)O)N[C@@H](C(C)N[C@@H](CCCCN)C(N[C@@H](CO)C(=O)O)N[C@@H](CO)C(=O)O)C(N[C@@H](CCC(N)NCC(=O)O)C(N[C@@H](C)C(=O)O)N1CCC[C@H]1C(=O)O)N[C@@H](CCSC)C(N[C@@H](CO)C(=O)O)N1CCC[C@H]1C(=O)O)[C@@H](N)Cc1cnc[nH]1)C(N[C@@H](Cc1c[nH]c2ccccc12)C(=O)O)N[C@@H](CC(C)C)C(=O)O)N[C@@H](CCC(=O)O)C(=O)O)C(=O)O,ZVFOZXFYHRIRPV-BHDYERKTSA-N,BBB+,1,4899.873999999987,-12.900430000000062,2117.569999999999,90,91,212,5,342,8,experimental_classification,p
BBBP_00589,589,CC(C)C[C@H](NC(N)C[C@H](NC(N[C@@H](Cc1ccc(N[C@@H](Cc2cnc[nH]2)C(=O)O)cc1)C(NCC(=O)O)N[C@@H](CC(N)=O)C(=O)O)[C@@H](N)C(C)NCC(N[C@@H](C)C(=O)O)N[C@@H](CCCCN)C(=O)O)C(N[C@@H](Cc1cnc[nH]1)C(=O)O)N1CCC[C@H]1C(=O)O)C(=O)O,CC(C)C[C@H](NC(N)C[C@H](NC(N[C@@H](Cc1ccc(N[C@@H](Cc2cnc[nH]2)C(=O)O)cc1)C(NCC(=O)O)N[C@@H](CC(N)=O)C(=O)O)[C@@H](N)C(C)NCC(N[C@@H](C)C(=O)O)N[C@@H](CCCCN)C(=O)O)C(N[C@@H](Cc1cnc[nH]1)C(=O)O)N1CCC[C@H]1C(=O)O)C(=O)O,PVXDAXCVPCHUOF-FMYFKWDSSA-N,BBB+,1,1318.5030000000002,-4.265499999999989,600.45,24,25,50,3,93,4,experimental_classification,p
BBBP_00590,590,CC(C)C[C@H](NC(N[C@@H](C)C(=O)O)[C@@H](N)CC(NCC(=O)O)NCC(O)NCC(=O)O)C(=O)O,CC(C)C[C@H](NC(N[C@@H](C)C(=O)O)[C@@H](N)CC(NCC(=O)O)NCC(O)NCC(=O)O)C(=O)O,MFMUPHZYZVVVRD-FLCAPSQASA-N,BBB+,1,494.5460000000002,-3.235999999999999,255.59999999999994,11,11,20,0,34,0,experimental_classification,p
BBBP_00591,591,CC(C)C[C@H](NC(N[C@H](C(=O)O)C(C)O)[C@H](CCCNC(=N)N)NC(N[C@@H](CCCNC(=N)N)C(N[C@H](C(=O)O)C(C)O)N1CCC[C@H]1C(=O)O)[C@H](CCCCN)NC(N[C@@H](CCCNC(=N)N)C(N[C@@H](CCCNC(=N)N)C(N[C@@H](CC(N)=O)C(=O)O)N[C@@H](CC(C)C)C(=O)O)N1CCC[C@H]1C(N[C@@H](Cc1ccccc1)C(=O)O)N1CCC[C@H]1C(=O)O)[C@H](CCCNC(=N)N)NC(CN)N[C@@H](CCCCN)C(N[C@@H](CCC(N)N1CCC[C@H]1C(N[C@@H](CO)C(=O)O)N[C@@H](CCC(N)=O)C(=O)O)C(N[C@@H](CCCCN)C(=O)O)N[C@@H](CCCNC(=N)N)C(=O)O)N[C@@H](CCCNC(=N)N)C(N[C@@H](CCCNC(=N)N)C(N[C@@H](CCCNC(=N)N)C(=O)O)N1CCC[C@H]1C(=O)O)N1CCC[C@H]1C(N[C@@H](CCC(N)=O)C(=O)O)N[C@H](C(=O)O)C(C)C)C(=O)O,CC(C)C[C@H](NC(N[C@H](C(=O)O)C(C)O)[C@H](CCCNC(=N)N)NC(N[C@@H](CCCNC(=N)N)C(N[C@H](C(=O)O)C(C)O)N1CCC[C@H]1C(=O)O)[C@H](CCCCN)NC(N[C@@H](CCCNC(=N)N)C(N[C@@H](CCCNC(=N)N)C(N[C@@H](CC(N)=O)C(=O)O)N[C@@H](CC(C)C)C(=O)O)N1CCC[C@H]1C(N[C@@H](Cc1ccccc1)C(=O)O)N1CCC[C@H]1C(=O)O)[C@H](CCCNC(=N)N)NC(CN)N[C@@H](CCCCN)C(N[C@@H](CCC(N)N1CCC[C@H]1C(N[C@@H](CO)C(=O)O)N[C@@H](CCC(N)=O)C(=O)O)C(N[C@@H](CCCCN)C(=O)O)N[C@@H](CCCNC(=N)N)C(=O)O)N[C@@H](CCCNC(=N)N)C(N[C@@H](CCCNC(=N)N)C(N[C@@H](CCCNC(=N)N)C(=O)O)N1CCC[C@H]1C(=O)O)N1CCC[C@H]1C(N[C@@H](CCC(N)=O)C(=O)O)N[C@H](C(=O)O)C(C)C)C(=O)O,JXPVUXLHTMBKJZ-YJKMLOGQSA-N,BBB+,1,3738.6499999999915,-15.33827000000029,1770.0899999999988,77,65,151,1,262,7,experimental_classification,p
BBBP_00592,592,CC(O)[C@H](Nc1ccc(C[C@H](NC(N[C@@H](CS)C(N[C@@H](CCCNC(=N)N)C(=O)O)N[C@@H](Cc2c[nH]c3ccccc23)C(=O)O)[C@@H](N)Cc2ccccc2)C(O)N[C@H](C(=O)O)C(C)O)cc1)C(=O)O,CC(O)[C@H](Nc1ccc(C[C@H](NC(N[C@@H](CS)C(N[C@@H](CCCNC(=N)N)C(=O)O)N[C@@H](Cc2c[nH]c3ccccc23)C(=O)O)[C@@H](N)Cc2ccccc2)C(O)N[C@H](C(=O)O)C(C)O)cc1)C(=O)O,NGBGKKPBULUEQZ-RWNVZIMPSA-N,BBB+,1,982.1750000000003,-0.6417300000000001,385.78,19,16,32,4,69,4,experimental_classification,p
BBBP_00593,593,CCC(C)[C@H](N)C(NCC(N[C@@H](CC(C)C)C(=O)O)N[C@H](C(=O)O)C(C)O)N[C@H](C(=O)O)C(C)N[C@H](C(=O)O)C(C)O,CCC(C)[C@H](N)C(NCC(N[C@@H](CC(C)C)C(=O)O)N[C@H](C(=O)O)C(C)O)N[C@H](C(=O)O)C(C)N[C@H](C(=O)O)C(C)O,IQYRRIHQIKOZPA-CEKACILUSA-N,BBB+,1,608.7340000000003,-2.030999999999999,275.83,12,12,23,0,42,0,experimental_classification,p
BBBP_00594,594,CC(N[C@@H](CCCNC(=N)N)C(=O)O)[C@H](NC([C@H](Cc1c[nH]c2ccccc12)NC(N[C@@H](CCCCN)C(N[C@@H](CCCCN)C(=O)O)N[C@H](C(=O)O)C(C)C)[C@@H](N)CCCCN)N1CCC[C@H]1C(=O)O)C(O)N[C@H](C(=O)O)C(C)C,CC(N[C@@H](CCCNC(=N)N)C(=O)O)[C@H](NC([C@H](Cc1c[nH]c2ccccc12)NC(N[C@@H](CCCCN)C(N[C@@H](CCCCN)C(=O)O)N[C@H](C(=O)O)C(C)C)[C@@H](N)CCCCN)N1CCC[C@H]1C(=O)O)C(O)N[C@H](C(=O)O)C(C)C,SRLOVFZVMVQBKD-YQZVHGRDSA-N,BBB+,1,1149.4949999999992,-0.7200300000000177,475.95,21,19,45,2,81,3,experimental_classification,p
BBBP_00595,595,CC(C)C[C@H](NC(N[C@@H](C)C(=O)O)[C@H](CS)Nc1ccc(C[C@H](N)C(N[C@@H](CS)C(O)N[C@@H](C)C(=O)O)N[C@@H](Cc2ccc(NCC(=O)O)cc2)C(N[C@@H](CC(N)=O)C(=O)O)N[C@@H](Cc2ccccc2)C(=O)O)cc1)C(=O)O,CC(C)C[C@H](NC(N[C@@H](C)C(=O)O)[C@H](CS)Nc1ccc(C[C@H](N)C(N[C@@H](CS)C(O)N[C@@H](C)C(=O)O)N[C@@H](Cc2ccc(NCC(=O)O)cc2)C(N[C@@H](CC(N)=O)C(=O)O)N[C@@H](Cc2ccccc2)C(=O)O)cc1)C(=O)O,GBUHGCIVEHFCNF-QPINCBIESA-N,BBB+,1,1132.374,-0.4332000000000074,421.40999999999997,20,20,40,3,78,3,experimental_classification,p
BBBP_00596,596,CCC(C)[C@H](NC(O)[C@H](C)NC(CC[C@H](NC(N[C@@H](CC(C)C)C(N[C@@H](CC(N)=O)C(=O)O)N[C@H](C(=O)O)C(C)CC)[C@@H](N)CCSC)C(N[C@@H](C)C(=O)O)N[C@H](C(=O)O)C(C)O)N[C@@H](CC(N)=O)C(=O)O)C(=O)O,CCC(C)[C@H](NC(O)[C@H](C)NC(CC[C@H](NC(N[C@@H](CC(C)C)C(N[C@@H](CC(N)=O)C(=O)O)N[C@H](C(=O)O)C(C)CC)[C@@H](N)CCSC)C(N[C@@H](C)C(=O)O)N[C@H](C(=O)O)C(C)O)N[C@@H](CC(N)=O)C(=O)O)C(=O)O,LLQIJMXLJOZLGB-SNFROYRQSA-N,BBB+,1,1099.3609999999999,-3.089100000000026,484.72999999999996,20,21,45,0,75,0,experimental_classification,p
BBBP_00597,597,CC(C)C[C@H](NC(C)[C@H](Nc1ccc(C[C@H](N)C(NCC(=O)O)N[C@@H](Cc2ccccc2)C(=O)O)cc1)C(O)N[C@@H](CO)C(=O)O)C(=O)O,CC(C)C[C@H](NC(C)[C@H](Nc1ccc(C[C@H](N)C(NCC(=O)O)N[C@@H](Cc2ccccc2)C(=O)O)cc1)C(O)N[C@@H](CO)C(=O)O)C(=O)O,LRXOUPWGSOWBGE-KMTWAOKBSA-N,BBB+,1,690.7950000000004,-0.5463999999999904,275.83,12,12,24,2,49,2,experimental_classification,p
BBBP_00598,598,CC(C)C[C@H](NC(N[C@H](C(=O)O)C(C)C)[C@H](C)NC(C[C@H](N)C(N[C@@H](CO)C(=O)O)N[C@@H](CCC(N[C@H](C(=O)O)C(C)C)N[C@H](C(=O)O)C(C)O)C(O)N[C@@H](CCCNC(=N)N)C(=O)O)N[C@@H](C)C(NCC(=O)O)N[C@H](C(=O)O)C(C)C)C(=O)O,CC(C)C[C@H](NC(N[C@H](C(=O)O)C(C)C)[C@H](C)NC(C[C@H](N)C(N[C@@H](CO)C(=O)O)N[C@@H](CCC(N[C@H](C(=O)O)C(C)C)N[C@H](C(=O)O)C(C)O)C(O)N[C@@H](CCCNC(=N)N)C(=O)O)N[C@@H](C)C(NCC(=O)O)N[C@H](C(=O)O)C(C)C)C(=O)O,HFOQTXVEJROUIP-ZVICBOBTSA-N,BBB+,1,1228.455,-5.028430000000002,579.34,26,24,50,0,85,0,experimental_classification,p
BBBP_00599,599,N=C(N)NCCC[C@H](NC(O)[C@H](CCCCN)NC(N[C@@H](CCCNC(=N)N)C(N[C@@H](CCCCN)C(=O)O)N[C@@H](Cc1cnc[nH]1)C(=O)O)[C@H](CCCCN)NC(N[C@@H](Cc1cnc[nH]1)C(N[C@@H](CCCNC(=N)N)C(=O)O)N[C@@H](Cc1cnc[nH]1)C(=O)O)[C@@H](N)CCCNC(=N)N)C(=O)O,N=C(N)NCCC[C@H](NC(O)[C@H](CCCCN)NC(N[C@@H](CCCNC(=N)N)C(N[C@@H](CCCCN)C(=O)O)N[C@@H](Cc1cnc[nH]1)C(=O)O)[C@H](CCCCN)NC(N[C@@H](Cc1cnc[nH]1)C(N[C@@H](CCCNC(=N)N)C(=O)O)N[C@@H](Cc1cnc[nH]1)C(=O)O)[C@@H](N)CCCNC(=N)N)C(=O)O,QIZZAVQDOZBEDY-OEUKHWROSA-N,BBB+,1,1448.8020000000008,-6.679219999999955,752.72,34,26,62,3,102,3,experimental_classification,p
BBBP_00600,600,CC(C)C[C@H](NC(CNc1ccc(C[C@H](N)C(NCC(=O)O)N[C@@H](Cc2ccccc2)C(=O)O)cc1)N[C@@H](CCCNC(=N)N)C(=O)O)C(=O)O,CC(C)C[C@H](NC(CNc1ccc(C[C@H](N)C(NCC(=O)O)N[C@@H](Cc2ccccc2)C(=O)O)cc1)N[C@@H](CCCNC(=N)N)C(=O)O)C(=O)O,NDGDXEXZWIUVIT-VKYCPTIASA-N,BBB+,1,715.853,-0.024829999999992025,297.27000000000004,13,11,26,2,51,2,experimental_classification,p
BBBP_00601,601,N=C(N)NCCC[C@H](NC(CC[C@H](NC(N[C@@H](CC(N)N[C@@H](CC(N)=O)C(=O)O)C(O)N[C@@H](Cc1ccccc1)C(=O)O)[C@@H](N)Cc1ccc(N2CCC[C@H]2C(NCC(=O)O)N2CCC[C@H]2C(=O)O)cc1)C(N[C@@H](CCC(=O)O)C(=O)O)N1CCC[C@H]1C(=O)O)N[C@@H](Cc1ccccc1)C(=O)O)C(=O)O,N=C(N)NCCC[C@H](NC(CC[C@H](NC(N[C@@H](CC(N)N[C@@H](CC(N)=O)C(=O)O)C(O)N[C@@H](Cc1ccccc1)C(=O)O)[C@@H](N)Cc1ccc(N2CCC[C@H]2C(NCC(=O)O)N2CCC[C@H]2C(=O)O)cc1)C(N[C@@H](CCC(=O)O)C(=O)O)N1CCC[C@H]1C(=O)O)N[C@@H](Cc1ccccc1)C(=O)O)C(=O)O,NHYMQFXSAIDBDA-OYQUVEQDSA-N,BBB+,1,1478.6710000000003,-3.005430000000014,618.9200000000002,24,25,51,3,105,6,experimental_classification,p
BBBP_00602,602,CCC(C)[C@H](NC(N[C@@H](CCCNC(=N)N)C(=O)O)[C@H](CC(N)N[C@@H](CCCNC(=N)N)C(=O)O)NC(N[C@@H](CCC(N[C@@H](Cc1ccccc1)C(=O)O)N1CCC[C@H]1C(=O)O)C(N[C@H](C(=O)O)C(C)C)N[C@H](C(=O)O)C(C)O)[C@H](CS)NC(N[C@@H](CCCNC(=N)N)C(N[C@@H](C(C)C)C(N[C@@H](CC(=O)O)C(=O)O)N[C@H](C(=O)O)C(C)C)N[C@@H](CC(C)C)C(NCC(=O)O)N[C@@H](CCCNC(=N)N)C(=O)O)[C@@H](N)Cc1ccccc1)C(=O)O,CCC(C)[C@H](NC(N[C@@H](CCCNC(=N)N)C(=O)O)[C@H](CC(N)N[C@@H](CCCNC(=N)N)C(=O)O)NC(N[C@@H](CCC(N[C@@H](Cc1ccccc1)C(=O)O)N1CCC[C@H]1C(=O)O)C(N[C@H](C(=O)O)C(C)C)N[C@H](C(=O)O)C(C)O)[C@H](CS)NC(N[C@@H](CCCNC(=N)N)C(N[C@@H](C(C)C)C(N[C@@H](CC(=O)O)C(=O)O)N[C@H](C(=O)O)C(C)C)N[C@@H](CC(C)C)C(NCC(=O)O)N[C@@H](CCCNC(=N)N)C(=O)O)[C@@H](N)Cc1ccccc1)C(=O)O,BGJSZCUZNKLAJB-WRYQVCIVSA-N,BBB+,1,2195.7149999999997,-4.880819999999924,963.19,44,37,87,2,153,3,experimental_classification,p
BBBP_00603,603,CC(O)[C@H](NC(O)[C@H](Cc1c[nH]c2ccccc12)NC(N[C@@H](CCCCN)C(=O)O)[C@H](CS)NC(N[C@@H](Cc1ccccc1)C(N[C@@H](CS)C(=O)O)N[C@H](C(=O)O)C(C)O)[C@@H](N)Cc1ccccc1)C(=O)O,CC(O)[C@H](NC(O)[C@H](Cc1c[nH]c2ccccc12)NC(N[C@@H](CCCCN)C(=O)O)[C@H](CS)NC(N[C@@H](Cc1ccccc1)C(N[C@@H](CS)C(=O)O)N[C@H](C(=O)O)C(C)O)[C@@H](N)Cc1ccccc1)C(=O)O,UEONKXMNVDSHRO-SYZUKKMOSA-N,BBB+,1,1043.324,-0.3842000000000035,361.93,19,18,36,4,72,4,experimental_classification,p
BBBP_00604,604,CC(C)C[C@H](NC(N[C@@H](CCCNC(=N)N)C(=O)O)[C@H](C)Nc1ccc(C[C@H](N)C(NCC(=O)O)N[C@@H](Cc2ccccc2)C(=O)O)cc1)C(=O)O,CC(C)C[C@H](NC(N[C@@H](CCCNC(=N)N)C(=O)O)[C@H](C)Nc1ccc(C[C@H](N)C(NCC(=O)O)N[C@@H](Cc2ccccc2)C(=O)O)cc1)C(=O)O,HUHPBCCESCJLRT-VKYIXNGPSA-N,BBB+,1,729.8800000000002,0.36367000000000893,297.27,13,11,26,2,52,2,experimental_classification,p
BBBP_00605,605,CCC(C)[C@H](NC(C[C@H](NC(N[C@@H](CN[C@@H](CCCNC(=N)N)C(=O)O)C(N[C@@H](Cc1ccccc1)C(=O)O)N[C@@H](CC(C)C)C(=O)O)[C@H](CCC(N[C@@H](C(C)N[C@@H](CCC(=O)O)C(=O)O)C(N[C@@H](C)C(=O)O)N[C@H](C(=O)O)C(C)C)N[C@@H](Cc1ccccc1)C(N[C@@H](CCC(=O)O)C(=O)O)N[C@@H](CCC(O)N[C@@H](CO)C(=O)O)C(=O)O)NC(NCC(NCC(N[C@@H](CC(C)C)C(N[C@@H](CCCCN)C(=O)O)N[C@@H](CC(N)=O)C(=O)O)N[C@@H](CNCC(=O)O)C(NCC(=O)O)N1CCC[C@H]1C(=O)O)N[C@@H](C(C)N[C@@H](CCCCN)C(N[C@@H](CO)C(=O)O)N[C@@H](CO)C(=O)O)C(N[C@@H](CCC(N)NCC(=O)O)C(N[C@@H](C)C(=O)O)N1CCC[C@H]1C(=O)O)N[C@@H](CCSC)C(N1CCC[C@H]1C(=O)O)N1CCC[C@H]1C(=O)O)[C@@H](N)Cc1cnc[nH]1)C(N[C@@H](Cc1c[nH]c2ccccc12)C(=O)O)N[C@@H](CC(C)C)C(=O)O)N[C@@H](CCC(=O)O)C(=O)O)C(=O)O,CCC(C)[C@H](NC(C[C@H](NC(N[C@@H](CN[C@@H](CCCNC(=N)N)C(=O)O)C(N[C@@H](Cc1ccccc1)C(=O)O)N[C@@H](CC(C)C)C(=O)O)[C@H](CCC(N[C@@H](C(C)N[C@@H](CCC(=O)O)C(=O)O)C(N[C@@H](C)C(=O)O)N[C@H](C(=O)O)C(C)C)N[C@@H](Cc1ccccc1)C(N[C@@H](CCC(=O)O)C(=O)O)N[C@@H](CCC(O)N[C@@H](CO)C(=O)O)C(=O)O)NC(NCC(NCC(N[C@@H](CC(C)C)C(N[C@@H](CCCCN)C(=O)O)N[C@@H](CC(N)=O)C(=O)O)N[C@@H](CNCC(=O)O)C(NCC(=O)O)N1CCC[C@H]1C(=O)O)N[C@@H](C(C)N[C@@H](CCCCN)C(N[C@@H](CO)C(=O)O)N[C@@H](CO)C(=O)O)C(N[C@@H](CCC(N)NCC(=O)O)C(N[C@@H](C)C(=O)O)N1CCC[C@H]1C(=O)O)N[C@@H](CCSC)C(N1CCC[C@H]1C(=O)O)N1CCC[C@H]1C(=O)O)[C@@H](N)Cc1cnc[nH]1)C(N[C@@H](Cc1c[nH]c2ccccc12)C(=O)O)N[C@@H](CC(C)C)C(=O)O)N[C@@H](CCC(=O)O)C(=O)O)C(=O)O,TVSNZTOGJUQMND-JFEXCJBQSA-N,BBB+,1,4223.908999999984,-11.872930000000258,1800.8399999999992,76,78,172,5,295,9,experimental_classification,p
BBBP_00606,606,CC(C)[C@H](NC(NCC(=O)O)[C@H](C)NC(N[C@@H](Cc1ccc(N[C@@H](Cc2ccccc2)C(=O)O)cc1)C(N[C@@H](CCC(=O)O)C(=O)O)N[C@H](C(=O)O)C(C)C)[C@@H](N)CCCNC(=N)N)C(=O)O,CC(C)[C@H](NC(NCC(=O)O)[C@H](C)NC(N[C@@H](Cc1ccc(N[C@@H](Cc2ccccc2)C(=O)O)cc1)C(N[C@@H](CCC(=O)O)C(=O)O)N[C@H](C(=O)O)C(C)C)[C@@H](N)CCCNC(=N)N)C(=O)O,DCPINCIRKQMXAM-GKPCQZIXSA-N,BBB+,1,946.1169999999998,-0.17852999999999986,395.92999999999995,17,15,35,2,67,2,experimental_classification,p
BBBP_00607,607,CC(C)C[C@H](NC(N[C@@H](CC(N)=O)C(=O)O)[C@H](CCCNC(=N)N)NC(N[C@@H](CCCNC(=N)N)C(N[C@@H](CC(C)C)C(=O)O)N[C@H](C(=O)O)C(C)O)[C@H](CCCCN)NC(N[C@@H](CCCNC(=N)N)C(N[C@@H](CCCNC(=N)N)C(=O)O)N[C@@H](CCCNC(=N)N)C(O)N[C@@H](Cc1ccccc1)C(=O)O)[C@H](CCCNC(=N)N)NC(CN)N[C@@H](CCCCN)C(N[C@@H](CCCNC(=N)N)C(N[C@@H](CCCCN)C(=O)O)N1CCC[C@H]1C(=O)O)N[C@@H](CCC(N)N[C@@H](CCCNC(=N)N)C(=O)O)C(N[C@H](C(=O)O)C(C)O)N1CCC[C@H]1C(=O)O)C(=O)O,CC(C)C[C@H](NC(N[C@@H](CC(N)=O)C(=O)O)[C@H](CCCNC(=N)N)NC(N[C@@H](CCCNC(=N)N)C(N[C@@H](CC(C)C)C(=O)O)N[C@H](C(=O)O)C(C)O)[C@H](CCCCN)NC(N[C@@H](CCCNC(=N)N)C(N[C@@H](CCCNC(=N)N)C(=O)O)N[C@@H](CCCNC(=N)N)C(O)N[C@@H](Cc1ccccc1)C(=O)O)[C@H](CCCNC(=N)N)NC(CN)N[C@@H](CCCCN)C(N[C@@H](CCCNC(=N)N)C(N[C@@H](CCCCN)C(=O)O)N1CCC[C@H]1C(=O)O)N[C@@H](CCC(N)N[C@@H](CCCNC(=N)N)C(=O)O)C(N[C@H](C(=O)O)C(C)O)N1CCC[C@H]1C(=O)O)C(=O)O,LSJFZSAJBKQOJA-VMPXHICZSA-N,BBB+,1,2743.4559999999974,-12.164540000000075,1362.3999999999994,62,48,116,1,192,3,experimental_classification,p
BBBP_00608,608,CCC(C)[C@H](NC(N[C@@H](CC(N)N[C@@H](CCCNC(=N)N)C(=O)O)C(N[C@@H](C)C(=O)O)N[C@@H](CCC(N)=O)C(=O)O)[C@H](CN[C@@H](C(C)N[C@@H](CCCCN)C(=O)O)C(N[C@@H](CC(N)=O)C(=O)O)N[C@@H](CC(C)C)C(=O)O)NC(C)[C@H](NC(N[C@@H](CC(C)C)C(N[C@@H](C(C)C)C(N[C@@H](C)C(=O)O)N[C@H](C(=O)O)C(C)CC)N1CCC[C@H]1C(N[C@@H](C)C(=O)O)N[C@@H](CCCCN)C(=O)O)[C@@H](N)Cc1ccccc1)C(N[C@@H](CC(N[C@@H](CC(C)C)C(N[C@@H](C)C(=O)O)N[C@@H](CCSC)C(=O)O)N[C@@H](CC(C)C)C(N[C@@H](CCC(N)=O)C(=O)O)N[C@H](C(=O)O)C(C)CC)C(N[C@@H](CC(N)=O)C(=O)O)N[C@@H](Cc1ccccc1)C(=O)O)N[C@@H](CC(C)C)C(N[C@@H](CCSC)C(N[C@@H](C)C(=O)O)N[C@@H](CC(N)=O)C(=O)O)N[C@@H](CC(N)N[C@@H](C)C(=O)O)C(N[C@@H](Cc1cnc[nH]1)C(=O)O)N[C@@H](CC(C)C)C(=O)O)C(N[C@@H](C)C(=O)O)N[C@@H](C)C(=O)O,CCC(C)[C@H](NC(N[C@@H](CC(N)N[C@@H](CCCNC(=N)N)C(=O)O)C(N[C@@H](C)C(=O)O)N[C@@H](CCC(N)=O)C(=O)O)[C@H](CN[C@@H](C(C)N[C@@H](CCCCN)C(=O)O)C(N[C@@H](CC(N)=O)C(=O)O)N[C@@H](CC(C)C)C(=O)O)NC(C)[C@H](NC(N[C@@H](CC(C)C)C(N[C@@H](C(C)C)C(N[C@@H](C)C(=O)O)N[C@H](C(=O)O)C(C)CC)N1CCC[C@H]1C(N[C@@H](C)C(=O)O)N[C@@H](CCCCN)C(=O)O)[C@@H](N)Cc1ccccc1)C(N[C@@H](CC(N[C@@H](CC(C)C)C(N[C@@H](C)C(=O)O)N[C@@H](CCSC)C(=O)O)N[C@@H](CC(C)C)C(N[C@@H](CCC(N)=O)C(=O)O)N[C@H](C(=O)O)C(C)CC)C(N[C@@H](CC(N)=O)C(=O)O)N[C@@H](Cc1ccccc1)C(=O)O)N[C@@H](CC(C)C)C(N[C@@H](CCSC)C(N[C@@H](C)C(=O)O)N[C@@H](CC(N)=O)C(=O)O)N[C@@H](CC(N)N[C@@H](C)C(=O)O)C(N[C@@H](Cc1cnc[nH]1)C(=O)O)N[C@@H](CC(C)C)C(=O)O)C(N[C@@H](C)C(=O)O)N[C@@H](C)C(=O)O,CLMLLEBTPHWRAU-IIUXVEPQSA-N,BBB+,1,4175.217999999981,-7.180430000000284,1730.349999999999,73,74,175,3,290,4,experimental_classification,p
BBBP_00609,609,CCC(C)[C@H](N)C(N[C@@H](CC(C)C)C(N[C@@H](CCCNC(=N)N)C(=O)O)N[C@@H](CCC(N)=O)C(=O)O)N[C@@H](Cc1ccccc1)C(N[C@@H](Cc1c[nH]c2ccccc12)C(O)N[C@@H](CCCNC(=N)N)C(=O)O)N[C@@H](CC(C)C)C(N[C@@H](CS)C(=O)O)N[C@@H](CCCNC(=N)N)C(=O)O,CCC(C)[C@H](N)C(N[C@@H](CC(C)C)C(N[C@@H](CCCNC(=N)N)C(=O)O)N[C@@H](CCC(N)=O)C(=O)O)N[C@@H](Cc1ccccc1)C(N[C@@H](Cc1c[nH]c2ccccc12)C(O)N[C@@H](CCCNC(=N)N)C(=O)O)N[C@@H](CC(C)C)C(N[C@@H](CS)C(=O)O)N[C@@H](CCCNC(=N)N)C(=O)O,MJBNMGKJEBJEMY-RIFUWWESSA-N,BBB+,1,1400.8100000000004,-0.9265900000000205,585.5999999999999,28,21,54,3,98,3,experimental_classification,p
BBBP_00610,610,CC(C)C[C@H](NC(CNc1ccc(C[C@H](N)C(NCC(N[C@@H](CCCNC(=N)N)C(=O)O)N[C@@H](CC(C)C)C(=O)O)N[C@@H](Cc2ccccc2)C(=O)O)cc1)N[C@@H](CCCNC(=N)N)C(=O)O)C(=O)O,CC(C)C[C@H](NC(CNc1ccc(C[C@H](N)C(NCC(N[C@@H](CCCNC(=N)N)C(=O)O)N[C@@H](CC(C)C)C(=O)O)N[C@@H](Cc2ccccc2)C(=O)O)cc1)N[C@@H](CCCNC(=N)N)C(=O)O)C(=O)O,ZCVMEWYVVGXAIM-CFAOLGFWSA-N,BBB+,1,987.218,-0.3883600000000161,420.53,19,15,38,2,70,2,experimental_classification,p
BBBP_00611,611,C[C@H](Nc1ccc(C[C@H](N)C(N[C@@H](Cc2cnc[nH]2)C(=O)O)N[C@@H](CS)C(O)N[C@@H](Cc2ccccc2)C(=O)O)cc1)C(N[C@@H](CS)C(=O)O)N[C@@H](Cc1ccccc1)C(=O)O,C[C@H](Nc1ccc(C[C@H](N)C(N[C@@H](Cc2cnc[nH]2)C(=O)O)N[C@@H](CS)C(O)N[C@@H](Cc2ccccc2)C(=O)O)cc1)C(N[C@@H](CS)C(=O)O)N[C@@H](Cc1ccccc1)C(=O)O,ZEOLAFIWYIPIBJ-UKILVFLWSA-N,BBB+,1,896.1060000000002,0.7676000000000114,296.30999999999995,15,15,29,4,62,4,experimental_classification,p
BBBP_00612,612,CC(N[C@@H](Cc1ccccc1)C(NCC(=O)O)N[C@@H](CCCNC(=N)N)C(=O)O)[C@H](NC(N[C@@H](Cc1ccccc1)C(NCC(N[C@@H](CCCCN)C(=O)O)N[C@H](C(=O)O)C(C)O)N[C@@H](CN[C@@H](CCC(=O)O)C(=O)O)C(O)N[C@@H](CCC(=O)O)C(=O)O)[C@@H](N)CS)C(NCC(N[C@@H](CC(N)=O)C(=O)O)N[C@@H](Cc1ccccc1)C(=O)O)N[C@@H](Cc1ccc(N[C@@H](CCCCN)C(=O)O)cc1)C(N[C@@H](CCCNC(=N)N)C(=O)O)N[C@@H](CC(N)=O)C(=O)O,CC(N[C@@H](Cc1ccccc1)C(NCC(=O)O)N[C@@H](CCCNC(=N)N)C(=O)O)[C@H](NC(N[C@@H](Cc1ccccc1)C(NCC(N[C@@H](CCCCN)C(=O)O)N[C@H](C(=O)O)C(C)O)N[C@@H](CN[C@@H](CCC(=O)O)C(=O)O)C(O)N[C@@H](CCC(=O)O)C(=O)O)[C@@H](N)CS)C(NCC(N[C@@H](CC(N)=O)C(=O)O)N[C@@H](Cc1ccccc1)C(=O)O)N[C@@H](Cc1ccc(N[C@@H](CCCCN)C(=O)O)cc1)C(N[C@@H](CCCNC(=N)N)C(=O)O)N[C@@H](CC(N)=O)C(=O)O,MFMLKSFQYMLJND-NMDAJPRHSA-N,BBB+,1,2257.6060000000007,-8.255659999999923,1029.94,45,41,93,4,158,4,experimental_classification,p
BBBP_00613,613,C[C@H](NC(N[C@@H](CC(N)=O)C(=O)O)[C@H](C)Nc1ccc(C[C@H](N)C(NCC(=O)O)N[C@@H](Cc2ccccc2)C(=O)O)cc1)C(=O)O,C[C@H](NC(N[C@@H](CC(N)=O)C(=O)O)[C@H](C)Nc1ccc(C[C@H](N)C(NCC(=O)O)N[C@@H](Cc2ccccc2)C(=O)O)cc1)C(=O)O,XCHIVZURAGSAIV-DKKOVVLSSA-N,BBB+,1,645.7140000000004,-1.0503999999999907,278.46,11,11,22,2,46,2,experimental_classification,p
BBBP_00614,614,CC(C)C[C@H](NC[C@H](NC(N[C@@H](C(C)C)C(O)N[C@@H](CS)C(=O)O)[C@H](CC(C)C)NC(N[C@@H](CN[C@@H](CC(=O)O)C(=O)O)C(N[C@@H](CO)C(=O)O)N[C@@H](CC(=O)O)C(=O)O)[C@@H](N)CCCNC(=N)N)C(NCC(=O)O)N[C@@H](CO)C(=O)O)C(=O)O,CC(C)C[C@H](NC[C@H](NC(N[C@@H](C(C)C)C(O)N[C@@H](CS)C(=O)O)[C@H](CC(C)C)NC(N[C@@H](CN[C@@H](CC(=O)O)C(=O)O)C(N[C@@H](CO)C(=O)O)N[C@@H](CC(=O)O)C(=O)O)[C@@H](N)CCCNC(=N)N)C(NCC(=O)O)N[C@@H](CO)C(=O)O)C(=O)O,VWNIRUYUVHBRJY-LZNSUOBSSA-N,BBB+,1,1248.4230000000005,-7.424429999999985,616.6400000000001,28,26,52,0,85,0,experimental_classification,p
BBBP_00615,615,CC(C)[C@H](NC(N[C@H](C(=O)O)C(C)C)[C@H](C)Nc1ccc(C[C@H](N)C(N[C@@H](CCC(N)=O)C(=O)O)N[C@@H](Cc2ccccc2)C(O)NCC(=O)O)cc1)C(=O)O,CC(C)[C@H](NC(N[C@H](C(=O)O)C(C)C)[C@H](C)Nc1ccc(C[C@H](N)C(N[C@@H](CCC(N)=O)C(=O)O)N[C@@H](Cc2ccccc2)C(O)NCC(=O)O)cc1)C(=O)O,PLXDZBPGBLVOFH-TXQNEPFNSA-N,BBB+,1,788.9440000000003,-0.09159999999999752,310.71999999999997,13,13,28,2,56,2,experimental_classification,p
BBBP_00616,616,CC(C)C[C@H](NC([C@@H]1CCCN1C([C@H](CCCNC(=N)N)NC([C@@H](N)C(C)C)N1CCC[C@H]1C(N[C@@H](C(C)C)C(N[C@@H](CCCNC(=N)N)C(=O)O)N[C@H](C(=O)O)C(C)C)N[C@@H](CCCNC(=N)N)C(N[C@@H](CCCCN)C(=O)O)N1CCC[C@H]1C(=O)O)N1CCC[C@H]1C(N1CCC[C@H]1C(=O)O)N1CCC[C@H]1C(=O)O)N1CCC[C@H]1C(=O)O)C(N1CCC[C@H]1C(=O)O)N1CCC[C@H]1C(=O)O,CC(C)C[C@H](NC([C@@H]1CCCN1C([C@H](CCCNC(=N)N)NC([C@@H](N)C(C)C)N1CCC[C@H]1C(N[C@@H](C(C)C)C(N[C@@H](CCCNC(=N)N)C(=O)O)N[C@H](C(=O)O)C(C)C)N[C@@H](CCCNC(=N)N)C(N[C@@H](CCCCN)C(=O)O)N1CCC[C@H]1C(=O)O)N1CCC[C@H]1C(N1CCC[C@H]1C(=O)O)N1CCC[C@H]1C(=O)O)N1CCC[C@H]1C(=O)O)C(N1CCC[C@H]1C(=O)O)N1CCC[C@H]1C(=O)O,NYWJYDSRHIKUHM-IOELPPCNSA-N,BBB+,1,1915.4970000000017,-0.49618999999993024,686.8100000000003,27,30,61,0,135,9,experimental_classification,p
BBBP_00617,617,CC(C)[C@H](NC(N[C@H](C(=O)O)C(C)C)[C@H](Cc1ccc(N[C@@H](CCC(=O)O)C(=O)O)cc1)NC([C@@H]1CCCN1)N1CCC[C@H]1C(N[C@@H](Cc1ccccc1)C(=O)O)N[C@@H](C)C(O)NCC(=O)O)C(=O)O,CC(C)[C@H](NC(N[C@H](C(=O)O)C(C)C)[C@H](Cc1ccc(N[C@@H](CCC(=O)O)C(=O)O)cc1)NC([C@@H]1CCCN1)N1CCC[C@H]1C(N[C@@H](Cc1ccccc1)C(=O)O)N[C@@H](C)C(O)NCC(=O)O)C(=O)O,DTXWUKDPIDKIAP-DQOGWMFPSA-N,BBB+,1,986.1779999999999,0.7657000000000025,343.51,15,16,33,2,70,4,experimental_classification,p
BBBP_00618,618,CCC(C)[C@H](NC(N[C@H](C(=O)O)C(C)CC)[C@H](CCCNC(=N)N)NC[C@H](NC(N[C@@H](C(C)C)C(N[C@@H](CCC(=O)O)C(=O)O)N[C@@H](CC(N)N[C@@H](CC(C)C)C(=O)O)C(O)N[C@@H](CCCNC(=N)N)C(=O)O)[C@@H](N)CCCCN)C(N[C@H](C(N[C@@H](CO)C(=O)O)N[C@@H](CCCCN)C(=O)O)C(C)N1CCC[C@H]1C(=O)O)N[C@@H](Cc1c[nH]c2ccccc12)C(NCC(=O)O)N[C@@H](CS)C(=O)O)C(=O)O,CCC(C)[C@H](NC(N[C@H](C(=O)O)C(C)CC)[C@H](CCCNC(=N)N)NC[C@H](NC(N[C@@H](C(C)C)C(N[C@@H](CCC(=O)O)C(=O)O)N[C@@H](CC(N)N[C@@H](CC(C)C)C(=O)O)C(O)N[C@@H](CCCNC(=N)N)C(=O)O)[C@@H](N)CCCCN)C(N[C@H](C(N[C@@H](CO)C(=O)O)N[C@@H](CCCCN)C(=O)O)C(C)N1CCC[C@H]1C(=O)O)N[C@@H](Cc1c[nH]c2ccccc12)C(NCC(=O)O)N[C@@H](CS)C(=O)O)C(=O)O,ACBCJNCLPFKMID-FILLLBAFSA-N,BBB+,1,2003.4930000000018,-4.943359999999924,878.1200000000001,40,36,82,2,139,3,experimental_classification,p
BBBP_00619,619,CC(C)C[C@H](NC(N[C@@H](CCCNC(=N)N)C(=O)O)[C@H](CCC(N)N[C@@H](CCCCN)C(=O)O)NC(N[C@@H](CCCNC(=N)N)C(N[C@@H](CCCNC(=N)N)C(=O)O)N[C@@H](CC(N)=O)C(=O)O)[C@H](CCCNC(=N)N)NC(N[C@@H](CCCCN)C(N[C@@H](CCCNC(=N)N)C(N[C@@H](CCCNC(=N)N)C(=O)O)N[C@@H](CCC(N)=O)C(=O)O)N[C@@H](CCCNC(=N)N)C(N[C@@H](CO)C(=O)O)N[C@@H](Cc1cnc[nH]1)C(=O)O)[C@@H](N)Cc1ccc(NCC(N[C@@H](CCCNC(=N)N)C(N[C@@H](CCCCN)C(=O)O)N[C@@H](CC(N)=O)C(=O)O)N[C@@H](CCCCN)C(N[C@@H](CCCCN)C(=O)O)N[C@@H](CCCNC(=N)N)C(O)N[C@@H](Cc2ccc(O)cc2)C(=O)O)cc1)C(=O)O,CC(C)C[C@H](NC(N[C@@H](CCCNC(=N)N)C(=O)O)[C@H](CCC(N)N[C@@H](CCCCN)C(=O)O)NC(N[C@@H](CCCNC(=N)N)C(N[C@@H](CCCNC(=N)N)C(=O)O)N[C@@H](CC(N)=O)C(=O)O)[C@H](CCCNC(=N)N)NC(N[C@@H](CCCCN)C(N[C@@H](CCCNC(=N)N)C(N[C@@H](CCCNC(=N)N)C(=O)O)N[C@@H](CCC(N)=O)C(=O)O)N[C@@H](CCCNC(=N)N)C(N[C@@H](CO)C(=O)O)N[C@@H](Cc1cnc[nH]1)C(=O)O)[C@@H](N)Cc1ccc(NCC(N[C@@H](CCCNC(=N)N)C(N[C@@H](CCCCN)C(=O)O)N[C@@H](CC(N)=O)C(=O)O)N[C@@H](CCCCN)C(N[C@@H](CCCCN)C(=O)O)N[C@@H](CCCNC(=N)N)C(O)N[C@@H](Cc2ccc(O)cc2)C(=O)O)cc1)C(=O)O,OFTURTGWLGBZQJ-OLWWYJLASA-N,BBB+,1,3294.036999999994,-16.22387000000022,1719.469999999999,77,59,145,3,231,3,experimental_classification,p
BBBP_00620,620,CC(C)[C@H](NC(NCC(=O)O)[C@H](C)NC(N[C@@H](Cc1ccc(N[C@@H](Cc2ccccc2)C(=O)O)cc1)C(N[C@@H](CCC(=O)O)C(=O)O)N[C@H](C(=O)O)C(C)C)[C@@H](N)CCCCN)C(=O)O,CC(C)[C@H](NC(NCC(=O)O)[C@H](C)NC(N[C@@H](Cc1ccc(N[C@@H](Cc2ccccc2)C(=O)O)cc1)C(N[C@@H](CCC(=O)O)C(=O)O)N[C@H](C(=O)O)C(C)C)[C@@H](N)CCCCN)C(=O)O,RHPOXRIENTUTHA-ZEHVOBSDSA-N,BBB+,1,918.1029999999998,0.687200000000004,360.04999999999995,15,15,35,2,65,2,experimental_classification,p
BBBP_00621,621,CCC(C)[C@H](NC(N[C@@H](CCCNC(=N)N)C(=O)O)[C@H](Cc1ccc(N[C@@H](CCCNC(=N)N)C(=O)O)cc1)NC(N[C@@H](CC(C)C)C(N[C@@H](CC(N)=O)C(=O)O)N[C@@H](Cc1ccc(O)cc1)C(=O)O)[C@H](CC(N1CCC[C@H]1C(N[C@@H](CCCNC(=N)N)C(=O)O)N1CCC[C@H]1C(=O)O)N1CCC[C@H]1C(N1CCC[C@H]1C(=O)O)N1CCC[C@H]1C(=O)O)NC(N[C@@H](CCCCN)C(N[C@@H](CCCNC(=N)N)C(=O)O)N1CCC[C@H]1C(O)N[C@@H](CCCNC(=N)N)C(=O)O)[C@@H](N)C(C)C)C(=O)O,CCC(C)[C@H](NC(N[C@@H](CCCNC(=N)N)C(=O)O)[C@H](Cc1ccc(N[C@@H](CCCNC(=N)N)C(=O)O)cc1)NC(N[C@@H](CC(C)C)C(N[C@@H](CC(N)=O)C(=O)O)N[C@@H](Cc1ccc(O)cc1)C(=O)O)[C@H](CC(N1CCC[C@H]1C(N[C@@H](CCCNC(=N)N)C(=O)O)N1CCC[C@H]1C(=O)O)N1CCC[C@H]1C(N1CCC[C@H]1C(=O)O)N1CCC[C@H]1C(=O)O)NC(N[C@@H](CCCCN)C(N[C@@H](CCCNC(=N)N)C(=O)O)N1CCC[C@H]1C(O)N[C@@H](CCCNC(=N)N)C(=O)O)[C@@H](N)C(C)C)C(=O)O,PMVGWSDVUBTZIR-ZTTQBHRNSA-N,BBB+,1,2408.978,-4.071349999999906,1019.1900000000002,43,39,86,2,170,8,experimental_classification,p
BBBP_00622,622,CCC(C)[C@H](NC(N[C@@H](CCCNC(=N)N)C(N[C@@H](CCCCN)C(N[C@@H](CCCCN)C(=O)O)N[C@@H](CCCCN)C(=O)O)N[C@@H](CCCCN)C(N[C@@H](CCCCN)C(=O)O)N[C@@H](CCCNC(=N)N)C(=O)O)[C@H](CCCCN)NC(N[C@@H](CCCNC(=N)N)C(N[C@@H](C(C)C)C(N[C@@H](CCCCN)C(=O)O)N[C@@H](CCCNC(=N)N)C(=O)O)N[C@@H](CC(C)C)C(N[C@@H](CCCNC(=N)N)C(=O)O)N[C@@H](CCCNC(=N)N)C(=O)O)[C@@H](N)CCCNC(=N)N)C(N[C@@H](C(C)N[C@H](C(=O)O)C(C)CC)C(N[C@@H](CCCNC(=N)N)C(=O)O)N[C@@H](CC(C)C)C(=O)O)N[C@@H](CCCCN)C(N[C@H](C(=O)O)C(C)C)N[C@H](C(=O)O)C(C)O,CCC(C)[C@H](NC(N[C@@H](CCCNC(=N)N)C(N[C@@H](CCCCN)C(N[C@@H](CCCCN)C(=O)O)N[C@@H](CCCCN)C(=O)O)N[C@@H](CCCCN)C(N[C@@H](CCCCN)C(=O)O)N[C@@H](CCCNC(=N)N)C(=O)O)[C@H](CCCCN)NC(N[C@@H](CCCNC(=N)N)C(N[C@@H](C(C)C)C(N[C@@H](CCCCN)C(=O)O)N[C@@H](CCCNC(=N)N)C(=O)O)N[C@@H](CC(C)C)C(N[C@@H](CCCNC(=N)N)C(=O)O)N[C@@H](CCCNC(=N)N)C(=O)O)[C@@H](N)CCCNC(=N)N)C(N[C@@H](C(C)N[C@H](C(=O)O)C(C)CC)C(N[C@@H](CCCNC(=N)N)C(=O)O)N[C@@H](CC(C)C)C(=O)O)N[C@@H](CCCCN)C(N[C@H](C(=O)O)C(C)C)N[C@H](C(=O)O)C(C)O,BYWMEGMROGOHEQ-XGBYKGIASA-N,BBB+,1,3168.2189999999923,-8.556940000000195,1511.1999999999991,70,54,146,0,221,0,experimental_classification,p
BBBP_00623,623,CC(C)C[C@H](NC(CNC([C@@H]1CCCN1)N1CCC[C@H]1C(=O)O)N1CCC[C@H]1C(=O)O)C(=O)O,CC(C)C[C@H](NC(CNC([C@@H]1CCCN1)N1CCC[C@H]1C(=O)O)N1CCC[C@H]1C(=O)O)C(=O)O,YQGTUMISNBWDAL-ZLHCHQMRSA-N,BBB+,1,483.6100000000003,0.1671000000000059,154.47,6,8,13,0,34,3,experimental_classification,p
BBBP_00624,624,CCC(C)[C@H](NC(N)C[C@H](NC(N[C@@H](CCCNC(=N)N)C(N[C@@H](Cc1ccc(O)cc1)C(=O)O)N1CCC[C@H]1C(=O)O)[C@@H](N)CCCNC(=N)N)C(O)N[C@@H](CC(C)C)C(=O)O)C(=O)O,CCC(C)[C@H](NC(N)C[C@H](NC(N[C@@H](CCCNC(=N)N)C(N[C@@H](Cc1ccc(O)cc1)C(=O)O)N1CCC[C@H]1C(=O)O)[C@@H](N)CCCNC(=N)N)C(O)N[C@@H](CC(C)C)C(=O)O)C(=O)O,QLKZZBANXLINBY-XKCPJBEISA-N,BBB+,1,939.1739999999996,-1.8799600000000067,428.88999999999993,19,16,34,1,66,2,experimental_classification,p
BBBP_00625,625,NC(=O)C[C@H](NC(CC[C@H](Nc1ccc(C[C@H](NC([C@@H](N)Cc2ccccc2)N2CCC[C@H]2C(N[C@@H](Cc2ccccc2)C(=O)O)N2CCC[C@H]2C(=O)O)C(NCC(=O)O)N[C@@H](CC(N)=O)C(=O)O)cc1)C(=O)O)N[C@@H](CCC(=O)O)C(=O)O)C(=O)O,NC(=O)C[C@H](NC(CC[C@H](Nc1ccc(C[C@H](NC([C@@H](N)Cc2ccccc2)N2CCC[C@H]2C(N[C@@H](Cc2ccccc2)C(=O)O)N2CCC[C@H]2C(=O)O)C(NCC(=O)O)N[C@@H](CC(N)=O)C(=O)O)cc1)C(=O)O)N[C@@H](CCC(=O)O)C(=O)O)C(=O)O,FQWQBOGRMCQIOR-KFWWZLNNSA-N,BBB+,1,1221.3330000000003,-1.575900000000014,501.28999999999996,18,20,42,3,87,5,experimental_classification,p
BBBP_00626,626,N[C@@H](Cc1ccc(N[C@@H](CS)C(N[C@@H](CO)C(=O)O)N[C@@H](CS)C(=O)O)cc1)C(NCC(O)NCC(=O)O)N[C@@H](Cc1ccccc1)C(=O)O,N[C@@H](Cc1ccc(N[C@@H](CS)C(N[C@@H](CO)C(=O)O)N[C@@H](CS)C(=O)O)cc1)C(NCC(O)NCC(=O)O)N[C@@H](Cc1ccccc1)C(=O)O,UDBAEIYERKPLJG-JKDJCZANSA-N,BBB+,1,741.8900000000001,-2.2056999999999896,287.86,15,15,26,2,50,2,experimental_classification,p
BBBP_00627,627,C[C@H](NC([C@H](C)NC(N[C@@H](CS)C(NCC(N[C@@H](CCCNC(=N)N)C(=O)O)N[C@@H](CCCNC(=N)N)C(=O)O)N[C@@H](Cc1ccc(N[C@@H](CCCNC(=N)N)C(=O)O)cc1)C(N[C@@H](CCCNC(=N)N)C(=O)O)N[C@@H](CCC(N)=O)C(=O)O)[C@@H]1CCCN1)N1CCC[C@H]1C(N[C@@H](CCCCN)C(=O)O)N[C@@H](CCCNC(=N)N)C(=O)O)C(N[C@@H](CCCCN)C(=O)O)N[C@@H](CCCNC(=N)N)C(=O)O,C[C@H](NC([C@H](C)NC(N[C@@H](CS)C(NCC(N[C@@H](CCCNC(=N)N)C(=O)O)N[C@@H](CCCNC(=N)N)C(=O)O)N[C@@H](Cc1ccc(N[C@@H](CCCNC(=N)N)C(=O)O)cc1)C(N[C@@H](CCCNC(=N)N)C(=O)O)N[C@@H](CCC(N)=O)C(=O)O)[C@@H]1CCCN1)N1CCC[C@H]1C(N[C@@H](CCCCN)C(=O)O)N[C@@H](CCCNC(=N)N)C(=O)O)C(N[C@@H](CCCCN)C(=O)O)N[C@@H](CCCNC(=N)N)C(=O)O,FTTXAYCBGZJHHJ-JQBBZULSSA-N,BBB+,1,2013.5080000000025,-8.569179999999921,985.9200000000001,46,35,83,1,140,3,experimental_classification,p
BBBP_00628,628,CSCC[C@H](N)C(N[C@@H](Cc1cnc[nH]1)C(=O)O)N[C@@H](CCC(N[C@@H](Cc1ccccc1)C(=O)O)N1CCC[C@H]1C(=O)O)C(NCC(=O)O)N1CCC[C@H]1C(=O)O,CSCC[C@H](N)C(N[C@@H](Cc1cnc[nH]1)C(=O)O)N[C@@H](CCC(N[C@@H](Cc1ccccc1)C(=O)O)N1CCC[C@H]1C(=O)O)C(NCC(=O)O)N1CCC[C@H]1C(=O)O,OMICLGLUZJMFER-IRQIPBHOSA-N,BBB+,1,819.9829999999998,-0.15019999999999306,295.79999999999995,11,14,27,2,57,4,experimental_classification,p
BBBP_00629,629,CC(C)[C@H](NC(N[C@H](C(=O)O)C(C)C)[C@H](Cc1ccc(N[C@@H](CCC(=O)O)C(=O)O)cc1)NC(N[C@@H](CCCCN)C(N[C@@H](Cc1ccccc1)C(=O)O)N[C@@H](C)C(O)NCC(=O)O)[C@@H](N)CCCCN)C(=O)O,CC(C)[C@H](NC(N[C@H](C(=O)O)C(C)C)[C@H](Cc1ccc(N[C@@H](CCC(=O)O)C(=O)O)cc1)NC(N[C@@H](CCCCN)C(N[C@@H](Cc1ccccc1)C(=O)O)N[C@@H](C)C(O)NCC(=O)O)[C@@H](N)CCCCN)C(=O)O,SEPXDCMFASGFBC-WXHMJXDSSA-N,BBB+,1,1048.2939999999994,0.09279999999998984,418.33,18,18,42,2,74,2,experimental_classification,p
BBBP_00630,630,CC(C)C[C@H](NC(C)[C@H](Nc1ccc(C[C@H](N)C(NCC(=O)O)N[C@@H](Cc2ccccc2)C(=O)O)cc1)C(N[C@@H](CO)C(=O)O)N[C@@H](CC(N)=O)C(=O)O)C(=O)O,CC(C)C[C@H](NC(C)[C@H](Nc1ccc(C[C@H](N)C(NCC(=O)O)N[C@@H](Cc2ccccc2)C(=O)O)cc1)C(N[C@@H](CO)C(=O)O)N[C@@H](CC(N)=O)C(=O)O)C(=O)O,FEQLSDBPEUDESC-ZLJLBPQISA-N,BBB+,1,804.8990000000002,-1.6204999999999998,348.02,14,14,29,2,57,2,experimental_classification,p
BBBP_00631,631,CC(C)C[C@H](NC(NCC(=O)O)[C@H](CCCNC(=N)N)NC(N[C@@H](CCC(N)N[C@@H](Cc1ccc(O)cc1)C(=O)O)C(NCC(=O)O)N[C@@H](CC(=O)O)C(=O)O)[C@H](CCCNC(=N)N)NC(N[C@@H](CCCCN)C(N[C@@H](CCCNC(=N)N)C(N[C@@H](CS)C(=O)O)N[C@H](C(=O)O)C(C)C)N[C@@H](CCCNC(=N)N)C(N[C@@H](CCC(=O)O)C(=O)O)N[C@H](C(=O)O)C(C)C)[C@@H](N)Cc1ccc(NCC(N[C@@H](CCCCN)C(NCC(=O)O)N[C@H](C(=O)O)C(C)C)N[C@@H](CCCNC(=N)N)C(N[C@@H](CCCNC(=N)N)C(=O)O)N2CCC[C@H]2C(=O)O)cc1)C(=O)O,CC(C)C[C@H](NC(NCC(=O)O)[C@H](CCCNC(=N)N)NC(N[C@@H](CCC(N)N[C@@H](Cc1ccc(O)cc1)C(=O)O)C(NCC(=O)O)N[C@@H](CC(=O)O)C(=O)O)[C@H](CCCNC(=N)N)NC(N[C@@H](CCCCN)C(N[C@@H](CCCNC(=N)N)C(N[C@@H](CS)C(=O)O)N[C@H](C(=O)O)C(C)C)N[C@@H](CCCNC(=N)N)C(N[C@@H](CCC(=O)O)C(=O)O)N[C@H](C(=O)O)C(C)C)[C@@H](N)Cc1ccc(NCC(N[C@@H](CCCCN)C(NCC(=O)O)N[C@H](C(=O)O)C(C)C)N[C@@H](CCCNC(=N)N)C(N[C@@H](CCCNC(=N)N)C(=O)O)N2CCC[C@H]2C(=O)O)cc1)C(=O)O,MIVUITKXMSBDLD-YBMMWFQFSA-N,BBB+,1,2771.390999999996,-9.013980000000041,1311.0799999999995,60,49,116,2,193,3,experimental_classification,p
BBBP_00632,632,CCC(C)[C@H](NC(N[C@@H](CCCCN)C(=O)O)[C@H](CCCNC(=N)N)NC(CNc1ccc(C[C@H](N)C(N[C@@H](CCCCN)C(N[C@@H](CCCNC(=N)N)C(NCC(=O)O)N[C@@H](CO)C(=O)O)N[C@@H](CCCNC(=N)N)C(N[C@@H](CCC(N)=O)C(=O)O)N[C@@H](Cc2ccc(O)cc2)C(=O)O)N[C@@H](CCCNC(=N)N)C(N[C@@H](CCC(N)N[C@H](C(=O)O)C(C)O)C(N[C@@H](CO)C(=O)O)N[C@@H](CCCCN)C(=O)O)N[C@@H](CCCNC(=N)N)C(N[C@@H](CC(C)C)C(=O)O)N2CCC[C@H]2C(=O)O)cc1)N[C@@H](CCCCN)C(N[C@@H](CCCNC(=N)N)C(NCC(=O)O)N[C@@H](CCCCN)C(=O)O)N[C@H](C(=O)O)C(C)C)C(=O)O,CCC(C)[C@H](NC(N[C@@H](CCCCN)C(=O)O)[C@H](CCCNC(=N)N)NC(CNc1ccc(C[C@H](N)C(N[C@@H](CCCCN)C(N[C@@H](CCCNC(=N)N)C(NCC(=O)O)N[C@@H](CO)C(=O)O)N[C@@H](CCCNC(=N)N)C(N[C@@H](CCC(N)=O)C(=O)O)N[C@@H](Cc2ccc(O)cc2)C(=O)O)N[C@@H](CCCNC(=N)N)C(N[C@@H](CCC(N)N[C@H](C(=O)O)C(C)O)C(N[C@@H](CO)C(=O)O)N[C@@H](CCCCN)C(=O)O)N[C@@H](CCCNC(=N)N)C(N[C@@H](CC(C)C)C(=O)O)N2CCC[C@H]2C(=O)O)cc1)N[C@@H](CCCCN)C(N[C@@H](CCCNC(=N)N)C(NCC(=O)O)N[C@@H](CCCCN)C(=O)O)N[C@H](C(=O)O)C(C)C)C(=O)O,RPNIZUUEBHWTRF-NAQIKOEFSA-N,BBB+,1,3071.8169999999946,-11.835580000000121,1479.6799999999994,67,56,134,2,215,3,experimental_classification,p
BBBP_00633,633,CCC(C)[C@H](NC(N[C@@H](Cc1ccc(O)cc1)C(=O)O)[C@@H](NC(N[C@@H](C)C(N[C@@H](CCCNC(=N)N)C(O)N[C@@H](CC(C)C)C(=O)O)N1CCC[C@H]1C(=O)O)[C@@H](N)CS)C(C)C)C(=O)O,CCC(C)[C@H](NC(N[C@@H](Cc1ccc(O)cc1)C(=O)O)[C@@H](NC(N[C@@H](C)C(N[C@@H](CCCNC(=N)N)C(O)N[C@@H](CC(C)C)C(=O)O)N1CCC[C@H]1C(=O)O)[C@@H](N)CS)C(C)C)C(=O)O,HGTUCAZZAGBFNS-MBQCEPOTSA-N,BBB+,1,942.2389999999998,0.07186999999999671,353.0,17,16,33,1,65,2,experimental_classification,p
BBBP_00634,634,CCC(C)[C@H](NC(NCC(N[C@@H](CO)C(=O)O)N[C@@H](CC(N)=O)C(=O)O)[C@@H]1CCCN1)C(N[C@@H](CN[C@@H](CCC(=O)O)C(=O)O)C(N[C@@H](CCCCN)C(=O)O)N[C@H](C(=O)O)C(C)O)N[C@@H](CCC(N[C@@H](CCSC)C(=O)O)N[C@H](C(=O)O)C(C)O)C(O)N1CCC[C@H]1C(=O)O,CCC(C)[C@H](NC(NCC(N[C@@H](CO)C(=O)O)N[C@@H](CC(N)=O)C(=O)O)[C@@H]1CCCN1)C(N[C@@H](CN[C@@H](CCC(=O)O)C(=O)O)C(N[C@@H](CCCCN)C(=O)O)N[C@H](C(=O)O)C(C)O)N[C@@H](CCC(N[C@@H](CCSC)C(=O)O)N[C@H](C(=O)O)C(C)O)C(O)N1CCC[C@H]1C(=O)O,BCJUJBYHMLDLJW-HEVKABPCSA-N,BBB+,1,1402.6320000000003,-6.797399999999991,633.33,27,29,57,0,96,2,experimental_classification,p
BBBP_00635,635,CCC(C)[C@H](NC(NCC(=O)O)[C@H](CCCNC(=N)N)NC[C@H](N)C(N[C@@H](Cc1ccc(NCC(=O)O)cc1)C(N[C@@H](CC(N)=O)C(=O)O)N[C@@H](CC(N)=O)C(=O)O)N[C@@H](CNCC(=O)O)C(N[C@H](C(=O)O)C(C)C)N[C@H](C(=O)O)C(C)O)C(=O)O,CCC(C)[C@H](NC(NCC(=O)O)[C@H](CCCNC(=N)N)NC[C@H](N)C(N[C@@H](Cc1ccc(NCC(=O)O)cc1)C(N[C@@H](CC(N)=O)C(=O)O)N[C@@H](CC(N)=O)C(=O)O)N[C@@H](CNCC(=O)O)C(N[C@H](C(=O)O)C(C)C)N[C@H](C(=O)O)C(C)O)C(=O)O,HVQVNUVPYQWMSN-CBZXCMRXSA-N,BBB+,1,1232.3619999999996,-7.1087299999999916,625.06,26,24,50,1,86,1,experimental_classification,p
BBBP_00636,636,CCC(C)[C@H](NC(N[C@@H](CCC(N)N[C@@H](Cc1ccc(O)cc1)C(=O)O)C(O)N[C@@H](CCCCN)C(=O)O)[C@@H](N)C(C)C)C(=O)O,CCC(C)[C@H](NC(N[C@@H](CCC(N)N[C@@H](Cc1ccc(O)cc1)C(=O)O)C(O)N[C@@H](CCCCN)C(=O)O)[C@@H](N)C(C)C)C(=O)O,ROPKVVUCNWTGTA-DQGSQVPVSA-N,BBB+,1,655.8380000000002,-0.1107999999999914,278.54,12,12,25,1,46,1,experimental_classification,p
BBBP_00637,637,CC(C)[C@H](N)C(N[C@@H](C(C)C)C(N[C@@H](Cc1c[nH]c2ccccc12)C(=O)O)N1CCC[C@H]1C(=O)O)N[C@@H](Cc1ccc(N[C@H](C(=O)O)C(C)O)cc1)C(=O)O,CC(C)[C@H](N)C(N[C@@H](C(C)C)C(N[C@@H](Cc1c[nH]c2ccccc12)C(=O)O)N1CCC[C@H]1C(=O)O)N[C@@H](Cc1ccc(N[C@H](C(=O)O)C(C)O)cc1)C(=O)O,YXSFTVMRFOEYSN-JTJWDQHFSA-N,BBB+,1,767.9250000000003,2.083300000000009,262.59999999999997,11,11,22,3,55,4,experimental_classification,p
BBBP_00638,638,CCC(C)[C@H](NC(N[C@@H](CC(C)C)C(NCC(=O)O)N[C@@H](CCCNC(=N)N)C(=O)O)[C@@H](N)CC(N[C@@H](CCC(N)N[C@@H](C(C)C)C(O)N[C@@H](CC(C)C)C(=O)O)C(N[C@@H](CCCNC(=N)N)C(=O)O)N[C@@H](CC(C)C)C(=O)O)N1CCC[C@H]1C(NCC(N[C@@H](CCCCN)C(=O)O)N[C@H](C(=O)O)C(C)C)N[C@@H](CCSC)C(NCC(=O)O)N[C@@H](Cc1ccccc1)C(=O)O)C(N[C@@H](CO)C(=O)O)N[C@H](C(=O)O)C(C)CC,CCC(C)[C@H](NC(N[C@@H](CC(C)C)C(NCC(=O)O)N[C@@H](CCCNC(=N)N)C(=O)O)[C@@H](N)CC(N[C@@H](CCC(N)N[C@@H](C(C)C)C(O)N[C@@H](CC(C)C)C(=O)O)C(N[C@@H](CCCNC(=N)N)C(=O)O)N[C@@H](CC(C)C)C(=O)O)N1CCC[C@H]1C(NCC(N[C@@H](CCCCN)C(=O)O)N[C@H](C(=O)O)C(C)C)N[C@@H](CCSC)C(NCC(=O)O)N[C@@H](Cc1ccccc1)C(=O)O)C(N[C@@H](CO)C(=O)O)N[C@H](C(=O)O)C(C)CC,LUKPNFQZCZKUNJ-COQMUHKPSA-N,BBB+,1,2119.7410000000004,-2.5392599999999064,860.3700000000002,39,37,89,1,147,2,experimental_classification,p
BBBP_00639,639,CC(C)C[C@H](NC(N[C@@H](C)C(=O)O)[C@H](CCCCN)NC(N)C[C@H](NC(N[C@@H](CS)C(N[C@@H](CCC(N[C@@H](CS)C(=O)O)N[C@@H](Cc1cnc[nH]1)C(=O)O)C(=O)O)N[C@H](C(=O)O)C(C)O)[C@@H](N)CS)C(N[C@@H](C)C(N[C@@H](C)C(=O)O)N[C@@H](CS)C(=O)O)N1CCC[C@H]1C(N[C@@H](C)C(=O)O)N[C@@H](C)C(=O)O)C(=O)O,CC(C)C[C@H](NC(N[C@@H](C)C(=O)O)[C@H](CCCCN)NC(N)C[C@H](NC(N[C@@H](CS)C(N[C@@H](CCC(N[C@@H](CS)C(=O)O)N[C@@H](Cc1cnc[nH]1)C(=O)O)C(=O)O)N[C@H](C(=O)O)C(C)O)[C@@H](N)CS)C(N[C@@H](C)C(N[C@@H](C)C(=O)O)N[C@@H](CS)C(=O)O)N1CCC[C@H]1C(N[C@@H](C)C(=O)O)N[C@@H](C)C(=O)O)C(=O)O,UBXSBLBRCJSDME-GGJIQXEZSA-N,BBB+,1,1622.0400000000004,-5.882899999999985,671.6300000000001,33,34,63,1,108,2,experimental_classification,p
BBBP_00640,640,CCC(C)[C@H](NC(O)[C@H](CC(C)C)NC(N[C@H](C(=O)O)C(C)CC)[C@@H]1CCCN1C(N[C@@H](CCCNC(=N)N)C(N[C@@H](C)C(N[C@@H](CCSC)C(=O)O)N[C@@H](Cc1ccccc1)C(=O)O)N1CCC[C@H]1C(N[C@@H](CCCNC(=N)N)C(=O)O)N[C@@H](CCSC)C(=O)O)[C@@H](N)CCCNC(=N)N)C(=O)O,CCC(C)[C@H](NC(O)[C@H](CC(C)C)NC(N[C@H](C(=O)O)C(C)CC)[C@@H]1CCCN1C(N[C@@H](CCCNC(=N)N)C(N[C@@H](C)C(N[C@@H](CCSC)C(=O)O)N[C@@H](Cc1ccccc1)C(=O)O)N1CCC[C@H]1C(N[C@@H](CCCNC(=N)N)C(=O)O)N[C@@H](CCSC)C(=O)O)[C@@H](N)CCCNC(=N)N)C(=O)O,WFFHUOZROTWKME-DMEWHKIUSA-N,BBB+,1,1513.0480000000011,0.019709999999994177,570.5,26,24,58,1,104,3,experimental_classification,p
BBBP_00641,641,CSCC[C@H](NC(N[C@@H](CN[C@@H](CCCNC(=N)N)C(N[C@@H](CCCCN)C(=O)O)N[C@H](C(=O)O)C(C)C)C(NCC(NCC(=O)O)N[C@@H](CC(N)=O)C(=O)O)N[C@@H](Cc1c[nH]c2ccccc12)C(N[C@@H](Cc1ccc(O)cc1)C(=O)O)N1CCC[C@H]1C(=O)O)[C@@H](N)CN[C@@H](Cc1ccc(N[C@@H](CCC(NCC(N[C@@H](C)C(=O)O)N[C@@H](CCC(=O)O)C(=O)O)N[C@@H](C(C)C)C(N[C@@H](C)C(=O)O)N[C@@H](CO)C(=O)O)C(N[C@@H](CCCCN)C(N[C@@H](CCC(=O)O)C(=O)O)N[C@@H](CC(C)C)C(=O)O)N[C@@H](CCCCN)C(N[C@@H](Cc2ccccc2)C(=O)O)N2CCC[C@H]2C(=O)O)cc1)C(N[C@@H](Cc1cnc[nH]1)C(N[C@@H](CCCNC(=N)N)C(=O)O)N[C@@H](CCCNC(=N)N)C(O)N[C@@H](Cc1ccccc1)C(=O)O)N[C@@H](Cc1ccccc1)C(N[C@H](C(=O)O)C(C)C)N1CCC[C@H]1C(=O)O)C(N[C@@H](CCCCN)C(N[C@@H](C)C(=O)O)N[C@@H](CCC(=O)O)C(=O)O)N1CCC[C@H]1C(N[C@@H](CCC(=O)O)C(=O)O)N[C@@H](CC(=O)O)C(=O)O,CSCC[C@H](NC(N[C@@H](CN[C@@H](CCCNC(=N)N)C(N[C@@H](CCCCN)C(=O)O)N[C@H](C(=O)O)C(C)C)C(NCC(NCC(=O)O)N[C@@H](CC(N)=O)C(=O)O)N[C@@H](Cc1c[nH]c2ccccc12)C(N[C@@H](Cc1ccc(O)cc1)C(=O)O)N1CCC[C@H]1C(=O)O)[C@@H](N)CN[C@@H](Cc1ccc(N[C@@H](CCC(NCC(N[C@@H](C)C(=O)O)N[C@@H](CCC(=O)O)C(=O)O)N[C@@H](C(C)C)C(N[C@@H](C)C(=O)O)N[C@@H](CO)C(=O)O)C(N[C@@H](CCCCN)C(N[C@@H](CCC(=O)O)C(=O)O)N[C@@H](CC(C)C)C(=O)O)N[C@@H](CCCCN)C(N[C@@H](Cc2ccccc2)C(=O)O)N2CCC[C@H]2C(=O)O)cc1)C(N[C@@H](Cc1cnc[nH]1)C(N[C@@H](CCCNC(=N)N)C(=O)O)N[C@@H](CCCNC(=N)N)C(O)N[C@@H](Cc1ccccc1)C(=O)O)N[C@@H](Cc1ccccc1)C(N[C@H](C(=O)O)C(C)C)N1CCC[C@H]1C(=O)O)C(N[C@@H](CCCCN)C(N[C@@H](C)C(=O)O)N[C@@H](CCC(=O)O)C(=O)O)N1CCC[C@H]1C(N[C@@H](CCC(=O)O)C(=O)O)N[C@@H](CC(=O)O)C(=O)O,GYFIOUJDHKPKGO-KVUMFADTSA-N,BBB+,1,4577.429999999982,-7.48669000000031,1893.129999999999,81,79,183,8,322,12,experimental_classification,p
BBBP_00642,642,CC(C)C[C@H](NC(N[C@@H](CCCNC(=N)N)C(=O)O)[C@H](CCCNC(=N)N)NC(CC[C@H](NC(C)[C@H](N)C(N[C@@H](CCC(N[C@@H](CO)C(=O)O)N[C@@H](C)C(O)N[C@@H](C)C(=O)O)C(N[C@@H](Cc1cnc[nH]1)C(=O)O)N[C@@H](CC(C)C)C(=O)O)N[C@@H](CC(C)C)C(N[C@@H](CCCCN)C(=O)O)N[C@@H](CCCNC(=N)N)C(=O)O)C(N[C@@H](CCCNC(=N)N)C(N[C@@H](CC(C)C)C(=O)O)N[C@@H](CC(C)C)C(=O)O)N[C@@H](CC(C)C)C(N[C@@H](CCCNC(=N)N)C(=O)O)N[C@@H](CC(=O)O)C(=O)O)N[C@@H](C(C)C)C(N[C@@H](CCCCN)C(=O)O)N[C@@H](CCCNC(=N)N)C(=O)O)C(=O)O,CC(C)C[C@H](NC(N[C@@H](CCCNC(=N)N)C(=O)O)[C@H](CCCNC(=N)N)NC(CC[C@H](NC(C)[C@H](N)C(N[C@@H](CCC(N[C@@H](CO)C(=O)O)N[C@@H](C)C(O)N[C@@H](C)C(=O)O)C(N[C@@H](Cc1cnc[nH]1)C(=O)O)N[C@@H](CC(C)C)C(=O)O)N[C@@H](CC(C)C)C(N[C@@H](CCCCN)C(=O)O)N[C@@H](CCCNC(=N)N)C(=O)O)C(N[C@@H](CCCNC(=N)N)C(N[C@@H](CC(C)C)C(=O)O)N[C@@H](CC(C)C)C(=O)O)N[C@@H](CC(C)C)C(N[C@@H](CCCNC(=N)N)C(=O)O)N[C@@H](CC(=O)O)C(=O)O)N[C@@H](C(C)C)C(N[C@@H](CCCCN)C(=O)O)N[C@@H](CCCNC(=N)N)C(=O)O)C(=O)O,XTVJFZYDSFIPCH-FAFHDRIDSA-N,BBB+,1,2852.568999999995,-7.650380000000061,1342.7599999999995,61,49,124,1,199,1,experimental_classification,p
BBBP_00643,643,CC(C)C[C@H](NC(N[C@@H](CCCNC(=N)N)C(=O)O)[C@H](Cc1cnc[nH]1)Nc1ccc(C[C@H](NC(N[C@@H](CCCNC(=N)N)C(NCC(=O)O)N[C@@H](Cc2ccc(O)cc2)C(=O)O)[C@@H]2CCCN2)C(N[C@@H](CO)C(=O)O)N[C@@H](Cc2c[nH]c3ccccc23)C(NCC(=O)O)N2CCC[C@H]2C(=O)O)cc1)C(=O)O,CC(C)C[C@H](NC(N[C@@H](CCCNC(=N)N)C(=O)O)[C@H](Cc1cnc[nH]1)Nc1ccc(C[C@H](NC(N[C@@H](CCCNC(=N)N)C(NCC(=O)O)N[C@@H](Cc2ccc(O)cc2)C(=O)O)[C@@H]2CCCN2)C(N[C@@H](CO)C(=O)O)N[C@@H](Cc2c[nH]c3ccccc23)C(NCC(=O)O)N2CCC[C@H]2C(=O)O)cc1)C(=O)O,CRRXHMANONVVPB-YVOBXCMHSA-N,BBB+,1,1498.7570000000003,-1.4616600000000157,605.4000000000001,28,24,52,5,107,7,experimental_classification,p
BBBP_00644,644,CSCC[C@H](NC(O)CNc1ccc(C[C@H](N)C(NCC(=O)O)N[C@@H](Cc2ccccc2)C(=O)O)cc1)C(=O)O,CSCC[C@H](NC(O)CNc1ccc(C[C@H](N)C(NCC(=O)O)N[C@@H](Cc2ccccc2)C(=O)O)cc1)C(=O)O,RNQOSBAWPOWBBT-LEEJTYNFSA-N,BBB+,1,577.7040000000003,0.3684000000000075,206.26999999999995,9,10,20,2,40,2,experimental_classification,p
BBBP_00645,645,CCC(C)[C@H](NC(N[C@H](C(=O)O)C(C)C)[C@H](CCCNC(=N)N)NC(CNc1ccc(C[C@H](N)C(N[C@@H](CCCNC(=N)N)C(N[C@@H](CCCNC(=N)N)C(N[C@@H](CO)C(=O)O)N[C@@H](CCCNC(=N)N)C(=O)O)N[C@@H](CCC(N)N[C@@H](CC(N)=O)C(=O)O)C(N[C@@H](CCCCN)C(=O)O)N[C@@H](CCCNC(=N)N)C(=O)O)N[C@@H](CCCCN)C(N[C@@H](CCCNC(=N)N)C(N[C@@H](CCC(N)=O)C(=O)O)N[C@@H](CCC(=O)O)C(=O)O)N[C@@H](CCCNC(=N)N)C(N[C@@H](CCCNC(=N)N)C(=O)O)N[C@@H](Cc2ccc(O)cc2)C(=O)O)cc1)N[C@@H](CCCCN)C(N[C@@H](CCC(=O)O)C(=O)O)N[C@@H](CCCCN)C(O)N[C@@H](CC(=O)O)C(=O)O)C(=O)O,CCC(C)[C@H](NC(N[C@H](C(=O)O)C(C)C)[C@H](CCCNC(=N)N)NC(CNc1ccc(C[C@H](N)C(N[C@@H](CCCNC(=N)N)C(N[C@@H](CCCNC(=N)N)C(N[C@@H](CO)C(=O)O)N[C@@H](CCCNC(=N)N)C(=O)O)N[C@@H](CCC(N)N[C@@H](CC(N)=O)C(=O)O)C(N[C@@H](CCCCN)C(=O)O)N[C@@H](CCCNC(=N)N)C(=O)O)N[C@@H](CCCCN)C(N[C@@H](CCCNC(=N)N)C(N[C@@H](CCC(N)=O)C(=O)O)N[C@@H](CCC(=O)O)C(=O)O)N[C@@H](CCCNC(=N)N)C(N[C@@H](CCCNC(=N)N)C(=O)O)N[C@@H](Cc2ccc(O)cc2)C(=O)O)cc1)N[C@@H](CCCCN)C(N[C@@H](CCC(=O)O)C(=O)O)N[C@@H](CCCCN)C(O)N[C@@H](CC(=O)O)C(=O)O)C(=O)O,IAYWEIHNDCSGAS-WILPYJFNSA-N,BBB+,1,3230.8779999999924,-14.59704000000018,1671.6799999999992,74,58,142,2,226,2,experimental_classification,p
BBBP_00646,646,CSCC[C@H](NC(N[C@@H](CC(N)=O)C(=O)O)[C@H](CCSC)NC(C[C@H](N)C(N[C@@H](CCCNC(=N)N)C(=O)O)N[C@@H](Cc1ccccc1)C(=O)O)N[C@H](C(=O)O)C(C)N[C@@H](CCCCN)C(=O)O)C(=O)O,CSCC[C@H](NC(N[C@@H](CC(N)=O)C(=O)O)[C@H](CCSC)NC(C[C@H](N)C(N[C@@H](CCCNC(=N)N)C(=O)O)N[C@@H](Cc1ccccc1)C(=O)O)N[C@H](C(=O)O)C(C)N[C@@H](CCCCN)C(=O)O)C(=O)O,NDLVGIAWTJRFQU-FREQPWNFSA-N,BBB+,1,1048.301,-2.697830000000021,465.03999999999996,19,19,43,1,71,1,experimental_classification,p
BBBP_00647,647,C[C@H](NC(N[C@@H](CCCCN)C(=O)O)[C@@H](N)Cc1ccc(N[C@@H](CCCNC(=N)N)C(O)NCC(=O)O)cc1)C(=O)O,C[C@H](NC(N[C@@H](CCCCN)C(=O)O)[C@@H](N)Cc1ccc(N[C@@H](CCCNC(=N)N)C(O)NCC(=O)O)cc1)C(=O)O,LMANDWKHUACDBQ-WBWWDGMRSA-N,BBB+,1,597.7180000000003,-1.8466299999999984,294.19,13,11,23,1,42,1,experimental_classification,p
BBBP_00648,648,NCCCC[C@H](NC(N[C@@H](Cc1ccc(O)cc1)C(=O)O)[C@@H]1CCCN1C(N)C[C@H](N)C(N[C@@H](CC(=O)O)C(=O)O)N[C@@H](CC(N)N[C@@H](CCC(=O)O)C(=O)O)C(N[C@@H](Cc1ccccc1)C(=O)O)N1CCC[C@H]1C(=O)O)C(=O)O,NCCCC[C@H](NC(N[C@@H](Cc1ccc(O)cc1)C(=O)O)[C@@H]1CCCN1C(N)C[C@H](N)C(N[C@@H](CC(=O)O)C(=O)O)N[C@@H](CC(N)N[C@@H](CCC(=O)O)C(=O)O)C(N[C@@H](Cc1ccccc1)C(=O)O)N1CCC[C@H]1C(=O)O)C(=O)O,USVNQIZHXLFOFU-DTJLNPGUSA-N,BBB+,1,1133.2680000000003,-2.51310000000002,501.36999999999995,19,21,40,2,80,4,experimental_classification,p
BBBP_00649,649,CCC(C)[C@H](NC(N[C@@H](CCCCN)C(N[C@@H](C)C(=O)O)N[C@@H](CC(C)C)C(=O)O)[C@H](Cc1ccc(NCC(N[C@@H](C)C(=O)O)N[C@@H](CC(C)C)C(=O)O)cc1)NC(NCC(N[C@@H](CC(C)C)C(N[C@@H](C)C(=O)O)N[C@@H](CCCCN)C(=O)O)N[C@@H](CC(C)C)C(N[C@@H](CC(C)C)C(=O)O)N[C@@H](CC(N)N[C@@H](CCCCN)C(=O)O)C(N[C@@H](CC(C)C)C(=O)O)N[C@H](C(=O)O)C(C)CC)[C@H](C)N)C(N[C@@H](C)C(=O)O)N[C@@H](CCCCN)C(=O)O,CCC(C)[C@H](NC(N[C@@H](CCCCN)C(N[C@@H](C)C(=O)O)N[C@@H](CC(C)C)C(=O)O)[C@H](Cc1ccc(NCC(N[C@@H](C)C(=O)O)N[C@@H](CC(C)C)C(=O)O)cc1)NC(NCC(N[C@@H](CC(C)C)C(N[C@@H](C)C(=O)O)N[C@@H](CCCCN)C(=O)O)N[C@@H](CC(C)C)C(N[C@@H](CC(C)C)C(=O)O)N[C@@H](CC(N)N[C@@H](CCCCN)C(=O)O)C(N[C@@H](CC(C)C)C(=O)O)N[C@H](C(=O)O)C(C)CC)[C@H](C)N)C(N[C@@H](C)C(=O)O)N[C@@H](CCCCN)C(=O)O,MYHYLYPUNIBERR-WKACHJDXSA-N,BBB+,1,2202.9339999999997,1.4148000000000924,844.3199999999999,38,38,97,1,154,1,experimental_classification,p
BBBP_00650,650,CSCC[C@H](Nc1ccc(C[C@H](NC(C[C@H](N)C(NCC(=O)O)N[C@@H](Cc2c[nH]c3ccccc23)C(=O)O)N[C@@H](CCSC)C(=O)O)C(N[C@@H](CC(=O)O)C(=O)O)N[C@@H](Cc2ccccc2)C(=O)O)cc1)C(=O)O,CSCC[C@H](Nc1ccc(C[C@H](NC(C[C@H](N)C(NCC(=O)O)N[C@@H](Cc2c[nH]c3ccccc23)C(=O)O)N[C@@H](CCSC)C(=O)O)C(N[C@@H](CC(=O)O)C(=O)O)N[C@@H](Cc2ccccc2)C(=O)O)cc1)C(=O)O,HXHXWTCOJMNJGG-ZFBLYGHLSA-N,BBB+,1,1070.2580000000003,1.5411000000000006,387.12,16,17,38,4,74,4,experimental_classification,p
BBBP_00651,651,CC(C)[C@H](NC(N[C@H](C(=O)O)C(C)C)[C@H](C)Nc1ccc(C[C@H](N)C(N[C@@H](CO)C(=O)O)N[C@@H](Cc2ccccc2)C(O)NCC(=O)O)cc1)C(=O)O,CC(C)[C@H](NC(N[C@H](C(=O)O)C(C)C)[C@H](C)Nc1ccc(C[C@H](N)C(N[C@@H](CO)C(=O)O)N[C@@H](Cc2ccccc2)C(O)NCC(=O)O)cc1)C(=O)O,PNMUPFKRFUOMOU-BGSGVVNOSA-N,BBB+,1,747.8910000000004,-0.36479999999999074,287.85999999999996,13,13,26,2,53,2,experimental_classification,p
BBBP_00652,652,CC(C)C[C@H](NC(O)[C@H](C)NC(N[C@@H](CCCNC(=N)N)C(NCC(=O)O)N[C@@H](CCCNC(=N)N)C(=O)O)[C@H](CCCCN)NC(CNc1ccc(C[C@H](N)C(N[C@@H](CCCNC(=N)N)C(N[C@@H](CCCNC(=N)N)C(N[C@@H](CCCNC(=N)N)C(=O)O)N[C@@H](CC(C)C)C(=O)O)N[C@@H](CCC(N)N[C@@H](CCCCN)C(=O)O)C(N[C@@H](CCC(=O)O)C(=O)O)N[C@@H](CC(C)C)C(=O)O)N[C@@H](CCCCN)C(N[C@@H](CCCNC(=N)N)C(NCC(=O)O)N[C@@H](CCCNC(=N)N)C(=O)O)N[C@@H](CCCNC(=N)N)C(N[C@H](C(=O)O)C(C)C)N2CCC[C@H]2C(=O)O)cc1)N[C@@H](CCCNC(=N)N)C(N[C@@H](CO)C(=O)O)N[C@@H](CCCNC(=N)N)C(=O)O)C(=O)O,CC(C)C[C@H](NC(O)[C@H](C)NC(N[C@@H](CCCNC(=N)N)C(NCC(=O)O)N[C@@H](CCCNC(=N)N)C(=O)O)[C@H](CCCCN)NC(CNc1ccc(C[C@H](N)C(N[C@@H](CCCNC(=N)N)C(N[C@@H](CCCNC(=N)N)C(N[C@@H](CCCNC(=N)N)C(=O)O)N[C@@H](CC(C)C)C(=O)O)N[C@@H](CCC(N)N[C@@H](CCCCN)C(=O)O)C(N[C@@H](CCC(=O)O)C(=O)O)N[C@@H](CC(C)C)C(=O)O)N[C@@H](CCCCN)C(N[C@@H](CCCNC(=N)N)C(NCC(=O)O)N[C@@H](CCCNC(=N)N)C(=O)O)N[C@@H](CCCNC(=N)N)C(N[C@H](C(=O)O)C(C)C)N2CCC[C@H]2C(=O)O)cc1)N[C@@H](CCCNC(=N)N)C(N[C@@H](CO)C(=O)O)N[C@@H](CCCNC(=N)N)C(=O)O)C(=O)O,IJWDOTJPKIRIAY-NYFAWARNSA-N,BBB+,1,3276.1029999999923,-13.42000000000021,1641.0199999999988,76,57,143,1,229,2,experimental_classification,p
BBBP_00653,653,CCC(C)[C@H](NC(N[C@@H](Cc1ccc(O)cc1)C(=O)O)[C@H](CC(N[C@@H](CCCNC(=N)N)C(=O)O)N[C@@H](CCCNC(=N)N)C(=O)O)NC(N[C@@H](CC(N)N[C@@H](CC(N)=O)C(=O)O)C(N[C@@H](CCSC)C(=O)O)N[C@@H](CC(C)C)C(=O)O)[C@H](CCC(NCC(N[C@@H](CCC(=O)O)C(=O)O)N[C@@H](CC(C)C)C(=O)O)N1CCC[C@H]1C(N[C@@H](C)C(=O)O)N[C@@H](C)C(=O)O)NC([C@@H]1CCCN1C(N[C@@H](CC(C)C)C(N[C@@H](CCC(N[C@@H](CCC(=O)O)C(=O)O)N1CCC[C@H]1C(=O)O)C(N[C@@H](CCSC)C(=O)O)N[C@@H](CCC(N)=O)C(=O)O)N[C@@H](Cc1ccc(N[C@@H](C)C(=O)O)cc1)C(N[C@@H](CCC(N)=O)C(=O)O)N[C@@H](Cc1ccc(O)cc1)C(=O)O)[C@H](C)N)N1CCC[C@H]1C(N[C@H](C(N[C@@H](CCCNC(=N)N)C(=O)O)N[C@@H](Cc1ccc(O)cc1)C(=O)O)C(C)N1CCC[C@H]1C(=O)O)N[C@@H](C)C(N[C@@H](CCCNC(=N)N)C(=O)O)N[C@H](C(=O)O)C(C)O)C(=O)O,CCC(C)[C@H](NC(N[C@@H](Cc1ccc(O)cc1)C(=O)O)[C@H](CC(N[C@@H](CCCNC(=N)N)C(=O)O)N[C@@H](CCCNC(=N)N)C(=O)O)NC(N[C@@H](CC(N)N[C@@H](CC(N)=O)C(=O)O)C(N[C@@H](CCSC)C(=O)O)N[C@@H](CC(C)C)C(=O)O)[C@H](CCC(NCC(N[C@@H](CCC(=O)O)C(=O)O)N[C@@H](CC(C)C)C(=O)O)N1CCC[C@H]1C(N[C@@H](C)C(=O)O)N[C@@H](C)C(=O)O)NC([C@@H]1CCCN1C(N[C@@H](CC(C)C)C(N[C@@H](CCC(N[C@@H](CCC(=O)O)C(=O)O)N1CCC[C@H]1C(=O)O)C(N[C@@H](CCSC)C(=O)O)N[C@@H](CCC(N)=O)C(=O)O)N[C@@H](Cc1ccc(N[C@@H](C)C(=O)O)cc1)C(N[C@@H](CCC(N)=O)C(=O)O)N[C@@H](Cc1ccc(O)cc1)C(=O)O)[C@H](C)N)N1CCC[C@H]1C(N[C@H](C(N[C@@H](CCCNC(=N)N)C(=O)O)N[C@@H](Cc1ccc(O)cc1)C(=O)O)C(C)N1CCC[C@H]1C(=O)O)N[C@@H](C)C(N[C@@H](CCCNC(=N)N)C(=O)O)N[C@H](C(=O)O)C(C)O)C(=O)O,LYPJJDGPAPRSFG-NJLHRBQCSA-N,BBB+,1,4261.046999999983,-8.539720000000251,1819.4299999999992,76,75,165,4,297,9,experimental_classification,p
BBBP_00654,654,CC(C)C[C@H](NC(N[C@@H](CCCCN)C(=O)O)[C@H](CCCNC(=N)N)NC(N[C@@H](CCCNC(=N)N)C(N[C@@H](C)C(=O)O)N[C@@H](C)C(=O)O)[C@H](CCCCN)NC(N[C@@H](CCCNC(=N)N)C(N[C@@H](CS)C(NCC(=O)O)N[C@@H](C)C(=O)O)N[C@@H](CCCNC(=N)N)C(NCC(=O)O)N1CCC[C@H]1C(=O)O)[C@H](CCCNC(=N)N)NC(CN)N[C@@H](CCCCN)C(N[C@@H](CCC(N)NCC(=O)O)C(NCC(=O)O)N[C@@H](CO)C(=O)O)N[C@@H](CCCNC(=N)N)C(N[C@@H](CCCNC(=N)N)C(O)N[C@@H](CCCNC(=N)N)C(=O)O)N[C@@H](CCCNC(=N)N)C(N[C@@H](CCCNC(=N)N)C(=O)O)N[C@H](C(=O)O)C(C)O)C(=O)O,CC(C)C[C@H](NC(N[C@@H](CCCCN)C(=O)O)[C@H](CCCNC(=N)N)NC(N[C@@H](CCCNC(=N)N)C(N[C@@H](C)C(=O)O)N[C@@H](C)C(=O)O)[C@H](CCCCN)NC(N[C@@H](CCCNC(=N)N)C(N[C@@H](CS)C(NCC(=O)O)N[C@@H](C)C(=O)O)N[C@@H](CCCNC(=N)N)C(NCC(=O)O)N1CCC[C@H]1C(=O)O)[C@H](CCCNC(=N)N)NC(CN)N[C@@H](CCCCN)C(N[C@@H](CCC(N)NCC(=O)O)C(NCC(=O)O)N[C@@H](CO)C(=O)O)N[C@@H](CCCNC(=N)N)C(N[C@@H](CCCNC(=N)N)C(O)N[C@@H](CCCNC(=N)N)C(=O)O)N[C@@H](CCCNC(=N)N)C(N[C@@H](CCCNC(=N)N)C(=O)O)N[C@H](C(=O)O)C(C)O)C(=O)O,BMNKATOYQMTQFL-KFDTYXMCSA-N,BBB+,1,3120.887999999994,-19.200500000000265,1635.9799999999989,78,59,138,0,216,1,experimental_classification,p
BBBP_00655,655,CCC(C)[C@H](NC(N[C@@H](CN[C@@H](CC(C)C)C(=O)O)C(N[C@@H](CC(N)=O)C(=O)O)N[C@@H](Cc1ccc(O)cc1)C(=O)O)[C@@H](N)CCCCN)C(N[C@@H](CC(C)C)C(N[C@@H](Cc1c[nH]c2ccccc12)C(=O)O)N[C@@H](CC(C)C)C(=O)O)N[C@@H](Cc1cnc[nH]1)C(N[C@@H](CCCNC(=N)N)C(=O)O)N[C@H](C(=O)O)C(C)O,CCC(C)[C@H](NC(N[C@@H](CN[C@@H](CC(C)C)C(=O)O)C(N[C@@H](CC(N)=O)C(=O)O)N[C@@H](Cc1ccc(O)cc1)C(=O)O)[C@@H](N)CCCCN)C(N[C@@H](CC(C)C)C(N[C@@H](Cc1c[nH]c2ccccc12)C(=O)O)N[C@@H](CC(C)C)C(=O)O)N[C@@H](Cc1cnc[nH]1)C(N[C@@H](CCCNC(=N)N)C(=O)O)N[C@H](C(=O)O)C(C)O,PVRJXZOJMHGADD-UCDNGENISA-N,BBB+,1,1553.9180000000003,-0.45243000000000827,635.39,28,25,60,4,110,4,experimental_classification,p
BBBP_00656,656,CC(C)C[C@H](NC(NCC(=O)O)[C@H](CCC(N)N[C@@H](CCC(=O)O)C(=O)O)NC(N[C@@H](CCCNC(=N)N)C(N[C@@H](CO)C(=O)O)N[C@@H](Cc1ccc(O)cc1)C(=O)O)[C@H](CCCNC(=N)N)NC(N[C@@H](CCCCN)C(N[C@@H](CCCNC(=N)N)C(=O)O)N[C@@H](CCCNC(=N)N)C(N[C@@H](CO)C(=O)O)N[C@@H](CC(C)C)C(=O)O)[C@@H](N)Cc1ccc(NCC(N[C@@H](CCCCN)C(N[C@@H](CO)C(=O)O)N[C@@H](CCCNC(=N)N)C(=O)O)N[C@@H](CCCNC(=N)N)C(N[C@@H](CC(N)=O)C(=O)O)N[C@@H](Cc2ccccc2)C(=O)O)cc1)C(=O)O,CC(C)C[C@H](NC(NCC(=O)O)[C@H](CCC(N)N[C@@H](CCC(=O)O)C(=O)O)NC(N[C@@H](CCCNC(=N)N)C(N[C@@H](CO)C(=O)O)N[C@@H](Cc1ccc(O)cc1)C(=O)O)[C@H](CCCNC(=N)N)NC(N[C@@H](CCCCN)C(N[C@@H](CCCNC(=N)N)C(=O)O)N[C@@H](CCCNC(=N)N)C(N[C@@H](CO)C(=O)O)N[C@@H](CC(C)C)C(=O)O)[C@@H](N)Cc1ccc(NCC(N[C@@H](CCCCN)C(N[C@@H](CO)C(=O)O)N[C@@H](CCCNC(=N)N)C(=O)O)N[C@@H](CCCNC(=N)N)C(N[C@@H](CC(N)=O)C(=O)O)N[C@@H](Cc2ccccc2)C(=O)O)cc1)C(=O)O,CRSAZNNAJLXHOS-LIIOEFFRSA-N,BBB+,1,2678.195999999997,-11.341480000000058,1324.9899999999996,60,48,114,3,188,3,experimental_classification,p
BBBP_00657,657,CCC(C)[C@H](NC(N[C@@H](CS)C(=O)O)[C@H](CC(C)C)NC(CNC[C@H](N)C(N[C@@H](CN[C@@H](CC(N[C@@H](CC(C)C)C(=O)O)N[C@H](C(=O)O)C(C)O)C(N[C@@H](CC(=O)O)C(=O)O)N[C@@H](Cc1ccccc1)C(=O)O)C(N[C@@H](C(C)C)C(N[C@@H](CCCCN)C(=O)O)N[C@H](C(=O)O)C(C)O)N[C@@H](Cc1c[nH]c2ccccc12)C(N[C@@H](Cc1c[nH]c2ccccc12)C(=O)O)N[C@@H](CC(C)C)C(=O)O)N[C@@H](Cc1c[nH]c2ccccc12)C(N[C@@H](Cc1c[nH]c2ccccc12)C(=O)O)N[C@@H](CC(N[C@@H](CO)C(=O)O)N[C@@H](CCC(N)=O)C(=O)O)C(N[C@@H](CCCCN)C(=O)O)N[C@@H](CC(C)C)C(=O)O)N[C@@H](CCCNC(=N)N)C(N[C@H](C(=O)O)C(C)C)N[C@H](C(=O)O)C(C)O)C(=O)O,CCC(C)[C@H](NC(N[C@@H](CS)C(=O)O)[C@H](CC(C)C)NC(CNC[C@H](N)C(N[C@@H](CN[C@@H](CC(N[C@@H](CC(C)C)C(=O)O)N[C@H](C(=O)O)C(C)O)C(N[C@@H](CC(=O)O)C(=O)O)N[C@@H](Cc1ccccc1)C(=O)O)C(N[C@@H](C(C)C)C(N[C@@H](CCCCN)C(=O)O)N[C@H](C(=O)O)C(C)O)N[C@@H](Cc1c[nH]c2ccccc12)C(N[C@@H](Cc1c[nH]c2ccccc12)C(=O)O)N[C@@H](CC(C)C)C(=O)O)N[C@@H](Cc1c[nH]c2ccccc12)C(N[C@@H](Cc1c[nH]c2ccccc12)C(=O)O)N[C@@H](CC(N[C@@H](CO)C(=O)O)N[C@@H](CCC(N)=O)C(=O)O)C(N[C@@H](CCCCN)C(=O)O)N[C@@H](CC(C)C)C(=O)O)N[C@@H](CCCNC(=N)N)C(N[C@H](C(=O)O)C(C)C)N[C@H](C(=O)O)C(C)O)C(=O)O,WCLGDVKXUTXTTD-ZYZHSBPASA-N,BBB+,1,3308.9869999999887,-2.0029299999999997,1311.3099999999995,60,54,129,9,233,9,experimental_classification,p
BBBP_00658,658,CC(C)C[C@H](NC(O)C[C@H](NC(N[C@@H](Cc1c[nH]c2ccccc12)C(N[C@H](C(=O)O)C(C)C)N1CCC[C@H]1C(=O)O)[C@@H](N)CS)C(=O)O)C(=O)O,CC(C)C[C@H](NC(O)C[C@H](NC(N[C@@H](Cc1c[nH]c2ccccc12)C(N[C@H](C(=O)O)C(C)C)N1CCC[C@H]1C(=O)O)[C@@H](N)CS)C(=O)O)C(=O)O,PSEFPWFEOKXFMA-UVQNLXDNSA-N,BBB+,1,737.9210000000004,0.6659000000000095,262.59999999999997,12,12,23,2,51,3,experimental_classification,p
BBBP_00659,659,C[C@H](NC(N)C[C@H](NC(N[C@@H](CCC(N[C@@H](CCC(=O)O)C(=O)O)N1CCC[C@H]1C(=O)O)C(N[C@@H](CC(N)=O)C(=O)O)N[C@@H](Cc1ccccc1)C(=O)O)[C@@H](N)Cc1ccc(N2CCC[C@H]2C(NCC(=O)O)N[C@@H](Cc2ccccc2)C(=O)O)cc1)C(=O)O)C(=O)O,C[C@H](NC(N)C[C@H](NC(N[C@@H](CCC(N[C@@H](CCC(=O)O)C(=O)O)N1CCC[C@H]1C(=O)O)C(N[C@@H](CC(N)=O)C(=O)O)N[C@@H](Cc1ccccc1)C(=O)O)[C@@H](N)Cc1ccc(N2CCC[C@H]2C(NCC(=O)O)N[C@@H](Cc2ccccc2)C(=O)O)cc1)C(=O)O)C(=O)O,LTEPRJGHIZIVQA-BNRFTJKCSA-N,BBB+,1,1294.428,-2.0316000000000294,533.5500000000001,20,22,45,3,92,5,experimental_classification,p
BBBP_00660,660,CC(C)[C@H](NC(O)[C@H](CCCNC(=N)N)NC(NCC(=O)O)[C@H](CCC(N)N[C@@H](CCCCN)C(N[C@@H](CO)C(=O)O)N[C@@H](CCC(=O)O)C(=O)O)NC(N[C@@H](CCCNC(=N)N)C(N[C@@H](C)C(=O)O)N[C@@H](Cc1ccc(O)cc1)C(=O)O)[C@H](CCCNC(=N)N)NC(N[C@@H](CCCNC(=N)N)C(N[C@@H](CCCNC(=N)N)C(NCC(=O)O)N[C@@H](CCC(N)=O)C(=O)O)N[C@@H](CCCCN)C(NCC(=O)O)N[C@@H](Cc1c[nH]c2ccccc12)C(=O)O)[C@@H](N)CCCNC(=N)N)C(=O)O,CC(C)[C@H](NC(O)[C@H](CCCNC(=N)N)NC(NCC(=O)O)[C@H](CCC(N)N[C@@H](CCCCN)C(N[C@@H](CO)C(=O)O)N[C@@H](CCC(=O)O)C(=O)O)NC(N[C@@H](CCCNC(=N)N)C(N[C@@H](C)C(=O)O)N[C@@H](Cc1ccc(O)cc1)C(=O)O)[C@H](CCCNC(=N)N)NC(N[C@@H](CCCNC(=N)N)C(N[C@@H](CCCNC(=N)N)C(NCC(=O)O)N[C@@H](CCC(N)=O)C(=O)O)N[C@@H](CCCCN)C(NCC(=O)O)N[C@@H](Cc1c[nH]c2ccccc12)C(=O)O)[C@@H](N)CCCNC(=N)N)C(=O)O,DCVKGGHUGYZOLS-ZUIGESBRSA-N,BBB+,1,2394.8720000000008,-11.397880000000015,1221.8899999999996,56,43,102,3,168,3,experimental_classification,p
BBBP_00661,661,CCC(C)[C@H](NC(N[C@@H](CS)C(NCC(=O)O)N[C@H](C(=O)O)C(C)O)[C@@H](NC(CNC(CN)N[C@@H](C(C)CC)C(N[C@@H](CC(N[C@@H](CS)C(N[C@@H](CS)C(=O)O)N[C@@H](Cc1ccccc1)C(=O)O)N[C@@H](CC(C)C)C(N[C@@H](CCCNC(=N)N)C(=O)O)N1CCC[C@H]1C(=O)O)C(N[C@@H](CCCCN)C(N[C@@H](CCCNC(=N)N)C(=O)O)N[C@@H](Cc1ccc(O)cc1)C(=O)O)N[C@@H](CN[C@@H](CCCCN)C(=O)O)C(N[C@@H](CCC(N)=O)C(=O)O)N[C@H](C(=O)O)C(C)CC)N1CCC[C@H]1C(NCC(NCC(=O)O)N[C@H](C(=O)O)C(C)O)N[C@@H](C)C(NCC(=O)O)N[C@@H](CS)C(=O)O)N[C@@H](C(C)N[C@@H](Cc1cnc[nH]1)C(N[C@@H](CS)C(=O)O)N[C@@H](CCCCN)C(=O)O)C(N[C@@H](C(C)C)C(N[C@@H](CCCCN)C(=O)O)N1CCC[C@H]1C(=O)O)N1CCC[C@H]1C(N[C@@H](CS)C(=O)O)N[C@@H](CCCCN)C(=O)O)C(C)C)C(N[C@@H](CC(C)C)C(=O)O)N1CCC[C@H]1C(=O)O,CCC(C)[C@H](NC(N[C@@H](CS)C(NCC(=O)O)N[C@H](C(=O)O)C(C)O)[C@@H](NC(CNC(CN)N[C@@H](C(C)CC)C(N[C@@H](CC(N[C@@H](CS)C(N[C@@H](CS)C(=O)O)N[C@@H](Cc1ccccc1)C(=O)O)N[C@@H](CC(C)C)C(N[C@@H](CCCNC(=N)N)C(=O)O)N1CCC[C@H]1C(=O)O)C(N[C@@H](CCCCN)C(N[C@@H](CCCNC(=N)N)C(=O)O)N[C@@H](Cc1ccc(O)cc1)C(=O)O)N[C@@H](CN[C@@H](CCCCN)C(=O)O)C(N[C@@H](CCC(N)=O)C(=O)O)N[C@H](C(=O)O)C(C)CC)N1CCC[C@H]1C(NCC(NCC(=O)O)N[C@H](C(=O)O)C(C)O)N[C@@H](C)C(NCC(=O)O)N[C@@H](CS)C(=O)O)N[C@@H](C(C)N[C@@H](Cc1cnc[nH]1)C(N[C@@H](CS)C(=O)O)N[C@@H](CCCCN)C(=O)O)C(N[C@@H](C(C)C)C(N[C@@H](CCCCN)C(=O)O)N1CCC[C@H]1C(=O)O)N1CCC[C@H]1C(N[C@@H](CS)C(=O)O)N[C@@H](CCCCN)C(=O)O)C(C)C)C(N[C@@H](CC(C)C)C(=O)O)N1CCC[C@H]1C(=O)O,UTIIEXMRORTIKG-XIRBYSFNSA-N,BBB+,1,4372.596999999988,-9.621960000000245,1707.5299999999995,81,82,177,3,299,8,experimental_classification,p
BBBP_00662,662,C[C@H](Nc1ccc(C[C@H](N)C(NCC(=O)O)N[C@@H](Cc2ccccc2)C(=O)O)cc1)C(O)NCC(=O)O,C[C@H](Nc1ccc(C[C@H](N)C(NCC(=O)O)N[C@@H](Cc2ccccc2)C(=O)O)cc1)C(O)NCC(=O)O,FKXAZVUXQQLIPA-WOZQBOEQSA-N,BBB+,1,517.5830000000002,-0.3647999999999943,206.26999999999998,9,9,17,2,37,2,experimental_classification,p
BBBP_00663,663,CC(C)C[C@H](NC(CNC(N[C@@H](Cc1c[nH]c2ccccc12)C(N[C@@H](Cc1c[nH]c2ccccc12)C(=O)O)N[C@H](C(=O)O)C(C)C)[C@@H](N)Cc1ccc(N[C@@H](C)C(NCC(=O)O)NCC(N[C@@H](Cc2ccccc2)C(=O)O)N[C@@H](Cc2c[nH]c3ccccc23)C(=O)O)cc1)N[C@@H](CCC(N)=O)C(=O)O)C(=O)O,CC(C)C[C@H](NC(CNC(N[C@@H](Cc1c[nH]c2ccccc12)C(N[C@@H](Cc1c[nH]c2ccccc12)C(=O)O)N[C@H](C(=O)O)C(C)C)[C@@H](N)Cc1ccc(N[C@@H](C)C(NCC(=O)O)NCC(N[C@@H](Cc2ccccc2)C(=O)O)N[C@@H](Cc2c[nH]c3ccccc23)C(=O)O)cc1)N[C@@H](CCC(N)=O)C(=O)O)C(=O)O,KROQOTAUFFKORT-OKYGPJMTSA-N,BBB+,1,1479.7490000000005,3.437999999999988,509.9099999999999,23,20,50,8,107,8,experimental_classification,p
BBBP_00664,664,CC(C)[C@H](NC(N[C@H](C(=O)O)C(C)C)[C@H](Cc1ccc(N[C@@H](CCC(=O)O)C(=O)O)cc1)NC(N[C@@H](CCCNC(=N)N)C(N[C@@H](Cc1ccccc1)C(=O)O)N[C@@H](C)C(O)NCC(=O)O)[C@@H](N)CCCNC(=N)N)C(=O)O,CC(C)[C@H](NC(N[C@H](C(=O)O)C(C)C)[C@H](Cc1ccc(N[C@@H](CCC(=O)O)C(=O)O)cc1)NC(N[C@@H](CCCNC(=N)N)C(N[C@@H](Cc1ccccc1)C(=O)O)N[C@@H](C)C(O)NCC(=O)O)[C@@H](N)CCCNC(=N)N)C(=O)O,VBLAJPZCCZCXPO-GYSRSAMGSA-N,BBB+,1,1104.322,-1.6386600000000175,490.09,22,18,42,2,78,2,experimental_classification,p
BBBP_00665,665,CC(C)[C@H](NC(N[C@@H](C)C(=O)O)[C@@H](N)CN[C@@H](Cc1cnc[nH]1)C(N[C@@H](CO)C(=O)O)N[C@@H](CO)C(=O)O)C(=O)O,CC(C)[C@H](NC(N[C@@H](C)C(=O)O)[C@@H](N)CN[C@@H](Cc1cnc[nH]1)C(N[C@@H](CO)C(=O)O)N[C@@H](CO)C(=O)O)C(=O)O,RBRZMKOOMIQEAI-SNDBXUNPSA-N,BBB+,1,590.6350000000003,-4.278400000000004,304.51,13,13,22,1,41,1,experimental_classification,p
BBBP_00666,666,CCC(C)[C@H](NC(N[C@@H](CCCNC(=N)N)C(=O)O)[C@H](CCC(N)N[C@@H](CCCNC(=N)N)C(=O)O)NC(N[C@@H](CCCNC(=N)N)C(N[C@@H](CO)C(=O)O)N[C@H](C(=O)O)C(C)O)[C@H](CCCCN)NC(CN)N[C@@H](CCCNC(=N)N)C(N[C@@H](CCCNC(=N)N)C(N[C@@H](CS)C(=O)O)N[C@@H](CCCNC(=N)N)C(=O)O)N[C@@H](CCCCN)C(N[C@@H](CCCNC(=N)N)C(O)N[C@@H](CC(C)C)C(=O)O)N[C@@H](CCCNC(=N)N)C(N[C@@H](CCCNC(=N)N)C(=O)O)N[C@@H](CCC(N)=O)C(=O)O)C(=O)O,CCC(C)[C@H](NC(N[C@@H](CCCNC(=N)N)C(=O)O)[C@H](CCC(N)N[C@@H](CCCNC(=N)N)C(=O)O)NC(N[C@@H](CCCNC(=N)N)C(N[C@@H](CO)C(=O)O)N[C@H](C(=O)O)C(C)O)[C@H](CCCCN)NC(CN)N[C@@H](CCCNC(=N)N)C(N[C@@H](CCCNC(=N)N)C(N[C@@H](CS)C(=O)O)N[C@@H](CCCNC(=N)N)C(=O)O)N[C@@H](CCCCN)C(N[C@@H](CCCNC(=N)N)C(O)N[C@@H](CC(C)C)C(=O)O)N[C@@H](CCCNC(=N)N)C(N[C@@H](CCCNC(=N)N)C(=O)O)N[C@@H](CCC(N)=O)C(=O)O)C(=O)O,WOIQURGMNPPOEI-UVTDKGQSSA-N,BBB+,1,2531.189,-14.681070000000075,1354.499999999999,64,46,112,0,175,0,experimental_classification,p
BBBP_00667,667,CSCC[C@H](N)C(N[C@@H](Cc1c[nH]c2ccccc12)C(N[C@@H](CN[C@@H](CCCNC(=N)N)C(=O)O)C(=O)O)N[C@@H](Cc1cnc[nH]1)C(=O)O)N[C@@H](CCCNC(=N)N)C(N[C@@H](Cc1ccccc1)C(NCC(=O)O)N[C@@H](CCC(N)=O)C(=O)O)N[C@@H](Cc1ccccc1)C(N[C@@H](C)C(=O)O)N[C@@H](CO)C(=O)O,CSCC[C@H](N)C(N[C@@H](Cc1c[nH]c2ccccc12)C(N[C@@H](CN[C@@H](CCCNC(=N)N)C(=O)O)C(=O)O)N[C@@H](Cc1cnc[nH]1)C(=O)O)N[C@@H](CCCNC(=N)N)C(N[C@@H](Cc1ccccc1)C(NCC(=O)O)N[C@@H](CCC(N)=O)C(=O)O)N[C@@H](Cc1ccccc1)C(N[C@@H](C)C(=O)O)N[C@@H](CO)C(=O)O,GLABCCXDSDRBNG-VJFLRRPLSA-N,BBB+,1,1519.8010000000006,-3.5594599999999903,651.04,29,25,58,5,107,5,experimental_classification,p
BBBP_00668,668,C[C@H](NC(N[C@@H](CS)C(N[C@@H](CCCCN)C(=O)O)N[C@@H](CCC(N)=O)C(=O)O)[C@@H](N)CS)C(=O)O,C[C@H](NC(N[C@@H](CS)C(N[C@@H](CCCCN)C(=O)O)N[C@@H](CCC(N)=O)C(=O)O)[C@@H](N)CS)C(=O)O,IOOYXFKPGSUXTD-IEGYZEHQSA-N,BBB+,1,555.7240000000004,-2.6734999999999967,255.14999999999998,12,12,22,0,36,0,experimental_classification,p
BBBP_00669,669,CCC(C)[C@H](NC(N[C@@H](Cc1c[nH]c2ccccc12)C(N[C@@H](CCCCN)C(=O)O)N[C@@H](Cc1c[nH]c2ccccc12)C(=O)O)[C@H](CCC(N)N[C@@H](CCCCN)C(N[C@@H](CCCNC(=N)N)C(=O)O)N[C@@H](CC(N)=O)C(=O)O)NC(N[C@@H](C(C)CC)C(N[C@@H](CCC(N)=O)C(=O)O)N[C@@H](Cc1ccccc1)C(N[C@@H](CCCCN)C(=O)O)N[C@@H](CCCCN)C(=O)O)[C@@H](N)CCCNC(=N)N)C(N[C@@H](CCCNC(=N)N)C(=O)O)N[C@@H](CCSC)C(=O)O,CCC(C)[C@H](NC(N[C@@H](Cc1c[nH]c2ccccc12)C(N[C@@H](CCCCN)C(=O)O)N[C@@H](Cc1c[nH]c2ccccc12)C(=O)O)[C@H](CCC(N)N[C@@H](CCCCN)C(N[C@@H](CCCNC(=N)N)C(=O)O)N[C@@H](CC(N)=O)C(=O)O)NC(N[C@@H](C(C)CC)C(N[C@@H](CCC(N)=O)C(=O)O)N[C@@H](Cc1ccccc1)C(N[C@@H](CCCCN)C(=O)O)N[C@@H](CCCCN)C(=O)O)[C@@H](N)CCCNC(=N)N)C(N[C@@H](CCCNC(=N)N)C(=O)O)N[C@@H](CCSC)C(=O)O,IYXWPTLVRVNRJU-WZDGZIFGSA-N,BBB+,1,2262.9010000000003,-2.2214899999998963,975.73,43,36,95,5,159,5,experimental_classification,p
BBBP_00670,670,CCC(C)[C@H](NC(N[C@@H](Cc1ccc(O)cc1)C(=O)O)[C@H](C)NC(N[C@@H](CS)C(N[C@@H](C(C)C)C(O)N[C@@H](CC(C)C)C(=O)O)N1CCC[C@H]1C(=O)O)[C@@H](N)CCCNC(=N)N)C(=O)O,CCC(C)[C@H](NC(N[C@@H](Cc1ccc(O)cc1)C(=O)O)[C@H](C)NC(N[C@@H](CS)C(N[C@@H](C(C)C)C(O)N[C@@H](CC(C)C)C(=O)O)N1CCC[C@H]1C(=O)O)[C@@H](N)CCCNC(=N)N)C(=O)O,WPMXLYCCHRANGA-MBQCEPOTSA-N,BBB+,1,942.2389999999995,0.07187000000000016,353.0,17,16,33,1,65,2,experimental_classification,p
BBBP_00671,671,CCC(C)[C@H](NC(N[C@@H](Cc1ccccc1)C(N[C@@H](CCCCN)C(=O)O)N[C@@H](CCC(N)=O)C(=O)O)[C@H](CNCC(N[C@@H](CO)C(=O)O)N[C@@H](CCCNC(=N)N)C(=O)O)NC(N[C@@H](CC(N[C@@H](C(C)N[C@@H](CCSC)C(=O)O)C(N[C@@H](C)C(=O)O)N[C@H](C(=O)O)C(C)C)N[C@@H](CC(N[C@@H](CCCCN)C(=O)O)N[C@@H](CCCCN)C(=O)O)C(N[C@@H](Cc1ccc(O)cc1)C(=O)O)N[C@@H](CC(C)C)C(=O)O)C(N[C@@H](Cc1ccc(N[C@@H](CC(C)C)C(=O)O)cc1)C(=O)O)N[C@@H](CN[C@@H](C)C(=O)O)C(N[C@@H](C)C(=O)O)N[C@H](C(=O)O)C(C)C)[C@@H](N)Cc1cnc[nH]1)C(N[C@@H](CCCNC(=N)N)C(=O)O)N[C@@H](Cc1ccc(O)cc1)C(=O)O,CCC(C)[C@H](NC(N[C@@H](Cc1ccccc1)C(N[C@@H](CCCCN)C(=O)O)N[C@@H](CCC(N)=O)C(=O)O)[C@H](CNCC(N[C@@H](CO)C(=O)O)N[C@@H](CCCNC(=N)N)C(=O)O)NC(N[C@@H](CC(N[C@@H](C(C)N[C@@H](CCSC)C(=O)O)C(N[C@@H](C)C(=O)O)N[C@H](C(=O)O)C(C)C)N[C@@H](CC(N[C@@H](CCCCN)C(=O)O)N[C@@H](CCCCN)C(=O)O)C(N[C@@H](Cc1ccc(O)cc1)C(=O)O)N[C@@H](CC(C)C)C(=O)O)C(N[C@@H](Cc1ccc(N[C@@H](CC(C)C)C(=O)O)cc1)C(=O)O)N[C@@H](CN[C@@H](C)C(=O)O)C(N[C@@H](C)C(=O)O)N[C@H](C(=O)O)C(C)C)[C@@H](N)Cc1cnc[nH]1)C(N[C@@H](CCCNC(=N)N)C(=O)O)N[C@@H](Cc1ccc(O)cc1)C(=O)O,KTXMAYPWBOLKRG-HVKRNKCGSA-N,BBB+,1,3170.821999999989,-5.258560000000059,1344.5199999999998,59,56,131,5,222,5,experimental_classification,p
BBBP_00672,672,CCC(C)[C@H](NC(N[C@@H](CC(N)NCC(=O)O)C(=O)O)[C@H](CCCNC(=N)N)NC(CN)N[C@@H](Cc1ccc(N2CCC[C@H]2C(NCC(=O)O)N[C@@H](CCCNC(=N)N)C(=O)O)cc1)C(N[C@@H](C(C)C)C(N[C@@H](Cc1cnc[nH]1)C(=O)O)N[C@@H](Cc1c[nH]c2ccccc12)C(=O)O)N[C@@H](Cc1cnc[nH]1)C(N[C@@H](C)C(=O)O)N1CCC[C@H]1C(=O)O)C(=O)O,CCC(C)[C@H](NC(N[C@@H](CC(N)NCC(=O)O)C(=O)O)[C@H](CCCNC(=N)N)NC(CN)N[C@@H](Cc1ccc(N2CCC[C@H]2C(NCC(=O)O)N[C@@H](CCCNC(=N)N)C(=O)O)cc1)C(N[C@@H](C(C)C)C(N[C@@H](Cc1cnc[nH]1)C(=O)O)N[C@@H](Cc1c[nH]c2ccccc12)C(=O)O)N[C@@H](Cc1cnc[nH]1)C(N[C@@H](C)C(=O)O)N1CCC[C@H]1C(=O)O)C(=O)O,CTLHTWBBMRLJCD-ZIJIFOKASA-N,BBB+,1,1731.0450000000008,-3.320759999999975,735.5300000000001,32,29,62,5,123,7,experimental_classification,p
BBBP_00673,673,CC(C)C[C@H](NC(N[C@@H](C)C(=O)O)[C@H](C)NC(NCC(N[C@@H](CS)C(=O)O)N[C@@H](Cc1ccc(O)cc1)C(=O)O)[C@@H](N)CS)C(=O)O,CC(C)C[C@H](NC(N[C@@H](C)C(=O)O)[C@H](C)NC(NCC(N[C@@H](CS)C(=O)O)N[C@@H](Cc1ccc(O)cc1)C(=O)O)[C@@H](N)CS)C(=O)O,PQECUWXXDQRPDY-LUCYYEKISA-N,BBB+,1,705.9010000000002,-1.0951999999999897,267.63,14,14,25,1,47,1,experimental_classification,p
BBBP_00674,674,CC(C)C[C@H](NC(N[C@@H](CCCNC(=N)N)C(O)N[C@@H](CCCNC(=N)N)C(=O)O)[C@H](CC(C)C)NC(N[C@@H](CC(C)C)C(N[C@@H](CCCNC(=N)N)C(N[C@@H](CCCNC(=N)N)C(=O)O)N[C@@H](CCCNC(=N)N)C(=O)O)N[C@@H](CC(C)C)C(N[C@@H](CCCNC(=N)N)C(=O)O)N[C@@H](CCCNC(=N)N)C(=O)O)[C@@H](N)CCCNC(=N)N)C(N[C@@H](CCCNC(=N)N)C(=O)O)N[C@@H](CCCNC(=N)N)C(=O)O,CC(C)C[C@H](NC(N[C@@H](CCCNC(=N)N)C(O)N[C@@H](CCCNC(=N)N)C(=O)O)[C@H](CC(C)C)NC(N[C@@H](CC(C)C)C(N[C@@H](CCCNC(=N)N)C(N[C@@H](CCCNC(=N)N)C(=O)O)N[C@@H](CCCNC(=N)N)C(=O)O)N[C@@H](CC(C)C)C(N[C@@H](CCCNC(=N)N)C(=O)O)N[C@@H](CCCNC(=N)N)C(=O)O)[C@@H](N)CCCNC(=N)N)C(N[C@@H](CCCNC(=N)N)C(=O)O)N[C@@H](CCCNC(=N)N)C(=O)O,PNDHFGOPIZUXIM-SERGQGTDSA-N,BBB+,1,2046.6570000000024,-8.545399999999967,1082.7399999999998,52,32,88,0,143,0,experimental_classification,p
BBBP_00675,675,N=C(N)NCCC[C@H](NC(N[C@@H](Cc1cnc[nH]1)C(=O)O)[C@H](CCCNC(=N)N)NC(N[C@@H](Cc1ccc(N[C@@H](CC(N)N[C@@H](CS)C(=O)O)C(N[C@@H](CCCNC(=N)N)C(=O)O)N2CCC[C@H]2C(=O)O)cc1)C(N[C@@H](CS)C(O)NCC(=O)O)N1CCC[C@H]1C(=O)O)[C@@H]1CCCN1)C(=O)O,N=C(N)NCCC[C@H](NC(N[C@@H](Cc1cnc[nH]1)C(=O)O)[C@H](CCCNC(=N)N)NC(N[C@@H](Cc1ccc(N[C@@H](CC(N)N[C@@H](CS)C(=O)O)C(N[C@@H](CCCNC(=N)N)C(=O)O)N2CCC[C@H]2C(=O)O)cc1)C(N[C@@H](CS)C(O)NCC(=O)O)N1CCC[C@H]1C(=O)O)[C@@H]1CCCN1)C(=O)O,MFMSNVXRRHRJOH-RVEJWIQMSA-N,BBB+,1,1467.7950000000008,-5.507489999999992,648.5100000000001,31,27,52,2,101,5,experimental_classification,p
BBBP_00676,676,CCC(C)[C@H](NC(N[C@@H](CC(N)=O)C(=O)O)[C@@H]1CCCN1C(CN)N[C@@H](CCCNC(=N)N)C(N[C@@H](CCC(N)NCC(=O)O)C(N[C@@H](C)C(=O)O)N[C@@H](CCCNC(=N)N)C(=O)O)N[C@@H](CCCCN)C(N[C@@H](CS)C(=O)O)N[C@H](C(=O)O)C(C)C)C(=O)O,CCC(C)[C@H](NC(N[C@@H](CC(N)=O)C(=O)O)[C@@H]1CCCN1C(CN)N[C@@H](CCCNC(=N)N)C(N[C@@H](CCC(N)NCC(=O)O)C(N[C@@H](C)C(=O)O)N[C@@H](CCCNC(=N)N)C(=O)O)N[C@@H](CCCCN)C(N[C@@H](CS)C(=O)O)N[C@H](C(=O)O)C(C)C)C(=O)O,ZZTIPIJAEJRXEL-KCZBMRKCSA-N,BBB+,1,1310.6379999999997,-5.906659999999973,629.59,28,25,54,0,90,1,experimental_classification,p
BBBP_00677,677,CC(C)C[C@H](NC(N[C@@H](CCCNC(=N)N)C(N[C@@H](Cc1ccc(O)cc1)C(=O)O)N[C@@H](CN[C@@H](CCCNC(=N)N)C(=O)O)C(N[C@@H](CCCNC(=N)N)C(=O)O)N[C@@H](Cc1ccccc1)C(=O)O)[C@@H](N)CCCNC(=N)N)C(N[C@@H](CO)C(=O)O)N[C@@H](CCCNC(=N)N)C(=O)O,CC(C)C[C@H](NC(N[C@@H](CCCNC(=N)N)C(N[C@@H](Cc1ccc(O)cc1)C(=O)O)N[C@@H](CN[C@@H](CCCNC(=N)N)C(=O)O)C(N[C@@H](CCCNC(=N)N)C(=O)O)N[C@@H](Cc1ccccc1)C(=O)O)[C@@H](N)CCCNC(=N)N)C(N[C@@H](CO)C(=O)O)N[C@@H](CCCNC(=N)N)C(=O)O,PRYVSGWXLKYJHM-GOMRAHJDSA-N,BBB+,1,1404.693000000001,-5.70474999999998,708.0500000000001,33,23,56,2,99,2,experimental_classification,p
BBBP_00678,678,CC(C)[C@H](N)C(N[C@@H](CCCNC(=N)N)C(N[C@@H](CCCNC(=N)N)C(=O)O)N[C@@H](CCCNC(=N)N)C(=O)O)N[C@@H](CN[C@@H](CCCNC(=N)N)C(NCC(=O)O)NCC(=O)O)C(N[C@@H](CCCNC(=N)N)C(N[C@@H](CCCNC(=N)N)C(=O)O)N[C@@H](CCCNC(=N)N)C(=O)O)N[C@@H](CCCNC(=N)N)C(N[C@@H](CCCNC(=N)N)C(=O)O)N[C@@H](CCCNC(=N)N)C(=O)O,CC(C)[C@H](N)C(N[C@@H](CCCNC(=N)N)C(N[C@@H](CCCNC(=N)N)C(=O)O)N[C@@H](CCCNC(=N)N)C(=O)O)N[C@@H](CN[C@@H](CCCNC(=N)N)C(NCC(=O)O)NCC(=O)O)C(N[C@@H](CCCNC(=N)N)C(N[C@@H](CCCNC(=N)N)C(=O)O)N[C@@H](CCCNC(=N)N)C(=O)O)N[C@@H](CCCNC(=N)N)C(N[C@@H](CCCNC(=N)N)C(=O)O)N[C@@H](CCCNC(=N)N)C(=O)O,MHJVYGGJGLLMSS-LUBWREKTSA-N,BBB+,1,1892.3160000000028,-13.044799999999974,1099.8099999999997,52,32,82,0,132,0,experimental_classification,p
BBBP_00679,679,C[C@H](N)C(N[C@@H](CN1CCC[C@H]1C(=O)O)C(N[C@@H](CO)C(=O)O)N[C@@H](CCCCN)C(=O)O)N[C@@H](CS)C(N[C@@H](CO)C(=O)O)N[C@@H](CN[C@@H](Cc1cnc[nH]1)C(=O)O)C(NCC(=O)O)N[C@@H](CS)C(=O)O,C[C@H](N)C(N[C@@H](CN1CCC[C@H]1C(=O)O)C(N[C@@H](CO)C(=O)O)N[C@@H](CCCCN)C(=O)O)N[C@@H](CS)C(N[C@@H](CO)C(=O)O)N[C@@H](CN[C@@H](Cc1cnc[nH]1)C(=O)O)C(NCC(=O)O)N[C@@H](CS)C(=O)O,AZDKARRSNNJJGN-FZEQGAJNSA-N,BBB+,1,1071.248,-7.111200000000024,493.78999999999996,23,24,42,1,72,2,experimental_classification,p
BBBP_00680,680,N=C(N)NCCC[C@H](NC(O)[C@H](CCC(N)N[C@@H](CCC(=O)O)C(=O)O)NC(N[C@@H](CCCNC(=N)N)C(N[C@@H](CCC(=O)O)C(=O)O)N[C@@H](CC(N)=O)C(=O)O)[C@H](CCCNC(=N)N)NC(N[C@@H](CCCCN)C(N[C@@H](CCCNC(=N)N)C(=O)O)N[C@@H](CCCNC(=N)N)C(=O)O)[C@@H](N)Cc1ccc(NCC(N[C@@H](CCCNC(=N)N)C(N[C@@H](CCCCN)C(=O)O)N[C@@H](CC(=O)O)C(=O)O)N[C@@H](CCCCN)C(N[C@@H](CCCNC(=N)N)C(=O)O)N2CCC[C@H]2C(=O)O)cc1)C(=O)O,N=C(N)NCCC[C@H](NC(O)[C@H](CCC(N)N[C@@H](CCC(=O)O)C(=O)O)NC(N[C@@H](CCCNC(=N)N)C(N[C@@H](CCC(=O)O)C(=O)O)N[C@@H](CC(N)=O)C(=O)O)[C@H](CCCNC(=N)N)NC(N[C@@H](CCCCN)C(N[C@@H](CCCNC(=N)N)C(=O)O)N[C@@H](CCCNC(=N)N)C(=O)O)[C@@H](N)Cc1ccc(NCC(N[C@@H](CCCNC(=N)N)C(N[C@@H](CCCCN)C(=O)O)N[C@@H](CC(=O)O)C(=O)O)N[C@@H](CCCCN)C(N[C@@H](CCCNC(=N)N)C(=O)O)N2CCC[C@H]2C(=O)O)cc1)C(=O)O,BCIJGBJIQATTSA-SLYOVAOQSA-N,BBB+,1,2446.905,-12.37261,1307.3399999999995,57,44,106,1,171,2,experimental_classification,p
BBBP_00681,681,CC(C)C[C@H](NC(CNC(N[C@@H](CCCCN)C(N[C@@H](CN[C@@H](CO)C(=O)O)C(N[C@@H](CS)C(=O)O)N[C@@H](CCCNC(=N)N)C(=O)O)N[C@@H](CS)C(NCC(=O)O)N[C@H](C(=O)O)C(C)O)[C@H](CCCCN)NC(NCC(N[C@@H](C)C(N[C@@H](CC(=O)O)C(=O)O)N[C@@H](Cc1ccc(O)cc1)C(=O)O)N[C@@H](CCCCN)C(N[C@@H](CS)C(=O)O)N[C@@H](CS)C(=O)O)[C@@H](N)CS)N[C@@H](CCCNC(=N)N)C(NCC(=O)O)N[C@@H](CO)C(=O)O)C(N[C@@H](CS)C(=O)O)N[C@@H](CCCCN)C(=O)O,CC(C)C[C@H](NC(CNC(N[C@@H](CCCCN)C(N[C@@H](CN[C@@H](CO)C(=O)O)C(N[C@@H](CS)C(=O)O)N[C@@H](CCCNC(=N)N)C(=O)O)N[C@@H](CS)C(NCC(=O)O)N[C@H](C(=O)O)C(C)O)[C@H](CCCCN)NC(NCC(N[C@@H](C)C(N[C@@H](CC(=O)O)C(=O)O)N[C@@H](Cc1ccc(O)cc1)C(=O)O)N[C@@H](CCCCN)C(N[C@@H](CS)C(=O)O)N[C@@H](CS)C(=O)O)[C@@H](N)CS)N[C@@H](CCCNC(=N)N)C(NCC(=O)O)N[C@@H](CO)C(=O)O)C(N[C@@H](CS)C(=O)O)N[C@@H](CCCCN)C(=O)O,OWJORBQEXVFGTB-TYSXOVIESA-N,BBB+,1,2537.194999999998,-12.959459999999998,1133.71,58,54,110,1,169,1,experimental_classification,p
BBBP_00682,682,NCCCC[C@H](NC(N[C@@H](Cc1ccccc1)C(=O)O)[C@@H](N)CCC(N[C@@H](Cc1ccccc1)C(=O)O)N[C@@H](Cc1cnc[nH]1)C(=O)O)C(=O)O,NCCCC[C@H](NC(N[C@@H](Cc1ccccc1)C(=O)O)[C@@H](N)CCC(N[C@@H](Cc1ccccc1)C(=O)O)N[C@@H](Cc1cnc[nH]1)C(=O)O)C(=O)O,QGKMDKIJOBGDGI-PIBUECARSA-N,BBB+,1,710.8330000000002,0.49750000000001066,278.03999999999996,11,11,26,3,51,3,experimental_classification,p
BBBP_00683,683,C[C@H](NC([C@H](CCC(N[C@@H](CS)C(=O)O)N[C@@H](CCCNC(=N)N)C(=O)O)NC(N[C@@H](CC(N)=O)C(=O)O)[C@@H](N)Cc1ccc(N2CCC[C@H]2C(NCC(=O)O)N[C@@H](Cc2ccccc2)C(=O)O)cc1)N1CCC[C@H]1C(=O)O)C(=O)O,C[C@H](NC([C@H](CCC(N[C@@H](CS)C(=O)O)N[C@@H](CCCNC(=N)N)C(=O)O)NC(N[C@@H](CC(N)=O)C(=O)O)[C@@H](N)Cc1ccc(N2CCC[C@H]2C(NCC(=O)O)N[C@@H](Cc2ccccc2)C(=O)O)cc1)N1CCC[C@H]1C(=O)O)C(=O)O,GSRRPXUNKKAMLE-CFMPQZMQSA-N,BBB+,1,1161.351,-2.6637300000000197,482.8,20,20,40,2,81,4,experimental_classification,p
BBBP_00684,684,CC(C)C[C@H](NC(O)[C@H](C)NC(N[C@@H](CCCNC(=N)N)C(NCC(=O)O)N[C@@H](CCCNC(=N)N)C(=O)O)[C@H](CCCCN)NC(CNc1ccc(C[C@H](N)C(N[C@@H](CCCNC(=N)N)C(N[C@@H](CCCNC(=N)N)C(N[C@@H](CCCNC(=N)N)C(=O)O)N[C@@H](CC(C)C)C(=O)O)N[C@@H](CCC(N)N[C@@H](C)C(=O)O)C(N[C@@H](CCC(=O)O)C(=O)O)N[C@@H](CC(C)C)C(=O)O)N[C@@H](CCCCN)C(N[C@@H](CCCNC(=N)N)C(NCC(=O)O)N[C@@H](CCCNC(=N)N)C(=O)O)N[C@@H](CCCNC(=N)N)C(N[C@H](C(=O)O)C(C)C)N2CCC[C@H]2C(=O)O)cc1)N[C@@H](CCCNC(=N)N)C(N[C@@H](CO)C(=O)O)N[C@@H](CCCNC(=N)N)C(=O)O)C(=O)O,CC(C)C[C@H](NC(O)[C@H](C)NC(N[C@@H](CCCNC(=N)N)C(NCC(=O)O)N[C@@H](CCCNC(=N)N)C(=O)O)[C@H](CCCCN)NC(CNc1ccc(C[C@H](N)C(N[C@@H](CCCNC(=N)N)C(N[C@@H](CCCNC(=N)N)C(N[C@@H](CCCNC(=N)N)C(=O)O)N[C@@H](CC(C)C)C(=O)O)N[C@@H](CCC(N)N[C@@H](C)C(=O)O)C(N[C@@H](CCC(=O)O)C(=O)O)N[C@@H](CC(C)C)C(=O)O)N[C@@H](CCCCN)C(N[C@@H](CCCNC(=N)N)C(NCC(=O)O)N[C@@H](CCCNC(=N)N)C(=O)O)N[C@@H](CCCNC(=N)N)C(N[C@H](C(=O)O)C(C)C)N2CCC[C@H]2C(=O)O)cc1)N[C@@H](CCCNC(=N)N)C(N[C@@H](CO)C(=O)O)N[C@@H](CCCNC(=N)N)C(=O)O)C(=O)O,DPGLPSLYJGTQLD-WJHKQEHQSA-N,BBB+,1,3219.006999999992,-13.529100000000206,1614.9999999999989,75,56,139,1,225,2,experimental_classification,p
BBBP_00685,685,N=C(N)NCCC[C@H](NC(NCC(=O)O)[C@H](CCCCN)NC(CNc1ccc(C[C@H](N)C(N[C@@H](CCCCN)C(N[C@@H](CCCNC(=N)N)C(=O)O)N[C@@H](CCCNC(=N)N)C(N[C@@H](CCC(=O)O)C(=O)O)N[C@@H](Cc2c[nH]c3ccccc23)C(=O)O)N[C@@H](CCCNC(=N)N)C(N[C@@H](CCC(N)N[C@@H](Cc2ccccc2)C(=O)O)C(N[C@@H](CCCCN)C(=O)O)N[C@@H](CCCNC(=N)N)C(=O)O)N[C@@H](CCCNC(=N)N)C(N[C@@H](CCCCN)C(=O)O)N[C@@H](Cc2cnc[nH]2)C(=O)O)cc1)N[C@@H](CCCNC(=N)N)C(N[C@@H](CCC(=O)O)C(=O)O)N1CCC[C@H]1C(=O)O)C(=O)O,N=C(N)NCCC[C@H](NC(NCC(=O)O)[C@H](CCCCN)NC(CNc1ccc(C[C@H](N)C(N[C@@H](CCCCN)C(N[C@@H](CCCNC(=N)N)C(=O)O)N[C@@H](CCCNC(=N)N)C(N[C@@H](CCC(=O)O)C(=O)O)N[C@@H](Cc2c[nH]c3ccccc23)C(=O)O)N[C@@H](CCCNC(=N)N)C(N[C@@H](CCC(N)N[C@@H](Cc2ccccc2)C(=O)O)C(N[C@@H](CCCCN)C(=O)O)N[C@@H](CCCNC(=N)N)C(=O)O)N[C@@H](CCCNC(=N)N)C(N[C@@H](CCCCN)C(=O)O)N[C@@H](Cc2cnc[nH]2)C(=O)O)cc1)N[C@@H](CCCNC(=N)N)C(N[C@@H](CCC(=O)O)C(=O)O)N1CCC[C@H]1C(=O)O)C(=O)O,PTYYEFWOAUQCLG-CXWYFHGNSA-N,BBB+,1,2875.488999999996,-8.652210000000075,1387.8999999999996,62,48,121,5,203,6,experimental_classification,p
BBBP_00686,686,CC(C)C[C@H](NC(N[C@@H](Cc1ccccc1)C(=O)O)[C@H](C)Nc1ccc(C[C@H](N)C(NCC(N[C@@H](CC(N)=O)C(=O)O)N[C@@H](Cc2cnc[nH]2)C(=O)O)N[C@@H](CS)C(NCC(=O)O)N[C@@H](Cc2ccccc2)C(=O)O)cc1)C(N[C@@H](C)C(=O)O)N[C@@H](Cc1ccc(O)cc1)C(=O)O,CC(C)C[C@H](NC(N[C@@H](Cc1ccccc1)C(=O)O)[C@H](C)Nc1ccc(C[C@H](N)C(NCC(N[C@@H](CC(N)=O)C(=O)O)N[C@@H](Cc2cnc[nH]2)C(=O)O)N[C@@H](CS)C(NCC(=O)O)N[C@@H](Cc2ccccc2)C(=O)O)cc1)C(N[C@@H](C)C(=O)O)N[C@@H](Cc1ccc(O)cc1)C(=O)O,FQZGDKMSKCKYPF-CRWHOOCCSA-N,BBB+,1,1372.6150000000002,-0.3050000000000291,511.44999999999993,23,23,49,5,97,5,experimental_classification,p
BBBP_00687,687,CC(N[C@@H](Cc1ccccc1)C(NCC(N[C@@H](CC(N)=O)C(=O)O)N[C@@H](CC(N)=O)C(=O)O)NCC(N[C@@H](CCCCN)C(=O)O)N[C@@H](Cc1ccccc1)C(=O)O)[C@H](N)C(N[C@@H](Cc1ccc(NCC(=O)O)cc1)C(N[C@@H](CCCCN)C(=O)O)N[C@@H](CCCNC(=N)N)C(=O)O)N[C@@H](Cc1ccccc1)C(N[C@@H](CCCNC(=N)N)C(N[C@@H](CCC(=O)O)C(=O)O)N[C@@H](Cc1ccc(O)cc1)C(=O)O)N[C@@H](CS)C(N[C@@H](CCC(=O)O)C(=O)O)N[C@H](C(=O)O)C(C)O,CC(N[C@@H](Cc1ccccc1)C(NCC(N[C@@H](CC(N)=O)C(=O)O)N[C@@H](CC(N)=O)C(=O)O)NCC(N[C@@H](CCCCN)C(=O)O)N[C@@H](Cc1ccccc1)C(=O)O)[C@H](N)C(N[C@@H](Cc1ccc(NCC(=O)O)cc1)C(N[C@@H](CCCCN)C(=O)O)N[C@@H](CCCNC(=N)N)C(=O)O)N[C@@H](Cc1ccccc1)C(N[C@@H](CCCNC(=N)N)C(N[C@@H](CCC(=O)O)C(=O)O)N[C@@H](Cc1ccc(O)cc1)C(=O)O)N[C@@H](CS)C(N[C@@H](CCC(=O)O)C(=O)O)N[C@H](C(=O)O)C(C)O,XJEDWAIBLBVHHI-JCRBWMCQSA-N,BBB+,1,2333.7039999999984,-6.299659999999936,1029.94,45,41,94,5,164,5,experimental_classification,p
BBBP_00688,688,CCC(C)[C@H](NC(CC[C@H](NC(N[C@@H](CC(N)=O)C(=O)O)[C@@H](N)CCC(N[C@@H](Cc1ccc(N[C@@H](CCCNC(=N)N)C(=O)O)cc1)C(N[C@@H](CCCNC(=N)N)C(=O)O)N1CCC[C@H]1C(=O)O)N[C@@H](CC(C)C)C(N[C@@H](CC(C)C)C(=O)O)N1CCC[C@H]1C(=O)O)C(O)N[C@@H](CC(C)C)C(=O)O)N[C@@H](Cc1ccc(O)cc1)C(=O)O)C(=O)O,CCC(C)[C@H](NC(CC[C@H](NC(N[C@@H](CC(N)=O)C(=O)O)[C@@H](N)CCC(N[C@@H](Cc1ccc(N[C@@H](CCCNC(=N)N)C(=O)O)cc1)C(N[C@@H](CCCNC(=N)N)C(=O)O)N1CCC[C@H]1C(=O)O)N[C@@H](CC(C)C)C(N[C@@H](CC(C)C)C(=O)O)N1CCC[C@H]1C(=O)O)C(O)N[C@@H](CC(C)C)C(=O)O)N[C@@H](Cc1ccc(O)cc1)C(=O)O)C(=O)O,CCPBFIAIWGJWNX-USSLXGLVSA-N,BBB+,1,1688.0489999999998,-0.3051599999999895,695.8500000000001,29,27,63,2,119,4,experimental_classification,p
BBBP_00689,689,CC(C)C[C@H](NC(N[C@@H](CC(N)=O)C(=O)O)[C@H](CCCCN)NC([C@@H](N)CN[C@@H](CC(C)C)C(N[C@@H](C)C(=O)O)N[C@@H](C)C(N[C@@H](CCCNC(=N)N)C(=O)O)N[C@@H](Cc1ccccc1)C(=O)O)N1CCC[C@H]1C(N[C@@H](CC(C)C)C(=O)O)N1CCC[C@H]1C(=O)O)C(=O)O,CC(C)C[C@H](NC(N[C@@H](CC(N)=O)C(=O)O)[C@H](CCCCN)NC([C@@H](N)CN[C@@H](CC(C)C)C(N[C@@H](C)C(=O)O)N[C@@H](C)C(N[C@@H](CCCNC(=N)N)C(=O)O)N[C@@H](Cc1ccccc1)C(=O)O)N1CCC[C@H]1C(N[C@@H](CC(C)C)C(=O)O)N1CCC[C@H]1C(=O)O)C(=O)O,HXJWOXNMXSFLBK-WJPBAPGXSA-N,BBB+,1,1336.69,-1.2225300000000092,532.88,22,22,51,1,94,3,experimental_classification,p
BBBP_00690,690,CC(C)C[C@H](NC([C@H](CCCNC(=N)N)NC(N[C@@H](C(C)C)C(N[C@@H](CCCCN)C(=O)O)N[C@@H](CCCNC(=N)N)C(=O)O)[C@@H]1CCCN1C(N[C@@H](CCCNC(=N)N)C(N1CCC[C@H]1C(N[C@@H](CC(C)C)C(N1CCC[C@H]1C(=O)O)N1CCC[C@H]1C(=O)O)N1CCC[C@H]1C(=O)O)N1CCC[C@H]1C(N1CCC[C@H]1C(=O)O)N1CCC[C@H]1C(=O)O)[C@@H](N)C(C)C)N1CCC[C@H]1C(=O)O)C(=O)O,CC(C)C[C@H](NC([C@H](CCCNC(=N)N)NC(N[C@@H](C(C)C)C(N[C@@H](CCCCN)C(=O)O)N[C@@H](CCCNC(=N)N)C(=O)O)[C@@H]1CCCN1C(N[C@@H](CCCNC(=N)N)C(N1CCC[C@H]1C(N[C@@H](CC(C)C)C(N1CCC[C@H]1C(=O)O)N1CCC[C@H]1C(=O)O)N1CCC[C@H]1C(=O)O)N1CCC[C@H]1C(N1CCC[C@H]1C(=O)O)N1CCC[C@H]1C(=O)O)[C@@H](N)C(C)C)N1CCC[C@H]1C(=O)O)C(=O)O,IFZMGVYPFBKYHH-INPATOSWSA-N,BBB+,1,1929.5240000000008,-0.10608999999994306,686.8100000000003,27,30,62,0,136,9,experimental_classification,p
BBBP_00691,691,C[C@H](Nc1ccc(C[C@H](N)C(N[C@@H](CS)C(O)N[C@@H](Cc2ccccc2)C(=O)O)N2CCC[C@H]2C(=O)O)cc1)C(N[C@@H](CS)C(=O)O)N[C@@H](Cc1ccccc1)C(=O)O,C[C@H](Nc1ccc(C[C@H](N)C(N[C@@H](CS)C(O)N[C@@H](Cc2ccccc2)C(=O)O)N2CCC[C@H]2C(=O)O)cc1)C(N[C@@H](CS)C(=O)O)N[C@@H](Cc1ccccc1)C(=O)O,XQPCCUXXEAGVNE-BRYUXYBXSA-N,BBB+,1,856.0810000000004,1.3080000000000076,258.84,13,14,26,3,59,4,experimental_classification,p
BBBP_00692,692,CC(C)C[C@H](NC(CNC(NCC(N[C@@H](Cc1ccc(N[C@@H](CO)C(=O)O)cc1)C(NCC(=O)O)N[C@H](C(=O)O)C(C)O)N[C@@H](CN[C@@H](Cc1ccccc1)C(=O)O)C(N[C@@H](CO)C(=O)O)N[C@H](C(=O)O)C(C)O)[C@@H](N)CCCNC(=N)N)N[C@@H](CCCNC(=N)N)C(N[C@@H](CCCNC(=N)N)C(=O)O)N[C@@H](CN[C@@H](CCCNC(=N)N)C(=O)O)C(=O)O)C(N[C@@H](CCCNC(=N)N)C(=O)O)N[C@@H](CCCNC(=N)N)C(=O)O,CC(C)C[C@H](NC(CNC(NCC(N[C@@H](Cc1ccc(N[C@@H](CO)C(=O)O)cc1)C(NCC(=O)O)N[C@H](C(=O)O)C(C)O)N[C@@H](CN[C@@H](Cc1ccccc1)C(=O)O)C(N[C@@H](CO)C(=O)O)N[C@H](C(=O)O)C(C)O)[C@@H](N)CCCNC(=N)N)N[C@@H](CCCNC(=N)N)C(N[C@@H](CCCNC(=N)N)C(=O)O)N[C@@H](CN[C@@H](CCCNC(=N)N)C(=O)O)C(=O)O)C(N[C@@H](CCCNC(=N)N)C(=O)O)N[C@@H](CCCNC(=N)N)C(=O)O,IGKHVUQFDZIBLR-VKKQFSCUSA-N,BBB+,1,2114.452000000003,-12.609779999999974,1093.1499999999999,51,39,88,2,148,2,experimental_classification,p
BBBP_00693,693,CC(C)[C@H](NC(N[C@H](C(=O)O)C(C)C)[C@H](C)Nc1ccc(C[C@H](N)C(N[C@@H](CC(=O)O)C(=O)O)N[C@@H](Cc2ccccc2)C(O)NCC(=O)O)cc1)C(=O)O,CC(C)[C@H](NC(N[C@H](C(=O)O)C(C)C)[C@H](C)Nc1ccc(C[C@H](N)C(N[C@@H](CC(=O)O)C(=O)O)N[C@@H](Cc2ccccc2)C(O)NCC(=O)O)cc1)C(=O)O,JQTKAEGRYJOBEP-ICMVMXEKSA-N,BBB+,1,775.9010000000003,0.11760000000000936,304.92999999999995,13,13,27,2,55,2,experimental_classification,p
BBBP_00694,694,CCC(C)[C@H](NC(N)CC[C@H](NC(CNC(CNC([C@@H](N)CCCNC(=N)N)N1CCC[C@H]1C(N1CCC[C@H]1C(NCC(NCC(=O)O)N[C@@H](CC(N)=O)C(=O)O)N[C@@H](CCC(N)N[C@@H](CCC(N)=O)C(=O)O)C(N[C@@H](C)C(=O)O)N[C@@H](CC(N)=O)C(=O)O)N1CCC[C@H]1C(N[C@@H](CC(C)C)C(NCC(=O)O)N[C@@H](C)C(=O)O)N[C@@H](CCCNC(=N)N)C(N[C@@H](C)C(=O)O)N[C@@H](Cc1cnc[nH]1)C(=O)O)N[C@@H](CC(C)C)C(N[C@@H](CC(C)C)C(=O)O)N[C@@H](CC(C)C)C(=O)O)N[C@@H](CCCNC(=N)N)C(O)N[C@@H](CCSC)C(=O)O)C(N[C@@H](CC(C)C)C(=O)O)N[C@H](C(=O)O)C(C)O)C(=O)O,CCC(C)[C@H](NC(N)CC[C@H](NC(CNC(CNC([C@@H](N)CCCNC(=N)N)N1CCC[C@H]1C(N1CCC[C@H]1C(NCC(NCC(=O)O)N[C@@H](CC(N)=O)C(=O)O)N[C@@H](CCC(N)N[C@@H](CCC(N)=O)C(=O)O)C(N[C@@H](C)C(=O)O)N[C@@H](CC(N)=O)C(=O)O)N1CCC[C@H]1C(N[C@@H](CC(C)C)C(NCC(=O)O)N[C@@H](C)C(=O)O)N[C@@H](CCCNC(=N)N)C(N[C@@H](C)C(=O)O)N[C@@H](Cc1cnc[nH]1)C(=O)O)N[C@@H](CC(C)C)C(N[C@@H](CC(C)C)C(=O)O)N[C@@H](CC(C)C)C(=O)O)N[C@@H](CCCNC(=N)N)C(O)N[C@@H](CCSC)C(=O)O)C(N[C@@H](CC(C)C)C(=O)O)N[C@H](C(=O)O)C(C)O)C(=O)O,LJUZPSUBAQGRTC-OFVZKMMQSA-N,BBB+,1,2967.6779999999917,-10.266590000000106,1320.1099999999997,57,55,122,1,206,4,experimental_classification,p
BBBP_00695,695,CCC(C)[C@H](NC(N[C@@H](CCCCN)C(N[C@@H](CCCCN)C(=O)O)N[C@@H](CC(N)=O)C(=O)O)[C@@H](NC(N[C@@H](CCCNC(=N)N)C(NCC(N[C@@H](CC(=O)O)C(=O)O)N[C@@H](CC(=O)O)C(=O)O)N1CCC[C@H]1C(N[C@@H](CO)C(=O)O)N1CCC[C@H]1C(=O)O)[C@@H](N)CCSC)C(C)C)C(N[C@@H](C)C(=O)O)N[C@@H](CO)C(=O)O,CCC(C)[C@H](NC(N[C@@H](CCCCN)C(N[C@@H](CCCCN)C(=O)O)N[C@@H](CC(N)=O)C(=O)O)[C@@H](NC(N[C@@H](CCCNC(=N)N)C(NCC(N[C@@H](CC(=O)O)C(=O)O)N[C@@H](CC(=O)O)C(=O)O)N1CCC[C@H]1C(N[C@@H](CO)C(=O)O)N1CCC[C@H]1C(=O)O)[C@@H](N)CCSC)C(C)C)C(N[C@@H](C)C(=O)O)N[C@@H](CO)C(=O)O,AUCFHWTZVMULEV-ARHNHYCMSA-N,BBB+,1,1628.9600000000005,-6.8624299999999545,747.3500000000001,31,32,67,0,112,2,experimental_classification,p
BBBP_00696,696,CC(N[C@@H](Cc1ccc(O)cc1)C(=O)O)[C@H](NC(N[C@@H](CCC(N)=O)C(=O)O)[C@@H](N)CNCC(N[C@@H](CCC(=O)O)C(=O)O)N[C@@H](CCC(=O)O)C(=O)O)C(=O)O,CC(N[C@@H](Cc1ccc(O)cc1)C(=O)O)[C@H](NC(N[C@@H](CCC(N)=O)C(=O)O)[C@@H](N)CNCC(N[C@@H](CCC(=O)O)C(=O)O)N[C@@H](CCC(=O)O)C(=O)O)C(=O)O,BSCLQXOUIDAAKO-KJICPIJSSA-N,BBB+,1,816.8190000000003,-3.89860000000001,422.62,16,16,32,1,57,1,experimental_classification,p
BBBP_00697,697,CSCC[C@H](NC(N[C@@H](C)C(=O)O)[C@@H]1CCCN1C(N[C@@H](CS)C(N[C@@H](CC(N)=O)C(=O)O)N1CCC[C@H]1C(=O)O)[C@H](CC(C)C)NC(N[C@@H](Cc1cnc[nH]1)C(N[C@@H](CC(N[C@@H](CCCNC(=N)N)C(=O)O)N[C@H](C(=O)O)C(C)O)C(=O)O)N[C@@H](CS)C(N[C@@H](CO)C(=O)O)N[C@@H](CS)C(=O)O)[C@H](CCCNC(=N)N)NC(N[C@@H](CCCNC(=N)N)C(N[C@@H](CN[C@@H](CS)C(=O)O)C(N[C@@H](CS)C(=O)O)N[C@@H](Cc1ccc(O)cc1)C(=O)O)N[C@@H](CCC(N[C@@H](CS)C(=O)O)N1CCC[C@H]1C(=O)O)C(N[C@@H](C)C(=O)O)N[C@H](C(=O)O)C(C)O)[C@@H](N)CN[C@@H](CN[C@@H](CS)C(N[C@@H](CS)C(N[C@@H](CCCNC(=N)N)C(=O)O)N[C@@H](Cc1ccccc1)C(=O)O)N[C@@H](CC(C)C)C(N[C@@H](CC(N)=O)C(=O)O)N[C@@H](Cc1ccccc1)C(=O)O)C(N[C@@H](C(C)C)C(NCC(N[C@@H](C)C(=O)O)N[C@@H](Cc1ccccc1)C(=O)O)N[C@@H](CCC(N)N[C@@H](CS)C(=O)O)C(N[C@@H](CS)C(=O)O)N[C@@H](Cc1ccc(O)cc1)C(=O)O)N[C@@H](CCCNC(=N)N)C(N[C@@H](C(C)C)C(NCC(=O)O)N[C@H](C(=O)O)C(C)O)N[C@@H](CCC(N)N[C@@H](CCCNC(=N)N)C(=O)O)C(N[C@@H](CCCCN)C(=O)O)N[C@@H](CC(C)C)C(=O)O)C(=O)O,CSCC[C@H](NC(N[C@@H](C)C(=O)O)[C@@H]1CCCN1C(N[C@@H](CS)C(N[C@@H](CC(N)=O)C(=O)O)N1CCC[C@H]1C(=O)O)[C@H](CC(C)C)NC(N[C@@H](Cc1cnc[nH]1)C(N[C@@H](CC(N[C@@H](CCCNC(=N)N)C(=O)O)N[C@H](C(=O)O)C(C)O)C(=O)O)N[C@@H](CS)C(N[C@@H](CO)C(=O)O)N[C@@H](CS)C(=O)O)[C@H](CCCNC(=N)N)NC(N[C@@H](CCCNC(=N)N)C(N[C@@H](CN[C@@H](CS)C(=O)O)C(N[C@@H](CS)C(=O)O)N[C@@H](Cc1ccc(O)cc1)C(=O)O)N[C@@H](CCC(N[C@@H](CS)C(=O)O)N1CCC[C@H]1C(=O)O)C(N[C@@H](C)C(=O)O)N[C@H](C(=O)O)C(C)O)[C@@H](N)CN[C@@H](CN[C@@H](CS)C(N[C@@H](CS)C(N[C@@H](CCCNC(=N)N)C(=O)O)N[C@@H](Cc1ccccc1)C(=O)O)N[C@@H](CC(C)C)C(N[C@@H](CC(N)=O)C(=O)O)N[C@@H](Cc1ccccc1)C(=O)O)C(N[C@@H](C(C)C)C(NCC(N[C@@H](C)C(=O)O)N[C@@H](Cc1ccccc1)C(=O)O)N[C@@H](CCC(N)N[C@@H](CS)C(=O)O)C(N[C@@H](CS)C(=O)O)N[C@@H](Cc1ccc(O)cc1)C(=O)O)N[C@@H](CCCNC(=N)N)C(N[C@@H](C(C)C)C(NCC(=O)O)N[C@H](C(=O)O)C(C)O)N[C@@H](CCC(N)N[C@@H](CCCNC(=N)N)C(=O)O)C(N[C@@H](CCCCN)C(=O)O)N[C@@H](CC(C)C)C(=O)O)C(=O)O,IDRANOOLSCTVNL-NOISRFRMSA-N,BBB+,1,5736.1309999999785,-19.19488000000009,2393.82,117,109,228,6,389,9,experimental_classification,p
BBBP_00698,698,CC(C)[C@H](NC(N[C@@H](CS)C(=O)O)[C@H](CCCNC(=N)N)NC(CNc1ccc(C[C@H](N)C(N[C@@H](CCCNC(=N)N)C(N[C@@H](CCC(N)N2CCC[C@H]2C(=O)O)C(NCC(=O)O)N[C@@H](CCCNC(=N)N)C(=O)O)N[C@@H](CCCNC(=N)N)C(N[C@@H](C)C(=O)O)N[C@@H](CS)C(=O)O)N[C@@H](CCCCN)C(N[C@@H](CCCNC(=N)N)C(N[C@@H](CCCNC(=N)N)C(=O)O)N[C@@H](CC(=O)O)C(=O)O)N[C@@H](CCCNC(=N)N)C(N[C@@H](CCCNC(=N)N)C(=O)O)N[C@H](C(=O)O)C(C)O)cc1)N[C@@H](CCCCN)C(N[C@@H](CCCNC(=N)N)C(=O)O)N[C@@H](CCCNC(=N)N)C(=O)O)C(=O)O,CC(C)[C@H](NC(N[C@@H](CS)C(=O)O)[C@H](CCCNC(=N)N)NC(CNc1ccc(C[C@H](N)C(N[C@@H](CCCNC(=N)N)C(N[C@@H](CCC(N)N2CCC[C@H]2C(=O)O)C(NCC(=O)O)N[C@@H](CCCNC(=N)N)C(=O)O)N[C@@H](CCCNC(=N)N)C(N[C@@H](C)C(=O)O)N[C@@H](CS)C(=O)O)N[C@@H](CCCCN)C(N[C@@H](CCCNC(=N)N)C(N[C@@H](CCCNC(=N)N)C(=O)O)N[C@@H](CC(=O)O)C(=O)O)N[C@@H](CCCNC(=N)N)C(N[C@@H](CCCNC(=N)N)C(=O)O)N[C@H](C(=O)O)C(C)O)cc1)N[C@@H](CCCCN)C(N[C@@H](CCCNC(=N)N)C(=O)O)N[C@@H](CCCNC(=N)N)C(=O)O)C(=O)O,RLIOJZXTHPLMGL-GNXXBPMWSA-N,BBB+,1,2953.655999999996,-15.064400000000145,1521.3799999999992,72,53,125,1,204,2,experimental_classification,p
BBBP_00699,699,CC(C)C[C@H](NC(N[C@@H](CCC(N[C@@H](CCCCN)C(=O)O)N[C@@H](CCCNC(=N)N)C(=O)O)C(N[C@@H](CS)C(=O)O)N[C@@H](CC(N)=O)C(=O)O)[C@@H](N)CS)C(N[C@@H](CO)C(=O)O)N[C@H](C(=O)O)C(C)C,CC(C)C[C@H](NC(N[C@@H](CCC(N[C@@H](CCCCN)C(=O)O)N[C@@H](CCCNC(=N)N)C(=O)O)C(N[C@@H](CS)C(=O)O)N[C@@H](CC(N)=O)C(=O)O)[C@@H](N)CS)C(N[C@@H](CO)C(=O)O)N[C@H](C(=O)O)C(C)C,DCRFUWFHKYYUHF-DRAHNXPTSA-N,BBB+,1,1059.3249999999998,-4.606830000000019,497.29999999999995,23,21,44,0,71,0,experimental_classification,p
BBBP_00700,700,CC(C)C[C@H](NC(N[C@@H](CC(C)C)C(=O)O)[C@H](CC(C)C)NC(N[C@@H](CCCNC(=N)N)C(O)N[C@@H](CCCNC(=N)N)C(=O)O)[C@H](CCCNC(=N)N)NC(N[C@@H](CCCCN)C(N[C@@H](CCCCN)C(=O)O)N[C@@H](CCCNC(=N)N)C(=O)O)[C@@H](N)CC(C)C)C(=O)O,CC(C)C[C@H](NC(N[C@@H](CC(C)C)C(=O)O)[C@H](CC(C)C)NC(N[C@@H](CCCNC(=N)N)C(O)N[C@@H](CCCNC(=N)N)C(=O)O)[C@H](CCCNC(=N)N)NC(N[C@@H](CCCCN)C(N[C@@H](CCCCN)C(=O)O)N[C@@H](CCCNC(=N)N)C(=O)O)[C@@H](N)CC(C)C)C(=O)O,ANWNJCQUYOKQMY-GBMNPCRXSA-N,BBB+,1,1361.8409999999994,-2.521219999999973,640.66,30,22,60,0,95,0,experimental_classification,p
BBBP_00701,701,CCC(C)[C@H](NC(N[C@@H](Cc1ccc(N[C@@H](CS)C(=O)O)cc1)C(=O)O)[C@H](CCCNC(=N)N)NC([C@@H](N)Cc1cnc[nH]1)N1CCC[C@H]1C(N[C@@H](C)C(=O)O)N[C@@H](Cc1cnc[nH]1)C(=O)O)C(=O)O,CCC(C)[C@H](NC(N[C@@H](Cc1ccc(N[C@@H](CS)C(=O)O)cc1)C(=O)O)[C@H](CCCNC(=N)N)NC([C@@H](N)Cc1cnc[nH]1)N1CCC[C@H]1C(N[C@@H](C)C(=O)O)N[C@@H](Cc1cnc[nH]1)C(=O)O)C(=O)O,KIBCNCKNIPSSHV-NANUJDKVSA-N,BBB+,1,1002.2139999999997,-0.8157300000000118,407.20000000000005,18,17,34,3,70,4,experimental_classification,p
BBBP_00702,702,CCC(C)[C@H](NC(N[C@@H](CO)C(=O)O)[C@H](CCCNC(=N)N)NC(N[C@@H](CCC(N)N[C@@H](CCC(=O)O)C(=O)O)C(N[C@@H](CO)C(=O)O)N[C@@H](CC(=O)O)C(=O)O)[C@H](CCCNC(=N)N)NC(N[C@@H](CCCCN)C(N[C@@H](CCCNC(=N)N)C(=O)O)N[C@@H](CCCNC(=N)N)C(O)N[C@H](C(=O)O)C(C)C)[C@@H](N)Cc1ccc(NCC(N[C@@H](CCCCN)C(N[C@@H](CCCCN)C(=O)O)N[C@@H](CCCNC(=N)N)C(=O)O)N[C@@H](CCCNC(=N)N)C(N[C@@H](CO)C(=O)O)N[C@@H](CC(C)C)C(=O)O)cc1)C(=O)O,CCC(C)[C@H](NC(N[C@@H](CO)C(=O)O)[C@H](CCCNC(=N)N)NC(N[C@@H](CCC(N)N[C@@H](CCC(=O)O)C(=O)O)C(N[C@@H](CO)C(=O)O)N[C@@H](CC(=O)O)C(=O)O)[C@H](CCCNC(=N)N)NC(N[C@@H](CCCCN)C(N[C@@H](CCCNC(=N)N)C(=O)O)N[C@@H](CCCNC(=N)N)C(O)N[C@H](C(=O)O)C(C)C)[C@@H](N)Cc1ccc(NCC(N[C@@H](CCCCN)C(N[C@@H](CCCCN)C(=O)O)N[C@@H](CCCNC(=N)N)C(=O)O)N[C@@H](CCCNC(=N)N)C(N[C@@H](CO)C(=O)O)N[C@@H](CC(C)C)C(=O)O)cc1)C(=O)O,SFGUEMVEPONZPK-DHLSTGQESA-N,BBB+,1,2539.082999999998,-11.830080000000015,1295.8899999999996,59,47,112,1,177,1,experimental_classification,p
BBBP_00703,703,CC(C)C[C@H](NC(N[C@@H](C)C(=O)O)[C@H](C)NC(N[C@@H](CC(C)C)C(N[C@@H](C)C(=O)O)N[C@@H](CCCCN)C(=O)O)[C@H](C)NC(N[C@@H](CC(C)C)C(N[C@@H](CCCCN)C(N[C@@H](C)C(=O)O)N[C@@H](CC(C)C)C(=O)O)N[C@@H](CC(C)C)C(N[C@@H](CCCCN)C(O)N[C@@H](C)C(=O)O)N[C@@H](CC(C)C)C(N[C@@H](CCCCN)C(=O)O)N[C@@H](CC(C)C)C(=O)O)[C@@H](N)CCCCN)C(=O)O,CC(C)C[C@H](NC(N[C@@H](C)C(=O)O)[C@H](C)NC(N[C@@H](CC(C)C)C(N[C@@H](C)C(=O)O)N[C@@H](CCCCN)C(=O)O)[C@H](C)NC(N[C@@H](CC(C)C)C(N[C@@H](CCCCN)C(N[C@@H](C)C(=O)O)N[C@@H](CC(C)C)C(=O)O)N[C@@H](CC(C)C)C(N[C@@H](CCCCN)C(O)N[C@@H](C)C(=O)O)N[C@@H](CC(C)C)C(N[C@@H](CCCCN)C(=O)O)N[C@@H](CC(C)C)C(=O)O)[C@@H](N)CCCCN)C(=O)O,HGGPNZLKWWLPAC-PUOILQIYSA-N,BBB+,1,1895.6280000000008,1.378800000000055,716.56,33,33,86,0,132,0,experimental_classification,p
BBBP_00704,704,C[C@H](Nc1ccc(C[C@H](N)C(NCC(=O)O)N[C@@H](Cc2ccccc2)C(O)N[C@@H](CCCCN)C(=O)O)cc1)C(N[C@@H](Cc1ccc(O)cc1)C(=O)O)N1CCC[C@H]1C(=O)O,C[C@H](Nc1ccc(C[C@H](N)C(NCC(=O)O)N[C@@H](Cc2ccccc2)C(O)N[C@@H](CCCCN)C(=O)O)cc1)C(N[C@@H](Cc1ccc(O)cc1)C(=O)O)N1CCC[C@H]1C(=O)O,NIWPRYAFJNEJNZ-KRVPKBLNSA-N,BBB+,1,851.0150000000001,0.9144000000000105,305.09000000000003,13,14,28,3,61,4,experimental_classification,p
BBBP_00705,705,CC(C)C[C@H](NC(N[C@@H](CCCCN)C(=O)O)[C@H](CCC(N)N[C@@H](CO)C(=O)O)NC(N[C@@H](CCCNC(=N)N)C(N[C@@H](CCCNC(=N)N)C(=O)O)N[C@@H](CC(N)=O)C(=O)O)[C@H](CCCNC(=N)N)NC(N[C@@H](CCCCN)C(N[C@@H](CCCNC(=N)N)C(N[C@@H](CCCCN)C(=O)O)N[C@@H](CCCCN)C(=O)O)N[C@@H](CCCNC(=N)N)C(N[C@@H](CCC(N)=O)C(=O)O)N[C@@H](Cc1cnc[nH]1)C(=O)O)[C@@H](N)Cc1ccc(NCC(N[C@@H](CCCNC(=N)N)C(N[C@@H](CCCNC(=N)N)C(=O)O)N[C@@H](CCCNC(=N)N)C(=O)O)N[C@@H](CCCCN)C(N[C@@H](CC(N)=O)C(=O)O)N[C@@H](CCCNC(=N)N)C(O)N[C@@H](Cc2ccc(O)cc2)C(=O)O)cc1)C(=O)O,CC(C)C[C@H](NC(N[C@@H](CCCCN)C(=O)O)[C@H](CCC(N)N[C@@H](CO)C(=O)O)NC(N[C@@H](CCCNC(=N)N)C(N[C@@H](CCCNC(=N)N)C(=O)O)N[C@@H](CC(N)=O)C(=O)O)[C@H](CCCNC(=N)N)NC(N[C@@H](CCCCN)C(N[C@@H](CCCNC(=N)N)C(N[C@@H](CCCCN)C(=O)O)N[C@@H](CCCCN)C(=O)O)N[C@@H](CCCNC(=N)N)C(N[C@@H](CCC(N)=O)C(=O)O)N[C@@H](Cc1cnc[nH]1)C(=O)O)[C@@H](N)Cc1ccc(NCC(N[C@@H](CCCNC(=N)N)C(N[C@@H](CCCNC(=N)N)C(=O)O)N[C@@H](CCCNC(=N)N)C(=O)O)N[C@@H](CCCCN)C(N[C@@H](CC(N)=O)C(=O)O)N[C@@H](CCCNC(=N)N)C(O)N[C@@H](Cc2ccc(O)cc2)C(=O)O)cc1)C(=O)O,PEDHXEQINIJQBI-PASHQERZSA-N,BBB+,1,3294.036999999994,-16.22387000000022,1719.4699999999987,77,59,145,3,231,3,experimental_classification,p
BBBP_00706,706,CC(C)C[C@H](NC(NCC(=O)O)[C@@H](NC(C[C@H](N)C(N1CCC[C@H]1C(N[C@@H](CO)C(=O)O)N[C@@H](CC(=O)O)C(=O)O)N1CCC[C@H]1C(N[C@@H](Cc1ccccc1)C(=O)O)N1CCC[C@H]1C(=O)O)N[C@@H](CCC(N)N[C@@H](CCCCN)C(=O)O)C(N[C@@H](Cc1c[nH]c2ccccc12)C(=O)O)N[C@H](C(=O)O)C(C)C)C(C)C)C(=O)O,CC(C)C[C@H](NC(NCC(=O)O)[C@@H](NC(C[C@H](N)C(N1CCC[C@H]1C(N[C@@H](CO)C(=O)O)N[C@@H](CC(=O)O)C(=O)O)N1CCC[C@H]1C(N[C@@H](Cc1ccccc1)C(=O)O)N1CCC[C@H]1C(=O)O)N[C@@H](CCC(N)N[C@@H](CCCCN)C(=O)O)C(N[C@@H](Cc1c[nH]c2ccccc12)C(=O)O)N[C@H](C(=O)O)C(C)C)C(C)C)C(=O)O,AIIOMYNJJSOBEI-HQZCZORDSA-N,BBB+,1,1598.9070000000002,-0.985800000000006,617.1,25,27,57,3,113,6,experimental_classification,p
BBBP_00707,707,CC(C)C[C@H](NC(N[C@H](C(=O)O)C(C)O)[C@H](CCCNC(=N)N)NC([C@@H](N)CC(N[C@@H](CN[C@@H](Cc1ccccc1)C(N[C@@H](CCCNC(=N)N)C(=O)O)N[C@@H](CCCNC(=N)N)C(=O)O)C(N[C@@H](CC(C)C)C(N[C@@H](CCCNC(=N)N)C(=O)O)N[C@@H](CCC(N)=O)C(=O)O)N[C@@H](CC(N)N[C@@H](CCCNC(=N)N)C(=O)O)C(N[C@@H](CCCCN)C(=O)O)N[C@@H](CCCCN)C(=O)O)N[C@@H](CCC(N)N[C@@H](C(C)C)C(N[C@@H](CCCCN)C(=O)O)N[C@@H](CCCNC(=N)N)C(=O)O)C(N[C@@H](CCC(N)N1CCC[C@H]1C(=O)O)C(N[C@@H](CCCNC(=N)N)C(=O)O)N1CCC[C@H]1C(=O)O)N1CCC[C@H]1C(N[C@@H](CCCNC(=N)N)C(=O)O)N1CCC[C@H]1C(=O)O)N1CCC[C@H]1C(N[C@H](C(=O)O)C(C)O)N1CCC[C@H]1C(=O)O)C(O)N[C@@H](CCCNC(=N)N)C(=O)O,CC(C)C[C@H](NC(N[C@H](C(=O)O)C(C)O)[C@H](CCCNC(=N)N)NC([C@@H](N)CC(N[C@@H](CN[C@@H](Cc1ccccc1)C(N[C@@H](CCCNC(=N)N)C(=O)O)N[C@@H](CCCNC(=N)N)C(=O)O)C(N[C@@H](CC(C)C)C(N[C@@H](CCCNC(=N)N)C(=O)O)N[C@@H](CCC(N)=O)C(=O)O)N[C@@H](CC(N)N[C@@H](CCCNC(=N)N)C(=O)O)C(N[C@@H](CCCCN)C(=O)O)N[C@@H](CCCCN)C(=O)O)N[C@@H](CCC(N)N[C@@H](C(C)C)C(N[C@@H](CCCCN)C(=O)O)N[C@@H](CCCNC(=N)N)C(=O)O)C(N[C@@H](CCC(N)N1CCC[C@H]1C(=O)O)C(N[C@@H](CCCNC(=N)N)C(=O)O)N1CCC[C@H]1C(=O)O)N1CCC[C@H]1C(N[C@@H](CCCNC(=N)N)C(=O)O)N1CCC[C@H]1C(=O)O)N1CCC[C@H]1C(N[C@H](C(=O)O)C(C)O)N1CCC[C@H]1C(=O)O)C(O)N[C@@H](CCCNC(=N)N)C(=O)O,YTHLZWAQKVCGFT-DMRNHXKXSA-N,BBB+,1,3798.7019999999916,-15.137470000000274,1810.549999999999,79,67,153,1,266,7,experimental_classification,p
BBBP_00708,708,N=C(N)NCCC[C@H](NC(O)[C@H](CCCNC(=N)N)NC(N)CC[C@H](N)C(N[C@@H](CO)C(=O)O)N[C@@H](Cc1ccccc1)C(=O)O)C(=O)O,N=C(N)NCCC[C@H](NC(O)[C@H](CCCNC(=N)N)NC(N)CC[C@H](N)C(N[C@@H](CO)C(=O)O)N[C@@H](Cc1ccccc1)C(=O)O)C(=O)O,HEZJZRDCJYMLHG-BNGAYTDJSA-N,BBB+,1,698.8270000000003,-4.1286600000000115,376.32000000000005,17,13,27,1,49,1,experimental_classification,p
BBBP_00709,709,CC(N[C@@H](CO)C(=O)O)[C@H](NC[C@H](N)C(N[C@@H](CCC(N)=O)C(=O)O)N[C@@H](CC(N)N[C@@H](CCC(N)=O)C(=O)O)C(N[C@@H](CO)C(=O)O)N[C@H](C(=O)O)C(C)O)C(N[C@@H](CC(N)=O)C(=O)O)N[C@H](C(=O)O)C(C)O,CC(N[C@@H](CO)C(=O)O)[C@H](NC[C@H](N)C(N[C@@H](CCC(N)=O)C(=O)O)N[C@@H](CC(N)N[C@@H](CCC(N)=O)C(=O)O)C(N[C@@H](CO)C(=O)O)N[C@H](C(=O)O)C(C)O)C(N[C@@H](CC(N)=O)C(=O)O)N[C@H](C(=O)O)C(C)O,UWAXYPHQIUZODE-QPGOYJGDSA-N,BBB+,1,1075.0980000000004,-11.275999999999973,631.6000000000001,25,25,44,0,74,0,experimental_classification,p
BBBP_00710,710,CSCC[C@H](NC([C@H](Cc1cnc[nH]1)NC(C)[C@H](N)C(N[C@@H](CCCNC(=N)N)C(N[C@@H](CO)C(=O)O)N[C@@H](Cc1c[nH]c2ccccc12)C(=O)O)N1CCC[C@H]1C(N[C@H](C(=O)O)C(C)C)N1CCC[C@H]1C(=O)O)N1CCC[C@H]1C(N[C@@H](Cc1c[nH]c2ccccc12)C(=O)O)N1CCC[C@H]1C(=O)O)C(O)N[C@@H](CC(N)=O)C(=O)O,CSCC[C@H](NC([C@H](Cc1cnc[nH]1)NC(C)[C@H](N)C(N[C@@H](CCCNC(=N)N)C(N[C@@H](CO)C(=O)O)N[C@@H](Cc1c[nH]c2ccccc12)C(=O)O)N1CCC[C@H]1C(N[C@H](C(=O)O)C(C)C)N1CCC[C@H]1C(=O)O)N1CCC[C@H]1C(N[C@@H](Cc1c[nH]c2ccccc12)C(=O)O)N1CCC[C@H]1C(=O)O)C(O)N[C@@H](CC(N)=O)C(=O)O,RFNZTPWMVPDJFH-HIVZJFEUSA-N,BBB+,1,1616.9580000000008,-1.279630000000008,602.0300000000002,25,26,51,5,114,9,experimental_classification,p
BBBP_00711,711,C[C@H](NC(N)C[C@H](NC(N[C@@H](Cc1cnc[nH]1)C(=O)O)[C@H](C)Nc1ccc(C[C@H](N)C(NCC(N[C@@H](CC(N)=O)C(=O)O)N[C@@H](Cc2cnc[nH]2)C(=O)O)N[C@@H](Cc2ccccc2)C(NCC(=O)O)N[C@@H](Cc2ccccc2)C(=O)O)cc1)C(O)N[C@@H](Cc1ccc(O)cc1)C(=O)O)C(=O)O,C[C@H](NC(N)C[C@H](NC(N[C@@H](Cc1cnc[nH]1)C(=O)O)[C@H](C)Nc1ccc(C[C@H](N)C(NCC(N[C@@H](CC(N)=O)C(=O)O)N[C@@H](Cc2cnc[nH]2)C(=O)O)N[C@@H](Cc2ccccc2)C(NCC(=O)O)N[C@@H](Cc2ccccc2)C(=O)O)cc1)C(O)N[C@@H](Cc1ccc(O)cc1)C(=O)O)C(=O)O,RZFOWZNBMWTYPX-KFRSGWMFSA-N,BBB+,1,1409.5710000000004,-2.6479000000000337,586.38,25,25,50,6,101,6,experimental_classification,p
BBBP_00712,712,C[C@H](NC(N[C@@H](CO)C(=O)O)[C@H](C)NC(NCC(NCC(=O)O)N[C@@H](CCC(=O)O)C(=O)O)[C@@H](N)Cc1ccc(N[C@@H](Cc2c[nH]c3ccccc23)C(NCC(=O)O)N[C@@H](CC(=O)O)C(=O)O)cc1)C(=O)O,C[C@H](NC(N[C@@H](CO)C(=O)O)[C@H](C)NC(NCC(NCC(=O)O)N[C@@H](CCC(=O)O)C(=O)O)[C@@H](N)Cc1ccc(N[C@@H](Cc2c[nH]c3ccccc23)C(NCC(=O)O)N[C@@H](CC(=O)O)C(=O)O)cc1)C(=O)O,LMDCNTXPEZSILS-YAUCAMESSA-N,BBB+,1,1020.0640000000001,-3.19570000000002,468.7099999999999,20,19,38,3,72,3,experimental_classification,p
BBBP_00713,713,CCC(C)[C@H](NC(N[C@@H](Cc1c[nH]c2ccccc12)C(N[C@@H](CCCNC(=N)N)C(N[C@@H](C)C(=O)O)N[C@@H](CCCNC(=N)N)C(=O)O)N1CCC[C@H]1C(N[C@@H](CO)C(=O)O)N[C@@H](CC(N)=O)C(=O)O)[C@@H](N)Cc1ccc(N[C@@H](C(C)N[C@@H](CCSC)C(NCC(O)NCC(=O)O)N[C@H](C(=O)O)C(C)O)C(N[C@@H](CCC(N[C@@H](CC(=O)O)C(=O)O)N[C@H](C(=O)O)C(C)CC)C(N[C@@H](Cc2ccccc2)C(=O)O)N[C@H](C(=O)O)C(C)O)N2CCC[C@H]2C(N[C@@H](CS)C(=O)O)N2CCC[C@H]2C(=O)O)cc1)C(N[C@@H](CC(N)N[C@@H](CC(N)=O)C(=O)O)C(N[C@@H](CO)C(=O)O)N[C@@H](CCCNC(=N)N)C(=O)O)N1CCC[C@H]1C(NCC(=O)O)N[C@@H](CCCCN)C(=O)O,CCC(C)[C@H](NC(N[C@@H](Cc1c[nH]c2ccccc12)C(N[C@@H](CCCNC(=N)N)C(N[C@@H](C)C(=O)O)N[C@@H](CCCNC(=N)N)C(=O)O)N1CCC[C@H]1C(N[C@@H](CO)C(=O)O)N[C@@H](CC(N)=O)C(=O)O)[C@@H](N)Cc1ccc(N[C@@H](C(C)N[C@@H](CCSC)C(NCC(O)NCC(=O)O)N[C@H](C(=O)O)C(C)O)C(N[C@@H](CCC(N[C@@H](CC(=O)O)C(=O)O)N[C@H](C(=O)O)C(C)CC)C(N[C@@H](Cc2ccccc2)C(=O)O)N[C@H](C(=O)O)C(C)O)N2CCC[C@H]2C(N[C@@H](CS)C(=O)O)N2CCC[C@H]2C(=O)O)cc1)C(N[C@@H](CC(N)N[C@@H](CC(N)=O)C(=O)O)C(N[C@@H](CO)C(=O)O)N[C@@H](CCCNC(=N)N)C(=O)O)N1CCC[C@H]1C(NCC(=O)O)N[C@@H](CCCCN)C(=O)O,IGUSQKCYYAPZET-AEUSIDCKSA-N,BBB+,1,3294.902999999991,-11.707090000000127,1439.9599999999998,63,61,127,4,229,8,experimental_classification,p
BBBP_00714,714,CC(C)[C@H](N)C(NCC(N[C@@H](CS)C(NCC(=O)O)N[C@@H](CC(N)N[C@@H](CCCNC(=N)N)C(=O)O)C(N[C@@H](CCCNC(=N)N)C(=O)O)N[C@@H](CCCNC(=N)N)C(=O)O)N[C@@H](CCCNC(=N)N)C(N[C@@H](C(C)C)C(N[C@@H](CCCNC(=N)N)C(=O)O)N[C@@H](CCCNC(=N)N)C(=O)O)N[C@@H](Cc1cnc[nH]1)C(N[C@@H](CCCNC(=N)N)C(=O)O)N[C@@H](CCCNC(=N)N)C(=O)O)NCC(N[C@@H](Cc1cnc[nH]1)C(NCC(=O)O)NCC(=O)O)N1CCC[C@H]1C(N[C@@H](CCCNC(=N)N)C(=O)O)N[C@@H](CCCNC(=N)N)C(=O)O,CC(C)[C@H](N)C(NCC(N[C@@H](CS)C(NCC(=O)O)N[C@@H](CC(N)N[C@@H](CCCNC(=N)N)C(=O)O)C(N[C@@H](CCCNC(=N)N)C(=O)O)N[C@@H](CCCNC(=N)N)C(=O)O)N[C@@H](CCCNC(=N)N)C(N[C@@H](C(C)C)C(N[C@@H](CCCNC(=N)N)C(=O)O)N[C@@H](CCCNC(=N)N)C(=O)O)N[C@@H](Cc1cnc[nH]1)C(N[C@@H](CCCNC(=N)N)C(=O)O)N[C@@H](CCCNC(=N)N)C(=O)O)NCC(N[C@@H](Cc1cnc[nH]1)C(NCC(=O)O)NCC(=O)O)N1CCC[C@H]1C(N[C@@H](CCCNC(=N)N)C(=O)O)N[C@@H](CCCNC(=N)N)C(=O)O,PJMAPSZTFAMDOM-HEZSCBITSA-N,BBB+,1,2674.257999999998,-16.14370000000013,1419.8399999999992,67,48,112,2,186,3,experimental_classification,p
BBBP_00715,715,CSCC[C@H](N)C(N[C@@H](CCC(N[C@@H](CCC(=O)O)C(=O)O)N1CCC[C@H]1C(=O)O)C(NCC(=O)O)N[C@@H](CC(N)=O)C(=O)O)N1CCC[C@H]1C(NCC(N[C@@H](Cc1ccccc1)C(=O)O)N1CCC[C@H]1C(=O)O)N[C@@H](Cc1ccc(N[C@@H](CCC(=O)O)C(=O)O)cc1)C(O)N[C@@H](CC(N)=O)C(=O)O,CSCC[C@H](N)C(N[C@@H](CCC(N[C@@H](CCC(=O)O)C(=O)O)N1CCC[C@H]1C(=O)O)C(NCC(=O)O)N[C@@H](CC(N)=O)C(=O)O)N1CCC[C@H]1C(NCC(N[C@@H](Cc1ccccc1)C(=O)O)N1CCC[C@H]1C(=O)O)N[C@@H](Cc1ccc(N[C@@H](CCC(=O)O)C(=O)O)cc1)C(O)N[C@@H](CC(N)=O)C(=O)O,WVMHPZHRGWXJTH-BMXIJVQYSA-N,BBB+,1,1492.6720000000005,-3.4594000000000102,623.4200000000001,23,27,54,2,104,5,experimental_classification,p
BBBP_00716,716,CC(C)C[C@H](NC(N[C@@H](CO)C(=O)O)[C@H](CC(C)C)NC(N[C@@H](CCCNC(=N)N)C(N[C@@H](CO)C(=O)O)N[C@@H](Cc1ccc(O)cc1)C(=O)O)[C@H](C)Nc1ccc(C[C@H](N)C(NCC(N[C@@H](CN[C@@H](Cc2ccccc2)C(=O)O)C(=O)O)N[C@@H](CN[C@@H](CCCNC(=N)N)C(=O)O)C(N[C@@H](CCCNC(=N)N)C(=O)O)N[C@@H](CCCNC(=N)N)C(=O)O)N[C@@H](Cc2ccccc2)C(N[C@@H](CCCNC(=N)N)C(=O)O)N[C@@H](CCCNC(=N)N)C(=O)O)cc1)C(=O)O,CC(C)C[C@H](NC(N[C@@H](CO)C(=O)O)[C@H](CC(C)C)NC(N[C@@H](CCCNC(=N)N)C(N[C@@H](CO)C(=O)O)N[C@@H](Cc1ccc(O)cc1)C(=O)O)[C@H](C)Nc1ccc(C[C@H](N)C(NCC(N[C@@H](CN[C@@H](Cc2ccccc2)C(=O)O)C(=O)O)N[C@@H](CN[C@@H](CCCNC(=N)N)C(=O)O)C(N[C@@H](CCCNC(=N)N)C(=O)O)N[C@@H](CCCNC(=N)N)C(=O)O)N[C@@H](Cc2ccccc2)C(N[C@@H](CCCNC(=N)N)C(=O)O)N[C@@H](CCCNC(=N)N)C(=O)O)cc1)C(=O)O,ZVOVWLMTDVKKAO-HXFIYWBKSA-N,BBB+,1,2292.7300000000005,-7.37717999999996,1072.9199999999998,50,38,92,4,162,4,experimental_classification,p
BBBP_00717,717,NC(=O)CC[C@H](Nc1ccc(C[C@H](NC(N[C@@H](Cc2ccccc2)C(O)N2CCC[C@H]2C(=O)O)[C@@H](N)CS)C(N[C@@H](CS)C(=O)O)N[C@@H](CC(N)=O)C(=O)O)cc1)C(=O)O,NC(=O)CC[C@H](Nc1ccc(C[C@H](NC(N[C@@H](Cc2ccccc2)C(O)N2CCC[C@H]2C(=O)O)[C@@H](N)CS)C(N[C@@H](CS)C(=O)O)N[C@@H](CC(N)=O)C(=O)O)cc1)C(=O)O,AKQPURNJXCVXSA-CDYSHYASSA-N,BBB+,1,880.0600000000003,-1.8136999999999945,345.02000000000004,15,16,29,2,60,3,experimental_classification,p
BBBP_00718,718,CC(N[C@@H](CO)C(=O)O)[C@H](NC(N[C@@H](CN[C@@H](C)C(N[C@@H](Cc1ccccc1)C(=O)O)N[C@@H](Cc1ccccc1)C(=O)O)C(N[C@@H](CN[C@@H](Cc1ccccc1)C(=O)O)C(=O)O)N[C@H](C(=O)O)C(C)O)[C@@H](N)CCCNC(=N)N)C(N[C@@H](Cc1ccc(O)cc1)C(=O)O)N1CCC[C@H]1C(=O)O,CC(N[C@@H](CO)C(=O)O)[C@H](NC(N[C@@H](CN[C@@H](C)C(N[C@@H](Cc1ccccc1)C(=O)O)N[C@@H](Cc1ccccc1)C(=O)O)C(N[C@@H](CN[C@@H](Cc1ccccc1)C(=O)O)C(=O)O)N[C@H](C(=O)O)C(C)O)[C@@H](N)CCCNC(=N)N)C(N[C@@H](Cc1ccc(O)cc1)C(=O)O)N1CCC[C@H]1C(=O)O,CXEZUJQSLAQHFH-LHZKIYCTSA-N,BBB+,1,1418.6150000000011,-2.937530000000021,570.55,25,24,50,4,101,5,experimental_classification,p
BBBP_00719,719,CSCC[C@H](NC(N[C@@H](Cc1c[nH]c2ccccc12)C(=O)O)[C@@H](NC(N[C@@H](Cc1c[nH]c2ccccc12)C(N[C@@H](CN[C@@H](CCCNC(=N)N)C(=O)O)C(N[C@@H](Cc1cnc[nH]1)C(=O)O)N[C@H](C(=O)O)C(C)O)N1CCC[C@H]1C(N1CCC[C@H]1C(=O)O)N1CCC[C@H]1C(=O)O)[C@@H]1CCCN1)C(C)C)C(=O)O,CSCC[C@H](NC(N[C@@H](Cc1c[nH]c2ccccc12)C(=O)O)[C@@H](NC(N[C@@H](Cc1c[nH]c2ccccc12)C(N[C@@H](CN[C@@H](CCCNC(=N)N)C(=O)O)C(N[C@@H](Cc1cnc[nH]1)C(=O)O)N[C@H](C(=O)O)C(C)O)N1CCC[C@H]1C(N1CCC[C@H]1C(=O)O)N1CCC[C@H]1C(=O)O)[C@@H]1CCCN1)C(C)C)C(=O)O,WIMBVHOGIVAQOS-ADMMHOLDSA-N,BBB+,1,1500.8380000000004,0.4868699999999832,521.48,23,23,47,5,106,9,experimental_classification,p
BBBP_00720,720,CCC(C)[C@H](NC(N[C@@H](C)C(N[C@@H](Cc1ccc(O)cc1)C(=O)O)N1CCC[C@H]1C(=O)O)[C@@H](N)Cc1cnc[nH]1)C(N[C@@H](CCCNC(=N)N)C(=O)O)N[C@@H](Cc1cnc[nH]1)C(=O)O,CCC(C)[C@H](NC(N[C@@H](C)C(N[C@@H](Cc1ccc(O)cc1)C(=O)O)N1CCC[C@H]1C(=O)O)[C@@H](N)Cc1cnc[nH]1)C(N[C@@H](CCCNC(=N)N)C(=O)O)N[C@@H](Cc1cnc[nH]1)C(=O)O,FVZHVNVSNAULNO-NJOJZBHZSA-N,BBB+,1,899.0679999999999,-0.9050300000000064,378.09999999999997,16,15,30,3,64,4,experimental_classification,p
BBBP_00721,721,CC(C)C[C@H](NC(O)[C@H](CC(C)C)NC(N)CC[C@H](NC(N[C@@H](CCC(N)N[C@@H](CCCNC(=N)N)C(=O)O)C(N[C@@H](CO)C(=O)O)N[C@@H](Cc1ccccc1)C(=O)O)[C@@H](N)C(C)C)C(N[C@@H](CCCCN)C(=O)O)N[C@H](C(=O)O)C(C)O)C(=O)O,CC(C)C[C@H](NC(O)[C@H](CC(C)C)NC(N)CC[C@H](NC(N[C@@H](CCC(N)N[C@@H](CCCNC(=N)N)C(=O)O)C(N[C@@H](CO)C(=O)O)N[C@@H](Cc1ccccc1)C(=O)O)[C@@H](N)C(C)C)C(N[C@@H](CCCCN)C(=O)O)N[C@H](C(=O)O)C(C)O)C(=O)O,BNMUXSQGPDKCFR-SQGGSPKSSA-N,BBB+,1,1231.55,-3.371930000000011,558.74,25,23,51,1,86,1,experimental_classification,p
BBBP_00722,722,CC(C)C[C@H](NC(N[C@@H](CC(C)C)C(=O)O)[C@H](C)Nc1ccc(C[C@H](N)C(NCC(=O)O)N[C@@H](Cc2ccccc2)C(=O)O)cc1)C(=O)O,CC(C)C[C@H](NC(N[C@@H](CC(C)C)C(=O)O)[C@H](C)Nc1ccc(C[C@H](N)C(NCC(=O)O)N[C@@H](Cc2ccccc2)C(=O)O)cc1)C(=O)O,XEOSSMFMTIWUIO-WVXPFEHGSA-N,BBB+,1,686.8510000000003,2.146500000000008,235.36999999999995,10,10,24,2,49,2,experimental_classification,p
BBBP_00723,723,N=C(N)NCCC[C@H](NC(N[C@@H](CC(N)=O)C(=O)O)[C@H](CCC(N[C@@H](CCC(=O)O)C(=O)O)N1CCC[C@H]1C(=O)O)NC(N[C@@H](CC(N)NCC(=O)O)C(=O)O)[C@@H](N)Cc1ccc(N2CCC[C@H]2C(NCC(=O)O)N[C@@H](Cc2ccccc2)C(=O)O)cc1)C(=O)O,N=C(N)NCCC[C@H](NC(N[C@@H](CC(N)=O)C(=O)O)[C@H](CCC(N[C@@H](CCC(=O)O)C(=O)O)N1CCC[C@H]1C(=O)O)NC(N[C@@H](CC(N)NCC(=O)O)C(=O)O)[C@@H](N)Cc1ccc(N2CCC[C@H]2C(NCC(=O)O)N[C@@H](Cc2ccccc2)C(=O)O)cc1)C(=O)O,WFRIVLCNOLNHGT-GUGXZEOASA-N,BBB+,1,1289.4129999999998,-4.399529999999994,595.45,23,23,47,2,91,4,experimental_classification,p
BBBP_00724,724,CCC(C)[C@H](NC(C[C@H](NC(N[C@@H](C(C)C)C(N[C@@H](CCC(N)=O)C(=O)O)N[C@@H](CCC(N[C@@H](Cc1cnc[nH]1)C(=O)O)N[C@H](C(=O)O)C(C)C)C(=O)O)[C@H](CC(C)C)NC(N[C@@H](C(C)CC)C(N[C@@H](CN1CCC[C@H]1C(N[C@@H](C)C(=O)O)N[C@@H](CCCNC(=N)N)C(=O)O)C(NCC(N[C@@H](C)C(=O)O)N[C@@H](C)C(=O)O)N[C@@H](C(C)CC)C(N[C@@H](CCCCN)C(=O)O)N[C@@H](Cc1ccc(O)cc1)C(=O)O)N[C@@H](CC(C)C)C(N[C@@H](CC(C)C)C(N[C@@H](C)C(=O)O)N[C@@H](CCC(N)=O)C(=O)O)N[C@@H](CC(C)C)C(N[C@@H](CCCNC(=N)N)C(=O)O)N[C@@H](CC(N)=O)C(=O)O)[C@@H](N)C(C)C)C(N[C@@H](CC(C)C)C(N[C@@H](C)C(=O)O)N[C@@H](CC(C)C)C(=O)O)N[C@@H](CC(C)C)C(N[C@@H](CCC(N)=O)C(=O)O)N[C@H](C(=O)O)C(C)CC)N[C@@H](CCCNC(=N)N)C(N[C@@H](C)C(=O)O)N[C@H](C(=O)O)C(C)O)C(N[C@@H](C)C(=O)O)N[C@@H](CC(N)=O)C(=O)O,CCC(C)[C@H](NC(C[C@H](NC(N[C@@H](C(C)C)C(N[C@@H](CCC(N)=O)C(=O)O)N[C@@H](CCC(N[C@@H](Cc1cnc[nH]1)C(=O)O)N[C@H](C(=O)O)C(C)C)C(=O)O)[C@H](CC(C)C)NC(N[C@@H](C(C)CC)C(N[C@@H](CN1CCC[C@H]1C(N[C@@H](C)C(=O)O)N[C@@H](CCCNC(=N)N)C(=O)O)C(NCC(N[C@@H](C)C(=O)O)N[C@@H](C)C(=O)O)N[C@@H](C(C)CC)C(N[C@@H](CCCCN)C(=O)O)N[C@@H](Cc1ccc(O)cc1)C(=O)O)N[C@@H](CC(C)C)C(N[C@@H](CC(C)C)C(N[C@@H](C)C(=O)O)N[C@@H](CCC(N)=O)C(=O)O)N[C@@H](CC(C)C)C(N[C@@H](CCCNC(=N)N)C(=O)O)N[C@@H](CC(N)=O)C(=O)O)[C@@H](N)C(C)C)C(N[C@@H](CC(C)C)C(N[C@@H](C)C(=O)O)N[C@@H](CC(C)C)C(=O)O)N[C@@H](CC(C)C)C(N[C@@H](CCC(N)=O)C(=O)O)N[C@H](C(=O)O)C(C)CC)N[C@@H](CCCNC(=N)N)C(N[C@@H](C)C(=O)O)N[C@H](C(=O)O)C(C)O)C(N[C@@H](C)C(=O)O)N[C@@H](CC(N)=O)C(=O)O,QDGWOVHLSXPCPY-GBUXLCTGSA-N,BBB+,1,4190.230999999981,-6.818590000000291,1779.2499999999989,77,72,176,2,293,3,experimental_classification,p
BBBP_00725,725,NC(=O)C[C@H](NC(O)[C@H](CCC(N[C@@H](CCC(=O)O)C(=O)O)N1CCC[C@H]1C(=O)O)NC(N[C@@H](CC(N)=O)C(=O)O)[C@@H](N)Cc1ccc(N2CCC[C@H]2C(NCC(=O)O)N[C@@H](Cc2ccccc2)C(=O)O)cc1)C(=O)O,NC(=O)C[C@H](NC(O)[C@H](CCC(N[C@@H](CCC(=O)O)C(=O)O)N1CCC[C@H]1C(=O)O)NC(N[C@@H](CC(N)=O)C(=O)O)[C@@H](N)Cc1ccc(N2CCC[C@H]2C(NCC(=O)O)N[C@@H](Cc2ccccc2)C(=O)O)cc1)C(=O)O,MUVWEXICVDSBGD-IFKQAGBPSA-N,BBB+,1,1074.1559999999997,-3.18700000000002,472.19,17,19,37,2,76,4,experimental_classification,p
BBBP_00726,726,CC(C)[C@H](NC(N[C@@H](C)C(=O)O)[C@H](CCCCN)NC(N[C@@H](C)C(N[C@@H](CCCCN)C(=O)O)N[C@@H](CCC(=O)O)C(=O)O)[C@@H](N)CC(N[C@@H](Cc1ccccc1)C(N[C@@H](CCCCN)C(=O)O)N[C@@H](CC(=O)O)C(=O)O)N[C@@H](Cc1c[nH]c2ccccc12)C(N[C@@H](Cc1ccc(N[C@@H](CCC(=O)O)C(=O)O)cc1)C(N[C@@H](C)C(=O)O)N[C@@H](Cc1ccccc1)C(=O)O)N[C@@H](Cc1ccccc1)C(N[C@@H](CCCCN)C(=O)O)N[C@@H](Cc1ccccc1)C(=O)O)C(=O)O,CC(C)[C@H](NC(N[C@@H](C)C(=O)O)[C@H](CCCCN)NC(N[C@@H](C)C(N[C@@H](CCCCN)C(=O)O)N[C@@H](CCC(=O)O)C(=O)O)[C@@H](N)CC(N[C@@H](Cc1ccccc1)C(N[C@@H](CCCCN)C(=O)O)N[C@@H](CC(=O)O)C(=O)O)N[C@@H](Cc1c[nH]c2ccccc12)C(N[C@@H](Cc1ccc(N[C@@H](CCC(=O)O)C(=O)O)cc1)C(N[C@@H](C)C(=O)O)N[C@@H](Cc1ccccc1)C(=O)O)N[C@@H](Cc1ccccc1)C(N[C@@H](CCCCN)C(=O)O)N[C@@H](Cc1ccccc1)C(=O)O)C(=O)O,LKSYOZJPNJMRKL-QWXHFEEVSA-N,BBB+,1,2285.716999999998,1.7284000000000457,872.6000000000001,37,36,91,7,163,7,experimental_classification,p
BBBP_00727,727,CC(N[C@@H](Cc1ccc(O)cc1)C(=O)O)[C@H](NC(N[C@@H](CN[C@H](C(=O)O)C(C)O)C(N[C@@H](CC(N)=O)C(=O)O)N[C@H](C(=O)O)C(C)O)[C@H](C)N)C(O)N[C@H](C(=O)O)C(C)O,CC(N[C@@H](Cc1ccc(O)cc1)C(=O)O)[C@H](NC(N[C@@H](CN[C@H](C(=O)O)C(C)O)C(N[C@@H](CC(N)=O)C(=O)O)N[C@H](C(=O)O)C(C)O)[C@H](C)N)C(O)N[C@H](C(=O)O)C(C)O,JVSGQYABBKXHJB-AXZSCYNRSA-N,BBB+,1,863.9200000000004,-6.210800000000013,440.96999999999997,19,19,31,1,60,1,experimental_classification,p
BBBP_00728,728,CCC(C)[C@H](N)C(N[C@@H](CCCCN)C(N[C@@H](C)C(N[C@@H](CCC(N[C@@H](CCCNC(=N)N)C(=O)O)N[C@@H](Cc1ccc(O)cc1)C(=O)O)C(=O)O)N1CCC[C@H]1C(N[C@@H](CCCNC(=N)N)C(=O)O)N[C@@H](CCC(N)=O)C(=O)O)N[C@@H](CCC(N[C@@H](CCC(N[C@@H](Cc1ccc(O)cc1)C(=O)O)N[C@@H](Cc1ccc(O)cc1)C(=O)O)C(N[C@@H](C)C(=O)O)N[C@@H](CO)C(=O)O)N[C@@H](CC(N[C@@H](CCCNC(=N)N)C(=O)O)N[C@@H](CC(C)C)C(=O)O)C(N[C@@H](Cc1ccc(O)cc1)C(=O)O)N[C@@H](Cc1cnc[nH]1)C(=O)O)C(N[C@@H](C)C(N[C@@H](CC(N)=O)C(=O)O)N[C@@H](CC(C)C)C(=O)O)N[C@@H](CN[C@@H](CC(C)C)C(=O)O)C(N[C@H](C(=O)O)C(C)C)N[C@H](C(=O)O)C(C)O)N1CCC[C@H]1C(NCC(N[C@@H](CCCNC(=N)N)C(=O)O)N[C@@H](CC(N)=O)C(=O)O)N1CCC[C@H]1C(N[C@@H](CCC(=O)O)C(=O)O)N[C@@H](CC(C)C)C(=O)O,CCC(C)[C@H](N)C(N[C@@H](CCCCN)C(N[C@@H](C)C(N[C@@H](CCC(N[C@@H](CCCNC(=N)N)C(=O)O)N[C@@H](Cc1ccc(O)cc1)C(=O)O)C(=O)O)N1CCC[C@H]1C(N[C@@H](CCCNC(=N)N)C(=O)O)N[C@@H](CCC(N)=O)C(=O)O)N[C@@H](CCC(N[C@@H](CCC(N[C@@H](Cc1ccc(O)cc1)C(=O)O)N[C@@H](Cc1ccc(O)cc1)C(=O)O)C(N[C@@H](C)C(=O)O)N[C@@H](CO)C(=O)O)N[C@@H](CC(N[C@@H](CCCNC(=N)N)C(=O)O)N[C@@H](CC(C)C)C(=O)O)C(N[C@@H](Cc1ccc(O)cc1)C(=O)O)N[C@@H](Cc1cnc[nH]1)C(=O)O)C(N[C@@H](C)C(N[C@@H](CC(N)=O)C(=O)O)N[C@@H](CC(C)C)C(=O)O)N[C@@H](CN[C@@H](CC(C)C)C(=O)O)C(N[C@H](C(=O)O)C(C)C)N[C@H](C(=O)O)C(C)O)N1CCC[C@H]1C(NCC(N[C@@H](CCCNC(=N)N)C(=O)O)N[C@@H](CC(N)=O)C(=O)O)N1CCC[C@H]1C(N[C@@H](CCC(=O)O)C(=O)O)N[C@@H](CC(C)C)C(=O)O,PMOCZFQONPXQDF-PVMJYFSVSA-N,BBB+,1,4082.7689999999816,-9.964720000000227,1807.489999999999,77,72,162,5,287,8,experimental_classification,p
BBBP_00729,729,NC(=O)CC[C@H](Nc1ccc(C[C@H](NC(N[C@@H](Cc2ccccc2)C(=O)O)[C@@H](N)CS)C(N[C@@H](CS)C(=O)O)N[C@@H](CC(N)=O)C(=O)O)cc1)C(=O)O,NC(=O)CC[C@H](Nc1ccc(C[C@H](NC(N[C@@H](Cc2ccccc2)C(=O)O)[C@@H](N)CS)C(N[C@@H](CS)C(=O)O)N[C@@H](CC(N)=O)C(=O)O)cc1)C(=O)O,QPAGWWPITKZNHC-ILKZFLFNSA-N,BBB+,1,780.9270000000002,-1.5964999999999903,321.55,14,14,27,2,53,2,experimental_classification,p
BBBP_00730,730,CC(C)C[C@H](N)C(N[C@@H](Cc1ccccc1)C(=O)O)N1CCC[C@H]1C(N[C@@H](CC(=O)O)C(=O)O)N[C@@H](Cc1ccccc1)C(=O)O,CC(C)C[C@H](N)C(N[C@@H](Cc1ccccc1)C(=O)O)N1CCC[C@H]1C(N[C@@H](CC(=O)O)C(=O)O)N[C@@H](Cc1ccccc1)C(=O)O,MTMPDBHEPMFSGK-JPIHKUJESA-N,BBB+,1,641.7660000000003,1.5649000000000062,214.54999999999998,8,9,20,2,46,3,experimental_classification,p
BBBP_00731,731,CC(C)C[C@H](NC(O)[C@H](CC(N[C@@H](CCCCN)C(=O)O)N[C@@H](CCCCN)C(=O)O)NC(C[C@H](NC(NCC(N[C@@H](CCC(=O)O)C(=O)O)N[C@@H](Cc1ccccc1)C(=O)O)[C@@H](N)C(C)C)C(NCC(=O)O)N[C@@H](CC(C)C)C(=O)O)NCC(=O)O)C(=O)O,CC(C)C[C@H](NC(O)[C@H](CC(N[C@@H](CCCCN)C(=O)O)N[C@@H](CCCCN)C(=O)O)NC(C[C@H](NC(NCC(N[C@@H](CCC(=O)O)C(=O)O)N[C@@H](Cc1ccccc1)C(=O)O)[C@@H](N)C(C)C)C(NCC(=O)O)N[C@@H](CC(C)C)C(=O)O)NCC(=O)O)C(=O)O,MVCMBTANKWCVGH-YFNFHGFJSA-N,BBB+,1,1289.538,-2.7323000000000066,566.3199999999999,24,24,56,1,90,1,experimental_classification,p
BBBP_00732,732,CC(C)C[C@H](NC(N[C@@H](C)C(=O)O)[C@H](C)NC(N[C@@H](CC(C)C)C(N[C@@H](Cc1cnc[nH]1)C(=O)O)N[C@@H](CC(C)C)C(=O)O)[C@H](C)NC(N[C@@H](CCCCN)C(N[C@@H](CC(C)C)C(N[C@@H](C)C(N[C@@H](C)C(=O)O)N[C@@H](CC(C)C)C(=O)O)N[C@@H](CC(C)C)C(N[C@@H](C)C(=O)O)N[C@@H](CC(C)C)C(=O)O)N[C@@H](CC(C)C)C(N[C@@H](Cc1cnc[nH]1)C(N[C@@H](C)C(=O)O)N[C@@H](CS)C(=O)O)N[C@@H](Cc1cnc[nH]1)C(N[C@@H](CCCCN)C(=O)O)N[C@@H](CCCCN)C(=O)O)[C@@H](N)CCCCN)C(=O)O,CC(C)C[C@H](NC(N[C@@H](C)C(=O)O)[C@H](C)NC(N[C@@H](CC(C)C)C(N[C@@H](Cc1cnc[nH]1)C(=O)O)N[C@@H](CC(C)C)C(=O)O)[C@H](C)NC(N[C@@H](CCCCN)C(N[C@@H](CC(C)C)C(N[C@@H](C)C(N[C@@H](C)C(=O)O)N[C@@H](CC(C)C)C(=O)O)N[C@@H](CC(C)C)C(N[C@@H](C)C(=O)O)N[C@@H](CC(C)C)C(=O)O)N[C@@H](CC(C)C)C(N[C@@H](Cc1cnc[nH]1)C(N[C@@H](C)C(=O)O)N[C@@H](CS)C(=O)O)N[C@@H](Cc1cnc[nH]1)C(N[C@@H](CCCCN)C(=O)O)N[C@@H](CCCCN)C(=O)O)[C@@H](N)CCCCN)C(=O)O,IWSPMOWZFRTRBJ-MYWGITMUSA-N,BBB+,1,2470.2959999999985,0.8477000000001185,928.3999999999999,43,43,106,3,172,3,experimental_classification,p
BBBP_00733,733,CCC(C)[C@H](NC(N[C@@H](CN[C@H](C(=O)O)C(C)C)C(=O)O)[C@H](CC(C)C)NC(N[C@@H](CN[C@@H](CCC(=O)O)C(=O)O)C(N[C@@H](CO)C(=O)O)N[C@@H](CC(=O)O)C(=O)O)[C@@H](N)CCCCN)C(=O)O,CCC(C)[C@H](NC(N[C@@H](CN[C@H](C(=O)O)C(C)C)C(=O)O)[C@H](CC(C)C)NC(N[C@@H](CN[C@@H](CCC(=O)O)C(=O)O)C(N[C@@H](CO)C(=O)O)N[C@@H](CC(=O)O)C(=O)O)[C@@H](N)CCCCN)C(=O)O,KTCPMGZJIKTZIM-QDTRQBQFSA-N,BBB+,1,983.128,-3.325800000000024,466.90999999999997,19,19,42,0,68,0,experimental_classification,p
BBBP_00734,734,CC(N[C@@H](Cc1ccccc1)C(NCC(N[C@@H](CC(N)=O)C(=O)O)N[C@@H](CC(N)=O)C(=O)O)NCC(N[C@@H](CCCCN)C(=O)O)N[C@@H](Cc1ccccc1)C(=O)O)[C@H](N)C(N[C@@H](Cc1ccc(NCC(=O)O)cc1)C(N[C@@H](CCCCN)C(=O)O)N[C@@H](CCCNC(=N)N)C(=O)O)N[C@@H](Cc1ccccc1)C(N[C@@H](CCCNC(=N)N)C(O)N[C@@H](Cc1ccc(O)cc1)C(=O)O)N[C@@H](CN[C@H](C(=O)O)C(C)O)C(N[C@@H](CCC(=O)O)C(=O)O)N[C@@H](CCC(=O)O)C(=O)O,CC(N[C@@H](Cc1ccccc1)C(NCC(N[C@@H](CC(N)=O)C(=O)O)N[C@@H](CC(N)=O)C(=O)O)NCC(N[C@@H](CCCCN)C(=O)O)N[C@@H](Cc1ccccc1)C(=O)O)[C@H](N)C(N[C@@H](Cc1ccc(NCC(=O)O)cc1)C(N[C@@H](CCCCN)C(=O)O)N[C@@H](CCCNC(=N)N)C(=O)O)N[C@@H](Cc1ccccc1)C(N[C@@H](CCCNC(=N)N)C(O)N[C@@H](Cc1ccc(O)cc1)C(=O)O)N[C@@H](CN[C@H](C(=O)O)C(C)O)C(N[C@@H](CCC(=O)O)C(=O)O)N[C@@H](CCC(=O)O)C(=O)O,QQUCKMBXQZKKRO-FORBVBQUSA-N,BBB+,1,2317.6359999999995,-7.237159999999941,1050.17,45,41,94,5,164,5,experimental_classification,p
BBBP_00735,735,CCC(C)[C@H](NC(N[C@@H](Cc1ccccc1)C(N[C@@H](CCCCN)C(=O)O)N[C@@H](CCC(N)=O)C(=O)O)[C@H](CNCC(N[C@@H](CCCNC(=N)N)C(N[C@@H](CCCNC(=N)N)C(=O)O)N[C@@H](CCC(N)=O)C(=O)O)N[C@@H](CN[C@@H](CCCNC(=N)N)C(=O)O)C(N[C@@H](CCCCN)C(=O)O)N[C@@H](Cc1ccc(O)cc1)C(=O)O)NC(N[C@@H](CC(N[C@@H](C(C)N[C@@H](CCSC)C(=O)O)C(N[C@@H](C)C(=O)O)N[C@H](C(=O)O)C(C)C)N[C@@H](CC(N[C@@H](CCCCN)C(=O)O)N[C@@H](CCCCN)C(=O)O)C(N[C@@H](Cc1ccc(O)cc1)C(=O)O)N[C@@H](CC(C)C)C(=O)O)C(N[C@@H](Cc1ccc(N[C@@H](CC(C)C)C(=O)O)cc1)C(NCC(=O)O)N[C@@H](CCCCN)C(=O)O)N[C@@H](CN[C@@H](C)C(=O)O)C(N[C@@H](C)C(=O)O)N[C@H](C(=O)O)C(C)C)[C@@H](N)Cc1cnc[nH]1)C(N[C@@H](CCCNC(=N)N)C(O)N[C@@H](CCCCN)C(=O)O)N[C@@H](Cc1ccc(N[C@H](C(=O)O)C(C)C)cc1)C(N[C@@H](CCCCN)C(=O)O)N[C@@H](CC(N)=O)C(=O)O,CCC(C)[C@H](NC(N[C@@H](Cc1ccccc1)C(N[C@@H](CCCCN)C(=O)O)N[C@@H](CCC(N)=O)C(=O)O)[C@H](CNCC(N[C@@H](CCCNC(=N)N)C(N[C@@H](CCCNC(=N)N)C(=O)O)N[C@@H](CCC(N)=O)C(=O)O)N[C@@H](CN[C@@H](CCCNC(=N)N)C(=O)O)C(N[C@@H](CCCCN)C(=O)O)N[C@@H](Cc1ccc(O)cc1)C(=O)O)NC(N[C@@H](CC(N[C@@H](C(C)N[C@@H](CCSC)C(=O)O)C(N[C@@H](C)C(=O)O)N[C@H](C(=O)O)C(C)C)N[C@@H](CC(N[C@@H](CCCCN)C(=O)O)N[C@@H](CCCCN)C(=O)O)C(N[C@@H](Cc1ccc(O)cc1)C(=O)O)N[C@@H](CC(C)C)C(=O)O)C(N[C@@H](Cc1ccc(N[C@@H](CC(C)C)C(=O)O)cc1)C(NCC(=O)O)N[C@@H](CCCCN)C(=O)O)N[C@@H](CN[C@@H](C)C(=O)O)C(N[C@@H](C)C(=O)O)N[C@H](C(=O)O)C(C)C)[C@@H](N)Cc1cnc[nH]1)C(N[C@@H](CCCNC(=N)N)C(O)N[C@@H](CCCCN)C(=O)O)N[C@@H](Cc1ccc(N[C@H](C(=O)O)C(C)C)cc1)C(N[C@@H](CCCCN)C(=O)O)N[C@@H](CC(N)=O)C(=O)O,SNATYNOZYVHYDC-MJVYNRTQSA-N,BBB+,1,4567.575999999984,-10.044420000000327,2014.709999999999,88,81,196,6,320,6,experimental_classification,p
BBBP_00736,736,CC(C)C[C@H](NC(N)CC[C@H](NC(N[C@@H](CCCNC(=N)N)C(O)N[C@@H](CCCNC(=N)N)C(=O)O)[C@H](Cc1ccccc1)NC[C@H](NC(CN)N[C@@H](CN1CCC[C@H]1C(N[C@@H](CO)C(=O)O)N[C@@H](CCC(=O)O)C(=O)O)C(N[C@@H](Cc1cnc[nH]1)C(N[C@@H](C)C(=O)O)N[C@@H](CCCCN)C(=O)O)N[C@@H](CCC(N[C@@H](CCCCN)C(=O)O)N[C@@H](CCCCN)C(=O)O)C(N1CCC[C@H]1C(=O)O)N1CCC[C@H]1C(=O)O)C(N[C@@H](CN[C@@H](CCC(N)=O)C(=O)O)C(N[C@@H](CCCCN)C(=O)O)N[C@@H](CCCNC(=N)N)C(=O)O)N[C@@H](CC(C)C)C(N[C@@H](CCC(N)=O)C(=O)O)N[C@H](C(=O)O)C(C)C)C(N[C@@H](CCC(N)=O)C(=O)O)N1CCC[C@H]1C(=O)O)C(=O)O,CC(C)C[C@H](NC(N)CC[C@H](NC(N[C@@H](CCCNC(=N)N)C(O)N[C@@H](CCCNC(=N)N)C(=O)O)[C@H](Cc1ccccc1)NC[C@H](NC(CN)N[C@@H](CN1CCC[C@H]1C(N[C@@H](CO)C(=O)O)N[C@@H](CCC(=O)O)C(=O)O)C(N[C@@H](Cc1cnc[nH]1)C(N[C@@H](C)C(=O)O)N[C@@H](CCCCN)C(=O)O)N[C@@H](CCC(N[C@@H](CCCCN)C(=O)O)N[C@@H](CCCCN)C(=O)O)C(N1CCC[C@H]1C(=O)O)N1CCC[C@H]1C(=O)O)C(N[C@@H](CN[C@@H](CCC(N)=O)C(=O)O)C(N[C@@H](CCCCN)C(=O)O)N[C@@H](CCCNC(=N)N)C(=O)O)N[C@@H](CC(C)C)C(N[C@@H](CCC(N)=O)C(=O)O)N[C@H](C(=O)O)C(C)C)C(N[C@@H](CCC(N)=O)C(=O)O)N1CCC[C@H]1C(=O)O)C(=O)O,GPWQLUOJGQEXPI-UEDMIIAWSA-N,BBB+,1,3270.9269999999924,-12.033790000000156,1501.2799999999995,62,60,137,2,229,6,experimental_classification,p
BBBP_00737,737,CCC(C)[C@H](NC(N[C@@H](CCC(N)N[C@@H](CCSC)C(N[C@@H](CCC(=O)O)C(=O)O)N[C@@H](CC(N)=O)C(=O)O)C(N[C@@H](CN[C@@H](CC(=O)O)C(=O)O)C(N[C@@H](CC(C)C)C(=O)O)N[C@@H](CC(C)C)C(=O)O)N1CCC[C@H]1C(N[C@@H](CCCNC(=N)N)C(=O)O)N[C@@H](CC(C)C)C(=O)O)[C@@H](N)Cc1ccc(N[C@@H](CCC(N)N[C@@H](CC(C)C)C(N[C@H](C(=O)O)C(C)C)N[C@H](C(=O)O)C(C)CC)C(N[C@@H](C(C)N[C@@H](CCC(N)=O)C(=O)O)C(N[C@@H](CO)C(=O)O)N[C@H](C(=O)O)C(C)CC)N[C@@H](CN[C@@H](CC(N)=O)C(=O)O)C(N[C@@H](CC(=O)O)C(=O)O)N[C@@H](CC(C)C)C(=O)O)cc1)C(N[C@@H](CC(N)N[C@@H](CC(C)C)C(=O)O)C(=O)O)N[C@@H](CCCNC(=N)N)C(N[C@@H](Cc1cnc[nH]1)C(=O)O)N[C@H](C(=O)O)C(C)C,CCC(C)[C@H](NC(N[C@@H](CCC(N)N[C@@H](CCSC)C(N[C@@H](CCC(=O)O)C(=O)O)N[C@@H](CC(N)=O)C(=O)O)C(N[C@@H](CN[C@@H](CC(=O)O)C(=O)O)C(N[C@@H](CC(C)C)C(=O)O)N[C@@H](CC(C)C)C(=O)O)N1CCC[C@H]1C(N[C@@H](CCCNC(=N)N)C(=O)O)N[C@@H](CC(C)C)C(=O)O)[C@@H](N)Cc1ccc(N[C@@H](CCC(N)N[C@@H](CC(C)C)C(N[C@H](C(=O)O)C(C)C)N[C@H](C(=O)O)C(C)CC)C(N[C@@H](C(C)N[C@@H](CCC(N)=O)C(=O)O)C(N[C@@H](CO)C(=O)O)N[C@H](C(=O)O)C(C)CC)N[C@@H](CN[C@@H](CC(N)=O)C(=O)O)C(N[C@@H](CC(=O)O)C(=O)O)N[C@@H](CC(C)C)C(=O)O)cc1)C(N[C@@H](CC(N)N[C@@H](CC(C)C)C(=O)O)C(=O)O)N[C@@H](CCCNC(=N)N)C(N[C@@H](Cc1cnc[nH]1)C(=O)O)N[C@H](C(=O)O)C(C)C,FLBGQYNHFRHXTG-KXTUWZQTSA-N,BBB+,1,3552.292999999986,-7.14426000000016,1566.7399999999996,65,63,148,2,247,3,experimental_classification,p
BBBP_00738,738,CC(C)C[C@H](NC([C@H](CCCNC(=N)N)NC(N[C@@H](C(C)C)C(N[C@@H](CCCNC(=N)N)C(=O)O)N[C@H](C(=O)O)C(C)C)[C@@H]1CCCN1C(N[C@@H](CCCNC(=N)N)C(N1CCC[C@H]1C(N[C@@H](CC(C)C)C(N1CCC[C@H]1C(=O)O)N1CCC[C@H]1C(=O)O)N1CCC[C@H]1C(=O)O)N1CCC[C@H]1C(N1CCC[C@H]1C(=O)O)N1CCC[C@H]1C(=O)O)[C@@H](N)C(C)C)N1CCC[C@H]1C(=O)O)C(=O)O,CC(C)C[C@H](NC([C@H](CCCNC(=N)N)NC(N[C@@H](C(C)C)C(N[C@@H](CCCNC(=N)N)C(=O)O)N[C@H](C(=O)O)C(C)C)[C@@H]1CCCN1C(N[C@@H](CCCNC(=N)N)C(N1CCC[C@H]1C(N[C@@H](CC(C)C)C(N1CCC[C@H]1C(=O)O)N1CCC[C@H]1C(=O)O)N1CCC[C@H]1C(=O)O)N1CCC[C@H]1C(N1CCC[C@H]1C(=O)O)N1CCC[C@H]1C(=O)O)[C@@H](N)C(C)C)N1CCC[C@H]1C(=O)O)C(=O)O,IGCXETMTOGFIBV-IOELPPCNSA-N,BBB+,1,1900.4820000000009,0.42091000000004664,660.7900000000002,26,29,59,0,134,9,experimental_classification,p
BBBP_00739,739,CCC(C)[C@H](NC(N[C@@H](CO)C(=O)O)[C@H](CC(N)N[C@@H](CC(N)=O)C(=O)O)NC(N[C@@H](Cc1ccc(N[C@@H](CC(C)C)C(=O)O)cc1)C(O)N[C@@H](CC(N)=O)C(=O)O)[C@H](CC(N[C@@H](C(C)N[C@@H](CCSC)C(=O)O)C(N[C@@H](C)C(=O)O)N[C@H](C(=O)O)C(C)C)N[C@@H](CC(N[C@@H](CCCCN)C(=O)O)N[C@@H](CCCCN)C(=O)O)C(N[C@@H](Cc1ccc(O)cc1)C(=O)O)N[C@@H](CC(C)C)C(=O)O)NC(N[C@@H](CN[C@@H](C)C(N[C@@H](CCCNC(=N)N)C(=O)O)N[C@H](C(=O)O)C(C)O)C(N[C@@H](C(C)C)C(N[C@@H](CCCNC(=N)N)C(=O)O)N[C@@H](CC(C)C)C(=O)O)N[C@@H](Cc1ccccc1)C(N[C@@H](CCCCN)C(=O)O)N[C@@H](CCC(N)=O)C(=O)O)[C@@H](N)Cc1cnc[nH]1)C(=O)O,CCC(C)[C@H](NC(N[C@@H](CO)C(=O)O)[C@H](CC(N)N[C@@H](CC(N)=O)C(=O)O)NC(N[C@@H](Cc1ccc(N[C@@H](CC(C)C)C(=O)O)cc1)C(O)N[C@@H](CC(N)=O)C(=O)O)[C@H](CC(N[C@@H](C(C)N[C@@H](CCSC)C(=O)O)C(N[C@@H](C)C(=O)O)N[C@H](C(=O)O)C(C)C)N[C@@H](CC(N[C@@H](CCCCN)C(=O)O)N[C@@H](CCCCN)C(=O)O)C(N[C@@H](Cc1ccc(O)cc1)C(=O)O)N[C@@H](CC(C)C)C(=O)O)NC(N[C@@H](CN[C@@H](C)C(N[C@@H](CCCNC(=N)N)C(=O)O)N[C@H](C(=O)O)C(C)O)C(N[C@@H](C(C)C)C(N[C@@H](CCCNC(=N)N)C(=O)O)N[C@@H](CC(C)C)C(=O)O)N[C@@H](Cc1ccccc1)C(N[C@@H](CCCCN)C(=O)O)N[C@@H](CCC(N)=O)C(=O)O)[C@@H](N)Cc1cnc[nH]1)C(=O)O,DVHOSEJPOWHRTC-PTGAIJQZSA-N,BBB+,1,3353.04599999999,-8.728960000000134,1488.9799999999993,64,61,140,4,234,4,experimental_classification,p
BBBP_00740,740,CCC(C)[C@H](NC(CC[C@H](NC(N[C@@H](Cc1ccc(N[C@@H](CC(N)=O)C(=O)O)cc1)C(NCC(=O)O)N[C@@H](CCCCN)C(=O)O)[C@H](CCC(NCC(NCC(=O)O)N[C@@H](CO)C(=O)O)N[C@@H](CN[C@@H](CCC(=O)O)C(=O)O)C(N[C@@H](CC(=O)O)C(=O)O)N[C@H](C(=O)O)C(C)C)NC(C[C@H](N)C(N[C@@H](Cc1ccccc1)C(N[C@@H](C(C)C)C(N[C@@H](CCSC)C(=O)O)N[C@@H](CC(C)C)C(=O)O)N[C@@H](Cc1cnc[nH]1)C(NCC(=O)O)N[C@H](C(=O)O)C(C)C)N[C@@H](CCCNC(=N)N)C(N[C@@H](CCC(N)N[C@H](C(=O)O)C(C)C)C(=O)O)N[C@@H](Cc1cnc[nH]1)C(NCC(=O)O)N[C@H](C(=O)O)C(C)C)N[C@@H](C)C(N[C@@H](CC(N[C@@H](Cc1ccccc1)C(=O)O)N[C@H](C(=O)O)C(C)C)C(N[C@@H](C)C(=O)O)N[C@@H](Cc1ccccc1)C(=O)O)N[C@@H](Cc1cnc[nH]1)C(N[C@@H](CCCCN)C(=O)O)N[C@@H](CC(C)C)C(=O)O)C(NCC(=O)O)N[C@H](C(=O)O)C(C)CC)N[C@@H](C)C(=O)O)C(=O)O,CCC(C)[C@H](NC(CC[C@H](NC(N[C@@H](Cc1ccc(N[C@@H](CC(N)=O)C(=O)O)cc1)C(NCC(=O)O)N[C@@H](CCCCN)C(=O)O)[C@H](CCC(NCC(NCC(=O)O)N[C@@H](CO)C(=O)O)N[C@@H](CN[C@@H](CCC(=O)O)C(=O)O)C(N[C@@H](CC(=O)O)C(=O)O)N[C@H](C(=O)O)C(C)C)NC(C[C@H](N)C(N[C@@H](Cc1ccccc1)C(N[C@@H](C(C)C)C(N[C@@H](CCSC)C(=O)O)N[C@@H](CC(C)C)C(=O)O)N[C@@H](Cc1cnc[nH]1)C(NCC(=O)O)N[C@H](C(=O)O)C(C)C)N[C@@H](CCCNC(=N)N)C(N[C@@H](CCC(N)N[C@H](C(=O)O)C(C)C)C(=O)O)N[C@@H](Cc1cnc[nH]1)C(NCC(=O)O)N[C@H](C(=O)O)C(C)C)N[C@@H](C)C(N[C@@H](CC(N[C@@H](Cc1ccccc1)C(=O)O)N[C@H](C(=O)O)C(C)C)C(N[C@@H](C)C(=O)O)N[C@@H](Cc1ccccc1)C(=O)O)N[C@@H](Cc1cnc[nH]1)C(N[C@@H](CCCCN)C(=O)O)N[C@@H](CC(C)C)C(=O)O)C(NCC(=O)O)N[C@H](C(=O)O)C(C)CC)N[C@@H](C)C(=O)O)C(=O)O,VDVLSLGMWVPOKM-BWMJBNEYSA-N,BBB+,1,4368.177999999981,-7.700930000000309,1828.909999999999,79,78,183,7,306,7,experimental_classification,p
BBBP_00741,741,NC(=O)C[C@H](NC(N[C@@H](CCC(O)N[C@@H](CS)C(=O)O)C(=O)O)[C@@H](N)Cc1ccc(N2CCC[C@H]2C(NCC(=O)O)N[C@@H](Cc2ccccc2)C(=O)O)cc1)C(=O)O,NC(=O)C[C@H](NC(N[C@@H](CCC(O)N[C@@H](CS)C(=O)O)C(=O)O)[C@@H](N)Cc1ccc(N2CCC[C@H]2C(NCC(=O)O)N[C@@H](Cc2ccccc2)C(=O)O)cc1)C(=O)O,TWBFJDXVHNIEKG-VWSQAFABSA-N,BBB+,1,834.9500000000004,-1.8306999999999984,339.23,14,15,28,2,58,3,experimental_classification,p
BBBP_00742,742,CSCC[C@H](NC(N[C@@H](CCC(=O)O)C(=O)O)[C@H](C)Nc1ccc(C[C@H](N)C(NCC(NCC(=O)O)N[C@@H](Cc2ccccc2)C(=O)O)N[C@@H](CC(N)N[C@@H](Cc2cnc[nH]2)C(=O)O)C(=O)O)cc1)C(=O)O,CSCC[C@H](NC(N[C@@H](CCC(=O)O)C(=O)O)[C@H](C)Nc1ccc(C[C@H](N)C(NCC(NCC(=O)O)N[C@@H](Cc2ccccc2)C(=O)O)N[C@@H](CC(N)N[C@@H](Cc2cnc[nH]2)C(=O)O)C(=O)O)cc1)C(=O)O,MCQOVSMUTQVEHO-HHSSRYNRSA-N,BBB+,1,1033.176,-1.6858000000000122,438.05999999999995,18,19,39,3,72,3,experimental_classification,p
BBBP_00743,743,CCC(C)[C@H](NC(NCC(=O)O)[C@H](CCCNC(=N)N)NC(NCC(NCC(=O)O)NCC(=O)O)[C@H](Cc1ccccc1)NC(NCC(NCC(NCC(=O)O)N[C@@H](Cc1ccccc1)C(=O)O)N[C@@H](CC(C)C)C(N[C@@H](CCCNC(=N)N)C(=O)O)N[C@@H](CCCNC(=N)N)C(NCC(=O)O)N[C@@H](CS)C(=O)O)[C@@H](N)CS)C(=O)O,CCC(C)[C@H](NC(NCC(=O)O)[C@H](CCCNC(=N)N)NC(NCC(NCC(=O)O)NCC(=O)O)[C@H](Cc1ccccc1)NC(NCC(NCC(NCC(=O)O)N[C@@H](Cc1ccccc1)C(=O)O)N[C@@H](CC(C)C)C(N[C@@H](CCCNC(=N)N)C(=O)O)N[C@@H](CCCNC(=N)N)C(NCC(=O)O)N[C@@H](CS)C(=O)O)[C@@H](N)CS)C(=O)O,BKWWUIGPGGOLLC-LCWCTQESSA-N,BBB+,1,1686.0920000000015,-6.7066899999999645,739.8999999999999,37,31,71,2,116,2,experimental_classification,p
BBBP_00744,744,CCC(C)[C@H](NC(NCC(=O)O)[C@H](CCCNC(=N)N)NC(N[C@H](C(N[C@@H](CO)C(=O)O)N[C@H](C(=O)O)C(C)C)C(C)N1CCC[C@H]1C(=O)O)[C@@H](N)CS)C(O)N[C@@H](CS)C(=O)O,CCC(C)[C@H](NC(NCC(=O)O)[C@H](CCCNC(=N)N)NC(N[C@H](C(N[C@@H](CO)C(=O)O)N[C@H](C(=O)O)C(C)C)C(C)N1CCC[C@H]1C(=O)O)[C@@H](N)CS)C(O)N[C@@H](CS)C(=O)O,VIMLXTCXNYJKKX-RQXWAWDXSA-N,BBB+,1,943.2049999999998,-3.9576300000000124,402.33,20,19,35,0,63,1,experimental_classification,p
BBBP_00745,745,CCC(C)[C@H](NC(N[C@@H](CCCCN)C(=O)O)[C@H](CCSC)NC(N[C@@H](C(C)C)C(O)N[C@@H](CC(C)C)C(=O)O)[C@@H](N)Cc1ccc(N[C@@H](CN[C@@H](Cc2ccccc2)C(=O)O)C(NCC(=O)O)N[C@H](C(=O)O)C(C)C)cc1)C(=O)O,CCC(C)[C@H](NC(N[C@@H](CCCCN)C(=O)O)[C@H](CCSC)NC(N[C@@H](C(C)C)C(O)N[C@@H](CC(C)C)C(=O)O)[C@@H](N)Cc1ccc(N[C@@H](CN[C@@H](Cc2ccccc2)C(=O)O)C(NCC(=O)O)N[C@H](C(=O)O)C(C)C)cc1)C(=O)O,MTIWQBDCCOWDHZ-CFODMKTISA-N,BBB+,1,1164.5229999999995,1.9671999999999938,404.34,18,19,46,2,81,2,experimental_classification,p
BBBP_00746,746,CCC(C)[C@H](NC(NCC(N[C@@H](CO)C(=O)O)N[C@@H](CC(N)N[C@@H](Cc1c[nH]c2ccccc12)C(=O)O)C(=O)O)[C@@H]1CCCN1)C(N[C@@H](CN[C@@H](CCC(=O)O)C(=O)O)C(N[C@@H](CCCCN)C(=O)O)N[C@H](C(=O)O)C(C)O)N[C@@H](CCC(N[C@@H](CCSC)C(=O)O)N[C@H](C(=O)O)C(C)O)C(N[C@@H](CC(C)C)C(=O)O)N1CCC[C@H]1C(=O)O,CCC(C)[C@H](NC(NCC(N[C@@H](CO)C(=O)O)N[C@@H](CC(N)N[C@@H](Cc1c[nH]c2ccccc12)C(=O)O)C(=O)O)[C@@H]1CCCN1)C(N[C@@H](CN[C@@H](CCC(=O)O)C(=O)O)C(N[C@@H](CCCCN)C(=O)O)N[C@H](C(=O)O)C(C)O)N[C@@H](CCC(N[C@@H](CCSC)C(=O)O)N[C@H](C(=O)O)C(C)O)C(N[C@@H](CC(C)C)C(=O)O)N1CCC[C@H]1C(=O)O,KXOXRVBYWAWEGD-ULJFLRKFSA-N,BBB+,1,1704.0220000000002,-4.134499999999982,710.4800000000001,31,32,67,2,118,4,experimental_classification,p
BBBP_00747,747,CC(C)[C@H](NC(N[C@@H](C)C(=O)O)[C@H](C)Nc1ccc(C[C@H](N)C(N[C@@H](CCC(N)=O)C(=O)O)N[C@@H](Cc2ccccc2)C(O)NCC(=O)O)cc1)C(=O)O,CC(C)[C@H](NC(N[C@@H](C)C(=O)O)[C@H](C)Nc1ccc(C[C@H](N)C(N[C@@H](CCC(N)=O)C(=O)O)N[C@@H](Cc2ccccc2)C(O)NCC(=O)O)cc1)C(=O)O,XCXJKVXCHHRPJT-HIUVQWFNSA-N,BBB+,1,760.8900000000004,-0.7276999999999978,310.71999999999997,13,13,27,2,54,2,experimental_classification,p
BBBP_00748,748,CCC(C)[C@H](NC(N[C@@H](CCCCN)C(=O)O)[C@H](CN[C@H](C(=O)O)C(C)O)Nc1ccc(C[C@H](NC(C[C@H](N)C(N[C@@H](CS)C(N[C@@H](CO)C(=O)O)N[C@@H](Cc2ccc(N[C@@H](CS)C(=O)O)cc2)C(O)N[C@@H](CCCCN)C(=O)O)N[C@@H](CC(N)N[C@@H](CCC(N)N[C@@H](Cc2ccc(O)cc2)C(=O)O)C(NCC(=O)O)N[C@@H](CCCNC(=N)N)C(=O)O)C(N[C@@H](CS)C(N[C@@H](C)C(=O)O)N[C@@H](CCCCN)C(=O)O)N[C@@H](CC(C)C)C(N[C@@H](CS)C(=O)O)N[C@@H](CCCCN)C(=O)O)N[C@@H](Cc2cnc[nH]2)C(N[C@@H](C(C)C)C(N[C@@H](C)C(=O)O)N[C@@H](CS)C(=O)O)N[C@@H](CN2CCC[C@H]2C(=O)O)C(N[C@@H](Cc2ccccc2)C(=O)O)N[C@H](C(=O)O)C(C)CC)C(NCC(NCC(=O)O)N[C@@H](CCC(N)=O)C(=O)O)NCC(N[C@@H](CS)C(=O)O)N[C@H](C(=O)O)C(C)O)cc1)C(=O)O,CCC(C)[C@H](NC(N[C@@H](CCCCN)C(=O)O)[C@H](CN[C@H](C(=O)O)C(C)O)Nc1ccc(C[C@H](NC(C[C@H](N)C(N[C@@H](CS)C(N[C@@H](CO)C(=O)O)N[C@@H](Cc2ccc(N[C@@H](CS)C(=O)O)cc2)C(O)N[C@@H](CCCCN)C(=O)O)N[C@@H](CC(N)N[C@@H](CCC(N)N[C@@H](Cc2ccc(O)cc2)C(=O)O)C(NCC(=O)O)N[C@@H](CCCNC(=N)N)C(=O)O)C(N[C@@H](CS)C(N[C@@H](C)C(=O)O)N[C@@H](CCCCN)C(=O)O)N[C@@H](CC(C)C)C(N[C@@H](CS)C(=O)O)N[C@@H](CCCCN)C(=O)O)N[C@@H](Cc2cnc[nH]2)C(N[C@@H](C(C)C)C(N[C@@H](C)C(=O)O)N[C@@H](CS)C(=O)O)N[C@@H](CN2CCC[C@H]2C(=O)O)C(N[C@@H](Cc2ccccc2)C(=O)O)N[C@H](C(=O)O)C(C)CC)C(NCC(NCC(=O)O)N[C@@H](CCC(N)=O)C(=O)O)NCC(N[C@@H](CS)C(=O)O)N[C@H](C(=O)O)C(C)O)cc1)C(=O)O,DPXMSRBNEIRGMC-HEQGPJRRSA-N,BBB+,1,3968.8929999999837,-11.744130000000206,1649.8199999999993,79,78,163,5,271,6,experimental_classification,p
BBBP_00749,749,CC(C)C[C@H](N)C(NCC(N[C@@H](CO)C(=O)O)N[C@H](C(=O)O)C(C)C)N[C@@H](CO)C(=O)O,CC(C)C[C@H](N)C(NCC(N[C@@H](CO)C(=O)O)N[C@H](C(=O)O)C(C)C)N[C@@H](CO)C(=O)O,GANQGBKBWOGQLD-HEFQVPHXSA-N,BBB+,1,465.5480000000002,-2.629399999999992,226.49999999999997,10,10,18,0,32,0,experimental_classification,p
BBBP_00750,750,CCC(C)[C@H](N)C(N[C@@H](CCCCN)C(N[C@@H](C)C(N[C@@H](CCC(=O)O)C(=O)O)N1CCC[C@H]1C(=O)O)N[C@@H](CCC(N[C@@H](CCC(N[C@@H](CCCNC(=N)N)C(=O)O)N[C@@H](Cc1cnc[nH]1)C(=O)O)C(N[C@@H](Cc1ccc(O)cc1)C(=O)O)N[C@@H](CC(C)C)C(=O)O)N[C@@H](CC(N[C@@H](CC(N)=O)C(=O)O)N[C@@H](CC(C)C)C(=O)O)C(N[C@H](C(=O)O)C(C)C)N[C@H](C(=O)O)C(C)O)C(N[C@@H](C)C(N[C@@H](CCCNC(=N)N)C(=O)O)N[C@@H](CCC(N)=O)C(=O)O)N[C@@H](CN[C@@H](CCCNC(=N)N)C(=O)O)C(O)N[C@@H](Cc1ccc(O)cc1)C(=O)O)N1CCC[C@H]1C(NCC(N[C@@H](CO)C(=O)O)N[C@@H](CC(C)C)C(=O)O)N1CCC[C@H]1C(N[C@@H](C)C(=O)O)N[C@@H](CCC(=O)O)C(=O)O,CCC(C)[C@H](N)C(N[C@@H](CCCCN)C(N[C@@H](C)C(N[C@@H](CCC(=O)O)C(=O)O)N1CCC[C@H]1C(=O)O)N[C@@H](CCC(N[C@@H](CCC(N[C@@H](CCCNC(=N)N)C(=O)O)N[C@@H](Cc1cnc[nH]1)C(=O)O)C(N[C@@H](Cc1ccc(O)cc1)C(=O)O)N[C@@H](CC(C)C)C(=O)O)N[C@@H](CC(N[C@@H](CC(N)=O)C(=O)O)N[C@@H](CC(C)C)C(=O)O)C(N[C@H](C(=O)O)C(C)C)N[C@H](C(=O)O)C(C)O)C(N[C@@H](C)C(N[C@@H](CCCNC(=N)N)C(=O)O)N[C@@H](CCC(N)=O)C(=O)O)N[C@@H](CN[C@@H](CCCNC(=N)N)C(=O)O)C(O)N[C@@H](Cc1ccc(O)cc1)C(=O)O)N1CCC[C@H]1C(NCC(N[C@@H](CO)C(=O)O)N[C@@H](CC(C)C)C(=O)O)N1CCC[C@H]1C(N[C@@H](C)C(=O)O)N[C@@H](CCC(=O)O)C(=O)O,SSQMIHJDTCFTGN-UWOYHALCSA-N,BBB+,1,3368.9319999999884,-9.750790000000144,1510.2199999999998,64,61,135,3,236,6,experimental_classification,p
BBBP_00751,751,CC(C)[C@H](NC(N[C@H](C(=O)O)C(C)C)[C@H](Cc1ccc(N[C@@H](CCC(=O)O)C(=O)O)cc1)NC([C@H](C)N)N1CCC[C@H]1C(N[C@@H](Cc1ccccc1)C(=O)O)N[C@@H](C)C(O)NCC(=O)O)C(=O)O,CC(C)[C@H](NC(N[C@H](C(=O)O)C(C)C)[C@H](Cc1ccc(N[C@@H](CCC(=O)O)C(=O)O)cc1)NC([C@H](C)N)N1CCC[C@H]1C(N[C@@H](Cc1ccccc1)C(=O)O)N[C@@H](C)C(O)NCC(=O)O)C(=O)O,CBYMBPQOFHOGEB-HPEJWZIESA-N,BBB+,1,960.1399999999999,0.3609000000000015,357.5,15,16,33,2,68,3,experimental_classification,p
BBBP_00752,752,CCC(C)[C@H](NC(N[C@@H](CCCCN)C(N[C@@H](C)C(=O)O)N[C@@H](CC(C)C)C(=O)O)[C@H](Cc1ccc(NCC(N[C@@H](C)C(=O)O)N[C@@H](CC(C)C)C(=O)O)cc1)NC(NCC(N[C@@H](CC(C)C)C(N[C@@H](CC(C)C)C(=O)O)N[C@@H](CC(N)N[C@@H](CCCCN)C(=O)O)C(N[C@@H](CC(C)C)C(=O)O)N[C@H](C(=O)O)C(C)CC)N[C@@H](CC(C)C)C(N[C@@H](CCCCN)C(=O)O)N1CCC[C@H]1C(=O)O)[C@H](C)N)C(N[C@@H](C)C(=O)O)N[C@@H](CCCCN)C(=O)O,CCC(C)[C@H](NC(N[C@@H](CCCCN)C(N[C@@H](C)C(=O)O)N[C@@H](CC(C)C)C(=O)O)[C@H](Cc1ccc(NCC(N[C@@H](C)C(=O)O)N[C@@H](CC(C)C)C(=O)O)cc1)NC(NCC(N[C@@H](CC(C)C)C(N[C@@H](CC(C)C)C(=O)O)N[C@@H](CC(N)N[C@@H](CCCCN)C(=O)O)C(N[C@@H](CC(C)C)C(=O)O)N[C@H](C(=O)O)C(C)CC)N[C@@H](CC(C)C)C(N[C@@H](CCCCN)C(=O)O)N1CCC[C@H]1C(=O)O)[C@H](C)N)C(N[C@@H](C)C(=O)O)N[C@@H](CCCCN)C(=O)O,KSGBNGSDLNIRHS-CIVKZJNTSA-N,BBB+,1,2228.9719999999998,1.9011000000000882,835.53,37,38,96,1,156,2,experimental_classification,p
BBBP_00753,753,CC(C)[C@H](N)C(NCC(N[C@@H](Cc1ccccc1)C(=O)O)N[C@H](C(=O)O)C(C)O)N[C@@H](Cc1ccccc1)C(=O)O,CC(C)[C@H](N)C(NCC(N[C@@H](Cc1ccccc1)C(=O)O)N[C@H](C(=O)O)C(C)O)N[C@@H](Cc1ccccc1)C(=O)O,LFKBLNWQISASHP-VVPBZJBFSA-N,BBB+,1,573.6910000000003,0.20610000000000744,206.26999999999998,9,9,19,2,41,2,experimental_classification,p
BBBP_00754,754,C[C@H](NC(CNC(N[C@@H](Cc1cnc[nH]1)C(NCC(=O)O)N[C@@H](CCCCN)C(=O)O)[C@@H](N)CS)N[C@@H](CCCCN)C(N[C@@H](CCCNC(=N)N)C(=O)O)N1CCC[C@H]1C(=O)O)C(O)N[C@@H](CCCCN)C(=O)O,C[C@H](NC(CNC(N[C@@H](Cc1cnc[nH]1)C(NCC(=O)O)N[C@@H](CCCCN)C(=O)O)[C@@H](N)CS)N[C@@H](CCCCN)C(N[C@@H](CCCNC(=N)N)C(=O)O)N1CCC[C@H]1C(=O)O)C(O)N[C@@H](CCCCN)C(=O)O,JXZGHNRNRMVQBJ-UCXWSJBMSA-N,BBB+,1,1091.3969999999997,-4.681930000000004,500.87,23,22,46,1,75,2,experimental_classification,p
BBBP_00755,755,CSCC[C@H](N)C(NCC(NCC(N[C@@H](C(C)C)C(N[C@@H](CO)C(=O)O)N[C@@H](Cc1c[nH]c2ccccc12)C(=O)O)N[C@@H](CC(C)C)C(NCC(=O)O)N[C@@H](C)C(=O)O)N[C@@H](CC(C)C)C(N[C@@H](C)C(N[C@@H](CCCCN)C(=O)O)N[C@@H](CCCCN)C(=O)O)N[C@@H](CC(C)C)C(N[C@@H](CCC(N)=O)C(=O)O)N1CCC[C@H]1C(=O)O)N[C@@H](CC(C)C)C(N[C@@H](CC(C)C)C(N[C@@H](CCC(N)=O)C(=O)O)N[C@@H](CC(C)C)C(=O)O)N[C@@H](Cc1cnc[nH]1)C(N[C@@H](C)C(N[C@@H](CCCCN)C(=O)O)N[C@@H](CCCNC(=N)N)C(=O)O)N[C@@H](C)C(N[C@@H](CCCCN)C(=O)O)N[C@H](C(=O)O)C(C)C,CSCC[C@H](N)C(NCC(NCC(N[C@@H](C(C)C)C(N[C@@H](CO)C(=O)O)N[C@@H](Cc1c[nH]c2ccccc12)C(=O)O)N[C@@H](CC(C)C)C(NCC(=O)O)N[C@@H](C)C(=O)O)N[C@@H](CC(C)C)C(N[C@@H](C)C(N[C@@H](CCCCN)C(=O)O)N[C@@H](CCCCN)C(=O)O)N[C@@H](CC(C)C)C(N[C@@H](CCC(N)=O)C(=O)O)N1CCC[C@H]1C(=O)O)N[C@@H](CC(C)C)C(N[C@@H](CC(C)C)C(N[C@@H](CCC(N)=O)C(=O)O)N[C@@H](CC(C)C)C(=O)O)N[C@@H](Cc1cnc[nH]1)C(N[C@@H](C)C(N[C@@H](CCCCN)C(=O)O)N[C@@H](CCCNC(=N)N)C(=O)O)N[C@@H](C)C(N[C@@H](CCCCN)C(=O)O)N[C@H](C(=O)O)C(C)C,YRHBWXOEUCCTNU-XJEOTODPSA-N,BBB+,1,2940.8229999999944,-2.5353300000000125,1169.0699999999997,52,51,126,3,205,4,experimental_classification,p
BBBP_00756,756,CC(C)C[C@H](NC([C@@H](NC([C@H](CC(C)C)NC(N[C@@H](CCCNC(=N)N)C(N1CCC[C@H]1C(N[C@@H](CC(C)C)C(N1CCC[C@H]1C(=O)O)N1CCC[C@H]1C(=O)O)N1CCC[C@H]1C(=O)O)N1CCC[C@H]1C(N1CCC[C@H]1C(=O)O)N1CCC[C@H]1C(=O)O)[C@@H](N)C(C)C)N1CCC[C@H]1C(N[C@@H](CCCNC(=N)N)C(=O)O)N[C@H](C(=O)O)C(C)C)C(C)C)N1CCC[C@H]1C(=O)O)C(=O)O,CC(C)C[C@H](NC([C@@H](NC([C@H](CC(C)C)NC(N[C@@H](CCCNC(=N)N)C(N1CCC[C@H]1C(N[C@@H](CC(C)C)C(N1CCC[C@H]1C(=O)O)N1CCC[C@H]1C(=O)O)N1CCC[C@H]1C(=O)O)N1CCC[C@H]1C(N1CCC[C@H]1C(=O)O)N1CCC[C@H]1C(=O)O)[C@@H](N)C(C)C)N1CCC[C@H]1C(N[C@@H](CCCNC(=N)N)C(=O)O)N[C@H](C(=O)O)C(C)C)C(C)C)N1CCC[C@H]1C(=O)O)C(=O)O,OUGHUJJFGKWADH-INPATOSWSA-N,BBB+,1,1857.4530000000002,2.2037400000000225,598.8900000000001,23,28,57,0,131,9,experimental_classification,p
BBBP_00757,757,CCC(C)[C@H](NC(N[C@@H](CO)C(=O)O)[C@H](CCC(N[C@@H](CCC(=O)O)C(=O)O)N[C@@H](CC(C)C)C(=O)O)NC(N[C@@H](Cc1ccc(N[C@@H](CC(C)C)C(=O)O)cc1)C(NCC(=O)O)N[C@@H](CO)C(=O)O)[C@H](CC(N[C@@H](C(C)N[C@@H](C)C(=O)O)C(N[C@@H](CCC(N)=O)C(=O)O)N[C@@H](CC(C)C)C(=O)O)N[C@@H](C)C(N[C@@H](CCCCN)C(=O)O)N[C@@H](Cc1ccc(O)cc1)C(=O)O)NC(N[C@@H](CN[C@@H](C)C(N[C@@H](CN[C@@H](CO)C(=O)O)C(N[C@@H](CO)C(=O)O)N[C@H](C(=O)O)C(C)O)N[C@@H](CCCCN)C(N[C@@H](CCCNC(=N)N)C(=O)O)N1CCC[C@H]1C(=O)O)C(N[C@@H](C(C)N[C@@H](CC(C)C)C(N1CCC[C@H]1C(=O)O)N1CCC[C@H]1C(=O)O)C(N[C@@H](C)C(=O)O)N[C@@H](CC(C)C)C(N[C@@H](CO)C(=O)O)N[C@@H](CO)C(=O)O)N[C@@H](Cc1ccccc1)C(N[C@@H](CCCCN)C(=O)O)N[C@@H](CC(C)C)C(=O)O)[C@@H](N)Cc1cnc[nH]1)C(=O)O,CCC(C)[C@H](NC(N[C@@H](CO)C(=O)O)[C@H](CCC(N[C@@H](CCC(=O)O)C(=O)O)N[C@@H](CC(C)C)C(=O)O)NC(N[C@@H](Cc1ccc(N[C@@H](CC(C)C)C(=O)O)cc1)C(NCC(=O)O)N[C@@H](CO)C(=O)O)[C@H](CC(N[C@@H](C(C)N[C@@H](C)C(=O)O)C(N[C@@H](CCC(N)=O)C(=O)O)N[C@@H](CC(C)C)C(=O)O)N[C@@H](C)C(N[C@@H](CCCCN)C(=O)O)N[C@@H](Cc1ccc(O)cc1)C(=O)O)NC(N[C@@H](CN[C@@H](C)C(N[C@@H](CN[C@@H](CO)C(=O)O)C(N[C@@H](CO)C(=O)O)N[C@H](C(=O)O)C(C)O)N[C@@H](CCCCN)C(N[C@@H](CCCNC(=N)N)C(=O)O)N1CCC[C@H]1C(=O)O)C(N[C@@H](C(C)N[C@@H](CC(C)C)C(N1CCC[C@H]1C(=O)O)N1CCC[C@H]1C(=O)O)C(N[C@@H](C)C(=O)O)N[C@@H](CC(C)C)C(N[C@@H](CO)C(=O)O)N[C@@H](CO)C(=O)O)N[C@@H](Cc1ccccc1)C(N[C@@H](CCCCN)C(=O)O)N[C@@H](CC(C)C)C(=O)O)[C@@H](N)Cc1cnc[nH]1)C(=O)O,OLDZPVXSRPVWKH-ZQIOWTOLSA-N,BBB+,1,4127.8829999999825,-11.148330000000234,1750.8299999999992,76,77,169,4,289,7,experimental_classification,p
BBBP_00758,758,CC(C)C[C@H](NC(CNc1ccc(C[C@H](N)C(NCC(O)N[C@@H](CS)C(=O)O)N[C@@H](Cc2ccccc2)C(=O)O)cc1)N[C@@H](CCCNC(=N)N)C(=O)O)C(=O)O,CC(C)C[C@H](NC(CNc1ccc(C[C@H](N)C(NCC(O)N[C@@H](CS)C(=O)O)N[C@@H](Cc2ccccc2)C(=O)O)cc1)N[C@@H](CCCNC(=N)N)C(=O)O)C(=O)O,GGVXBEXKGSXNSS-BOAWMRHMSA-N,BBB+,1,821.015,-0.8184299999999967,329.53000000000003,16,14,30,2,57,2,experimental_classification,p
BBBP_00759,759,C[C@H](NC(CNc1ccc(C[C@H](N)C(N[C@@H](CCCNC(=N)N)C(N[C@@H](CCCNC(=N)N)C(=O)O)N[C@@H](CCCNC(=N)N)C(=O)O)N[C@@H](CCCNC(=N)N)C(N[C@@H](CCCNC(=N)N)C(=O)O)N[C@@H](CCCNC(=N)N)C(=O)O)cc1)N[C@@H](CCCNC(=N)N)C(=O)O)C(O)N[C@@H](CCCNC(=N)N)C(=O)O,C[C@H](NC(CNc1ccc(C[C@H](N)C(N[C@@H](CCCNC(=N)N)C(N[C@@H](CCCNC(=N)N)C(=O)O)N[C@@H](CCCNC(=N)N)C(=O)O)N[C@@H](CCCNC(=N)N)C(N[C@@H](CCCNC(=N)N)C(=O)O)N[C@@H](CCCNC(=N)N)C(=O)O)cc1)N[C@@H](CCCNC(=N)N)C(=O)O)C(O)N[C@@H](CCCNC(=N)N)C(=O)O,VFFFACWGPJEQIV-GTHHUEBQSA-N,BBB+,1,1568.9140000000011,-9.151439999999916,885.55,42,26,65,1,110,1,experimental_classification,p
BBBP_00760,760,CCC(C)[C@H](NC(CC[C@H](NC(N[C@@H](Cc1ccc(N[C@@H](CCCNC(=N)N)C(=O)O)cc1)C(N[C@@H](Cc1c[nH]c2ccccc12)C(=O)O)N1CCC[C@H]1C(=O)O)[C@H](Cc1ccc(N[C@@H](CC(C)C)C(N[C@@H](CCCNC(=N)N)C(=O)O)N2CCC[C@H]2C(=O)O)cc1)NC(N[C@@H](CCCNC(=N)N)C(N[C@@H](CCCCN)C(=O)O)N[C@@H](CC(N)=O)C(=O)O)[C@@H]1CCCN1)C(=O)O)N[C@@H](CC(C)C)C(=O)O)C(=O)O,CCC(C)[C@H](NC(CC[C@H](NC(N[C@@H](Cc1ccc(N[C@@H](CCCNC(=N)N)C(=O)O)cc1)C(N[C@@H](Cc1c[nH]c2ccccc12)C(=O)O)N1CCC[C@H]1C(=O)O)[C@H](Cc1ccc(N[C@@H](CC(C)C)C(N[C@@H](CCCNC(=N)N)C(=O)O)N2CCC[C@H]2C(=O)O)cc1)NC(N[C@@H](CCCNC(=N)N)C(N[C@@H](CCCCN)C(=O)O)N[C@@H](CC(N)=O)C(=O)O)[C@@H]1CCCN1)C(=O)O)N[C@@H](CC(C)C)C(=O)O)C(=O)O,LFOICMSZUSNCMG-GELFIJTPSA-N,BBB+,1,2013.469000000002,0.534910000000043,806.4700000000001,35,30,74,4,143,7,experimental_classification,p
BBBP_00761,761,N=C(N)NCCC[C@H](NC([C@H](Cc1cnc[nH]1)NC([C@@H](N)CS)N1CCC[C@H]1C(=O)O)N1CCC[C@H]1C(=O)O)C(=O)O,N=C(N)NCCC[C@H](NC([C@H](Cc1cnc[nH]1)NC([C@@H](N)CS)N1CCC[C@H]1C(=O)O)N1CCC[C@H]1C(=O)O)C(=O)O,VPYMARBJRCWNPD-JEQRBCCASA-N,BBB+,1,612.7580000000006,-1.7762299999999902,259.04,11,11,18,1,42,3,experimental_classification,p
BBBP_00762,762,C[C@H](NC(O)[C@H](C)Nc1ccc(C[C@H](N)C(NCC(=O)O)N[C@@H](Cc2ccccc2)C(=O)O)cc1)C(=O)O,C[C@H](NC(O)[C@H](C)Nc1ccc(C[C@H](N)C(NCC(=O)O)N[C@@H](Cc2ccccc2)C(=O)O)cc1)C(=O)O,XXLOMEAGTYZZQU-FREZVPMKSA-N,BBB+,1,531.6100000000002,0.023700000000006438,206.26999999999995,9,9,17,2,38,2,experimental_classification,p
BBBP_00763,763,CCC(C)[C@H](NC[C@H](NC(CNC(N[C@@H](CC(C)C)C(NCC(N[C@@H](CO)C(=O)O)N[C@@H](CCCNC(=N)N)C(=O)O)NCC(N[C@@H](CC(C)C)C(=O)O)N[C@@H](CC(C)C)C(=O)O)[C@@H](N)C(C)C)N[C@@H](C)C(=O)O)C(N[C@@H](C)C(=O)O)N1CCC[C@H]1C(=O)O)C(=O)O,CCC(C)[C@H](NC[C@H](NC(CNC(N[C@@H](CC(C)C)C(NCC(N[C@@H](CO)C(=O)O)N[C@@H](CCCNC(=N)N)C(=O)O)NCC(N[C@@H](CC(C)C)C(=O)O)N[C@@H](CC(C)C)C(=O)O)[C@@H](N)C(C)C)N[C@@H](C)C(=O)O)C(N[C@@H](C)C(=O)O)N1CCC[C@H]1C(=O)O)C(=O)O,NOPIFDCWQVYZQM-UASLTXGOSA-N,BBB+,1,1322.6600000000003,-3.0601299999999885,554.15,25,24,54,0,92,1,experimental_classification,p
BBBP_00764,764,CCC(C)[C@H](NC(N[C@@H](CCCCN)C(N[C@@H](CCCCN)C(N[C@@H](CCCCN)C(=O)O)N[C@@H](CCCCN)C(=O)O)N[C@@H](CCCCN)C(N[C@@H](CCCCN)C(=O)O)N[C@H](C(=O)O)C(C)CC)[C@@H](N)CCCCN)C(N[C@@H](C(C)C)C(N[C@@H](CCCCN)C(O)N[C@@H](CCCCN)C(=O)O)N[C@@H](CCCNC(=N)N)C(NCC(=O)O)N[C@@H](CCCNC(=N)N)C(=O)O)N[C@@H](CCCCN)C(NCC(N[C@@H](CCCCN)C(=O)O)N[C@@H](CCCCN)C(=O)O)N[C@@H](CCCCN)C(N[C@@H](CCCCN)C(=O)O)N[C@H](C(=O)O)C(C)C,CCC(C)[C@H](NC(N[C@@H](CCCCN)C(N[C@@H](CCCCN)C(N[C@@H](CCCCN)C(=O)O)N[C@@H](CCCCN)C(=O)O)N[C@@H](CCCCN)C(N[C@@H](CCCCN)C(=O)O)N[C@H](C(=O)O)C(C)CC)[C@@H](N)CCCCN)C(N[C@@H](C(C)C)C(N[C@@H](CCCCN)C(O)N[C@@H](CCCCN)C(=O)O)N[C@@H](CCCNC(=N)N)C(NCC(=O)O)N[C@@H](CCCNC(=N)N)C(=O)O)N[C@@H](CCCCN)C(NCC(N[C@@H](CCCCN)C(=O)O)N[C@@H](CCCCN)C(=O)O)N[C@@H](CCCCN)C(N[C@@H](CCCCN)C(=O)O)N[C@H](C(=O)O)C(C)C,YQLHJNXGGOHFED-ZKPYRVTPSA-N,BBB+,1,2685.708999999999,-5.054560000000043,1197.2599999999995,54,50,134,0,187,0,experimental_classification,p
BBBP_00765,765,CCC(C)[C@H](N)C(NCC(N[C@@H](CC(N)=O)C(=O)O)N[C@@H](CCC(N[C@H](C(=O)O)C(C)O)N[C@H](C(=O)O)C(C)O)C(N[C@@H](CCSC)C(=O)O)N1CCC[C@H]1C(=O)O)N[C@@H](CN[C@@H](CO)C(=O)O)C(N[C@@H](CCCCN)C(=O)O)N[C@@H](CCC(=O)O)C(=O)O,CCC(C)[C@H](N)C(NCC(N[C@@H](CC(N)=O)C(=O)O)N[C@@H](CCC(N[C@H](C(=O)O)C(C)O)N[C@H](C(=O)O)C(C)O)C(N[C@@H](CCSC)C(=O)O)N1CCC[C@H]1C(=O)O)N[C@@H](CN[C@@H](CO)C(=O)O)C(N[C@@H](CCCCN)C(=O)O)N[C@@H](CCC(=O)O)C(=O)O,DKLCMILIAYEAQO-VEIYQNIVSA-N,BBB+,1,1303.4990000000007,-6.498699999999986,615.06,25,27,54,0,89,1,experimental_classification,p
BBBP_00766,766,CC(C)C[C@H](N)C(N[C@@H](C)C(N[C@@H](CCC(N)N[C@@H](C)C(=O)O)C(=O)O)N[C@@H](CC(=O)O)C(=O)O)N[C@@H](CC(N[C@@H](Cc1ccc(O)cc1)C(=O)O)N[C@H](C(=O)O)C(C)O)C(N[C@@H](CCCCN)C(=O)O)N[C@H](C(=O)O)C(C)O,CC(C)C[C@H](N)C(N[C@@H](C)C(N[C@@H](CCC(N)N[C@@H](C)C(=O)O)C(=O)O)N[C@@H](CC(=O)O)C(=O)O)N[C@@H](CC(N[C@@H](Cc1ccc(O)cc1)C(=O)O)N[C@H](C(=O)O)C(C)O)C(N[C@@H](CCCCN)C(=O)O)N[C@H](C(=O)O)C(C)O,CXOGFXFLOFYZND-WYTPHVLTSA-N,BBB+,1,1135.281,-4.311300000000019,545.4199999999998,23,23,45,1,79,1,experimental_classification,p
BBBP_00767,767,CC(C)C[C@H](NC(O)[C@H](CCCNC(=N)N)NC(N[C@@H](CN1CCC[C@H]1C(=O)O)C(N[C@@H](C)C(=O)O)N[C@@H](Cc1ccccc1)C(=O)O)[C@@H](N)Cc1ccccc1)C(=O)O,CC(C)C[C@H](NC(O)[C@H](CCCNC(=N)N)NC(N[C@@H](CN1CCC[C@H]1C(=O)O)C(N[C@@H](C)C(=O)O)N[C@@H](Cc1ccccc1)C(=O)O)[C@@H](N)Cc1ccccc1)C(=O)O,VNZBYAOBRDBLJH-ZEVCNNJISA-N,BBB+,1,843.0400000000002,-0.30723000000001127,320.73999999999995,14,13,29,2,60,3,experimental_classification,p
BBBP_00768,768,CC(C)C[C@H](NC([C@H](CCCCN)NC(N[C@@H](CCC(N)N[C@@H](Cc1ccccc1)C(=O)O)C(N[C@@H](CCC(=O)O)C(=O)O)N[C@@H](Cc1ccccc1)C(=O)O)[C@@H](N)Cc1cnc[nH]1)N1CCC[C@H]1C(=O)O)C(N[C@@H](CCC(=O)O)C(=O)O)N[C@@H](CC(=O)O)C(=O)O,CC(C)C[C@H](NC([C@H](CCCCN)NC(N[C@@H](CCC(N)N[C@@H](Cc1ccccc1)C(=O)O)C(N[C@@H](CCC(=O)O)C(=O)O)N[C@@H](Cc1ccccc1)C(=O)O)[C@@H](N)Cc1cnc[nH]1)N1CCC[C@H]1C(=O)O)C(N[C@@H](CCC(=O)O)C(=O)O)N[C@@H](CC(=O)O)C(=O)O,BFUCZSYFTLVUQJ-FEHOQOPESA-N,BBB+,1,1299.4920000000002,-0.848700000000022,541.92,21,22,50,3,92,4,experimental_classification,p
BBBP_00769,769,N=C(N)NCCC[C@H](NC(N[C@@H](CC(N[C@@H](CS)C(=O)O)N[C@@H](CC(=O)O)C(=O)O)C(=O)O)[C@H](CCCNC(=N)N)NC(NCC(NCC(=O)O)N1CCC[C@H]1C(=O)O)[C@@H](N)CS)C(=O)O,N=C(N)NCCC[C@H](NC(N[C@@H](CC(N[C@@H](CS)C(=O)O)N[C@@H](CC(=O)O)C(=O)O)C(=O)O)[C@H](CCCNC(=N)N)NC(NCC(NCC(=O)O)N1CCC[C@H]1C(=O)O)[C@@H](N)CS)C(=O)O,BXWDWBBJPKOISE-OXXBFEDNSA-N,BBB+,1,986.1459999999995,-6.188760000000015,498.3699999999999,23,20,38,0,66,1,experimental_classification,p
BBBP_00770,770,CCC(C)[C@H](NC(N[C@@H](Cc1cnc[nH]1)C(=O)O)[C@H](CN[C@@H](CCCNC(=N)N)C(O)N[C@@H](CS)C(=O)O)NC(N)CC[C@H](N)C(N[C@@H](Cc1ccc(N[C@@H](C)C(=O)O)cc1)C(N[C@@H](CCC(N)=O)C(=O)O)N[C@H](C(=O)O)C(C)C)N[C@@H](Cc1cnc[nH]1)C(N[C@@H](CO)C(=O)O)N1CCC[C@H]1C(=O)O)C(=O)O,CCC(C)[C@H](NC(N[C@@H](Cc1cnc[nH]1)C(=O)O)[C@H](CN[C@@H](CCCNC(=N)N)C(O)N[C@@H](CS)C(=O)O)NC(N)CC[C@H](N)C(N[C@@H](Cc1ccc(N[C@@H](C)C(=O)O)cc1)C(N[C@@H](CCC(N)=O)C(=O)O)N[C@H](C(=O)O)C(C)C)N[C@@H](Cc1cnc[nH]1)C(N[C@@H](CO)C(=O)O)N1CCC[C@H]1C(=O)O)C(=O)O,BGHUCAUGNHSFDV-DGCPRYODSA-N,BBB+,1,1537.8130000000003,-5.147629999999981,688.82,30,29,58,3,107,4,experimental_classification,p
BBBP_00771,771,CCC(C)[C@H](NC(N[C@@H](CCCCN)C(N[C@@H](CCCNC(=N)N)C(=O)O)N[C@@H](CC(C)C)C(=O)O)[C@H](C)NC(N[C@@H](CCCNC(=N)N)C(N[C@@H](C(C)N[C@@H](CCCCN)C(=O)O)C(N[C@@H](CCCCN)C(=O)O)N[C@@H](Cc1ccc(O)cc1)C(=O)O)N1CCC[C@H]1C(N[C@@H](CCCCN)C(=O)O)N[C@@H](Cc1c[nH]c2ccccc12)C(=O)O)[C@@H](N)Cc1cnc[nH]1)C(N[C@@H](Cc1ccccc1)C(NCC(=O)O)N[C@@H](CCCCN)C(=O)O)N[C@@H](CCCNC(=N)N)C(N[C@@H](Cc1ccccc1)C(=O)O)N[C@@H](Cc1c[nH]c2ccccc12)C(=O)O,CCC(C)[C@H](NC(N[C@@H](CCCCN)C(N[C@@H](CCCNC(=N)N)C(=O)O)N[C@@H](CC(C)C)C(=O)O)[C@H](C)NC(N[C@@H](CCCNC(=N)N)C(N[C@@H](C(C)N[C@@H](CCCCN)C(=O)O)C(N[C@@H](CCCCN)C(=O)O)N[C@@H](Cc1ccc(O)cc1)C(=O)O)N1CCC[C@H]1C(N[C@@H](CCCCN)C(=O)O)N[C@@H](Cc1c[nH]c2ccccc12)C(=O)O)[C@@H](N)Cc1cnc[nH]1)C(N[C@@H](Cc1ccccc1)C(NCC(=O)O)N[C@@H](CCCCN)C(=O)O)N[C@@H](CCCNC(=N)N)C(N[C@@H](Cc1ccccc1)C(=O)O)N[C@@H](Cc1c[nH]c2ccccc12)C(=O)O,NDIFTKDTYLPDCJ-DHJBMQHCSA-N,BBB+,1,2665.373999999996,0.3055100000001192,1052.3899999999999,48,41,106,8,190,9,experimental_classification,p
BBBP_00772,772,N[C@@H](Cc1c[nH]c2ccccc12)C(N[C@@H](Cc1c[nH]c2ccccc12)C(O)N[C@@H](CO)C(=O)O)N[C@@H](CNCC(=O)O)C(N[C@@H](Cc1ccc(O)cc1)C(=O)O)N1CCC[C@H]1C(=O)O,N[C@@H](Cc1c[nH]c2ccccc12)C(N[C@@H](Cc1c[nH]c2ccccc12)C(O)N[C@@H](CO)C(=O)O)N[C@@H](CNCC(=O)O)C(N[C@@H](Cc1ccc(O)cc1)C(=O)O)N1CCC[C@H]1C(=O)O,FEOBHPYKVYIPKE-KZWHWPECSA-N,BBB+,1,887.992,-0.10189999999998972,330.88,15,14,26,5,64,6,experimental_classification,p
BBBP_00773,773,CSCC[C@H](NC(N[C@@H](Cc1ccc(NCC(=O)O)cc1)C(N[C@@H](CCCCN)C(=O)O)N[C@@H](CCCNC(=N)N)C(=O)O)[C@H](C)NC(CNC(N[C@@H](CCCCN)C(NCC(N[C@@H](CC(C)C)C(NCC(=O)O)N[C@@H](CCCCN)C(=O)O)N[C@@H](CCCNC(=N)N)C(N[C@@H](CO)C(=O)O)N[C@@H](CCCNC(=N)N)C(=O)O)N[C@@H](CCCCN)C(N[C@@H](CNCC(=O)O)C(N[C@@H](CO)C(=O)O)N[C@@H](CS)C(=O)O)N[C@@H](CS)C(N[C@@H](CS)C(O)N[C@@H](CCCNC(=N)N)C(=O)O)N[C@H](C(=O)O)C(C)O)[C@@H](N)CS)N[C@@H](CCCCN)C(N[C@@H](CS)C(N[C@@H](CCCNC(=N)N)C(=O)O)N[C@@H](CCCNC(=N)N)C(=O)O)N[C@@H](CC(N[C@@H](CCCCN)C(=O)O)N[C@@H](CCCNC(=N)N)C(=O)O)C(N[C@@H](CCCNC(=N)N)C(=O)O)N[C@@H](CCC(N)=O)C(=O)O)C(N[C@@H](CS)C(=O)O)N[C@@H](Cc1ccc(O)cc1)C(=O)O,CSCC[C@H](NC(N[C@@H](Cc1ccc(NCC(=O)O)cc1)C(N[C@@H](CCCCN)C(=O)O)N[C@@H](CCCNC(=N)N)C(=O)O)[C@H](C)NC(CNC(N[C@@H](CCCCN)C(NCC(N[C@@H](CC(C)C)C(NCC(=O)O)N[C@@H](CCCCN)C(=O)O)N[C@@H](CCCNC(=N)N)C(N[C@@H](CO)C(=O)O)N[C@@H](CCCNC(=N)N)C(=O)O)N[C@@H](CCCCN)C(N[C@@H](CNCC(=O)O)C(N[C@@H](CO)C(=O)O)N[C@@H](CS)C(=O)O)N[C@@H](CS)C(N[C@@H](CS)C(O)N[C@@H](CCCNC(=N)N)C(=O)O)N[C@H](C(=O)O)C(C)O)[C@@H](N)CS)N[C@@H](CCCCN)C(N[C@@H](CS)C(N[C@@H](CCCNC(=N)N)C(=O)O)N[C@@H](CCCNC(=N)N)C(=O)O)N[C@@H](CC(N[C@@H](CCCCN)C(=O)O)N[C@@H](CCCNC(=N)N)C(=O)O)C(N[C@@H](CCCNC(=N)N)C(=O)O)N[C@@H](CCC(N)=O)C(=O)O)C(N[C@@H](CS)C(=O)O)N[C@@H](Cc1ccc(O)cc1)C(=O)O,MRLZZDHTVVETBL-XOACFBKOSA-N,BBB+,1,4222.333999999989,-20.45194000000024,1988.6299999999983,98,83,186,2,286,2,experimental_classification,p
BBBP_00774,774,CSCC[C@H](NC(N[C@@H](CC(C)C)C(=O)O)[C@H](CCC(N)NCC(=O)O)NC([C@@H]1CCCN1C(N[C@@H](CCCCN)C(N[C@@H](CCC(N)=O)C(=O)O)N[C@@H](Cc1ccccc1)C(=O)O)[C@@H](N)CCCNC(=N)N)N1CCC[C@H]1C(N[C@@H](CCC(N)=O)C(=O)O)N[C@@H](Cc1ccccc1)C(=O)O)C(=O)O,CSCC[C@H](NC(N[C@@H](CC(C)C)C(=O)O)[C@H](CCC(N)NCC(=O)O)NC([C@@H]1CCCN1C(N[C@@H](CCCCN)C(N[C@@H](CCC(N)=O)C(=O)O)N[C@@H](Cc1ccccc1)C(=O)O)[C@@H](N)CCCNC(=N)N)N1CCC[C@H]1C(N[C@@H](CCC(N)=O)C(=O)O)N[C@@H](Cc1ccccc1)C(=O)O)C(=O)O,IFZBKBWZBMUYGF-BIXZVRPCSA-N,BBB+,1,1488.8680000000004,-2.006729999999995,601.99,24,25,58,2,104,4,experimental_classification,p
BBBP_00775,775,CSCC[C@H](NC([C@H](CC(C)C)NC(N[C@@H](C)C(O)N[C@@H](CS)C(=O)O)[C@H](C)NC(N[C@@H](CC(C)C)C(N[C@@H](C)C(N[C@@H](CCCCN)C(=O)O)N[C@@H](CC(C)C)C(=O)O)N[C@@H](CC(C)C)C(N[C@@H](CCCNC(=N)N)C(=O)O)N[C@@H](CCC(N)=O)C(=O)O)[C@H](CC(C)C)NC(N[C@@H](CCCCN)C(N[C@@H](C)C(N[C@@H](CCCCN)C(=O)O)N[C@@H](CCCNC(=N)N)C(=O)O)N[C@@H](CC(C)C)C(N[C@@H](CCC(N)=O)C(=O)O)N[C@H](C(=O)O)C(C)C)[C@@H](N)CCCCN)N1CCC[C@H]1C(=O)O)C(=O)O,CSCC[C@H](NC([C@H](CC(C)C)NC(N[C@@H](C)C(O)N[C@@H](CS)C(=O)O)[C@H](C)NC(N[C@@H](CC(C)C)C(N[C@@H](C)C(N[C@@H](CCCCN)C(=O)O)N[C@@H](CC(C)C)C(=O)O)N[C@@H](CC(C)C)C(N[C@@H](CCCNC(=N)N)C(=O)O)N[C@@H](CCC(N)=O)C(=O)O)[C@H](CC(C)C)NC(N[C@@H](CCCCN)C(N[C@@H](C)C(N[C@@H](CCCCN)C(=O)O)N[C@@H](CCCNC(=N)N)C(=O)O)N[C@@H](CC(C)C)C(N[C@@H](CCC(N)=O)C(=O)O)N[C@H](C(=O)O)C(C)C)[C@@H](N)CCCCN)N1CCC[C@H]1C(=O)O)C(=O)O,GXDKPKZDYFWZLF-HDQGREJJSA-N,BBB+,1,2515.4029999999984,-2.2792599999999377,1014.45,46,44,110,0,173,1,experimental_classification,p
BBBP_00776,776,CC(C)C[C@H](NC(N[C@@H](CCCNC(=N)N)C(=O)O)[C@H](C)NC(N[C@@H](CN[C@@H](CCCCN)C(=O)O)C(N[C@@H](CCCNC(=N)N)C(=O)O)N[C@@H](CC(C)C)C(=O)O)[C@@H](NC(N[C@@H](CCCNC(=N)N)C(N[C@@H](CC(C)C)C(N[C@@H](CCCCN)C(=O)O)N[C@@H](CCCNC(=N)N)C(=O)O)N[C@@H](CCCNC(=N)N)C(N[C@@H](CC(C)C)C(N[C@@H](C)C(=O)O)N[C@@H](CC(=O)O)C(=O)O)N[C@@H](Cc1cnc[nH]1)C(N[C@@H](CCCNC(=N)N)C(=O)O)N[C@@H](CC(C)C)C(=O)O)[C@@H](N)CC(C)C)C(C)C)C(=O)O,CC(C)C[C@H](NC(N[C@@H](CCCNC(=N)N)C(=O)O)[C@H](C)NC(N[C@@H](CN[C@@H](CCCCN)C(=O)O)C(N[C@@H](CCCNC(=N)N)C(=O)O)N[C@@H](CC(C)C)C(=O)O)[C@@H](NC(N[C@@H](CCCNC(=N)N)C(N[C@@H](CC(C)C)C(N[C@@H](CCCCN)C(=O)O)N[C@@H](CCCNC(=N)N)C(=O)O)N[C@@H](CCCNC(=N)N)C(N[C@@H](CC(C)C)C(N[C@@H](C)C(=O)O)N[C@@H](CC(=O)O)C(=O)O)N[C@@H](Cc1cnc[nH]1)C(N[C@@H](CCCNC(=N)N)C(=O)O)N[C@@H](CC(C)C)C(=O)O)[C@@H](N)CC(C)C)C(C)C)C(=O)O,SPERWRMEXJJODA-USCWSMKWSA-N,BBB+,1,2489.201999999998,-5.364480000000004,1154.3099999999997,53,41,108,1,174,1,experimental_classification,p
BBBP_00777,777,N=C(N)NCCC[C@H](NC([C@H](CCCNC(=N)N)NC([C@H](CCCNC(=N)N)NC([C@@H]1CCCN1)N1CCC[C@H]1C(N1CCC[C@H]1C(N[C@@H](CCCNC(=N)N)C(=O)O)N1CCC[C@H]1C(=O)O)N1CCC[C@H]1C(N1CCC[C@H]1C(=O)O)N1CCC[C@H]1C(=O)O)N1CCC[C@H]1C(N[C@@H](CCCNC(=N)N)C(=O)O)N1CCC[C@H]1C(=O)O)N1CCC[C@H]1C(=O)O)C(=O)O,N=C(N)NCCC[C@H](NC([C@H](CCCNC(=N)N)NC([C@H](CCCNC(=N)N)NC([C@@H]1CCCN1)N1CCC[C@H]1C(N1CCC[C@H]1C(N[C@@H](CCCNC(=N)N)C(=O)O)N1CCC[C@H]1C(=O)O)N1CCC[C@H]1C(N1CCC[C@H]1C(=O)O)N1CCC[C@H]1C(=O)O)N1CCC[C@H]1C(N[C@@H](CCCNC(=N)N)C(=O)O)N1CCC[C@H]1C(=O)O)N1CCC[C@H]1C(=O)O)C(=O)O,HRPCUIYTXUHPDT-WXFZAGCQSA-N,BBB+,1,1784.2420000000009,-4.015149999999938,709.2400000000004,29,28,54,0,126,10,experimental_classification,p
BBBP_00778,778,CCC(C)[C@H](NC(N[C@@H](CS)C(NCC(=O)O)N[C@@H](CCCNC(=N)N)C(=O)O)[C@@H](N)Cc1ccccc1)C(O)N[C@@H](CC(C)C)C(=O)O,CCC(C)[C@H](NC(N[C@@H](CS)C(NCC(=O)O)N[C@@H](CCCNC(=N)N)C(=O)O)[C@@H](N)Cc1ccccc1)C(O)N[C@@H](CC(C)C)C(=O)O,OJYGLDMVFSKVGX-PIMGDZJASA-N,BBB+,1,713.9470000000003,-0.5115299999999952,280.20000000000005,14,12,27,1,49,1,experimental_classification,p
BBBP_00779,779,CC(C)C[C@H](NC(NCC(NCC(=O)O)NCC(=O)O)[C@@H](NC(N[C@@H](CC(C)C)C(N[C@@H](CCCCN)C(NCC(O)N[C@@H](CCCNC(=N)N)C(=O)O)N[C@@H](C)C(N[C@@H](CCCNC(=N)N)C(=O)O)N[C@@H](CCCNC(=N)N)C(=O)O)N[C@@H](CCCNC(=N)N)C(N[C@@H](CCCCN)C(N[C@@H](CCCNC(=N)N)C(=O)O)N[C@@H](CCCNC(=N)N)C(=O)O)N[C@@H](CC(C)C)C(N[C@@H](CCCNC(=N)N)C(=O)O)N[C@@H](CCCNC(=N)N)C(=O)O)[C@@H](N)CCCNC(=N)N)C(C)N[C@@H](CCCNC(=N)N)C(NCC(=O)O)NCC(=O)O)C(N[C@@H](CCCNC(=N)N)C(=O)O)N[C@@H](CCCNC(=N)N)C(=O)O,CC(C)C[C@H](NC(NCC(NCC(=O)O)NCC(=O)O)[C@@H](NC(N[C@@H](CC(C)C)C(N[C@@H](CCCCN)C(NCC(O)N[C@@H](CCCNC(=N)N)C(=O)O)N[C@@H](C)C(N[C@@H](CCCNC(=N)N)C(=O)O)N[C@@H](CCCNC(=N)N)C(=O)O)N[C@@H](CCCNC(=N)N)C(N[C@@H](CCCCN)C(N[C@@H](CCCNC(=N)N)C(=O)O)N[C@@H](CCCNC(=N)N)C(=O)O)N[C@@H](CC(C)C)C(N[C@@H](CCCNC(=N)N)C(=O)O)N[C@@H](CCCNC(=N)N)C(=O)O)[C@@H](N)CCCNC(=N)N)C(C)N[C@@H](CCCNC(=N)N)C(NCC(=O)O)NCC(=O)O)C(N[C@@H](CCCNC(=N)N)C(=O)O)N[C@@H](CCCNC(=N)N)C(=O)O,PIEMQIGLAXAFHK-ZDHWRVEISA-N,BBB+,1,3026.8009999999967,-16.93186000000024,1614.709999999999,77,53,136,0,211,0,experimental_classification,p
BBBP_00780,780,CCC(C)[C@H](NC(N[C@@H](Cc1ccccc1)C(N[C@@H](CCCCN)C(NCC(=O)O)N[C@@H](CCCNC(=N)N)C(=O)O)N[C@@H](CCC(N)N[C@@H](CCCCN)C(=O)O)C(N[C@@H](CCCCN)C(=O)O)N[C@@H](CCCNC(=N)N)C(=O)O)[C@H](CNCC(N[C@@H](CCCNC(=N)N)C(N[C@@H](CCCNC(=N)N)C(=O)O)N[C@@H](CCC(N)=O)C(=O)O)N[C@@H](CN[C@@H](CCCNC(=N)N)C(=O)O)C(N[C@@H](CCCCN)C(=O)O)N[C@@H](Cc1ccc(O)cc1)C(=O)O)NC(N[C@@H](CC(N[C@@H](C(C)N[C@@H](CCSC)C(N[C@@H](CCCNC(=N)N)C(=O)O)N[C@@H](CCC(N)=O)C(=O)O)C(N[C@@H](C(C)C)C(O)N[C@@H](CCCNC(=N)N)C(=O)O)N[C@@H](C)C(N[C@@H](CCCNC(=N)N)C(=O)O)N[C@@H](CCCNC(=N)N)C(=O)O)N[C@@H](CC(N[C@@H](CCCCN)C(=O)O)N[C@@H](CCCCN)C(=O)O)C(N[C@@H](Cc1ccc(O)cc1)C(=O)O)N[C@@H](CC(C)C)C(=O)O)C(N[C@@H](Cc1ccc(N[C@@H](CC(C)C)C(=O)O)cc1)C(NCC(=O)O)N[C@@H](CCCCN)C(=O)O)N[C@@H](CN[C@@H](C)C(=O)O)C(N[C@@H](C)C(=O)O)N[C@H](C(=O)O)C(C)C)[C@@H](N)Cc1cnc[nH]1)C(N[C@@H](CCCNC(=N)N)C(N[C@@H](CCCCN)C(=O)O)N[C@@H](Cc1ccc(O)cc1)C(=O)O)N[C@@H](Cc1ccc(N[C@H](C(=O)O)C(C)C)cc1)C(N[C@@H](CCCCN)C(=O)O)N[C@@H](CC(N)=O)C(=O)O,CCC(C)[C@H](NC(N[C@@H](Cc1ccccc1)C(N[C@@H](CCCCN)C(NCC(=O)O)N[C@@H](CCCNC(=N)N)C(=O)O)N[C@@H](CCC(N)N[C@@H](CCCCN)C(=O)O)C(N[C@@H](CCCCN)C(=O)O)N[C@@H](CCCNC(=N)N)C(=O)O)[C@H](CNCC(N[C@@H](CCCNC(=N)N)C(N[C@@H](CCCNC(=N)N)C(=O)O)N[C@@H](CCC(N)=O)C(=O)O)N[C@@H](CN[C@@H](CCCNC(=N)N)C(=O)O)C(N[C@@H](CCCCN)C(=O)O)N[C@@H](Cc1ccc(O)cc1)C(=O)O)NC(N[C@@H](CC(N[C@@H](C(C)N[C@@H](CCSC)C(N[C@@H](CCCNC(=N)N)C(=O)O)N[C@@H](CCC(N)=O)C(=O)O)C(N[C@@H](C(C)C)C(O)N[C@@H](CCCNC(=N)N)C(=O)O)N[C@@H](C)C(N[C@@H](CCCNC(=N)N)C(=O)O)N[C@@H](CCCNC(=N)N)C(=O)O)N[C@@H](CC(N[C@@H](CCCCN)C(=O)O)N[C@@H](CCCCN)C(=O)O)C(N[C@@H](Cc1ccc(O)cc1)C(=O)O)N[C@@H](CC(C)C)C(=O)O)C(N[C@@H](Cc1ccc(N[C@@H](CC(C)C)C(=O)O)cc1)C(NCC(=O)O)N[C@@H](CCCCN)C(=O)O)N[C@@H](CN[C@@H](C)C(=O)O)C(N[C@@H](C)C(=O)O)N[C@H](C(=O)O)C(C)C)[C@@H](N)Cc1cnc[nH]1)C(N[C@@H](CCCNC(=N)N)C(N[C@@H](CCCCN)C(=O)O)N[C@@H](Cc1ccc(O)cc1)C(=O)O)N[C@@H](Cc1ccc(N[C@H](C(=O)O)C(C)C)cc1)C(N[C@@H](CCCCN)C(=O)O)N[C@@H](CC(N)=O)C(=O)O,BFUPIWYVHUQCAD-TUSMWVPHSA-N,BBB+,1,6121.5149999999885,-17.883799999999596,2840.5300000000025,127,108,266,7,429,7,experimental_classification,p
BBBP_00781,781,CC(C)C[C@H](NC(N[C@@H](CCCNC(=N)N)C(N[C@@H](CS)C(=O)O)N[C@@H](CC(N)=O)C(=O)O)[C@H](CCCNC(=N)N)NC(N[C@@H](CCCCN)C(N[C@@H](CCCNC(=N)N)C(=O)O)N[C@@H](CC(=O)O)C(=O)O)[C@@H](N)CS)C(=O)O,CC(C)C[C@H](NC(N[C@@H](CCCNC(=N)N)C(N[C@@H](CS)C(=O)O)N[C@@H](CC(N)=O)C(=O)O)[C@H](CCCNC(=N)N)NC(N[C@@H](CCCCN)C(N[C@@H](CCCNC(=N)N)C(=O)O)N[C@@H](CC(=O)O)C(=O)O)[C@@H](N)CS)C(=O)O,XVOCAQLUQQQVPQ-JGLDNVNGSA-N,BBB+,1,1171.4649999999995,-6.11868999999999,600.8699999999999,28,22,49,0,79,0,experimental_classification,p
BBBP_00782,782,N=C(N)NCCC[C@H](NC([C@H](CCCNC(=N)N)NC([C@@H]1CCCN1)N1CCC[C@H]1C(N1CCC[C@H]1C(=O)O)N1CCC[C@H]1C(N[C@@H](CCCNC(=N)N)C(=O)O)N1CCC[C@H]1C(=O)O)N1CCC[C@H]1C(=O)O)C(=O)O,N=C(N)NCCC[C@H](NC([C@H](CCCNC(=N)N)NC([C@@H]1CCCN1)N1CCC[C@H]1C(N1CCC[C@H]1C(=O)O)N1CCC[C@H]1C(N[C@@H](CCCNC(=N)N)C(=O)O)N1CCC[C@H]1C(=O)O)N1CCC[C@H]1C(=O)O)C(=O)O,TVKRLLULVDUDER-RLUZTPMBSA-N,BBB+,1,1077.3479999999995,-2.547790000000022,436.5200000000001,18,17,32,0,76,6,experimental_classification,p
BBBP_00783,783,C[C@H](NC(N[C@@H](CCCCN)C(=O)O)[C@H](Cc1cnc[nH]1)NC(CN)N[C@@H](CCCCN)C(NCC(=O)O)N1CCC[C@H]1C(=O)O)C(N[C@@H](CCCCN)C(=O)O)N[C@@H](CCCNC(=N)N)C(=O)O,C[C@H](NC(N[C@@H](CCCCN)C(=O)O)[C@H](Cc1cnc[nH]1)NC(CN)N[C@@H](CCCCN)C(NCC(=O)O)N1CCC[C@H]1C(=O)O)C(N[C@@H](CCCCN)C(=O)O)N[C@@H](CCCNC(=N)N)C(=O)O,YJOILBHESYQGBL-WCDBPICRSA-N,BBB+,1,986.2349999999994,-3.8883300000000176,468.60999999999996,20,19,42,1,69,2,experimental_classification,p
BBBP_00784,784,CSCC[C@H](NC(N[C@H](C(=O)O)C(C)O)[C@H](Cc1c[nH]c2ccccc12)NC(NCC(NCC(N[C@@H](CCCCN)C(=O)O)N[C@@H](CCCNC(=N)N)C(=O)O)N[C@@H](CN[C@@H](CCCCN)C(=O)O)C(O)N[C@H](C(=O)O)C(C)C)[C@H](CC(C)C)NC(CN)N[C@@H](C)C(N[C@@H](CC(C)C)C(N[C@@H](C)C(N[C@@H](CCCCN)C(=O)O)N[C@@H](CCCCN)C(=O)O)N[C@@H](C)C(N[C@@H](CCC(N)=O)C(=O)O)N1CCC[C@H]1C(=O)O)N[C@@H](Cc1ccccc1)C(NCC(N[C@@H](CO)C(=O)O)N[C@@H](Cc1c[nH]c2ccccc12)C(=O)O)N[C@@H](CC(C)C)C(NCC(=O)O)N[C@@H](C)C(=O)O)C(=O)O,CSCC[C@H](NC(N[C@H](C(=O)O)C(C)O)[C@H](Cc1c[nH]c2ccccc12)NC(NCC(NCC(N[C@@H](CCCCN)C(=O)O)N[C@@H](CCCNC(=N)N)C(=O)O)N[C@@H](CN[C@@H](CCCCN)C(=O)O)C(O)N[C@H](C(=O)O)C(C)C)[C@H](CC(C)C)NC(CN)N[C@@H](C)C(N[C@@H](CC(C)C)C(N[C@@H](C)C(N[C@@H](CCCCN)C(=O)O)N[C@@H](CCCCN)C(=O)O)N[C@@H](C)C(N[C@@H](CCC(N)=O)C(=O)O)N1CCC[C@H]1C(=O)O)N[C@@H](Cc1ccccc1)C(NCC(N[C@@H](CO)C(=O)O)N[C@@H](Cc1c[nH]c2ccccc12)C(=O)O)N[C@@H](CC(C)C)C(NCC(=O)O)N[C@@H](C)C(=O)O)C(=O)O,YTDWSJZDTDQHAF-FXIMUZDXSA-N,BBB+,1,2872.6149999999907,-4.958330000000014,1153.55,53,51,120,5,201,6,experimental_classification,p
BBBP_00785,785,CCC(C)[C@H](NC[C@H](NC(N[C@@H](Cc1ccc(N2CCC[C@H]2C(=O)O)cc1)C(N[C@@H](CO)C(=O)O)N[C@@H](Cc1ccc(O)cc1)C(=O)O)[C@@H](N)CN[C@@H](CNCC(N[C@@H](CCCCN)C(=O)O)N[C@@H](CCC(N)=O)C(=O)O)C(N[C@@H](Cc1ccc(O)cc1)C(=O)O)N[C@@H](CC(N)N[C@@H](Cc1ccccc1)C(=O)O)C(=O)O)C(N[C@@H](Cc1ccccc1)C(=O)O)N[C@@H](CC(C)C)C(=O)O)C(=O)O,CCC(C)[C@H](NC[C@H](NC(N[C@@H](Cc1ccc(N2CCC[C@H]2C(=O)O)cc1)C(N[C@@H](CO)C(=O)O)N[C@@H](Cc1ccc(O)cc1)C(=O)O)[C@@H](N)CN[C@@H](CNCC(N[C@@H](CCCCN)C(=O)O)N[C@@H](CCC(N)=O)C(=O)O)C(N[C@@H](Cc1ccc(O)cc1)C(=O)O)N[C@@H](CC(N)N[C@@H](Cc1ccccc1)C(=O)O)C(=O)O)C(N[C@@H](Cc1ccccc1)C(=O)O)N[C@@H](CC(C)C)C(=O)O)C(=O)O,YVGSVLJEMXCMKS-DUKKFHDZSA-N,BBB+,1,1913.2040000000006,-2.331599999999976,763.8000000000002,32,33,72,5,136,6,experimental_classification,p
BBBP_00786,786,CCC(C)[C@H](NC(N)CC[C@H](NC[C@H](N)C(N[C@@H](C(C)CC)C(N[C@@H](CCC(N)=O)C(=O)O)N[C@@H](CC(N)=O)C(=O)O)N[C@@H](CCCCN)C(N[C@@H](CCCCN)C(=O)O)N[C@@H](CCCNC(=N)N)C(=O)O)C(N[C@@H](Cc1ccccc1)C(O)N[C@@H](CCCCN)C(=O)O)N[C@@H](Cc1c[nH]c2ccccc12)C(N[C@@H](CCCCN)C(=O)O)N[C@H](C(=O)O)C(C)CC)C(N[C@@H](C)C(=O)O)N[C@@H](CCCCN)C(=O)O,CCC(C)[C@H](NC(N)CC[C@H](NC[C@H](N)C(N[C@@H](C(C)CC)C(N[C@@H](CCC(N)=O)C(=O)O)N[C@@H](CC(N)=O)C(=O)O)N[C@@H](CCCCN)C(N[C@@H](CCCCN)C(=O)O)N[C@@H](CCCNC(=N)N)C(=O)O)C(N[C@@H](Cc1ccccc1)C(O)N[C@@H](CCCCN)C(=O)O)N[C@@H](Cc1c[nH]c2ccccc12)C(N[C@@H](CCCCN)C(=O)O)N[C@H](C(=O)O)C(C)CC)C(N[C@@H](C)C(=O)O)N[C@@H](CCCCN)C(=O)O,FVEFXKWCWSZIGY-PNVBVAPXSA-N,BBB+,1,2032.601000000001,-3.0378299999998983,882.3899999999999,38,35,89,3,143,3,experimental_classification,p
BBBP_00787,787,CC(C)[C@H](N)C(N[C@@H](C)C(NCC(N[C@@H](CCCNC(=N)N)C(=O)O)N[C@@H](CCC(N)=O)C(=O)O)N[C@@H](CCCNC(=N)N)C(N[C@@H](CCCNC(=N)N)C(=O)O)N[C@@H](CCCNC(=N)N)C(=O)O)N[C@@H](Cc1ccc(N[C@@H](CCCCN)C(N[C@@H](CCCNC(=N)N)C(=O)O)N[C@@H](CCCNC(=N)N)C(=O)O)cc1)C(N[C@@H](CCCCN)C(=O)O)N[C@@H](CCCNC(=N)N)C(=O)O,CC(C)[C@H](N)C(N[C@@H](C)C(NCC(N[C@@H](CCCNC(=N)N)C(=O)O)N[C@@H](CCC(N)=O)C(=O)O)N[C@@H](CCCNC(=N)N)C(N[C@@H](CCCNC(=N)N)C(=O)O)N[C@@H](CCCNC(=N)N)C(=O)O)N[C@@H](Cc1ccc(N[C@@H](CCCCN)C(N[C@@H](CCCNC(=N)N)C(=O)O)N[C@@H](CCCNC(=N)N)C(=O)O)cc1)C(N[C@@H](CCCCN)C(=O)O)N[C@@H](CCCNC(=N)N)C(=O)O,JSKLNJXDZAURKN-MXUYKMNDSA-N,BBB+,1,1898.355000000002,-8.857609999999918,1009.24,46,32,82,1,133,1,experimental_classification,p
BBBP_00788,788,CCC(C)[C@H](NC(N[C@@H](Cc1ccc(O)cc1)C(=O)O)[C@H](Cc1cnc[nH]1)NC(N[C@@H](C)C(N[C@@H](CCCNC(=N)N)C(=O)O)N1CCC[C@H]1C(=O)O)[C@@H](N)CS)C(O)N[C@@H](Cc1cnc[nH]1)C(=O)O,CCC(C)[C@H](NC(N[C@@H](Cc1ccc(O)cc1)C(=O)O)[C@H](Cc1cnc[nH]1)NC(N[C@@H](C)C(N[C@@H](CCCNC(=N)N)C(=O)O)N1CCC[C@H]1C(=O)O)[C@@H](N)CS)C(O)N[C@@H](Cc1cnc[nH]1)C(=O)O,QEFWABOGZZEILR-SYMZBIQISA-N,BBB+,1,1004.2299999999996,-1.6986300000000147,410.36,19,18,34,3,70,4,experimental_classification,p
BBBP_00789,789,CCC(C)[C@H](NC(N[C@@H](CCCNC(=N)N)C(=O)O)[C@H](Cc1ccc(N[C@@H](CCSC)C(=O)O)cc1)NC(CNC(N[C@@H](C(C)N[C@@H](CCCCN)C(NCC(=O)O)N[C@@H](CCCCN)C(=O)O)C(N[C@@H](CC(C)C)C(=O)O)N[C@@H](CCCCN)C(O)N[C@H](C(=O)O)C(C)O)[C@@H](N)CCCCN)N[C@@H](CCCCN)C(N[C@@H](CC(C)C)C(=O)O)N1CCC[C@H]1C(=O)O)C(=O)O,CCC(C)[C@H](NC(N[C@@H](CCCNC(=N)N)C(=O)O)[C@H](Cc1ccc(N[C@@H](CCSC)C(=O)O)cc1)NC(CNC(N[C@@H](C(C)N[C@@H](CCCCN)C(NCC(=O)O)N[C@@H](CCCCN)C(=O)O)C(N[C@@H](CC(C)C)C(=O)O)N[C@@H](CCCCN)C(O)N[C@H](C(=O)O)C(C)O)[C@@H](N)CCCCN)N[C@@H](CCCCN)C(N[C@@H](CC(C)C)C(=O)O)N1CCC[C@H]1C(=O)O)C(=O)O,QEQAHAJGEOSOKG-ALMAVWSQSA-N,BBB+,1,1876.478000000001,-1.8739299999999348,765.84,34,34,82,1,130,2,experimental_classification,p
BBBP_00790,790,CCC(C)[C@H](NC(N[C@@H](Cc1ccccc1)C(=O)O)[C@H](CN[C@@H](CC(C)C)C(=O)O)NC(C[C@H](NC(N[C@@H](CNCC(N[C@@H](CCCCN)C(NCC(=O)O)N[C@@H](CO)C(=O)O)N[C@@H](CNCC(=O)O)C(N[C@@H](CO)C(=O)O)N1CCC[C@H]1C(=O)O)C(N[C@@H](C(C)N[C@@H](CCC(N)N[C@@H](C)C(=O)O)C(N1CCC[C@H]1C(=O)O)N1CCC[C@H]1C(=O)O)C(N[C@@H](CCC(=O)O)C(=O)O)N[C@@H](CCSC)C(N[C@@H](CO)C(=O)O)N1CCC[C@H]1C(=O)O)N[C@@H](Cc1ccccc1)C(N[C@@H](CCC(=O)O)C(=O)O)N[C@@H](CCC(=O)O)C(=O)O)[C@@H](N)Cc1cnc[nH]1)C(N[C@@H](CC(C)C)C(NCC(=O)O)N[C@@H](CC(N)=O)C(=O)O)N[C@@H](CC(N[C@@H](CCC(=O)O)C(=O)O)N[C@@H](Cc1c[nH]c2ccccc12)C(=O)O)C(N[C@@H](CCCCN)C(=O)O)N[C@@H](CC(C)C)C(=O)O)N[C@@H](C(C)N[C@@H](C)C(=O)O)C(N[C@@H](CCCNC(=N)N)C(=O)O)N[C@H](C(=O)O)C(C)C)C(=O)O,CCC(C)[C@H](NC(N[C@@H](Cc1ccccc1)C(=O)O)[C@H](CN[C@@H](CC(C)C)C(=O)O)NC(C[C@H](NC(N[C@@H](CNCC(N[C@@H](CCCCN)C(NCC(=O)O)N[C@@H](CO)C(=O)O)N[C@@H](CNCC(=O)O)C(N[C@@H](CO)C(=O)O)N1CCC[C@H]1C(=O)O)C(N[C@@H](C(C)N[C@@H](CCC(N)N[C@@H](C)C(=O)O)C(N1CCC[C@H]1C(=O)O)N1CCC[C@H]1C(=O)O)C(N[C@@H](CCC(=O)O)C(=O)O)N[C@@H](CCSC)C(N[C@@H](CO)C(=O)O)N1CCC[C@H]1C(=O)O)N[C@@H](Cc1ccccc1)C(N[C@@H](CCC(=O)O)C(=O)O)N[C@@H](CCC(=O)O)C(=O)O)[C@@H](N)Cc1cnc[nH]1)C(N[C@@H](CC(C)C)C(NCC(=O)O)N[C@@H](CC(N)=O)C(=O)O)N[C@@H](CC(N[C@@H](CCC(=O)O)C(=O)O)N[C@@H](Cc1c[nH]c2ccccc12)C(=O)O)C(N[C@@H](CCCCN)C(=O)O)N[C@@H](CC(C)C)C(=O)O)N[C@@H](C(C)N[C@@H](C)C(=O)O)C(N[C@@H](CCCNC(=N)N)C(=O)O)N[C@H](C(=O)O)C(C)C)C(=O)O,NILPEBCIASMTJL-YTOCJHLISA-N,BBB+,1,4237.891999999983,-12.128230000000311,1817.9099999999994,76,78,172,5,296,9,experimental_classification,p
BBBP_00791,791,CC(C)C[C@H](NC[C@H](NC(N[C@@H](C)C(=O)O)[C@@H](N)C(C)C)C(O)N[C@@H](CCCCN)C(=O)O)C(=O)O,CC(C)C[C@H](NC[C@H](NC(N[C@@H](C)C(=O)O)[C@@H](N)C(C)C)C(O)N[C@@H](CCCCN)C(=O)O)C(=O)O,OOLPQCCHZQQNOP-QAFAMXTMSA-N,BBB+,1,520.6720000000004,-1.1041999999999907,232.28999999999996,10,10,21,0,36,0,experimental_classification,p
BBBP_00792,792,CCC(C)[C@H](NC(N[C@@H](Cc1cnc[nH]1)C(=O)O)[C@H](CN[C@@H](CCCNC(=N)N)C(=O)O)NC(N)CC[C@H](N)C(N[C@@H](Cc1ccc(N[C@@H](CCC(N)=O)C(=O)O)cc1)C(N[C@@H](CCC(N)=O)C(=O)O)N[C@H](C(=O)O)C(C)C)N[C@@H](Cc1cnc[nH]1)C(N[C@@H](CO)C(=O)O)N1CCC[C@H]1C(=O)O)C(=O)O,CCC(C)[C@H](NC(N[C@@H](Cc1cnc[nH]1)C(=O)O)[C@H](CN[C@@H](CCCNC(=N)N)C(=O)O)NC(N)CC[C@H](N)C(N[C@@H](Cc1ccc(N[C@@H](CCC(N)=O)C(=O)O)cc1)C(N[C@@H](CCC(N)=O)C(=O)O)N[C@H](C(=O)O)C(C)C)N[C@@H](Cc1cnc[nH]1)C(N[C@@H](CO)C(=O)O)N1CCC[C@H]1C(=O)O)C(=O)O,GKMCDPYRNGECGR-GVBQRKEYSA-N,BBB+,1,1489.7030000000004,-5.108429999999982,699.6500000000001,28,27,57,3,105,4,experimental_classification,p
BBBP_00793,793,CSCC[C@H](NC(N[C@@H](Cc1ccc(NCC(=O)O)cc1)C(NCC(=O)O)N[C@@H](Cc1ccc(O)cc1)C(=O)O)[C@H](C)NC(CNC(N[C@@H](CCCCN)C(NCC(N[C@@H](CC(C)C)C(NCC(=O)O)N[C@@H](CCCCN)C(=O)O)N[C@@H](CCCNC(=N)N)C(N[C@@H](CO)C(=O)O)N[C@@H](CCCNC(=N)N)C(=O)O)N[C@@H](CCCCN)C(N[C@@H](CNCC(=O)O)C(N[C@@H](CO)C(=O)O)N[C@@H](CS)C(=O)O)N[C@@H](CS)C(N[C@@H](CS)C(N[C@@H](CCCNC(=N)N)C(=O)O)N[C@@H](CCCNC(=N)N)C(=O)O)N[C@H](C(=O)O)C(C)N[C@@H](CCCNC(=N)N)C(=O)O)[C@@H](N)CS)N[C@@H](CCCCN)C(N[C@@H](CS)C(N[C@@H](CCCNC(=N)N)C(=O)O)N[C@@H](CCC(N)=O)C(=O)O)N[C@@H](CC(N[C@@H](CCCCN)C(=O)O)N[C@@H](CCCNC(=N)N)C(=O)O)C(N[C@@H](CCCCN)C(=O)O)N[C@@H](CCCNC(=N)N)C(=O)O)C(NCC(=O)O)N[C@@H](CS)C(=O)O,CSCC[C@H](NC(N[C@@H](Cc1ccc(NCC(=O)O)cc1)C(NCC(=O)O)N[C@@H](Cc1ccc(O)cc1)C(=O)O)[C@H](C)NC(CNC(N[C@@H](CCCCN)C(NCC(N[C@@H](CC(C)C)C(NCC(=O)O)N[C@@H](CCCCN)C(=O)O)N[C@@H](CCCNC(=N)N)C(N[C@@H](CO)C(=O)O)N[C@@H](CCCNC(=N)N)C(=O)O)N[C@@H](CCCCN)C(N[C@@H](CNCC(=O)O)C(N[C@@H](CO)C(=O)O)N[C@@H](CS)C(=O)O)N[C@@H](CS)C(N[C@@H](CS)C(N[C@@H](CCCNC(=N)N)C(=O)O)N[C@@H](CCCNC(=N)N)C(=O)O)N[C@H](C(=O)O)C(C)N[C@@H](CCCNC(=N)N)C(=O)O)[C@@H](N)CS)N[C@@H](CCCCN)C(N[C@@H](CS)C(N[C@@H](CCCNC(=N)N)C(=O)O)N[C@@H](CCC(N)=O)C(=O)O)N[C@@H](CC(N[C@@H](CCCCN)C(=O)O)N[C@@H](CCCNC(=N)N)C(=O)O)C(N[C@@H](CCCCN)C(=O)O)N[C@@H](CCCNC(=N)N)C(=O)O)C(NCC(=O)O)N[C@@H](CS)C(=O)O,RWTPMDFUTISLGQ-VMUMRIBDSA-N,BBB+,1,4336.437999999989,-21.088140000000188,2046.8299999999983,100,85,192,2,294,2,experimental_classification,p
BBBP_00794,794,CSCC[C@H](NC(N[C@@H](Cc1ccc(N[C@@H](Cc2ccc(O)cc2)C(=O)O)cc1)C(NCC(=O)O)N[C@@H](CCCNC(=N)N)C(=O)O)[C@H](C)NC(CNC(N[C@@H](CCCCN)C(NCC(N[C@@H](CC(C)C)C(NCC(=O)O)N[C@@H](CCCCN)C(=O)O)N[C@@H](CCCNC(=N)N)C(N[C@@H](CO)C(=O)O)N[C@@H](CCCNC(=N)N)C(=O)O)N[C@@H](CCCCN)C(N[C@@H](CNCC(=O)O)C(N[C@@H](CO)C(=O)O)N[C@@H](CS)C(=O)O)N[C@@H](CS)C(N[C@@H](CS)C(N[C@@H](CCCNC(=N)N)C(=O)O)N[C@@H](CCCNC(=N)N)C(=O)O)N[C@H](C(=O)O)C(C)O)[C@@H](N)CS)N[C@@H](CCCCN)C(N[C@@H](CS)C(N[C@@H](CCCNC(=N)N)C(=O)O)N[C@@H](CCC(N)=O)C(=O)O)N[C@@H](CC(N[C@@H](CCCCN)C(=O)O)N[C@@H](CCCCN)C(=O)O)C(N[C@@H](CCCNC(=N)N)C(=O)O)N[C@@H](CCCNC(=N)N)C(=O)O)C(NCC(=O)O)N[C@@H](CS)C(=O)O,CSCC[C@H](NC(N[C@@H](Cc1ccc(N[C@@H](Cc2ccc(O)cc2)C(=O)O)cc1)C(NCC(=O)O)N[C@@H](CCCNC(=N)N)C(=O)O)[C@H](C)NC(CNC(N[C@@H](CCCCN)C(NCC(N[C@@H](CC(C)C)C(NCC(=O)O)N[C@@H](CCCCN)C(=O)O)N[C@@H](CCCNC(=N)N)C(N[C@@H](CO)C(=O)O)N[C@@H](CCCNC(=N)N)C(=O)O)N[C@@H](CCCCN)C(N[C@@H](CNCC(=O)O)C(N[C@@H](CO)C(=O)O)N[C@@H](CS)C(=O)O)N[C@@H](CS)C(N[C@@H](CS)C(N[C@@H](CCCNC(=N)N)C(=O)O)N[C@@H](CCCNC(=N)N)C(=O)O)N[C@H](C(=O)O)C(C)O)[C@@H](N)CS)N[C@@H](CCCCN)C(N[C@@H](CS)C(N[C@@H](CCCNC(=N)N)C(=O)O)N[C@@H](CCC(N)=O)C(=O)O)N[C@@H](CC(N[C@@H](CCCCN)C(=O)O)N[C@@H](CCCCN)C(=O)O)C(N[C@@H](CCCNC(=N)N)C(=O)O)N[C@@H](CCCNC(=N)N)C(=O)O)C(NCC(=O)O)N[C@@H](CS)C(=O)O,SBZOWCOHOZYSGW-SFDOCQPKSA-N,BBB+,1,4279.385999999988,-20.77004000000021,2017.7299999999982,99,84,189,2,290,2,experimental_classification,p
BBBP_00795,795,C[C@H](NC(CNC(N[C@@H](CCCCN)C(NCC(NCC(=O)O)N[C@@H](CCC(=O)O)C(=O)O)N[C@@H](CC(N)=O)C(=O)O)[C@@H](N)Cc1c[nH]c2ccccc12)N[C@@H](CO)C(=O)O)C(=O)O,C[C@H](NC(CNC(N[C@@H](CCCCN)C(NCC(NCC(=O)O)N[C@@H](CCC(=O)O)C(=O)O)N[C@@H](CC(N)=O)C(=O)O)[C@@H](N)Cc1c[nH]c2ccccc12)N[C@@H](CO)C(=O)O)C(=O)O,FKDIIQNGPZZRPJ-DYEIZKJBSA-N,BBB+,1,913.0,-4.793700000000022,451.19,19,18,37,2,64,2,experimental_classification,p
BBBP_00796,796,N=C(N)NCCC[C@H](NC(N[C@@H](CCCNC(=N)N)C(=O)O)[C@H](CCCCN)NC(N[C@@H](CCCNC(=N)N)C(N[C@@H](CCCNC(=N)N)C(=O)O)N1CCC[C@H]1C(=O)O)[C@H](CCCNC(=N)N)NC(CN)N[C@@H](CCCCN)C(N[C@@H](CCC(N)NCC(=O)O)C(N[C@@H](CS)C(=O)O)N[C@@H](Cc1c[nH]c2ccccc12)C(=O)O)N[C@@H](CCCNC(=N)N)C(N[C@@H](CCC(N)=O)C(=O)O)N1CCC[C@H]1C(=O)O)C(=O)O,N=C(N)NCCC[C@H](NC(N[C@@H](CCCNC(=N)N)C(=O)O)[C@H](CCCCN)NC(N[C@@H](CCCNC(=N)N)C(N[C@@H](CCCNC(=N)N)C(=O)O)N1CCC[C@H]1C(=O)O)[C@H](CCCNC(=N)N)NC(CN)N[C@@H](CCCCN)C(N[C@@H](CCC(N)NCC(=O)O)C(N[C@@H](CS)C(=O)O)N[C@@H](Cc1c[nH]c2ccccc12)C(=O)O)N[C@@H](CCCNC(=N)N)C(N[C@@H](CCC(N)=O)C(=O)O)N1CCC[C@H]1C(=O)O)C(=O)O,JKAHHWOTELFJLP-OWAFYFMASA-N,BBB+,1,2081.5870000000014,-9.172079999999928,1032.93,47,36,85,2,145,4,experimental_classification,p
BBBP_00797,797,CSCC[C@H](NC(N[C@@H](Cc1ccc(NCC(=O)O)cc1)C(NCC(=O)O)N[C@@H](Cc1ccc(O)cc1)C(=O)O)[C@H](C)NC(CNC(N[C@@H](CCCCN)C(NCC(N[C@@H](CC(C)C)C(NCC(=O)O)N[C@@H](CCCCN)C(=O)O)N[C@@H](CCCNC(=N)N)C(N[C@@H](CO)C(=O)O)N[C@@H](CCCNC(=N)N)C(=O)O)N[C@@H](CCCCN)C(N[C@@H](CNCC(=O)O)C(N[C@@H](CO)C(=O)O)N[C@@H](CS)C(=O)O)N[C@@H](CS)C(N[C@@H](C(C)N[C@@H](CCCNC(=N)N)C(=O)O)C(O)N[C@@H](CCCNC(=N)N)C(=O)O)N[C@@H](CS)C(N[C@@H](CCCNC(=N)N)C(=O)O)N[C@@H](CCC(N)=O)C(=O)O)[C@@H](N)CS)N[C@@H](CCCCN)C(N[C@@H](CS)C(N[C@@H](CCCNC(=N)N)C(=O)O)N[C@@H](CCCNC(=N)N)C(=O)O)N[C@@H](CC(NCC(=O)O)N[C@@H](CCCNC(=N)N)C(=O)O)C(N[C@@H](CCCCN)C(=O)O)N[C@@H](CCCCN)C(=O)O)C(NCC(=O)O)N[C@@H](CS)C(=O)O,CSCC[C@H](NC(N[C@@H](Cc1ccc(NCC(=O)O)cc1)C(NCC(=O)O)N[C@@H](Cc1ccc(O)cc1)C(=O)O)[C@H](C)NC(CNC(N[C@@H](CCCCN)C(NCC(N[C@@H](CC(C)C)C(NCC(=O)O)N[C@@H](CCCCN)C(=O)O)N[C@@H](CCCNC(=N)N)C(N[C@@H](CO)C(=O)O)N[C@@H](CCCNC(=N)N)C(=O)O)N[C@@H](CCCCN)C(N[C@@H](CNCC(=O)O)C(N[C@@H](CO)C(=O)O)N[C@@H](CS)C(=O)O)N[C@@H](CS)C(N[C@@H](C(C)N[C@@H](CCCNC(=N)N)C(=O)O)C(O)N[C@@H](CCCNC(=N)N)C(=O)O)N[C@@H](CS)C(N[C@@H](CCCNC(=N)N)C(=O)O)N[C@@H](CCC(N)=O)C(=O)O)[C@@H](N)CS)N[C@@H](CCCCN)C(N[C@@H](CS)C(N[C@@H](CCCNC(=N)N)C(=O)O)N[C@@H](CCCNC(=N)N)C(=O)O)N[C@@H](CC(NCC(=O)O)N[C@@H](CCCNC(=N)N)C(=O)O)C(N[C@@H](CCCCN)C(=O)O)N[C@@H](CCCCN)C(=O)O)C(NCC(=O)O)N[C@@H](CS)C(=O)O,JYRCTBWEMWMBQG-WUZBFONGSA-N,BBB+,1,4395.505999999988,-22.180140000000208,2079.0899999999983,102,87,195,2,298,2,experimental_classification,p
BBBP_00798,798,CCC(C)[C@H](NC([C@H](Cc1ccccc1)NC(N[C@@H](CC(C)C)C(NCC(N[C@@H](CCCNC(=N)N)C(=O)O)N[C@@H](CCCNC(=N)N)C(=O)O)N[C@@H](CCCCN)C(N[C@@H](CCCNC(=N)N)C(=O)O)N[C@@H](CCCNC(=N)N)C(=O)O)[C@@H](N)Cc1ccccc1)N1CCC[C@H]1C(N[C@@H](CCCNC(=N)N)C(=O)O)N[C@@H](CCCNC(=N)N)C(=O)O)C(N[C@@H](CCCNC(=N)N)C(=O)O)N[C@@H](CCCNC(=N)N)C(NCC(=O)O)N[C@@H](CS)C(=O)O,CCC(C)[C@H](NC([C@H](Cc1ccccc1)NC(N[C@@H](CC(C)C)C(NCC(N[C@@H](CCCNC(=N)N)C(=O)O)N[C@@H](CCCNC(=N)N)C(=O)O)N[C@@H](CCCCN)C(N[C@@H](CCCNC(=N)N)C(=O)O)N[C@@H](CCCNC(=N)N)C(=O)O)[C@@H](N)Cc1ccccc1)N1CCC[C@H]1C(N[C@@H](CCCNC(=N)N)C(=O)O)N[C@@H](CCCNC(=N)N)C(=O)O)C(N[C@@H](CCCNC(=N)N)C(=O)O)N[C@@H](CCCNC(=N)N)C(NCC(=O)O)N[C@@H](CS)C(=O)O,ZBFUHBWYYSXWJC-BLLXHZHLSA-N,BBB+,1,2246.8710000000005,-7.4733399999999675,1066.6299999999999,51,36,93,2,157,3,experimental_classification,p
BBBP_00799,799,CCC(C)[C@H](NC(CC[C@H](NC(N[C@@H](Cc1ccc(N[C@@H](CC(N)=O)C(=O)O)cc1)C(NCC(=O)O)N[C@@H](CCCCN)C(=O)O)[C@H](CCC(NCC(NCC(=O)O)N[C@@H](CO)C(=O)O)N[C@@H](CN[C@@H](CCC(=O)O)C(=O)O)C(N[C@@H](CC(=O)O)C(=O)O)N[C@H](C(=O)O)C(C)C)NC(C[C@H](N)C(N[C@@H](Cc1ccccc1)C(N[C@@H](C(C)C)C(N[C@@H](CCSC)C(=O)O)N[C@@H](CC(C)C)C(=O)O)N[C@@H](Cc1cnc[nH]1)C(NCC(=O)O)N[C@H](C(=O)O)C(C)C)N[C@@H](CCCNC(=N)N)C(N[C@@H](Cc1cnc[nH]1)C(NCC(=O)O)N[C@H](C(=O)O)C(C)C)N[C@@H](CCC(N)N[C@H](C(=O)O)C(C)C)C(N[C@@H](C)C(=O)O)N[C@H](C(=O)O)C(C)CC)N[C@@H](C)C(N[C@@H](CC(N[C@@H](Cc1ccccc1)C(=O)O)N[C@H](C(=O)O)C(C)C)C(N[C@@H](C)C(=O)O)N[C@@H](Cc1ccccc1)C(=O)O)N[C@@H](Cc1cnc[nH]1)C(N[C@@H](CCCCN)C(=O)O)N[C@@H](CC(C)C)C(=O)O)C(NCC(=O)O)N[C@H](C(=O)O)C(C)CC)N[C@@H](C)C(=O)O)C(=O)O,CCC(C)[C@H](NC(CC[C@H](NC(N[C@@H](Cc1ccc(N[C@@H](CC(N)=O)C(=O)O)cc1)C(NCC(=O)O)N[C@@H](CCCCN)C(=O)O)[C@H](CCC(NCC(NCC(=O)O)N[C@@H](CO)C(=O)O)N[C@@H](CN[C@@H](CCC(=O)O)C(=O)O)C(N[C@@H](CC(=O)O)C(=O)O)N[C@H](C(=O)O)C(C)C)NC(C[C@H](N)C(N[C@@H](Cc1ccccc1)C(N[C@@H](C(C)C)C(N[C@@H](CCSC)C(=O)O)N[C@@H](CC(C)C)C(=O)O)N[C@@H](Cc1cnc[nH]1)C(NCC(=O)O)N[C@H](C(=O)O)C(C)C)N[C@@H](CCCNC(=N)N)C(N[C@@H](Cc1cnc[nH]1)C(NCC(=O)O)N[C@H](C(=O)O)C(C)C)N[C@@H](CCC(N)N[C@H](C(=O)O)C(C)C)C(N[C@@H](C)C(=O)O)N[C@H](C(=O)O)C(C)CC)N[C@@H](C)C(N[C@@H](CC(N[C@@H](Cc1ccccc1)C(=O)O)N[C@H](C(=O)O)C(C)C)C(N[C@@H](C)C(=O)O)N[C@@H](Cc1ccccc1)C(=O)O)N[C@@H](Cc1cnc[nH]1)C(N[C@@H](CCCCN)C(=O)O)N[C@@H](CC(C)C)C(=O)O)C(NCC(=O)O)N[C@H](C(=O)O)C(C)CC)N[C@@H](C)C(=O)O)C(=O)O,VSDDJJHBPFTPRW-YMYGFTNNSA-N,BBB+,1,4554.432999999982,-7.307830000000345,1890.2699999999988,82,81,191,7,319,7,experimental_classification,p
BBBP_00800,800,CCC(C)[C@H](NC(C[C@H](NC(N[C@@H](CN[C@@H](CCCCN)C(=O)O)C(N[C@@H](CCC(=O)O)C(=O)O)N[C@@H](Cc1ccccc1)C(=O)O)[C@H](CCC(N[C@@H](C(C)N[C@@H](CCC(N)=O)C(=O)O)C(N[C@@H](C)C(=O)O)N[C@@H](C)C(=O)O)N[C@@H](Cc1ccccc1)C(NCC(=O)O)N[C@@H](CCC(=O)O)C(=O)O)NC(N[C@@H](C)C(NCC(N[C@@H](C(C)C)C(N[C@@H](CCCCN)C(=O)O)N[C@H](C(=O)O)C(C)C)N[C@@H](CNCC(=O)O)C(O)N[C@@H](CCCNC(=N)N)C(=O)O)N[C@@H](C(C)N[C@@H](CO)C(=O)O)C(N[C@@H](Cc1ccc(O)cc1)C(=O)O)N[C@@H](CC(C)C)C(=O)O)[C@@H](N)Cc1cnc[nH]1)C(N[C@@H](Cc1c[nH]c2ccccc12)C(=O)O)N[C@@H](CC(C)C)C(=O)O)N[C@@H](C)C(=O)O)C(=O)O,CCC(C)[C@H](NC(C[C@H](NC(N[C@@H](CN[C@@H](CCCCN)C(=O)O)C(N[C@@H](CCC(=O)O)C(=O)O)N[C@@H](Cc1ccccc1)C(=O)O)[C@H](CCC(N[C@@H](C(C)N[C@@H](CCC(N)=O)C(=O)O)C(N[C@@H](C)C(=O)O)N[C@@H](C)C(=O)O)N[C@@H](Cc1ccccc1)C(NCC(=O)O)N[C@@H](CCC(=O)O)C(=O)O)NC(N[C@@H](C)C(NCC(N[C@@H](C(C)C)C(N[C@@H](CCCCN)C(=O)O)N[C@H](C(=O)O)C(C)C)N[C@@H](CNCC(=O)O)C(O)N[C@@H](CCCNC(=N)N)C(=O)O)N[C@@H](C(C)N[C@@H](CO)C(=O)O)C(N[C@@H](Cc1ccc(O)cc1)C(=O)O)N[C@@H](CC(C)C)C(=O)O)[C@@H](N)Cc1cnc[nH]1)C(N[C@@H](Cc1c[nH]c2ccccc12)C(=O)O)N[C@@H](CC(C)C)C(=O)O)N[C@@H](C)C(=O)O)C(=O)O,PIUSATMEZURSNN-GIEZGLOBSA-N,BBB+,1,3324.8739999999875,-7.055930000000134,1420.3799999999997,62,59,137,6,234,6,experimental_classification,p
BBBP_00801,801,CCC(C)[C@H](NC(N[C@@H](C(C)NCC(N[C@@H](CCCNC(=N)N)C(N[C@@H](C)C(=O)O)N[C@@H](CCCNC(=N)N)C(=O)O)N[C@@H](CC(N[C@@H](CC(N)=O)C(=O)O)N[C@H](C(=O)O)C(C)CC)C(N[C@@H](C)C(=O)O)N[C@@H](Cc1ccc(O)cc1)C(=O)O)C(NCC(N[C@@H](CS)C(N[C@@H](C)C(=O)O)N[C@@H](C)C(=O)O)N[C@@H](CC(C)C)C(N[C@@H](CCCNC(=N)N)C(=O)O)N[C@@H](CCCNC(=N)N)C(=O)O)N[C@@H](CCCCN)C(N[C@@H](C(C)C)C(O)N[C@@H](CCCNC(=N)N)C(=O)O)N[C@@H](CN[C@@H](C)C(=O)O)C(N[C@@H](C)C(=O)O)N[C@@H](CCCNC(=N)N)C(=O)O)[C@@H](N)Cc1ccccc1)C(NCC(N[C@@H](Cc1ccccc1)C(N[C@@H](CCCCN)C(=O)O)N[C@@H](CCSC)C(=O)O)N[C@@H](Cc1c[nH]c2ccccc12)C(N[C@@H](CCC(N)=O)C(=O)O)N[C@@H](CC(C)C)C(=O)O)N[C@@H](CS)C(N[C@@H](C)C(N[C@@H](CO)C(=O)O)N[C@@H](CO)C(=O)O)N[C@@H](CCC(N[C@@H](CC(N)=O)C(=O)O)N[C@H](C(=O)O)C(C)CC)C(N[C@@H](CCSC)C(=O)O)N[C@@H](CC(C)C)C(=O)O,CCC(C)[C@H](NC(N[C@@H](C(C)NCC(N[C@@H](CCCNC(=N)N)C(N[C@@H](C)C(=O)O)N[C@@H](CCCNC(=N)N)C(=O)O)N[C@@H](CC(N[C@@H](CC(N)=O)C(=O)O)N[C@H](C(=O)O)C(C)CC)C(N[C@@H](C)C(=O)O)N[C@@H](Cc1ccc(O)cc1)C(=O)O)C(NCC(N[C@@H](CS)C(N[C@@H](C)C(=O)O)N[C@@H](C)C(=O)O)N[C@@H](CC(C)C)C(N[C@@H](CCCNC(=N)N)C(=O)O)N[C@@H](CCCNC(=N)N)C(=O)O)N[C@@H](CCCCN)C(N[C@@H](C(C)C)C(O)N[C@@H](CCCNC(=N)N)C(=O)O)N[C@@H](CN[C@@H](C)C(=O)O)C(N[C@@H](C)C(=O)O)N[C@@H](CCCNC(=N)N)C(=O)O)[C@@H](N)Cc1ccccc1)C(NCC(N[C@@H](Cc1ccccc1)C(N[C@@H](CCCCN)C(=O)O)N[C@@H](CCSC)C(=O)O)N[C@@H](Cc1c[nH]c2ccccc12)C(N[C@@H](CCC(N)=O)C(=O)O)N[C@@H](CC(C)C)C(=O)O)N[C@@H](CS)C(N[C@@H](C)C(N[C@@H](CO)C(=O)O)N[C@@H](CO)C(=O)O)N[C@@H](CCC(N[C@@H](CC(N)=O)C(=O)O)N[C@H](C(=O)O)C(C)CC)C(N[C@@H](CCSC)C(=O)O)N[C@@H](CC(C)C)C(=O)O,PZDPPOHTFCIKNL-XQOXDXFASA-N,BBB+,1,4773.937999999985,-12.96848000000027,2063.869999999998,96,85,201,5,330,5,experimental_classification,p
BBBP_00802,802,CCC(C)[C@H](NC(N[C@@H](CCC(=O)O)C(=O)O)[C@H](CNCC(=O)O)NC(N[C@@H](Cc1ccccc1)C(N[C@@H](CC(C)C)C(=O)O)N[C@H](C(=O)O)C(C)O)[C@@H]1CCCN1C(N[C@@H](C)C(NCC(N[C@@H](CC(C)C)C(N[C@@H](C)C(=O)O)N[C@@H](CCCNC(=N)N)C(=O)O)N[C@@H](CC(C)C)C(N[C@@H](CCCCN)C(=O)O)N[C@@H](CCCNC(=N)N)C(=O)O)N[C@@H](CCCNC(=N)N)C(N[C@@H](CS)C(N[C@@H](CC(=O)O)C(=O)O)N[C@@H](CC(C)C)C(=O)O)N[C@@H](CC(C)C)C(N[C@H](C(=O)O)C(C)C)N1CCC[C@H]1C(=O)O)[C@@H](N)CCSC)C(=O)O,CCC(C)[C@H](NC(N[C@@H](CCC(=O)O)C(=O)O)[C@H](CNCC(=O)O)NC(N[C@@H](Cc1ccccc1)C(N[C@@H](CC(C)C)C(=O)O)N[C@H](C(=O)O)C(C)O)[C@@H]1CCCN1C(N[C@@H](C)C(NCC(N[C@@H](CC(C)C)C(N[C@@H](C)C(=O)O)N[C@@H](CCCNC(=N)N)C(=O)O)N[C@@H](CC(C)C)C(N[C@@H](CCCCN)C(=O)O)N[C@@H](CCCNC(=N)N)C(=O)O)N[C@@H](CCCNC(=N)N)C(N[C@@H](CS)C(N[C@@H](CC(=O)O)C(=O)O)N[C@@H](CC(C)C)C(=O)O)N[C@@H](CC(C)C)C(N[C@H](C(=O)O)C(C)C)N1CCC[C@H]1C(=O)O)[C@@H](N)CCSC)C(=O)O,KUKFOWXIALBFLC-HFNMLAGVSA-N,BBB+,1,2679.4309999999964,-3.1484899999999323,1076.5800000000002,49,46,110,1,185,3,experimental_classification,p
BBBP_00803,803,CC(C)C[C@H](NC(N[C@@H](CC(C)C)C(=O)O)[C@H](C)NC(N[C@@H](CCCNC(=N)N)C(N[C@@H](CCCCN)C(=O)O)N[C@@H](CC(C)C)C(=O)O)[C@H](CCCCN)NC(CN)N[C@@H](CC(C)C)C(N[C@@H](CC(C)C)C(N[C@@H](CCCCN)C(=O)O)N[C@@H](Cc1cnc[nH]1)C(=O)O)N[C@@H](CCCCN)C(N[C@@H](Cc1ccccc1)C(=O)O)N[C@@H](CC(C)C)C(NCC(=O)O)N[C@@H](CS)C(=O)O)C(=O)O,CC(C)C[C@H](NC(N[C@@H](CC(C)C)C(=O)O)[C@H](C)NC(N[C@@H](CCCNC(=N)N)C(N[C@@H](CCCCN)C(=O)O)N[C@@H](CC(C)C)C(=O)O)[C@H](CCCCN)NC(CN)N[C@@H](CC(C)C)C(N[C@@H](CC(C)C)C(N[C@@H](CCCCN)C(=O)O)N[C@@H](Cc1cnc[nH]1)C(=O)O)N[C@@H](CCCCN)C(N[C@@H](Cc1ccccc1)C(=O)O)N[C@@H](CC(C)C)C(NCC(=O)O)N[C@@H](CS)C(=O)O)C(=O)O,BNKVNCFCONCOJX-PNMBQINNSA-N,BBB+,1,1954.640000000001,0.4919700000000406,748.8599999999999,35,33,86,2,136,2,experimental_classification,p
BBBP_00804,804,CC(C)C[C@H](NC(N[C@@H](CCCNC(=N)N)C(N[C@@H](CCCCN)C(=O)O)N[C@@H](CCCCN)C(=O)O)[C@H](C)NC(N[C@@H](CN[C@@H](CCCCN)C(N[C@@H](CCCCN)C(=O)O)N[C@@H](CCCCN)C(=O)O)C(N[C@@H](CCCNC(=N)N)C(N[C@@H](CCCCN)C(=O)O)N[C@@H](CCCCN)C(=O)O)N[C@@H](CC(C)C)C(N[C@@H](CCCCN)C(=O)O)N[C@@H](CCCCN)C(=O)O)[C@@H](NC(N[C@@H](CCCNC(=N)N)C(N[C@@H](CC(C)C)C(N[C@@H](CCCCN)C(N[C@@H](CCCCN)C(=O)O)N[C@@H](CCCCN)C(=O)O)N[C@@H](CCCNC(=N)N)C(N[C@@H](CCCCN)C(=O)O)N[C@@H](CCCCN)C(=O)O)N[C@@H](CCCNC(=N)N)C(N[C@@H](CC(C)C)C(N[C@@H](C)C(=O)O)N[C@@H](CC(=O)O)C(=O)O)N[C@@H](Cc1cnc[nH]1)C(N[C@@H](CCCNC(=N)N)C(=O)O)N[C@@H](CC(C)C)C(N[C@@H](CCCCN)C(=O)O)N[C@@H](CCCCN)C(=O)O)[C@@H](N)CC(C)C)C(C)C)C(N[C@@H](CCCCN)C(=O)O)N[C@@H](CCCCN)C(=O)O,CC(C)C[C@H](NC(N[C@@H](CCCNC(=N)N)C(N[C@@H](CCCCN)C(=O)O)N[C@@H](CCCCN)C(=O)O)[C@H](C)NC(N[C@@H](CN[C@@H](CCCCN)C(N[C@@H](CCCCN)C(=O)O)N[C@@H](CCCCN)C(=O)O)C(N[C@@H](CCCNC(=N)N)C(N[C@@H](CCCCN)C(=O)O)N[C@@H](CCCCN)C(=O)O)N[C@@H](CC(C)C)C(N[C@@H](CCCCN)C(=O)O)N[C@@H](CCCCN)C(=O)O)[C@@H](NC(N[C@@H](CCCNC(=N)N)C(N[C@@H](CC(C)C)C(N[C@@H](CCCCN)C(N[C@@H](CCCCN)C(=O)O)N[C@@H](CCCCN)C(=O)O)N[C@@H](CCCNC(=N)N)C(N[C@@H](CCCCN)C(=O)O)N[C@@H](CCCCN)C(=O)O)N[C@@H](CCCNC(=N)N)C(N[C@@H](CC(C)C)C(N[C@@H](C)C(=O)O)N[C@@H](CC(=O)O)C(=O)O)N[C@@H](Cc1cnc[nH]1)C(N[C@@H](CCCNC(=N)N)C(=O)O)N[C@@H](CC(C)C)C(N[C@@H](CCCCN)C(=O)O)N[C@@H](CCCCN)C(=O)O)[C@@H](N)CC(C)C)C(C)C)C(N[C@@H](CCCCN)C(=O)O)N[C@@H](CCCCN)C(=O)O,UCWZZQKAPVHBFG-NLZKEYDXSA-N,BBB+,1,4556.12999999999,-8.68368000000015,2061.5099999999984,93,81,220,1,318,1,experimental_classification,p
BBBP_00805,805,CC(C)[C@H](NC(N[C@@H](C)C(=O)O)[C@H](CCCCN)NC(N[C@@H](C)C(N[C@@H](CCCCN)C(=O)O)N[C@@H](CCC(=O)O)C(=O)O)[C@@H](N)CC(N[C@@H](Cc1ccccc1)C(N[C@@H](CCCCN)C(=O)O)N[C@@H](CC(=O)O)C(=O)O)N[C@@H](Cc1c[nH]c2ccccc12)C(N[C@@H](Cc1ccc(N[C@@H](CCC(=O)O)C(=O)O)cc1)C(O)N[C@@H](C)C(=O)O)N[C@@H](Cc1ccccc1)C(N[C@@H](CCCCN)C(=O)O)N[C@@H](Cc1ccccc1)C(=O)O)C(=O)O,CC(C)[C@H](NC(N[C@@H](C)C(=O)O)[C@H](CCCCN)NC(N[C@@H](C)C(N[C@@H](CCCCN)C(=O)O)N[C@@H](CCC(=O)O)C(=O)O)[C@@H](N)CC(N[C@@H](Cc1ccccc1)C(N[C@@H](CCCCN)C(=O)O)N[C@@H](CC(=O)O)C(=O)O)N[C@@H](Cc1c[nH]c2ccccc12)C(N[C@@H](Cc1ccc(N[C@@H](CCC(=O)O)C(=O)O)cc1)C(O)N[C@@H](C)C(=O)O)N[C@@H](Cc1ccccc1)C(N[C@@H](CCCCN)C(=O)O)N[C@@H](Cc1ccccc1)C(=O)O)C(=O)O,FOXSVCRVJUTJCJ-BFZSGHSQSA-N,BBB+,1,2138.5399999999995,0.43520000000003634,843.5000000000001,36,35,86,6,152,6,experimental_classification,p
BBBP_00806,806,CCC(C)[C@H](NC(N[C@@H](CO)C(=O)O)[C@H](CCCNC(=N)N)NC(N[C@@H](Cc1cnc[nH]1)C(=O)O)[C@H](CCCCN)NC(CNc1ccc(C[C@H](N)C(N[C@@H](CCCNC(=N)N)C(N[C@@H](CCC(N)N[C@@H](CCSC)C(=O)O)C(NCC(=O)O)N[C@@H](CCCCN)C(=O)O)N[C@@H](CCCNC(=N)N)C(NCC(=O)O)N[C@@H](Cc2ccccc2)C(=O)O)N[C@@H](CCCCN)C(N[C@@H](CCCNC(=N)N)C(N[C@@H](CO)C(=O)O)N[C@H](C(=O)O)C(C)C)N[C@@H](CCCNC(=N)N)C(N[C@@H](C)C(=O)O)N2CCC[C@H]2C(=O)O)cc1)N[C@@H](CCCNC(=N)N)C(N[C@@H](CO)C(=O)O)N[C@@H](CCCCN)C(=O)O)C(=O)O,CCC(C)[C@H](NC(N[C@@H](CO)C(=O)O)[C@H](CCCNC(=N)N)NC(N[C@@H](Cc1cnc[nH]1)C(=O)O)[C@H](CCCCN)NC(CNc1ccc(C[C@H](N)C(N[C@@H](CCCNC(=N)N)C(N[C@@H](CCC(N)N[C@@H](CCSC)C(=O)O)C(NCC(=O)O)N[C@@H](CCCCN)C(=O)O)N[C@@H](CCCNC(=N)N)C(NCC(=O)O)N[C@@H](Cc2ccccc2)C(=O)O)N[C@@H](CCCCN)C(N[C@@H](CCCNC(=N)N)C(N[C@@H](CO)C(=O)O)N[C@H](C(=O)O)C(C)C)N[C@@H](CCCNC(=N)N)C(N[C@@H](C)C(=O)O)N2CCC[C@H]2C(=O)O)cc1)N[C@@H](CCCNC(=N)N)C(N[C@@H](CO)C(=O)O)N[C@@H](CCCCN)C(=O)O)C(=O)O,YOBORJXMORVUNZ-BJWVHNRUSA-N,BBB+,1,3011.7459999999937,-11.631480000000105,1419.0199999999993,65,55,130,3,210,4,experimental_classification,p
BBBP_00807,807,CSCC[C@H](NC(CNC(N[C@@H](CCC(N[C@@H](Cc1c[nH]c2ccccc12)C(=O)O)N[C@H](C(=O)O)C(C)C)C(N[C@@H](CS)C(=O)O)N[C@@H](CCCNC(=N)N)C(=O)O)[C@@H](N)CS)NCC(=O)O)C(=O)O,CSCC[C@H](NC(CNC(N[C@@H](CCC(N[C@@H](Cc1c[nH]c2ccccc12)C(=O)O)N[C@H](C(=O)O)C(C)C)C(N[C@@H](CS)C(=O)O)N[C@@H](CCCNC(=N)N)C(=O)O)[C@@H](N)CS)NCC(=O)O)C(=O)O,MBZBVEYEUAIDPF-GIUOCWSHSA-N,BBB+,1,1048.3259999999998,-1.9097300000000113,423.74999999999994,21,19,40,2,70,2,experimental_classification,p
BBBP_00808,808,CC(C)C[C@H](NC(N)C[C@H](NC(N[C@@H](Cc1ccc(N[C@@H](Cc2cnc[nH]2)C(=O)O)cc1)C(NCC(=O)O)N[C@@H](CC(N)=O)C(=O)O)[C@@H](N)C(C)NCC(N[C@@H](C)C(=O)O)N[C@@H](CCCCN)C(O)N[C@@H](CS)C(=O)O)C(N[C@@H](Cc1cnc[nH]1)C(=O)O)N1CCC[C@H]1C(=O)O)C(=O)O,CC(C)C[C@H](NC(N)C[C@H](NC(N[C@@H](Cc1ccc(N[C@@H](Cc2cnc[nH]2)C(=O)O)cc1)C(NCC(=O)O)N[C@@H](CC(N)=O)C(=O)O)[C@@H](N)C(C)NCC(N[C@@H](C)C(=O)O)N[C@@H](CCCCN)C(O)N[C@@H](CS)C(=O)O)C(N[C@@H](Cc1cnc[nH]1)C(=O)O)N1CCC[C@H]1C(=O)O)C(=O)O,CZIARQLASSKVBI-FGGUVPHOSA-N,BBB+,1,1423.6650000000002,-5.059099999999984,632.71,27,28,54,3,99,4,experimental_classification,p
BBBP_00809,809,CCC(C)[C@H](NC(C[C@H](NC(N[C@@H](Cc1ccccc1)C(=O)O)[C@@H](N)Cc1ccccc1)C(N[C@H](C(=O)O)C(C)O)N1CCC[C@H]1C(=O)O)N[C@@H](Cc1c[nH]c2ccccc12)C(=O)O)C(=O)O,CCC(C)[C@H](NC(C[C@H](NC(N[C@@H](Cc1ccccc1)C(=O)O)[C@@H](N)Cc1ccccc1)C(N[C@H](C(=O)O)C(C)O)N1CCC[C@H]1C(=O)O)N[C@@H](Cc1c[nH]c2ccccc12)C(=O)O)C(=O)O,YEUIPADOITYSRM-NWXSCJCUSA-N,BBB+,1,931.101,1.9968000000000123,311.92999999999995,13,13,29,4,67,5,experimental_classification,p
BBBP_00810,810,CC(C)C[C@H](NC(CNC(CNC(NCC(N[C@@H](CCCCN)C(=O)O)N[C@@H](Cc1ccc(O)cc1)C(=O)O)[C@@H](N)CS)N[C@@H](Cc1cnc[nH]1)C(O)N[C@@H](Cc1c[nH]c2ccccc12)C(=O)O)N[C@@H](CCCNC(=N)N)C(=O)O)C(=O)O,CC(C)C[C@H](NC(CNC(CNC(NCC(N[C@@H](CCCCN)C(=O)O)N[C@@H](Cc1ccc(O)cc1)C(=O)O)[C@@H](N)CS)N[C@@H](Cc1cnc[nH]1)C(O)N[C@@H](Cc1c[nH]c2ccccc12)C(=O)O)N[C@@H](CCCNC(=N)N)C(=O)O)C(=O)O,DFBXRTSWIDARNQ-JDPAUEOPSA-N,BBB+,1,1186.4530000000004,-2.1162300000000247,493.64,24,21,45,4,83,4,experimental_classification,p
BBBP_00811,811,C[C@H](NC(CNC(N[C@@H](C)C(N[C@@H](CC(=O)O)C(=O)O)N[C@@H](C)C(NCC(=O)O)N[C@@H](CCC(=O)O)C(=O)O)[C@@H](N)Cc1c[nH]c2ccccc12)N[C@@H](CO)C(=O)O)C(=O)O,C[C@H](NC(CNC(N[C@@H](C)C(N[C@@H](CC(=O)O)C(=O)O)N[C@@H](C)C(NCC(=O)O)N[C@@H](CCC(=O)O)C(=O)O)[C@@H](N)Cc1c[nH]c2ccccc12)N[C@@H](CO)C(=O)O)C(=O)O,QLMFYNGQFAUQLY-CKRRXLJCSA-N,BBB+,1,870.9150000000002,-3.915000000000015,419.38,18,17,33,2,61,2,experimental_classification,p
BBBP_00812,812,N=C(N)NCCC[C@H](N)C(NCC(N[C@@H](CCCCN)C(=O)O)N[C@@H](Cc1ccc(O)cc1)C(=O)O)N[C@@H](CC(=O)O)C(=O)O,N=C(N)NCCC[C@H](N)C(NCC(N[C@@H](CCCCN)C(=O)O)N[C@@H](Cc1ccc(O)cc1)C(=O)O)N[C@@H](CC(=O)O)C(=O)O,LDEZRRVDBYYMLM-MGFGAUTQSA-N,BBB+,1,641.7270000000003,-2.5008299999999952,331.48999999999995,14,12,25,1,45,1,experimental_classification,p
BBBP_00813,813,CC(C)C[C@H](NC(N[C@@H](CCCNC(=N)N)C(=O)O)[C@@H](NC([C@H](CC(C)C)NC(N[C@@H](CCCNC(=N)N)C(N1CCC[C@H]1C(N[C@@H](CC(C)C)C(O)N1CCC[C@H]1C(=O)O)N[C@@H](CCCNC(=N)N)C(N1CCC[C@H]1C(=O)O)N1CCC[C@H]1C(=O)O)N1CCC[C@H]1C(N1CCC[C@H]1C(=O)O)N1CCC[C@H]1C(=O)O)[C@@H](N)C(C)C)N1CCC[C@H]1C(N[C@H](C(=O)O)C(C)C)N1CCC[C@H]1C(=O)O)C(C)C)C(=O)O,CC(C)C[C@H](NC(N[C@@H](CCCNC(=N)N)C(=O)O)[C@@H](NC([C@H](CC(C)C)NC(N[C@@H](CCCNC(=N)N)C(N1CCC[C@H]1C(N[C@@H](CC(C)C)C(O)N1CCC[C@H]1C(=O)O)N[C@@H](CCCNC(=N)N)C(N1CCC[C@H]1C(=O)O)N1CCC[C@H]1C(=O)O)N1CCC[C@H]1C(N1CCC[C@H]1C(=O)O)N1CCC[C@H]1C(=O)O)[C@@H](N)C(C)C)N1CCC[C@H]1C(N[C@H](C(=O)O)C(C)C)N1CCC[C@H]1C(=O)O)C(C)C)C(=O)O,XLLLZZRCHNBWGV-XSBHBVMESA-N,BBB+,1,2015.6580000000004,0.7436100000000548,693.0500000000003,28,31,64,0,142,9,experimental_classification,p
BBBP_00814,814,CCC(C)[C@H](NC(N[C@@H](CCC(=O)O)C(=O)O)[C@H](CN[C@@H](CO)C(=O)O)NC(N[C@@H](Cc1ccccc1)C(N[C@@H](CC(C)C)C(=O)O)N[C@H](C(=O)O)C(C)O)[C@@H]1CCCN1C(N[C@@H](C)C(NCC(N[C@@H](CC(C)C)C(N[C@@H](C)C(=O)O)N[C@@H](CCCNC(=N)N)C(=O)O)N[C@@H](CC(C)C)C(N[C@@H](CCCCN)C(=O)O)N[C@@H](CCCNC(=N)N)C(=O)O)N[C@@H](CCCNC(=N)N)C(N[C@@H](CS)C(N[C@@H](CC(=O)O)C(=O)O)N[C@@H](CC(C)C)C(=O)O)N[C@@H](CC(C)C)C(N[C@H](C(=O)O)C(C)C)N1CCC[C@H]1C(=O)O)[C@@H](N)CCSC)C(=O)O,CCC(C)[C@H](NC(N[C@@H](CCC(=O)O)C(=O)O)[C@H](CN[C@@H](CO)C(=O)O)NC(N[C@@H](Cc1ccccc1)C(N[C@@H](CC(C)C)C(=O)O)N[C@H](C(=O)O)C(C)O)[C@@H]1CCCN1C(N[C@@H](C)C(NCC(N[C@@H](CC(C)C)C(N[C@@H](C)C(=O)O)N[C@@H](CCCNC(=N)N)C(=O)O)N[C@@H](CC(C)C)C(N[C@@H](CCCCN)C(=O)O)N[C@@H](CCCNC(=N)N)C(=O)O)N[C@@H](CCCNC(=N)N)C(N[C@@H](CS)C(N[C@@H](CC(=O)O)C(=O)O)N[C@@H](CC(C)C)C(=O)O)N[C@@H](CC(C)C)C(N[C@H](C(=O)O)C(C)C)N1CCC[C@H]1C(=O)O)[C@@H](N)CCSC)C(=O)O,NXXBPKVNYAYZOT-DHRQFGNVSA-N,BBB+,1,2709.456999999996,-3.7875899999999314,1096.81,50,47,111,1,187,3,experimental_classification,p
BBBP_00815,815,CC(C)C[C@H](NC(N[C@@H](C)C(=O)O)[C@H](C)NC(NCC(O)N[C@@H](CS)C(=O)O)[C@@H](N)CS)C(=O)O,CC(C)C[C@H](NC(N[C@@H](C)C(=O)O)[C@H](C)NC(NCC(O)N[C@@H](CS)C(=O)O)[C@@H](N)CS)C(=O)O,RTHHBRFVMYDHLR-MIXKOBGASA-N,BBB+,1,542.7250000000003,-2.0939999999999928,218.29999999999998,12,12,20,0,35,0,experimental_classification,p
BBBP_00816,816,CSCC[C@H](NC(N[C@@H](CCSC)C(N[C@@H](CO)C(=O)O)N[C@H](C(=O)O)C(C)O)[C@@H](N)C(C)N1CCC[C@H]1C(N[C@@H](CCC(=O)O)C(=O)O)N1CCC[C@H]1C(N[C@@H](CCCCN)C(=O)O)N[C@@H](Cc1ccccc1)C(=O)O)C(N[C@@H](CCCNC(=N)N)C(=O)O)N[C@@H](CCC(N)=O)C(=O)O,CSCC[C@H](NC(N[C@@H](CCSC)C(N[C@@H](CO)C(=O)O)N[C@H](C(=O)O)C(C)O)[C@@H](N)C(C)N1CCC[C@H]1C(N[C@@H](CCC(=O)O)C(=O)O)N1CCC[C@H]1C(N[C@@H](CCCCN)C(=O)O)N[C@@H](Cc1ccccc1)C(=O)O)C(N[C@@H](CCCNC(=N)N)C(=O)O)N[C@@H](CCC(N)=O)C(=O)O,NELRFCZNUPTFQD-DUTMAEOTSA-N,BBB+,1,1462.8040000000003,-3.877930000000007,610.64,25,27,57,1,100,3,experimental_classification,p
BBBP_00817,817,C[C@H](N)C(NCC(N[C@@H](CCCNC(=N)N)C(N[C@@H](CCCCN)C(=O)O)N[C@@H](Cc1c[nH]c2ccccc12)C(=O)O)N[C@@H](CC(N)N[C@@H](CO)C(=O)O)C(N[C@@H](CO)C(=O)O)N[C@@H](Cc1ccccc1)C(=O)O)N[C@@H](CS)C(N[C@@H](Cc1ccccc1)C(=O)O)N[C@@H](Cc1ccc(N[C@@H](CO)C(=O)O)cc1)C(O)N[C@@H](CS)C(=O)O,C[C@H](N)C(NCC(N[C@@H](CCCNC(=N)N)C(N[C@@H](CCCCN)C(=O)O)N[C@@H](Cc1c[nH]c2ccccc12)C(=O)O)N[C@@H](CC(N)N[C@@H](CO)C(=O)O)C(N[C@@H](CO)C(=O)O)N[C@@H](Cc1ccccc1)C(=O)O)N[C@@H](CS)C(N[C@@H](Cc1ccccc1)C(=O)O)N[C@@H](Cc1ccc(N[C@@H](CO)C(=O)O)cc1)C(O)N[C@@H](CS)C(=O)O,DPWJDSXSSWRTFX-VBFDIOJQSA-N,BBB+,1,1669.9960000000012,-4.7746299999999975,691.46,34,31,63,5,116,5,experimental_classification,p
BBBP_00818,818,N=C(N)NCCC[C@H](NC(NCC(NCC(=O)O)N1CCC[C@H]1C(=O)O)[C@@H](N)CS)C(N[C@@H](CCCCN)C(=O)O)N[C@@H](CC(N[C@@H](CS)C(=O)O)N[C@@H](CC(=O)O)C(=O)O)C(=O)O,N=C(N)NCCC[C@H](NC(NCC(NCC(=O)O)N1CCC[C@H]1C(=O)O)[C@@H](N)CS)C(N[C@@H](CCCCN)C(=O)O)N[C@@H](CC(N[C@@H](CS)C(=O)O)N[C@@H](CC(=O)O)C(=O)O)C(=O)O,VRESEGKSFPKFTH-ILTROZEMSA-N,BBB+,1,958.1320000000001,-5.323030000000019,462.49,21,20,38,0,64,1,experimental_classification,p
BBBP_00819,819,CCC(C)[C@H](NC(N[C@@H](CC(N[C@@H](CCCCN)C(N[C@@H](CCCCN)C(=O)O)N[C@@H](CC(C)C)C(=O)O)N[C@@H](CC(C)C)C(N[C@@H](C)C(=O)O)N[C@H](C(=O)O)C(C)O)C(NCC(N[C@@H](CO)C(=O)O)N[C@@H](CC(N)=O)C(=O)O)N[C@@H](CCC(N[C@@H](C)C(=O)O)N[C@@H](CC(C)C)C(=O)O)C(N[C@@H](CO)C(=O)O)N[C@@H](CC(C)C)C(=O)O)[C@@H](N)CN[C@@H](C(C)C)C(N[C@@H](C)C(N[C@@H](C(C)N[C@@H](CCC(=O)O)C(=O)O)C(NCC(=O)O)N[C@@H](CO)C(=O)O)N[C@@H](C(C)N[C@@H](CCCCN)C(=O)O)C(N[C@@H](Cc1ccccc1)C(=O)O)N[C@H](C(=O)O)C(C)C)N[C@@H](CC(C)C)C(N[C@@H](CCCNC(=N)N)C(=O)O)N[C@@H](CC(C)C)C(=O)O)C(N[C@@H](Cc1ccc(N[C@@H](CCCNC(=N)N)C(=O)O)cc1)C(NCC(=O)O)N[C@@H](CC(C)C)C(=O)O)N[C@@H](CCC(N)N[C@H](C(=O)O)C(C)O)C(N[C@@H](CCCCN)C(=O)O)N[C@@H](CCCNC(=N)N)C(=O)O,CCC(C)[C@H](NC(N[C@@H](CC(N[C@@H](CCCCN)C(N[C@@H](CCCCN)C(=O)O)N[C@@H](CC(C)C)C(=O)O)N[C@@H](CC(C)C)C(N[C@@H](C)C(=O)O)N[C@H](C(=O)O)C(C)O)C(NCC(N[C@@H](CO)C(=O)O)N[C@@H](CC(N)=O)C(=O)O)N[C@@H](CCC(N[C@@H](C)C(=O)O)N[C@@H](CC(C)C)C(=O)O)C(N[C@@H](CO)C(=O)O)N[C@@H](CC(C)C)C(=O)O)[C@@H](N)CN[C@@H](C(C)C)C(N[C@@H](C)C(N[C@@H](C(C)N[C@@H](CCC(=O)O)C(=O)O)C(NCC(=O)O)N[C@@H](CO)C(=O)O)N[C@@H](C(C)N[C@@H](CCCCN)C(=O)O)C(N[C@@H](Cc1ccccc1)C(=O)O)N[C@H](C(=O)O)C(C)C)N[C@@H](CC(C)C)C(N[C@@H](CCCNC(=N)N)C(=O)O)N[C@@H](CC(C)C)C(=O)O)C(N[C@@H](Cc1ccc(N[C@@H](CCCNC(=N)N)C(=O)O)cc1)C(NCC(=O)O)N[C@@H](CC(C)C)C(=O)O)N[C@@H](CCC(N)N[C@H](C(=O)O)C(C)O)C(N[C@@H](CCCCN)C(=O)O)N[C@@H](CCCNC(=N)N)C(=O)O,MKHBESQTEZEYIO-YDPDHPBGSA-N,BBB+,1,4200.13099999998,-11.245690000000335,1863.669999999999,83,77,183,2,293,2,experimental_classification,p
BBBP_00820,820,CCC(C)[C@H](NC(N[C@@H](C(C)C)C(N[C@@H](CCC(N)N[C@@H](CCCCN)C(=O)O)C(NCC(=O)O)N[C@@H](CCCNC(=N)N)C(=O)O)N[C@@H](Cc1ccc(N[C@@H](CC(C)C)C(=O)O)cc1)C(N[C@@H](CCCCN)C(=O)O)N[C@@H](CC(C)C)C(=O)O)[C@@H](N)CN[C@@H](CN[C@@H](CC(NCC(N[C@@H](CCCCN)C(=O)O)N[C@@H](Cc1ccccc1)C(=O)O)N[C@@H](CCC(N[C@@H](CO)C(=O)O)N[C@@H](CC(C)C)C(=O)O)C(N[C@@H](CO)C(=O)O)N[C@@H](CC(N)=O)C(=O)O)C(N[C@@H](C(C)N[C@H](C(=O)O)C(C)C)C(NCC(=O)O)N[C@@H](CCC(=O)O)C(=O)O)N[C@H](C(=O)O)C(C)N[C@@H](CO)C(=O)O)C(N[C@@H](C)C(N[C@@H](CCCNC(=N)N)C(=O)O)N[C@@H](CC(C)C)C(=O)O)N[C@@H](CC(C)C)C(N[C@@H](CCCNC(=N)N)C(=O)O)N[C@H](C(=O)O)C(C)O)C(N[C@@H](CC(C)C)C(N[C@@H](C)C(=O)O)N[C@@H](CC(C)C)C(=O)O)N[C@@H](CCCCN)C(N[C@@H](C)C(=O)O)N[C@H](C(=O)O)C(C)O,CCC(C)[C@H](NC(N[C@@H](C(C)C)C(N[C@@H](CCC(N)N[C@@H](CCCCN)C(=O)O)C(NCC(=O)O)N[C@@H](CCCNC(=N)N)C(=O)O)N[C@@H](Cc1ccc(N[C@@H](CC(C)C)C(=O)O)cc1)C(N[C@@H](CCCCN)C(=O)O)N[C@@H](CC(C)C)C(=O)O)[C@@H](N)CN[C@@H](CN[C@@H](CC(NCC(N[C@@H](CCCCN)C(=O)O)N[C@@H](Cc1ccccc1)C(=O)O)N[C@@H](CCC(N[C@@H](CO)C(=O)O)N[C@@H](CC(C)C)C(=O)O)C(N[C@@H](CO)C(=O)O)N[C@@H](CC(N)=O)C(=O)O)C(N[C@@H](C(C)N[C@H](C(=O)O)C(C)C)C(NCC(=O)O)N[C@@H](CCC(=O)O)C(=O)O)N[C@H](C(=O)O)C(C)N[C@@H](CO)C(=O)O)C(N[C@@H](C)C(N[C@@H](CCCNC(=N)N)C(=O)O)N[C@@H](CC(C)C)C(=O)O)N[C@@H](CC(C)C)C(N[C@@H](CCCNC(=N)N)C(=O)O)N[C@H](C(=O)O)C(C)O)C(N[C@@H](CC(C)C)C(N[C@@H](C)C(=O)O)N[C@@H](CC(C)C)C(=O)O)N[C@@H](CCCCN)C(N[C@@H](C)C(=O)O)N[C@H](C(=O)O)C(C)O,YFQPWJUEQCKUOA-VJDQLSDISA-N,BBB+,1,4287.208999999982,-12.202890000000338,1912.9999999999989,85,79,187,2,299,2,experimental_classification,p
BBBP_00821,821,CSCC[C@H](NC(N[C@@H](CCCNC(=N)N)C(=O)O)[C@H](CCCNC(=N)N)NC(CNC(N[C@@H](CC(C)C)C(N[C@@H](CCCNC(=N)N)C(=O)O)N[C@H](C(=O)O)C(C)C)[C@H](CCCCN)NC(N[C@@H](CCCNC(=N)N)C(N[C@@H](CC(C)C)C(N[C@H](C(=O)O)C(C)C)N[C@H](C(=O)O)C(C)O)N[C@@H](CCCCN)C(N[C@@H](CCCNC(=N)N)C(=O)O)N1CCC[C@H]1C(=O)O)[C@@H](N)C(C)C)N[C@@H](Cc1cnc[nH]1)C(N[C@@H](CC(=O)O)C(=O)O)N[C@H](C(=O)O)C(C)C)C(=O)O,CSCC[C@H](NC(N[C@@H](CCCNC(=N)N)C(=O)O)[C@H](CCCNC(=N)N)NC(CNC(N[C@@H](CC(C)C)C(N[C@@H](CCCNC(=N)N)C(=O)O)N[C@H](C(=O)O)C(C)C)[C@H](CCCCN)NC(N[C@@H](CCCNC(=N)N)C(N[C@@H](CC(C)C)C(N[C@H](C(=O)O)C(C)C)N[C@H](C(=O)O)C(C)O)N[C@@H](CCCCN)C(N[C@@H](CCCNC(=N)N)C(=O)O)N1CCC[C@H]1C(=O)O)[C@@H](N)C(C)C)N[C@@H](Cc1cnc[nH]1)C(N[C@@H](CC(=O)O)C(=O)O)N[C@H](C(=O)O)C(C)C)C(=O)O,MTLBPHKCJNBFJM-QMJXJZMYSA-N,BBB+,1,2335.009999999997,-5.655249999999938,1054.5200000000002,48,40,98,1,162,2,experimental_classification,p
BBBP_00822,822,CCC(C)[C@H](NC(N[C@@H](C(C)CC)C(N[C@@H](Cc1cnc[nH]1)C(=O)O)N1CCC[C@H]1C(=O)O)[C@H](CCCNC(=N)N)NC[C@H](NC(N[C@@H](C(C)C)C(N[C@@H](CCC(NCC(=O)O)NCC(=O)O)C(N[C@@H](CS)C(=O)O)N[C@@H](CCCNC(=N)N)C(=O)O)N[C@@H](CC(N)N[C@@H](CC(C)C)C(=O)O)C(N[C@@H](CCCNC(=N)N)C(=O)O)N[C@H](C(=O)O)C(C)C)[C@@H](N)CCCCN)C(N[C@H](C(N[C@@H](CO)C(=O)O)N[C@@H](CCCCN)C(=O)O)C(C)N1CCC[C@H]1C(O)N[C@@H](CC(N)=O)C(=O)O)N[C@@H](Cc1c[nH]c2ccccc12)C(NCC(=O)O)N[C@@H](CS)C(=O)O)C(N[C@@H](Cc1cnc[nH]1)C(=O)O)N[C@H](C(=O)O)C(C)C,CCC(C)[C@H](NC(N[C@@H](C(C)CC)C(N[C@@H](Cc1cnc[nH]1)C(=O)O)N1CCC[C@H]1C(=O)O)[C@H](CCCNC(=N)N)NC[C@H](NC(N[C@@H](C(C)C)C(N[C@@H](CCC(NCC(=O)O)NCC(=O)O)C(N[C@@H](CS)C(=O)O)N[C@@H](CCCNC(=N)N)C(=O)O)N[C@@H](CC(N)N[C@@H](CC(C)C)C(=O)O)C(N[C@@H](CCCNC(=N)N)C(=O)O)N[C@H](C(=O)O)C(C)C)[C@@H](N)CCCCN)C(N[C@H](C(N[C@@H](CO)C(=O)O)N[C@@H](CCCCN)C(=O)O)C(C)N1CCC[C@H]1C(O)N[C@@H](CC(N)=O)C(=O)O)N[C@@H](Cc1c[nH]c2ccccc12)C(NCC(=O)O)N[C@@H](CS)C(=O)O)C(N[C@@H](Cc1cnc[nH]1)C(=O)O)N[C@H](C(=O)O)C(C)C,BYHZTWIPRJSROW-QLYQNKPQSA-N,BBB+,1,3070.7829999999926,-9.226790000000106,1338.4799999999996,61,56,124,4,213,6,experimental_classification,p
BBBP_00823,823,CCC(C)[C@H](NC(N[C@@H](Cc1c[nH]c2ccccc12)C(=O)O)[C@H](CCC(N)N[C@@H](CCCCN)C(N[C@@H](CCCCN)C(=O)O)N[C@@H](Cc1c[nH]c2ccccc12)C(=O)O)NC(N[C@@H](C(C)CC)C(N[C@@H](CCCNC(=N)N)C(=O)O)N[C@@H](Cc1ccccc1)C(=O)O)[C@@H](N)CCCNC(=N)N)C(N[C@@H](CCCCN)C(=O)O)N[C@@H](CCCCN)C(=O)O,CCC(C)[C@H](NC(N[C@@H](Cc1c[nH]c2ccccc12)C(=O)O)[C@H](CCC(N)N[C@@H](CCCCN)C(N[C@@H](CCCCN)C(=O)O)N[C@@H](Cc1c[nH]c2ccccc12)C(=O)O)NC(N[C@@H](C(C)CC)C(N[C@@H](CCCNC(=N)N)C(=O)O)N[C@@H](Cc1ccccc1)C(=O)O)[C@@H](N)CCCNC(=N)N)C(N[C@@H](CCCCN)C(=O)O)N[C@@H](CCCCN)C(=O)O,LURHGZZAGCESGX-YXDTWBSJSA-N,BBB+,1,1729.245000000002,0.9670400000000214,704.9299999999998,32,26,71,5,123,5,experimental_classification,p
BBBP_00824,824,CCC(C)[C@H](NC(N[C@H](C(=O)O)C(C)CC)[C@H](CCCCN)NC(C[C@H](NC(N[C@@H](CCCCN)C(N[C@@H](CCCNC(=N)N)C(=O)O)N[C@@H](Cc1ccccc1)C(N[C@@H](CCCNC(=N)N)C(=O)O)N[C@H](C(=O)O)C(C)O)[C@H](CCCNC(=N)N)NC(N[C@@H](CCSC)C(N[C@@H](C(C)C)C(N[C@@H](Cc1cnc[nH]1)C(N[C@@H](CC(N)=O)C(=O)O)N[C@@H](Cc1ccccc1)C(=O)O)N[C@@H](CC(C)C)C(N[C@@H](CCCNC(=N)N)C(=O)O)N[C@@H](CC(N)=O)C(=O)O)N[C@@H](C)C(N[C@@H](CC(C)C)C(NCC(=O)O)N[C@@H](CCC(=O)O)C(=O)O)N[C@@H](CC(C)C)C(N[C@@H](CCC(N)=O)C(=O)O)N[C@@H](Cc1ccccc1)C(=O)O)[C@H](C)N)C(N[C@@H](CC(C)C)C(N[C@@H](CCCNC(=N)N)C(=O)O)N[C@@H](CC(=O)O)C(=O)O)N[C@@H](CCCCN)C(N[C@@H](CS)C(=O)O)N[C@H](C(=O)O)C(C)CC)N[C@@H](CC(C)C)C(N[C@@H](CO)C(=O)O)N[C@@H](CCC(=O)O)C(=O)O)C(=O)O,CCC(C)[C@H](NC(N[C@H](C(=O)O)C(C)CC)[C@H](CCCCN)NC(C[C@H](NC(N[C@@H](CCCCN)C(N[C@@H](CCCNC(=N)N)C(=O)O)N[C@@H](Cc1ccccc1)C(N[C@@H](CCCNC(=N)N)C(=O)O)N[C@H](C(=O)O)C(C)O)[C@H](CCCNC(=N)N)NC(N[C@@H](CCSC)C(N[C@@H](C(C)C)C(N[C@@H](Cc1cnc[nH]1)C(N[C@@H](CC(N)=O)C(=O)O)N[C@@H](Cc1ccccc1)C(=O)O)N[C@@H](CC(C)C)C(N[C@@H](CCCNC(=N)N)C(=O)O)N[C@@H](CC(N)=O)C(=O)O)N[C@@H](C)C(N[C@@H](CC(C)C)C(NCC(=O)O)N[C@@H](CCC(=O)O)C(=O)O)N[C@@H](CC(C)C)C(N[C@@H](CCC(N)=O)C(=O)O)N[C@@H](Cc1ccccc1)C(=O)O)[C@H](C)N)C(N[C@@H](CC(C)C)C(N[C@@H](CCCNC(=N)N)C(=O)O)N[C@@H](CC(=O)O)C(=O)O)N[C@@H](CCCCN)C(N[C@@H](CS)C(=O)O)N[C@H](C(=O)O)C(C)CC)N[C@@H](CC(C)C)C(N[C@@H](CO)C(=O)O)N[C@@H](CCC(=O)O)C(=O)O)C(=O)O,CEWPZUBRCIWJTI-XNAKZROHSA-N,BBB+,1,4267.326999999981,-8.196450000000317,1841.6099999999988,82,73,183,4,297,4,experimental_classification,p
BBBP_00825,825,CCC(C)[C@H](NC(N[C@@H](Cc1c[nH]c2ccccc12)C(N[C@@H](CCCCN)C(=O)O)N[C@@H](CCC(=O)O)C(=O)O)[C@H](CCC(N)N[C@@H](C(C)N[C@@H](CC(N)=O)C(=O)O)C(N[C@@H](CCCNC(=N)N)C(=O)O)N[C@@H](CCCNC(=N)N)C(=O)O)NC(N[C@@H](C(C)C)C(N[C@@H](CCC(N)=O)C(=O)O)N[C@@H](Cc1ccccc1)C(O)N[C@@H](CCCCN)C(=O)O)[C@@H](N)CCCNC(=N)N)C(N[C@@H](CCCCN)C(=O)O)N[C@H](C(=O)O)C(C)C,CCC(C)[C@H](NC(N[C@@H](Cc1c[nH]c2ccccc12)C(N[C@@H](CCCCN)C(=O)O)N[C@@H](CCC(=O)O)C(=O)O)[C@H](CCC(N)N[C@@H](C(C)N[C@@H](CC(N)=O)C(=O)O)C(N[C@@H](CCCNC(=N)N)C(=O)O)N[C@@H](CCCNC(=N)N)C(=O)O)NC(N[C@@H](C(C)C)C(N[C@@H](CCC(N)=O)C(=O)O)N[C@@H](Cc1ccccc1)C(O)N[C@@H](CCCCN)C(=O)O)[C@@H](N)CCCNC(=N)N)C(N[C@@H](CCCCN)C(=O)O)N[C@H](C(=O)O)C(C)C,DVLSHYYTLJHVBE-KAQQXYLISA-N,BBB+,1,2132.6380000000013,-5.316089999999889,991.45,43,36,90,3,150,3,experimental_classification,p
BBBP_00826,826,CC(C)C[C@H](NC(CNC(N[C@@H](Cc1c[nH]c2ccccc12)C(N[C@@H](CCCNC(=N)N)C(N[C@@H](CCCNC(=N)N)C(=O)O)N[C@@H](CC(C)C)C(=O)O)N[C@@H](CC(C)C)C(N[C@@H](CCCCN)C(=O)O)N[C@@H](CCCNC(=N)N)C(=O)O)[C@@H](N)CS)N[C@@H](CCCCN)C(N[C@@H](CCCNC(=N)N)C(=O)O)N[C@@H](CC(C)C)C(=O)O)C(=O)O,CC(C)C[C@H](NC(CNC(N[C@@H](Cc1c[nH]c2ccccc12)C(N[C@@H](CCCNC(=N)N)C(N[C@@H](CCCNC(=N)N)C(=O)O)N[C@@H](CC(C)C)C(=O)O)N[C@@H](CC(C)C)C(N[C@@H](CCCCN)C(=O)O)N[C@@H](CCCNC(=N)N)C(=O)O)[C@@H](N)CS)N[C@@H](CCCCN)C(N[C@@H](CCCNC(=N)N)C(=O)O)N[C@@H](CC(C)C)C(=O)O)C(=O)O,HNORXLMHKBVCJI-NCADRLGNSA-N,BBB+,1,1710.2690000000014,-1.85841999999995,746.91,36,27,72,2,119,2,experimental_classification,p
BBBP_00827,827,CC(C)C[C@H](NC(N[C@@H](CC(C)C)C(=O)O)[C@H](CC(C)C)NC(N[C@@H](C)C(N[C@@H](C)C(O)N1CCC[C@H]1C(=O)O)N[C@H](C(=O)O)C(C)C)[C@H](C)NC(N[C@@H](C(C)C)C(N[C@@H](CC(C)C)C(N[C@@H](C)C(=O)O)N[C@@H](CC(C)C)C(=O)O)N1CCC[C@H]1C(N[C@@H](C)C(=O)O)N[C@@H](CC(C)C)C(=O)O)[C@H](C)N)C(=O)O,CC(C)C[C@H](NC(N[C@@H](CC(C)C)C(=O)O)[C@H](CC(C)C)NC(N[C@@H](C)C(N[C@@H](C)C(O)N1CCC[C@H]1C(=O)O)N[C@H](C(=O)O)C(C)C)[C@H](C)NC(N[C@@H](C(C)C)C(N[C@@H](CC(C)C)C(N[C@@H](C)C(=O)O)N[C@@H](CC(C)C)C(=O)O)N1CCC[C@H]1C(N[C@@H](C)C(=O)O)N[C@@H](CC(C)C)C(=O)O)[C@H](C)N)C(=O)O,PJOWBQGYSJOXFX-QMARQIBQSA-N,BBB+,1,1532.077,2.684999999999987,507.52,23,25,58,0,107,2,experimental_classification,p
BBBP_00828,828,CC(C)C[C@H](NC([C@@H]1CCCN1C(NCC(N[C@@H](CCCNC(=N)N)C(=O)O)N1CCC[C@H]1C(=O)O)[C@H](Cc1ccc(N[C@@H](CCCCN)C(NCC(=O)O)N[C@@H](CCCCN)C(O)N[C@@H](Cc2cnc[nH]2)C(=O)O)cc1)NC(N[C@@H](CCCCN)C(N[C@@H](C)C(NCC(=O)O)N[C@@H](CCCNC(=N)N)C(=O)O)N[C@@H](CCCCN)C(N[C@@H](Cc1ccccc1)C(=O)O)N[C@@H](Cc1c[nH]c2ccccc12)C(=O)O)[C@@H](N)CC(C)C)N1CCC[C@H]1C(=O)O)C(=O)O,CC(C)C[C@H](NC([C@@H]1CCCN1C(NCC(N[C@@H](CCCNC(=N)N)C(=O)O)N1CCC[C@H]1C(=O)O)[C@H](Cc1ccc(N[C@@H](CCCCN)C(NCC(=O)O)N[C@@H](CCCCN)C(O)N[C@@H](Cc2cnc[nH]2)C(=O)O)cc1)NC(N[C@@H](CCCCN)C(N[C@@H](C)C(NCC(=O)O)N[C@@H](CCCNC(=N)N)C(=O)O)N[C@@H](CCCCN)C(N[C@@H](Cc1ccccc1)C(=O)O)N[C@@H](Cc1c[nH]c2ccccc12)C(=O)O)[C@@H](N)CC(C)C)N1CCC[C@H]1C(=O)O)C(=O)O,HUTSAAPMABRSCD-NPFLCRTDSA-N,BBB+,1,2254.8520000000003,-1.1005599999999196,881.77,39,37,88,5,160,8,experimental_classification,p
BBBP_00829,829,CCC(C)[C@H](NC(N[C@@H](CCCCN)C(N[C@@H](CCCNC(=N)N)C(O)N[C@@H](C)C(=O)O)N[C@H](C(=O)O)C(C)CC)[C@@H](N)C(C)N[C@@H](CC(C)C)C(N[C@@H](C(C)CC)C(N[C@@H](CO)C(=O)O)N[C@@H](Cc1cnc[nH]1)C(=O)O)N[C@@H](C(C)N[C@@H](CC(N)=O)C(=O)O)C(N[C@@H](CC(=O)O)C(=O)O)N[C@H](C(=O)O)C(C)CC)C(N[C@@H](C(C)C)C(N[C@@H](CCC(N)=O)C(=O)O)N[C@H](C(=O)O)C(C)O)N[C@@H](C(C)N[C@@H](CO)C(=O)O)C(N[C@@H](CO)C(=O)O)N[C@H](C(=O)O)C(C)C,CCC(C)[C@H](NC(N[C@@H](CCCCN)C(N[C@@H](CCCNC(=N)N)C(O)N[C@@H](C)C(=O)O)N[C@H](C(=O)O)C(C)CC)[C@@H](N)C(C)N[C@@H](CC(C)C)C(N[C@@H](C(C)CC)C(N[C@@H](CO)C(=O)O)N[C@@H](Cc1cnc[nH]1)C(=O)O)N[C@@H](C(C)N[C@@H](CC(N)=O)C(=O)O)C(N[C@@H](CC(=O)O)C(=O)O)N[C@H](C(=O)O)C(C)CC)C(N[C@@H](C(C)C)C(N[C@@H](CCC(N)=O)C(=O)O)N[C@H](C(=O)O)C(C)O)N[C@@H](C(C)N[C@@H](CO)C(=O)O)C(N[C@@H](CO)C(=O)O)N[C@H](C(=O)O)C(C)C,KPPMDPDUICADRW-UMRSOOJPSA-N,BBB+,1,2315.786999999997,-8.520629999999995,1055.4500000000003,46,44,97,1,161,1,experimental_classification,p
BBBP_00830,830,CC(C)C[C@H](NC(N[C@@H](CCCNC(=N)N)C(=O)O)[C@@H]1CCCN1C(N[C@@H](C)C(=O)O)[C@@H](N)C(C)C)C(=O)O,CC(C)C[C@H](NC(N[C@@H](CCCNC(=N)N)C(=O)O)[C@@H]1CCCN1C(N[C@@H](C)C(=O)O)[C@@H](N)C(C)C)C(=O)O,GYYUBRILZQKUOG-JEQRBCCASA-N,BBB+,1,558.7250000000003,-0.456029999999992,239.14999999999998,10,9,19,0,39,1,experimental_classification,p
BBBP_00831,831,CC(C)C[C@H](N)C(N[C@@H](C(C)C)C(N[C@@H](C)C(=O)O)N[C@@H](Cc1ccccc1)C(=O)O)N[C@@H](Cc1ccccc1)C(=O)O,CC(C)C[C@H](N)C(N[C@@H](C(C)C)C(N[C@@H](C)C(=O)O)N[C@@H](Cc1ccccc1)C(=O)O)N[C@@H](Cc1ccccc1)C(=O)O,QDGYDDFNVQCHCV-ZUNKUOHBSA-N,BBB+,1,599.7730000000003,2.2599000000000062,186.04,8,8,20,2,43,2,experimental_classification,p
BBBP_00832,832,CCC(C)[C@H](NC([C@H](CC(C)C)NC(N[C@@H](CC(C)C)C(O)N[C@@H](C)C(=O)O)[C@@H](N)CN[C@@H](C)C(N[C@@H](CO)C(=O)O)N[C@@H](CCCNC(=N)N)C(=O)O)N1CCC[C@H]1C(=O)O)C(=O)O,CCC(C)[C@H](NC([C@H](CC(C)C)NC(N[C@@H](CC(C)C)C(O)N[C@@H](C)C(=O)O)[C@@H](N)CN[C@@H](C)C(N[C@@H](CO)C(=O)O)N[C@@H](CCCNC(=N)N)C(=O)O)N1CCC[C@H]1C(=O)O)C(=O)O,RHGXVTHFFCEITB-SHDFTTDRSA-N,BBB+,1,935.1789999999999,-2.3611300000000206,402.33,18,17,36,0,65,1,experimental_classification,p
BBBP_00833,833,CCC(C)[C@H](NC(N[C@@H](C(C)CC)C(N[C@@H](Cc1cnc[nH]1)C(=O)O)N1CCC[C@H]1C(=O)O)[C@H](CCCNC(=N)N)NC[C@H](NC(N[C@@H](C(C)C)C(N[C@@H](CCC(NCC(=O)O)NCC(=O)O)C(N[C@@H](CS)C(=O)O)N[C@@H](CCCNC(=N)N)C(=O)O)N[C@@H](CC(N)N[C@@H](CC(C)C)C(N[C@@H](CCCNC(=N)N)C(=O)O)N[C@@H](CCCNC(=N)N)C(=O)O)C(N[C@@H](CCCNC(=N)N)C(=O)O)N[C@H](C(=O)O)C(C)C)[C@@H](N)CCCCN)C(N[C@H](C(N[C@@H](CNCC(=O)O)C(NCC(=O)O)N[C@@H](CCCNC(=N)N)C(=O)O)N[C@@H](CCCCN)C(N[C@@H](CCCNC(=N)N)C(=O)O)N[C@@H](CCCNC(=N)N)C(=O)O)C(C)N1CCC[C@H]1C(NCC(=O)O)N[C@@H](CC(N)=O)C(=O)O)N[C@@H](Cc1c[nH]c2ccccc12)C(NCC(N[C@@H](CCCNC(=N)N)C(=O)O)N[C@@H](CCCNC(=N)N)C(=O)O)N[C@@H](CS)C(N[C@@H](CCCNC(=N)N)C(=O)O)N[C@@H](CCCNC(=N)N)C(=O)O)C(N[C@@H](Cc1cnc[nH]1)C(=O)O)N[C@H](C(=O)O)C(C)C,CCC(C)[C@H](NC(N[C@@H](C(C)CC)C(N[C@@H](Cc1cnc[nH]1)C(=O)O)N1CCC[C@H]1C(=O)O)[C@H](CCCNC(=N)N)NC[C@H](NC(N[C@@H](C(C)C)C(N[C@@H](CCC(NCC(=O)O)NCC(=O)O)C(N[C@@H](CS)C(=O)O)N[C@@H](CCCNC(=N)N)C(=O)O)N[C@@H](CC(N)N[C@@H](CC(C)C)C(N[C@@H](CCCNC(=N)N)C(=O)O)N[C@@H](CCCNC(=N)N)C(=O)O)C(N[C@@H](CCCNC(=N)N)C(=O)O)N[C@H](C(=O)O)C(C)C)[C@@H](N)CCCCN)C(N[C@H](C(N[C@@H](CNCC(=O)O)C(NCC(=O)O)N[C@@H](CCCNC(=N)N)C(=O)O)N[C@@H](CCCCN)C(N[C@@H](CCCNC(=N)N)C(=O)O)N[C@@H](CCCNC(=N)N)C(=O)O)C(C)N1CCC[C@H]1C(NCC(=O)O)N[C@@H](CC(N)=O)C(=O)O)N[C@@H](Cc1c[nH]c2ccccc12)C(NCC(N[C@@H](CCCNC(=N)N)C(=O)O)N[C@@H](CCCNC(=N)N)C(=O)O)N[C@@H](CS)C(N[C@@H](CCCNC(=N)N)C(=O)O)N[C@@H](CCCNC(=N)N)C(=O)O)C(N[C@@H](Cc1cnc[nH]1)C(=O)O)N[C@H](C(=O)O)C(C)C,GABWPHONRYGCDF-GFLUJDHMSA-N,BBB+,1,4657.719999999986,-20.226659999999953,2260.579999999999,105,82,196,4,324,6,experimental_classification,p
BBBP_00834,834,CCC(C)[C@H](NC(N[C@@H](CCCNC(=N)N)C(=O)O)[C@H](CS)NC[C@H](NC(CN)N[C@@H](CC(C)C)C(NCC(N[C@@H](CC(=O)O)C(=O)O)N[C@@H](CC(C)C)C(=O)O)N[C@@H](CCCCN)C(N[C@@H](CCCCN)C(NCC(=O)O)N[C@@H](CS)C(=O)O)N[C@@H](CC(C)C)C(NCC(=O)O)N[C@@H](CC(C)C)C(=O)O)C(NCC(N[C@@H](CO)C(=O)O)N[C@@H](CCSC)C(=O)O)N[C@@H](Cc1ccccc1)C(NCC(=O)O)N[C@@H](CO)C(=O)O)C(=O)O,CCC(C)[C@H](NC(N[C@@H](CCCNC(=N)N)C(=O)O)[C@H](CS)NC[C@H](NC(CN)N[C@@H](CC(C)C)C(NCC(N[C@@H](CC(=O)O)C(=O)O)N[C@@H](CC(C)C)C(=O)O)N[C@@H](CCCCN)C(N[C@@H](CCCCN)C(NCC(=O)O)N[C@@H](CS)C(=O)O)N[C@@H](CC(C)C)C(NCC(=O)O)N[C@@H](CC(C)C)C(=O)O)C(NCC(N[C@@H](CO)C(=O)O)N[C@@H](CCSC)C(=O)O)N[C@@H](Cc1ccccc1)C(NCC(=O)O)N[C@@H](CO)C(=O)O)C(=O)O,RVOAMFOLGBOSPV-IZUDSGRBSA-N,BBB+,1,2219.8169999999986,-6.433029999999925,917.9500000000002,44,43,98,1,151,1,experimental_classification,p
BBBP_00835,835,CCC(C)[C@H](NC(C[C@H](NC(N[C@@H](CN[C@@H](CCCCN)C(=O)O)C(N[C@@H](C)C(=O)O)N[C@@H](CCC(=O)O)C(=O)O)[C@H](CCC(N[C@@H](C(C)N[C@@H](CCC(N)=O)C(=O)O)C(N[C@@H](C)C(=O)O)N[C@@H](C)C(=O)O)N[C@@H](Cc1ccccc1)C(NCC(=O)O)N[C@@H](CCC(=O)O)C(=O)O)NC(N[C@@H](C)C(NCC(N[C@@H](C(C)C)C(N[C@@H](CC(C)C)C(=O)O)N[C@H](C(=O)O)C(C)C)N[C@@H](CN[C@@H](CCCNC(=N)N)C(=O)O)C(NCC(=O)O)N[C@@H](CCCNC(=N)N)C(=O)O)N[C@@H](C(C)N[C@@H](CNCC(=O)O)C(=O)O)C(N[C@@H](Cc1ccc(O)cc1)C(=O)O)N[C@@H](CC(C)C)C(=O)O)[C@@H](N)Cc1cnc[nH]1)C(N[C@@H](C)C(=O)O)N[C@@H](Cc1c[nH]c2ccccc12)C(=O)O)N[C@@H](Cc1ccccc1)C(=O)O)C(=O)O,CCC(C)[C@H](NC(C[C@H](NC(N[C@@H](CN[C@@H](CCCCN)C(=O)O)C(N[C@@H](C)C(=O)O)N[C@@H](CCC(=O)O)C(=O)O)[C@H](CCC(N[C@@H](C(C)N[C@@H](CCC(N)=O)C(=O)O)C(N[C@@H](C)C(=O)O)N[C@@H](C)C(=O)O)N[C@@H](Cc1ccccc1)C(NCC(=O)O)N[C@@H](CCC(=O)O)C(=O)O)NC(N[C@@H](C)C(NCC(N[C@@H](C(C)C)C(N[C@@H](CC(C)C)C(=O)O)N[C@H](C(=O)O)C(C)C)N[C@@H](CN[C@@H](CCCNC(=N)N)C(=O)O)C(NCC(=O)O)N[C@@H](CCCNC(=N)N)C(=O)O)N[C@@H](C(C)N[C@@H](CNCC(=O)O)C(=O)O)C(N[C@@H](Cc1ccc(O)cc1)C(=O)O)N[C@@H](CC(C)C)C(=O)O)[C@@H](N)Cc1cnc[nH]1)C(N[C@@H](C)C(=O)O)N[C@@H](Cc1c[nH]c2ccccc12)C(=O)O)N[C@@H](Cc1ccccc1)C(=O)O)C(=O)O,QQAVFYFATQUCBI-BQJQRTJPSA-N,BBB+,1,3481.0189999999857,-8.169360000000175,1514.4599999999994,66,61,143,6,245,6,experimental_classification,p
BBBP_00836,836,CC(C)[C@H](Nc1ccc(C[C@H](NC(N[C@@H](CS)C(N[C@@H](CCCCN)C(=O)O)N[C@@H](Cc2c[nH]c3ccccc23)C(=O)O)[C@@H](N)Cc2ccccc2)C(N[C@@H](CS)C(=O)O)N[C@@H](Cc2c[nH]c3ccccc23)C(=O)O)cc1)C(=O)O,CC(C)[C@H](Nc1ccc(C[C@H](NC(N[C@@H](CS)C(N[C@@H](CCCCN)C(=O)O)N[C@@H](Cc2c[nH]c3ccccc23)C(=O)O)[C@@H](N)Cc2ccccc2)C(N[C@@H](CS)C(=O)O)N[C@@H](Cc2c[nH]c3ccccc23)C(=O)O)cc1)C(=O)O,NNCDSHTXGFTQLE-AYCSGUNESA-N,BBB+,1,1140.4440000000002,3.8227000000000118,354.33000000000004,18,16,37,6,80,6,experimental_classification,p
BBBP_00837,837,CC(C)C[C@H](NC(CC[C@H](NC(N[C@@H](CCCNC(=N)N)C(N[C@@H](CCCNC(=N)N)C(=O)O)N[C@@H](CCC(=O)O)C(=O)O)[C@H](CCCNC(=N)N)NC(N[C@@H](CCCNC(=N)N)C(N[C@@H](CO)C(=O)O)N[C@@H](CCC(N)N[C@@H](CCC(N)=O)C(=O)O)C(N[C@@H](CO)C(=O)O)N[C@@H](CCCNC(=N)N)C(=O)O)[C@@H](N)CC(C)C)C(N[C@@H](CCCNC(=N)N)C(=O)O)N[C@@H](CCCNC(=N)N)C(=O)O)N[C@@H](CCCNC(=N)N)C(=O)O)C(=O)O,CC(C)C[C@H](NC(CC[C@H](NC(N[C@@H](CCCNC(=N)N)C(N[C@@H](CCCNC(=N)N)C(=O)O)N[C@@H](CCC(=O)O)C(=O)O)[C@H](CCCNC(=N)N)NC(N[C@@H](CCCNC(=N)N)C(N[C@@H](CO)C(=O)O)N[C@@H](CCC(N)N[C@@H](CCC(N)=O)C(=O)O)C(N[C@@H](CO)C(=O)O)N[C@@H](CCCNC(=N)N)C(=O)O)[C@@H](N)CC(C)C)C(N[C@@H](CCCNC(=N)N)C(=O)O)N[C@@H](CCCNC(=N)N)C(=O)O)N[C@@H](CCCNC(=N)N)C(=O)O)C(=O)O,QCHRJAGCKIEBAM-LOFPOGSHSA-N,BBB+,1,2198.623000000001,-13.026140000000009,1221.5399999999997,55,39,96,0,153,0,experimental_classification,p
BBBP_00838,838,CCC(C)[C@H](NC(N[C@@H](Cc1ccccc1)C(N[C@@H](CCCCN)C(=O)O)N[C@@H](Cc1ccccc1)C(=O)O)[C@H](CCC(N)N[C@@H](CCCCN)C(N[C@@H](CCCNC(=N)N)C(=O)O)N[C@@H](CC(N)=O)C(=O)O)NC(N[C@@H](C(C)CC)C(N[C@@H](CCC(N)=O)C(=O)O)N[C@@H](Cc1ccccc1)C(N[C@@H](CCCCN)C(=O)O)N[C@@H](CCCCN)C(=O)O)[C@@H](N)CCCNC(=N)N)C(N[C@@H](CCCNC(=N)N)C(=O)O)N[C@@H](CCSC)C(=O)O,CCC(C)[C@H](NC(N[C@@H](Cc1ccccc1)C(N[C@@H](CCCCN)C(=O)O)N[C@@H](Cc1ccccc1)C(=O)O)[C@H](CCC(N)N[C@@H](CCCCN)C(N[C@@H](CCCNC(=N)N)C(=O)O)N[C@@H](CC(N)=O)C(=O)O)NC(N[C@@H](C(C)CC)C(N[C@@H](CCC(N)=O)C(=O)O)N[C@@H](Cc1ccccc1)C(N[C@@H](CCCCN)C(=O)O)N[C@@H](CCCCN)C(=O)O)[C@@H](N)CCCNC(=N)N)C(N[C@@H](CCCNC(=N)N)C(=O)O)N[C@@H](CCSC)C(=O)O,VYYUTXJYHYPOIL-ANJRXATLSA-N,BBB+,1,2184.8270000000007,-3.1840899999998973,944.15,41,36,95,3,153,3,experimental_classification,p
BBBP_00839,839,CCC(C)[C@H](NC(CNC(N[C@@H](C)C(N[C@@H](C)C(=O)O)N1CCC[C@H]1C(=O)O)[C@@H](N)CC(N)N1CCC[C@H]1C(N[C@@H](CN[C@@H](CS)C(=O)O)C(=O)O)N1CCC[C@H]1C(N[C@@H](CO)C(=O)O)N[C@H](C(=O)O)C(C)CC)N[C@@H](Cc1cnc[nH]1)C(=O)O)C(=O)O,CCC(C)[C@H](NC(CNC(N[C@@H](C)C(N[C@@H](C)C(=O)O)N1CCC[C@H]1C(=O)O)[C@@H](N)CC(N)N1CCC[C@H]1C(N[C@@H](CN[C@@H](CS)C(=O)O)C(=O)O)N1CCC[C@H]1C(N[C@@H](CO)C(=O)O)N[C@H](C(=O)O)C(C)CC)N[C@@H](Cc1cnc[nH]1)C(=O)O)C(=O)O,BSSHJWANBPPMRH-VNDRYEBCSA-N,BBB+,1,1275.5400000000004,-4.035800000000011,517.34,22,25,45,1,88,4,experimental_classification,p
BBBP_00840,840,CCC(C)[C@H](NC(N[C@@H](CCCNC(=N)N)C(=O)O)[C@H](CCCNC(=N)N)NC(CNC(N[C@@H](Cc1ccc(N[C@@H](C(C)C)C(N[C@@H](C)C(=O)O)N[C@@H](Cc2c[nH]c3ccccc23)C(=O)O)cc1)C(N[C@@H](CC(N)=O)C(=O)O)N[C@@H](Cc1cnc[nH]1)C(NCC(=O)O)N1CCC[C@H]1C(=O)O)[C@@H](N)CS)N1CCC[C@H]1C(NCC(=O)O)N[C@@H](Cc1cnc[nH]1)C(=O)O)C(=O)O,CCC(C)[C@H](NC(N[C@@H](CCCNC(=N)N)C(=O)O)[C@H](CCCNC(=N)N)NC(CNC(N[C@@H](Cc1ccc(N[C@@H](C(C)C)C(N[C@@H](C)C(=O)O)N[C@@H](Cc2c[nH]c3ccccc23)C(=O)O)cc1)C(N[C@@H](CC(N)=O)C(=O)O)N[C@@H](Cc1cnc[nH]1)C(NCC(=O)O)N1CCC[C@H]1C(=O)O)[C@@H](N)CS)N1CCC[C@H]1C(NCC(=O)O)N[C@@H](Cc1cnc[nH]1)C(=O)O)C(=O)O,ZVSXCVLCVGSELA-YKBLQIMSSA-N,BBB+,1,1834.1910000000018,-3.5882599999999716,764.6300000000001,34,31,66,5,129,7,experimental_classification,p
BBBP_00841,841,CSCC[C@H](NC(O)[C@H](CC(C)C)NC(N)CC[C@H](N)C(N[C@H](C(=O)O)C(C)C)N1CCC[C@H]1C(=O)O)C(=O)O,CSCC[C@H](NC(O)[C@H](CC(C)C)NC(N)CC[C@H](N)C(N[C@H](C(=O)O)C(C)C)N1CCC[C@H]1C(=O)O)C(=O)O,BUCDFSCKOJXSRR-RKGPMLAISA-N,BBB+,1,592.8040000000005,0.07120000000000892,223.49999999999997,9,11,21,0,40,1,experimental_classification,p
BBBP_00842,842,N=C(N)NCCC[C@H](NC(O)[C@H](CCCNC(=N)N)NC(N[C@@H](CCCNC(=N)N)C(=O)O)[C@H](CCCNC(=N)N)NC(N[C@@H](CCCNC(=N)N)C(N[C@@H](CCCNC(=N)N)C(=O)O)N[C@@H](CCCNC(=N)N)C(=O)O)[C@@H](N)CCCNC(=N)N)C(=O)O,N=C(N)NCCC[C@H](NC(O)[C@H](CCCNC(=N)N)NC(N[C@@H](CCCNC(=N)N)C(=O)O)[C@H](CCCNC(=N)N)NC(N[C@@H](CCCNC(=N)N)C(N[C@@H](CCCNC(=N)N)C(=O)O)N[C@@H](CCCNC(=N)N)C(=O)O)[C@@H](N)CCCNC(=N)N)C(=O)O,CJAIMKMOGWJGDP-MIEVROBZSA-N,BBB+,1,1275.5910000000001,-9.237639999999931,774.86,37,21,54,0,89,0,experimental_classification,p
BBBP_00843,843,C[C@H](NC(N[C@@H](CO)C(=O)O)[C@H](C)NC(N[C@@H](C)C(NCC(NCC(=O)O)N[C@@H](CCC(=O)O)C(=O)O)N[C@@H](CC(=O)O)C(=O)O)[C@@H](N)Cc1c[nH]c2ccccc12)C(=O)O,C[C@H](NC(N[C@@H](CO)C(=O)O)[C@H](C)NC(N[C@@H](C)C(NCC(NCC(=O)O)N[C@@H](CCC(=O)O)C(=O)O)N[C@@H](CC(=O)O)C(=O)O)[C@@H](N)Cc1c[nH]c2ccccc12)C(=O)O,RFWSADVGVZDMTN-CKRRXLJCSA-N,BBB+,1,870.9150000000002,-3.915000000000016,419.38,18,17,33,2,61,2,experimental_classification,p
BBBP_00844,844,N=C(N)NCCC[C@H](NC(NCC(O)N[C@@H](CS)C(=O)O)[C@H](CCCNC(=N)N)NC(N[C@@H](CC(N)NCC(=O)O)C(N[C@@H](CC(=O)O)C(=O)O)N1CCC[C@H]1C(=O)O)[C@@H](N)CS)C(=O)O,N=C(N)NCCC[C@H](NC(NCC(O)N[C@@H](CS)C(=O)O)[C@H](CCCNC(=N)N)NC(N[C@@H](CC(N)NCC(=O)O)C(N[C@@H](CC(=O)O)C(=O)O)N1CCC[C@H]1C(=O)O)[C@@H](N)CS)C(=O)O,YCZZXDGPPYOGCU-ZLTVBYAUSA-N,BBB+,1,987.1779999999999,-6.996260000000015,507.32,24,21,38,0,66,1,experimental_classification,p
BBBP_00845,845,N=C(N)NCCC[C@H](NC(CC[C@H](NC(NCC(N[C@@H](CCCNC(=N)N)C(=O)O)N1CCC[C@H]1C(=O)O)[C@@H](N)CCCNC(=N)N)C(=O)O)N1CCC[C@H]1C(=O)O)C(=O)O,N=C(N)NCCC[C@H](NC(CC[C@H](NC(NCC(N[C@@H](CCCNC(=N)N)C(=O)O)N1CCC[C@H]1C(=O)O)[C@@H](N)CCCNC(=N)N)C(=O)O)N1CCC[C@H]1C(=O)O)C(=O)O,QGKUMVPIHYGJJG-ZTZVOJJNSA-N,BBB+,1,873.0309999999998,-4.32199000000002,452.82,19,15,32,0,61,2,experimental_classification,p
BBBP_00846,846,CCC(C)[C@H](NC(N[C@@H](Cc1c[nH]c2ccccc12)C(N[C@@H](CCCNC(=N)N)C(N[C@@H](C)C(=O)O)N[C@@H](CCCNC(=N)N)C(=O)O)N1CCC[C@H]1C(N[C@@H](CO)C(=O)O)N[C@@H](CC(N)=O)C(=O)O)[C@@H](N)Cc1ccc(N[C@@H](C(C)N[C@@H](CCSC)C(NCC(NCC(=O)O)NCC(=O)O)N[C@@H](C(C)NCC(=O)O)C(NCC(=O)O)N[C@@H](CCCNC(=N)N)C(=O)O)C(N[C@@H](CCC(N[C@@H](CC(N[C@@H](CCCNC(=N)N)C(=O)O)N[C@@H](CCCNC(=N)N)C(=O)O)C(N[C@@H](CCCNC(=N)N)C(=O)O)N[C@@H](CCCNC(=N)N)C(=O)O)N[C@H](C(=O)O)C(C)CC)C(N[C@@H](Cc2ccccc2)C(=O)O)N[C@H](C(=O)O)C(C)O)N2CCC[C@H]2C(N[C@@H](CS)C(N[C@@H](CCCNC(=N)N)C(=O)O)N[C@@H](CCCNC(=N)N)C(=O)O)N2CCC[C@H]2C(N[C@@H](CCCNC(=N)N)C(=O)O)N[C@@H](CCCNC(=N)N)C(=O)O)cc1)C(N[C@@H](CC(N)N[C@@H](CC(N)=O)C(=O)O)C(N[C@@H](CO)C(=O)O)N[C@@H](CCCNC(=N)N)C(=O)O)N1CCC[C@H]1C(NCC(=O)O)N[C@@H](CCCCN)C(=O)O,CCC(C)[C@H](NC(N[C@@H](Cc1c[nH]c2ccccc12)C(N[C@@H](CCCNC(=N)N)C(N[C@@H](C)C(=O)O)N[C@@H](CCCNC(=N)N)C(=O)O)N1CCC[C@H]1C(N[C@@H](CO)C(=O)O)N[C@@H](CC(N)=O)C(=O)O)[C@@H](N)Cc1ccc(N[C@@H](C(C)N[C@@H](CCSC)C(NCC(NCC(=O)O)NCC(=O)O)N[C@@H](C(C)NCC(=O)O)C(NCC(=O)O)N[C@@H](CCCNC(=N)N)C(=O)O)C(N[C@@H](CCC(N[C@@H](CC(N[C@@H](CCCNC(=N)N)C(=O)O)N[C@@H](CCCNC(=N)N)C(=O)O)C(N[C@@H](CCCNC(=N)N)C(=O)O)N[C@@H](CCCNC(=N)N)C(=O)O)N[C@H](C(=O)O)C(C)CC)C(N[C@@H](Cc2ccccc2)C(=O)O)N[C@H](C(=O)O)C(C)O)N2CCC[C@H]2C(N[C@@H](CS)C(N[C@@H](CCCNC(=N)N)C(=O)O)N[C@@H](CCCNC(=N)N)C(=O)O)N2CCC[C@H]2C(N[C@@H](CCCNC(=N)N)C(=O)O)N[C@@H](CCCNC(=N)N)C(=O)O)cc1)C(N[C@@H](CC(N)N[C@@H](CC(N)=O)C(=O)O)C(N[C@@H](CO)C(=O)O)N[C@@H](CCCNC(=N)N)C(=O)O)N1CCC[C@H]1C(NCC(=O)O)N[C@@H](CCCCN)C(=O)O,RVZKMONYXICODM-KLJQLYFDSA-N,BBB+,1,4881.83999999998,-22.706959999999974,2362.0599999999995,107,87,199,4,340,8,experimental_classification,p
BBBP_00847,847,CCC(C)[C@H](NC(NCC(N[C@@H](CO)C(=O)O)N[C@@H](CC(N)=O)C(=O)O)[C@@H]1CCCN1)C(N[C@@H](CCC(O)N[C@H](C(=O)O)C(C)O)C(=O)O)N[C@@H](CN[C@@H](CCC(=O)O)C(=O)O)C(N[C@@H](CCCCN)C(=O)O)N[C@H](C(=O)O)C(C)O,CCC(C)[C@H](NC(NCC(N[C@@H](CO)C(=O)O)N[C@@H](CC(N)=O)C(=O)O)[C@@H]1CCCN1)C(N[C@@H](CCC(O)N[C@H](C(=O)O)C(C)O)C(=O)O)N[C@@H](CN[C@@H](CCC(=O)O)C(=O)O)C(N[C@@H](CCCCN)C(=O)O)N[C@H](C(=O)O)C(C)O,YGBYJOYCZLNWDN-UJGAFNKHSA-N,BBB+,1,1172.299,-7.383799999999998,580.76,25,25,49,0,81,1,experimental_classification,p
BBBP_00848,848,C[C@H](NC(N[C@@H](Cc1ccc(N[C@@H](CCCCN)C(O)N[C@@H](CCCNC(=N)N)C(=O)O)cc1)C(N[C@@H](CCCCN)C(=O)O)N[C@@H](CCCNC(=N)N)C(=O)O)[C@@H](N)CS)C(NCC(N[C@@H](CCCNC(=N)N)C(=O)O)N[C@@H](CCC(N)=O)C(=O)O)N[C@@H](CCCNC(=N)N)C(N[C@@H](CCCNC(=N)N)C(=O)O)N[C@@H](CCCNC(=N)N)C(=O)O,C[C@H](NC(N[C@@H](Cc1ccc(N[C@@H](CCCCN)C(O)N[C@@H](CCCNC(=N)N)C(=O)O)cc1)C(N[C@@H](CCCCN)C(=O)O)N[C@@H](CCCNC(=N)N)C(=O)O)[C@@H](N)CS)C(NCC(N[C@@H](CCCNC(=N)N)C(=O)O)N[C@@H](CCC(N)=O)C(=O)O)N[C@@H](CCCNC(=N)N)C(N[C@@H](CCCNC(=N)N)C(=O)O)N[C@@H](CCCNC(=N)N)C(=O)O,ZAECROWOSOUDRS-LCLKCRKXSA-N,BBB+,1,1746.1790000000015,-8.897579999999905,918.2399999999999,43,31,75,1,121,1,experimental_classification,p
BBBP_00849,849,N=C(N)NCCC[C@H](NC(N[C@@H](Cc1c[nH]c2ccccc12)C(N[C@@H](CCCCN)C(=O)O)N[C@@H](CC(N)=O)C(=O)O)[C@@H](N)CCCNC(=N)N)C(=O)O,N=C(N)NCCC[C@H](NC(N[C@@H](Cc1c[nH]c2ccccc12)C(N[C@@H](CCCCN)C(=O)O)N[C@@H](CC(N)=O)C(=O)O)[C@@H](N)CCCNC(=N)N)C(=O)O,WNGSLYINIPILMB-BQQNGPKASA-N,BBB+,1,762.918,-2.6925600000000083,394.73999999999995,17,12,29,2,54,2,experimental_classification,p
BBBP_00850,850,CC(C)C[C@H](NC(N[C@@H](C)C(=O)O)[C@H](CS)NC(N[C@@H](CCCCN)C(NCC(=O)O)N[C@H](C(=O)O)C(C)C)[C@H](C)Nc1ccc(C[C@H](N)C(N[C@@H](CN[C@@H](Cc2ccccc2)C(N[C@@H](CS)C(=O)O)N[C@H](C(=O)O)C(C)O)C(N[C@@H](CCCNC(=N)N)C(=O)O)N[C@@H](Cc2ccc(O)cc2)C(=O)O)N2CCC[C@H]2C(N[C@@H](CC(N)=O)C(=O)O)N2CCC[C@H]2C(=O)O)cc1)C(=O)O,CC(C)C[C@H](NC(N[C@@H](C)C(=O)O)[C@H](CS)NC(N[C@@H](CCCCN)C(NCC(=O)O)N[C@H](C(=O)O)C(C)C)[C@H](C)Nc1ccc(C[C@H](N)C(N[C@@H](CN[C@@H](Cc2ccccc2)C(N[C@@H](CS)C(=O)O)N[C@H](C(=O)O)C(C)O)C(N[C@@H](CCCNC(=N)N)C(=O)O)N[C@@H](Cc2ccc(O)cc2)C(=O)O)N2CCC[C@H]2C(N[C@@H](CC(N)=O)C(=O)O)N2CCC[C@H]2C(=O)O)cc1)C(=O)O,ZBHMUPGROKWZDX-MCVNWIHBSA-N,BBB+,1,1904.3360000000016,-3.0766299999999758,745.3900000000002,34,34,70,3,132,5,experimental_classification,p
BBBP_00851,851,C[C@H](NC(CNC(N[C@@H](C)C(NCC(=O)O)N[C@@H](CO)C(=O)O)[C@H](C)N)N[C@@H](CC(O)N[C@@H](CCC(=O)O)C(=O)O)C(=O)O)C(=O)O,C[C@H](NC(CNC(N[C@@H](C)C(NCC(=O)O)N[C@@H](CO)C(=O)O)[C@H](C)N)N[C@@H](CC(O)N[C@@H](CCC(=O)O)C(=O)O)C(=O)O)C(=O)O,FSIPVHAOFAARCE-MGKYCYDUSA-N,BBB+,1,684.7010000000005,-5.689500000000012,374.49,16,16,28,0,47,0,experimental_classification,p
BBBP_00852,852,C[C@H](NC(N[C@@H](CCCCN)C(=O)O)[C@H](CCCNC(=N)N)NC(N[C@@H](CCC(=O)O)C(=O)O)[C@@H](N)CS)C(=O)O,C[C@H](NC(N[C@@H](CCCCN)C(=O)O)[C@H](CCCNC(=N)N)NC(N[C@@H](CCC(=O)O)C(=O)O)[C@@H](N)CS)C(=O)O,IUFJYDCCUCBRBX-OLZOKZAKSA-N,BBB+,1,609.7510000000001,-2.740730000000005,311.26,14,12,25,0,41,0,experimental_classification,p
BBBP_00853,853,CC(C)C[C@H](NC(N[C@@H](CCC(O)N1CCC[C@H]1C(=O)O)C(=O)O)[C@H](CC(C)C)NC(N[C@@H](CCC(N1CCC[C@H]1C(N[C@H](C(=O)O)C(C)C)N1CCC[C@H]1C(=O)O)N1CCC[C@H]1C(N1CCC[C@H]1C(=O)O)N1CCC[C@H]1C(=O)O)C(N[C@@H](C(C)C)C(N1CCC[C@H]1C(=O)O)N1CCC[C@H]1C(=O)O)N1CCC[C@H]1C(N[C@@H](CCC(=O)O)C(=O)O)N[C@@H](CC(C)C)C(=O)O)[C@@H](N)C(C)C)C(=O)O,CC(C)C[C@H](NC(N[C@@H](CCC(O)N1CCC[C@H]1C(=O)O)C(=O)O)[C@H](CC(C)C)NC(N[C@@H](CCC(N1CCC[C@H]1C(N[C@H](C(=O)O)C(C)C)N1CCC[C@H]1C(=O)O)N1CCC[C@H]1C(N1CCC[C@H]1C(=O)O)N1CCC[C@H]1C(=O)O)C(N[C@@H](C(C)C)C(N1CCC[C@H]1C(=O)O)N1CCC[C@H]1C(=O)O)N1CCC[C@H]1C(N[C@@H](CCC(=O)O)C(=O)O)N[C@@H](CC(C)C)C(=O)O)[C@@H](N)C(C)C)C(=O)O,PKRNMNIVGYZSCC-LNOWTCOTSA-N,BBB+,1,1934.4360000000001,2.548200000000003,619.2500000000002,22,31,61,0,136,9,experimental_classification,p
BBBP_00854,854,CCC(C)[C@H](NC(CN)NCC(N[C@@H](CC(C)C)C(NCC(O)N[C@@H](CCC(N)=O)C(=O)O)N[C@@H](CC(C)C)C(=O)O)N[C@@H](CCCCN)C(N[C@@H](C)C(=O)O)N1CCC[C@H]1C(=O)O)C(N[C@@H](C(C)C)C(N[C@@H](C(C)N[C@@H](CCCCN)C(=O)O)C(N[C@@H](CCCNC(=N)N)C(=O)O)N[C@@H](CCC(N)=O)C(=O)O)N[C@@H](C(C)N[C@H](C(=O)O)C(C)CC)C(N[C@@H](CCCCN)C(=O)O)N[C@@H](CCCNC(=N)N)C(=O)O)N[C@@H](C)C(N[C@@H](C(C)C)C(N[C@@H](CC(C)C)C(=O)O)N[C@H](C(=O)O)C(C)CC)N[C@@H](CC(C)C)C(N[C@@H](CO)C(=O)O)N[C@@H](Cc1c[nH]c2ccccc12)C(=O)O,CCC(C)[C@H](NC(CN)NCC(N[C@@H](CC(C)C)C(NCC(O)N[C@@H](CCC(N)=O)C(=O)O)N[C@@H](CC(C)C)C(=O)O)N[C@@H](CCCCN)C(N[C@@H](C)C(=O)O)N1CCC[C@H]1C(=O)O)C(N[C@@H](C(C)C)C(N[C@@H](C(C)N[C@@H](CCCCN)C(=O)O)C(N[C@@H](CCCNC(=N)N)C(=O)O)N[C@@H](CCC(N)=O)C(=O)O)N[C@@H](C(C)N[C@H](C(=O)O)C(C)CC)C(N[C@@H](CCCCN)C(=O)O)N[C@@H](CCCNC(=N)N)C(=O)O)N[C@@H](C)C(N[C@@H](C(C)C)C(N[C@@H](CC(C)C)C(=O)O)N[C@H](C(=O)O)C(C)CC)N[C@@H](CC(C)C)C(N[C@@H](CO)C(=O)O)N[C@@H](Cc1c[nH]c2ccccc12)C(=O)O,COKRKKUTCOUMNA-LFFFKOFMSA-N,BBB+,1,2871.690999999992,-3.6286600000000355,1184.4699999999998,53,49,122,2,201,3,experimental_classification,p
BBBP_00855,855,CCC(C)[C@H](NC(N[C@@H](CC(N[C@@H](C(C)N[C@@H](C)C(=O)O)C(NCC(=O)O)NCC(=O)O)N[C@@H](Cc1ccccc1)C(N[C@@H](CCCNC(=N)N)C(=O)O)N[C@@H](CCCCN)C(O)N[C@@H](CCCNC(=N)N)C(=O)O)C(N[C@@H](CC(N)NCC(=O)O)C(NCC(=O)O)N[C@@H](CCCNC(=N)N)C(=O)O)N[C@@H](CN[C@@H](CCCNC(=N)N)C(=O)O)C(N[C@@H](CCCNC(=N)N)C(=O)O)N[C@@H](CCCNC(=N)N)C(=O)O)[C@@H](N)CS)C(NCC(N[C@@H](CCCNC(=N)N)C(=O)O)N[C@@H](CCCNC(=N)N)C(=O)O)N[C@@H](CCCNC(=N)N)C(N[C@@H](CCCNC(=N)N)C(=O)O)N[C@@H](CCCNC(=N)N)C(=O)O,CCC(C)[C@H](NC(N[C@@H](CC(N[C@@H](C(C)N[C@@H](C)C(=O)O)C(NCC(=O)O)NCC(=O)O)N[C@@H](Cc1ccccc1)C(N[C@@H](CCCNC(=N)N)C(=O)O)N[C@@H](CCCCN)C(O)N[C@@H](CCCNC(=N)N)C(=O)O)C(N[C@@H](CC(N)NCC(=O)O)C(NCC(=O)O)N[C@@H](CCCNC(=N)N)C(=O)O)N[C@@H](CN[C@@H](CCCNC(=N)N)C(=O)O)C(N[C@@H](CCCNC(=N)N)C(=O)O)N[C@@H](CCCNC(=N)N)C(=O)O)[C@@H](N)CS)C(NCC(N[C@@H](CCCNC(=N)N)C(=O)O)N[C@@H](CCCNC(=N)N)C(=O)O)N[C@@H](CCCNC(=N)N)C(N[C@@H](CCCNC(=N)N)C(=O)O)N[C@@H](CCCNC(=N)N)C(=O)O,WWHZMDYHRVSOQL-UVNJDZILSA-N,BBB+,1,3025.657999999997,-18.96713000000024,1627.409999999999,77,55,132,1,210,1,experimental_classification,p
BBBP_00856,856,CCC(C)[C@H](NC(N[C@@H](CN[C@H](C(=O)O)C(C)CC)C(NCC(=O)O)N[C@@H](CC(=O)O)C(=O)O)[C@H](CC(C)C)NC(N[C@@H](CN[C@@H](Cc1ccccc1)C(=O)O)C(N[C@@H](CO)C(=O)O)N[C@@H](CCCNC(=N)N)C(=O)O)[C@@H]1CCCN1)C(O)N1CCC[C@H]1C(=O)O,CCC(C)[C@H](NC(N[C@@H](CN[C@H](C(=O)O)C(C)CC)C(NCC(=O)O)N[C@@H](CC(=O)O)C(=O)O)[C@H](CC(C)C)NC(N[C@@H](CN[C@@H](Cc1ccccc1)C(=O)O)C(N[C@@H](CO)C(=O)O)N[C@@H](CCCNC(=N)N)C(=O)O)[C@@H]1CCCN1)C(O)N1CCC[C@H]1C(=O)O,STKNUKHPGAUXLB-TVFYZKIESA-N,BBB+,1,1298.5490000000004,-3.257530000000007,536.33,24,23,50,1,91,3,experimental_classification,p
BBBP_00857,857,CC(C)C[C@H](NC(N[C@@H](CCC(=O)O)C(=O)O)[C@H](CN[C@@H](CC(=O)O)C(=O)O)NC(C[C@H](N)C(N[C@@H](C)C(O)N[C@@H](CS)C(=O)O)N[C@@H](Cc1cnc[nH]1)C(N[C@@H](CCCNC(=N)N)C(=O)O)N[C@@H](Cc1ccc(O)cc1)C(=O)O)N[C@@H](CN[C@@H](Cc1ccccc1)C(=O)O)C(N[C@@H](CC(C)C)C(=O)O)N[C@H](C(=O)O)C(C)O)C(=O)O,CC(C)C[C@H](NC(N[C@@H](CCC(=O)O)C(=O)O)[C@H](CN[C@@H](CC(=O)O)C(=O)O)NC(C[C@H](N)C(N[C@@H](C)C(O)N[C@@H](CS)C(=O)O)N[C@@H](Cc1cnc[nH]1)C(N[C@@H](CCCNC(=N)N)C(=O)O)N[C@@H](Cc1ccc(O)cc1)C(=O)O)N[C@@H](CN[C@@H](Cc1ccccc1)C(=O)O)C(N[C@@H](CC(C)C)C(=O)O)N[C@H](C(=O)O)C(C)O)C(=O)O,WUUPVSURFJDCHV-ODJAXNRGSA-N,BBB+,1,1668.8920000000003,-4.947030000000005,743.9800000000001,33,31,65,3,116,3,experimental_classification,p
BBBP_00858,858,CCC(C)[C@H](NC(N)C[C@H](NC(N[C@@H](CCCNC(=N)N)C(N[C@@H](CC(N)=O)C(=O)O)N1CCC[C@H]1C(=O)O)[C@H](CCC(N[C@@H](Cc1c[nH]c2ccccc12)C(N[C@@H](Cc1ccccc1)C(NCC(=O)O)N[C@@H](CC(C)C)C(=O)O)N1CCC[C@H]1C(N[C@@H](C)C(=O)O)N1CCC[C@H]1C(=O)O)N1CCC[C@H]1C(N[C@@H](C(C)N[C@@H](Cc1c[nH]c2ccccc12)C(=O)O)C(N[C@@H](CS)C(=O)O)N[C@@H](CCCNC(=N)N)C(=O)O)N[C@@H](CCCCN)C(N[C@@H](CC(N)=O)C(=O)O)N[C@@H](CC(C)C)C(=O)O)NC(N[C@@H](Cc1c[nH]c2ccccc12)C(N[C@@H](CCCCN)C(N[C@@H](CCCNC(=N)N)C(=O)O)N1CCC[C@H]1C(=O)O)N1CCC[C@H]1C(N[C@@H](CCCCN)C(=O)O)N[C@@H](CC(=O)O)C(=O)O)[C@@H](N)Cc1c[nH]c2ccccc12)C(N[C@@H](CN[C@@H](CS)C(=O)O)C(=O)O)N1CCC[C@H]1C(NCC(=O)O)N[C@@H](CCCNC(=N)N)C(=O)O)C(NCC(=O)O)N[C@@H](Cc1c[nH]c2ccccc12)C(=O)O,CCC(C)[C@H](NC(N)C[C@H](NC(N[C@@H](CCCNC(=N)N)C(N[C@@H](CC(N)=O)C(=O)O)N1CCC[C@H]1C(=O)O)[C@H](CCC(N[C@@H](Cc1c[nH]c2ccccc12)C(N[C@@H](Cc1ccccc1)C(NCC(=O)O)N[C@@H](CC(C)C)C(=O)O)N1CCC[C@H]1C(N[C@@H](C)C(=O)O)N1CCC[C@H]1C(=O)O)N1CCC[C@H]1C(N[C@@H](C(C)N[C@@H](Cc1c[nH]c2ccccc12)C(=O)O)C(N[C@@H](CS)C(=O)O)N[C@@H](CCCNC(=N)N)C(=O)O)N[C@@H](CCCCN)C(N[C@@H](CC(N)=O)C(=O)O)N[C@@H](CC(C)C)C(=O)O)NC(N[C@@H](Cc1c[nH]c2ccccc12)C(N[C@@H](CCCCN)C(N[C@@H](CCCNC(=N)N)C(=O)O)N1CCC[C@H]1C(=O)O)N1CCC[C@H]1C(N[C@@H](CCCCN)C(=O)O)N[C@@H](CC(=O)O)C(=O)O)[C@@H](N)Cc1c[nH]c2ccccc12)C(N[C@@H](CN[C@@H](CS)C(=O)O)C(=O)O)N1CCC[C@H]1C(NCC(=O)O)N[C@@H](CCCNC(=N)N)C(=O)O)C(NCC(=O)O)N[C@@H](Cc1c[nH]c2ccccc12)C(=O)O,NXABMCNKXVYINR-WLOBDVSXSA-N,BBB+,1,4382.338999999987,-4.327820000000233,1722.949999999999,76,70,160,11,309,18,experimental_classification,p
BBBP_00859,859,CC(C)C[C@H](NC(N[C@@H](CN[C@@H](C)C(=O)O)C(N[C@@H](Cc1ccc(O)cc1)C(=O)O)N[C@H](C(=O)O)C(C)O)[C@@H](NC(N[C@@H](Cc1ccccc1)C(N[C@@H](CS)C(NCC(=O)O)N[C@@H](CCCCN)C(=O)O)N[C@@H](CC(N)N[C@@H](C)C(=O)O)C(N[C@@H](CS)C(=O)O)N1CCC[C@H]1C(=O)O)[C@@H](N)CCCNC(=N)N)C(C)C)C(N[C@@H](Cc1ccc(O)cc1)C(=O)O)N1CCC[C@H]1C(=O)O,CC(C)C[C@H](NC(N[C@@H](CN[C@@H](C)C(=O)O)C(N[C@@H](Cc1ccc(O)cc1)C(=O)O)N[C@H](C(=O)O)C(C)O)[C@@H](NC(N[C@@H](Cc1ccccc1)C(N[C@@H](CS)C(NCC(=O)O)N[C@@H](CCCCN)C(=O)O)N[C@@H](CC(N)N[C@@H](C)C(=O)O)C(N[C@@H](CS)C(=O)O)N1CCC[C@H]1C(=O)O)[C@@H](N)CCCNC(=N)N)C(C)C)C(N[C@@H](Cc1ccc(O)cc1)C(=O)O)N1CCC[C@H]1C(=O)O,VLQILQSMKKQVOQ-VPDCQIGKSA-N,BBB+,1,1906.3520000000012,-3.3938299999999524,748.55,35,35,70,3,132,5,experimental_classification,p
BBBP_00860,860,CC(C)C[C@H](NC(NCC(=O)O)[C@@H](NC(N[C@@H](CC(C)C)C(N[C@@H](CCCCN)C(O)N[C@@H](C)C(=O)O)N[C@@H](CCCNC(=N)N)C(N[C@@H](CCCCN)C(=O)O)N[C@@H](CC(C)C)C(=O)O)[C@@H](N)CCCNC(=N)N)C(C)N[C@@H](CCCNC(=N)N)C(=O)O)C(=O)O,CC(C)C[C@H](NC(NCC(=O)O)[C@@H](NC(N[C@@H](CC(C)C)C(N[C@@H](CCCCN)C(O)N[C@@H](C)C(=O)O)N[C@@H](CCCNC(=N)N)C(N[C@@H](CCCCN)C(=O)O)N[C@@H](CC(C)C)C(=O)O)[C@@H](N)CCCNC(=N)N)C(C)N[C@@H](CCCNC(=N)N)C(=O)O)C(=O)O,NFEGIAMRFLCNFC-GWJZAXFESA-N,BBB+,1,1321.728,-3.7479899999999757,628.0899999999999,29,23,58,0,92,0,experimental_classification,p
BBBP_00861,861,CCC(C)[C@H](NC(N[C@@H](CC(N[C@@H](Cc1ccccc1)C(N[C@@H](CCCCN)C(=O)O)N[C@@H](CCCNC(=N)N)C(=O)O)N[C@H](C(=O)O)C(C)N[C@@H](C)C(=O)O)C(N[C@@H](CO)C(=O)O)N[C@@H](CC(N)=O)C(=O)O)[C@@H](N)CS)C(NCC(=O)O)N[C@@H](CCCNC(=N)N)C(=O)O,CCC(C)[C@H](NC(N[C@@H](CC(N[C@@H](Cc1ccccc1)C(N[C@@H](CCCCN)C(=O)O)N[C@@H](CCCNC(=N)N)C(=O)O)N[C@H](C(=O)O)C(C)N[C@@H](C)C(=O)O)C(N[C@@H](CO)C(=O)O)N[C@@H](CC(N)=O)C(=O)O)[C@@H](N)CS)C(NCC(=O)O)N[C@@H](CCCNC(=N)N)C(=O)O,ODHGVCCQURWWJY-LUYYEFEDSA-N,BBB+,1,1377.6370000000013,-6.667059999999964,669.89,30,26,57,1,95,1,experimental_classification,p
BBBP_00862,862,CC(C)C[C@H](NC[C@H](NC(N[C@@H](CCCCN)C(NCC(=O)O)N[C@H](C(=O)O)C(C)C)[C@H](C)Nc1ccc(C[C@H](N)C(N[C@@H](CN[C@@H](Cc2ccccc2)C(O)N[C@H](C(=O)O)C(C)O)C(N[C@@H](CCCNC(=N)N)C(=O)O)N[C@@H](Cc2ccc(O)cc2)C(=O)O)N2CCC[C@H]2C(N[C@@H](CC(N)=O)C(=O)O)N2CCC[C@H]2C(=O)O)cc1)C(N[C@@H](C)C(=O)O)N[C@@H](CS)C(=O)O)C(=O)O,CC(C)C[C@H](NC[C@H](NC(N[C@@H](CCCCN)C(NCC(=O)O)N[C@H](C(=O)O)C(C)C)[C@H](C)Nc1ccc(C[C@H](N)C(N[C@@H](CN[C@@H](Cc2ccccc2)C(O)N[C@H](C(=O)O)C(C)O)C(N[C@@H](CCCNC(=N)N)C(=O)O)N[C@@H](Cc2ccc(O)cc2)C(=O)O)N2CCC[C@H]2C(N[C@@H](CC(N)=O)C(=O)O)N2CCC[C@H]2C(=O)O)cc1)C(N[C@@H](C)C(=O)O)N[C@@H](CS)C(=O)O)C(=O)O,HWFBORAUFLEDAT-MCVNWIHBSA-N,BBB+,1,1888.2680000000014,-4.014129999999976,765.6200000000003,34,34,70,3,132,5,experimental_classification,p
BBBP_00863,863,NCCCCC(C(=O)NC(C(=O)NC(C(=O)NC(C(=O)NC(C(=O)NC(C(=O)NC(C(=O)NC(C(=O)NC(C(=O)NC(C(=O)NC(C(=O)NC(C(=O)NC(C(=O)N)CC(C)C)C(C)C)C)C)CC(C)C)Cc1ccc(cc1)O)CCCCN)CCCCN)C(C)C)C)CCSC)CCC(=O)N)NC(=O)C(NC(=O)C(NC(=O)C(NC(=O)C(NC(=O)C(NC(=O)C(NC(=O)C(NC(=O)C(C(O)C)NC(=O)C(NC(=O)C(C(CC)C)NC(=O)CNC(=O)C(NC(=O)C(NC(=O)C(Cc1[nH]cnc1)N)CO)CC(=O)O)Cc1ccccc1)CC(=O)O)CO)Cc1ccc(cc1)O)CO)CCCNC(=N)N)Cc1ccc(cc1)O)CCCNC(=N)N,CCC(C)C(NC(=O)CNC(=O)C(CC(=O)O)NC(=O)C(CO)NC(=O)C(N)Cc1cnc[nH]1)C(=O)NC(Cc1ccccc1)C(=O)NC(C(=O)NC(CC(=O)O)C(=O)NC(CO)C(=O)NC(Cc1ccc(O)cc1)C(=O)NC(CO)C(=O)NC(CCCNC(=N)N)C(=O)NC(Cc1ccc(O)cc1)C(=O)NC(CCCNC(=N)N)C(=O)NC(CCCCN)C(=O)NC(CCC(N)=O)C(=O)NC(CCSC)C(=O)NC(C)C(=O)NC(C(=O)NC(CCCCN)C(=O)NC(CCCCN)C(=O)NC(Cc1ccc(O)cc1)C(=O)NC(CC(C)C)C(=O)NC(C)C(=O)NC(C)C(=O)NC(C(=O)NC(CC(C)C)C(N)=O)C(C)C)C(C)C)C(C)O,RZGBUJXSKLDAFE-UHFFFAOYSA-N,BBB+,1,3147.661999999992,-12.162160000000037,1315.5499999999997,48,45,105,5,222,5,experimental_classification,p
BBBP_00864,864,CC[C@H](C)[C@@H](C(=O)N[C@@H](CC1=CC=CC=C1)C(=O)N[C@@H]([C@@H](C)O)C(=O)N[C@@H](CC(=O)O)C(=O)N[C@@H](CO)C(=O)N[C@@H](CC2=CC=C(C=C2)O)C(=O)N[C@@H](CO)C(=O)N[C@@H](CCCNC(=N)N)C(=O)N[C@@H](CC3=CC=C(C=C3)O)C(=O)N[C@@H](CCCNC(=N)N)C(=O)N[C@@H](CCCCN)C(=O)N[C@@H](CCC(=O)N)C(=O)N[C@@H](CCSC)C(=O)N[C@@H](C)C(=O)N[C@@H](C(C)C)C(=O)N[C@@H](CCCCN)C(=O)N[C@@H](CCCCN)C(=O)N[C@@H](CC4=CC=C(C=C4)O)C(=O)N[C@@H](CC(C)C)C(=O)N[C@@H](C)C(=O)N[C@@H](C)C(=O)N[C@@H](C(C)C)C(=O)N[C@@H](CC(C)C)C(=O)NCC(=O)N[C@@H](CCCCN)C(=O)N[C@@H](CCCNC(=N)N)C(=O)N[C@@H](CC5=CC=C(C=C5)O)C(=O)N[C@@H](CCCCN)C(=O)N[C@@H](CCC(=O)N)C(=O)N[C@@H](CCCNC(=N)N)C(=O)N[C@@H](C(C)C)C(=O)N[C@@H](CCCCN)C(=O)N[C@@H](CC(=O)N)C(=O)N[C@@H](CCCCN)C(=O)N)NC(=O)CNC(=O)[C@H](CC(=O)O)NC(=O)[C@H](CO)NC(=O)[C@H](CC6=CNC=N6)N,CC[C@H](C)[C@H](NC(=O)CNC(=O)[C@H](CC(=O)O)NC(=O)[C@H](CO)NC(=O)[C@@H](N)Cc1c[nH]cn1)C(=O)N[C@@H](Cc1ccccc1)C(=O)N[C@H](C(=O)N[C@@H](CC(=O)O)C(=O)N[C@@H](CO)C(=O)N[C@@H](Cc1ccc(O)cc1)C(=O)N[C@@H](CO)C(=O)N[C@@H](CCCNC(=N)N)C(=O)N[C@@H](Cc1ccc(O)cc1)C(=O)N[C@@H](CCCNC(=N)N)C(=O)N[C@@H](CCCCN)C(=O)N[C@@H](CCC(N)=O)C(=O)N[C@@H](CCSC)C(=O)N[C@@H](C)C(=O)N[C@H](C(=O)N[C@@H](CCCCN)C(=O)N[C@@H](CCCCN)C(=O)N[C@@H](Cc1ccc(O)cc1)C(=O)N[C@@H](CC(C)C)C(=O)N[C@@H](C)C(=O)N[C@@H](C)C(=O)N[C@H](C(=O)N[C@@H](CC(C)C)C(=O)NCC(=O)N[C@@H](CCCCN)C(=O)N[C@@H](CCCNC(=N)N)C(=O)N[C@@H](Cc1ccc(O)cc1)C(=O)N[C@@H](CCCCN)C(=O)N[C@@H](CCC(N)=O)C(=O)N[C@@H](CCCNC(=N)N)C(=O)N[C@H](C(=O)N[C@@H](CCCCN)C(=O)N[C@@H](CC(N)=O)C(=O)N[C@@H](CCCCN)C(N)=O)C(C)C)C(C)C)C(C)C)[C@@H](C)O,UFTCZKMBJOPXDM-XXFCQBPRSA-N,BBB+,1,4534.335999999986,-19.410220000000436,1969.9399999999982,72,65,159,6,320,6,experimental_classification,p
BBBP_00865,865,O=C(N)CNC(=O)C(NC(=O)C(NC(=O)C(NC(=O)C(NC(=O)C(NC(=O)C(N)Cc1ccc(O)cc1)C)Cc2ccccc2)CCC(=O)O)C(C)C)C(C)C,CC(NC(=O)C(N)Cc1ccc(O)cc1)C(=O)NC(Cc1ccccc1)C(=O)NC(CCC(=O)O)C(=O)NC(C(=O)NC(C(=O)NCC(N)=O)C(C)C)C(C)C,NUNBRHVOPFWRRG-UHFFFAOYSA-N,BBB+,1,782.896,-1.2731000000000017,301.24,10,10,22,2,56,2,experimental_classification,p
BBBP_00866,866,N[C@@H](Cc1ccc(O)cc1)C(=O)N1CCC[C@H]1C(=O)N[C@@H](Cc1c[nH]c2ccccc12)C(=O)N[C@@H](Cc1ccccc1)C(N)=O,NC(=O)[C@H](Cc1ccccc1)NC(=O)[C@H](Cc1c[nH]c2ccccc12)NC(=O)[C@@H]1CCCN1C(=O)[C@@H](N)Cc1ccc(O)cc1,ZEXLJFNSKAHNFH-SYKYGTKKSA-N,BBB+,1,610.7150000000001,1.6746000000000012,183.64,6,6,12,4,45,5,experimental_classification,p
BBBP_00867,867,CC(=O)N[C@@H](CC1=CC=C(C=C1)O)C(=O)N2CCC[C@H]2C(=O)N[C@@H](CC3=CC=CC=C3)C(=O)N[C@@H](CC4=CC=CC=C4)C(=O)N.CC(=O)O,CC(=O)N[C@@H](Cc1ccc(O)cc1)C(=O)N1CCC[C@H]1C(=O)N[C@@H](Cc1ccccc1)C(=O)N[C@@H](Cc1ccccc1)C(N)=O.CC(=O)O,YQVDLXCCOUUETE-IEGYNWRZSA-N,BBB+,1,673.7670000000002,1.4616000000000036,208.23,6,7,13,3,49,4,experimental_classification,p
BBBP_00868,868,O=C(NCC)[C@H](NC(=O)[C@@H](N(C(=O)[C@@H](NC(=O)[C@@H](NC(=O)[C@H](NC(=O)CNC(=O)CNC(=O)[C@@H](NC)Cc1ccc(O)cc1)Cc2ccccc2)CC(C)C)CCCNC(=[N@H])N)C)CCCNC(=[N@H])N)CC(C)C,CCNC(=O)[C@@H](CC(C)C)NC(=O)[C@H](CCCNC(=N)N)N(C)C(=O)[C@H](CCCNC(=N)N)NC(=O)[C@H](CC(C)C)NC(=O)[C@@H](Cc1ccccc1)NC(=O)CNC(=O)CNC(=O)[C@H](Cc1ccc(O)cc1)NC,JENWDDCMEATQSR-WKHHVPBCSA-N,BBB+,1,1036.2939999999992,-1.481160000000018,380.06999999999994,15,12,33,2,74,2,experimental_classification,p
BBBP_00869,869,CCC(C)[C@H](NC(N[C@@H](CCC(=O)O)C(=O)O)[C@H](CC(C)C)NC(C[C@H](NC(N[C@@H](CNCC(N[C@H](C(=O)O)C(C)C)N[C@H](C(=O)O)C(C)C)C(N[C@@H](CS)C(NCC(=O)O)N[C@@H](CCC(=O)O)C(=O)O)N[C@@H](Cc1ccc(NCC(=O)O)cc1)C(N[C@@H](Cc1ccc(O)cc1)C(=O)O)N[C@H](C(=O)O)C(C)CC)[C@@H](N)CC(N)N[C@@H](CN[C@@H](CCC(N[C@@H](Cc1cnc[nH]1)C(N[C@@H](CCC(N)=O)C(=O)O)N[C@@H](Cc1ccc(O)cc1)C(=O)O)N[C@@H](CC(C)C)C(N[C@@H](CS)C(=O)O)N[C@@H](CCCNC(=N)N)C(=O)O)C(NCC(N[C@@H](Cc1c[nH]c2ccccc12)C(=O)O)N[C@@H](Cc1c[nH]c2ccccc12)C(=O)O)N[C@@H](CC(N[C@@H](CCCNC(=N)N)C(=O)O)N[C@@H](CC(=O)O)C(=O)O)C(N[C@@H](CCCCN)C(=O)O)N[C@@H](CC(C)C)C(=O)O)C(N[C@@H](CS)C(N[C@@H](C(C)C)C(N[C@@H](CCC(=O)O)C(=O)O)N[C@@H](CC(C)C)C(=O)O)N[C@@H](CS)C(O)N[C@@H](CCCNC(=N)N)C(=O)O)N1CCC[C@H]1C(N[C@@H](CCSC)C(=O)O)N[C@@H](Cc1ccc(O)cc1)C(=O)O)C(N[C@@H](Cc1cnc[nH]1)C(N[C@@H](CCCCN)C(=O)O)N[C@@H](Cc1ccc(O)cc1)C(=O)O)N[C@@H](CC(N[C@@H](C)C(=O)O)N[C@@H](CS)C(=O)O)C(N[C@@H](CS)C(=O)O)N[C@@H](CC(N)=O)C(=O)O)N[C@@H](CN[C@@H](C)C(=O)O)C(N[C@@H](CC(=O)O)C(=O)O)N[C@@H](CC(C)C)C(=O)O)C(=O)O,CCC(C)[C@H](NC(N[C@@H](CCC(=O)O)C(=O)O)[C@H](CC(C)C)NC(C[C@H](NC(N[C@@H](CNCC(N[C@H](C(=O)O)C(C)C)N[C@H](C(=O)O)C(C)C)C(N[C@@H](CS)C(NCC(=O)O)N[C@@H](CCC(=O)O)C(=O)O)N[C@@H](Cc1ccc(NCC(=O)O)cc1)C(N[C@@H](Cc1ccc(O)cc1)C(=O)O)N[C@H](C(=O)O)C(C)CC)[C@@H](N)CC(N)N[C@@H](CN[C@@H](CCC(N[C@@H](Cc1cnc[nH]1)C(N[C@@H](CCC(N)=O)C(=O)O)N[C@@H](Cc1ccc(O)cc1)C(=O)O)N[C@@H](CC(C)C)C(N[C@@H](CS)C(=O)O)N[C@@H](CCCNC(=N)N)C(=O)O)C(NCC(N[C@@H](Cc1c[nH]c2ccccc12)C(=O)O)N[C@@H](Cc1c[nH]c2ccccc12)C(=O)O)N[C@@H](CC(N[C@@H](CCCNC(=N)N)C(=O)O)N[C@@H](CC(=O)O)C(=O)O)C(N[C@@H](CCCCN)C(=O)O)N[C@@H](CC(C)C)C(=O)O)C(N[C@@H](CS)C(N[C@@H](C(C)C)C(N[C@@H](CCC(=O)O)C(=O)O)N[C@@H](CC(C)C)C(=O)O)N[C@@H](CS)C(O)N[C@@H](CCCNC(=N)N)C(=O)O)N1CCC[C@H]1C(N[C@@H](CCSC)C(=O)O)N[C@@H](Cc1ccc(O)cc1)C(=O)O)C(N[C@@H](Cc1cnc[nH]1)C(N[C@@H](CCCCN)C(=O)O)N[C@@H](Cc1ccc(O)cc1)C(=O)O)N[C@@H](CC(N[C@@H](C)C(=O)O)N[C@@H](CS)C(=O)O)C(N[C@@H](CS)C(=O)O)N[C@@H](CC(N)=O)C(=O)O)N[C@@H](CN[C@@H](C)C(=O)O)C(N[C@@H](CC(=O)O)C(=O)O)N[C@@H](CC(C)C)C(=O)O)C(=O)O,SNSUXWQITFGMDO-GNJZKKEVSA-N,BBB+,1,6272.47499999998,-10.95949000000009,2600.2200000000025,119,113,252,11,433,12,experimental_classification,p
BBBP_00870,870,CCC(C)[C@H](NC(NCC(NCC(N[C@@H](C)C(N[C@@H](CCCNC(=N)N)C(=O)O)N[C@@H](CC(N)=O)C(=O)O)N[C@@H](CC(C)C)C(N[C@@H](CCCCN)C(=O)O)N[C@@H](CCC(N)=O)C(=O)O)N1CCC[C@H]1C(N[C@@H](C)C(NCC(=O)O)N[C@@H](CO)C(=O)O)N[C@@H](CN[C@@H](C)C(=O)O)C(N[C@@H](CCCNC(=N)N)C(=O)O)N[C@H](C(=O)O)C(C)C)[C@H](CC(C)C)NC(CN)NCC(N1CCC[C@H]1C(N[C@@H](C(C)C)C(N[C@@H](CCCCN)C(=O)O)N[C@@H](CCC(=O)O)C(=O)O)N[C@@H](C)C(N[C@@H](CCCCN)C(=O)O)N[C@@H](Cc1ccc(O)cc1)C(=O)O)N1CCC[C@H]1C(NCC(N[C@@H](CCSC)C(=O)O)N1CCC[C@H]1C(=O)O)N[C@@H](CC(C)C)C(N[C@H](C(=O)O)C(C)C)N[C@H](C(=O)O)C(C)CC)C(N[C@@H](CN[C@@H](CN[C@@H](CS)C(=O)O)C(O)N[C@H](C(=O)O)C(C)CC)C(N[C@@H](CCC(N)=O)C(=O)O)N[C@@H](CCC(N)=O)C(=O)O)N[C@@H](CCC(N)N[C@@H](C(C)C)C(N[C@@H](CCC(N)=O)C(=O)O)N1CCC[C@H]1C(=O)O)C(N[C@@H](C(C)CC)C(NCC(=O)O)N[C@H](C(=O)O)C(C)O)N[C@@H](CC(N[C@@H](C)C(=O)O)N1CCC[C@H]1C(=O)O)C(N[C@@H](CCC(N)=O)C(=O)O)N1CCC[C@H]1C(=O)O,CCC(C)[C@H](NC(NCC(NCC(N[C@@H](C)C(N[C@@H](CCCNC(=N)N)C(=O)O)N[C@@H](CC(N)=O)C(=O)O)N[C@@H](CC(C)C)C(N[C@@H](CCCCN)C(=O)O)N[C@@H](CCC(N)=O)C(=O)O)N1CCC[C@H]1C(N[C@@H](C)C(NCC(=O)O)N[C@@H](CO)C(=O)O)N[C@@H](CN[C@@H](C)C(=O)O)C(N[C@@H](CCCNC(=N)N)C(=O)O)N[C@H](C(=O)O)C(C)C)[C@H](CC(C)C)NC(CN)NCC(N1CCC[C@H]1C(N[C@@H](C(C)C)C(N[C@@H](CCCCN)C(=O)O)N[C@@H](CCC(=O)O)C(=O)O)N[C@@H](C)C(N[C@@H](CCCCN)C(=O)O)N[C@@H](Cc1ccc(O)cc1)C(=O)O)N1CCC[C@H]1C(NCC(N[C@@H](CCSC)C(=O)O)N1CCC[C@H]1C(=O)O)N[C@@H](CC(C)C)C(N[C@H](C(=O)O)C(C)C)N[C@H](C(=O)O)C(C)CC)C(N[C@@H](CN[C@@H](CN[C@@H](CS)C(=O)O)C(O)N[C@H](C(=O)O)C(C)CC)C(N[C@@H](CCC(N)=O)C(=O)O)N[C@@H](CCC(N)=O)C(=O)O)N[C@@H](CCC(N)N[C@@H](C(C)C)C(N[C@@H](CCC(N)=O)C(=O)O)N1CCC[C@H]1C(=O)O)C(N[C@@H](C(C)CC)C(NCC(=O)O)N[C@H](C(=O)O)C(C)O)N[C@@H](CC(N[C@@H](C)C(=O)O)N1CCC[C@H]1C(=O)O)C(N[C@@H](CCC(N)=O)C(=O)O)N1CCC[C@H]1C(=O)O,SECVKMYRMZUOBL-YZFKGZRYSA-N,BBB+,1,5362.579999999984,-16.09596000000003,2264.359999999999,96,100,221,1,372,8,experimental_classification,p
BBBP_00871,871,CC(C)C[C@@H](C(=O)N[C@@H](CCCN=C(N)N)C(=O)N1CCC[C@H]1C(=O)NCC(=O)O)NC(=O)CNC(=O)[C@H](CC2=CC=C(C=C2)O)NC(=O)[C@H](CO)NC(=O)[C@H](CC3=CNC4=CC=CC=C43)NC(=O)[C@H](CC5=CN=CN5)NC(=O)[C@@H]6CCC(=O)N6,CC(C)C[C@H](NC(=O)CNC(=O)[C@H](Cc1ccc(O)cc1)NC(=O)[C@H](CO)NC(=O)[C@H](Cc1c[nH]c2ccccc12)NC(=O)[C@H](Cc1cnc[nH]1)NC(=O)[C@@H]1CCC(=O)N1)C(=O)N[C@@H](CCCN=C(N)N)C(=O)N1CCC[C@H]1C(=O)NCC(=O)O,IGACZQNUZMBGFX-AQJXLSMYSA-N,BBB+,1,1183.2950000000003,-3.7881000000000187,468.83999999999986,16,15,31,4,85,6,experimental_classification,p
BBBP_00872,872,CC(C)[C@@H](C(=O)O)NC(=O)[C@@H]1CCCN1C(=O)[C@H](CCCCN)NC(=O)CNC(=O)[C@H](CC2=CNC3=CC=CC=C32)NC(=O)[C@H](CCCN=C(N)N)NC(=O)[C@H](CC4=CC=CC=C4)NC(=O)[C@H](CC5=CN=CN5)NC(=O)[C@H](CCC(=O)O)NC(=O)[C@H](CCSC)NC(=O)[C@H](CO)NC(=O)[C@H](CC6=CC=C(C=C6)O)NC(=O)[C@H](CO)NC(=O)C,CSCC[C@H](NC(=O)[C@H](CO)NC(=O)[C@H](Cc1ccc(O)cc1)NC(=O)[C@H](CO)NC(C)=O)C(=O)N[C@@H](CCC(=O)O)C(=O)N[C@@H](Cc1cnc[nH]1)C(=O)N[C@@H](Cc1ccccc1)C(=O)N[C@@H](CCCN=C(N)N)C(=O)N[C@@H](Cc1c[nH]c2ccccc12)C(=O)NCC(=O)N[C@@H](CCCCN)C(=O)N1CCC[C@H]1C(=O)N[C@H](C(=O)O)C(C)C,MBBQINYFFIKILA-UAZQEYIDSA-N,BBB+,1,1665.8980000000004,-4.147200000000015,639.69,22,22,50,5,118,6,experimental_classification,p
BBBP_00873,873,N[C@@H](CCC(NCC(=O)O)N[C@@H](CS)C(=O)O)C(=O)O,N[C@@H](CCC(NCC(=O)O)N[C@@H](CS)C(=O)O)C(=O)O,YTTMXWDSICKKKL-WABBHOIFSA-N,BBB+,1,309.34400000000005,-1.8485999999999971,161.98,7,7,11,0,20,0,experimental_classification,p
BBBP_00874,874,O=C(NCCO)C(N(C(=O)CNC(=O)C(NC(=O)C(N)Cc1ccc(O)cc1)C)C)Cc2ccccc2,CC(NC(=O)C(N)Cc1ccc(O)cc1)C(=O)NCC(=O)N(C)C(Cc1ccccc1)C(=O)NCCO,HPZJMUBDEAMBFI-UHFFFAOYSA-N,BBB+,1,513.5950000000004,-0.9388999999999925,174.09,6,7,13,2,37,2,experimental_classification,p
BBBP_00875,875,CC(C)C[C@@H](C(=O)N[C@@H](CCSC)C(=O)N)NC(=O)CNC(=O)[C@H](CC1=CC=CC=C1)NC(=O)[C@H](CC2=CC=CC=C2)NC(=O)[C@H](CCC(=O)N)NC(=O)[C@H](CCC(=O)N)NC(=O)[C@@H]3CCCN3C(=O)[C@H](CCCCN)NC(=O)[C@@H]4CCCN4C(=O)[C@H](CCCN=C(N)N)N,CSCC[C@H](NC(=O)[C@H](CC(C)C)NC(=O)CNC(=O)[C@H](Cc1ccccc1)NC(=O)[C@H](Cc1ccccc1)NC(=O)[C@H](CCC(N)=O)NC(=O)[C@H](CCC(N)=O)NC(=O)[C@@H]1CCCN1C(=O)[C@H](CCCCN)NC(=O)[C@@H]1CCCN1C(=O)[C@@H](N)CCCN=C(N)N)C(N)=O,ADNPLDHMAVUMIW-CUZNLEPHSA-N,BBB+,1,1347.6570000000004,-3.7110000000000003,519.1299999999999,15,17,42,2,95,4,experimental_classification,p
BBBP_00876,876,N=C(N)NCCC[C@H](Nc1ccc(C[C@H](N)C(=O)O)cc1)C(=O)O,N=C(N)NCCC[C@H](Nc1ccc(C[C@H](N)C(=O)O)cc1)C(=O)O,XWSYGKWMBLTMIZ-RYUDHWBXSA-N,BBB+,1,337.38000000000005,-0.2306299999999995,174.54999999999998,7,5,10,1,24,1,experimental_classification,p
BBBP_00877,877,O=C(N)C(NC(=O)C(NC(=O)C(NC(=O)C(N)Cc1ccc(O)cc1)C)Cc2ccccc2)Cc3ccccc3,CC(NC(=O)C(N)Cc1ccc(O)cc1)C(=O)NC(Cc1ccccc1)C(=O)NC(Cc1ccccc1)C(N)=O,MVUYXNQARFGHMJ-UHFFFAOYSA-N,BBB+,1,545.6400000000003,0.707000000000005,176.64,6,6,13,3,40,3,experimental_classification,p
BBBP_00879,879,CCC(C)[C@H](NC(CC[C@H](NC(N[C@@H](Cc1ccc(N[C@@H](CC(N)=O)C(=O)O)cc1)C(NCC(=O)O)N[C@@H](CCCCN)C(=O)O)[C@H](CCC(NCC(NCC(=O)O)N[C@@H](CO)C(=O)O)N[C@@H](CN[C@@H](CCC(=O)O)C(=O)O)C(N[C@@H](CC(=O)O)C(=O)O)N[C@H](C(=O)O)C(C)C)NC(C[C@H](N)C(N[C@@H](Cc1ccccc1)C(N[C@@H](C(C)C)C(NCC(=O)O)N[C@@H](CC(C)C)C(=O)O)N[C@@H](Cc1cnc[nH]1)C(N[C@@H](CCSC)C(=O)O)N[C@H](C(=O)O)C(C)C)N[C@@H](CCCNC(=N)N)C(N[C@@H](CCC(N)N[C@H](C(=O)O)C(C)C)C(O)N[C@H](C(=O)O)C(C)C)N[C@@H](Cc1cnc[nH]1)C(NCC(=O)O)NCC(=O)O)N[C@@H](C)C(N[C@@H](CC(N[C@@H](Cc1ccccc1)C(=O)O)N[C@H](C(=O)O)C(C)C)C(N[C@@H](C)C(=O)O)N[C@@H](Cc1ccccc1)C(=O)O)N[C@@H](Cc1cnc[nH]1)C(N[C@@H](CCCCN)C(=O)O)N[C@@H](CC(C)C)C(=O)O)C(NCC(=O)O)N[C@H](C(=O)O)C(C)CC)N[C@@H](C)C(=O)O)C(=O)O,CCC(C)[C@H](NC(CC[C@H](NC(N[C@@H](Cc1ccc(N[C@@H](CC(N)=O)C(=O)O)cc1)C(NCC(=O)O)N[C@@H](CCCCN)C(=O)O)[C@H](CCC(NCC(NCC(=O)O)N[C@@H](CO)C(=O)O)N[C@@H](CN[C@@H](CCC(=O)O)C(=O)O)C(N[C@@H](CC(=O)O)C(=O)O)N[C@H](C(=O)O)C(C)C)NC(C[C@H](N)C(N[C@@H](Cc1ccccc1)C(N[C@@H](C(C)C)C(NCC(=O)O)N[C@@H](CC(C)C)C(=O)O)N[C@@H](Cc1cnc[nH]1)C(N[C@@H](CCSC)C(=O)O)N[C@H](C(=O)O)C(C)C)N[C@@H](CCCNC(=N)N)C(N[C@@H](CCC(N)N[C@H](C(=O)O)C(C)C)C(O)N[C@H](C(=O)O)C(C)C)N[C@@H](Cc1cnc[nH]1)C(NCC(=O)O)NCC(=O)O)N[C@@H](C)C(N[C@@H](CC(N[C@@H](Cc1ccccc1)C(=O)O)N[C@H](C(=O)O)C(C)C)C(N[C@@H](C)C(=O)O)N[C@@H](Cc1ccccc1)C(=O)O)N[C@@H](Cc1cnc[nH]1)C(N[C@@H](CCCCN)C(=O)O)N[C@@H](CC(C)C)C(=O)O)C(NCC(=O)O)N[C@H](C(=O)O)C(C)CC)N[C@@H](C)C(=O)O)C(=O)O,SUMCMFDEOWQHSW-VKFSBGBCSA-N,BBB+,1,4427.245999999981,-8.792930000000322,1861.169999999999,81,80,186,7,310,7,experimental_classification,p
BBBP_00880,880,O=C(O)CNC(O)[C@H](Cc1ccccc1)NC([C@@H]1CCCN1)N1CCC[C@H]1C(=O)O,O=C(O)CNC(O)[C@H](Cc1ccccc1)NC([C@@H]1CCCN1)N1CCC[C@H]1C(=O)O,OYDBZADHHVOMRW-BKTRUFGRSA-N,BBB+,1,420.51000000000033,-0.19299999999999679,134.16,6,7,11,1,30,3,experimental_classification,p
BBBP_00881,881,NCC(N[C@@H](CCC(=O)O)C(=O)O)N1CCC[C@H]1C(=O)O,NCC(N[C@@H](CCC(=O)O)C(=O)O)N1CCC[C@H]1C(=O)O,OJEJNNRYOVQSKR-JVIMKECRSA-N,BBB+,1,303.315,-1.272199999999997,153.18999999999997,5,6,9,0,21,1,experimental_classification,p
BBBP_00882,882,NCC(O)N1CCC[C@H]1C(=O)O,NCC(O)N1CCC[C@H]1C(=O)O,YTBYDFKOKXUDKB-ZBHICJROSA-N,BBB+,1,174.20000000000002,-1.1874999999999993,86.79,3,4,3,0,12,1,experimental_classification,p
BBBP_00883,883,CC([C@H](N)C(=O)O)N1CCC[C@H]1C(=O)O,CC([C@H](N)C(=O)O)N1CCC[C@H]1C(=O)O,LOPJHBAUQBHCGR-BYRXKDITSA-N,BBB+,1,216.23699999999997,-0.664199999999999,103.86,3,4,4,0,15,1,experimental_classification,p
BBBP_00884,884,CC(C)C[C@H](NC([C@@H]1CCCN1)N1CCC[C@H]1C(=O)O)C(=O)O,CC(C)C[C@H](NC([C@@H]1CCCN1)N1CCC[C@H]1C(=O)O)C(=O)O,UDJUZCLJMJRSIR-AIOZOAKWSA-N,BBB+,1,327.425,0.7024000000000018,101.89999999999999,4,5,8,0,23,2,experimental_classification,p
BBBP_00885,885,CSCC[C@H](NC(CC[C@H](NC(N[C@@H](CCCNC(=N)N)C(=O)O)[C@@H](N)CCCNC(=N)N)C(=O)O)N[C@@H](CO)C(=O)O)C(=O)O,CSCC[C@H](NC(CC[C@H](NC(N[C@@H](CCCNC(=N)N)C(=O)O)[C@@H](N)CCCNC(=N)N)C(=O)O)N[C@@H](CO)C(=O)O)C(=O)O,YDYLKSYPXIMBHB-FYFRJQNCSA-N,BBB+,1,681.8180000000004,-3.8107600000000126,367.37,16,13,28,0,46,0,experimental_classification,p
BBBP_00886,886,CC(NCC(N[C@@H](CCC(=O)O)C(=O)O)N[C@@H](Cc1ccc(O)cc1)C(=O)O)[C@H](NC(CNC(NCC(N[C@@H](Cc1ccccc1)C(NCC(=O)O)N[C@@H](CCCCN)C(=O)O)N[C@@H](Cc1ccccc1)C(N[C@@H](CCCNC(=N)N)C(=O)O)N[C@@H](CC(N)=O)C(=O)O)[C@@H](N)CS)N[C@@H](CCCCN)C(NCC(N[C@@H](CCC(=O)O)C(=O)O)N[C@H](C(=O)O)C(C)O)N[C@@H](Cc1ccc(N[C@@H](CC(N)=O)C(=O)O)cc1)C(N[C@@H](CCCCN)C(=O)O)N[C@@H](Cc1ccccc1)C(=O)O)C(N[C@@H](CO)C(=O)O)N[C@@H](CCCNC(=N)N)C(=O)O,CC(NCC(N[C@@H](CCC(=O)O)C(=O)O)N[C@@H](Cc1ccc(O)cc1)C(=O)O)[C@H](NC(CNC(NCC(N[C@@H](Cc1ccccc1)C(NCC(=O)O)N[C@@H](CCCCN)C(=O)O)N[C@@H](Cc1ccccc1)C(N[C@@H](CCCNC(=N)N)C(=O)O)N[C@@H](CC(N)=O)C(=O)O)[C@@H](N)CS)N[C@@H](CCCCN)C(NCC(N[C@@H](CCC(=O)O)C(=O)O)N[C@H](C(=O)O)C(C)O)N[C@@H](Cc1ccc(N[C@@H](CC(N)=O)C(=O)O)cc1)C(N[C@@H](CCCCN)C(=O)O)N[C@@H](Cc1ccccc1)C(=O)O)C(N[C@@H](CO)C(=O)O)N[C@@H](CCCNC(=N)N)C(=O)O,MAWGMTGMFDBAAC-SJMGOBPTSA-N,BBB+,1,2667.0929999999967,-9.261359999999994,1198.9099999999999,53,49,111,5,187,5,experimental_classification,p
BBBP_00887,887,CCC(C)[C@H](NC([C@@H](NC([C@H](CCC(N)N[C@@H](Cc1ccccc1)C(N[C@@H](C(C)C)C(N[C@@H](Cc1cnc[nH]1)C(=O)O)N[C@@H](CC(C)C)C(=O)O)N[C@@H](Cc1cnc[nH]1)C(N[C@@H](Cc1cnc[nH]1)C(=O)O)N[C@@H](CC(C)C)C(=O)O)NC(N[C@@H](Cc1c[nH]c2ccccc12)C(N[C@@H](CN[C@@H](C)C(N[C@H](C(=O)O)C(C)C)N[C@H](C(=O)O)C(C)O)C(N[C@@H](CCCCN)C(NCC(=O)O)N[C@@H](CCCCN)C(=O)O)N[C@@H](CCCNC(=N)N)C(N[C@@H](Cc1cnc[nH]1)C(=O)O)N[C@H](C(=O)O)C(C)CC)N1CCC[C@H]1C(NCC(N[C@@H](CCCNC(=N)N)C(=O)O)N[C@@H](CCC(=O)O)C(=O)O)N[C@@H](CCCCN)C(N[C@H](C(=O)O)C(C)C)N[C@H](C(=O)O)C(C)O)[C@H](CCCCN)NC(N[C@@H](CCCCN)C(N[C@@H](Cc1ccccc1)C(N[C@@H](C)C(N[C@@H](CC(N)=O)C(=O)O)N[C@H](C(=O)O)C(C)CC)N[C@@H](CCCNC(=N)N)C(N[C@@H](CC(=O)O)C(=O)O)N[C@@H](CC(C)C)C(=O)O)N[C@@H](CC(N)N[C@@H](CC(N[C@@H](CS)C(=O)O)N[C@H](C(=O)O)C(C)O)C(N[C@@H](CCCNC(=N)N)C(=O)O)N[C@H](C(=O)O)C(C)C)C(N[C@@H](CCC(N[C@@H](CCSC)C(=O)O)N1CCC[C@H]1C(=O)O)C(N[C@@H](C)C(=O)O)N[C@@H](CCCNC(=N)N)C(=O)O)N1CCC[C@H]1C(N[C@@H](CCC(=O)O)C(=O)O)N1CCC[C@H]1C(=O)O)[C@@H](N)Cc1cnc[nH]1)N1CCC[C@H]1C(N[C@@H](Cc1ccccc1)C(=O)O)N1CCC[C@H]1C(=O)O)C(C)C)N1CCC[C@H]1C(O)N[C@@H](Cc1cnc[nH]1)C(=O)O)C(N[C@@H](CC(=O)O)C(=O)O)N1CCC[C@H]1C(=O)O,CCC(C)[C@H](NC([C@@H](NC([C@H](CCC(N)N[C@@H](Cc1ccccc1)C(N[C@@H](C(C)C)C(N[C@@H](Cc1cnc[nH]1)C(=O)O)N[C@@H](CC(C)C)C(=O)O)N[C@@H](Cc1cnc[nH]1)C(N[C@@H](Cc1cnc[nH]1)C(=O)O)N[C@@H](CC(C)C)C(=O)O)NC(N[C@@H](Cc1c[nH]c2ccccc12)C(N[C@@H](CN[C@@H](C)C(N[C@H](C(=O)O)C(C)C)N[C@H](C(=O)O)C(C)O)C(N[C@@H](CCCCN)C(NCC(=O)O)N[C@@H](CCCCN)C(=O)O)N[C@@H](CCCNC(=N)N)C(N[C@@H](Cc1cnc[nH]1)C(=O)O)N[C@H](C(=O)O)C(C)CC)N1CCC[C@H]1C(NCC(N[C@@H](CCCNC(=N)N)C(=O)O)N[C@@H](CCC(=O)O)C(=O)O)N[C@@H](CCCCN)C(N[C@H](C(=O)O)C(C)C)N[C@H](C(=O)O)C(C)O)[C@H](CCCCN)NC(N[C@@H](CCCCN)C(N[C@@H](Cc1ccccc1)C(N[C@@H](C)C(N[C@@H](CC(N)=O)C(=O)O)N[C@H](C(=O)O)C(C)CC)N[C@@H](CCCNC(=N)N)C(N[C@@H](CC(=O)O)C(=O)O)N[C@@H](CC(C)C)C(=O)O)N[C@@H](CC(N)N[C@@H](CC(N[C@@H](CS)C(=O)O)N[C@H](C(=O)O)C(C)O)C(N[C@@H](CCCNC(=N)N)C(=O)O)N[C@H](C(=O)O)C(C)C)C(N[C@@H](CCC(N[C@@H](CCSC)C(=O)O)N1CCC[C@H]1C(=O)O)C(N[C@@H](C)C(=O)O)N[C@@H](CCCNC(=N)N)C(=O)O)N1CCC[C@H]1C(N[C@@H](CCC(=O)O)C(=O)O)N1CCC[C@H]1C(=O)O)[C@@H](N)Cc1cnc[nH]1)N1CCC[C@H]1C(N[C@@H](Cc1ccccc1)C(=O)O)N1CCC[C@H]1C(=O)O)C(C)C)N1CCC[C@H]1C(O)N[C@@H](Cc1cnc[nH]1)C(=O)O)C(N[C@@H](CC(=O)O)C(=O)O)N1CCC[C@H]1C(=O)O,JAGUXKKTXDJTRM-VOKITTJCSA-N,BBB+,1,6943.500999999983,-11.768949999999723,2837.0600000000004,123,121,274,11,487,19,experimental_classification,p
BBBP_00888,888,CC(C)C[C@H](NC(N)C[C@H](NC(N[C@@H](CC(C)C)C(N[C@@H](Cc1cnc[nH]1)C(=O)O)N[C@H](C(=O)O)C(C)O)[C@H](CC(C)C)NC(N[C@@H](Cc1ccc(N[C@H](C(=O)O)C(C)O)cc1)C(N[C@@H](C)C(=O)O)N[C@@H](CO)C(=O)O)[C@@H](N)Cc1cnc[nH]1)C(O)NCC(=O)O)C(=O)O,CC(C)C[C@H](NC(N)C[C@H](NC(N[C@@H](CC(C)C)C(N[C@@H](Cc1cnc[nH]1)C(=O)O)N[C@H](C(=O)O)C(C)O)[C@H](CC(C)C)NC(N[C@@H](Cc1ccc(N[C@H](C(=O)O)C(C)O)cc1)C(N[C@@H](C)C(=O)O)N[C@@H](CO)C(=O)O)[C@@H](N)Cc1cnc[nH]1)C(O)NCC(=O)O)C(=O)O,IUNZMZWCIKKYAM-AZCGVKMCSA-N,BBB+,1,1338.5740000000008,-3.7161000000000186,583.7500000000001,26,26,51,3,94,3,experimental_classification,p
BBBP_00889,889,CCC(C)[C@H](NC(N[C@@H](Cc1ccc(N[C@H](C(=O)O)C(C)O)cc1)C(N[C@@H](C)C(=O)O)N[C@@H](CCCNC(=N)N)C(=O)O)[C@@H]1CCCN1C(N[C@@H](C(C)C)C(NCC(=O)O)N[C@@H](CCC(=O)O)C(=O)O)[C@@H](N)Cc1c[nH]c2ccccc12)C(N[C@@H](C)C(=O)O)N[C@H](C(=O)O)C(C)C,CCC(C)[C@H](NC(N[C@@H](Cc1ccc(N[C@H](C(=O)O)C(C)O)cc1)C(N[C@@H](C)C(=O)O)N[C@@H](CCCNC(=N)N)C(=O)O)[C@@H]1CCCN1C(N[C@@H](C(C)C)C(NCC(=O)O)N[C@@H](CCC(=O)O)C(=O)O)[C@@H](N)Cc1c[nH]c2ccccc12)C(N[C@@H](C)C(=O)O)N[C@H](C(=O)O)C(C)C,WKRCYWWPYVLDSU-FJPZZYCPSA-N,BBB+,1,1371.6469999999997,-0.0900300000000247,545.8799999999999,24,22,49,3,97,4,experimental_classification,p
BBBP_00890,890,CCC(C)[C@H](NC(N[C@@H](C(C)C)C(O)N[C@@H](C)C(=O)O)[C@@H](N)C(C)C)C(=O)O,CCC(C)[C@H](NC(N[C@@H](C(C)C)C(O)N[C@@H](C)C(=O)O)[C@@H](N)C(C)C)C(=O)O,WRVMJNMUZJCJRY-DQJMJGDSSA-N,BBB+,1,404.55200000000013,0.3800000000000047,156.94,7,7,14,0,28,0,experimental_classification,p
BBBP_00891,891,CCC(C)[C@H](NC(N[C@@H](Cc1ccccc1)C(O)N[C@@H](C)C(=O)O)[C@@H](N)Cc1ccccc1)C(=O)O,CCC(C)[C@H](NC(N[C@@H](Cc1ccccc1)C(O)N[C@@H](C)C(=O)O)[C@@H](N)Cc1ccccc1)C(=O)O,VFLSOBHTCMRTNV-QCBWWCATSA-N,BBB+,1,500.6400000000002,1.553400000000002,156.94,7,7,16,2,36,2,experimental_classification,p
BBBP_00892,892,CCC(C)[C@H](NC(N[C@@H](CC(C)C)C(=O)O)[C@H](C)NC(N[C@@H](Cc1ccc(N[C@@H](Cc2ccc(N[C@@H](Cc3c[nH]c4ccccc34)C(=O)O)cc2)C(NCC(=O)O)N[C@@H](C)C(=O)O)cc1)C(N[C@@H](Cc1ccc(N[C@@H](CCCCN)C(=O)O)cc1)C(N[C@@H](CCCNC(=N)N)C(=O)O)N[C@@H](Cc1c[nH]c2ccccc12)C(=O)O)N[C@@H](CCSC)C(N[C@@H](CC(C)C)C(=O)O)N[C@H](C(=O)O)C(C)CC)[C@@H](N)C(C)C)C(=O)O,CCC(C)[C@H](NC(N[C@@H](CC(C)C)C(=O)O)[C@H](C)NC(N[C@@H](Cc1ccc(N[C@@H](Cc2ccc(N[C@@H](Cc3c[nH]c4ccccc34)C(=O)O)cc2)C(NCC(=O)O)N[C@@H](C)C(=O)O)cc1)C(N[C@@H](Cc1ccc(N[C@@H](CCCCN)C(=O)O)cc1)C(N[C@@H](CCCNC(=N)N)C(=O)O)N[C@@H](Cc1c[nH]c2ccccc12)C(=O)O)N[C@@H](CCSC)C(N[C@@H](CC(C)C)C(=O)O)N[C@H](C(=O)O)C(C)CC)[C@@H](N)C(C)C)C(=O)O,OPYGVEUYLASEHB-LIVQTERSSA-N,BBB+,1,2058.614000000001,6.789269999999989,698.9699999999999,32,29,76,7,146,7,experimental_classification,p
BBBP_00893,893,CCC(C)[C@H](NC(N[C@@H](CC(C)C)C(=O)O)[C@H](C)NC(N[C@@H](Cc1ccc(N[C@@H](Cc2ccc(N[C@@H](Cc3c[nH]c4ccccc34)C(=O)O)cc2)C(N[C@@H](CO)C(=O)O)N[C@@H](CCCCN)C(=O)O)cc1)C(N[C@@H](Cc1ccc(N[C@@H](CO)C(=O)O)cc1)C(O)N[C@@H](CCCCN)C(=O)O)N[C@@H](CCSC)C(N[C@@H](CO)C(=O)O)N[C@@H](CCCCN)C(=O)O)[C@@H](N)C(C)C)C(=O)O,CCC(C)[C@H](NC(N[C@@H](CC(C)C)C(=O)O)[C@H](C)NC(N[C@@H](Cc1ccc(N[C@@H](Cc2ccc(N[C@@H](Cc3c[nH]c4ccccc34)C(=O)O)cc2)C(N[C@@H](CO)C(=O)O)N[C@@H](CCCCN)C(=O)O)cc1)C(N[C@@H](Cc1ccc(N[C@@H](CO)C(=O)O)cc1)C(O)N[C@@H](CCCCN)C(=O)O)N[C@@H](CCSC)C(N[C@@H](CO)C(=O)O)N[C@@H](CCCCN)C(=O)O)[C@@H](N)C(C)C)C(=O)O,IJJZROGGAYYHPC-IDBJPFBWSA-N,BBB+,1,1879.3440000000014,1.2429000000000008,704.91,32,32,74,5,132,5,experimental_classification,p
BBBP_00894,894,CCC(C)[C@H](NC(NCC(N[C@@H](CCCCN)C(N[C@@H](CC(C)C)C(=O)O)N[C@H](C(=O)O)C(C)C)N[C@@H](CC(C)C)C(N[C@@H](CCCCN)C(O)N[C@H](C(=O)O)C(C)C)N[C@H](C(=O)O)C(C)O)[C@H](C)N)C(N[C@@H](Cc1c[nH]c2ccccc12)C(N[C@@H](CC(C)C)C(=O)O)N[C@H](C(=O)O)C(C)C)N[C@@H](CCCNC(=N)N)C(N[C@@H](CC(C)C)C(=O)O)N[C@H](C(=O)O)C(C)CC,CCC(C)[C@H](NC(NCC(N[C@@H](CCCCN)C(N[C@@H](CC(C)C)C(=O)O)N[C@H](C(=O)O)C(C)C)N[C@@H](CC(C)C)C(N[C@@H](CCCCN)C(O)N[C@H](C(=O)O)C(C)C)N[C@H](C(=O)O)C(C)O)[C@H](C)N)C(N[C@@H](Cc1c[nH]c2ccccc12)C(N[C@@H](CC(C)C)C(=O)O)N[C@H](C(=O)O)C(C)C)N[C@@H](CCCNC(=N)N)C(N[C@@H](CC(C)C)C(=O)O)N[C@H](C(=O)O)C(C)CC,SPFARAAUVHFSCG-VNIOYFPASA-N,BBB+,1,1838.491,2.486570000000028,675.0600000000001,32,29,76,2,129,2,experimental_classification,p
BBBP_00895,895,CCC(C)[C@H](NC[C@H](NC(N[C@@H](CCCCN)C(O)N[C@H](C(=O)O)C(C)C)[C@H](CCCCN)NC[C@H](N)C(N[C@@H](CCCCN)C(N[C@@H](CC(C)C)C(=O)O)N[C@H](C(=O)O)C(C)C)N[C@@H](CN[C@@H](CCCCN)C(=O)O)C(N[C@@H](CC(C)C)C(=O)O)N[C@H](C(=O)O)C(C)O)C(N[C@@H](CC(C)C)C(=O)O)N[C@H](C(=O)O)C(C)C)C(=O)O,CCC(C)[C@H](NC[C@H](NC(N[C@@H](CCCCN)C(O)N[C@H](C(=O)O)C(C)C)[C@H](CCCCN)NC[C@H](N)C(N[C@@H](CCCCN)C(N[C@@H](CC(C)C)C(=O)O)N[C@H](C(=O)O)C(C)C)N[C@@H](CN[C@@H](CCCCN)C(=O)O)C(N[C@@H](CC(C)C)C(=O)O)N[C@H](C(=O)O)C(C)O)C(N[C@@H](CC(C)C)C(=O)O)N[C@H](C(=O)O)C(C)C)C(=O)O,MOUHBBQBKDRQJZ-PTFVSUOVSA-N,BBB+,1,1655.1889999999996,-1.5119999999999627,674.6800000000001,30,30,74,0,115,0,experimental_classification,p
BBBP_00896,896,CCC(C)[C@H](NC[C@H](N)C(N[C@@H](Cc1c[nH]c2ccccc12)C(=O)O)N[C@H](C(=O)O)C(C)C)C(=O)O,CCC(C)[C@H](NC[C@H](N)C(N[C@@H](Cc1c[nH]c2ccccc12)C(=O)O)N[C@H](C(=O)O)C(C)C)C(=O)O,SVYWRIXSIFKNKO-RSULMSSQSA-N,BBB+,1,505.61600000000027,1.1943000000000037,189.79999999999998,8,7,16,2,36,2,experimental_classification,p
BBBP_00897,897,C[C@H](NC(CNC(NCC(NCC(=O)O)N[C@@H](CO)C(=O)O)[C@H](C)N)N[C@@H](CC(O)N[C@@H](CCC(=O)O)C(=O)O)C(=O)O)C(=O)O,C[C@H](NC(CNC(NCC(NCC(=O)O)N[C@@H](CO)C(=O)O)[C@H](C)N)N[C@@H](CC(O)N[C@@H](CCC(=O)O)C(=O)O)C(=O)O)C(=O)O,DQQGCCWZCCSJNK-DVSYAMTFSA-N,BBB+,1,670.6740000000005,-6.078000000000011,374.49,16,16,28,0,46,0,experimental_classification,p
BBBP_00898,898,CC(C)C[C@H](NC(N[C@@H](Cc1ccc(O)cc1)C(=O)O)[C@@H](NC(NCC(N[C@@H](C(C)C)C(N[C@@H](CO)C(=O)O)N[C@@H](CCCCN)C(=O)O)N[C@@H](CNCC(=O)O)C(N[C@@H](C)C(=O)O)N[C@@H](CCCNC(=N)N)C(=O)O)[C@H](C)NC(N[C@@H](CC(N[C@@H](C(C)N[C@@H](C)C(=O)O)C(N[C@@H](C)C(=O)O)N[C@@H](CCCCN)C(=O)O)N[C@@H](Cc1ccc(N[C@@H](CCC(N)=O)C(=O)O)cc1)C(N[C@@H](CCC(N)=O)C(=O)O)N[C@@H](CC(=O)O)C(=O)O)C(N[C@@H](C(C)C)C(N[C@@H](CC(=O)O)C(=O)O)N[C@@H](Cc1ccccc1)C(=O)O)N[C@@H](CC(N[C@@H](CO)C(=O)O)N[C@H](C(=O)O)C(C)C)C(N[C@@H](Cc1c[nH]c2ccccc12)C(=O)O)N[C@@H](CC(C)C)C(=O)O)[C@@H](N)Cc1cnc[nH]1)C(C)N[C@H](C(=O)O)C(C)O)C(=O)O,CC(C)C[C@H](NC(N[C@@H](Cc1ccc(O)cc1)C(=O)O)[C@@H](NC(NCC(N[C@@H](C(C)C)C(N[C@@H](CO)C(=O)O)N[C@@H](CCCCN)C(=O)O)N[C@@H](CNCC(=O)O)C(N[C@@H](C)C(=O)O)N[C@@H](CCCNC(=N)N)C(=O)O)[C@H](C)NC(N[C@@H](CC(N[C@@H](C(C)N[C@@H](C)C(=O)O)C(N[C@@H](C)C(=O)O)N[C@@H](CCCCN)C(=O)O)N[C@@H](Cc1ccc(N[C@@H](CCC(N)=O)C(=O)O)cc1)C(N[C@@H](CCC(N)=O)C(=O)O)N[C@@H](CC(=O)O)C(=O)O)C(N[C@@H](C(C)C)C(N[C@@H](CC(=O)O)C(=O)O)N[C@@H](Cc1ccccc1)C(=O)O)N[C@@H](CC(N[C@@H](CO)C(=O)O)N[C@H](C(=O)O)C(C)C)C(N[C@@H](Cc1c[nH]c2ccccc12)C(=O)O)N[C@@H](CC(C)C)C(=O)O)[C@@H](N)Cc1cnc[nH]1)C(C)N[C@H](C(=O)O)C(C)O)C(=O)O,XEPWEJLXASJNJN-SRWJDOAHSA-N,BBB+,1,3456.9489999999846,-9.736330000000187,1533.0299999999995,66,63,140,6,243,6,experimental_classification,p
BBBP_00899,899,N[C@@H](Cc1ccccc1)C(NCC(=O)O)N1CCC[C@H]1C(O)N1CCC[C@H]1C(=O)O,N[C@@H](Cc1ccccc1)C(NCC(=O)O)N1CCC[C@H]1C(O)N1CCC[C@H]1C(=O)O,PYTQKNIITYSEKE-BKTRUFGRSA-N,BBB+,1,420.51000000000016,-0.1114999999999971,139.35999999999999,5,7,10,1,30,3,experimental_classification,p
BBBP_00900,900,N[C@@H](Cc1cnc[nH]1)C(N[C@@H](Cc1ccccc1)C(NCC(=O)O)N1CCC[C@H]1C(=O)O)N1CCC[C@H]1C(=O)O,N[C@@H](Cc1cnc[nH]1)C(N[C@@H](Cc1ccccc1)C(NCC(=O)O)N1CCC[C@H]1C(=O)O)N1CCC[C@H]1C(=O)O,BRNNNGSMYDTQAN-GUBOAMQPSA-N,BBB+,1,557.6520000000005,-0.09519999999999379,197.13999999999996,7,9,15,2,40,4,experimental_classification,p
BBBP_00901,901,N[C@@H](CCC(N[C@@H](Cc1ccccc1)C(=O)O)N[C@@H](Cc1cnc[nH]1)C(O)N1CCC[C@H]1C(=O)O)C(NCC(=O)O)N1CCC[C@H]1C(=O)O,N[C@@H](CCC(N[C@@H](Cc1ccccc1)C(=O)O)N[C@@H](Cc1cnc[nH]1)C(O)N1CCC[C@H]1C(=O)O)C(NCC(=O)O)N1CCC[C@H]1C(=O)O,KSRHAODPOSSZIU-MZBNYYLVSA-N,BBB+,1,688.7830000000001,-0.9537999999999902,266.7,10,12,21,2,49,4,experimental_classification,p
BBBP_00902,902,CC(N[C@@H](CCCCN)C(N[C@@H](Cc1cnc[nH]1)C(=O)O)N[C@H](C(=O)O)C(C)C)[C@H](N)C(NCC(=O)O)N[C@@H](Cc1c[nH]c2ccccc12)C(N[C@@H](CCCCN)C(=O)O)N[C@@H](CC(N)=O)C(=O)O,CC(N[C@@H](CCCCN)C(N[C@@H](Cc1cnc[nH]1)C(=O)O)N[C@H](C(=O)O)C(C)C)[C@H](N)C(NCC(=O)O)N[C@@H](Cc1c[nH]c2ccccc12)C(N[C@@H](CCCCN)C(=O)O)N[C@@H](CC(N)=O)C(=O)O,GCKMHGJNLCJJAM-YGKBQLTRSA-N,BBB+,1,975.1629999999998,-2.078500000000016,436.32999999999987,18,17,38,3,69,3,experimental_classification,p
BBBP_00903,903,NCC(N[C@@H](CS)C(=O)O)N[C@@H](Cc1ccccc1)C(=O)O,NCC(N[C@@H](CS)C(=O)O)N[C@@H](Cc1ccccc1)C(=O)O,KWWHLWUCQKMMJK-NDQFZYFBSA-N,BBB+,1,327.40600000000006,-0.47069999999999773,124.67999999999999,6,6,10,1,22,1,experimental_classification,p
BBBP_00904,904,CC(C)C[C@H](NC(C)[C@H](NC(N[C@@H](Cc1c[nH]c2ccccc12)C(O)N[C@@H](CCCNC(=N)N)C(=O)O)[C@H](C)N)C(N1CCC[C@H]1C(=O)O)N1CCC[C@H]1C(=O)O)C(=O)O,CC(C)C[C@H](NC(C)[C@H](NC(N[C@@H](Cc1c[nH]c2ccccc12)C(O)N[C@@H](CCCNC(=N)N)C(=O)O)[C@H](C)N)C(N1CCC[C@H]1C(=O)O)N1CCC[C@H]1C(=O)O)C(=O)O,IKQNXWDUFWZXIX-URSKXHBYSA-N,BBB+,1,846.0439999999998,-0.17392999999999958,327.74000000000007,14,13,26,2,60,4,experimental_classification,p
BBBP_00905,905,N[C@@H](CCC(N[C@@H](CCC(N[C@@H](CCC(=O)O)C(=O)O)N[C@@H](CCC(=O)O)C(=O)O)C(=O)O)N[C@@H](CCC(N[C@@H](CCC(=O)O)C(=O)O)N[C@@H](CCC(=O)O)C(=O)O)C(N[C@@H](CCC(=O)O)C(=O)O)N[C@@H](CCC(=O)O)C(=O)O)C(N[C@@H](CCC(=O)O)C(=O)O)N[C@@H](CCC(=O)O)C(=O)O,N[C@@H](CCC(N[C@@H](CCC(N[C@@H](CCC(=O)O)C(=O)O)N[C@@H](CCC(=O)O)C(=O)O)C(=O)O)N[C@@H](CCC(N[C@@H](CCC(=O)O)C(=O)O)N[C@@H](CCC(=O)O)C(=O)O)C(N[C@@H](CCC(=O)O)C(=O)O)N[C@@H](CCC(=O)O)C(=O)O)C(N[C@@H](CCC(=O)O)C(=O)O)N[C@@H](CCC(=O)O)C(=O)O,WPLOSAFQAZLBRV-KLXASHBUSA-N,BBB+,1,1448.3600000000008,-5.453399999999993,780.4200000000002,28,28,64,0,100,0,experimental_classification,p
