source_row_id,sequence,label,split,split_seed
0,CCC(C)[C@H](NC(N[C@@H](Cc1ccccc1)C(N[C@@H](CCC(N)=O)C(=O)O)N[C@@H](CC(C)C)C(=O)O)[C@@H](NC([C@@H](N)Cc1ccccc1)N1CCC[C@H]1C(N[C@@H](C(C)N[C@@H](CCCCN)C(=O)O)C(N[C@@H](CCCNC(=N)N)C(=O)O)N[C@H](C(=O)O)C(C)CC)N[C@@H](Cc1cnc[nH]1)C(N[C@@H](CCCCN)C(=O)O)N[C@@H](CCC(=O)O)C(=O)O)C(C)C)C(N[C@@H](CCC(NCC(=O)O)N[C@@H](CCCCN)C(=O)O)C(O)N[C@@H](CCC(N)=O)C(=O)O)N[C@@H](CN[C@@H](CCC(=O)O)C(=O)O)C(N[C@@H](CCCNC(=N)N)C(=O)O)N[C@@H](CC(N)=O)C(=O)O,0,val,42
1,CC(C)C[C@H](NC(N[C@@H](CC(N)=O)C(=O)O)[C@H](CCC(N)N[C@@H](CCC(O)N[C@@H](Cc1ccc(O)cc1)C(=O)O)C(=O)O)NC(N[C@@H](C(C)N[C@@H](C)C(=O)O)C(N[C@@H](CC(=O)O)C(=O)O)N[C@H](C(=O)O)C(C)O)[C@@H](N)CCCCN)C(=O)O,0,train,42
2,CCC(C)[C@H](NC(N[C@@H](CCSC)C(N[C@@H](C)C(N[C@@H](CCCCN)C(=O)O)N[C@@H](CC(C)C)C(=O)O)N[C@H](C(=O)O)C(C)CC)[C@H](CC(C)C)NC(NCC(N[C@@H](C(C)C)C(N[C@@H](CCSC)C(=O)O)N[C@@H](CC(C)C)C(=O)O)N1CCC[C@H]1C(N[C@@H](CC(N)=O)C(=O)O)N[C@H](C(=O)O)C(C)CC)[C@@H](N)CC(C)C)C(N[C@@H](C)C(=O)O)N[C@@H](CO)C(=O)O,0,train,42
3,CCC(C)[C@H](NC(N[C@@H](CCC(=O)O)C(=O)O)[C@H](C)NC(C[C@H](NC(N[C@@H](CC(N[C@@H](CCCCN)C(=O)O)N[C@H](C(=O)O)C(C)C)C(N[C@@H](CO)C(=O)O)N[C@H](C(=O)O)C(C)C)[C@H](CC(C)C)NC(CN)N[C@@H](Cc1c[nH]c2ccccc12)C(N[C@@H](CCCCN)C(N[C@@H](C)C(=O)O)N[C@@H](CO)C(=O)O)N[C@@H](CC(C)C)C(N[C@@H](CO)C(=O)O)N[C@@H](CC(C)C)C(=O)O)C(N[C@@H](CCCCN)C(=O)O)N[C@@H](C)C(N[C@@H](CCCCN)C(=O)O)N[C@@H](CC(C)C)C(=O)O)N[C@@H](C)C(N[C@@H](C)C(=O)O)N[C@@H](C)C(=O)O)C(=O)O,0,val,42
4,CCC(C)[C@H](NC[C@H](NC(N)C[C@H](N)C(NCC(N[C@@H](CC(C)C)C(=O)O)N[C@H](C(=O)O)C(C)CC)N[C@@H](CCSC)C(NCC(=O)O)N[C@H](C(=O)O)C(C)CC)C(N[C@@H](CN[C@@H](CCC(=O)O)C(=O)O)C(O)N[C@@H](C)C(=O)O)N[C@@H](CC(N)N[C@H](C(=O)O)C(C)C)C(N[C@@H](CCSC)C(=O)O)N[C@H](C(=O)O)C(C)O)C(N[C@@H](CCCNC(=N)N)C(=O)O)N1CCC[C@H]1C(=O)O,0,train,42
5,CC(C)C[C@H](NC(N[C@@H](Cc1cnc[nH]1)C(=O)O)[C@@H]1CCCN1C(N)C[C@H](N)C(N[C@@H](CC(N)=O)C(=O)O)N[C@H](C(=O)O)C(C)O)C(=O)O,0,train,42
6,CCC(C)[C@H](NC(CN)N[C@@H](C(C)C)C(N[C@@H](C)C(N[C@@H](CCCCN)C(=O)O)N[C@@H](CC(N)=O)C(=O)O)N[C@@H](CCCCN)C(N[C@@H](CC(C)C)C(=O)O)N[C@H](C(=O)O)C(C)C)C(N[C@@H](CC(NCC(NCC(=O)O)N[C@H](C(=O)O)C(C)CC)N[C@H](C(=O)O)C(C)C)C(NCC(=O)O)N[C@@H](CC(C)C)C(=O)O)N[C@@H](Cc1ccccc1)C(N[C@@H](CCCCN)C(=O)O)N[C@H](C(=O)O)C(C)CC,0,train,42
7,CC(O)[C@H](NC(NCC(=O)O)[C@H](CCC(N)NCC(=O)O)NC(N)CC[C@H](N)C(N[C@@H](Cc1ccc(O)cc1)C(=O)O)N[C@@H](CC(N[C@@H](Cc1ccccc1)C(=O)O)N[C@@H](Cc1c[nH]c2ccccc12)C(=O)O)C(N[C@@H](CC(=O)O)C(=O)O)N[C@@H](Cc1ccccc1)C(=O)O)C(=O)O,0,train,42
8,CSCC[C@H](NC(N[C@@H](Cc1c[nH]c2ccccc12)C(=O)O)[C@@H]1CCCN1C([C@@H](N)Cc1ccccc1)N1CCC[C@H]1C(=O)O)C(=O)O,0,val,42
9,CCC(C)[C@H](NC(C)[C@H](NC(CNC(N[C@@H](C(C)C)C(N[C@@H](Cc1c[nH]c2ccccc12)C(=O)O)N[C@H](C(=O)O)C(C)C)[C@H](C)N)N[C@@H](Cc1c[nH]c2ccccc12)C(NCC(=O)O)N[C@H](C(=O)O)C(C)O)C(=O)O)C(=O)O,0,train,42
10,N[C@@H](CC(NCC(O)NCC(=O)O)N1CCC[C@H]1C(N[C@@H](CO)C(=O)O)N[C@@H](Cc1c[nH]c2ccccc12)C(=O)O)C(N[C@@H](CO)C(=O)O)N[C@@H](Cc1ccccc1)C(=O)O,0,val,42
11,CC(C)C[C@H](NC(O)[C@@H]1CCCN1C(C[C@H](N)C(N[C@@H](CO)C(=O)O)N[C@@H](Cc1ccccc1)C(=O)O)N1CCC[C@H]1C(N[C@@H](CCCNC(=N)N)C(=O)O)N1CCC[C@H]1C(=O)O)C(=O)O,0,train,42
12,CCC(C)[C@H](N)C(N[C@@H](CCC(O)N[C@@H](C)C(=O)O)C(=O)O)N[C@@H](Cc1ccc(N2CCC[C@H]2C(=O)O)cc1)C(N[C@@H](CCC(=O)O)C(=O)O)N[C@H](C(=O)O)C(C)CC,0,test,42
13,CCC(C)[C@H](N)C(N[C@@H](CC(C)C)C(N[C@@H](C(C)C)C(N[C@@H](CC(N)=O)C(=O)O)N[C@@H](CC(=O)O)C(=O)O)N[C@@H](CC(C)C)C(N[C@@H](CC(C)C)C(=O)O)N[C@@H](CC(C)C)C(=O)O)N1CCC[C@H]1C(NCC(N[C@@H](CC(C)C)C(=O)O)N[C@@H](CC(C)C)C(=O)O)N[C@@H](CC(N)=O)C(=O)O,0,train,42
14,CC(C)C[C@H](NC(N[C@@H](CC(N)=O)C(=O)O)[C@@H](NC(N[C@@H](CS)C(N[C@@H](C)C(=O)O)N[C@@H](CC(=O)O)C(=O)O)[C@@H](N)CCCCN)C(C)N[C@@H](CCC(N[C@@H](CC(=O)O)C(=O)O)N[C@@H](Cc1ccc(O)cc1)C(=O)O)C(=O)O)C(=O)O,0,test,42
15,CCC(C)[C@H](NC(C)[C@H](NC(N[C@@H](CCC(N)N[C@@H](Cc1c[nH]c2ccccc12)C(=O)O)C(N[C@@H](C)C(=O)O)N[C@@H](CCCNC(=N)N)C(=O)O)[C@H](C)NC(N[C@@H](CC(N)N[C@@H](CC(N)=O)C(=O)O)C(N[C@@H](CO)C(=O)O)N[C@H](C(=O)O)C(C)CC)[C@@H](N)CCSC)C(N[C@@H](Cc1c[nH]c2ccccc12)C(=O)O)N[C@@H](Cc1c[nH]c2ccccc12)C(=O)O)C(=O)O,0,train,42
16,CCC(C)[C@H](NC(NCC(=O)O)[C@H](CCCCN)NC(N[C@@H](C(C)C)C(N[C@@H](CO)C(=O)O)N[C@H](C(=O)O)C(C)C)[C@H](Cc1c[nH]c2ccccc12)NC(CN)N[C@@H](CC(C)C)C(N[C@@H](CCC(N[C@@H](CCCCN)C(O)N[C@@H](CCCCN)C(=O)O)N[C@@H](CCC(N[C@@H](CCC(=O)O)C(=O)O)N[C@H](C(=O)O)C(C)C)C(NCC(=O)O)N[C@H](C(=O)O)C(C)C)C(N[C@@H](C)C(=O)O)N[C@@H](CC(N)=O)C(=O)O)N[C@@H](CCCCN)C(N[C@@H](CCC(=O)O)C(=O)O)N[C@@H](CC(C)C)C(=O)O)C(=O)O,0,train,42
17,CSCC[C@H](N)C(N[C@@H](CCCNC(=N)N)C(N[C@@H](CC(N)=O)C(=O)O)N[C@@H](Cc1cnc[nH]1)C(=O)O)N[C@@H](CC(N)N[C@@H](C(C)C)C(N[C@@H](Cc1cnc[nH]1)C(=O)O)N[C@@H](Cc1cnc[nH]1)C(=O)O)C(N[C@@H](CCC(N)N[C@@H](Cc1cnc[nH]1)C(=O)O)C(N[C@@H](Cc1cnc[nH]1)C(=O)O)N[C@@H](Cc1cnc[nH]1)C(=O)O)N[C@@H](Cc1ccccc1)C(N[C@@H](CC(=O)O)C(=O)O)N1CCC[C@H]1C(=O)O,0,test,42
18,C[C@H](NC(O)[C@H](Cc1cnc[nH]1)NC(N[C@@H](CCC(N[C@@H](CO)C(=O)O)N[C@@H](Cc1cnc[nH]1)C(=O)O)C(NCC(=O)O)N[C@@H](CC(=O)O)C(=O)O)[C@@H](N)CS)C(=O)O,0,train,42
19,CCC(C)[C@H](NC(N[C@@H](CC(C)C)C(N[C@@H](CCCCN)C(=O)O)N[C@@H](Cc1cnc[nH]1)C(=O)O)[C@H](CC(C)C)NC([C@@H](N)Cc1ccccc1)N1CCC[C@H]1C(N[C@@H](C(C)CC)C(NCC(=O)O)N[C@@H](CC(C)C)C(=O)O)N[C@@H](CC(N)N[C@@H](CC(C)C)C(=O)O)C(=O)O)C(N[C@@H](CC(C)C)C(=O)O)N[C@H](C(=O)O)C(C)CC,0,val,42
20,CSCC[C@H](N)C(NCC(N[C@@H](C)C(NCC(=O)O)N[C@@H](CCCCN)C(=O)O)N[C@@H](CN[C@@H](CC(=O)O)C(=O)O)C(N[C@@H](CS)C(=O)O)N[C@H](C(=O)O)C(C)O)N[C@@H](CN[C@@H](CS)C(NCC(N[C@@H](CS)C(=O)O)N1CCC[C@H]1C(=O)O)N[C@@H](C(C)N[C@@H](CS)C(=O)O)C(NCC(=O)O)N[C@@H](C)C(=O)O)C(NCC(N[C@@H](C(C)N[C@@H](Cc1cnc[nH]1)C(=O)O)C(O)N[C@@H](CCCCN)C(=O)O)N[C@@H](CS)C(=O)O)N[C@@H](CS)C(N[C@@H](CS)C(=O)O)N[C@@H](Cc1cnc[nH]1)C(=O)O,0,test,42
21,CC(C)C[C@H](Nc1ccc(C[C@H](NC(CNC([C@H](C)N)N2CCC[C@H]2C(NCC(=O)O)N[C@@H](Cc2ccccc2)C(=O)O)N[C@@H](CO)C(=O)O)C(=O)O)cc1)C(=O)O,0,train,42
22,CCC(C)[C@H](NC(N[C@@H](CC(=O)O)C(=O)O)[C@H](Cc1ccccc1)NC(N)C[C@H](N)C(N[C@@H](CCC(NCC(=O)O)N[C@@H](Cc1ccccc1)C(=O)O)C(O)N[C@@H](CC(N)=O)C(=O)O)N[C@@H](CC(N[C@@H](CO)C(=O)O)N[C@@H](CCCNC(=N)N)C(=O)O)C(NCC(=O)O)N[C@@H](Cc1ccccc1)C(=O)O)C(=O)O,0,train,42
23,N[C@@H](Cc1ccccc1)C(N1CCC[C@H]1C(=O)O)N1CCC[C@H]1C(N[C@@H](CCC(=O)O)C(=O)O)N[C@@H](Cc1c[nH]c2ccccc12)C(=O)O,0,test,42
24,CCC(C)[C@H](NC(NCC(NCC(=O)O)N1CCC[C@H]1C(=O)O)[C@@H]1CCCN1C(N)C[C@H](N)C(N[C@@H](CC(C)C)C(NCC(NCC(=O)O)N[C@H](C(=O)O)C(C)CC)N[C@@H](C)C(N[C@@H](CO)C(=O)O)N1CCC[C@H]1C(=O)O)N[C@@H](Cc1ccccc1)C(N[C@@H](CC(=O)O)C(=O)O)N[C@@H](CCC(NCC(=O)O)N[C@H](C(=O)O)C(C)C)C(O)N[C@@H](CCC(N)=O)C(=O)O)C(NCC(=O)O)N[C@H](C(=O)O)C(C)O,0,train,42
25,CSCC[C@H](NC(N[C@@H](Cc1ccc(NCC(=O)O)cc1)C(O)N[C@@H](CC(C)C)C(=O)O)[C@@H](N)CCCCN)C(N[C@@H](CC(=O)O)C(=O)O)N[C@@H](Cc1ccccc1)C(=O)O,0,train,42
26,CSCC[C@H](NC(N[C@@H](Cc1ccccc1)C(=O)O)[C@@H]1CCCN1C(N[C@@H](CN[C@@H](C(C)N[C@@H](CCCNC(=N)N)C(=O)O)C(O)N[C@@H](Cc1ccccc1)C(=O)O)C(N[C@@H](CCC(N)=O)C(=O)O)N[C@@H](CC(=O)O)C(=O)O)[C@@H](N)CC(C)C)C(=O)O,0,train,42
27,CSCC[C@H](N)C(N[C@@H](C(C)N[C@@H](C)C(=O)O)C(O)N[C@@H](CC(N)=O)C(=O)O)N[C@@H](CCCNC(=N)N)C(NCC(=O)O)N[C@@H](CC(N)=O)C(=O)O,0,train,42
28,CSCC[C@H](NC(NCC(=O)O)[C@H](CCC(N[C@H](C(=O)O)C(C)C)N1CCC[C@H]1C(=O)O)NC[C@H](N)C(N[C@@H](CCC(N[C@@H](CCCNC(=N)N)C(=O)O)N1CCC[C@H]1C(=O)O)C(O)N[C@@H](CC(C)C)C(=O)O)N[C@@H](CN[C@@H](Cc1c[nH]c2ccccc12)C(=O)O)C(NCC(=O)O)N[C@@H](Cc1ccccc1)C(=O)O)C(=O)O,0,train,42
29,CSCC[C@H](NC[C@H](NC(N[C@@H](C)C(NCC(=O)O)N[C@@H](Cc1ccccc1)C(=O)O)[C@@H](N)CC(N)N1CCC[C@H]1C(NCC(=O)O)N[C@@H](Cc1ccccc1)C(=O)O)C(O)N[C@@H](CCCNC(=N)N)C(=O)O)C(=O)O,0,test,42
30,CC(C)C[C@H](NC(N[C@@H](CCCNC(=N)N)C(=O)O)[C@H](CC(N[C@@H](Cc1ccccc1)C(=O)O)N[C@H](C(=O)O)C(C)C)NC(CN)N[C@@H](C(C)C)C(N[C@@H](CO)C(=O)O)N[C@@H](CO)C(=O)O)C(=O)O,0,train,42
31,CSCC[C@H](NC(N[C@@H](CCCNC(=N)N)C(=O)O)[C@H](CC(N)N[C@@H](Cc1ccccc1)C(=O)O)NC([C@@H](N)CCCCN)N1CCC[C@H]1C(N[C@@H](CCC(N)N[C@@H](Cc1ccccc1)C(=O)O)C(=O)O)N[C@@H](CC(=O)O)C(=O)O)C(=O)O,0,test,42
32,CCC(C)[C@H](NC([C@@H](N)C(C)C)N1CCC[C@H]1C(N[C@@H](C)C(N[C@@H](CCSC)C(=O)O)N[C@@H](CCSC)C(=O)O)N[C@@H](CN[C@@H](CCC(N)=O)C(=O)O)C(N[C@@H](Cc1cnc[nH]1)C(=O)O)N[C@H](C(=O)O)C(C)CC)C(N[C@@H](C(C)C)C(N[C@@H](CCC(N[C@@H](CS)C(=O)O)N[C@@H](CCCCN)C(=O)O)C(=O)O)N[C@@H](C)C(N[C@@H](CO)C(=O)O)N[C@@H](CCCNC(=N)N)C(=O)O)N[C@@H](Cc1ccccc1)C(N[C@@H](C(C)C)C(N[C@@H](CS)C(=O)O)N[C@@H](Cc1ccccc1)C(=O)O)N[C@@H](C)C(N[C@@H](C)C(=O)O)N[C@@H](C)C(=O)O,0,train,42
33,CSCC[C@H](NC(CNC(NCC(N[C@@H](Cc1ccc(O)cc1)C(=O)O)N1CCC[C@H]1C(=O)O)[C@@H](NC([C@H](C)N)N1CCC[C@H]1C(N[C@@H](C(C)C)C(N[C@@H](C)C(N[C@@H](CCSC)C(=O)O)N[C@@H](CC(C)C)C(=O)O)N[C@@H](CC(C)C)C(NCC(=O)O)N[C@@H](Cc1cnc[nH]1)C(=O)O)N[C@@H](CNCC(NCC(=O)O)N[C@@H](CCCNC(=N)N)C(=O)O)C(N[C@@H](C(C)C)C(N[C@@H](C)C(=O)O)N[C@H](C(=O)O)C(C)C)N[C@@H](C(C)N[C@@H](CC(N)=O)C(=O)O)C(N[C@@H](Cc1cnc[nH]1)C(=O)O)N[C@@H](Cc1c[nH]c2ccccc12)C(=O)O)C(C)C)N[C@@H](CCCCN)C(=O)O)C(=O)O,0,val,42
34,CSCC[C@H](N)C(N[C@@H](C)C(N[C@@H](C(C)C)C(N[C@@H](CO)C(=O)O)N[C@H](C(=O)O)C(C)O)N[C@@H](CC(C)C)C(=O)O)N[C@@H](CCCCN)C(N[C@@H](C(C)N[C@@H](Cc1cnc[nH]1)C(=O)O)C(NCC(=O)O)N[C@@H](Cc1c[nH]c2ccccc12)C(=O)O)N[C@@H](Cc1ccccc1)C(N[C@@H](CCCNC(=N)N)C(=O)O)N[C@@H](Cc1c[nH]c2ccccc12)C(=O)O,0,train,42
35,CSCC[C@H](NC(N[C@@H](CCCNC(=N)N)C(=O)O)[C@H](Cc1ccccc1)NC(CC[C@H](N)C(N[C@@H](CCC(O)N[C@@H](Cc1ccccc1)C(=O)O)C(=O)O)N[C@@H](CC(=O)O)C(=O)O)N[C@@H](CCC(N)N[C@@H](Cc1ccc(O)cc1)C(=O)O)C(NCC(=O)O)N[C@@H](Cc1cnc[nH]1)C(=O)O)C(=O)O,0,val,42
36,CC(C)C[C@H](NC(O)[C@H](CC(N[C@@H](CCCNC(=N)N)C(=O)O)N1CCC[C@H]1C(=O)O)NC(C[C@H](NC(N)CC[C@H](N)C(NCC(N[C@@H](Cc1ccccc1)C(=O)O)N[C@H](C(=O)O)C(C)C)N[C@@H](CN[C@@H](CCC(N)=O)C(=O)O)C(N[C@@H](CCC(N)=O)C(=O)O)N1CCC[C@H]1C(=O)O)C(N[C@@H](Cc1c[nH]c2ccccc12)C(=O)O)N1CCC[C@H]1C(=O)O)NCC(=O)O)C(=O)O,0,test,42
37,CCC(C)[C@H](NC(CN)NCC(N[C@@H](C)C(NCC(=O)O)N[C@@H](CCSC)C(=O)O)N[C@@H](CC(C)C)C(N[C@@H](CCC(=O)O)C(=O)O)N[C@H](C(=O)O)C(C)CC)C(N[C@@H](C)C(N[C@@H](CCCCN)C(=O)O)N[C@@H](CC(C)C)C(=O)O)N[C@@H](CN[C@@H](CCCCN)C(O)N[C@H](C(=O)O)C(C)C)C(N[C@@H](C)C(=O)O)N[C@@H](C)C(=O)O,0,val,42
38,C[C@H](NC(N[C@@H](C)C(N[C@@H](CCC(N[C@@H](CC(=O)O)C(=O)O)N1CCC[C@H]1C(=O)O)C(=O)O)N[C@@H](CN[C@@H](Cc1ccccc1)C(=O)O)C(N[C@@H](CCCNC(=N)N)C(=O)O)N[C@@H](CCCNC(=N)N)C(=O)O)[C@@H]1CCCN1)C(NCC(=O)O)N[C@@H](CO)C(=O)O,0,train,42
39,CCC(C)[C@H](NC(N[C@H](C(=O)O)C(C)C)[C@@H](NC(N[C@@H](CC(C)C)C(N[C@@H](CO)C(=O)O)N[C@@H](Cc1c[nH]c2ccccc12)C(=O)O)[C@H](C)NC(N[C@@H](C)C(N[C@@H](CC(N)N[C@@H](CCC(N)=O)C(=O)O)C(=O)O)N[C@@H](C)C(N[C@@H](CCCCN)C(=O)O)N[C@H](C(=O)O)C(C)CC)[C@@H](NC(NCC(N[C@@H](CC(C)C)C(N[C@@H](CC(C)C)C(=O)O)N[C@H](C(=O)O)C(C)C)N[C@@H](CCCCN)C(N1CCC[C@H]1C(=O)O)N1CCC[C@H]1C(=O)O)[C@@H](N)Cc1ccccc1)C(C)C)C(C)C)C(=O)O,0,val,42
40,CC(C)C[C@H](NC(O)CNC(N[C@@H](CC(C)C)C(NCC(=O)O)N[C@@H](CC(C)C)C(=O)O)[C@H](CC(C)C)NC(CN)N[C@@H](CC(C)C)C(NCC(N[C@@H](CC(N)=O)C(=O)O)N[C@@H](CC(C)C)C(=O)O)N[C@@H](C(C)N[C@@H](CC(C)C)C(=O)O)C(NCC(=O)O)N[C@@H](CC(N)=O)C(=O)O)C(=O)O,0,train,42
41,CCC(C)[C@H](NC(N[C@@H](CC(N)=O)C(=O)O)[C@H](CC(C)C)NC(N[C@@H](C(C)CC)C(N[C@@H](C)C(=O)O)N[C@H](C(=O)O)C(C)C)[C@H](CC(C)C)NC(N[C@@H](CN1CCC[C@H]1C(N[C@@H](CO)C(=O)O)N[C@H](C(=O)O)C(C)O)C(N[C@@H](C)C(N[C@@H](Cc1cnc[nH]1)C(=O)O)N[C@@H](Cc1cnc[nH]1)C(=O)O)N[C@@H](Cc1cnc[nH]1)C(N[C@@H](CC(C)C)C(=O)O)N[C@H](C(=O)O)C(C)C)[C@@H](N)Cc1ccccc1)C(NCC(=O)O)N[C@@H](CO)C(=O)O,0,train,42
42,CCC(C)[C@H](NC(CNC(NCC(N[C@@H](CS)C(=O)O)N[C@H](C(=O)O)C(C)O)[C@H](CS)NC(N[C@@H](C(C)N[C@@H](C(C)N[C@@H](CS)C(=O)O)C(N[C@@H](CS)C(=O)O)N[C@H](C(=O)O)C(C)O)C(N[C@@H](CS)C(N[C@@H](CO)C(=O)O)N[C@@H](CC(=O)O)C(=O)O)N[C@@H](Cc1ccccc1)C(N[C@@H](CO)C(=O)O)N[C@@H](Cc1c[nH]c2ccccc12)C(=O)O)[C@H](CC(C)C)NC(CN)N1CCC[C@H]1C(NCC(N[C@@H](C(C)N[C@@H](Cc1cnc[nH]1)C(=O)O)C(O)N[C@@H](CC(N)=O)C(=O)O)N[C@@H](CS)C(=O)O)N[C@@H](CCC(N[C@@H](CC(N)=O)C(=O)O)N[C@H](C(=O)O)C(C)O)C(NCC(=O)O)N1CCC[C@H]1C(=O)O)N1CCC[C@H]1C(=O)O)C(=O)O,0,train,42
43,CC(C)C[C@H](NC[C@H](NC(N[C@@H](Cc1ccccc1)C(=O)O)[C@@H](N)CCC(N)N[C@@H](C(C)N[C@H](C(=O)O)C(C)O)C(N[C@@H](CCCNC(=N)N)C(=O)O)N1CCC[C@H]1C(=O)O)C(=O)O)C(=O)O,0,train,42
44,CSCC[C@H](NC(N[C@@H](CCCNC(=N)N)C(=O)O)[C@H](CCC(N)N[C@@H](CN[C@@H](Cc1ccccc1)C(=O)O)C(=O)O)NC([C@H](C)N)N1CCC[C@H]1C(N[C@@H](CCCNC(=N)N)C(=O)O)N[C@@H](CC(C)C)C(=O)O)C(=O)O,0,train,42
45,CCC(C)[C@H](NC(N[C@@H](CCC(N[C@@H](C)C(=O)O)N[C@@H](CS)C(=O)O)C(NCC(=O)O)N[C@@H](CS)C(=O)O)[C@H](Cc1cnc[nH]1)NC[C@H](N)C(N[C@@H](C(C)N[C@@H](CS)C(=O)O)C(N[C@@H](C)C(=O)O)N[C@@H](Cc1ccccc1)C(=O)O)N[C@@H](CS)C(N[C@@H](C)C(=O)O)N[C@@H](C)C(=O)O)C(=O)O,0,train,42
46,CSCC[C@H](NC(CC[C@H](NC([C@@H](N)CC(C)C)N1CCC[C@H]1C(N[C@@H](CCC(N)=O)C(=O)O)N[C@@H](CC(=O)O)C(=O)O)C(N[C@@H](CCCNC(=N)N)C(=O)O)N[C@@H](Cc1ccccc1)C(=O)O)N[C@@H](Cc1ccccc1)C(=O)O)C(=O)O,0,train,42
47,CCC(C)[C@H](NC(CN)N[C@@H](CCCCN)C(N[C@@H](C(C)CC)C(N[C@@H](CCCCN)C(=O)O)N[C@H](C(=O)O)C(C)CC)N[C@@H](CCCCN)C(N[C@H](C(=O)O)C(C)C)N[C@H](C(=O)O)C(C)O)C(N[C@@H](Cc1c[nH]c2ccccc12)C(N[C@@H](CCCCN)C(=O)O)N[C@@H](CC(C)C)C(=O)O)N[C@@H](CC(NCC(N[C@@H](C)C(=O)O)N[C@@H](CO)C(=O)O)N[C@@H](C)C(N[C@@H](Cc1cnc[nH]1)C(=O)O)N[C@H](C(=O)O)C(C)CC)C(N[C@@H](C)C(N[C@@H](C)C(=O)O)N[C@@H](CC(N)=O)C(=O)O)N[C@@H](CCCCN)C(O)N[C@@H](CCC(N)=O)C(=O)O,0,val,42
48,CCC(C)[C@H](NC(N[C@@H](C)C(N[C@@H](C(C)C)C(N[C@@H](CO)C(=O)O)N[C@@H](CS)C(=O)O)N[C@@H](CC(C)C)C(N[C@H](C(=O)O)C(C)CC)N[C@H](C(=O)O)C(C)CC)[C@H](Cc1ccccc1)NC([C@@H](N)Cc1ccccc1)N1CCC[C@H]1C(N[C@@H](Cc1ccccc1)C(N[C@@H](C(C)C)C(O)N[C@@H](CS)C(=O)O)N[C@H](C(=O)O)C(C)C)N[C@@H](CCCNC(=N)N)C(N[C@@H](CO)C(=O)O)N1CCC[C@H]1C(=O)O)C(N[C@@H](C)C(N[C@H](C(=O)O)C(C)C)N[C@H](C(=O)O)C(C)O)N[C@@H](CCCCN)C(N[C@@H](CCCCN)C(=O)O)N[C@@H](CCCCN)C(=O)O,0,train,42
49,CSCC[C@H](NC(N[C@@H](CC(=O)O)C(=O)O)[C@H](CCC(NCC(=O)O)N[C@@H](Cc1c[nH]c2ccccc12)C(=O)O)NC(N)CC[C@H](N)C(N[C@@H](CCCNC(=N)N)C(=O)O)N[C@@H](Cc1ccc(N[C@@H](Cc2ccccc2)C(=O)O)cc1)C(=O)O)C(=O)O,0,train,42
50,CCC(C)[C@H](NC([C@H](C)NC(CC[C@H](N)C(NCC(N[C@@H](CCCNC(=N)N)C(=O)O)N[C@H](C(=O)O)C(C)C)N[C@@H](CC(C)C)C(O)NCC(=O)O)N[C@@H](C)C(N[C@@H](Cc1ccccc1)C(=O)O)N1CCC[C@H]1C(=O)O)N1CCC[C@H]1C(=O)O)C(=O)O,0,val,42
51,CC(C)C[C@H](Nc1ccc(C[C@H](N)C(NCC(N[C@@H](CO)C(=O)O)N[C@@H](Cc2ccc(O)cc2)C(=O)O)N[C@@H](CCCCN)C(N[C@@H](C(C)N[C@@H](CS)C(=O)O)C(N[C@@H](CO)C(=O)O)N[C@@H](Cc2ccccc2)C(=O)O)N[C@@H](CCCCN)C(O)N[C@@H](CCCNC(=N)N)C(=O)O)cc1)C(N[C@@H](Cc1c[nH]c2ccccc12)C(N[C@@H](CCCCN)C(=O)O)N1CCC[C@H]1C(=O)O)N[C@@H](CS)C(N1CCC[C@H]1C(=O)O)N1CCC[C@H]1C(=O)O,0,train,42
52,CCC(C)[C@H](NC(N[C@@H](CCSC)C(N[C@@H](CN[C@@H](CCCNC(=N)N)C(=O)O)C(NCC(=O)O)N[C@@H](CCCNC(=N)N)C(=O)O)N1CCC[C@H]1C(N[C@@H](CCC(N)=O)C(=O)O)N[C@@H](CC(C)C)C(=O)O)[C@@H](N)CCCCN)C(N[C@@H](C)C(N[C@@H](CCCCN)C(=O)O)N[C@@H](Cc1ccccc1)C(=O)O)N[C@@H](CCCCN)C(N[C@@H](CCC(=O)O)C(=O)O)N[C@@H](Cc1ccc(O)cc1)C(=O)O,0,train,42
53,CSCC[C@H](N)C(N[C@@H](CO)C(=O)O)N[C@@H](Cc1ccccc1)C(N[C@@H](CCC(N)=O)C(=O)O)N1CCC[C@H]1C(=O)O,0,train,42
54,CC(C)C[C@H](NC(N[C@@H](CCCNC(=N)N)C(=O)O)[C@H](C)NC(NCC(N[C@@H](Cc1ccc(O)cc1)C(=O)O)N[C@H](C(=O)O)C(C)C)[C@H](CCCNC(=N)N)NC(CN)NCC(N[C@@H](CO)C(=O)O)N[C@@H](CC(N)=O)C(=O)O)C(=O)O,0,train,42
55,CC(C)C[C@H](NC(N[C@@H](CCC(=O)O)C(=O)O)[C@H](CCCCN)NC(N[C@@H](C)C(N[C@@H](C)C(=O)O)N[C@@H](CCCNC(=N)N)C(=O)O)[C@H](CCCCN)NC[C@H](N)C(NCC(N[C@@H](CCCCN)C(=O)O)N[C@@H](CC(N)NCC(=O)O)C(=O)O)N[C@@H](CCCCN)C(N[C@@H](CC(=O)O)C(=O)O)N[C@H](C(=O)O)C(C)C)C(=O)O,0,train,42
56,CCC(C)[C@H](NC(N[C@H](C(=O)O)C(C)N[C@@H](CC(C)C)C(=O)O)[C@H](Cc1ccccc1)NC(N[C@@H](CC(C)C)C(N[C@@H](CC(C)C)C(N[C@@H](CO)C(=O)O)N[C@@H](CC(C)C)C(=O)O)N1CCC[C@H]1C(N[C@@H](CO)C(=O)O)N[C@@H](Cc1ccccc1)C(=O)O)[C@@H](N)Cc1ccccc1)C(N[C@@H](CCCCN)C(=O)O)N[C@H](C(=O)O)C(C)C,0,train,42
57,CSCC[C@H](N)C(N[C@@H](C)C(N[C@@H](CC(C)C)C(=O)O)N[C@@H](C)C(N[C@@H](CO)C(=O)O)N[C@H](C(=O)O)C(C)O)N[C@@H](C)C(N[C@@H](C(C)N[C@@H](Cc1cnc[nH]1)C(=O)O)C(NCC(=O)O)N[C@@H](Cc1c[nH]c2ccccc12)C(=O)O)N[C@@H](Cc1ccccc1)C(N[C@@H](CCCNC(=N)N)C(=O)O)N[C@@H](Cc1c[nH]c2ccccc12)C(=O)O,0,train,42
58,CC(C)C[C@H](NC(N)CC[C@H](N)C(N[C@@H](Cc1ccc(O)cc1)C(=O)O)N[C@@H](CC(N)N[C@@H](CC(=O)O)C(=O)O)C(O)N[C@@H](Cc1c[nH]c2ccccc12)C(=O)O)C(N[C@@H](CO)C(=O)O)N1CCC[C@H]1C(=O)O,0,test,42
59,CC(C)C[C@H](NC(N)CC[C@H](NC(CC[C@H](NC(N[C@@H](C(C)C)C(N[C@@H](CCC(=O)O)C(=O)O)N[C@@H](Cc1ccccc1)C(=O)O)[C@H](C)N)C(NCC(=O)O)N[C@@H](CCCCN)C(O)N[C@@H](CCCNC(=N)N)C(=O)O)N[C@@H](CC(NCC(=O)O)NCC(=O)O)C(NCC(=O)O)N[C@H](C(=O)O)C(C)C)C(N[C@@H](C)C(=O)O)N[C@@H](CCC(=O)O)C(=O)O)C(=O)O,0,test,42
60,CC(C)C[C@H](NC(O)[C@@H]1CCCN1C(N[C@@H](Cc1ccc(O)cc1)C(=O)O)[C@@H]1CCCN1C(N[C@@H](CCC(N)N[C@@H](C)C(=O)O)C(NCC(=O)O)N[C@@H](Cc1ccccc1)C(=O)O)[C@H](C)N)C(=O)O,0,train,42
61,CC(C)C[C@H](NC([C@H](CCC(N)NCC(N[C@@H](CCCNC(=N)N)C(=O)O)N[C@H](C(=O)O)C(C)C)NC(N[C@@H](CC(C)C)C(N[C@@H](Cc1ccccc1)C(=O)O)N1CCC[C@H]1C(=O)O)[C@@H]1CCCN1)N1CCC[C@H]1C(=O)O)C(=O)O,0,train,42
62,CSCC[C@H](NC[C@H](NC([C@H](C)N)N1CCC[C@H]1C(NCC(O)N[C@@H](CCCNC(=N)N)C(=O)O)N[C@@H](Cc1ccccc1)C(=O)O)C(NCC(=O)O)N[C@@H](CCSC)C(=O)O)C(=O)O,0,train,42
63,CCC(C)[C@H](NC(C[C@H](NC(C[C@H](N)C(N[C@@H](C)C(=O)O)N[C@@H](CO)C(=O)O)N[C@@H](CN[C@@H](CCC(N)=O)C(=O)O)C(N[C@@H](CC(N)=O)C(=O)O)N[C@@H](CC(C)C)C(=O)O)C(=O)O)NCC(=O)O)C(=O)O,0,train,42
64,CSCC[C@H](NC(CNC(CN)N[C@@H](CCCCN)C(N[C@@H](CCCNC(=N)N)C(=O)O)N[C@@H](Cc1ccccc1)C(=O)O)N[C@@H](Cc1ccc(O)cc1)C(=O)O)C(=O)O,0,train,42
65,CC(C)C[C@H](NC(N)CC[C@H](N)C(N[C@@H](C(C)N[C@@H](CO)C(=O)O)C(NCC(=O)O)N[C@@H](Cc1c[nH]c2ccccc12)C(=O)O)N[C@@H](Cc1ccccc1)C(=O)O)C(N[C@@H](CO)C(=O)O)N[C@H](C(=O)O)C(C)O,0,train,42
66,CCC(C)[C@H](NC(N[C@@H](CCCCN)C(NCC(=O)O)N[C@H](C(=O)O)C(C)C)[C@H](CC(C)C)NC(CN)N[C@@H](CC(C)C)C(N[C@@H](C(C)N[C@@H](CCCCN)C(=O)O)C(N[C@@H](CCC(=O)O)C(=O)O)N[C@@H](Cc1ccccc1)C(=O)O)N[C@@H](CCC(N)N[C@@H](CCC(N[C@H](C(=O)O)C(C)C)N[C@H](C(=O)O)C(C)O)C(NCC(=O)O)N[C@H](C(=O)O)C(C)C)C(N[C@@H](CC(C)C)C(=O)O)N[C@@H](CCCCN)C(N[C@@H](CO)C(=O)O)N[C@@H](CCC(N)=O)C(=O)O)C(NCC(=O)O)N[C@@H](C)C(=O)O,0,train,42
67,CCC(C)[C@H](NC(N[C@@H](C)C(=O)O)[C@@H](NC(N[C@@H](CCCCN)C(NCC(=O)O)N[C@@H](CCC(=O)O)C(=O)O)[C@@H](N)C(C)N[C@@H](CC(N[C@@H](CO)C(=O)O)N[C@@H](CCC(N[C@@H](C)C(=O)O)N[C@H](C(=O)O)C(C)C)C(NCC(=O)O)N[C@@H](CCCNC(=N)N)C(=O)O)C(N[C@@H](CCC(=O)O)C(=O)O)N[C@@H](Cc1ccccc1)C(=O)O)C(C)C)C(=O)O,0,train,42
68,CC(O)[C@H](NC(N)CC[C@H](NC(N)CC[C@H](N)C(N[C@@H](Cc1ccc(O)cc1)C(=O)O)N[C@@H](CC(N[C@@H](Cc1ccccc1)C(=O)O)N[C@@H](Cc1cnc[nH]1)C(=O)O)C(N[C@@H](CC(=O)O)C(=O)O)N[C@@H](Cc1ccccc1)C(=O)O)C(NCC(=O)O)N[C@@H](C)C(=O)O)C(=O)O,0,train,42
69,CSCC[C@H](NC(N[C@@H](Cc1c[nH]c2ccccc12)C(=O)O)[C@H](CC(N)NCC(=O)O)NC(N[C@@H](CN[C@@H](Cc1ccccc1)C(=O)O)C(NCC(=O)O)N1CCC[C@H]1C(=O)O)[C@@H](N)CCC(NCC(N[C@@H](CCC(=O)O)C(=O)O)N[C@@H](CC(N)N[C@@H](CCCNC(=N)N)C(=O)O)C(O)N[C@@H](CC(C)C)C(=O)O)N[C@@H](C)C(N[C@@H](C)C(=O)O)N[C@@H](CCCCN)C(=O)O)C(=O)O,0,train,42
70,CC(C)C[C@H](NC(N[C@@H](Cc1c[nH]c2ccccc12)C(=O)O)[C@@H]1CCCN1C([C@@H](N)Cc1ccccc1)N1CCC[C@H]1C(=O)O)C(=O)O,0,train,42
71,CC(C)[C@H](NC([C@H](Cc1ccccc1)NC(N[C@@H](Cc1ccc(N[C@@H](CC(N)NCC(=O)O)C(=O)O)cc1)C(N[C@@H](CS)C(=O)O)N[C@@H](CC(N)=O)C(=O)O)[C@@H](N)CS)N1CCC[C@H]1C(=O)O)C(=O)O,0,train,42
72,CCC(C)[C@H](NC(CC[C@H](NC(N[C@@H](CC(NCC(=O)O)N[C@@H](Cc1ccc(O)cc1)C(=O)O)C(N[C@@H](Cc1ccccc1)C(=O)O)N[C@@H](Cc1ccccc1)C(=O)O)[C@H](CCCCN)Nc1ccc(C[C@H](N)C(N[C@@H](C(C)C)C(N[C@@H](CCC(N)N2CCC[C@H]2C(=O)O)C(N[C@@H](CCCNC(=N)N)C(=O)O)N[C@@H](CC(N)=O)C(=O)O)N[C@@H](CC(C)C)C(N[C@@H](CCCNC(=N)N)C(=O)O)N[C@@H](Cc2ccccc2)C(=O)O)N[C@@H](CC(NCC(=O)O)N[C@@H](C)C(=O)O)C(NCC(=O)O)NCC(=O)O)cc1)C(N[C@@H](CO)C(=O)O)N[C@@H](CCCNC(=N)N)C(=O)O)N[C@@H](CCC(N)=O)C(=O)O)C(=O)O,0,train,42
73,NC(=O)C[C@H](NC(N[C@@H](Cc1ccccc1)C(=O)O)[C@@H](N)CC(N[C@@H](CNCC(=O)O)C(=O)O)N1CCC[C@H]1C(N[C@@H](CO)C(=O)O)N[C@@H](Cc1c[nH]c2ccccc12)C(=O)O)C(=O)O,0,train,42
74,CC(C)[C@H](NC(N[C@@H](CCC(N[C@@H](C)C(=O)O)N1CCC[C@H]1C(=O)O)C(N[C@@H](C)C(=O)O)N[C@@H](CCC(N)=O)C(=O)O)[C@@H](N)Cc1ccc(N[C@@H](C)C(N[C@@H](CN[C@@H](CC(=O)O)C(=O)O)C(=O)O)N2CCC[C@H]2C(N[C@@H](C)C(=O)O)N[C@H](C(=O)O)C(C)O)cc1)C(N[C@@H](C)C(=O)O)N1CCC[C@H]1C(=O)O,0,train,42
75,CC(C)C[C@H](NC(N[C@@H](CC(N)N1CCC[C@H]1C(=O)O)C(O)NCC(=O)O)[C@@H](NC(CN)N[C@@H](CC(C)C)C(N[C@@H](C)C(=O)O)N1CCC[C@H]1C(=O)O)C(C)NCC(N[C@@H](Cc1ccccc1)C(=O)O)N1CCC[C@H]1C(=O)O)C(=O)O,0,train,42
76,CSCC[C@H](NC(N)CC[C@H](NC(N[C@@H](CCC(N)=O)C(=O)O)[C@@H](N)CC(N)N1CCC[C@H]1C(N[C@@H](CC(=O)O)C(=O)O)N[C@@H](Cc1ccccc1)C(=O)O)C(N[C@@H](CCCNC(=N)N)C(=O)O)N[C@@H](Cc1ccccc1)C(=O)O)C(=O)O,0,val,42
77,CC(C)C[C@H](NC(C[C@H](NC[C@H](N)C(N[C@@H](Cc1ccc(NCC(=O)O)cc1)C(=O)O)N[C@@H](CC(C)C)C(=O)O)C(N[C@@H](C)C(=O)O)N[C@@H](CCCNC(=N)N)C(=O)O)N[C@@H](CCC(N)=O)C(=O)O)C(=O)O,0,train,42
78,CC(C)C[C@H](NC(N[C@@H](CC(O)N[C@@H](Cc1c[nH]c2ccccc12)C(=O)O)C(=O)O)[C@H](Cc1c[nH]c2ccccc12)NC(N[C@@H](CCC(N)N[C@@H](CC(N)=O)C(=O)O)C(NCC(=O)O)N[C@@H](C)C(=O)O)[C@H](C)N)C(=O)O,0,train,42
79,CC(C)C[C@H](NC(N[C@@H](Cc1ccccc1)C(=O)O)[C@H](CNCC(=O)O)NC(N[C@@H](C)C(N[C@@H](CO)C(=O)O)N[C@@H](CC(N[C@@H](CCCNC(=N)N)C(=O)O)N[C@@H](CC(=O)O)C(=O)O)C(O)N1CCC[C@H]1C(=O)O)[C@@H]1CCCN1)C(=O)O,0,train,42
80,CCC(C)[C@H](NC(CC[C@H](NC(CC[C@H](N)C(N[C@@H](CS)C(N[C@@H](CC(N)=O)C(=O)O)N[C@@H](Cc1ccc(O)cc1)C(=O)O)N[C@@H](CCC(N[C@@H](CC(N)=O)C(=O)O)N1CCC[C@H]1C(=O)O)C(N[C@@H](C)C(=O)O)N1CCC[C@H]1C(=O)O)N[C@@H](CC(N[C@@H](C)C(N[C@@H](CS)C(=O)O)N[C@@H](CS)C(=O)O)N[C@@H](CCCCN)C(NCC(=O)O)N[C@@H](CO)C(=O)O)C(N[C@@H](C(C)N[C@@H](CO)C(=O)O)C(N[C@@H](CS)C(=O)O)N[C@H](C(=O)O)C(C)C)N[C@@H](CC(N[C@@H](Cc1cnc[nH]1)C(=O)O)N1CCC[C@H]1C(=O)O)C(N[C@@H](CCCNC(=N)N)C(=O)O)N1CCC[C@H]1C(=O)O)C(N[C@@H](CS)C(N[C@@H](C)C(=O)O)N[C@@H](CS)C(=O)O)N1CCC[C@H]1C(=O)O)N[C@@H](CCC(N)N[C@@H](CC(C)C)C(=O)O)C(N[C@@H](CCCNC(=N)N)C(=O)O)N[C@H](C(=O)O)C(C)CC)C(N[C@@H](Cc1ccccc1)C(=O)O)N[C@H](C(=O)O)C(C)C,0,val,42
81,CSCC[C@H](NC[C@H](NC(N[C@@H](CC(=O)O)C(=O)O)[C@H](C)NC(N[C@@H](C)C(N[C@@H](CC(N)=O)C(=O)O)N[C@@H](Cc1ccccc1)C(=O)O)[C@H](C)N)C(N[C@@H](CCCNC(=N)N)C(=O)O)N[C@@H](Cc1ccccc1)C(=O)O)C(=O)O,0,train,42
82,CCC(C)[C@H](NC(CN)NCC(N[C@@H](C(C)CC)C(N[C@@H](CN[C@@H](Cc1ccccc1)C(=O)O)C(=O)O)N[C@H](C(=O)O)C(C)CC)N[C@@H](CC(C)C)C(N[C@@H](CCCCN)C(=O)O)N[C@H](C(=O)O)C(C)CC)C(N[C@@H](C)C(N[C@@H](C)C(NCC(=O)O)N[C@@H](CC(N)=O)C(=O)O)N[C@@H](CNCC(=O)O)C(N[C@@H](C)C(=O)O)N[C@@H](CC(C)C)C(=O)O)N[C@@H](C)C(NCC(N[C@@H](C)C(=O)O)N[C@@H](CC(C)C)C(=O)O)N[C@@H](CCCCN)C(N[C@@H](CCC(=O)O)C(=O)O)N[C@@H](Cc1cnc[nH]1)C(=O)O,0,train,42
83,CSCC[C@H](NC(NCC(N[C@@H](CO)C(=O)O)N[C@@H](CC(C)C)C(=O)O)[C@H](CC(C)C)NC(CN)N[C@@H](CC(C)C)C(NCC(NCC(=O)O)N[C@@H](CC(C)C)C(=O)O)N[C@@H](C(C)C)C(NCC(=O)O)N[C@@H](CC(C)C)C(=O)O)C(NCC(=O)O)N[C@@H](CC(C)C)C(=O)O,0,train,42
84,CSCC[C@H](NC(C[C@H](NC(N[C@@H](Cc1ccc(O)cc1)C(=O)O)[C@@H](N)CCC(N)N[C@@H](CCC(N)N[C@H](C(=O)O)C(C)O)C(NCC(=O)O)N[C@@H](C)C(=O)O)C(N[C@@H](CC(=O)O)C(=O)O)N[C@@H](Cc1ccccc1)C(=O)O)N[C@@H](Cc1cnc[nH]1)C(=O)O)C(=O)O,0,train,42
85,CSCC[C@H](NC(C)[C@H](NC(N[C@@H](CC(N[C@@H](C)C(=O)O)N[C@@H](CCC(N)=O)C(=O)O)C(NCC(=O)O)N[C@@H](CCCCN)C(=O)O)[C@@H](N)CNCC(N[C@@H](CN[C@@H](CC(C)C)C(=O)O)C(=O)O)N[C@@H](CNCC(=O)O)C(N[C@@H](CCCNC(=N)N)C(=O)O)N1CCC[C@H]1C(=O)O)C(N[C@@H](Cc1ccccc1)C(=O)O)N[C@@H](Cc1c[nH]c2ccccc12)C(=O)O)C(=O)O,0,train,42
86,CCC(C)[C@H](NC(CN)NCC(N[C@@H](CC(C)C)C(NCC(=O)O)N[C@@H](Cc1ccccc1)C(=O)O)N[C@@H](Cc1cnc[nH]1)C(N[C@@H](C)C(=O)O)N[C@@H](CCCCN)C(=O)O)C(N[C@@H](CCCCN)C(N[C@@H](C)C(N[C@@H](CCC(=O)O)C(=O)O)N[C@H](C(=O)O)C(C)CC)N[C@@H](CN[C@@H](Cc1ccccc1)C(=O)O)C(NCC(=O)O)N[C@H](C(=O)O)C(C)C)N[C@@H](Cc1ccccc1)C(N[C@@H](CCCCN)C(O)N[C@@H](CO)C(=O)O)N[C@@H](CCCCN)C(N[C@@H](CCSC)C(=O)O)N[C@@H](CC(N)=O)C(=O)O,0,train,42
87,CC(C)C[C@H](NC(N[C@@H](CCCNC(=N)N)C(=O)O)[C@H](CC(N)N[C@@H](Cc1ccccc1)C(=O)O)NC(C)[C@H](N)C(N[C@@H](CC(N)=O)C(=O)O)N[C@@H](CCCNC(=N)N)C(O)N[C@@H](Cc1ccccc1)C(=O)O)C(=O)O,0,train,42
88,CCC(C)[C@H](NC(N[C@@H](CO)C(=O)O)[C@H](C)NC(N[C@@H](CC(N)N[C@@H](Cc1ccc(O)cc1)C(=O)O)C(N[C@@H](CS)C(=O)O)N[C@@H](CCCCN)C(=O)O)[C@H](CC(C)C)NC(N[C@@H](CC(C)C)C(N[C@@H](C)C(N[C@@H](CS)C(=O)O)N[C@@H](CCCCN)C(=O)O)N[C@@H](CC(C)C)C(N[C@H](C(=O)O)C(C)CC)N[C@H](C(=O)O)C(C)CC)[C@H](CC(C)C)NC([C@@H](N)Cc1ccccc1)N1CCC[C@H]1C(NCC(N[C@H](C(=O)O)C(C)O)N1CCC[C@H]1C(=O)O)N[C@@H](C)C(N[C@@H](Cc1ccccc1)C(=O)O)N[C@@H](CC(C)C)C(=O)O)C(=O)O,0,test,42
89,CCC(C)[C@H](NC(N[C@H](C(=O)O)C(C)O)[C@H](Cc1ccccc1)NC(N[C@@H](CC(N[C@@H](CCCCN)C(O)N[C@H](C(=O)O)C(C)O)N[C@H](C(=O)O)C(C)C)C(NCC(=O)O)N[C@@H](C)C(=O)O)[C@H](Cc1ccccc1)NC(CN)N[C@@H](C(C)C)C(N[C@@H](CC(C)C)C(N[C@@H](C)C(=O)O)N[C@@H](CC(N)=O)C(=O)O)N[C@@H](CCCCN)C(N[C@H](C(=O)O)C(C)C)N[C@H](C(=O)O)C(C)C)C(=O)O,0,train,42
90,CCC(C)[C@H](NC(N[C@@H](CC(N[C@@H](CCCCN)C(=O)O)N[C@H](C(=O)O)C(C)C)C(NCC(=O)O)N[C@@H](CCCCN)C(=O)O)[C@H](CC(C)C)NC(CN)N[C@@H](CC(C)C)C(N[C@@H](CCCCN)C(=O)O)N[C@@H](CC(C)C)C(=O)O)C(N[C@@H](C)C(=O)O)N[C@H](C(=O)O)C(C)C,0,train,42
91,CC(C)C[C@H](NC(CC[C@H](NC(N)C[C@H](N)C(N[C@@H](CCC(O)N[C@@H](CCCNC(=N)N)C(=O)O)C(=O)O)N[C@H](C(=O)O)C(C)C)C(NCC(=O)O)NCC(=O)O)N[C@@H](Cc1ccccc1)C(=O)O)C(=O)O,0,train,42
92,CC(C)[C@H](NC(N)CC[C@H](N)C(N[C@@H](Cc1ccccc1)C(=O)O)N[C@@H](CC(N)NCC(=O)O)C(O)N[C@@H](Cc1c[nH]c2ccccc12)C(=O)O)C(N[C@H](C(=O)O)C(C)O)N1CCC[C@H]1C(=O)O,0,test,42
93,CSCC[C@H](N)C(N[C@@H](C(C)N[C@@H](C(C)C)C(N[C@@H](Cc1cnc[nH]1)C(=O)O)N[C@@H](Cc1cnc[nH]1)C(=O)O)C(N[C@@H](Cc1ccccc1)C(=O)O)N[C@@H](CCC(N)N[C@@H](Cc1cnc[nH]1)C(=O)O)C(N[C@@H](CC(=O)O)C(=O)O)N1CCC[C@H]1C(=O)O)N[C@@H](CCCNC(=N)N)C(N[C@@H](CCCCN)C(=O)O)N[C@@H](Cc1cnc[nH]1)C(=O)O,0,test,42
94,CC(C)C[C@H](NC(N[C@@H](CCCNC(=N)N)C(=O)O)[C@@H](N)Cc1ccc(N[C@@H](CN[C@@H](C)C(=O)O)C(N[C@@H](CCCNC(=N)N)C(=O)O)N2CCC[C@H]2C(=O)O)cc1)C(N[C@@H](CCCNC(=N)N)C(=O)O)N[C@@H](Cc1ccccc1)C(=O)O,0,train,42
95,CCC(C)[C@H](NC(N[C@@H](CCCCN)C(NCC(N[C@@H](CS)C(=O)O)N[C@@H](CC(N)=O)C(=O)O)N[C@@H](CC(N)N[C@@H](CN[C@@H](C)C(=O)O)C(NCC(=O)O)N[C@@H](Cc1ccc(O)cc1)C(=O)O)C(NCC(O)N[C@@H](CCCCN)C(=O)O)N[C@@H](CCC(N)N[C@@H](CS)C(=O)O)C(N[C@@H](CCCNC(=N)N)C(=O)O)N[C@@H](CCCNC(=N)N)C(=O)O)[C@@H](N)CS)C(NCC(NCC(N[C@@H](Cc1c[nH]c2ccccc12)C(=O)O)N[C@H](C(=O)O)C(C)C)N[C@@H](CC(N)N[C@@H](CCC(N)=O)C(=O)O)C(NCC(=O)O)N1CCC[C@H]1C(=O)O)N[C@@H](CC(N)N[C@@H](CS)C(N[C@@H](CO)C(=O)O)N[C@@H](CS)C(=O)O)C(N[C@@H](CCC(N)NCC(=O)O)C(N[C@@H](CS)C(=O)O)N[C@@H](Cc1ccc(O)cc1)C(=O)O)N1CCC[C@H]1C(N[C@@H](CCCCN)C(=O)O)N[C@@H](Cc1cnc[nH]1)C(=O)O,0,test,42
96,CC(C)C[C@H](NC(N[C@@H](CC(=O)O)C(=O)O)[C@H](C)NC(N[C@@H](CCC(N[C@@H](C)C(=O)O)N[C@H](C(=O)O)C(C)O)C(=O)O)[C@H](CCCNC(=N)N)NC(N[C@@H](Cc1cnc[nH]1)C(N[C@@H](C)C(NCC(=O)O)N[C@@H](C)C(=O)O)N[C@@H](Cc1ccccc1)C(N[C@@H](CC(=O)O)C(=O)O)N[C@@H](Cc1ccccc1)C(=O)O)[C@H](C)N)C(=O)O,0,test,42
97,CCC(C)[C@H](NC(N[C@@H](CCCCN)C(N[C@@H](C)C(=O)O)N[C@@H](CC(C)C)C(=O)O)[C@H](CC(C)C)NC(CN)N[C@@H](CC(C)C)C(N[C@@H](C(C)N[C@@H](CCC(O)N[C@@H](C)C(=O)O)C(=O)O)C(N[C@@H](CO)C(=O)O)N[C@@H](CC(C)C)C(=O)O)N[C@@H](CCC(N)N[C@@H](CCC(NCC(=O)O)N[C@@H](CCCCN)C(=O)O)C(N[C@H](C(=O)O)C(C)C)N[C@H](C(=O)O)C(C)CC)C(N[C@@H](CCCCN)C(NCC(=O)O)N[C@@H](CO)C(=O)O)N[C@@H](CC(C)C)C(N[C@@H](CCC(N)=O)C(=O)O)N[C@H](C(=O)O)C(C)CC)C(N[C@@H](CO)C(=O)O)N[C@@H](CCC(=O)O)C(=O)O,0,train,42
98,CC(C)C[C@H](Nc1ccc(C[C@H](NC(CNC(CN)N2CCC[C@H]2C(NCC(=O)O)N[C@@H](Cc2ccc(O)cc2)C(=O)O)N[C@@H](CO)C(=O)O)C(=O)O)cc1)C(=O)O,0,train,42
99,CCC(C)[C@H](NC(N)CC[C@H](N)C(N[C@@H](Cc1c[nH]c2ccccc12)C(=O)O)N1CCC[C@H]1C(O)N[C@@H](CCCNC(=N)N)C(=O)O)C(N[C@@H](Cc1ccccc1)C(=O)O)N[C@@H](Cc1cnc[nH]1)C(=O)O,0,train,42
100,CC(C)[C@H](NC(N[C@@H](CCCNC(=N)N)C(N[C@@H](CS)C(=O)O)N[C@@H](Cc1ccccc1)C(=O)O)[C@H](Cc1c[nH]c2ccccc12)NC(N[C@@H](CCCNC(=N)N)C(N[C@@H](Cc1ccccc1)C(NCC(=O)O)N[C@@H](CCCNC(=N)N)C(=O)O)N[C@@H](CS)C(N[C@@H](Cc1ccc(N[C@@H](CCCNC(=N)N)C(=O)O)cc1)C(=O)O)N[C@@H](CS)C(N[C@@H](CS)C(=O)O)N[C@@H](CCCCN)C(=O)O)[C@@H](N)CCCNC(=N)N)C(N[C@@H](CCCNC(=N)N)C(=O)O)N[C@@H](Cc1ccc(O)cc1)C(=O)O,0,train,42
101,CCC(C)[C@H](NC(N[C@@H](CCCNC(=N)N)C(N[C@@H](CCCCN)C(NCC(=O)O)N[C@@H](Cc1cnc[nH]1)C(=O)O)N[C@@H](CCCCN)C(N[C@@H](CCC(=O)O)C(=O)O)N[C@@H](CCC(=O)O)C(=O)O)[C@@H](NC(N[C@@H](CCCNC(=N)N)C(N[C@@H](CS)C(N[C@@H](CCSC)C(N[C@@H](C)C(=O)O)N[C@@H](CC(C)C)C(=O)O)N[C@@H](CC(C)C)C(N[C@@H](CS)C(=O)O)N[C@@H](CC(=O)O)C(=O)O)N1CCC[C@H]1C(N[C@@H](CCCCN)C(N[C@@H](CS)C(=O)O)N[C@@H](CCC(=O)O)C(=O)O)N[C@@H](CS)C(N[C@@H](CS)C(=O)O)N[C@H](C(=O)O)C(C)CC)[C@H](C)N)C(C)CC)C(N[C@@H](CO)C(=O)O)N[C@@H](CC(N[C@@H](CS)C(=O)O)N[C@@H](Cc1ccccc1)C(=O)O)C(O)NCC(=O)O,0,val,42
102,CCC(C)[C@H](NC(N[C@@H](CC(C)C)C(N[C@@H](C(C)N[C@@H](CCCNC(=N)N)C(=O)O)C(O)NCC(=O)O)N[C@@H](CC(N)=O)C(=O)O)[C@@H](N)CS)C(N[C@@H](CS)C(=O)O)N1CCC[C@H]1C(=O)O,0,train,42
103,CSCC[C@H](NC[C@H](NC(N[C@@H](C)C(NCC(=O)O)N[C@@H](Cc1ccccc1)C(=O)O)[C@@H](N)C(C)N1CCC[C@H]1C(NCC(=O)O)N[C@@H](Cc1ccccc1)C(=O)O)C(O)N[C@@H](CCCNC(=N)N)C(=O)O)C(=O)O,0,val,42
104,CCC(C)[C@H](NC([C@H](CC(C)C)NC(N[C@@H](CS)C(N[C@@H](Cc1ccc(O)cc1)C(=O)O)N[C@H](C(=O)O)C(C)CC)[C@@H](N)CCCNC(=N)N)N1CCC[C@H]1C(O)N[C@@H](CS)C(=O)O)C(N[C@H](C(=O)O)C(C)CC)N1CCC[C@H]1C(=O)O,0,train,42
105,CCC(C)[C@H](NC(N[C@@H](CC(N[C@@H](CC(=O)O)C(=O)O)N[C@@H](CCC(N[C@@H](C)C(=O)O)N[C@@H](CC(=O)O)C(=O)O)C(O)N[C@@H](CCCNC(=N)N)C(=O)O)C(N[C@@H](CCC(=O)O)C(=O)O)N[C@@H](CC(=O)O)C(=O)O)[C@H](C)N)C(N[C@@H](CC(N[C@@H](CCCCN)C(=O)O)N[C@H](C(=O)O)C(C)C)C(N[C@@H](Cc1cnc[nH]1)C(=O)O)N[C@H](C(=O)O)C(C)C)N[C@@H](Cc1ccc(NCC(=O)O)cc1)C(N[C@@H](CCCNC(=N)N)C(=O)O)N1CCC[C@H]1C(=O)O,0,train,42
106,CSCC[C@H](NC[C@H](NC(CN)N1CCC[C@H]1C(=O)O)C(N[C@@H](Cc1ccccc1)C(=O)O)N[C@H](C(=O)O)C(C)C)C(=O)O,0,val,42
107,CC(C)C[C@H](NC[C@H](NC(NCC(=O)O)[C@H](CC(C)C)NC(CN)N[C@@H](CC(C)C)C(NCC(=O)O)N[C@@H](CC(C)C)C(=O)O)C(=O)O)C(=O)O,0,test,42
108,CCC(C)[C@H](NC(CC[C@H](NC(N[C@@H](CCCCN)C(N[C@@H](CC(=O)O)C(=O)O)N[C@@H](Cc1ccccc1)C(=O)O)[C@H](CCCCN)NC(N)C[C@H](NC(N[C@@H](CCCCN)C(N[C@@H](C(C)C)C(N[C@@H](C)C(N[C@@H](CCCCN)C(=O)O)N1CCC[C@H]1C(=O)O)N[C@@H](CC(C)C)C(N[C@@H](CCCNC(=N)N)C(=O)O)N[C@H](C(=O)O)C(C)CC)N[C@@H](C(C)N[C@@H](CCC(N)N[C@@H](CCCCN)C(=O)O)C(NCC(=O)O)NCC(=O)O)C(N[C@@H](C(C)C)C(N[C@@H](CCCNC(=N)N)C(=O)O)N[C@@H](CC(C)C)C(=O)O)N[C@@H](Cc1ccccc1)C(N[C@@H](CO)C(=O)O)N[C@@H](CCC(=O)O)C(=O)O)[C@@H](N)CCSC)C(N[C@@H](CC(C)C)C(N[C@@H](CC(O)N[C@@H](CCCCN)C(=O)O)C(=O)O)N[C@@H](CCCCN)C(N[C@@H](CCCCN)C(=O)O)N[C@@H](CCCNC(=N)N)C(=O)O)N[C@@H](CCC(N[C@@H](CCC(N)=O)C(=O)O)N[C@@H](CC(C)C)C(=O)O)C(N[C@@H](CCCCN)C(=O)O)N[C@H](C(=O)O)C(C)CC)C(N[C@@H](Cc1ccccc1)C(=O)O)N1CCC[C@H]1C(=O)O)N[C@@H](Cc1ccccc1)C(=O)O)C(=O)O,0,test,42
109,CCC(C)[C@H](NC([C@@H](NC(N[C@@H](CC(N)N[C@@H](Cc1ccccc1)C(N[C@@H](C)C(=O)O)N[C@@H](CCCCN)C(=O)O)C(N[C@@H](C(C)C)C(O)N[C@@H](CS)C(=O)O)N[C@@H](CCCCN)C(N[C@@H](C)C(=O)O)N[C@@H](Cc1ccccc1)C(=O)O)[C@H](C)N)C(C)C)N1CCC[C@H]1C(N[C@@H](CS)C(=O)O)N[C@@H](CCCNC(=N)N)C(=O)O)C(N[C@@H](CCCCN)C(=O)O)N[C@@H](Cc1ccccc1)C(=O)O,0,train,42
110,CCC(C)[C@H](NC(N[C@@H](CN1CCC[C@H]1C(=O)O)C(O)N[C@H](C(=O)O)C(C)C)[C@@H](N)C(C)C)C(N[C@H](C(=O)O)C(C)CC)N[C@H](C(=O)O)C(C)CC,0,train,42
111,CCC(C)[C@H](NC(N[C@@H](C(C)C)C(NCC(=O)O)N[C@@H](CO)C(=O)O)[C@H](CC(C)C)NC([C@@H](N)Cc1ccccc1)N1CCC[C@H]1C(NCC(N[C@@H](CO)C(=O)O)N[C@@H](CC(C)C)C(=O)O)N[C@@H](CCCCN)C(NCC(=O)O)N[C@@H](CCCCN)C(=O)O)C(N[C@@H](CN[C@@H](CC(C)C)C(=O)O)C(=O)O)N[C@@H](CC(C)C)C(=O)O,0,train,42
112,CC(C)C[C@H](NC(N[C@@H](Cc1ccccc1)C(=O)O)[C@H](CC(N[C@@H](CO)C(=O)O)N[C@@H](Cc1cnc[nH]1)C(=O)O)NC(N)CC[C@H](N)C(N[C@@H](C(C)C)C(N[C@@H](CCCNC(=N)N)C(=O)O)N[C@@H](Cc1ccccc1)C(=O)O)N[C@H](C(=O)O)C(C)C)C(=O)O,0,train,42
113,CC(O)[C@H](NC[C@H](NC(NCC(=O)O)[C@@H]1CCCN1C(CN)N[C@@H](CN[C@@H](Cc1ccccc1)C(=O)O)C(NCC(=O)O)N[C@@H](Cc1ccccc1)C(=O)O)C(O)N[C@@H](CCCNC(=N)N)C(=O)O)C(=O)O,0,train,42
114,CCC(C)[C@H](NC(N[C@@H](CO)C(=O)O)[C@H](CN[C@@H](CC(C)C)C(=O)O)NC(CN)NCC(NCC(O)N[C@H](C(=O)O)C(C)C)N[C@@H](CN[C@@H](CCSC)C(=O)O)C(N[C@@H](CCCNC(=N)N)C(=O)O)N1CCC[C@H]1C(=O)O)C(=O)O,0,train,42
115,CCC(C)[C@H](NC(N[C@H](C(=O)O)C(C)C)[C@H](CCC(N)N[C@H](C(=O)O)C(C)O)NC(N[C@@H](CN[C@H](C(=O)O)C(C)C)C(NCC(=O)O)N1CCC[C@H]1C(=O)O)[C@@H](N)CC(N)N[C@@H](CCC(NCC(NCC(=O)O)N[C@@H](Cc1c[nH]c2ccccc12)C(=O)O)N[C@@H](CCCCN)C(N[C@@H](C)C(=O)O)N[C@@H](CCC(N)=O)C(=O)O)C(N[C@@H](CCC(N)=O)C(=O)O)N[C@@H](CN[C@H](C(=O)O)C(C)C)C(N[C@@H](CO)C(=O)O)N[C@H](C(=O)O)C(C)O)C(=O)O,0,train,42
116,CSCC[C@H](NC[C@H](NC(NCC(NCC(=O)O)N1CCC[C@H]1C(=O)O)[C@H](CNCC(NCC(=O)O)N[C@@H](CC(N)=O)C(=O)O)NC(CN)NCC(N[C@@H](C)C(=O)O)N[C@@H](CCC(N[C@@H](CCCNC(=N)N)C(=O)O)N[C@@H](CC(C)C)C(=O)O)C(=O)O)C(N[C@@H](Cc1ccccc1)C(=O)O)N[C@@H](Cc1c[nH]c2ccccc12)C(=O)O)C(=O)O,0,train,42
117,CCC(C)[C@H](NC(N[C@@H](CCCCN)C(N[C@@H](CCSC)C(=O)O)N[C@@H](CC(C)C)C(=O)O)[C@H](CC(C)C)NC(CN)N[C@@H](CC(C)C)C(N[C@@H](C(C)N[C@@H](C(C)NCC(=O)O)C(O)N[C@@H](CS)C(=O)O)C(N[C@@H](C)C(=O)O)N[C@H](C(=O)O)C(C)C)N[C@@H](CC(NCC(N[C@@H](CCCCN)C(=O)O)N[C@@H](CC(=O)O)C(=O)O)N[C@@H](C(C)C)C(N[C@@H](CCCCN)C(=O)O)N[C@@H](CC(C)C)C(=O)O)C(N[C@@H](C)C(N[C@@H](CS)C(=O)O)N[C@@H](CCCCN)C(=O)O)N[C@@H](CCCCN)C(N[C@@H](CO)C(=O)O)N[C@H](C(=O)O)C(C)CC)C(N[C@@H](C)C(=O)O)N[C@@H](CO)C(=O)O,0,train,42
118,CCC(C)[C@H](NC(N[C@@H](CC(C)C)C(=O)O)[C@H](Cc1ccc(N[C@@H](CC(=O)O)C(=O)O)cc1)NC([C@H](CC(C)C)NC(N[C@@H](CCC(N)NCC(N[C@@H](CC(=O)O)C(=O)O)N[C@@H](Cc1ccc(O)cc1)C(=O)O)C(NCC(N[C@@H](Cc1ccc(O)cc1)C(=O)O)N[C@@H](CC(C)C)C(=O)O)N[C@@H](CC(N[C@@H](CC(=O)O)C(=O)O)N[C@@H](CC(C)C)C(=O)O)C(N[C@@H](CCC(N)=O)C(=O)O)N[C@@H](CCC(N)=O)C(=O)O)[C@@H](N)C(C)N1CCC[C@H]1C(N[C@@H](CCCCN)C(N[C@@H](C(C)C)C(N[C@@H](CCCNC(=N)N)C(=O)O)N1CCC[C@H]1C(=O)O)N[C@@H](CCC(N[C@@H](CCCNC(=N)N)C(=O)O)N[C@@H](Cc1ccccc1)C(=O)O)C(=O)O)N1CCC[C@H]1C(N[C@@H](C)C(N[C@@H](CC(N)=O)C(=O)O)N[C@H](C(=O)O)C(C)C)N1CCC[C@H]1C(N[C@H](C(=O)O)C(C)C)N[C@H](C(=O)O)C(C)O)N1CCC[C@H]1C(N[C@@H](CCC(N)=O)C(=O)O)N[C@@H](Cc1ccccc1)C(=O)O)C(=O)O,0,train,42
119,CCC(C)[C@H](NC(N[C@@H](CS)C(=O)O)[C@@H](NC(N[C@@H](CS)C(N[C@@H](CS)C(=O)O)N[C@@H](CC(=O)O)C(=O)O)[C@@H](NC(N[C@@H](CS)C(NCC(N[C@H](C(=O)O)C(C)C)N1CCC[C@H]1C(=O)O)N[C@@H](Cc1ccccc1)C(N[C@@H](Cc1c[nH]c2ccccc12)C(=O)O)N1CCC[C@H]1C(=O)O)[C@H](CC(C)C)NC(CN)N1CCC[C@H]1C(NCC(NCC(N[C@@H](CS)C(=O)O)N[C@H](C(=O)O)C(C)O)N[C@@H](C(C)N[C@@H](CCCNC(=N)N)C(=O)O)C(O)N[C@@H](CC(N)=O)C(=O)O)N[C@@H](CCC(N[C@@H](CS)C(=O)O)N[C@@H](CC(N)=O)C(=O)O)C(N[C@H](C(=O)O)C(C)O)N1CCC[C@H]1C(=O)O)C(C)C)C(C)NCC(=O)O)C(=O)O,0,val,42
120,CSCC[C@H](NC(N[C@@H](Cc1ccc(N[C@@H](CC(C)C)C(=O)O)cc1)C(N[C@@H](CCCNC(=N)N)C(=O)O)N1CCC[C@H]1C(=O)O)[C@@H](N)CC(C)C)C(N[C@@H](Cc1ccc(N2CCC[C@H]2C(=O)O)cc1)C(O)N[C@H](C(=O)O)C(C)C)N[C@H](C(=O)O)C(C)O,0,train,42
121,CCC(C)[C@H](NC(C[C@H](NC(N[C@@H](CO)C(=O)O)[C@H](C)NC([C@@H]1CCCN1)N1CCC[C@H]1C(N[C@@H](CO)C(=O)O)N[C@@H](Cc1ccccc1)C(=O)O)C(N[C@@H](CC(=O)O)C(=O)O)N1CCC[C@H]1C(=O)O)N[C@@H](CCCNC(=N)N)C(=O)O)C(=O)O,0,train,42
122,CC(C)C[C@H](NC(CNC(C[C@H](N)C(NCC(=O)O)N[C@H](C(=O)O)C(C)O)N[C@@H](CCC(N[C@@H](CCC(N)=O)C(=O)O)N[C@@H](Cc1ccc(O)cc1)C(=O)O)C(N[C@H](C(=O)O)C(C)O)N1CCC[C@H]1C(=O)O)N[C@@H](CCCNC(=N)N)C(=O)O)C(=O)O,0,train,42
123,CC(C)C[C@H](NC(N[C@@H](Cc1c[nH]c2ccccc12)C(=O)O)[C@H](Cc1c[nH]c2ccccc12)NC(N[C@@H](CN1CCC[C@H]1C(=O)O)C(O)NCC(=O)O)[C@@H](N)CCC(N)N[C@@H](Cc1cnc[nH]1)C(NCC(=O)O)N[C@@H](Cc1ccc(O)cc1)C(=O)O)C(=O)O,0,train,42
124,CSCC[C@H](NC(N[C@@H](CCCNC(=N)N)C(=O)O)[C@H](CNCC(=O)O)NC(NCC(=O)O)[C@@H]1CCCN1C(N[C@@H](C)C(N[C@@H](Cc1ccccc1)C(=O)O)N[C@@H](Cc1ccccc1)C(=O)O)[C@H](C)N)C(=O)O,0,train,42
125,C[C@H](NC(CN)N[C@@H](CCC(N)N[C@@H](CO)C(=O)O)C(NCC(=O)O)N[C@@H](Cc1c[nH]c2ccccc12)C(=O)O)C(N[C@@H](CO)C(=O)O)N[C@@H](Cc1ccccc1)C(=O)O,0,train,42
126,CCC(C)[C@H](NC(C[C@H](N)C(NCC(=O)O)N[C@@H](CCCNC(=N)N)C(=O)O)N[C@@H](CC(C)C)C(=O)O)C(=O)O,0,train,42
127,CCC(C)[C@H](NC(N[C@@H](CC(C)C)C(N[C@@H](CCCNC(=N)N)C(=O)O)N1CCC[C@H]1C(=O)O)[C@@H](N)CCC(N)NCC(N[C@@H](Cc1ccccc1)C(=O)O)N1CCC[C@H]1C(=O)O)C(O)N[C@H](C(=O)O)C(C)C,0,train,42
128,CCC(C)[C@H](NC(N[C@@H](CCCCN)C(N[C@H](C(=O)O)C(C)C)N[C@H](C(=O)O)C(C)O)[C@H](CCCCN)NC(CN)N[C@@H](Cc1ccccc1)C(N[C@@H](Cc1c[nH]c2ccccc12)C(N[C@@H](CCCCN)C(=O)O)N[C@@H](CC(C)C)C(=O)O)N[C@@H](CC(NCC(N[C@@H](C)C(=O)O)N[C@@H](C)C(=O)O)N[C@@H](C)C(N[C@@H](CC(N)=O)C(=O)O)N[C@H](C(=O)O)C(C)CC)C(N[C@@H](C)C(N[C@@H](C)C(=O)O)N[C@@H](CC(N)=O)C(=O)O)N[C@@H](CCCCN)C(O)N[C@@H](CCC(N)=O)C(=O)O)C(N[C@@H](CCCCN)C(=O)O)N[C@H](C(=O)O)C(C)CC,0,train,42
129,CCC(C)[C@H](NC(CNC(N[C@@H](CS)C(N[C@@H](C(C)C)C(N[C@@H](CO)C(=O)O)N[C@@H](CS)C(=O)O)N[C@@H](CS)C(NCC(=O)O)N[C@@H](CS)C(=O)O)[C@@H](NC(CN)N1CCC[C@H]1C(N[C@@H](CN[C@@H](CO)C(=O)O)C(N[C@H](C(=O)O)C(C)C)N[C@H](C(=O)O)C(C)C)N[C@@H](CCC(N[C@@H](CS)C(N[C@@H](CC(=O)O)C(=O)O)N[C@@H](CC(C)C)C(=O)O)N1CCC[C@H]1C(N[C@@H](CS)C(=O)O)N[C@@H](Cc1ccc(O)cc1)C(=O)O)C(N[C@@H](CO)C(=O)O)N[C@H](C(=O)O)C(C)CC)C(C)CC)N[C@@H](Cc1ccccc1)C(N[C@@H](CO)C(=O)O)N[C@@H](CCCCN)C(=O)O)C(N[C@@H](CCCCN)C(=O)O)N[C@H](C(=O)O)C(C)C,0,train,42
130,CCC(C)[C@H](NC(N[C@H](C(=O)O)C(C)O)[C@H](C)NC(N[C@@H](CN[C@@H](CCCCN)C(=O)O)C(N[C@@H](CS)C(=O)O)N[C@@H](CCCCN)C(=O)O)[C@H](CC(C)C)NC(N[C@@H](CCSC)C(N[C@@H](C)C(N[C@@H](CS)C(=O)O)N[C@@H](CC(C)C)C(=O)O)N[C@@H](CC(C)C)C(N[C@@H](Cc1ccccc1)C(=O)O)N[C@H](C(=O)O)C(C)C)[C@H](CC(C)C)NC([C@@H](N)Cc1ccccc1)N1CCC[C@H]1C(NCC(N[C@@H](CCCCN)C(=O)O)N1CCC[C@H]1C(=O)O)N[C@@H](C)C(N[C@@H](CCSC)C(=O)O)N[C@H](C(=O)O)C(C)C)C(=O)O,0,train,42
131,CSCC[C@H](NC(N[C@@H](CC(C)C)C(N[C@@H](C)C(=O)O)N[C@@H](CO)C(=O)O)[C@H](CC(C)C)NC(NCC(N[C@@H](C(C)C)C(N[C@@H](C)C(=O)O)N[C@@H](CC(C)C)C(=O)O)N1CCC[C@H]1C(N[C@@H](CO)C(=O)O)N[C@@H](CC(C)C)C(=O)O)[C@@H](N)CC(C)C)C(N[C@@H](C)C(N[C@@H](CO)C(=O)O)N[C@@H](CCCCN)C(=O)O)N[C@@H](CC(C)C)C(O)N[C@@H](CC(C)C)C(=O)O,0,test,42
132,CCC(C)[C@H](NC(N[C@@H](CCCCN)C(N[C@@H](CCSC)C(=O)O)N[C@@H](CC(C)C)C(=O)O)[C@H](Cc1c[nH]c2ccccc12)NC(CN)N[C@@H](CC(C)C)C(N[C@@H](CN[C@@H](CCC(N[C@@H](C)C(=O)O)N[C@@H](CCSC)C(=O)O)C(NCC(=O)O)N[C@@H](Cc1ccccc1)C(=O)O)C(N[C@@H](C)C(N[C@@H](CCSC)C(=O)O)N[C@@H](CC(=O)O)C(=O)O)N[C@@H](C)C(N[C@@H](CC(N)=O)C(=O)O)N[C@H](C(=O)O)C(C)C)N[C@@H](CCCCN)C(N[C@@H](CCCCN)C(O)N[C@H](C(=O)O)C(C)C)N[C@H](C(=O)O)C(C)O)C(NCC(=O)O)N[C@@H](C)C(=O)O,0,train,42
133,CCC(C)[C@H](NC(CNC(NCC(N[C@@H](Cc1ccc(O)cc1)C(=O)O)N[C@@H](CC(C)C)C(=O)O)[C@@H](NC(N[C@@H](CC(N[C@@H](CCCNC(=N)N)C(N[C@@H](CCC(N)=O)C(=O)O)N[C@@H](CC(N)=O)C(=O)O)N[C@@H](CCCNC(=N)N)C(N[C@@H](CCC(=O)O)C(=O)O)N[C@H](C(=O)O)C(C)O)C(N[C@@H](CC(C)C)C(N[C@@H](CS)C(=O)O)N[C@@H](CCC(=O)O)C(=O)O)N1CCC[C@H]1C(N[C@@H](CCC(=O)O)C(=O)O)N[C@H](C(=O)O)C(C)O)[C@H](CCCCN)NC(CN)NCC(N[C@@H](C(C)NCC(N[C@@H](CS)C(=O)O)N[C@@H](CS)C(=O)O)C(NCC(N[C@@H](CCCNC(=N)N)C(=O)O)N[C@H](C(=O)O)C(C)O)N[C@@H](CCC(N)N[C@@H](Cc1ccc(O)cc1)C(=O)O)C(N[C@@H](CCCCN)C(=O)O)N1CCC[C@H]1C(=O)O)N[C@@H](CS)C(NCC(N[C@@H](Cc1ccccc1)C(=O)O)N[C@@H](CC(C)C)C(=O)O)N[C@@H](Cc1c[nH]c2ccccc12)C(N[C@@H](CN[C@H](C(=O)O)C(C)O)C(N[C@@H](CS)C(=O)O)N1CCC[C@H]1C(=O)O)N1CCC[C@H]1C(=O)O)C(C)C)N[C@@H](CS)C(=O)O)C(=O)O,0,train,42
134,CCC(C)[C@H](NC(N[C@@H](Cc1c[nH]c2ccccc12)C(=O)O)[C@@H](NC([C@@H](N)Cc1ccccc1)N1CCC[C@H]1C(O)N[C@@H](CCSC)C(=O)O)C(C)C)C(=O)O,0,train,42
135,CCC(C)[C@H](NC(N[C@@H](C)C(=O)O)[C@H](C)NC(N[C@@H](C)C(N[C@@H](CS)C(=O)O)N[C@H](C(=O)O)C(C)C)[C@H](CC(C)C)NC(N[C@@H](C(C)C)C(N[C@@H](CCCCN)C(N[C@@H](CO)C(=O)O)N[C@@H](CCCCN)C(=O)O)N[C@@H](CC(C)C)C(N[C@@H](CS)C(=O)O)N[C@@H](CCCNC(=N)N)C(=O)O)[C@H](CC(C)C)NC([C@@H](N)Cc1ccccc1)N1CCC[C@H]1C(NCC(N[C@@H](CO)C(=O)O)N[C@H](C(=O)O)C(C)C)N[C@@H](CCCNC(=N)N)C(N[C@H](C(=O)O)C(C)CC)N1CCC[C@H]1C(=O)O)C(=O)O,0,val,42
136,CCC(C)[C@H](NC(CN)N1CCC[C@H]1C(NCC(N[C@@H](CS)C(=O)O)N[C@H](C(=O)O)C(C)O)N[C@@H](CCC(N[C@@H](CC(N)=O)C(=O)O)N[C@H](C(=O)O)C(C)O)C(NCC(=O)O)N1CCC[C@H]1C(=O)O)C(N[C@@H](C(C)N[C@@H](C(C)N[C@@H](CS)C(=O)O)C(N[C@@H](CS)C(=O)O)N[C@H](C(=O)O)C(C)O)C(N[C@H](C(N[C@@H](CS)C(=O)O)N[C@H](C(=O)O)C(C)CC)C(C)N1CCC[C@H]1C(=O)O)N[C@@H](CS)C(N[C@@H](CO)C(=O)O)N[C@@H](Cc1c[nH]c2ccccc12)C(=O)O)N[C@@H](CS)C(NCC(O)N[C@@H](CC(N)=O)C(=O)O)N[C@@H](CC(C)C)C(N[C@@H](CCCCN)C(=O)O)N[C@H](C(=O)O)C(C)O,0,train,42
137,C[C@H](NC(N[C@@H](Cc1ccccc1)C(=O)O)[C@@H](N)CN1CCC[C@H]1C(N[C@@H](CO)C(=O)O)N[C@@H](CC(N)=O)C(=O)O)C(NCC(=O)O)N[C@@H](Cc1c[nH]c2ccccc12)C(=O)O,0,train,42
138,CSCC[C@H](NC(N[C@@H](CC(N[C@@H](C)C(=O)O)N[C@@H](Cc1ccc(O)cc1)C(=O)O)C(NCC(=O)O)N[C@@H](Cc1ccccc1)C(=O)O)[C@@H]1CCCN1)C(O)N[C@@H](CC(C)C)C(=O)O,0,train,42
139,CSCC[C@H](NC(CNC(N[C@@H](C)C(N[C@@H](CC(=O)O)C(=O)O)N[C@@H](CCC(N)N[C@@H](CCCNC(=N)N)C(=O)O)C(O)N[C@@H](Cc1ccccc1)C(=O)O)[C@H](C)N)N[C@@H](Cc1ccccc1)C(=O)O)C(=O)O,0,train,42
140,CCC(C)[C@H](NC[C@H](NC(N[C@@H](CC(N)=O)C(=O)O)[C@H](CC(C)C)NC(CN)N[C@@H](C(C)C)C(NCC(=O)O)N[C@@H](CC(C)C)C(=O)O)C(=O)O)C(=O)O,0,train,42
141,CC(C)[C@H](NC(N[C@@H](Cc1ccccc1)C(N[C@@H](CC(N)=O)C(=O)O)N[C@@H](CCCNC(=N)N)C(NCC(=O)O)N[C@H](C(=O)O)C(C)O)[C@@H](N)CS)C(N[C@@H](CS)C(=O)O)N1CCC[C@H]1C(=O)O,0,train,42
142,CC(C)C[C@H](NC(CC[C@H](NC(CN)N1CCC[C@H]1C(N[C@@H](C)C(=O)O)N[C@H](C(=O)O)C(C)O)C(N[C@@H](CCCNC(=N)N)C(=O)O)N[C@@H](CC(C)C)C(=O)O)N[C@@H](Cc1ccccc1)C(=O)O)C(=O)O,0,train,42
143,CC(C)C[C@H](NC(CNC(CNC(CN)NCC(NCC(=O)O)N[C@@H](CN[C@@H](CCCNC(=N)N)C(=O)O)C(O)N[C@H](C(=O)O)C(C)C)N[C@@H](C(C)N[C@@H](C)C(=O)O)C(N[C@@H](Cc1ccccc1)C(=O)O)N1CCC[C@H]1C(=O)O)N[C@@H](Cc1ccccc1)C(=O)O)C(=O)O,0,train,42
144,CC(C)C[C@H](NC(N[C@@H](CCCNC(=N)N)C(=O)O)[C@H](Cc1ccccc1)NC(CNC(N[C@@H](CC(C)C)C(N[C@@H](CCC(N)=O)C(=O)O)N1CCC[C@H]1C(=O)O)[C@H](C)N)N[C@@H](C)C(=O)O)C(=O)O,0,test,42
145,CC(C)[C@H](NC(N[C@@H](CCC(N)N[C@@H](CCCNC(=N)N)C(=O)O)C(O)N[C@@H](Cc1ccccc1)C(=O)O)[C@@H](N)Cc1ccc(N[C@@H](CN[C@@H](CO)C(=O)O)C(N[C@@H](CCCNC(=N)N)C(=O)O)N2CCC[C@H]2C(=O)O)cc1)C(=O)O,0,train,42
146,CC(C)C[C@H](NC(CNC(N[C@@H](CN[C@H](C(=O)O)C(C)O)C(N[C@@H](CC(N)=O)C(=O)O)N[C@@H](CC(C)C)C(=O)O)[C@H](C)NC(CN)N[C@@H](C(C)C)C(N[C@@H](CC(C)C)C(=O)O)N[C@@H](CC(C)C)C(=O)O)NCC(=O)O)C(=O)O,0,train,42
147,CSCC[C@H](NC(N[C@@H](Cc1c[nH]c2ccccc12)C(=O)O)[C@@H](NC(CNC(N[C@@H](CCC(NCC(N[C@@H](CCCNC(=N)N)C(=O)O)N[C@@H](CC(C)C)C(=O)O)N[C@@H](CCC(=O)O)C(=O)O)C(N[C@@H](CCCCN)C(=O)O)N[C@H](C(=O)O)C(C)O)[C@@H](N)Cc1ccccc1)N[C@@H](CN[C@@H](Cc1ccccc1)C(=O)O)C(NCC(=O)O)N1CCC[C@H]1C(=O)O)C(C)NCC(=O)O)C(=O)O,0,train,42
148,C[C@H](NC(NCC(=O)O)[C@H](CS)NC(N[C@@H](CO)C(=O)O)[C@H](C)N)C(=O)O,0,train,42
149,CC(C)C[C@H](NC(C[C@H](NC([C@@H](N)CC(C)C)N1CCC[C@H]1C(N[C@@H](CO)C(=O)O)N[C@@H](CO)C(=O)O)C(N[C@@H](CCCNC(=N)N)C(=O)O)N[C@@H](CC(C)C)C(=O)O)N[C@@H](Cc1ccccc1)C(=O)O)C(=O)O,0,test,42
150,CCC(C)[C@H](NC(N[C@@H](CS)C(=O)O)[C@@H](NC(CC[C@H](NC(N[C@@H](CCC(N[C@@H](CS)C(=O)O)N[C@@H](Cc1ccc(O)cc1)C(=O)O)C(N[C@@H](CCCCN)C(=O)O)N1CCC[C@H]1C(=O)O)[C@H](CCCCN)NC(N[C@@H](C)C(N[C@@H](C(C)NCC(N[C@@H](CCSC)C(=O)O)N[C@@H](CC(N)=O)C(=O)O)C(N[C@@H](CCCCN)C(N[C@@H](CCC(N)=O)C(=O)O)N[C@@H](CCC(=O)O)C(=O)O)N[C@@H](Cc1ccc(N[C@@H](CCCCN)C(=O)O)cc1)C(N[C@@H](CS)C(=O)O)N[C@@H](CCC(=O)O)C(=O)O)N[C@@H](CS)C(NCC(N[C@@H](CS)C(=O)O)N[C@@H](Cc1ccc(O)cc1)C(=O)O)N[C@@H](CN[C@H](C(=O)O)C(C)O)C(N[C@@H](CCCNC(=N)N)C(=O)O)N[C@H](C(=O)O)C(C)CC)[C@@H](N)C(C)C)C(N[C@@H](CS)C(=O)O)N[C@@H](Cc1ccccc1)C(NCC(=O)O)N[C@@H](CCCCN)C(=O)O)N[C@@H](Cc1ccccc1)C(N[C@@H](CO)C(=O)O)N[C@H](C(=O)O)C(C)O)C(C)C)C(=O)O,0,train,42
151,CC(C)C[C@H](NC(N)CC[C@H](N)C(N[C@@H](Cc1ccccc1)C(=O)O)N[C@@H](CC(N)N[C@@H](CC(N)=O)C(=O)O)C(O)N[C@@H](Cc1c[nH]c2ccccc12)C(=O)O)C(N[C@@H](CO)C(=O)O)N1CCC[C@H]1C(=O)O,0,train,42
152,CCC(C)[C@H](NC(N[C@@H](Cc1ccc(N[C@@H](CCSC)C(=O)O)cc1)C(=O)O)[C@H](CCCCN)NC[C@H](NC(CN)N[C@@H](CCCCN)C(N[C@@H](C(C)CC)C(N[C@@H](CS)C(=O)O)N[C@@H](CCCCN)C(=O)O)N1CCC[C@H]1C(NCC(=O)O)N[C@H](C(=O)O)C(C)O)C(N[C@@H](C(C)C)C(N[C@@H](CCCNC(=N)N)C(=O)O)N[C@@H](CCCNC(=N)N)C(=O)O)N1CCC[C@H]1C(N[C@@H](CS)C(=O)O)N[C@@H](CC(N)=O)C(=O)O)C(N[C@@H](CCCNC(=N)N)C(=O)O)N[C@@H](CCC(N)=O)C(=O)O,0,train,42
153,CCC(C)[C@H](NC(CC[C@H](NC(N[C@@H](CC(C)C)C(N[C@@H](C)C(=O)O)N[C@H](C(=O)O)C(C)CC)[C@@H]1CCCN1C(N[C@@H](CC(N)N[C@@H](Cc1ccccc1)C(N[C@@H](C)C(N[C@@H](C)C(=O)O)N[C@H](C(=O)O)C(C)C)N[C@@H](CCCNC(=N)N)C(N[C@@H](C)C(=O)O)N1CCC[C@H]1C(=O)O)C(N[C@@H](CCC(N[C@@H](C(C)C)C(N[C@@H](C)C(=O)O)N[C@@H](CC(C)C)C(=O)O)N[C@@H](CCCNC(=N)N)C(N[C@@H](C)C(=O)O)N[C@H](C(=O)O)C(C)O)C(N[C@@H](CC(=O)O)C(=O)O)N[C@@H](CCCNC(=N)N)C(O)N[C@@H](CCCCN)C(=O)O)N[C@@H](CCCCN)C(NCC(N[C@H](C(=O)O)C(C)C)N[C@H](C(=O)O)C(C)O)N[C@@H](CCC(N)N[C@@H](C)C(=O)O)C(N[C@@H](C)C(=O)O)N[C@@H](CCC(N)=O)C(=O)O)[C@@H](N)Cc1c[nH]c2ccccc12)C(NCC(=O)O)N[C@@H](C)C(=O)O)N[C@@H](CO)C(=O)O)C(=O)O,0,train,42
154,CC(C)C[C@H](NC(N[C@@H](CC(=O)O)C(=O)O)[C@H](CC(N[C@@H](CCCNC(=N)N)C(=O)O)N[C@H](C(=O)O)C(C)C)NC(N[C@@H](CCC(N[C@@H](C)C(=O)O)N[C@@H](CCCNC(=N)N)C(=O)O)C(=O)O)[C@@H](NC(N[C@@H](CC(N[C@@H](CCC(=O)O)C(=O)O)N[C@@H](CCC(=O)O)C(=O)O)C(N[C@@H](CC(=O)O)C(=O)O)N[C@@H](CC(=O)O)C(=O)O)[C@H](C)N)C(C)N[C@@H](Cc1ccc(N[C@@H](CCCNC(=N)N)C(=O)O)cc1)C(N[C@@H](CCCCN)C(=O)O)N[C@H](C(=O)O)C(C)C)C(=O)O,0,train,42
155,CC(C)C[C@H](NC(NCC(=O)O)[C@@H]1CCCN1C(N[C@@H](Cc1ccc(O)cc1)C(=O)O)[C@@H](N)CN[C@@H](CCCNC(=N)N)C(N[C@@H](CO)C(=O)O)N[C@@H](Cc1ccccc1)C(=O)O)C(=O)O,0,train,42
156,CC(C)C[C@H](NC(N)CC[C@H](NC(N)C[C@H](N)C(NCC(=O)O)N[C@@H](CCC(NCC(=O)O)N[C@@H](CCCNC(=N)N)C(=O)O)C(=O)O)C(N[C@@H](Cc1ccccc1)C(=O)O)N[C@@H](Cc1cnc[nH]1)C(=O)O)C(=O)O,0,train,42
157,CC(C)C[C@H](NC(N)C[C@H](NC(N[C@@H](CC(C)C)C(N[C@@H](Cc1ccc(N[C@@H](CO)C(=O)O)cc1)C(N[C@@H](CC(N)=O)C(=O)O)N[C@@H](Cc1ccccc1)C(=O)O)N[C@@H](CC(C)C)C(N[C@@H](CCCCN)C(=O)O)N[C@@H](CC(=O)O)C(=O)O)[C@H](Cc1c[nH]c2ccccc12)NC(CN)N[C@@H](C(C)N[C@@H](CN[C@@H](Cc1cnc[nH]1)C(=O)O)C(N[C@@H](C)C(=O)O)N[C@H](C(=O)O)C(C)C)C(NCC(N[C@@H](CCCNC(=N)N)C(=O)O)N[C@@H](Cc1cnc[nH]1)C(=O)O)N[C@@H](C)C(N[C@@H](CC(N)=O)C(=O)O)N[C@@H](CC(=O)O)C(=O)O)C(NCC(N[C@@H](Cc1ccccc1)C(=O)O)N[C@H](C(=O)O)C(C)O)N1CCC[C@H]1C(=O)O)C(NCC(=O)O)N[C@@H](Cc1cnc[nH]1)C(=O)O,0,test,42
158,CSCC[C@H](NC(NCC(=O)O)[C@H](CC(NCC(=O)O)N[C@@H](CCCCN)C(=O)O)NC(C[C@H](N)C(N[C@@H](CCSC)C(N[C@@H](Cc1ccccc1)C(=O)O)N[C@@H](Cc1c[nH]c2ccccc12)C(=O)O)N[C@@H](CNCC(=O)O)C(N[C@@H](CCCNC(=N)N)C(=O)O)N1CCC[C@H]1C(=O)O)NCC(NCC(O)N[C@@H](CC(C)C)C(=O)O)N[C@@H](CCC(=O)O)C(=O)O)C(=O)O,0,train,42
159,CC(C)C[C@H](Nc1ccc(C[C@H](NC(N[C@@H](CC(=O)O)C(=O)O)[C@H](CCCNC(=N)N)NC(NCC(NCC(=O)O)N[C@@H](Cc2ccccc2)C(=O)O)[C@H](C)N)C(=O)O)cc1)C(=O)O,0,train,42
160,CC(C)[C@H](NC(CC[C@H](NC(N)C[C@H](N)C(N[C@@H](CCC(O)N1CCC[C@H]1C(=O)O)C(=O)O)N[C@@H](CCC(N[C@@H](CCC(N)=O)C(=O)O)N1CCC[C@H]1C(=O)O)C(N[C@@H](CC(=O)O)C(=O)O)N[C@H](C(=O)O)C(C)C)C(N[C@@H](CCCCN)C(=O)O)N[C@@H](Cc1c[nH]c2ccccc12)C(=O)O)N[C@@H](CCCCN)C(=O)O)C(=O)O,0,train,42
161,CC(C)C[C@H](NC(N)CC[C@H](NC(C)[C@H](NC(NCC(NCC(=O)O)N[C@@H](Cc1ccccc1)C(=O)O)[C@H](C)N)C(N[C@@H](C)C(=O)O)N[C@@H](Cc1ccc(O)cc1)C(=O)O)C(=O)O)C(=O)O,0,train,42
162,CC(C)C[C@H](NC(N[C@@H](CCCCN)C(=O)O)[C@H](Cc1ccc(N[C@@H](C)C(=O)O)cc1)NC(N[C@@H](CC(N[C@@H](CC(C)C)C(=O)O)N1CCC[C@H]1C(=O)O)C(N[C@@H](C)C(=O)O)N[C@@H](CC(=O)O)C(=O)O)[C@H](Cc1ccc(N[C@@H](CC(N[C@@H](CC(=O)O)C(=O)O)N[C@@H](CC(=O)O)C(=O)O)C(N[C@@H](CCCNC(=N)N)C(=O)O)N[C@@H](CC(N)=O)C(=O)O)cc1)NC(CN)N[C@@H](CC(C)C)C(N[C@@H](CCC(O)N[C@@H](CCCNC(=N)N)C(=O)O)C(=O)O)N[C@H](C(=O)O)C(C)C)C(=O)O,0,train,42
163,CC(C)C[C@H](NC(N[C@@H](CCCCN)C(=O)O)[C@H](CCCCN)NC(NCC(=O)O)[C@H](Cc1ccccc1)NC(N[C@@H](Cc1ccccc1)C(N[C@@H](CCCCN)C(=O)O)N[C@@H](CCC(=O)O)C(=O)O)[C@@H](N)CC(C)C)C(=O)O,0,train,42
164,CC(C)C[C@H](NC(NCC(=O)O)[C@H](CCCNC(=N)N)NC(N[C@@H](CCCNC(=N)N)C(N[C@@H](CC(N)=O)C(=O)O)N[C@H](C(=O)O)C(C)C)[C@H](CS)NC([C@@H](N)CS)N1CCC[C@H]1C(NCC(N[C@@H](CS)C(N[C@@H](CS)C(=O)O)N[C@@H](Cc1ccccc1)C(=O)O)N[C@@H](CS)C(N[C@@H](CS)C(=O)O)N[C@@H](Cc1ccc(O)cc1)C(=O)O)N[C@@H](CCCNC(=N)N)C(N[C@@H](CCCNC(=N)N)C(=O)O)N[C@H](C(=O)O)C(C)C)C(=O)O,0,train,42
165,CSCC[C@H](N)C(N[C@@H](CN[C@@H](CCCCN)C(=O)O)C(N[C@@H](CC(N)=O)C(=O)O)N[C@@H](Cc1cnc[nH]1)C(=O)O)N[C@@H](CC(N)N[C@@H](C(C)C)C(N[C@@H](Cc1cnc[nH]1)C(=O)O)N[C@@H](Cc1cnc[nH]1)C(=O)O)C(N[C@@H](CCC(N)N[C@@H](Cc1cnc[nH]1)C(=O)O)C(N[C@@H](Cc1cnc[nH]1)C(=O)O)N[C@@H](Cc1cnc[nH]1)C(=O)O)N[C@@H](Cc1ccccc1)C(N[C@@H](CC(=O)O)C(=O)O)N1CCC[C@H]1C(=O)O,0,train,42
166,CC(O)[C@H](NC(CNC(N[C@@H](CCC(N)N[C@@H](CCC(=O)O)C(=O)O)C(O)N[C@@H](CO)C(=O)O)[C@H](C)N)N[C@@H](CC(N)=O)C(=O)O)C(=O)O,0,train,42
167,CSCC[C@H](NC(CNC(N[C@@H](C)C(NCC(=O)O)N[C@@H](Cc1ccccc1)C(=O)O)[C@H](C)NC[C@H](N)C(NCC(NCC(=O)O)N[C@@H](CO)C(=O)O)N[C@@H](CNCC(N[C@@H](CCCNC(=N)N)C(=O)O)N1CCC[C@H]1C(=O)O)C(N[C@@H](CO)C(=O)O)N[C@@H](CCC(O)N[C@@H](CC(C)C)C(=O)O)C(=O)O)N[C@@H](Cc1c[nH]c2ccccc12)C(=O)O)C(=O)O,0,train,42
168,CCC(C)[C@H](NC(N[C@@H](CC(C)C)C(NCC(N[C@@H](CCCNC(=N)N)C(=O)O)N[C@@H](CC(C)C)C(=O)O)N[C@@H](CN[C@@H](Cc1ccccc1)C(N[C@@H](Cc1ccccc1)C(=O)O)N1CCC[C@H]1C(=O)O)C(N[C@@H](CCCNC(=N)N)C(=O)O)N[C@@H](CC(C)C)C(N[C@H](C(=O)O)C(C)O)N1CCC[C@H]1C(=O)O)[C@@H](N)CCSC)C(N[C@@H](C(C)N[C@H](C(=O)O)C(C)O)C(N[C@@H](CCCNC(=N)N)C(=O)O)N[C@@H](CC(N)=O)C(=O)O)N[C@@H](C)C(N[C@@H](C)C(=O)O)N[C@@H](CCCCN)C(=O)O,0,train,42
169,CC(N[C@@H](Cc1ccc(O)cc1)C(=O)O)[C@H](NC([C@H](C)N)N1CCC[C@H]1C(N[C@@H](Cc1ccccc1)C(=O)O)N[C@@H](C)C(O)N[C@@H](CCCNC(=N)N)C(=O)O)C(NCC(=O)O)N[C@H](C(=O)O)C(C)C,0,val,42
170,CCC(C)[C@H](NC(N)C[C@H](N)C(N[C@@H](CCC(N)N1CCC[C@H]1C(=O)O)C(=O)O)N1CCC[C@H]1C(N[C@H](C(=O)O)C(C)O)N1CCC[C@H]1C(=O)O)C(N[C@@H](CC(C)C)C(=O)O)N[C@H](C(=O)O)C(C)O,0,train,42
171,C[C@H](NC(NCC(=O)O)[C@H](CNCC(=O)O)NC([C@@H](N)Cc1cnc[nH]1)N1CCC[C@H]1C(=O)O)C(=O)O,0,train,42
172,CCC(C)[C@H](NC(N[C@@H](Cc1c[nH]c2ccccc12)C(O)N[C@H](C(=O)O)C(C)C)[C@@H](N)CCC(N)N1CCC[C@H]1C(N[C@@H](Cc1ccccc1)C(=O)O)N1CCC[C@H]1C(=O)O)C(=O)O,0,train,42
173,CSCC[C@H](NC(N[C@@H](Cc1c[nH]c2ccccc12)C(=O)O)[C@@H](NC(CNC(CN)N[C@@H](CCC(N[C@@H](CC(=O)O)C(=O)O)N[C@@H](CC(N)N1CCC[C@H]1C(=O)O)C(N[C@@H](CCCNC(=N)N)C(=O)O)N[C@@H](CC(C)C)C(=O)O)C(N[C@@H](C)C(=O)O)N[C@@H](CCCCN)C(=O)O)NCC(NCC(=O)O)N[C@@H](Cc1ccccc1)C(=O)O)C(C)N[C@@H](C)C(=O)O)C(=O)O,0,train,42
174,CC(C)C[C@H](NC(NCC(=O)O)[C@@H]1CCCN1C(C[C@H](N)C(N[C@@H](C)C(=O)O)N[C@@H](Cc1ccccc1)C(=O)O)N[C@@H](Cc1ccc(O)cc1)C(=O)O)C(=O)O,0,train,42
175,CCC(C)[C@H](N)C(N[C@@H](C(C)N[C@@H](CC(N[C@@H](CCCCN)C(=O)O)N[C@@H](CCSC)C(=O)O)C(N[C@@H](Cc1ccc(O)cc1)C(=O)O)N[C@H](C(=O)O)C(C)CC)C(N[C@@H](CC(O)N[C@H](C(=O)O)C(C)CC)C(=O)O)N[C@@H](Cc1ccccc1)C(N[C@@H](CCCCN)C(=O)O)N[C@@H](CCCNC(=N)N)C(=O)O)N[C@@H](CCCCN)C(N[C@@H](C)C(=O)O)N[C@@H](CC(C)C)C(=O)O,0,train,42
176,CSCC[C@H](NC(NCC(O)N[C@@H](CCCNC(=N)N)C(=O)O)[C@@H]1CCCN1C(N[C@@H](CC(C)C)C(N[C@@H](CCC(N)=O)C(=O)O)N[C@@H](Cc1ccccc1)C(=O)O)[C@H](C)N)C(NCC(=O)O)N[C@H](C(=O)O)C(C)C,0,train,42
177,CC(C)C[C@H](NC(N[C@@H](CCCNC(=N)N)C(=O)O)[C@@H]1CCCN1C(N[C@@H](Cc1ccccc1)C(=O)O)[C@@H](N)CN1CCC[C@H]1C(N[C@@H](C)C(=O)O)N1CCC[C@H]1C(=O)O)C(=O)O,0,train,42
178,CCC(C)[C@H](NC(N[C@@H](CCC(N)=O)C(=O)O)[C@H](Cc1ccccc1)NC(N[C@@H](Cc1ccccc1)C(N[C@@H](CC(NCC(=O)O)N[C@@H](CCC(N)=O)C(=O)O)C(=O)O)N[C@@H](CN[C@@H](CCCNC(=N)N)C(=O)O)C(N[C@@H](CCCCN)C(=O)O)N[C@@H](CC(N)=O)C(=O)O)[C@@H](NC([C@@H](N)Cc1ccccc1)N1CCC[C@H]1C(N[C@@H](C(C)N[C@@H](CCCCN)C(=O)O)C(N[C@@H](CCSC)C(=O)O)N[C@@H](CCC(N)=O)C(=O)O)N[C@@H](CCC(N)N[C@@H](CCC(=O)O)C(=O)O)C(N[C@@H](CCCCN)C(=O)O)N[C@@H](CCC(=O)O)C(=O)O)C(C)C)C(=O)O,0,train,42
179,CCC(C)[C@H](NC(N[C@H](C(=O)O)C(C)C)[C@@H](NC(N[C@@H](C)C(N[C@@H](C)C(=O)O)N[C@@H](CCC(=O)O)C(=O)O)[C@H](CN[C@@H](CN[C@H](C(=O)O)C(C)C)C(N[C@H](C(=O)O)C(C)C)N1CCC[C@H]1C(=O)O)NC(N[C@@H](C(C)C)C(N[C@@H](Cc1cnc[nH]1)C(=O)O)N[C@@H](CCCCN)C(N[C@@H](Cc1cnc[nH]1)C(=O)O)N[C@@H](CC(C)C)C(=O)O)[C@H](CC(C)C)NC(CN)N[C@@H](CC(C)C)C(NCC(N[C@@H](Cc1cnc[nH]1)C(=O)O)N1CCC[C@H]1C(=O)O)N[C@@H](CC(C)C)C(N[C@@H](CC(C)C)C(=O)O)N[C@H](C(=O)O)C(C)C)C(C)C)C(=O)O,0,train,42
180,CC(C)C[C@H](NC(N)CC[C@H](N)C(N[C@@H](C(C)N[C@@H](CC(=O)O)C(=O)O)C(O)N[C@@H](Cc1c[nH]c2ccccc12)C(=O)O)N[C@@H](Cc1ccccc1)C(=O)O)C(N[C@@H](CO)C(=O)O)N1CCC[C@H]1C(=O)O,0,train,42
181,CSCC[C@H](NC(N[C@@H](CC(N)=O)C(=O)O)[C@H](CC(N1CCC[C@H]1C(=O)O)N1CCC[C@H]1C(=O)O)NC(C[C@H](NC(N[C@@H](CCCCN)C(N[C@@H](CCCNC(=N)N)C(=O)O)N1CCC[C@H]1C(=O)O)[C@@H](N)C(C)C)C(N[C@@H](CCCNC(=N)N)C(=O)O)N[C@@H](Cc1ccc(O)cc1)C(=O)O)N1CCC[C@H]1C(N[C@@H](CCCNC(=N)N)C(=O)O)N1CCC[C@H]1C(=O)O)C(=O)O,0,train,42
182,CC(C)C[C@H](NC([C@@H](N)Cc1ccccc1)N1CCC[C@H]1C(N[C@@H](C)C(=O)O)N[C@@H](Cc1ccc(O)cc1)C(=O)O)C(N[C@@H](CS)C(N[C@@H](CS)C(=O)O)N[C@H](C(=O)O)C(C)O)N1CCC[C@H]1C(NCC(=O)O)N[C@@H](CCCCN)C(=O)O,0,train,42
183,CC(C)C[C@H](NC[C@H](NC(N[C@@H](CO)C(=O)O)[C@H](CC(C)C)NC(CN)N[C@@H](CC(C)C)C(NCC(=O)O)N[C@@H](CC(C)C)C(=O)O)C(N[C@@H](CC(N)=O)C(=O)O)N[C@@H](CC(C)C)C(=O)O)C(=O)O,0,train,42
184,CSCC[C@H](NC(N)C[C@H](NC(CN)N[C@@H](C)C(N[C@@H](CC(=O)O)C(=O)O)N[C@@H](Cc1ccccc1)C(=O)O)C(N[C@@H](CCCNC(=N)N)C(=O)O)N[C@@H](Cc1ccccc1)C(=O)O)C(=O)O,0,train,42
185,CCC(C)[C@H](NC(N[C@@H](C(C)C)C(N[C@@H](CCCCN)C(=O)O)N[C@@H](CC(N)=O)C(=O)O)[C@H](Cc1ccccc1)NC(CNC(N[C@@H](C(C)CC)C(N[C@@H](C(C)CC)C(N[C@@H](Cc1ccc(O)cc1)C(=O)O)N[C@@H](Cc1cnc[nH]1)C(=O)O)N[C@@H](Cc1ccccc1)C(N[C@@H](CCC(N)=O)C(=O)O)N1CCC[C@H]1C(=O)O)[C@@H](N)CCSC)N[C@@H](CN[C@@H](CO)C(=O)O)C(N[C@H](C(=O)O)C(C)C)N[C@H](C(=O)O)C(C)O)C(O)N[C@@H](CCCCN)C(=O)O,0,test,42
186,CCC(C)[C@H](NC(C)[C@H](NC(N[C@@H](C(C)NCC(=O)O)C(NCC(=O)O)NCC(=O)O)[C@@H](N)C(C)N[C@@H](CCC(NCC(=O)O)N[C@@H](CCC(N[C@@H](CCCNC(=N)N)C(=O)O)N[C@H](C(=O)O)C(C)C)C(=O)O)C(N[C@@H](CC(=O)O)C(=O)O)N[C@@H](Cc1ccccc1)C(=O)O)C(N[C@@H](C)C(=O)O)N[C@@H](CCC(=O)O)C(=O)O)C(=O)O,0,train,42
187,CCC(C)[C@H](NC([C@H](CCCCN)NC([C@@H](N)CCC(N)N[C@@H](CC(N[C@@H](Cc1c[nH]c2ccccc12)C(=O)O)N[C@@H](Cc1ccccc1)C(O)N[C@H](C(=O)O)C(C)C)C(N[C@@H](CC(=O)O)C(=O)O)N1CCC[C@H]1C(=O)O)N1CCC[C@H]1C(N[C@@H](Cc1ccc(O)cc1)C(=O)O)N1CCC[C@H]1C(=O)O)N1CCC[C@H]1C(=O)O)C(=O)O,0,train,42
188,CCC(C)[C@H](N)C(N[C@@H](C(C)CC)C(N[C@@H](CCCCN)C(N[C@@H](CCCNC(=N)N)C(=O)O)N[C@@H](CCC(=O)O)C(=O)O)N[C@@H](CC(C)C)C(N[C@@H](CCCNC(=N)N)C(=O)O)N[C@H](C(=O)O)C(C)CC)N[C@@H](CN[C@@H](CC(N)N[C@@H](C)C(N[C@@H](CCCNC(=N)N)C(=O)O)N[C@@H](CCC(N)=O)C(=O)O)C(N[C@@H](C(C)CC)C(N[C@@H](Cc1ccc(O)cc1)C(=O)O)N[C@@H](CC(C)C)C(=O)O)N[C@@H](C(C)N[C@@H](C)C(=O)O)C(N[C@@H](CC(=O)O)C(=O)O)N[C@@H](CC(C)C)C(=O)O)C(N[C@@H](CC(N[C@@H](CC(C)C)C(=O)O)N[C@H](C(=O)O)C(C)O)C(N[C@@H](CCC(N)=O)C(=O)O)N[C@@H](CCC(=O)O)C(=O)O)N[C@@H](CCC(N)N[C@@H](CC(N[C@@H](CCCNC(=N)N)C(=O)O)N[C@@H](CCC(N)=O)C(=O)O)C(N[C@@H](CCCNC(=N)N)C(=O)O)N[C@@H](CC(C)C)C(=O)O)C(N[C@@H](CC(C)C)C(O)N[C@@H](CCCCN)C(=O)O)N[C@@H](CCSC)C(N[C@@H](CCC(=O)O)C(=O)O)N[C@@H](CC(C)C)C(=O)O,0,train,42
189,CC(C)C[C@H](NC(N[C@@H](C)C(=O)O)[C@H](C)NC(CC[C@H](N)C(NCC(N[C@@H](CCCNC(=N)N)C(=O)O)N[C@H](C(=O)O)C(C)C)N[C@@H](CC(C)C)C(=O)O)N[C@@H](C)C(N[C@@H](Cc1ccccc1)C(=O)O)N1CCC[C@H]1C(=O)O)C(=O)O,0,train,42
190,CCC(C)[C@H](NC([C@H](Cc1ccccc1)NC(N[C@@H](Cc1ccc(N[C@@H](CCCNC(=N)N)C(O)NCC(=O)O)cc1)C(N[C@@H](CS)C(=O)O)N[C@@H](CC(N)=O)C(=O)O)[C@@H](N)CS)N1CCC[C@H]1C(=O)O)C(=O)O,0,train,42
191,CCC(C)[C@H](NC(NCC(N[C@@H](Cc1cnc[nH]1)C(=O)O)N[C@@H](CC(C)C)C(=O)O)[C@H](CCC(NCC(N[C@@H](CC(N)=O)C(=O)O)N[C@@H](Cc1cnc[nH]1)C(=O)O)N[C@@H](C)C(N[C@@H](C)C(=O)O)N[C@@H](Cc1c[nH]c2ccccc12)C(=O)O)NC[C@H](N)C(N[C@H](C(NCC(=O)O)N[C@@H](CCCNC(=N)N)C(=O)O)C(C)N1CCC[C@H]1C(=O)O)N[C@@H](CC(N)N[C@@H](CCCCN)C(O)N[C@@H](CCSC)C(=O)O)C(N[C@@H](Cc1ccccc1)C(=O)O)N[C@H](C(=O)O)C(C)C)C(NCC(=O)O)N[C@H](C(=O)O)C(C)C,0,train,42
192,CSCC[C@H](NC(N[C@@H](CO)C(=O)O)[C@H](CCCCN)NC(N[C@@H](CCC(N[C@@H](Cc1c[nH]c2ccccc12)C(=O)O)N[C@H](C(=O)O)C(C)C)C(=O)O)[C@@H](N)Cc1c[nH]c2ccccc12)C(=O)O,0,train,42
193,CC(C)C[C@H](NC(C[C@H](NC[C@H](N)C(N[C@@H](Cc1ccc(N[C@H](C(=O)O)C(C)O)cc1)C(=O)O)N[C@@H](CC(C)C)C(=O)O)C(N[C@@H](C)C(=O)O)N[C@@H](CCCNC(=N)N)C(=O)O)N[C@@H](CCC(N)=O)C(=O)O)C(=O)O,0,train,42
194,CC(C)C[C@H](NC(O)[C@H](Cc1ccccc1)NC(N[C@@H](CCCNC(=N)N)C(=O)O)[C@@H](NC([C@@H](N)CC(C)C)N1CCC[C@H]1C(N[C@@H](CCCNC(=N)N)C(=O)O)N1CCC[C@H]1C(=O)O)C(C)C)C(=O)O,0,train,42
195,CCC(C)[C@H](NC(N[C@@H](C(C)CC)C(N[C@@H](C)C(N[C@@H](CO)C(=O)O)N[C@@H](CCCCN)C(=O)O)N[C@@H](CC(N)N[C@@H](CCCCN)C(=O)O)C(O)N[C@@H](CS)C(=O)O)[C@H](CC(C)C)NC([C@@H](N)Cc1ccccc1)N1CCC[C@H]1C(N[C@@H](C)C(N[C@@H](Cc1ccccc1)C(=O)O)N[C@H](C(=O)O)C(C)C)N[C@@H](CN[C@@H](CO)C(=O)O)C(N[C@@H](CCCCN)C(=O)O)N[C@H](C(=O)O)C(C)CC)C(N[C@@H](C(C)C)C(N[C@@H](CS)C(=O)O)N[C@@H](Cc1ccccc1)C(=O)O)N[C@@H](C)C(N[C@@H](C)C(=O)O)N[C@H](C(=O)O)C(C)CC,0,train,42
196,CC(C)C[C@H](NC(C[C@H](NC(CN)N1CCC[C@H]1C(N[C@@H](CO)C(=O)O)N[C@@H](CO)C(=O)O)C(N[C@@H](CCCNC(=N)N)C(=O)O)N[C@@H](CC(C)C)C(=O)O)N[C@@H](Cc1ccccc1)C(=O)O)C(=O)O,0,train,42
197,CC(O)[C@H](NC(C[C@H](NC(N[C@@H](C)C(O)N[C@@H](Cc1ccccc1)C(=O)O)[C@@H](N)Cc1ccccc1)C(NCC(=O)O)N[C@H](C(=O)O)C(C)O)N[C@@H](Cc1ccccc1)C(=O)O)C(=O)O,0,train,42
198,CCC(C)[C@H](NC(N[C@@H](CCCNC(=N)N)C(N[C@@H](CO)C(=O)O)N[C@@H](CC(=O)O)C(=O)O)[C@H](CCCNC(=N)N)NC(CC[C@H](N)C(N[C@@H](CS)C(N[C@@H](CS)C(N[C@@H](C)C(=O)O)N[C@@H](Cc1cnc[nH]1)C(=O)O)N[C@@H](CCC(N)N[C@H](C(=O)O)C(C)CC)C(N[C@@H](CS)C(=O)O)N[C@@H](CCSC)C(=O)O)N1CCC[C@H]1C(N[C@@H](CCC(N)N[C@@H](CS)C(=O)O)C(O)NCC(=O)O)N[C@@H](CCCCN)C(NCC(=O)O)N[C@@H](Cc1ccccc1)C(=O)O)NCC(N[C@@H](CCCCN)C(N[C@@H](CS)C(=O)O)N[C@@H](CCC(=O)O)C(=O)O)N[C@@H](CC(C)C)C(NCC(=O)O)N1CCC[C@H]1C(=O)O)C(N[C@@H](CS)C(=O)O)N[C@@H](CC(=O)O)C(=O)O,0,train,42
199,CCC(C)[C@H](NC(N[C@@H](CCC(=O)O)C(=O)O)[C@H](Cc1ccc(N[C@@H](CCC(N)=O)C(=O)O)cc1)NC[C@H](NC(N[C@H](C(N[C@@H](C)C(=O)O)N[C@@H](CC(N)N[C@@H](CC(N)=O)C(=O)O)C(=O)O)C(C)N1CCC[C@H]1C(N[C@@H](CO)C(=O)O)N[C@@H](CS)C(=O)O)[C@H](CC(C)C)NC(N)CC[C@H](N)C(N[C@@H](CC(N)NCC(N[C@@H](CC(=O)O)C(=O)O)N1CCC[C@H]1C(=O)O)C(NCC(N[C@@H](Cc1ccccc1)C(=O)O)N[C@@H](CC(C)C)C(=O)O)N[C@@H](Cc1c[nH]c2ccccc12)C(N[C@@H](C)C(=O)O)N[C@@H](CCSC)C(=O)O)N[C@@H](Cc1ccccc1)C(N[C@@H](CCCNC(=N)N)C(N[C@@H](CCCCN)C(=O)O)N[C@H](C(=O)O)C(C)O)N[C@@H](CCCNC(=N)N)C(N[C@@H](CC(C)C)C(=O)O)N[C@H](C(=O)O)C(C)CC)C(N[C@@H](C)C(N[C@@H](C)C(=O)O)N[C@@H](CCCNC(=N)N)C(=O)O)N[C@@H](CC(N[C@@H](CCCCN)C(=O)O)N[C@@H](CC(C)C)C(=O)O)C(NCC(=O)O)N[C@@H](CO)C(=O)O)C(=O)O,0,train,42
200,CCC(C)[C@H](NC(CNC(N[C@@H](CCC(N[C@@H](CS)C(=O)O)N[C@H](C(=O)O)C(C)CC)C(NCC(=O)O)N[C@@H](CO)C(=O)O)[C@@H](NC(CN)N1CCC[C@H]1C(N[C@@H](CS)C(N[C@@H](CO)C(=O)O)N[C@@H](CS)C(=O)O)N[C@@H](CN[C@H](C(=O)O)C(C)C)C(NCC(=O)O)N[C@H](C(=O)O)C(C)CC)C(C)N[C@@H](CS)C(N[C@@H](C(C)C)C(N[C@@H](CS)C(=O)O)N[C@H](C(=O)O)C(C)O)N[C@@H](Cc1ccc(N[C@@H](CC(=O)O)C(=O)O)cc1)C(N[C@@H](CCCCN)C(=O)O)N[C@H](C(=O)O)C(C)C)N1CCC[C@H]1C(N[C@@H](CC(N)=O)C(=O)O)N[C@@H](CC(C)C)C(=O)O)C(N[C@@H](CS)C(=O)O)N[C@@H](Cc1ccc(O)cc1)C(=O)O,0,train,42
201,CC(C)C[C@H](NC(N)C[C@H](NC([C@H](CC(C)C)NC(CN)N[C@@H](C(C)C)C(N[C@@H](CC(C)C)C(=O)O)N[C@@H](CC(C)C)C(=O)O)N1CCC[C@H]1C(N[C@@H](CC(N)=O)C(=O)O)N[C@@H](CC(N)=O)C(=O)O)C(NCC(=O)O)N[C@@H](CC(C)C)C(=O)O)C(=O)O,0,train,42
202,CCC(C)[C@H](NC(N[C@@H](CCC(N)=O)C(=O)O)[C@H](CC(C)C)NC(N[C@@H](Cc1ccccc1)C(O)N[C@@H](CCC(N)=O)C(=O)O)[C@H](CN[C@@H](CN[C@@H](CC(C)C)C(=O)O)C(N[C@@H](CO)C(=O)O)N1CCC[C@H]1C(=O)O)NC(N[C@@H](CC(C)C)C(N[C@@H](CCCCN)C(=O)O)N[C@@H](Cc1ccccc1)C(=O)O)[C@H](CC(C)C)NC(CN)NCC(NCC(N[C@@H](CCCCN)C(=O)O)N[C@@H](CC(C)C)C(=O)O)N[C@@H](CC(C)C)C(N[C@H](C(=O)O)C(C)CC)N1CCC[C@H]1C(=O)O)C(=O)O,0,train,42
203,CCC(C)[C@H](NC(N[C@@H](CCCCN)C(=O)O)[C@@H](N)CC(N[C@@H](CCC(N[C@@H](CC(C)C)C(=O)O)N[C@H](C(=O)O)C(C)C)C(O)N[C@@H](CC(=O)O)C(=O)O)N[C@H](C(=O)O)C(C)C)C(=O)O,0,train,42
204,CSCC[C@H](NC(N[C@@H](Cc1ccccc1)C(=O)O)[C@@H]1CCCN1C(N[C@@H](CN[C@@H](CCCNC(=N)N)C(=O)O)C(O)N[C@@H](Cc1ccccc1)C(=O)O)[C@@H](N)CN1CCC[C@H]1C(N[C@@H](CCC(N)=O)C(=O)O)N[C@@H](CC(=O)O)C(=O)O)C(=O)O,0,train,42
205,CC(C)C[C@H](NC(N[C@@H](CO)C(=O)O)[C@H](CC(N)N1CCC[C@H]1C(=O)O)NC[C@H](N)C(N[C@@H](CN[C@@H](CCCNC(=N)N)C(=O)O)C(O)N[C@@H](Cc1ccccc1)C(=O)O)N[C@@H](CCCNC(=N)N)C(N[C@@H](CCCNC(=N)N)C(=O)O)N[C@@H](CC(C)C)C(=O)O)C(=O)O,0,train,42
206,CC(C)C[C@H](NC(N[C@@H](Cc1ccccc1)C(=O)O)[C@H](CN[C@@H](CCC(=O)O)C(=O)O)NC(C[C@H](NC(NCC(NCC(=O)O)NCC(=O)O)[C@H](C)N)C(N[C@@H](C)C(O)N[C@@H](CCCNC(=N)N)C(=O)O)N1CCC[C@H]1C(NCC(=O)O)N[C@H](C(=O)O)C(C)C)N[C@@H](CC(N[C@@H](C)C(=O)O)N[C@@H](CCC(=O)O)C(=O)O)C(NCC(=O)O)NCC(=O)O)C(=O)O,0,train,42
207,CCC(C)[C@H](NC(N[C@@H](CCCNC(=N)N)C(=O)O)[C@@H](NC(N[C@@H](Cc1ccccc1)C(N[C@@H](CCSC)C(=O)O)N[C@@H](CCC(=O)O)C(=O)O)[C@@H](NC(N[C@@H](C(C)C)C(N[C@@H](C)C(N[C@@H](CO)C(=O)O)N[C@@H](CCCNC(=N)N)C(=O)O)N[C@@H](CC(C)C)C(N[C@H](C(=O)O)C(C)CC)N[C@H](C(=O)O)C(C)CC)[C@H](CCCCN)NC(N[C@@H](CC(N)N[C@@H](CCCCN)C(N[C@@H](CCCCN)C(N[C@@H](CC(=O)O)C(=O)O)N[C@@H](CC(C)C)C(=O)O)N[C@@H](CCC(N[C@@H](Cc1ccccc1)C(=O)O)N[C@@H](CC(C)C)C(=O)O)C(N[C@@H](Cc1ccccc1)C(=O)O)N[C@@H](CC(C)C)C(=O)O)C(N[C@@H](CC(C)C)C(N[C@@H](CC(O)N[C@@H](CCCCN)C(=O)O)C(=O)O)N[C@@H](CCCCN)C(N[C@@H](CCCCN)C(=O)O)N[C@@H](CCCNC(=N)N)C(=O)O)N[C@@H](CCC(N[C@@H](CCC(N)=O)C(=O)O)N[C@@H](CC(C)C)C(=O)O)C(N[C@@H](CCCCN)C(=O)O)N[C@H](C(=O)O)C(C)CC)[C@@H](N)CCSC)C(C)N[C@@H](CCC(N)N[C@@H](CCCCN)C(=O)O)C(NCC(=O)O)NCC(=O)O)C(C)C)C(=O)O,0,train,42
208,CCC(C)[C@H](NC(N[C@@H](CCCNC(=N)N)C(=O)O)[C@H](CCCCN)NC([C@@H](N)CNCC(N[C@@H](Cc1ccccc1)C(=O)O)N[C@H](C(=O)O)C(C)O)N1CCC[C@H]1C(O)N[C@@H](Cc1ccccc1)C(=O)O)C(=O)O,0,train,42
209,CCC(C)[C@H](NC(CN)N[C@@H](C)C(N[C@@H](CC(N)=O)C(=O)O)N[C@@H](CC(C)C)C(=O)O)C(N[C@@H](Cc1ccccc1)C(N[C@@H](C)C(=O)O)N[C@@H](CCCCN)C(=O)O)N[C@@H](CCC(N[C@@H](Cc1ccc(O)cc1)C(=O)O)N[C@H](C(=O)O)C(C)CC)C(N[C@@H](CO)C(=O)O)N[C@@H](CCCCN)C(=O)O,0,train,42
210,CC(C)C[C@H](NC(N)CC[C@H](N)C(N[C@@H](C(C)N[C@@H](CC(N)=O)C(=O)O)C(NCC(=O)O)N[C@@H](Cc1c[nH]c2ccccc12)C(=O)O)N[C@@H](Cc1ccccc1)C(O)N[C@H](C(=O)O)C(C)O)C(N[C@H](C(=O)O)C(C)O)N1CCC[C@H]1C(=O)O,0,train,42
211,CC(C)C[C@H](NC(N)CC[C@H](N)C(N[C@@H](C(C)NCC(=O)O)C(NCC(=O)O)N[C@@H](Cc1c[nH]c2ccccc12)C(=O)O)N[C@@H](Cc1ccccc1)C(O)N[C@@H](CC(N)=O)C(=O)O)C(N[C@@H](CO)C(=O)O)N[C@@H](CO)C(=O)O,0,test,42
212,CC(C)C[C@H](NC(N[C@@H](CCCCN)C(=O)O)[C@H](CC(C)C)NC(NCC(N[C@@H](CO)C(=O)O)N[C@@H](CS)C(=O)O)[C@H](C)NC(NCC(N[C@@H](C)C(N[C@@H](CCC(N[C@@H](CO)C(=O)O)N[C@@H](CS)C(=O)O)C(=O)O)N[C@@H](CC(C)C)C(N[C@@H](CO)C(=O)O)N[C@@H](CCCCN)C(=O)O)N[C@@H](CCCCN)C(N[C@@H](C)C(=O)O)N[C@H](C(=O)O)C(C)C)[C@@H](N)CCCCN)C(=O)O,0,val,42
213,CCC(C)[C@H](NC(C[C@H](NC(N[C@@H](C(C)C)C(O)N[C@@H](CC(=O)O)C(=O)O)[C@H](CC(C)C)NC(N[C@@H](C)C(N[C@@H](CCC(=O)O)C(=O)O)N[C@@H](Cc1ccccc1)C(=O)O)[C@@H](N)CCSC)C(NCC(=O)O)N[C@@H](CCSC)C(=O)O)N[C@@H](CCCCN)C(=O)O)C(=O)O,0,train,42
214,CCC(C)[C@H](NC(N[C@@H](Cc1ccc(N[C@@H](CCC(N)NCC(=O)O)C(=O)O)cc1)C(N[C@@H](CO)C(=O)O)N[C@@H](CS)C(=O)O)[C@@H](N)CS)C(N[C@H](C(=O)O)C(C)CC)N1CCC[C@H]1C(=O)O,0,train,42
215,CC(C)[C@H](NC(O)[C@@H]1CCCN1C(CC[C@H](N)C(N[C@@H](Cc1c[nH]c2ccccc12)C(=O)O)N1CCC[C@H]1C(=O)O)N1CCC[C@H]1C(N[C@H](C(=O)O)C(C)C)N1CCC[C@H]1C(=O)O)C(=O)O,0,train,42
216,CCC(C)[C@H](NC(N[C@@H](CCCCN)C(N[C@@H](C)C(=O)O)N[C@@H](CCCCN)C(=O)O)[C@H](Cc1c[nH]c2ccccc12)NC(CN)N[C@@H](CC(C)C)C(N[C@@H](CN[C@@H](CC(NCC(=O)O)N[C@@H](C)C(=O)O)C(N[C@@H](C)C(=O)O)N[C@@H](CCCCN)C(=O)O)C(NCC(NCC(=O)O)N[C@@H](C)C(=O)O)N[C@@H](C)C(N[C@@H](C)C(=O)O)N[C@@H](CC(C)C)C(=O)O)N[C@@H](CCCCN)C(N[C@@H](C)C(N[C@@H](C)C(=O)O)N[C@@H](CC(=O)O)C(=O)O)N[C@@H](CCCCN)C(N[C@H](C(=O)O)C(C)C)N[C@H](C(=O)O)C(C)O)C(N[C@@H](C(C)C)C(O)N[C@H](C(=O)O)C(C)C)N[C@@H](CC(C)C)C(=O)O,0,train,42
217,CC(C)C[C@H](NC[C@H](NC(N)C[C@H](N)C(N[C@@H](C(C)C)C(N[C@@H](CCCCN)C(=O)O)N[C@@H](CCC(N)=O)C(=O)O)N[C@@H](C(C)C)C(N[C@@H](CCCNC(=N)N)C(=O)O)N[C@@H](Cc1ccccc1)C(=O)O)C(NCC(NCC(=O)O)N[C@@H](Cc1c[nH]c2ccccc12)C(=O)O)N[C@@H](CCCCN)C(=O)O)C(N[C@@H](CO)C(=O)O)N[C@@H](Cc1cnc[nH]1)C(=O)O,0,test,42
218,CCC(C)[C@H](NC(N[C@@H](CC(C)C)C(N[C@@H](CCCNC(=N)N)C(=O)O)N1CCC[C@H]1C(=O)O)[C@@H](N)CCC(N)NCC(N[C@@H](CO)C(=O)O)N[C@@H](Cc1ccccc1)C(=O)O)C(O)N[C@H](C(=O)O)C(C)C,0,train,42
219,CSCC[C@H](NC[C@H](NC(N[C@@H](C)C(NCC(=O)O)N[C@@H](Cc1ccccc1)C(=O)O)[C@@H](N)CN1CCC[C@H]1C(NCC(=O)O)N[C@@H](Cc1ccccc1)C(=O)O)C(O)N[C@@H](CCCNC(=N)N)C(=O)O)C(=O)O,0,train,42
220,CCC(C)[C@H](NC(CC[C@H](NC(N[C@@H](CO)C(=O)O)[C@H](C)NC([C@@H]1CCCN1)N1CCC[C@H]1C(NCC(=O)O)N[C@@H](Cc1ccccc1)C(=O)O)C(N[C@@H](CC(=O)O)C(=O)O)N1CCC[C@H]1C(=O)O)N[C@@H](CCCNC(=N)N)C(=O)O)C(=O)O,0,train,42
221,CC(C)C[C@H](NC(N)CC[C@H](NC(N)C[C@H](N)C(NCC(=O)O)N[C@@H](CCC(NCC(=O)O)N[C@@H](CCCNC(=N)N)C(=O)O)C(=O)O)C(NCC(=O)O)N[C@@H](Cc1ccccc1)C(=O)O)C(=O)O,0,test,42
222,CC(C)C[C@H](NC(CNC(C[C@H](N)C(N[C@@H](C(C)N[C@@H](CCCNC(=N)N)C(=O)O)C(O)N[C@@H](Cc1ccccc1)C(=O)O)N1CCC[C@H]1C(=O)O)N[C@@H](CCCNC(=N)N)C(N[C@@H](CCCNC(=N)N)C(=O)O)N[C@@H](CC(C)C)C(=O)O)N[C@@H](C)C(=O)O)C(=O)O,0,test,42
223,CCC(C)[C@H](NC(N[C@@H](CC(C)C)C(=O)O)[C@H](CNCC(N[C@@H](CCCNC(=N)N)C(=O)O)N[C@H](C(=O)O)C(C)O)NC(CN)N[C@@H](CN[C@@H](CO)C(=O)O)C(N[C@@H](Cc1ccccc1)C(=O)O)N1CCC[C@H]1C(=O)O)C(=O)O,0,train,42
224,CCC(C)[C@H](NC(NCC(=O)O)[C@@H]1CCCN1C([C@@H](N)C(C)C)N1CCC[C@H]1C(N[C@@H](Cc1ccccc1)C(=O)O)N[C@@H](Cc1c[nH]c2ccccc12)C(=O)O)C(=O)O,0,train,42
225,CCC(C)[C@H](NC(N[C@@H](C)C(=O)O)[C@H](CN[C@@H](CC(C)C)C(=O)O)NC(CN)NCC(NCC(O)N[C@@H](CC(C)C)C(=O)O)N[C@@H](CN[C@@H](Cc1ccccc1)C(=O)O)C(N[C@@H](CCCNC(=N)N)C(=O)O)N1CCC[C@H]1C(=O)O)C(=O)O,0,train,42
226,CC(C)C[C@H](NC(NCC(=O)O)[C@H](CCC(N[C@@H](CCC(N)N[C@@H](CCCNC(=N)N)C(=O)O)C(NCC(=O)O)N[C@@H](CC(C)C)C(=O)O)N1CCC[C@H]1C(N[C@@H](CCCNC(=N)N)C(=O)O)N1CCC[C@H]1C(=O)O)NC(N[C@@H](CC(C)C)C(N[C@@H](Cc1c[nH]c2ccccc12)C(=O)O)N[C@H](C(=O)O)C(C)C)[C@H](C)N)C(=O)O,0,train,42
227,CCC(C)[C@H](NC(N[C@@H](Cc1ccccc1)C(=O)O)[C@H](CC(C)C)NC(N[C@@H](CC(N[C@@H](C)C(=O)O)N[C@@H](CCCCN)C(=O)O)C(N[C@@H](CC(=O)O)C(=O)O)N[C@H](C(=O)O)C(C)C)[C@H](Cc1ccccc1)NC(CN)N[C@@H](C)C(NCC(N[C@@H](CCCNC(=N)N)C(=O)O)N[C@H](C(=O)O)C(C)C)N[C@@H](Cc1ccccc1)C(N[C@@H](CO)C(=O)O)N[C@@H](CCCCN)C(=O)O)C(=O)O,0,train,42
228,CCC(C)[C@H](NC(N[C@@H](Cc1ccccc1)C(N[C@@H](C(C)N[C@@H](CCCNC(=N)N)C(=O)O)C(N[C@@H](CCCNC(=N)N)C(=O)O)N1CCC[C@H]1C(=O)O)N[C@@H](Cc1ccc(N[C@H](C(=O)O)C(C)C)cc1)C(N[C@@H](CCSC)C(=O)O)N[C@H](C(=O)O)C(C)CC)[C@@H](N)CCC(N)N[C@@H](CCCNC(=N)N)C(N[C@@H](Cc1cnc[nH]1)C(N1CCC[C@H]1C(=O)O)N1CCC[C@H]1C(=O)O)N1CCC[C@H]1C(N[C@@H](CCC(N)=O)C(=O)O)N1CCC[C@H]1C(=O)O)C(N[C@@H](CCCNC(=N)N)C(N[C@@H](C)C(=O)O)N[C@@H](CCCNC(=N)N)C(=O)O)N1CCC[C@H]1C(=O)O,0,train,42
229,CC(C)C[C@H](Nc1ccc(C[C@H](NC(CNC([C@H](C)N)N2CCC[C@H]2C(NCC(=O)O)N[C@@H](Cc2ccccc2)C(=O)O)N[C@@H](C)C(=O)O)C(=O)O)cc1)C(=O)O,0,train,42
230,CC(C)C[C@H](NC(C)[C@H](NC(C[C@H](N)C(N[C@@H](C)C(=O)O)N1CCC[C@H]1C(=O)O)N[C@@H](CCCNC(=N)N)C(N[C@@H](CCCNC(=N)N)C(=O)O)N[C@@H](CC(C)C)C(=O)O)C(N[C@@H](CCCNC(=N)N)C(=O)O)N[C@@H](Cc1ccccc1)C(=O)O)C(=O)O,0,train,42
231,CSCC[C@H](NC(N[C@@H](CCC(N)=O)C(=O)O)[C@H](Cc1ccccc1)NC[C@H](NC(N[C@@H](CC(N)N[C@@H](CCC(N[C@@H](CCCCN)C(=O)O)N[C@@H](CC(C)C)C(=O)O)C(N[C@@H](CCCCN)C(=O)O)N[C@H](C(=O)O)C(C)O)C(N[C@@H](C(C)C)C(NCC(=O)O)N[C@@H](Cc1ccccc1)C(=O)O)N[C@@H](Cc1cnc[nH]1)C(NCC(=O)O)N[C@H](C(=O)O)C(C)C)[C@@H](N)CCSC)C(N[C@@H](Cc1cnc[nH]1)C(N[C@@H](Cc1ccccc1)C(=O)O)N[C@@H](Cc1ccc(O)cc1)C(=O)O)N[C@@H](CC(N)N[C@@H](CCCNC(=N)N)C(=O)O)C(N[C@@H](CC(N)=O)C(=O)O)N[C@@H](CC(N)=O)C(=O)O)C(N[C@@H](CCCNC(=N)N)C(=O)O)N[C@@H](CCC(N)=O)C(=O)O,0,train,42
232,CCC(C)[C@H](NC(CNC(N[C@@H](CCSC)C(NCC(N[C@@H](C)C(N[C@@H](C)C(=O)O)N[C@@H](CS)C(=O)O)N[C@@H](C)C(N[C@@H](C)C(=O)O)N[C@@H](Cc1ccc(O)cc1)C(=O)O)N[C@@H](CC(C)C)C(N[C@@H](C(C)N[C@H](C(=O)O)C(C)CC)C(N[C@@H](CCCCN)C(=O)O)N[C@H](C(=O)O)C(C)O)N[C@@H](CCCCN)C(N[C@@H](CS)C(=O)O)N[C@@H](CCCCN)C(=O)O)[C@@H](N)Cc1ccccc1)N[C@@H](CCCCN)C(N[C@@H](C)C(=O)O)N1CCC[C@H]1C(=O)O)C(N[C@H](C(=O)O)C(C)C)N[C@H](C(=O)O)C(C)CC,0,train,42
233,CC(C)C[C@H](NC(N[C@@H](Cc1c[nH]c2ccccc12)C(=O)O)[C@H](CCC(N)N1CCC[C@H]1C(=O)O)NC(C[C@H](N)C(N[C@@H](CCCCN)C(=O)O)N[C@@H](CCC(N[C@@H](Cc1ccccc1)C(=O)O)N1CCC[C@H]1C(=O)O)C(O)N[C@H](C(=O)O)C(C)C)N[C@@H](C)C(N[C@@H](CCCNC(=N)N)C(=O)O)N[C@@H](CCC(N)=O)C(=O)O)C(=O)O,0,test,42
234,CCC(C)[C@H](NC(N[C@@H](CS)C(N[C@H](C(=O)O)C(C)CC)N1CCC[C@H]1C(=O)O)[C@@H](N)CCCNC(=N)N)C(N[C@@H](C(C)N[C@@H](CC(C)C)C(=O)O)C(N[C@@H](CCSC)C(=O)O)N1CCC[C@H]1C(=O)O)N[C@@H](C)C(N[C@@H](CS)C(=O)O)N[C@@H](CC(C)C)C(=O)O,0,train,42
235,CCC(C)[C@H](NC(CN)N[C@@H](CC(C)C)C(N[C@@H](C)C(N[C@@H](CCCNC(=N)N)C(=O)O)N[C@@H](CC(N)=O)C(=O)O)N[C@@H](CCCCN)C(N[C@@H](C)C(=O)O)N[C@@H](CC(C)C)C(=O)O)C(N[C@@H](CC(N[C@@H](C(C)NCC(=O)O)C(O)N[C@H](C(=O)O)C(C)CC)N[C@H](C(=O)O)C(C)C)C(NCC(=O)O)N[C@H](C(=O)O)C(C)C)N[C@@H](Cc1ccccc1)C(NCC(=O)O)N[C@H](C(=O)O)C(C)CC,0,train,42
236,CC(N[C@@H](Cc1cnc[nH]1)C(=O)O)[C@H](NC(CC[C@H](N)C(NCC(N[C@@H](CCCNC(=N)N)C(=O)O)N[C@H](C(=O)O)C(C)C)N[C@H](C(=O)O)C(C)O)N[C@@H](CC(N[C@@H](CCC(=O)O)C(=O)O)N[C@@H](Cc1ccccc1)C(=O)O)C(NCC(=O)O)N[C@@H](CCC(=O)O)C(=O)O)C(NCC(=O)O)NCC(=O)O,0,train,42
237,CC(C)C[C@H](NC(CC[C@H](NC(N[C@@H](CCC(O)NCC(=O)O)C(=O)O)[C@@H](N)CN[C@@H](CCC(N[C@@H](CCCCN)C(=O)O)N[C@@H](CCCNC(=N)N)C(=O)O)C(N[C@@H](CCC(N)=O)C(=O)O)N1CCC[C@H]1C(=O)O)C(N[C@@H](Cc1ccccc1)C(=O)O)N1CCC[C@H]1C(=O)O)N[C@@H](Cc1c[nH]c2ccccc12)C(=O)O)C(=O)O,0,train,42
238,CC(C)C[C@H](NC(N[C@@H](CC(C)C)C(N[C@@H](Cc1ccccc1)C(=O)O)N[C@@H](CN[C@@H](CCCCN)C(=O)O)C(O)N[C@@H](CS)C(=O)O)[C@H](CC(C)C)NC([C@@H](N)Cc1ccccc1)N1CCC[C@H]1C(N[C@@H](C)C(N[C@@H](CCCCN)C(=O)O)N[C@H](C(=O)O)C(C)O)N[C@@H](C)C(N[C@H](C(=O)O)C(C)C)N[C@H](C(=O)O)C(C)O)C(N[C@@H](C)C(=O)O)N[C@@H](CS)C(=O)O,0,train,42
239,CC(C)C[C@H](N)C(N[C@@H](CCCNC(=N)N)C(N[C@@H](CCC(N)=O)C(=O)O)N[C@@H](CN[C@@H](CO)C(=O)O)C(O)N[C@@H](CCCNC(=N)N)C(=O)O)N[C@@H](CCC(N)N[C@@H](Cc1ccccc1)C(=O)O)C(NCC(=O)O)N[C@H](C(=O)O)C(C)C,0,test,42
240,CCC(C)[C@H](NC(NCC(=O)O)[C@H](CCCNC(=N)N)NC(N[C@@H](Cc1ccccc1)C(N[C@@H](CCCNC(=N)N)C(=O)O)N[C@@H](Cc1ccc(N[C@@H](CS)C(=O)O)cc1)C(O)N[C@@H](CCCNC(=N)N)C(=O)O)[C@H](Cc1c[nH]c2ccccc12)NC(N[C@@H](CS)C(N[C@@H](C(C)C)C(N[C@@H](CS)C(=O)O)N[C@@H](Cc1ccc(O)cc1)C(=O)O)N[C@@H](CS)C(N[C@@H](CCCNC(=N)N)C(=O)O)N[C@@H](CCCNC(=N)N)C(=O)O)[C@@H](N)CCCCN)C(=O)O,0,train,42
241,NCCCC[C@H](NC(N[C@@H](Cc1ccccc1)C(=O)O)[C@H](Cc1c[nH]c2ccccc12)NC(N[C@@H](CN1CCC[C@H]1C(=O)O)C(O)NCC(=O)O)[C@@H](N)CCC(N)N[C@@H](Cc1cnc[nH]1)C(N[C@@H](CC(=O)O)C(=O)O)N[C@@H](Cc1ccc(O)cc1)C(=O)O)C(=O)O,0,train,42
242,CC(C)C[C@H](NC(CN)N1CCC[C@H]1C(NCC(NCC(N[C@@H](CS)C(=O)O)N[C@H](C(=O)O)C(C)O)N[C@@H](C(C)N[C@@H](CCCNC(=N)N)C(=O)O)C(O)N[C@@H](CC(=O)O)C(=O)O)N[C@@H](CCC(N[C@@H](CS)C(=O)O)N[C@@H](CC(N)=O)C(=O)O)C(N[C@H](C(=O)O)C(C)O)N1CCC[C@H]1C(=O)O)C(N[C@@H](C(C)C)C(N[C@@H](CNCC(=O)O)C(N[C@@H](C)C(=O)O)N[C@@H](CS)C(=O)O)N[C@@H](CS)C(N[C@@H](CS)C(=O)O)N[C@@H](CC(=O)O)C(=O)O)N[C@@H](CS)C(NCC(N[C@H](C(=O)O)C(C)C)N1CCC[C@H]1C(=O)O)N[C@@H](Cc1ccccc1)C(N[C@@H](Cc1c[nH]c2ccccc12)C(=O)O)N1CCC[C@H]1C(=O)O,0,train,42
243,CSCC[C@H](NC(O)[C@H](CCC(N)N[C@@H](Cc1ccccc1)C(=O)O)NC([C@@H](N)CCC(N)N[C@@H](C(C)N[C@@H](Cc1c[nH]c2ccccc12)C(=O)O)C(N[C@@H](C)C(=O)O)N[C@H](C(=O)O)C(C)O)N1CCC[C@H]1C(NCC(=O)O)N[C@@H](Cc1cnc[nH]1)C(=O)O)C(=O)O,0,train,42
244,CCC(C)[C@H](NC(N[C@@H](CC(C)C)C(N[C@@H](Cc1cnc[nH]1)C(=O)O)N[C@H](C(=O)O)C(C)CC)[C@@H](NC(N[C@@H](CCCCN)C(N[C@@H](C)C(N[C@@H](CCC(N)=O)C(=O)O)N[C@H](C(=O)O)C(C)C)N[C@@H](Cc1ccccc1)C(NCC(=O)O)N[C@H](C(=O)O)C(C)O)[C@H](CC(N)N[C@@H](CC(C)C)C(N[C@@H](Cc1ccccc1)C(N[C@@H](C(C)N[C@@H](CCCNC(=N)N)C(=O)O)C(N[C@@H](CO)C(=O)O)N[C@@H](CCC(N)=O)C(=O)O)N[C@@H](C)C(N[C@@H](Cc1ccc(O)cc1)C(=O)O)N[C@H](C(=O)O)C(C)CC)N[C@@H](Cc1ccccc1)C(N[C@@H](C)C(=O)O)N[C@@H](CCC(N[C@@H](CCCCN)C(=O)O)N[C@@H](CCCNC(=N)N)C(=O)O)C(O)N[C@@H](CC(N)=O)C(=O)O)NC(N[C@@H](CS)C(NCC(N[C@@H](C)C(N[C@@H](CC(=O)O)C(=O)O)N[C@H](C(=O)O)C(C)O)N[C@@H](CC(C)C)C(N[C@@H](CCC(N)=O)C(=O)O)N[C@H](C(=O)O)C(C)CC)N[C@@H](CS)C(N[C@@H](C)C(NCC(=O)O)N[C@@H](Cc1cnc[nH]1)C(=O)O)N[C@@H](C)C(N[C@@H](CC(C)C)C(=O)O)N[C@H](C(=O)O)C(C)O)[C@@H](N)CCSC)C(C)CC)C(NCC(=O)O)N[C@@H](C)C(=O)O,0,train,42
245,CC(C)C[C@H](NC(N[C@@H](CC(=O)O)C(=O)O)[C@H](Cc1ccc(N[C@@H](CCCNC(=N)N)C(=O)O)cc1)NC(N[C@@H](CC(N[C@@H](C)C(=O)O)N[C@@H](CCCNC(=N)N)C(=O)O)C(N[C@@H](CCCCN)C(=O)O)N[C@@H](CC(C)C)C(=O)O)[C@@H]1CCCN1C(N)CC[C@H](N)C(N[C@@H](CN[C@@H](CC(N[C@@H](C)C(=O)O)N[C@@H](CCCNC(=N)N)C(=O)O)C(=O)O)C(N[C@@H](CCC(=O)O)C(=O)O)N[C@@H](CCC(=O)O)C(=O)O)N[C@@H](Cc1ccc(N[C@@H](CCC(=O)O)C(=O)O)cc1)C(N[C@@H](CC(=O)O)C(=O)O)N[C@@H](CC(=O)O)C(=O)O)C(=O)O,0,test,42
246,NC(CC[C@H](N)C(N[C@@H](CNCC(=O)O)C(=O)O)N[C@@H](Cc1ccccc1)C(=O)O)N[C@@H](CN[C@@H](Cc1cnc[nH]1)C(=O)O)C(N[C@@H](CO)C(=O)O)N[C@@H](Cc1c[nH]c2ccccc12)C(=O)O,0,train,42
247,CCC(C)[C@H](NC(N)CC[C@H](NC(N[C@@H](CC(=O)O)C(=O)O)[C@@H](N)CN[C@@H](C(C)C)C(N[C@@H](CC(N)=O)C(=O)O)N[C@@H](Cc1ccccc1)C(=O)O)C(N[C@@H](CCCNC(=N)N)C(=O)O)N[C@@H](Cc1ccccc1)C(=O)O)C(=O)O,0,train,42
248,CC(C)C[C@H](NC(C[C@H](NC(N[C@@H](Cc1ccc(N[C@@H](CCCNC(=N)N)C(=O)O)cc1)C(O)N[C@@H](C)C(=O)O)[C@H](C)N)C(N[C@@H](C)C(=O)O)N[C@@H](CC(C)C)C(=O)O)N[C@@H](CCC(N)=O)C(=O)O)C(=O)O,0,test,42
249,CSCC[C@H](NC(N[C@@H](CC(N[C@@H](Cc1ccc(O)cc1)C(=O)O)N[C@H](C(=O)O)C(C)C)C(N[C@@H](C)C(=O)O)N[C@@H](Cc1ccccc1)C(=O)O)[C@@H](N)CCC(N[C@@H](Cc1ccc(N[C@@H](Cc2ccc(O)cc2)C(=O)O)cc1)C(N[C@@H](CCC(=O)O)C(=O)O)N[C@H](C(=O)O)C(C)O)N[C@@H](CC(N[C@@H](CCCCN)C(=O)O)N[C@@H](CCCNC(=N)N)C(=O)O)C(N[C@@H](CCCCN)C(=O)O)N1CCC[C@H]1C(=O)O)C(NCC(=O)O)N[C@@H](CC(C)C)C(=O)O,0,train,42
250,CCC(C)[C@H](NC(N[C@@H](CC(C)C)C(=O)O)[C@H](CNCC(N[C@@H](CCCNC(=N)N)C(=O)O)N[C@H](C(=O)O)C(C)O)NC(CN)N[C@H](C(NCC(=O)O)N[C@@H](Cc1ccccc1)C(=O)O)C(C)N1CCC[C@H]1C(=O)O)C(=O)O,0,train,42
251,CC(C)C[C@H](NC(C[C@H](NC[C@H](N)C(N[C@@H](CC(N)=O)C(=O)O)N1CCC[C@H]1C(=O)O)C(N[C@@H](CCCNC(=N)N)C(=O)O)N[C@@H](Cc1ccccc1)C(=O)O)N[C@@H](Cc1ccccc1)C(=O)O)C(=O)O,0,val,42
252,CCC(C)[C@H](NC(N[C@@H](Cc1ccccc1)C(N[C@@H](C)C(N[C@@H](CO)C(=O)O)N[C@@H](CS)C(=O)O)N[C@@H](CC(C)C)C(N[C@H](C(=O)O)C(C)CC)N[C@H](C(=O)O)C(C)CC)[C@H](CC(C)C)NC([C@@H](N)Cc1ccccc1)N1CCC[C@H]1C(N[C@@H](C)C(N[C@@H](C(C)C)C(O)N[C@@H](CS)C(=O)O)N[C@@H](Cc1ccccc1)C(=O)O)N[C@@H](CCCNC(=N)N)C(N[C@@H](CO)C(=O)O)N1CCC[C@H]1C(=O)O)C(N[C@@H](C)C(N[C@H](C(=O)O)C(C)C)N[C@H](C(=O)O)C(C)O)N[C@@H](CCCCN)C(N[C@@H](CCCCN)C(=O)O)N[C@@H](CCCCN)C(=O)O,0,val,42
253,CCC(C)[C@H](NC(NCC(=O)O)[C@H](Cc1ccccc1)NC(CN)N[C@@H](CC(C)C)C(N[C@@H](C)C(NCC(=O)O)N[C@@H](CC(C)C)C(=O)O)N[C@@H](CC(N[C@@H](CC(N)=O)C(=O)O)N[C@@H](CC(C)C)C(=O)O)C(NCC(=O)O)N[C@@H](CC(C)C)C(=O)O)C(NCC(=O)O)N[C@@H](CC(C)C)C(=O)O,0,train,42
254,CCC(C)[C@H](NC(N[C@@H](CN[C@@H](CCCCN)C(=O)O)C(N[C@@H](CO)C(=O)O)N[C@@H](CCC(N)=O)C(=O)O)[C@H](C)NC(CN)N[C@@H](CC(C)C)C(NCC(N[C@@H](C(C)C)C(N[C@@H](CCCCN)C(=O)O)N[C@@H](CC(N)=O)C(=O)O)N[C@@H](CN[C@@H](CCC(N)=O)C(=O)O)C(N[C@@H](CC(C)C)C(=O)O)N[C@H](C(=O)O)C(C)CC)N[C@@H](C)C(N[C@@H](CC(N[C@@H](CCCCN)C(=O)O)N[C@@H](CCCCN)C(=O)O)C(NCC(=O)O)N[C@@H](CC(C)C)C(=O)O)N[C@@H](CC(C)C)C(N[C@@H](C)C(=O)O)N[C@@H](Cc1ccc(O)cc1)C(=O)O)C(N[C@@H](CC(C)C)C(O)N[C@@H](CCCNC(=N)N)C(=O)O)N[C@@H](CCCCN)C(N[C@@H](Cc1ccc(O)cc1)C(=O)O)N1CCC[C@H]1C(=O)O,0,train,42
255,CC(C)C[C@H](NC(N[C@@H](CCCNC(=N)N)C(=O)O)[C@H](C)NC([C@H](C)N)N1CCC[C@H]1C(N[C@@H](CCCNC(=N)N)C(=O)O)N[C@@H](CC(C)C)C(O)N[C@@H](Cc1ccccc1)C(=O)O)C(=O)O,0,train,42
256,CC(C)C[C@H](NC(N[C@@H](CCCNC(=N)N)C(=O)O)[C@H](CN[C@@H](Cc1ccc(O)cc1)C(=O)O)NC(N[C@@H](Cc1ccc(N[C@@H](CC(N)N[C@@H](Cc2ccccc2)C(=O)O)C(=O)O)cc1)C(N[C@@H](CC(N)=O)C(=O)O)N[C@@H](CC(C)C)C(=O)O)[C@H](C)N)C(=O)O,0,train,42
257,CCC(C)[C@H](NC(N[C@@H](CCSC)C(N[C@@H](CS)C(=O)O)N[C@@H](CCCNC(=N)N)C(=O)O)[C@H](CS)NC(N[C@@H](C(C)N1CCC[C@H]1C(=O)O)C(N[C@H](C(=O)O)C(C)CC)N1CCC[C@H]1C(=O)O)[C@@H](N)Cc1ccccc1)C(O)N[C@@H](Cc1ccc(O)cc1)C(=O)O,0,train,42
258,CCC(C)[C@H](NC([C@H](CC(C)C)NC(N[C@@H](CC(C)C)C(N1CCC[C@H]1C(=O)O)N1CCC[C@H]1C(=O)O)[C@@H](N)CCC(N)N[C@@H](C(C)N[C@@H](CCC(N)=O)C(=O)O)C(N[C@@H](CCC(=O)O)C(=O)O)N[C@@H](CC(C)C)C(=O)O)N1CCC[C@H]1C(=O)O)C(=O)O,0,train,42
259,C[C@H](NC(CNC(N[C@@H](C)C(NCC(NCC(=O)O)N[C@@H](CCC(=O)O)C(=O)O)N[C@@H](CC(=O)O)C(=O)O)[C@@H](N)Cc1c[nH]c2ccccc12)N[C@@H](CO)C(=O)O)C(=O)O,0,test,42
260,CCC(C)[C@H](NC(N[C@@H](CCCNC(=N)N)C(N[C@@H](C(C)NCC(=O)O)C(N[C@@H](CS)C(=O)O)N[C@@H](Cc1cnc[nH]1)C(=O)O)N[C@@H](CCCNC(=N)N)C(O)NCC(=O)O)[C@H](CN1CCC[C@H]1C(N[C@@H](CS)C(N[C@@H](C)C(=O)O)N[C@H](C(=O)O)C(C)C)N[C@@H](CCC(N[C@@H](CS)C(=O)O)N[C@@H](CCCCN)C(=O)O)C(N[C@@H](CS)C(=O)O)N[C@H](C(=O)O)C(C)CC)NC(N[C@@H](CS)C(N[C@@H](CCSC)C(N[C@@H](C)C(=O)O)N[C@@H](CCSC)C(=O)O)N[C@@H](Cc1c[nH]c2ccccc12)C(N[C@@H](CS)C(=O)O)N[C@@H](CC(=O)O)C(=O)O)[C@@H](N)CCCNC(=N)N)C(N[C@@H](CO)C(=O)O)N[C@@H](CC(=O)O)C(=O)O,0,train,42
261,CSCC[C@H](NC(N[C@@H](Cc1cnc[nH]1)C(N[C@@H](C)C(N[C@@H](CCCNC(=N)N)C(=O)O)N[C@@H](CCC(N)=O)C(=O)O)N[C@@H](CCCNC(=N)N)C(NCC(=O)O)N[C@@H](CO)C(=O)O)[C@H](CC(C)C)NC(N[C@@H](Cc1cnc[nH]1)C(N[C@@H](C(C)N[C@@H](CC(C)C)C(=O)O)C(N[C@@H](CC(C)C)C(=O)O)N[C@@H](CC(C)C)C(=O)O)N[C@@H](CN[C@@H](CCCNC(=N)N)C(=O)O)C(NCC(=O)O)N[C@@H](CCCNC(=N)N)C(=O)O)[C@@H](N)CCSC)C(N[C@@H](CC(C)C)C(=O)O)N[C@@H](CC(N)N[C@@H](CO)C(=O)O)C(=O)O,0,train,42
262,CC(C)C[C@H](NC(CC[C@H](NC(N[C@H](C(=O)O)C(C)O)[C@H](C)NC([C@@H]1CCCN1)N1CCC[C@H]1C(N[C@@H](CC(N)=O)C(=O)O)N[C@@H](Cc1ccc(O)cc1)C(=O)O)C(N[C@@H](CC(=O)O)C(=O)O)N1CCC[C@H]1C(=O)O)N[C@@H](CCCNC(=N)N)C(=O)O)C(=O)O,0,train,42
263,CCC(C)[C@H](NC[C@H](NC(N)C[C@H](N)C(N[C@@H](CCC(N[C@@H](CC(C)C)C(=O)O)N[C@H](C(=O)O)C(C)CC)C(NCC(=O)O)N[C@@H](CO)C(=O)O)N[C@@H](CC(C)C)C(N[C@H](C(=O)O)C(C)O)N1CCC[C@H]1C(=O)O)C(N[C@@H](C)C(=O)O)N[C@@H](CC(N)NCC(=O)O)C(N[C@@H](CCC(=O)O)C(=O)O)N[C@H](C(=O)O)C(C)C)C(N[C@@H](CCSC)C(=O)O)N[C@@H](CC(C)C)C(=O)O,0,test,42
264,CC(C)C[C@H](NC(N[C@@H](Cc1ccccc1)C(=O)O)[C@H](CC(N[C@@H](Cc1cnc[nH]1)C(=O)O)N[C@H](C(=O)O)C(C)C)NC(N)CC[C@H](N)C(N[C@@H](C(C)C)C(N[C@@H](CCCNC(=N)N)C(=O)O)N[C@@H](Cc1ccccc1)C(=O)O)N[C@@H](CC(=O)O)C(=O)O)C(=O)O,0,train,42
265,CC(N[C@@H](Cc1ccc(O)cc1)C(=O)O)[C@H](NC(N)CC[C@H](N)C(N[C@@H](Cc1ccccc1)C(NCC(=O)O)N[C@@H](Cc1c[nH]c2ccccc12)C(=O)O)N[C@@H](Cc1cnc[nH]1)C(N[C@@H](CC(N)=O)C(=O)O)N[C@H](C(=O)O)C(C)O)C(N[C@@H](CO)C(=O)O)N[C@@H](CCC(N)=O)C(=O)O,0,val,42
266,CC(C)C[C@H](NC(N[C@@H](C)C(O)N[C@@H](Cc1ccccc1)C(=O)O)[C@H](CCCCN)NC(CN)N[C@@H](Cc1ccccc1)C(N[C@@H](C(C)C)C(NCC(=O)O)N[C@@H](CCCNC(=N)N)C(=O)O)N[C@@H](CC(N)N[C@@H](CO)C(=O)O)C(N[C@@H](C)C(=O)O)N[C@H](C(=O)O)C(C)O)C(=O)O,0,train,42
267,CC(C)C[C@H](NC(C[C@H](NC(CN)N1CCC[C@H]1C(=O)O)C(N[C@@H](CCCNC(=N)N)C(=O)O)N[C@@H](Cc1ccccc1)C(=O)O)N[C@@H](Cc1ccccc1)C(=O)O)C(=O)O,0,val,42
268,CCC(C)[C@H](NC(N)C[C@H](NC(CNc1ccc(C[C@H](NC(N[C@@H](Cc2ccc(N[C@@H](C(C)C)C(N[C@@H](Cc3c[nH]c4ccccc34)C(=O)O)N[C@@H](CC(NCC(=O)O)N[C@@H](Cc3c[nH]c4ccccc34)C(=O)O)C(N[C@@H](CO)C(=O)O)N[C@@H](CCCCN)C(=O)O)cc2)C(N[C@@H](CNCC(=O)O)C(N[C@@H](C)C(=O)O)N[C@@H](CCCCN)C(=O)O)N[C@@H](CS)C(NCC(=O)O)N[C@H](C(=O)O)C(C)CC)[C@@H](N)CCCCN)C(NCC(N[C@@H](C(C)C)C(N[C@@H](C)C(=O)O)N[C@@H](C)C(=O)O)N[C@@H](CN[C@H](C(=O)O)C(C)O)C(NCC(=O)O)NCC(=O)O)N[C@@H](CC(N)N[C@@H](CCCCN)C(N[C@@H](C)C(=O)O)N[C@@H](CO)C(=O)O)C(NCC(N[C@@H](C)C(=O)O)N[C@@H](CC(N)=O)C(=O)O)N[C@@H](CS)C(N[C@@H](C)C(=O)O)N[C@@H](CC(C)C)C(=O)O)cc1)N[C@@H](CCCCN)C(N[C@@H](CC(N)=O)C(=O)O)N[C@@H](CC(N)=O)C(=O)O)C(NCC(=O)O)N[C@H](C(=O)O)C(C)CC)C(=O)O,0,train,42
269,CCC(C)[C@H](N)C(N[C@@H](C(C)CC)C(NCC(=O)O)N[C@@H](CCC(=O)O)C(=O)O)N[C@@H](C(C)CC)C(N[C@@H](Cc1ccc(O)cc1)C(=O)O)N[C@@H](CCC(N)N[C@@H](Cc1cnc[nH]1)C(=O)O)C(N[C@@H](CCCCN)C(=O)O)N[C@@H](Cc1cnc[nH]1)C(=O)O,0,train,42
270,CCC(C)[C@H](NC(N[C@@H](CCCCN)C(=O)O)[C@@H](N)CC(N[C@@H](CCC(N)N[C@H](C(=O)O)C(C)C)C(O)N[C@@H](CC(C)C)C(=O)O)N[C@H](C(=O)O)C(C)C)C(=O)O,0,train,42
271,CCC(C)[C@H](NC(N[C@@H](C)C(N[C@@H](CCCCN)C(=O)O)N[C@@H](Cc1ccc(O)cc1)C(=O)O)[C@H](CC(C)C)NC([C@@H](N)Cc1ccccc1)N1CCC[C@H]1C(N[C@@H](CN[C@@H](CC(C)C)C(=O)O)C(=O)O)N[C@@H](CC(C)C)C(=O)O)C(NCC(=O)O)N[C@@H](CC(C)C)C(=O)O,0,train,42
272,CCC(C)[C@H](NC[C@H](NC(N)C[C@H](N)C(N[C@@H](CCC(N[C@@H](CC(C)C)C(=O)O)N[C@H](C(=O)O)C(C)CC)C(NCC(=O)O)N[C@@H](CC(C)C)C(=O)O)N[C@@H](CC(C)C)C(N[C@@H](CCCCN)C(=O)O)N1CCC[C@H]1C(=O)O)C(N[C@@H](CO)C(=O)O)N[C@@H](CC(N)N[C@@H](CC(N)=O)C(=O)O)C(N[C@@H](C)C(=O)O)N[C@@H](CC(=O)O)C(=O)O)C(N[C@@H](CCSC)C(=O)O)N[C@H](C(=O)O)C(C)C,0,train,42
273,CC(C)C[C@H](NC(O)C[C@H](NC(CC[C@H](N)C(N[C@@H](Cc1ccccc1)C(=O)O)N[C@H](C(=O)O)C(C)O)NCC(N[C@@H](CCCNC(=N)N)C(=O)O)N1CCC[C@H]1C(=O)O)C(=O)O)C(=O)O,0,train,42
274,CCC(C)[C@H](NC(N[C@@H](CCCCN)C(N[C@@H](CS)C(=O)O)N[C@@H](CCCCN)C(=O)O)[C@H](CCC(N[C@@H](CS)C(N[C@@H](CS)C(=O)O)N[C@@H](CC(=O)O)C(=O)O)N1CCC[C@H]1C(N[C@@H](C)C(=O)O)N[C@@H](CC(C)C)C(=O)O)NC(CC[C@H](N)C(N[C@@H](CCCNC(=N)N)C(N[C@@H](CCCCN)C(=O)O)N[C@@H](CCCNC(=N)N)C(=O)O)N[C@@H](CCCCN)C(N[C@@H](CO)C(=O)O)N[C@@H](CC(=O)O)C(=O)O)N[C@@H](CC(N[C@@H](CCSC)C(NCC(=O)O)N[C@@H](CO)C(=O)O)N[C@@H](CC(C)C)C(N[C@@H](CCC(N)=O)C(=O)O)N[C@@H](CCC(=O)O)C(=O)O)C(N[C@@H](CS)C(O)NCC(=O)O)N[C@@H](CCCNC(=N)N)C(N[C@@H](CS)C(=O)O)N[C@@H](Cc1ccc(O)cc1)C(=O)O)C(N[C@@H](CS)C(=O)O)N[C@H](C(=O)O)C(C)O,0,test,42
275,CCC(C)[C@H](NC(N[C@@H](Cc1ccccc1)C(=O)O)[C@@H](NC(N[C@@H](C)C(N[C@@H](CCCNC(=N)N)C(=O)O)N1CCC[C@H]1C(=O)O)[C@@H](N)Cc1cnc[nH]1)C(C)NCC(O)N[C@@H](CC(C)C)C(=O)O)C(=O)O,0,train,42
276,CC(C)C[C@H](NC(N)CC[C@H](N)C(N[C@@H](C(C)NCC(=O)O)C(NCC(=O)O)N[C@@H](Cc1c[nH]c2ccccc12)C(=O)O)N[C@@H](Cc1ccccc1)C(O)N[C@@H](Cc1ccc(O)cc1)C(=O)O)C(N[C@H](C(=O)O)C(C)O)N1CCC[C@H]1C(=O)O,0,train,42
277,CCC(C)[C@H](NC(N[C@H](C(=O)O)C(C)C)[C@@H](NC(N)CC[C@H](NC(N[C@@H](Cc1ccccc1)C(N[C@@H](CO)C(=O)O)N[C@@H](CC(=O)O)C(=O)O)[C@@H](N)Cc1ccccc1)C(N[C@@H](CC(N)N[C@@H](Cc1ccccc1)C(=O)O)C(NCC(=O)O)N[C@@H](CO)C(=O)O)N1CCC[C@H]1C(=O)O)C(C)C)C(=O)O,0,train,42
278,CCC(C)[C@H](NC(NCC(N[C@@H](CC(=O)O)C(=O)O)N[C@H](C(=O)O)C(C)C)[C@H](CCSC)NC(CN)N[C@@H](CC(C)C)C(N[C@@H](CNCC(N[C@@H](C)C(=O)O)N[C@@H](CO)C(=O)O)C(NCC(=O)O)N[C@@H](CC(C)C)C(=O)O)N[C@@H](CN[C@@H](CCCCN)C(N[C@@H](CCCCN)C(=O)O)N[C@@H](CC(C)C)C(=O)O)C(N[C@@H](C)C(N[C@@H](CCCCN)C(=O)O)N1CCC[C@H]1C(=O)O)N[C@@H](CC(C)C)C(N[C@H](C(=O)O)C(C)O)N1CCC[C@H]1C(=O)O)C(N[C@H](C(=O)O)C(C)C)N[C@H](C(=O)O)C(C)CC,0,train,42
279,CSCC[C@H](NC[C@H](NC(N[C@@H](CCC(N)=O)C(=O)O)[C@@H](N)C(C)N1CCC[C@H]1C(N[C@@H](CC(=O)O)C(=O)O)N[C@@H](Cc1ccccc1)C(=O)O)C(N[C@@H](CCCNC(=N)N)C(=O)O)N[C@@H](Cc1ccccc1)C(=O)O)C(=O)O,0,train,42
280,CSCC[C@H](NC(CNC(NCC(NCC(=O)O)N[C@@H](CO)C(=O)O)[C@@H](N)CN[C@@H](CNCC(NCC(=O)O)N[C@@H](Cc1ccccc1)C(=O)O)C(NCC(=O)O)N[C@@H](CCC(N[C@@H](CCCNC(=N)N)C(=O)O)N1CCC[C@H]1C(=O)O)C(O)N[C@@H](CC(C)C)C(=O)O)N[C@@H](Cc1c[nH]c2ccccc12)C(=O)O)C(=O)O,0,train,42
281,CC(C)C[C@H](NC(N[C@@H](CS)C(O)N[C@@H](CCC(=O)O)C(=O)O)[C@H](CS)NC(N[C@@H](CCC(N)N[C@@H](CCC(N)N1CCC[C@H]1C(=O)O)C(NCC(=O)O)N[C@@H](CCCNC(=N)N)C(=O)O)C(N[C@@H](CCCCN)C(N[C@@H](CS)C(=O)O)N[C@@H](Cc1ccc(O)cc1)C(=O)O)N[C@@H](CCC(N[C@@H](C)C(=O)O)N[C@@H](CC(=O)O)C(=O)O)C(N[C@@H](CC(=O)O)C(=O)O)N1CCC[C@H]1C(=O)O)[C@H](CCCNC(=N)N)NC([C@H](C)N)N1CCC[C@H]1C(N[C@@H](CC(C)C)C(NCC(N[C@@H](CCC(=O)O)C(=O)O)N[C@@H](CC(=O)O)C(=O)O)N[C@@H](CCC(N)N[C@@H](CS)C(=O)O)C(N[C@@H](CCCCN)C(=O)O)N[C@@H](CC(N)=O)C(=O)O)N1CCC[C@H]1C(N[C@@H](CC(N[C@@H](CS)C(=O)O)N[C@@H](CCC(N)=O)C(=O)O)C(N[C@@H](CCCNC(=N)N)C(=O)O)N[C@@H](Cc1ccccc1)C(=O)O)N[C@@H](CC(N[C@@H](CS)C(=O)O)N1CCC[C@H]1C(=O)O)C(NCC(=O)O)N1CCC[C@H]1C(=O)O)C(=O)O,0,train,42
282,CCC(C)[C@H](NC(N[C@@H](CC(C)C)C(N[C@@H](CO)C(=O)O)N[C@@H](CC(=O)O)C(=O)O)[C@H](CS)NC(N[C@@H](C(C)CC)C(N[C@@H](CCCNC(=N)N)C(N[C@@H](CS)C(N[C@@H](CS)C(=O)O)N[C@@H](CCC(N)=O)C(=O)O)N[C@@H](CCCCN)C(N[C@@H](CO)C(=O)O)N[C@@H](CCC(=O)O)C(=O)O)N1CCC[C@H]1C(N[C@@H](CCSC)C(N[C@@H](CS)C(=O)O)N[C@@H](CC(C)C)C(=O)O)N[C@@H](CCC(N[C@@H](C)C(=O)O)N[C@@H](CCC(N)=O)C(=O)O)C(N[C@@H](CS)C(=O)O)N[C@H](C(=O)O)C(C)CC)[C@@H](N)CCCNC(=N)N)C(N[C@@H](CC(NCC(=O)O)N[C@@H](CS)C(=O)O)C(=O)O)N[C@@H](C)C(NCC(=O)O)N[C@@H](Cc1ccccc1)C(=O)O,0,train,42
283,CCC(C)[C@H](NC(N[C@@H](CCCNC(=N)N)C(=O)O)[C@@H](NC(N[C@@H](Cc1ccccc1)C(N[C@@H](CCCCN)C(=O)O)N[C@@H](CCC(N)=O)C(=O)O)[C@H](CN[C@@H](C)C(N[C@@H](CO)C(=O)O)N[C@@H](CCCNC(=N)N)C(=O)O)NC(N[C@@H](CC(N[C@@H](C(C)N[C@@H](CCSC)C(=O)O)C(N[C@@H](C)C(=O)O)N[C@H](C(=O)O)C(C)C)N[C@@H](CC(N[C@@H](CCCCN)C(=O)O)N[C@@H](CCCCN)C(=O)O)C(N[C@@H](Cc1ccc(O)cc1)C(=O)O)N[C@H](C(=O)O)C(C)CC)C(N[C@@H](Cc1ccc(N[C@@H](CC(C)C)C(=O)O)cc1)C(O)N[C@@H](C)C(=O)O)N[C@@H](CC(N)N[C@@H](CC(N)=O)C(=O)O)C(N[C@@H](CO)C(=O)O)N[C@@H](CC(C)C)C(=O)O)[C@@H](N)Cc1cnc[nH]1)C(C)C)C(=O)O,0,train,42
284,CCC(C)[C@H](NC(C[C@H](NC(N[C@@H](C)C(N[C@H](C(=O)O)C(C)C)N[C@H](C(=O)O)C(C)C)[C@@H](NC(CN)N[C@@H](CC(C)C)C(N[C@@H](Cc1ccccc1)C(N[C@@H](CCCCN)C(=O)O)N[C@@H](CC(N)=O)C(=O)O)N[C@@H](CCCCN)C(N[C@@H](CC(C)C)C(=O)O)N[C@H](C(=O)O)C(C)C)C(C)C)C(N[C@@H](C)C(=O)O)N[C@H](C(=O)O)C(C)O)N[C@@H](CCCCN)C(=O)O)C(=O)O,0,train,42
285,CCC(C)[C@H](NC[C@H](N)C(N[C@@H](CS)C(N[C@@H](C(C)C)C(N[C@@H](CS)C(=O)O)N[C@@H](CCCCN)C(=O)O)N[C@@H](Cc1c[nH]c2ccccc12)C(N[C@@H](CO)C(=O)O)N[C@@H](CCCCN)C(=O)O)N1CCC[C@H]1C(N[C@@H](CS)C(NCC(=O)O)N[C@@H](CS)C(=O)O)N[C@@H](CN[C@@H](C)C(=O)O)C(N[C@@H](C)C(=O)O)N[C@@H](CC(C)C)C(=O)O)C(NCC(N[C@@H](C(C)CC)C(N[C@@H](CCCCN)C(=O)O)N[C@H](C(=O)O)C(C)C)N1CCC[C@H]1C(N[C@@H](CS)C(=O)O)N[C@@H](Cc1ccc(O)cc1)C(=O)O)N[C@@H](CCC(N[C@@H](CS)C(O)N[C@@H](CC(N)=O)C(=O)O)N[C@H](C(=O)O)C(C)O)C(N[C@H](C(=O)O)C(C)O)N[C@H](C(=O)O)C(C)CC,0,train,42
286,CC(C)C[C@H](NC(CC[C@H](NC(NCC(N[C@@H](C)C(=O)O)N[C@@H](Cc1ccc(O)cc1)C(=O)O)[C@H](CCCCN)NC(N[C@@H](C)C(N[C@@H](C)C(N[C@@H](CO)C(=O)O)N[C@@H](CC(C)C)C(=O)O)N1CCC[C@H]1C(N[C@@H](CCCNC(=N)N)C(=O)O)N[C@@H](Cc1ccc(O)cc1)C(=O)O)[C@@H](N)Cc1ccc(N2CCC[C@H]2C(N[C@@H](CCC(N[C@@H](CN[C@@H](CCCNC(=N)N)C(=O)O)C(N[C@@H](CCCNC(=N)N)C(=O)O)N[C@@H](CCC(N)=O)C(=O)O)N2CCC[C@H]2C(O)N[C@@H](Cc2ccc(O)cc2)C(=O)O)C(N[C@@H](CCC(=O)O)C(=O)O)N[C@@H](CCC(=O)O)C(=O)O)N2CCC[C@H]2C(N[C@@H](C)C(N[C@H](C(=O)O)C(C)C)N[C@H](C(=O)O)C(C)O)N[C@@H](CC(N[C@@H](Cc2ccc(O)cc2)C(=O)O)N[C@@H](CC(C)C)C(=O)O)C(N[C@@H](CC(N)=O)C(=O)O)N[C@@H](CC(C)C)C(=O)O)cc1)C(N[C@@H](CCCNC(=N)N)C(=O)O)N[C@@H](Cc1cnc[nH]1)C(=O)O)N[C@@H](CO)C(=O)O)C(=O)O,0,test,42
287,CC(C)C[C@H](NC(CC[C@H](NC(N[C@@H](CC(N)=O)C(=O)O)[C@H](CCCNC(=N)N)NC(CN)N[C@@H](C)C(N[C@@H](Cc1ccccc1)C(=O)O)N[C@@H](CC(C)C)C(=O)O)C(=O)O)N[C@@H](CCCNC(=N)N)C(=O)O)C(=O)O,0,train,42
288,CC(C)C[C@H](NC(N[C@@H](Cc1c[nH]c2ccccc12)C(O)N[C@@H](CCCNC(=N)N)C(=O)O)[C@@H](N)CCC(N)N1CCC[C@H]1C(N[C@@H](Cc1ccccc1)C(=O)O)N1CCC[C@H]1C(=O)O)C(=O)O,0,train,42
289,CCC(C)[C@H](NC(N[C@@H](CC(N)=O)C(=O)O)[C@H](CC(C)C)NC(N[C@@H](C(C)CC)C(N[C@@H](C)C(=O)O)N[C@H](C(=O)O)C(C)C)[C@H](CC(C)C)NC(N[C@@H](CN1CCC[C@H]1C(N[C@@H](C)C(=O)O)N[C@@H](CO)C(=O)O)C(N[C@@H](C)C(N[C@@H](Cc1cnc[nH]1)C(=O)O)N[C@@H](Cc1cnc[nH]1)C(=O)O)N[C@@H](Cc1cnc[nH]1)C(N[C@@H](CC(C)C)C(=O)O)N[C@H](C(=O)O)C(C)C)[C@@H](N)Cc1ccccc1)C(O)N[C@@H](Cc1ccccc1)C(=O)O,0,train,42
290,CCC(C)[C@H](NC(N[C@@H](Cc1ccc(N[C@@H](CCC(N)NCC(=O)O)C(=O)O)cc1)C(N[C@@H](CS)C(=O)O)N[C@@H](CC(N)=O)C(=O)O)[C@@H](N)CS)C(N[C@@H](CC(C)C)C(=O)O)N1CCC[C@H]1C(=O)O,0,val,42
291,CC(C)C[C@H](NC(CNC(C[C@H](N)C(N[C@@H](CCCNC(=N)N)C(=O)O)N[C@@H](CC(N)=O)C(=O)O)NCC(N[C@@H](CCCNC(=N)N)C(=O)O)N[C@@H](Cc1ccccc1)C(=O)O)N[C@@H](Cc1ccccc1)C(=O)O)C(=O)O,0,test,42
292,CC(C)C[C@H](NC(O)[C@H](CN[C@@H](CCCNC(=N)N)C(=O)O)NC(N[C@@H](C)C(N[C@@H](Cc1ccc(O)cc1)C(=O)O)N[C@H](C(=O)O)C(C)C)[C@H](CCCNC(=N)N)NC(CN)NCC(N[C@@H](CO)C(=O)O)N[C@@H](CC(N)=O)C(=O)O)C(=O)O,0,test,42
293,CC(C)C[C@H](NC(N[C@@H](CC(N)=O)C(=O)O)[C@@H](NC(N[C@@H](CS)C(N[C@@H](C)C(=O)O)N[C@@H](CC(=O)O)C(=O)O)[C@@H](N)CCCCN)C(C)N[C@@H](CCC(N[C@@H](Cc1ccc(O)cc1)C(=O)O)N[C@H](C(=O)O)C(C)O)C(=O)O)C(=O)O,0,train,42
294,CCC(C)[C@H](NC(N[C@@H](CC(N[C@@H](CCSC)C(=O)O)N[C@H](C(=O)O)C(C)C)C(N[C@@H](CCCCN)C(=O)O)N[C@@H](CC(N)=O)C(=O)O)[C@@H](NC(N[C@@H](C(C)N[C@@H](C(C)N[C@@H](Cc1c[nH]c2ccccc12)C(=O)O)C(N[C@@H](CCC(N)=O)C(=O)O)N[C@@H](CCC(=O)O)C(=O)O)C(N[C@@H](C)C(N[C@@H](CCCNC(=N)N)C(=O)O)N[C@@H](CCC(=O)O)C(=O)O)N1CCC[C@H]1C(N[C@@H](C)C(=O)O)N[C@@H](CCCNC(=N)N)C(=O)O)[C@@H](N)CN1CCC[C@H]1C(N[C@@H](C(C)CC)C(N[C@@H](CCCCN)C(N[C@@H](CC(N)=O)C(=O)O)N[C@@H](CC(C)C)C(=O)O)N[C@H](C(=O)O)C(C)O)N[C@@H](CN[C@@H](C(C)C)C(N[C@@H](CCCNC(=N)N)C(=O)O)N[C@@H](CCC(=O)O)C(=O)O)C(N[C@@H](CCCNC(=N)N)C(N[C@@H](CO)C(=O)O)N[C@@H](CC(N)=O)C(=O)O)N[C@@H](CC(C)C)C(N[C@@H](Cc1ccccc1)C(=O)O)N[C@@H](CC(C)C)C(=O)O)C(C)CC)C(N[C@@H](CCCCN)C(=O)O)N[C@@H](CCC(N)=O)C(=O)O,0,train,42
295,CC(C)C[C@H](NC(C[C@H](NC(CN)N[C@@H](C(C)C)C(N[C@@H](CO)C(=O)O)N[C@@H](CO)C(=O)O)C(N[C@@H](CCCNC(=N)N)C(=O)O)N[C@@H](CC(C)C)C(=O)O)N[C@@H](Cc1ccccc1)C(=O)O)C(=O)O,0,train,42
296,CCC(C)[C@H](NC(N[C@@H](CC(C)C)C(N[C@@H](CC(C)C)C(N[C@@H](CO)C(=O)O)N[C@@H](CCC(=O)O)C(=O)O)N[C@@H](CCSC)C(N[C@@H](CCC(N)=O)C(=O)O)N1CCC[C@H]1C(=O)O)[C@H](Cc1ccccc1)NC(CN)N[C@@H](CC(C)C)C(N[C@@H](C(C)N[C@@H](C)C(N[C@@H](Cc1ccccc1)C(=O)O)N[C@@H](CC(C)C)C(=O)O)C(NCC(NCC(=O)O)N[C@@H](CO)C(=O)O)N[C@@H](CCCCN)C(NCC(=O)O)N[C@@H](CCC(N)=O)C(=O)O)N[C@@H](CCCCN)C(NCC(N[C@@H](CCCCN)C(=O)O)N[C@@H](CCC(=O)O)C(=O)O)N[C@@H](CCCCN)C(N[C@@H](C)C(=O)O)N[C@H](C(=O)O)C(C)C)C(NCC(=O)O)N[C@@H](Cc1cnc[nH]1)C(=O)O,0,train,42
297,CC(C)C[C@H](NC[C@H](NC(N[C@@H](CCC(N)N[C@@H](Cc1ccccc1)C(=O)O)C(N[C@@H](CCCNC(=N)N)C(=O)O)N[C@H](C(=O)O)C(C)C)[C@H](C)N)C(=O)O)C(=O)O,0,train,42
298,CC(C)[C@H](NC(N)CC[C@H](N)C(N[C@@H](Cc1cnc[nH]1)C(=O)O)N[C@@H](Cc1cnc[nH]1)C(=O)O)C(N[C@@H](CCCCN)C(=O)O)N[C@@H](CCC(N)=O)C(=O)O,0,train,42
299,CCC(C)[C@H](NC(N[C@@H](CN[C@@H](C)C(N[C@@H](C)C(=O)O)N[C@H](C(=O)O)C(C)CC)C(N[C@@H](C)C(N[C@@H](CCCCN)C(=O)O)N[C@@H](CCCCN)C(=O)O)N[C@@H](CC(C)C)C(N[C@@H](CC(C)C)C(=O)O)N[C@H](C(=O)O)C(C)CC)[C@H](CC(C)C)NC(NCC(NCC(N[C@@H](CO)C(=O)O)N[C@@H](CC(C)C)C(=O)O)N[C@@H](C(C)CC)C(N[C@@H](CC(C)C)C(=O)O)N1CCC[C@H]1C(=O)O)[C@@H](N)Cc1ccccc1)C(NCC(=O)O)N[C@@H](CCCCN)C(=O)O,0,train,42
300,CSCC[C@H](NC(N)C[C@H](NC(N[C@@H](CCCNC(=N)N)C(=O)O)[C@@H](N)C(C)N1CCC[C@H]1C(N[C@@H](CC(=O)O)C(=O)O)N[C@@H](Cc1ccccc1)C(=O)O)C(N[C@@H](CCCNC(=N)N)C(=O)O)N[C@@H](Cc1ccccc1)C(=O)O)C(=O)O,0,train,42
301,CCC(C)[C@H](N)C(N[C@@H](CCC(N[C@@H](C)C(=O)O)N[C@@H](Cc1ccccc1)C(=O)O)C(=O)O)N[C@@H](Cc1ccccc1)C(=O)O,0,train,42
302,CC(C)C[C@H](NC(C[C@H](NC(N[C@@H](C(C)C)C(NCC(=O)O)N[C@@H](CC(C)C)C(=O)O)[C@H](CC(C)C)NC(CN)N[C@@H](CC(C)C)C(NCC(=O)O)N[C@@H](C(C)C)C(NCC(=O)O)N[C@@H](CC(C)C)C(=O)O)C(NCC(=O)O)N[C@@H](CC(C)C)C(=O)O)N[C@@H](CC(N)=O)C(=O)O)C(=O)O,0,train,42
303,CCC(C)[C@H](NC(N[C@@H](CS)C(N[C@H](C(=O)O)C(C)CC)N1CCC[C@H]1C(=O)O)[C@@H](N)CCCNC(=N)N)C(N[C@@H](C(C)N[C@@H](Cc1ccccc1)C(=O)O)C(N[C@@H](CCSC)C(=O)O)N1CCC[C@H]1C(=O)O)N1CCC[C@H]1C(N[C@@H](CS)C(=O)O)N[C@@H](Cc1ccc(O)cc1)C(=O)O,0,val,42
304,CCC(C)[C@H](NC([C@H](CCCCN)NC([C@@H](N)CCC(N)N[C@@H](CCC(N[C@@H](Cc1ccc(N[C@@H](CCSC)C(=O)O)cc1)C(=O)O)N[C@@H](Cc1c[nH]c2ccccc12)C(=O)O)C(N1CCC[C@H]1C(=O)O)N1CCC[C@H]1C(=O)O)N1CCC[C@H]1C(N[C@@H](Cc1ccc(O)cc1)C(=O)O)N1CCC[C@H]1C(=O)O)N1CCC[C@H]1C(=O)O)C(=O)O,0,test,42
305,CCC(C)[C@H](NC(N[C@@H](Cc1ccccc1)C(=O)O)[C@@H](NC(N[C@@H](CCCCN)C(N[C@@H](C)C(=O)O)N[C@@H](CCC(=O)O)C(=O)O)[C@@H](N)C(C)N[C@@H](CC(N)N[C@@H](CCC(NCC(=O)O)N[C@@H](C)C(=O)O)C(NCC(=O)O)N[C@@H](C)C(=O)O)C(N[C@@H](CCC(=O)O)C(=O)O)N[C@@H](CN[C@@H](CCCNC(=N)N)C(=O)O)C(=O)O)C(C)C)C(=O)O,0,train,42
306,CCC(C)[C@H](NC(N[C@@H](CCCNC(=N)N)C(=O)O)[C@H](Cc1ccc(N[C@@H](CC(C)C)C(=O)O)cc1)NC([C@H](CN[C@@H](C(C)N[C@@H](C(C)C)C(O)N[C@@H](Cc1ccc(O)cc1)C(=O)O)C(N[C@@H](CCC(=O)O)C(=O)O)N[C@@H](CC(=O)O)C(=O)O)NC(CN)N1CCC[C@H]1C(N[C@@H](CCC(N)NCC(N[C@@H](CC(N)=O)C(=O)O)N[C@@H](CC(=O)O)C(=O)O)C(N[C@@H](CC(N[C@@H](CCC(N)=O)C(=O)O)N[C@@H](CC(C)C)C(=O)O)C(N[C@@H](CCC(N)=O)C(=O)O)N[C@@H](Cc1ccc(O)cc1)C(=O)O)N[C@@H](CC(N[C@@H](CC(N)=O)C(=O)O)N[C@@H](CC(C)C)C(=O)O)C(N[C@H](C(=O)O)C(C)C)N[C@H](C(=O)O)C(C)C)N1CCC[C@H]1C(N[C@@H](C)C(N[C@@H](CCCNC(=N)N)C(=O)O)N[C@H](C(=O)O)C(C)O)N1CCC[C@H]1C(N[C@@H](CCCNC(=N)N)C(=O)O)N[C@@H](Cc1cnc[nH]1)C(=O)O)N1CCC[C@H]1C(N[C@@H](Cc1ccccc1)C(=O)O)N[C@@H](Cc1ccc(O)cc1)C(=O)O)C(=O)O,0,train,42
307,CCC(C)[C@H](N)C(N[C@@H](Cc1ccc(N[C@@H](CCC(=O)O)C(=O)O)cc1)C(=O)O)N[C@@H](C)C(N[C@@H](CCCCN)C(=O)O)N1CCC[C@H]1C(=O)O,0,train,42
308,CC(C)C[C@H](NC(O)[C@H](Cc1cnc[nH]1)NC([C@@H](N)CC(N[C@@H](CC(C)C)C(N[C@@H](CO)C(=O)O)N[C@@H](Cc1ccc(O)cc1)C(=O)O)N[C@@H](Cc1cnc[nH]1)C(N[C@@H](CC(=O)O)C(=O)O)N[C@H](C(=O)O)C(C)C)N1CCC[C@H]1C(N[C@@H](CCCNC(=N)N)C(=O)O)N1CCC[C@H]1C(=O)O)C(=O)O,0,train,42
309,CCC(C)[C@H](NC(N[C@@H](CC(C)C)C(N[C@@H](C)C(=O)O)N[C@@H](CC(C)C)C(=O)O)[C@H](CC(C)C)NC([C@@H](N)C(C)C)N1CCC[C@H]1C(N[C@@H](CCSC)C(=O)O)N[C@@H](CN[C@@H](CC(C)C)C(=O)O)C(O)N[C@@H](CC(C)C)C(=O)O)C(NCC(=O)O)N[C@@H](CCCCN)C(=O)O,0,train,42
310,CC(C)C[C@H](NC(NCC(=O)O)[C@@H]1CCCN1C(CC[C@H](N)C(N[C@@H](C)C(=O)O)N[C@@H](Cc1ccccc1)C(=O)O)N[C@@H](Cc1ccc(O)cc1)C(=O)O)C(=O)O,0,train,42
311,CCC(C)[C@H](NC(N[C@@H](Cc1ccc(N[C@@H](CNCC(=O)O)C(=O)O)cc1)C(N[C@@H](CS)C(=O)O)N[C@@H](CC(N)=O)C(=O)O)[C@@H](N)CS)C(N[C@H](C(=O)O)C(C)CC)N1CCC[C@H]1C(=O)O,0,test,42
312,CC(C)C[C@H](NC(C[C@H](NC(CN)N1CCC[C@H]1C(N[C@@H](C)C(=O)O)N[C@@H](CO)C(=O)O)C(N[C@@H](CCCNC(=N)N)C(=O)O)N[C@@H](CC(C)C)C(=O)O)N[C@@H](Cc1ccccc1)C(=O)O)C(=O)O,0,train,42
313,CC(C)C[C@H](Nc1ccc(C[C@H](NC(N[C@@H](CC(N[C@@H](CCCNC(=N)N)C(=O)O)N[C@@H](CC(=O)O)C(=O)O)C(N[C@@H](CCCCN)C(=O)O)N2CCC[C@H]2C(=O)O)[C@H](Cc2ccccc2)NC(N)CC[C@H](N)C(N[C@@H](C(C)NCC(=O)O)C(N[C@@H](CCC(N)=O)C(=O)O)N[C@@H](CC(=O)O)C(=O)O)N2CCC[C@H]2C(N[C@@H](CCC(=O)O)C(=O)O)N[C@@H](CC(NCC(=O)O)N[C@@H](C)C(=O)O)C(O)N[C@@H](CCCNC(=N)N)C(=O)O)C(NCC(=O)O)N[C@@H](CC(C)C)C(=O)O)cc1)C(=O)O,0,train,42
314,CC(C)C[C@H](NC([C@H](Cc1ccc(NCC(=O)O)cc1)NC(N[C@@H](CC(N)N[C@@H](C)C(=O)O)C(=O)O)[C@H](C)N)N1CCC[C@H]1C(=O)O)C(=O)O,0,train,42
315,CCC(C)[C@H](NC(N[C@@H](CCCCN)C(N[C@@H](CC(C)C)C(N[C@@H](CO)C(=O)O)N[C@@H](CCC(=O)O)C(=O)O)N[C@@H](CC(C)C)C(N[C@@H](CCCCN)C(=O)O)N[C@@H](CCC(N)=O)C(=O)O)[C@@H](NC(N[C@@H](CC(C)C)C(N[C@@H](CC(C)C)C(N[C@@H](CC(C)C)C(N[C@@H](Cc1c[nH]c2ccccc12)C(=O)O)N[C@@H](CC(C)C)C(=O)O)N[C@@H](CC(C)C)C(N[C@@H](Cc1ccccc1)C(=O)O)N[C@H](C(=O)O)C(C)C)N[C@@H](CCC(N)N[C@@H](CCCCN)C(N[C@@H](CC(C)C)C(=O)O)N[C@@H](CC(C)C)C(=O)O)C(N[C@@H](CC(C)C)C(N[C@@H](Cc1ccccc1)C(=O)O)N[C@@H](Cc1ccc(O)cc1)C(=O)O)N[C@@H](CC(C)C)C(N[C@@H](Cc1ccc(O)cc1)C(=O)O)N[C@H](C(=O)O)C(C)CC)[C@@H](N)CCSC)C(C)CC)C(N[C@@H](Cc1ccc(O)cc1)C(=O)O)N[C@@H](CC(C)C)C(O)N[C@@H](Cc1ccccc1)C(=O)O,0,test,42
316,CC(C)C[C@H](NC(N[C@H](C(=O)O)C(C)C)[C@@H](NC(N[C@@H](CS)C(N[C@@H](C)C(=O)O)N[C@H](C(=O)O)C(C)O)[C@H](Cc1ccccc1)NC[C@H](NC(CN)N[C@@H](C)C(N[C@@H](C(C)N[C@@H](CS)C(=O)O)C(N[C@@H](CO)C(=O)O)N[C@@H](CS)C(=O)O)N[C@@H](CCC(N[C@@H](Cc1ccc(O)cc1)C(=O)O)N[C@H](C(=O)O)C(C)O)C(N[C@@H](CC(=O)O)C(=O)O)N1CCC[C@H]1C(=O)O)C(NCC(N[C@@H](CS)C(=O)O)N[C@H](C(=O)O)C(C)O)N[C@@H](CS)C(NCC(N[C@@H](CCCCN)C(=O)O)N[C@@H](CC(N)=O)C(=O)O)N[C@@H](CC(C)C)C(N[C@@H](CS)C(=O)O)N[C@@H](CC(C)C)C(=O)O)C(C)C)C(=O)O,0,val,42
317,CCC(C)[C@H](NC(N[C@@H](CCCCN)C(N[C@@H](CCCCN)C(=O)O)N[C@@H](CC(C)C)C(=O)O)[C@H](CCCCN)NC(CN)N[C@@H](CC(C)C)C(N[C@@H](CC(N[C@@H](CC(N)N[C@@H](C)C(=O)O)C(NCC(=O)O)N[C@@H](C)C(=O)O)N[C@@H](CC(C)C)C(N[C@H](C(=O)O)C(C)C)N[C@H](C(=O)O)C(C)CC)C(N[C@@H](C)C(N[C@@H](CCCCN)C(=O)O)N[C@@H](CC(N)=O)C(=O)O)N[C@@H](CCCCN)C(N[C@@H](CO)C(=O)O)N[C@@H](Cc1ccccc1)C(=O)O)N[C@@H](CCSC)C(N[C@@H](C)C(=O)O)N[C@@H](CCC(N[C@@H](CCC(N)=O)C(=O)O)N1CCC[C@H]1C(=O)O)C(N[C@@H](CCC(N)=O)C(=O)O)N1CCC[C@H]1C(=O)O)C(N[C@@H](C)C(=O)O)N[C@H](C(=O)O)C(C)C,0,train,42
318,CCC(C)[C@H](NC(NCC(NCC(=O)O)N[C@@H](Cc1ccccc1)C(=O)O)[C@H](CS)NC(N[C@@H](CCCNC(=N)N)C(N[C@@H](CS)C(N[C@@H](Cc1ccccc1)C(=O)O)N[C@@H](CC(C)C)C(=O)O)N[C@@H](CCCNC(=N)N)C(N[C@@H](CS)C(=O)O)N[C@H](C(=O)O)C(C)C)[C@H](CCCNC(=N)N)NC(N[C@@H](C(C)CC)C(N[C@@H](CS)C(NCC(N[C@@H](CCCNC(=N)N)C(=O)O)N[C@@H](CC(C)C)C(=O)O)N[C@@H](CC(C)C)C(NCC(=O)O)N[C@@H](Cc1cnc[nH]1)C(=O)O)N[C@@H](CCCNC(=N)N)C(N[C@@H](CC(C)C)C(N[C@@H](C)C(=O)O)N[C@@H](CCCNC(=N)N)C(=O)O)N[C@@H](CCC(N[C@@H](CS)C(=O)O)N[C@@H](CCCNC(=N)N)C(=O)O)C(N[C@@H](CS)C(=O)O)N[C@@H](CCCNC(=N)N)C(=O)O)[C@@H](N)CCCNC(=N)N)C(N[C@@H](Cc1ccc(O)cc1)C(=O)O)N[C@H](C(=O)O)C(C)C,0,val,42
319,CC(C)C[C@H](NC(N[C@@H](CN1CCC[C@H]1C(=O)O)C(N[C@@H](CCCNC(=N)N)C(=O)O)N[C@@H](CC(C)C)C(=O)O)[C@@H](N)C(C)N[C@@H](CN[C@@H](Cc1ccccc1)C(=O)O)C(N[C@@H](Cc1cnc[nH]1)C(=O)O)N1CCC[C@H]1C(=O)O)C(=O)O,0,train,42
320,CCC(C)[C@H](NC(NCC(NCC(N[C@@H](C)C(=O)O)N[C@@H](CCC(N)=O)C(=O)O)N[C@@H](CCC(N)N[C@@H](C)C(=O)O)C(N[C@@H](CC(N)=O)C(=O)O)N[C@H](C(=O)O)C(C)C)[C@H](CC(C)C)NC(CN)N[C@@H](Cc1c[nH]c2ccccc12)C(N[C@@H](CCCCN)C(N[C@@H](C(C)CC)C(N[C@@H](C)C(=O)O)N[C@H](C(=O)O)C(C)O)N[C@@H](CCC(N[C@@H](CCC(N)=O)C(=O)O)N[C@H](C(=O)O)C(C)CC)C(N[C@@H](CC(C)C)C(=O)O)N[C@H](C(=O)O)C(C)C)N[C@@H](CCCNC(=N)N)C(N[C@@H](CCCCN)C(N[C@@H](CCCNC(=N)N)C(=O)O)N[C@@H](CC(=O)O)C(=O)O)N[C@@H](CCCCN)C(N[C@@H](C(C)N[C@H](C(=O)O)C(C)O)C(N[C@@H](C)C(=O)O)N[C@@H](CCCNC(=N)N)C(=O)O)N[C@@H](Cc1cnc[nH]1)C(N[C@@H](C)C(=O)O)N[C@@H](C)C(=O)O)C(N[C@@H](C(C)C)C(N[C@@H](C)C(=O)O)N[C@@H](CCC(N)=O)C(=O)O)N[C@@H](CCCNC(=N)N)C(NCC(=O)O)N[C@H](C(=O)O)C(C)CC,0,train,42
321,CC(C)C[C@H](NC(N[C@@H](CC(C)C)C(N[C@@H](CC(C)C)C(=O)O)N1CCC[C@H]1C(=O)O)[C@@H]1CCCN1C(CN)N1CCC[C@H]1C(N1CCC[C@H]1C(=O)O)N1CCC[C@H]1C(=O)O)C(=O)O,0,val,42
322,CC(C)C[C@H](NC(NCC(=O)O)[C@@H]1CCCN1C(N[C@@H](CN[C@@H](Cc1ccc(O)cc1)C(=O)O)C(N[C@@H](C)C(=O)O)N[C@@H](Cc1ccccc1)C(=O)O)[C@H](C)N)C(=O)O,0,train,42
323,CCC(C)[C@H](NC(N[C@@H](Cc1ccccc1)C(=O)O)[C@@H](NC(N[C@@H](CCC(N[C@@H](CCCNC(=N)N)C(=O)O)N1CCC[C@H]1C(=O)O)C(N[C@@H](CCCCN)C(=O)O)N[C@@H](CCCNC(=N)N)C(=O)O)[C@H](CCCCN)NC(N)C[C@H](NC(N[C@@H](CCCCN)C(N[C@@H](C(C)C)C(N[C@@H](C(C)C)C(N[C@@H](CCCNC(=N)N)C(=O)O)N[C@@H](CC(N)=O)C(=O)O)N[C@@H](CCC(N[C@@H](CO)C(=O)O)N[C@@H](CCC(=O)O)C(=O)O)C(N[C@H](C(=O)O)C(C)O)N[C@H](C(=O)O)C(C)CC)N[C@@H](C(C)N[C@@H](CCC(N)N[C@@H](CCCNC(=N)N)C(=O)O)C(NCC(=O)O)NCC(=O)O)C(N[C@@H](Cc1ccccc1)C(N[C@@H](CC(=O)O)C(=O)O)N[C@@H](Cc1c[nH]c2ccccc12)C(=O)O)N[C@@H](CCCCN)C(N[C@@H](CCCNC(=N)N)C(=O)O)N[C@H](C(=O)O)C(C)CC)[C@@H](N)CCSC)C(N[C@@H](CC(C)C)C(N[C@@H](C)C(=O)O)N[C@@H](CCC(=O)O)C(=O)O)N[C@@H](CCC(N[C@@H](CCC(N)=O)C(=O)O)N[C@@H](CC(C)C)C(=O)O)C(N[C@@H](CCC(=O)O)C(=O)O)N[C@H](C(=O)O)C(C)CC)C(C)N[C@@H](CC(C)C)C(=O)O)C(=O)O,0,test,42
324,CCC(C)[C@H](NC(C[C@H](NC(C)[C@H](NC(N[C@@H](C(C)C)C(N[C@@H](CCCCN)C(=O)O)N[C@@H](CC(=O)O)C(=O)O)[C@H](Cc1ccccc1)NC(CN)N[C@@H](CC(C)C)C(N[C@@H](CC(N)N[C@@H](C(C)C)C(N[C@@H](CO)C(=O)O)N[C@@H](CCC(=O)O)C(=O)O)C(N[C@@H](C)C(N[C@@H](CCCCN)C(=O)O)N[C@@H](CC(C)C)C(=O)O)N[C@@H](CCCCN)C(N[C@@H](CS)C(=O)O)N[C@@H](CCCCN)C(=O)O)N[C@@H](CC(C)C)C(N[C@@H](CC(NCC(=O)O)N[C@@H](CCCCN)C(=O)O)C(N[C@@H](CC(C)C)C(=O)O)N[C@@H](CC(C)C)C(=O)O)N[C@@H](CCCCN)C(N[C@@H](C)C(=O)O)N[C@H](C(=O)O)C(C)C)C(N[C@@H](C(C)C)C(N[C@@H](CCCCN)C(=O)O)N1CCC[C@H]1C(=O)O)N[C@@H](C)C(=O)O)C(NCC(=O)O)N[C@@H](CS)C(=O)O)N[C@H](C(=O)O)C(C)O)C(=O)O,0,train,42
325,CC(O)[C@H](NC(N[C@@H](CS)C(=O)O)[C@H](C)NC(N[C@@H](CN[C@@H](CO)C(=O)O)C(NCC(=O)O)N[C@@H](CS)C(=O)O)[C@H](CS)NC(CN)N[C@@H](CC(NCC(N[C@@H](CS)C(=O)O)N[C@@H](CNCC(=O)O)C(O)N[C@@H](CCCCN)C(=O)O)N[C@@H](CS)C(N[C@@H](CS)C(=O)O)N[C@H](C(=O)O)C(C)O)C(NCC(N[C@@H](CS)C(=O)O)N[C@@H](CCC(N)=O)C(=O)O)N[C@@H](CN[C@@H](C)C(=O)O)C(NCC(=O)O)N[C@@H](CO)C(=O)O)C(=O)O,0,train,42
326,CCC(C)[C@H](NC(N[C@@H](CCCCN)C(=O)O)[C@H](CCC(N[C@@H](Cc1c[nH]c2ccccc12)C(=O)O)N[C@@H](CC(C)C)C(=O)O)NC(N[C@@H](CC(N)N[C@@H](Cc1ccccc1)C(=O)O)C(N[C@@H](CCC(N)=O)C(=O)O)N[C@H](C(=O)O)C(C)C)[C@H](CCC(N)N[C@@H](C(C)N[C@@H](C)C(=O)O)C(N[C@@H](CCC(N)=O)C(=O)O)N[C@@H](CCC(=O)O)C(=O)O)NC(N[C@@H](CN[C@@H](CC(N[C@@H](CC(N)N[C@@H](CCCNC(=N)N)C(=O)O)C(NCC(=O)O)NCC(=O)O)N[C@@H](Cc1ccc(N[C@@H](CO)C(=O)O)cc1)C(N[C@@H](CCCCN)C(=O)O)N[C@@H](CCCNC(=N)N)C(=O)O)C(N[C@@H](Cc1ccc(O)cc1)C(=O)O)N[C@@H](CCCCN)C(N[C@@H](CC(C)C)C(=O)O)N[C@H](C(=O)O)C(C)O)C(N[C@@H](C(C)N[C@@H](CC(C)C)C(=O)O)C(N[C@@H](C)C(=O)O)N[C@@H](CCC(=O)O)C(=O)O)N[C@@H](Cc1ccccc1)C(N[C@@H](CCCCN)C(=O)O)N[C@@H](Cc1cnc[nH]1)C(=O)O)[C@@H](N)Cc1cnc[nH]1)C(=O)O,0,train,42
327,CCC(C)[C@H](NC(N[C@@H](CC(C)C)C(N[C@@H](C)C(=O)O)N[C@@H](CCCCN)C(=O)O)[C@H](Cc1c[nH]c2ccccc12)NC(N[C@@H](CC(C)C)C(N[C@@H](CC(NCC(N[C@@H](CCSC)C(=O)O)N[C@H](C(=O)O)C(C)C)N[C@@H](C(C)C)C(N[C@@H](CC(=O)O)C(=O)O)N[C@H](C(=O)O)C(C)O)C(N[C@@H](C)C(=O)O)N[C@@H](CCCCN)C(N[C@@H](CCC(=O)O)C(=O)O)N[C@@H](CC(N)=O)C(=O)O)N[C@@H](CCCCN)C(N[C@@H](CCCCN)C(N[C@@H](CC(C)C)C(=O)O)N[C@H](C(=O)O)C(C)C)N[C@@H](CC(N)N[C@@H](CC(N)=O)C(=O)O)C(N[C@H](C(=O)O)C(C)C)N[C@H](C(=O)O)C(C)O)[C@H](C)N)C(NCC(=O)O)N[C@@H](C)C(=O)O,0,train,42
328,CCC(C)[C@H](NC(N[C@@H](Cc1ccc(O)cc1)C(=O)O)[C@H](Cc1ccccc1)NC(NCC(N[C@@H](CC(C)C)C(N[C@@H](CCCNC(=N)N)C(=O)O)N[C@@H](CCCNC(=N)N)C(=O)O)N1CCC[C@H]1C(N[C@@H](C)C(=O)O)N1CCC[C@H]1C(=O)O)[C@@H](N)Cc1ccccc1)C(O)N[C@@H](CO)C(=O)O,0,train,42
329,CCC(C)[C@H](NC(N[C@@H](CN[C@H](C(=O)O)C(C)CC)C(N[C@H](C(=O)O)C(C)O)N[C@H](C(=O)O)C(C)O)[C@H](CCCNC(=N)N)NC(N[C@@H](Cc1ccc(N[C@@H](CC(C)C)C(N[C@@H](CCC(=O)O)C(=O)O)N[C@H](C(=O)O)C(C)O)cc1)C(N[C@@H](C(C)N[C@@H](Cc1ccc(O)cc1)C(=O)O)C(NCC(=O)O)N[C@@H](C)C(=O)O)N[C@@H](CC(N)N[C@H](C(=O)O)C(C)O)C(NCC(=O)O)N[C@H](C(=O)O)C(C)O)[C@@H](N)CCSC)C(N[C@H](C(=O)O)C(C)CC)N[C@H](C(=O)O)C(C)NCC(=O)O,0,train,42
330,CCC(C)[C@H](NC[C@H](N)C(N[C@@H](CN[C@@H](CN[C@@H](CC(C)C)C(=O)O)C(NCC(=O)O)N[C@H](C(=O)O)C(C)C)C(N[C@@H](C(C)C)C(N[C@@H](CS)C(=O)O)N[C@@H](CCCCN)C(=O)O)N[C@@H](CS)C(N[C@@H](CS)C(=O)O)N[C@H](C(=O)O)C(C)O)N[C@@H](CS)C(N[C@@H](C(C)CC)C(N[C@@H](CS)C(=O)O)N[C@@H](Cc1ccc(O)cc1)C(=O)O)N[C@@H](Cc1ccc(N[C@@H](CC(=O)O)C(=O)O)cc1)C(N[C@@H](CCCCN)C(=O)O)N[C@H](C(=O)O)C(C)C)C(NCC(N[C@@H](CS)C(=O)O)N1CCC[C@H]1C(N[C@@H](CC(N)=O)C(=O)O)N[C@@H](CC(C)C)C(=O)O)N[C@@H](CCC(N[C@H](C(=O)O)C(C)C)N[C@H](C(=O)O)C(C)O)C(N[C@@H](C)C(=O)O)N[C@H](C(=O)O)C(C)O,0,test,42
331,CCC(C)[C@H](NC(N[C@@H](Cc1ccc(N[C@@H](CCC(N)NCC(N[C@@H](CS)C(=O)O)N[C@@H](CCC(N)=O)C(=O)O)C(NCC(N[C@H](C(=O)O)C(C)CC)N2CCC[C@H]2C(=O)O)N[C@@H](CCCCN)C(NCC(=O)O)N[C@@H](CS)C(=O)O)cc1)C(N[C@@H](CC(N)N[C@@H](CCCNC(=N)N)C(O)N1CCC[C@H]1C(=O)O)C(N[C@@H](CO)C(=O)O)N[C@@H](Cc1ccc(O)cc1)C(=O)O)N[C@@H](CS)C(N[C@@H](CC(=O)O)C(=O)O)N1CCC[C@H]1C(=O)O)[C@@H](N)CS)C(N[C@@H](CCCNC(=N)N)C(N[C@H](C(=O)O)C(C)C)N1CCC[C@H]1C(=O)O)N1CCC[C@H]1C(N[C@@H](C)C(=O)O)N[C@H](C(=O)O)C(C)O,0,train,42
332,CCC(C)[C@H](NC(N[C@@H](CCCNC(=N)N)C(N[C@@H](CO)C(=O)O)N[C@@H](Cc1ccccc1)C(=O)O)[C@H](Cc1ccccc1)NC(N[C@@H](CC(N[C@@H](CO)C(=O)O)N[C@@H](CO)C(=O)O)C(N[C@@H](C)C(=O)O)N[C@@H](CO)C(=O)O)[C@@H]1CCCN1)C(N[C@@H](CC(=O)O)C(=O)O)N[C@@H](Cc1ccccc1)C(=O)O,0,train,42
333,CCC(C)[C@H](NC(N[C@H](C(=O)O)C(C)CC)[C@H](CC(C)C)NC(N[C@@H](C)C(N[C@@H](C)C(=O)O)N[C@@H](CS)C(=O)O)[C@@H](NC(N[C@@H](C(C)C)C(N[C@@H](C)C(N[C@H](C(=O)O)C(C)C)N[C@H](C(=O)O)C(C)O)N[C@@H](CCCCN)C(N[C@@H](CCCCN)C(=O)O)N[C@@H](CCCCN)C(=O)O)[C@H](CC(C)C)NC([C@@H](N)Cc1ccccc1)N1CCC[C@H]1C(NCC(N[C@@H](CO)C(=O)O)N1CCC[C@H]1C(=O)O)N[C@@H](C)C(N[C@@H](C(C)C)C(O)N[C@@H](CS)C(=O)O)N[C@@H](CC(C)C)C(=O)O)C(C)C)C(=O)O,0,test,42
334,CCC(C)[C@H](NC(N[C@@H](CC(C)C)C(=O)O)[C@H](CNCC(N[C@@H](CCCNC(=N)N)C(=O)O)N[C@H](C(=O)O)C(C)C)NC(CN)N[C@@H](CN1CCC[C@H]1C(=O)O)C(NCC(=O)O)N[C@@H](CCSC)C(=O)O)C(=O)O,0,test,42
335,CC(C)C[C@H](NC(C[C@H](NC([C@@H](N)C(C)N[C@@H](CC(N[C@@H](CC(N[C@@H](CCCNC(=N)N)C(=O)O)N[C@H](C(=O)O)C(C)C)C(=O)O)N[C@@H](C)C(NCC(=O)O)NCC(=O)O)C(NCC(=O)O)N[C@@H](CCC(=O)O)C(=O)O)N1CCC[C@H]1C(N[C@@H](CCC(=O)O)C(=O)O)N[C@@H](Cc1ccccc1)C(=O)O)C(NCC(=O)O)N[C@@H](CCC(=O)O)C(=O)O)N[C@@H](C)C(=O)O)C(=O)O,0,test,42
336,CCC(C)[C@H](NC(N[C@@H](Cc1ccccc1)C(=O)O)[C@H](Cc1cnc[nH]1)NC(N[C@@H](Cc1ccc(N[C@@H](CC(N)=O)C(=O)O)cc1)C(N[C@@H](CS)C(=O)O)N[C@H](C(=O)O)C(C)O)[C@@H](N)CS)C(=O)O,0,train,42
337,CSCC[C@H](N)C(N[C@@H](C)C(N[C@@H](CNCC(NCC(=O)O)N[C@@H](CS)C(=O)O)C(N[C@@H](C(C)N[C@@H](CO)C(=O)O)C(N[C@@H](CO)C(=O)O)N[C@@H](CS)C(=O)O)N[C@@H](CN[C@@H](Cc1cnc[nH]1)C(=O)O)C(=O)O)N[C@@H](CS)C(N[C@@H](CS)C(N[C@@H](CO)C(=O)O)N[C@@H](CS)C(=O)O)N[C@@H](CN[C@@H](CS)C(=O)O)C(N[C@@H](CO)C(=O)O)N[C@H](C(=O)O)C(C)O)N1CCC[C@H]1C(N[C@@H](CCCCN)C(NCC(=O)O)N[C@@H](CO)C(=O)O)N[C@@H](CS)C(N[C@@H](C)C(=O)O)N[C@@H](CS)C(=O)O,0,train,42
338,CC(C)C[C@H](NC(N)C[C@H](NC(N[C@@H](CC(N)N[C@@H](CCCNC(=N)N)C(=O)O)C(=O)O)[C@H](CC(C)C)NC(CN)NCC(N[C@@H](C)C(=O)O)N[C@@H](Cc1ccccc1)C(=O)O)C(NCC(=O)O)N[C@H](C(=O)O)C(C)C)C(=O)O,0,train,42
339,CCC(C)[C@H](NC(CN)N[C@@H](C(C)C)C(N[C@@H](CS)C(N[C@@H](C(C)C)C(N[C@@H](CCCCN)C(=O)O)N[C@@H](CC(N)=O)C(=O)O)N[C@@H](Cc1ccccc1)C(N[C@@H](CCCCN)C(=O)O)N[C@H](C(=O)O)C(C)C)N1CCC[C@H]1C(N[C@@H](CS)C(N[C@@H](CO)C(=O)O)N[C@@H](CS)C(=O)O)N[C@@H](CN[C@@H](CCCCN)C(=O)O)C(N[C@@H](CS)C(=O)O)N[C@@H](CCCCN)C(=O)O)C(NCC(N[C@@H](C(C)CC)C(N[C@@H](CS)C(=O)O)N[C@@H](Cc1ccc(O)cc1)C(=O)O)N1CCC[C@H]1C(N[C@@H](CCCNC(=N)N)C(=O)O)N[C@@H](CC(=O)O)C(=O)O)N[C@@H](CCC(N[C@@H](CS)C(=O)O)N[C@H](C(=O)O)C(C)CC)C(N[C@@H](CCCCN)C(=O)O)N[C@@H](CC(N)=O)C(=O)O,0,train,42
340,CSCC[C@H](NC(N[C@@H](Cc1c[nH]c2ccccc12)C(=O)O)[C@H](C)NC(N[C@@H](CC(N[C@@H](CC(=O)O)C(=O)O)N[C@@H](Cc1ccccc1)C(=O)O)C(=O)O)[C@H](CCC(N)N[C@@H](C(C)N[C@@H](C)C(=O)O)C(NCC(=O)O)N[C@@H](Cc1ccc(O)cc1)C(=O)O)NC(N[C@@H](CC(N[C@@H](CO)C(=O)O)N[C@@H](CC(C)C)C(=O)O)C(N[C@@H](CCCCN)C(=O)O)N[C@@H](CCCCN)C(=O)O)[C@H](CC(C)C)NC(N)CC[C@H](N)C(NCC(N[C@@H](CC(C)C)C(NCC(=O)O)N[C@@H](CCC(N)=O)C(=O)O)N1CCC[C@H]1C(N[C@@H](Cc1c[nH]c2ccccc12)C(=O)O)N1CCC[C@H]1C(=O)O)N1CCC[C@H]1C(N[C@@H](Cc1ccc(N[C@@H](CC(C)C)C(=O)O)cc1)C(N[C@@H](CCC(=O)O)C(=O)O)N[C@@H](CCC(=O)O)C(=O)O)N[C@@H](CC(C)C)C(N[C@@H](CCC(=O)O)C(=O)O)N[C@@H](CCC(=O)O)C(=O)O)C(=O)O,0,train,42
341,CCC(C)[C@H](NC([C@H](CC(C)C)NC(N[C@@H](CS)C(N[C@H](C(=O)O)C(C)C)N[C@H](C(=O)O)C(C)CC)[C@@H](N)CCCNC(=N)N)N1CCC[C@H]1C(O)N[C@@H](CS)C(=O)O)C(N[C@@H](Cc1ccccc1)C(=O)O)N1CCC[C@H]1C(=O)O,0,train,42
342,CC(C)C[C@H](Nc1ccc(C[C@H](NC([C@H](CN[C@@H](C(C)N[C@@H](C(C)C)C(N[C@@H](CCCNC(=N)N)C(=O)O)N[C@@H](Cc2ccc(O)cc2)C(=O)O)C(N[C@@H](CCC(=O)O)C(=O)O)N[C@@H](CC(=O)O)C(=O)O)NC(CN)N2CCC[C@H]2C(N[C@@H](CCC(N)NCC(N[C@@H](CC(N)=O)C(=O)O)N[C@@H](CC(=O)O)C(=O)O)C(N[C@@H](CC(N)N[C@@H](CC(C)C)C(=O)O)C(N[C@@H](CCC(N)=O)C(=O)O)N[C@@H](CCC(N)=O)C(=O)O)N[C@@H](CC(N[C@@H](CCCNC(=N)N)C(=O)O)N[C@@H](Cc2ccc(O)cc2)C(=O)O)C(N[C@@H](CC(N)=O)C(=O)O)N[C@@H](CC(C)C)C(=O)O)N2CCC[C@H]2C(N[C@@H](C)C(N[C@@H](Cc2ccccc2)C(=O)O)N[C@H](C(=O)O)C(C)C)N2CCC[C@H]2C(N[C@@H](CCCNC(=N)N)C(=O)O)N[C@@H](Cc2cnc[nH]2)C(=O)O)N2CCC[C@H]2C(N[C@@H](Cc2ccc(O)cc2)C(=O)O)N[C@@H](Cc2ccc(O)cc2)C(=O)O)C(N[C@@H](CCCNC(=N)N)C(=O)O)N[C@@H](Cc2ccccc2)C(=O)O)cc1)C(=O)O,0,train,42
343,CC(C)C[C@H](NC(N[C@@H](CC(=O)O)C(=O)O)[C@H](Cc1ccc(N[C@@H](Cc2cnc[nH]2)C(=O)O)cc1)NC(N[C@@H](CC(N[C@@H](C)C(=O)O)N[C@@H](CCCNC(=N)N)C(=O)O)C(N[C@@H](CCCCN)C(=O)O)N[C@@H](CC(C)C)C(=O)O)[C@H](Cc1cnc[nH]1)NC(N)CC[C@H](N)C(N[C@@H](C(C)N[C@@H](CCC(=O)O)C(=O)O)C(N[C@@H](CC(=O)O)C(=O)O)N[C@@H](CC(=O)O)C(=O)O)N[C@@H](CN[C@@H](CC(N[C@@H](C)C(=O)O)N[C@@H](CCCNC(=N)N)C(=O)O)C(=O)O)C(N[C@@H](CCC(=O)O)C(=O)O)N[C@H](C(=O)O)C(C)C)C(=O)O,0,train,42
344,CCC(C)[C@H](NC[C@H](NC(N[C@@H](CC(N)N[C@@H](CC(=O)O)C(=O)O)C(N[C@H](C(=O)O)C(C)C)N[C@H](C(=O)O)C(C)C)[C@H](Cc1ccc(N[C@@H](CS)C(N[C@@H](CS)C(=O)O)N[C@H](C(=O)O)C(C)CC)cc1)NC(N[C@@H](Cc1ccc(NCC(N[C@@H](Cc2c[nH]c3ccccc23)C(=O)O)N[C@@H](CC(O)N[C@@H](CS)C(=O)O)C(=O)O)cc1)C(N[C@@H](C(C)C)C(NCC(=O)O)N[C@H](C(=O)O)C(C)O)N[C@@H](Cc1ccc(N[C@@H](C)C(=O)O)cc1)C(NCC(=O)O)N[C@@H](CCC(N)=O)C(=O)O)[C@@H](N)C(C)N[C@@H](CCCCN)C(NCC(N[C@@H](CCCCN)C(NCC(=O)O)NCC(=O)O)N[C@@H](CCCCN)C(NCC(=O)O)N[C@@H](CC(C)C)C(=O)O)N[C@@H](CC(N)N[C@@H](CS)C(N[C@H](C(=O)O)C(C)CC)N1CCC[C@H]1C(=O)O)C(N[C@@H](C(C)C)C(NCC(=O)O)N[C@@H](CCCCN)C(=O)O)N[C@@H](Cc1c[nH]c2ccccc12)C(NCC(=O)O)N[C@@H](CCCCN)C(=O)O)C(NCC(=O)O)N[C@@H](CCC(N)=O)C(=O)O)C(=O)O,0,train,42
345,CCC(C)[C@H](NC(CC[C@H](NC(N[C@@H](Cc1ccc(N[C@@H](CCSC)C(=O)O)cc1)C(=O)O)[C@H](CC(N[C@@H](C(C)N[C@@H](C)C(=O)O)C(N[C@@H](CCC(N)=O)C(=O)O)N[C@H](C(=O)O)C(C)C)N[C@@H](CN[C@@H](CCC(N)=O)C(=O)O)C(N[C@@H](CCCCN)C(=O)O)N[C@@H](Cc1ccccc1)C(=O)O)NC(N[C@@H](CNCC(N[C@@H](CO)C(=O)O)N[C@@H](CCCCN)C(=O)O)C(N[C@@H](Cc1ccccc1)C(NCC(=O)O)N[C@@H](CC(N)=O)C(=O)O)N[C@@H](CC(C)C)C(N[C@@H](CCCNC(=N)N)C(=O)O)N[C@@H](CCSC)C(=O)O)[C@@H](N)Cc1cnc[nH]1)C(N[C@@H](CC(N)=O)C(=O)O)N[C@@H](CC(C)C)C(=O)O)N[C@@H](CCC(N)=O)C(=O)O)C(=O)O,0,train,42
346,CCC(C)[C@H](NC(N[C@@H](CCC(N)=O)C(=O)O)[C@H](C)NC[C@H](NC(N[C@@H](C)C(NCC(=O)O)N[C@@H](CCCCN)C(=O)O)[C@H](CCCCN)NC(N[C@@H](CCCCN)C(N[C@@H](C)C(N[C@@H](C)C(=O)O)N[C@@H](C)C(=O)O)N[C@@H](Cc1c[nH]c2ccccc12)C(NCC(=O)O)N[C@H](C(=O)O)C(C)C)[C@H](Cc1ccccc1)NC(CN)N[C@@H](Cc1c[nH]c2ccccc12)C(NCC(N[C@@H](C(C)C)C(N[C@@H](C)C(=O)O)N[C@@H](CC(C)C)C(=O)O)N[C@@H](CCCCN)C(N[C@@H](CCCCN)C(=O)O)N[C@@H](Cc1cnc[nH]1)C(=O)O)N[C@@H](C(C)C)C(NCC(NCC(=O)O)N[C@@H](CC(C)C)C(=O)O)NCC(N[C@@H](C)C(=O)O)N[C@@H](CC(N)=O)C(=O)O)C(N[C@@H](C)C(=O)O)N[C@@H](C)C(=O)O)C(=O)O,0,test,42
347,CC(C)[C@H](NC(N[C@@H](CCCNC(=N)N)C(N[C@@H](CCCNC(=N)N)C(=O)O)N[C@@H](CCCNC(=N)N)C(=O)O)[C@H](CN1CCC[C@H]1C(N[C@@H](C)C(=O)O)N[C@@H](CCCNC(=N)N)C(=O)O)NC(N[C@@H](CCCNC(=N)N)C(N[C@@H](CCCNC(=N)N)C(=O)O)N[C@@H](CCCNC(=N)N)C(=O)O)[C@H](CCCNC(=N)N)NC(N[C@@H](CCCNC(=N)N)C(N[C@@H](CCCNC(=N)N)C(N[C@@H](CCCNC(=N)N)C(N[C@@H](CCCNC(=N)N)C(=O)O)N[C@@H](CCCNC(=N)N)C(=O)O)N[C@@H](CN[C@H](C(=O)O)C(C)C)C(N[C@@H](CO)C(=O)O)N[C@@H](CCCNC(=N)N)C(=O)O)N[C@@H](CCCNC(=N)N)C(N[C@@H](C)C(N[C@@H](CCCNC(=N)N)C(=O)O)N[C@@H](CCCNC(=N)N)C(=O)O)N[C@@H](CCCNC(=N)N)C(N[C@@H](CCCNC(=N)N)C(=O)O)N1CCC[C@H]1C(=O)O)[C@H](C)N)C(N[C@@H](CCCNC(=N)N)C(=O)O)N[C@@H](CCCNC(=N)N)C(=O)O,0,test,42
348,CCC(C)[C@H](NC(CN)N[C@@H](CN1CCC[C@H]1C(N[C@@H](CS)C(N[C@@H](CCCCN)C(=O)O)N[C@@H](Cc1ccc(O)cc1)C(=O)O)N[C@@H](CN[C@H](C(=O)O)C(C)O)C(N[C@@H](CO)C(=O)O)N[C@@H](CS)C(=O)O)C(N[C@@H](C)C(N[C@@H](CCCCN)C(N[C@@H](C)C(=O)O)N[C@@H](CS)C(=O)O)N[C@@H](Cc1ccccc1)C(N[C@@H](CC(C)C)C(=O)O)N1CCC[C@H]1C(=O)O)N[C@@H](CS)C(NCC(N[C@@H](CCCCN)C(=O)O)N[C@@H](CC(N)=O)C(=O)O)N[C@@H](CCCCN)C(=O)O)C(NCC(N[C@@H](CS)C(=O)O)N[C@@H](Cc1ccc(O)cc1)C(=O)O)N[C@@H](CCC(N[C@H](C(=O)O)C(C)O)N1CCC[C@H]1C(=O)O)C(NCC(=O)O)N[C@@H](CS)C(=O)O,0,train,42
349,CCC(C)[C@H](NC(N[C@@H](Cc1ccc(O)cc1)C(=O)O)[C@H](CN[C@@H](CCC(N)=O)C(=O)O)NC(N[C@@H](CCCNC(=N)N)C(N[C@@H](CCC(=O)O)C(=O)O)N[C@@H](Cc1ccc(O)cc1)C(=O)O)[C@H](Cc1cnc[nH]1)NC(N[C@@H](CC(C)C)C(N[C@@H](CN[C@@H](CC(C)C)C(=O)O)C(N[C@@H](CCCNC(=N)N)C(=O)O)N[C@@H](CC(N)=O)C(=O)O)N[C@@H](Cc1ccccc1)C(N[C@@H](CO)C(=O)O)N[C@H](C(=O)O)C(C)C)[C@@H](NC(N[C@@H](C(C)C)C(N[C@@H](CCCNC(=N)N)C(N[C@@H](CN[C@@H](CCC(N)=O)C(=O)O)C(N[C@@H](Cc1ccc(O)cc1)C(=O)O)N[C@@H](CC(C)C)C(=O)O)N[C@@H](CN[C@@H](CCCCN)C(=O)O)C(N[C@@H](Cc1ccc(O)cc1)C(=O)O)N[C@H](C(=O)O)C(C)CC)N1CCC[C@H]1C(N[C@@H](CC(O)N[C@@H](Cc1ccccc1)C(=O)O)C(=O)O)N[C@@H](CCC(NCC(=O)O)N[C@@H](CCCNC(=N)N)C(=O)O)C(N[C@@H](CCCNC(=N)N)C(=O)O)N1CCC[C@H]1C(=O)O)[C@@H](N)CCCCN)C(C)C)C(=O)O,0,test,42
350,CCC(C)[C@H](NC(N[C@@H](CC(C)C)C(=O)O)[C@H](CNCC(N[C@@H](CCCNC(=N)N)C(=O)O)N[C@H](C(=O)O)C(C)O)NC(CN)N[C@@H](CN1CCC[C@H]1C(=O)O)C(NCC(=O)O)N[C@@H](Cc1ccccc1)C(=O)O)C(=O)O,0,train,42
351,CCC(C)[C@H](NC(N[C@@H](CS)C(=O)O)[C@H](CC(N)N[C@@H](CC(N)=O)C(=O)O)NC(N[C@@H](CCCCN)C(N[C@@H](CCCNC(=N)N)C(=O)O)N[C@H](C(=O)O)C(C)C)[C@H](CS)NC([C@H](Cc1ccccc1)NC(CN)N[C@@H](CC(N)NCC(N[C@H](C(=O)O)C(C)O)N1CCC[C@H]1C(O)N[C@@H](CC(N)=O)C(=O)O)C(N[C@@H](C(C)NCC(=O)O)C(N[C@@H](CS)C(=O)O)N[C@H](C(=O)O)C(C)O)N[C@@H](CCC(N[C@@H](CS)C(=O)O)N[C@@H](Cc1cnc[nH]1)C(=O)O)C(N[C@@H](C)C(=O)O)N1CCC[C@H]1C(=O)O)N1CCC[C@H]1C(N[C@@H](CS)C(N[C@@H](CO)C(=O)O)N[C@@H](CS)C(=O)O)N[C@@H](Cc1c[nH]c2ccccc12)C(N[C@@H](C)C(=O)O)N[C@H](C(=O)O)C(C)CC)C(=O)O,0,train,42
352,CC(C)C[C@H](NC(N)CC[C@H](NC(NCC(NCC(=O)O)N[C@@H](CCCNC(=N)N)C(=O)O)[C@H](CCCCN)NC(N[C@@H](CCC(N)N[C@@H](CS)C(NCC(N[C@@H](CS)C(=O)O)N[C@@H](Cc1ccccc1)C(=O)O)N[C@@H](CCCNC(=N)N)C(NCC(=O)O)N[C@@H](Cc1ccc(O)cc1)C(=O)O)C(NCC(N[C@@H](C)C(NCC(=O)O)N[C@@H](CO)C(=O)O)N[C@@H](CCCCN)C(N[C@H](C(=O)O)C(C)O)N1CCC[C@H]1C(=O)O)N[C@@H](CCC(N[C@@H](CS)C(N[C@@H](CC(=O)O)C(=O)O)N[C@@H](Cc1ccc(O)cc1)C(=O)O)N1CCC[C@H]1C(NCC(=O)O)N[C@@H](CS)C(=O)O)C(N[C@@H](CC(N)N[C@H](C(=O)O)C(C)C)C(NCC(=O)O)N[C@@H](CS)C(=O)O)N[C@@H](CS)C(N[C@@H](CO)C(=O)O)N[C@@H](CCC(N)=O)C(=O)O)[C@H](C)N)C(N[C@@H](CS)C(NCC(=O)O)N[C@@H](CCCNC(=N)N)C(=O)O)N[C@@H](CS)C(N[C@@H](CS)C(=O)O)N[C@@H](CCCNC(=N)N)C(=O)O)C(N[C@@H](CS)C(=O)O)N[C@@H](CCC(N)=O)C(=O)O,0,train,42
353,CC(C)C[C@H](NC(CC[C@H](NC(NCC(N[C@@H](CCCCN)C(=O)O)N1CCC[C@H]1C(O)N[C@H](C(=O)O)C(C)C)[C@H](C)N)C(NCC(=O)O)N[C@@H](C)C(=O)O)N[C@@H](CC(=O)O)C(=O)O)C(=O)O,0,test,42
354,CCC(C)[C@H](NC(N[C@@H](CCSC)C(N[C@@H](CS)C(=O)O)N[C@@H](CC(=O)O)C(=O)O)[C@H](CCCCN)NC(N[C@@H](C)C(N[C@@H](C(C)C)C(NCC(=O)O)N[C@@H](CO)C(=O)O)N[C@@H](CC(C)C)C(N[C@@H](CCCNC(=N)N)C(=O)O)N[C@@H](CCC(=O)O)C(=O)O)[C@@H](N)CCSC)C(N[C@@H](Cc1ccccc1)C(=O)O)N[C@@H](CC(N)NCC(=O)O)C(O)N[C@@H](CCCNC(=N)N)C(=O)O,0,train,42
355,CSCC[C@H](NC(N[C@@H](CCCCN)C(=O)O)[C@H](CC(N[C@@H](CS)C(NCC(=O)O)N[C@@H](CCC(N)=O)C(=O)O)N[C@@H](CCC(N[C@@H](CCC(N)=O)C(=O)O)N[C@@H](Cc1cnc[nH]1)C(=O)O)C(N[C@@H](CCC(N)=O)C(=O)O)N[C@@H](Cc1cnc[nH]1)C(=O)O)NC(CN)N[C@@H](C)C(N[C@@H](CCC(N)N[C@@H](CO)C(=O)O)C(N[C@@H](CCCCN)C(=O)O)N[C@@H](CCC(N)=O)C(=O)O)N[C@@H](Cc1ccccc1)C(N[C@@H](CCC(=O)O)C(=O)O)N[C@@H](Cc1cnc[nH]1)C(=O)O)C(=O)O,0,train,42
356,CCC(C)[C@H](NC(N[C@@H](CC(N)=O)C(=O)O)[C@H](CC(C)C)NC[C@H](NC(N[C@@H](CC(C)C)C(N[C@@H](CC(N)N[C@@H](C)C(=O)O)C(N[C@@H](CS)C(=O)O)N[C@@H](CCCCN)C(=O)O)N[C@@H](CCCCN)C(N[C@@H](CC(C)C)C(=O)O)N[C@H](C(=O)O)C(C)C)[C@@H](N)CN[C@@H](CCSC)C(N[C@@H](C(C)C)C(NCC(=O)O)N[C@H](C(=O)O)C(C)C)N[C@@H](CC(C)C)C(NCC(=O)O)N[C@@H](CC(C)C)C(=O)O)C(NCC(N[C@@H](CCCCN)C(=O)O)N[C@@H](CCC(N)=O)C(=O)O)N[C@@H](CCCCN)C(O)N[C@@H](CS)C(=O)O)C(=O)O,0,train,42
357,CCC(C)[C@H](NC(N[C@@H](CS)C(=O)O)[C@@H](NC(N[C@@H](CS)C(N[C@@H](CC(N)=O)C(=O)O)N[C@@H](Cc1c[nH]c2ccccc12)C(=O)O)[C@@H](NC(N[C@@H](CS)C(NCC(O)N[C@@H](CC(N)=O)C(=O)O)N[C@@H](CC(C)C)C(N[C@@H](CCCCN)C(=O)O)N[C@@H](Cc1ccc(O)cc1)C(=O)O)[C@H](CC(C)C)NC(CN)N1CCC[C@H]1C(NCC(N[C@@H](CS)C(=O)O)N[C@@H](CCCCN)C(=O)O)N[C@@H](CCC(N[C@@H](CC(N)=O)C(=O)O)N[C@H](C(=O)O)C(C)O)C(N[C@@H](CCCCN)C(=O)O)N1CCC[C@H]1C(=O)O)C(C)N[C@@H](C(C)N[C@@H](CS)C(=O)O)C(N[C@@H](CS)C(=O)O)N[C@H](C(=O)O)C(C)O)C(C)N1CCC[C@H]1C(=O)O)C(=O)O,0,train,42
358,CCC(C)[C@H](NC(N[C@@H](CCCNC(=N)N)C(O)N[C@H](C(=O)O)C(C)C)[C@H](CCC(N)N[C@@H](CC(C)C)C(N[C@@H](Cc1c[nH]c2ccccc12)C(=O)O)N[C@H](C(=O)O)C(C)C)NC(N[C@@H](C)C(NCC(N[C@@H](CO)C(=O)O)N[C@@H](CCCNC(=N)N)C(=O)O)N[C@@H](CS)C(N[C@@H](CS)C(=O)O)N[C@@H](CS)C(=O)O)[C@@H](NC([C@@H](N)CC(C)C)N1CCC[C@H]1C(N[C@@H](CCC(NCC(N[C@@H](CS)C(=O)O)N[C@@H](CC(C)C)C(=O)O)N[C@@H](C(C)C)C(NCC(=O)O)N[C@@H](CC(C)C)C(=O)O)C(NCC(N[C@@H](CCCNC(=N)N)C(=O)O)N[C@H](C(=O)O)C(C)O)N[C@@H](Cc1ccc(N[C@@H](CC(N)=O)C(=O)O)cc1)C(N[C@@H](Cc1cnc[nH]1)C(=O)O)N1CCC[C@H]1C(=O)O)N[C@@H](CC(N)N[C@@H](CS)C(N[C@@H](CS)C(=O)O)N[C@@H](CC(N)=O)C(=O)O)C(N[C@@H](CCC(N)N[C@@H](CO)C(=O)O)C(N[C@@H](CCCNC(=N)N)C(=O)O)N[C@@H](Cc1ccccc1)C(=O)O)N[C@@H](CCCNC(=N)N)C(N[C@@H](Cc1ccccc1)C(=O)O)N1CCC[C@H]1C(=O)O)C(C)C)C(=O)O,0,train,42
359,CSCC[C@H](NC([C@@H](NC(N[C@@H](Cc1cnc[nH]1)C(=O)O)[C@@H](N)Cc1ccccc1)C(C)C)N1CCC[C@H]1C(=O)O)C(=O)O,0,train,42
360,CC(C)[C@H](NC(O)[C@@H]1CCCN1C(C[C@H](N)C(N[C@@H](CC(=O)O)C(=O)O)N[C@@H](Cc1c[nH]c2ccccc12)C(=O)O)N[C@@H](Cc1c[nH]c2ccccc12)C(=O)O)C(=O)O,0,val,42
361,CCC(C)[C@H](NC(N[C@@H](C)C(=O)O)[C@H](CCC(N[C@@H](CS)C(=O)O)N[C@@H](Cc1ccccc1)C(=O)O)NC(CC[C@H](NC(N[C@@H](CCC(N[C@@H](CCCNC(=N)N)C(N[C@@H](Cc1ccccc1)C(=O)O)N[C@@H](Cc1ccccc1)C(=O)O)N[C@@H](CC(N[C@@H](CC(N)=O)C(=O)O)N1CCC[C@H]1C(=O)O)C(N[C@@H](C)C(=O)O)N[C@H](C(=O)O)C(C)C)C(N[C@@H](CCC(N[C@@H](CO)C(=O)O)N[C@H](C(=O)O)C(C)C)C(NCC(=O)O)N1CCC[C@H]1C(=O)O)N1CCC[C@H]1C(N[C@@H](CCC(N)=O)C(=O)O)N[C@H](C(=O)O)C(C)C)[C@@H](N)CC(N)N[C@@H](C)C(N[C@@H](CCCNC(=N)N)C(N[C@@H](CCCCN)C(=O)O)N[C@@H](CCCNC(=N)N)C(=O)O)N[C@@H](CCC(N[C@@H](CCC(=O)O)C(=O)O)N[C@H](C(=O)O)C(C)C)C(N[C@@H](CCC(=O)O)C(=O)O)N[C@H](C(=O)O)C(C)C)C(N[C@@H](C(C)N[C@@H](CO)C(=O)O)C(N[C@@H](CCCCN)C(=O)O)N[C@@H](CCCCN)C(=O)O)N[C@@H](CC(O)N[C@@H](CS)C(=O)O)C(=O)O)N[C@@H](CC(N[C@@H](CCCCN)C(=O)O)N[C@@H](CC(C)C)C(=O)O)C(N[C@@H](CCCCN)C(=O)O)N[C@H](C(=O)O)C(C)CC)C(=O)O,0,train,42
362,CC(C)C[C@H](NC(C)[C@H](NC(N[C@@H](C)C(N[C@@H](CCC(=O)O)C(=O)O)N[C@@H](Cc1ccccc1)C(=O)O)[C@@H](N)C(C)N[C@@H](CCCCN)C(NCC(O)N[C@@H](CCCNC(=N)N)C(=O)O)N[C@@H](CCC(NCC(=O)O)NCC(=O)O)C(NCC(=O)O)N[C@H](C(=O)O)C(C)C)C(N[C@@H](C)C(=O)O)N[C@@H](CCC(=O)O)C(=O)O)C(=O)O,0,train,42
363,N=C(N)NCCC[C@H](NC(N[C@@H](CCC(=O)O)C(=O)O)[C@@H]1CCCN1C(N[C@@H](Cc1c[nH]c2ccccc12)C(O)N[C@@H](CCC(=O)O)C(=O)O)[C@@H](N)CCCCN)C(=O)O,0,train,42
364,CCC(C)[C@H](NC[C@H](NC(N[C@@H](Cc1ccccc1)C(NCC(N[C@@H](Cc1ccccc1)C(=O)O)N[C@@H](Cc1ccccc1)C(=O)O)N[C@@H](CCCNC(=N)N)C(N[C@@H](C)C(=O)O)N[C@@H](CC(C)C)C(=O)O)[C@H](Cc1ccccc1)NC(N[C@@H](CN[C@@H](CC(N)N[C@@H](Cc1ccccc1)C(N[C@@H](Cc1ccccc1)C(=O)O)N1CCC[C@H]1C(=O)O)C(N[C@@H](C(C)C)C(N[C@@H](CCCCN)C(=O)O)N[C@@H](CCCCN)C(=O)O)N[C@@H](CCCNC(=N)N)C(=O)O)C(N[C@@H](C(C)C)C(N[C@@H](CCCCN)C(=O)O)N[C@@H](CC(C)C)C(=O)O)N[C@@H](CC(C)C)C(N[C@@H](CCCCN)C(=O)O)N[C@@H](Cc1c[nH]c2ccccc12)C(=O)O)[C@@H](N)CCSC)C(N[C@@H](C(C)CC)C(N[C@@H](CC(=O)O)C(=O)O)N[C@H](C(=O)O)C(C)CC)N[C@@H](CC(C)C)C(N[C@@H](CO)C(=O)O)N[C@@H](CCC(=O)O)C(=O)O)C(N[C@@H](CC(N)=O)C(=O)O)N[C@@H](Cc1ccccc1)C(=O)O,0,train,42
365,CCC(C)[C@H](NC(N[C@@H](CCSC)C(=O)O)[C@H](CNCC(N[C@@H](CCCNC(=N)N)C(=O)O)N[C@H](C(=O)O)C(C)O)NC(CN)N[C@@H](CN[C@@H](CO)C(=O)O)C(N[C@@H](Cc1ccccc1)C(=O)O)N1CCC[C@H]1C(=O)O)C(=O)O,0,train,42
366,CCC(C)[C@H](NC(N[C@@H](CCC(=O)O)C(=O)O)[C@H](CC(C)C)NC[C@H](N)C(N[C@@H](CC(N[C@@H](CCC(=O)O)C(=O)O)N[C@@H](CC(C)C)C(=O)O)C(N[C@@H](CCCNC(=N)N)C(=O)O)N[C@@H](CC(C)C)C(=O)O)N[C@@H](CCC(N[C@@H](CCC(=O)O)C(=O)O)N[C@@H](Cc1cnc[nH]1)C(=O)O)C(N[C@@H](CCC(=O)O)C(=O)O)N[C@H](C(=O)O)C(C)C)C(=O)O,0,train,42
367,CCC(C)[C@H](NC[C@H](NC(CN)N[C@@H](C)C(NCC(N[C@@H](CS)C(=O)O)N[C@@H](Cc1ccc(O)cc1)C(=O)O)N[C@@H](CCC(N[C@H](C(=O)O)C(C)O)N1CCC[C@H]1C(=O)O)C(NCC(=O)O)N[C@@H](CS)C(=O)O)C(N[C@@H](C)C(N[C@@H](CCCCN)C(N[C@@H](CCCCN)C(=O)O)N[C@@H](CCCCN)C(=O)O)N[C@@H](Cc1ccccc1)C(N[C@@H](CS)C(=O)O)N[C@H](C(=O)O)C(C)CC)N[C@@H](CS)C(N[C@@H](CCCCN)C(=O)O)N[C@@H](Cc1ccccc1)C(O)N[C@@H](CC(=O)O)C(=O)O)C(N[C@@H](CN[C@@H](CO)C(=O)O)C(N[C@@H](CO)C(=O)O)N[C@@H](CS)C(=O)O)N[C@@H](CS)C(N[C@@H](Cc1ccc(O)cc1)C(=O)O)N1CCC[C@H]1C(=O)O,0,val,42
368,CC(C)[C@H](NC(N[C@@H](CS)C(N[C@@H](CS)C(N[C@@H](CS)C(=O)O)N[C@@H](Cc1ccccc1)C(=O)O)N[C@H](C(=O)O)C(C)O)[C@@H](N)CCCNC(=N)N)C(NCC(=O)O)N[C@@H](CCCNC(=N)N)C(=O)O,0,train,42
369,CCC(C)[C@H](NC(N[C@@H](Cc1ccccc1)C(N[C@@H](CCCCN)C(=O)O)N[C@H](C(=O)O)C(C)C)[C@H](CS)NC(CC[C@H](NC([C@@H](N)Cc1cnc[nH]1)N1CCC[C@H]1C(N[C@@H](C(C)C)C(N[C@@H](CCCCN)C(=O)O)N[C@@H](CC(N)=O)C(=O)O)N[C@@H](CS)C(N[C@@H](CO)C(=O)O)N[C@@H](CS)C(=O)O)C(N[C@@H](CN[C@H](C(=O)O)C(C)C)C(NCC(=O)O)N[C@@H](CS)C(=O)O)N[C@@H](CCC(N[C@H](C(=O)O)C(C)O)N[C@H](C(=O)O)C(C)CC)C(N[C@H](C(=O)O)C(C)C)N[C@H](C(=O)O)C(C)O)NCC(N[C@@H](CS)C(=O)O)N1CCC[C@H]1C(O)N[C@@H](CC(=O)O)C(=O)O)C(N[C@@H](CS)C(=O)O)N[C@@H](Cc1ccc(O)cc1)C(=O)O,0,train,42
370,CC(C)[C@H](NC(N[C@@H](Cc1ccccc1)C(=O)O)[C@H](C)NC([C@@H](N)CC(N)NCC(N[C@@H](CCC(N)=O)C(=O)O)N1CCC[C@H]1C(=O)O)N1CCC[C@H]1C(N[C@@H](CCCNC(=N)N)C(=O)O)N[C@@H](Cc1ccccc1)C(=O)O)C(=O)O,0,train,42
371,CCC(C)[C@H](NC(N[C@@H](CCCCN)C(NCC(N[C@@H](CO)C(=O)O)N[C@@H](CCCCN)C(=O)O)N[C@@H](CCCCN)C(N[C@@H](CCCCN)C(=O)O)N[C@H](C(=O)O)C(C)CC)[C@H](Cc1ccccc1)NC(CN)N[C@@H](Cc1ccccc1)C(N[C@@H](CNCC(N[C@@H](C)C(=O)O)N[C@@H](CC(C)C)C(N[C@@H](CS)C(=O)O)N[C@@H](CCC(=O)O)C(=O)O)C(N[C@@H](C(C)C)C(N[C@@H](CCCCN)C(=O)O)N[C@@H](CC(N)=O)C(=O)O)N[C@@H](C)C(NCC(=O)O)N[C@@H](CC(C)C)C(=O)O)N[C@@H](CC(C)C)C(N[C@@H](C(C)CC)C(NCC(=O)O)N[C@@H](CC(C)C)C(=O)O)N[C@@H](CCCCN)C(N[C@@H](CCCCN)C(=O)O)N[C@@H](CCSC)C(=O)O)C(N[C@@H](C(C)N[C@H](C(=O)O)C(C)C)C(NCC(=O)O)N[C@@H](CS)C(=O)O)N[C@@H](C)C(N[C@@H](CC(=O)O)C(=O)O)N[C@@H](CC(C)C)C(=O)O,0,train,42
372,CCC(C)[C@H](NC(N[C@@H](CS)C(=O)O)[C@@H](NC(N[C@@H](Cc1cnc[nH]1)C(N[C@@H](CCCNC(=N)N)C(=O)O)N[C@@H](Cc1ccc(O)cc1)C(=O)O)[C@H](CCC(N)N[C@@H](CS)C(NCC(=O)O)N[C@@H](CC(C)C)C(=O)O)NC(C[C@H](N)C(N[C@@H](C)C(N[C@@H](CS)C(=O)O)N[C@H](C(=O)O)C(C)CC)N[C@@H](CS)C(N[C@@H](CN[C@@H](CC(N)=O)C(=O)O)C(=O)O)N1CCC[C@H]1C(=O)O)N[C@@H](CC(C)C)C(N[C@@H](C(C)N[C@@H](CS)C(=O)O)C(N[C@@H](CCCCN)C(=O)O)N[C@@H](Cc1cnc[nH]1)C(=O)O)N[C@@H](CCC(NCC(=O)O)N1CCC[C@H]1C(=O)O)C(N[C@@H](CS)C(=O)O)N[C@@H](Cc1ccc(O)cc1)C(=O)O)C(C)C)C(=O)O,0,train,42
373,CCC(C)[C@H](NC(N[C@@H](CCC(N[C@@H](CCCNC(=N)N)C(=O)O)N[C@@H](Cc1ccc(O)cc1)C(=O)O)C(O)N[C@@H](C)C(=O)O)[C@H](CCC(N[C@@H](CC(N[C@@H](CC(=O)O)C(=O)O)N[C@@H](CC(=O)O)C(=O)O)C(N[C@@H](CCCCN)C(=O)O)N[C@H](C(=O)O)C(C)C)N[C@@H](CC(N)N[C@@H](CC(C)C)C(=O)O)C(N[C@@H](CC(=O)O)C(=O)O)N1CCC[C@H]1C(=O)O)NC([C@@H](N)CCC(N[C@@H](C)C(N[C@@H](Cc1c[nH]c2ccccc12)C(N[C@@H](C)C(=O)O)N[C@H](C(=O)O)C(C)O)N[C@@H](CC(C)C)C(N[C@H](C(=O)O)C(C)O)N1CCC[C@H]1C(=O)O)N[C@@H](CC(N[C@@H](CC(C)C)C(N[C@@H](CC(=O)O)C(=O)O)N[C@@H](Cc1cnc[nH]1)C(=O)O)N[C@@H](Cc1ccc(N2CCC[C@H]2C(=O)O)cc1)C(N[C@@H](CC(C)C)C(=O)O)N[C@H](C(=O)O)C(C)CC)C(NCC(N[C@H](C(=O)O)C(C)CC)N[C@H](C(=O)O)C(C)CC)N[C@@H](CCCCN)C(N[C@@H](CO)C(=O)O)N1CCC[C@H]1C(=O)O)N1CCC[C@H]1C(N[C@@H](C)C(=O)O)N[C@@H](CCCNC(=N)N)C(=O)O)C(N[C@@H](CCCNC(=N)N)C(=O)O)N[C@@H](CC(N)=O)C(=O)O,0,test,42
374,C[C@H](NC(N[C@@H](CCCNC(=N)N)C(O)N[C@@H](Cc1ccccc1)C(=O)O)[C@@H](N)CCCNC(=N)N)C(N[C@@H](CCCNC(=N)N)C(=O)O)N1CCC[C@H]1C(=O)O,0,train,42
375,CCC(C)[C@H](NC(N[C@@H](CCCCN)C(=O)O)[C@H](CC(C)C)NC(N[C@@H](CN[C@@H](CCCCN)C(O)N[C@@H](CC(C)C)C(=O)O)C(N[C@@H](C)C(=O)O)N[C@@H](CC(C)C)C(=O)O)[C@H](Cc1ccccc1)NC(CN)NCC(NCC(N[C@@H](CC(N)=O)C(=O)O)N[C@@H](CC(C)C)C(=O)O)N[C@@H](CC(C)C)C(NCC(=O)O)N[C@H](C(=O)O)C(C)O)C(=O)O,0,train,42
376,CCC(C)[C@H](NC(N[C@@H](CCCCN)C(N[C@@H](C)C(=O)O)N[C@@H](CCCCN)C(=O)O)[C@H](Cc1c[nH]c2ccccc12)NC(CN)N[C@@H](CC(C)C)C(N[C@@H](CN[C@@H](CCC(N[C@@H](C)C(=O)O)N[C@@H](CCSC)C(=O)O)C(NCC(=O)O)N[C@@H](Cc1ccccc1)C(=O)O)C(N[C@@H](C)C(N[C@@H](CCSC)C(=O)O)N[C@@H](CCC(=O)O)C(=O)O)N[C@@H](C)C(N[C@@H](CC(N)=O)C(=O)O)N[C@H](C(=O)O)C(C)C)N[C@@H](CCCCN)C(N[C@@H](CCCCN)C(O)N[C@H](C(=O)O)C(C)C)N[C@H](C(=O)O)C(C)O)C(NCC(=O)O)N[C@@H](C)C(=O)O,0,test,42
377,CCC(C)[C@H](NC(C[C@H](N)C(N[C@@H](C(C)CC)C(N[C@@H](C(C)N[C@@H](CCCNC(=N)N)C(=O)O)C(N[C@@H](CCC(N)=O)C(=O)O)N[C@H](C(=O)O)C(C)O)N[C@@H](Cc1cnc[nH]1)C(N[C@@H](Cc1c[nH]c2ccccc12)C(=O)O)N1CCC[C@H]1C(=O)O)N1CCC[C@H]1C(N[C@@H](CC(NCC(=O)O)N[C@@H](Cc1ccccc1)C(=O)O)C(NCC(=O)O)N[C@@H](CC(N)=O)C(=O)O)N[C@@H](CCCNC(=N)N)C(N[C@@H](CCCNC(=N)N)C(=O)O)N[C@@H](CCC(N)=O)C(=O)O)N[C@@H](CCC(N)N[C@@H](CCCCN)C(N[C@@H](CC(N)=O)C(=O)O)N[C@@H](Cc1c[nH]c2ccccc12)C(=O)O)C(N[C@@H](CCCCN)C(N[C@@H](CC(N)=O)C(=O)O)N1CCC[C@H]1C(=O)O)N1CCC[C@H]1C(N[C@@H](CC(N)=O)C(=O)O)N[C@H](C(=O)O)C(C)C)C(NCC(N[C@@H](C(C)CC)C(N[C@@H](CO)C(=O)O)N[C@@H](CCCCN)C(=O)O)N[C@H](C(=O)O)C(C)CC)N[C@@H](C(C)CC)C(N[C@H](C(=O)O)C(C)CC)N1CCC[C@H]1C(=O)O,0,train,42
378,CCC(C)[C@H](NC([C@@H](N)C(C)C)N1CCC[C@H]1C(N[C@@H](C)C(N[C@@H](CCSC)C(=O)O)N[C@@H](CCSC)C(=O)O)N[C@@H](CN[C@@H](CCC(N)=O)C(=O)O)C(N[C@@H](Cc1cnc[nH]1)C(=O)O)N[C@H](C(=O)O)C(C)C)C(N[C@@H](C(C)C)C(N[C@@H](CCC(N[C@@H](CS)C(=O)O)N[C@@H](CCCNC(=N)N)C(=O)O)C(=O)O)N[C@@H](C)C(N[C@@H](CO)C(=O)O)N[C@@H](CCCNC(=N)N)C(=O)O)N[C@@H](Cc1ccccc1)C(N[C@@H](C(C)C)C(N[C@@H](CS)C(=O)O)N[C@@H](Cc1ccc(O)cc1)C(=O)O)N[C@@H](C)C(N[C@@H](C)C(=O)O)N[C@@H](C)C(=O)O,0,train,42
379,CC(C)[C@H](NC([C@H](CCCNC(=N)N)NC(N[C@@H](CCCNC(=N)N)C(N[C@@H](C)C(N[C@@H](CCCNC(=N)N)C(N[C@@H](CCCNC(=N)N)C(=O)O)N[C@@H](CCCNC(=N)N)C(=O)O)N[C@H](C(=O)O)C(C)N[C@@H](CCCNC(=N)N)C(=O)O)N[C@@H](CCCNC(=N)N)C(N[C@@H](CCCNC(=N)N)C(=O)O)N[C@@H](CCCNC(=N)N)C(=O)O)[C@H](CCCNC(=N)N)NC(N[C@@H](CCCNC(=N)N)C(N[C@@H](C)C(N[C@@H](CCCNC(=N)N)C(N[C@@H](C)C(=O)O)N[C@@H](CCCNC(=N)N)C(=O)O)N[C@@H](CCCNC(=N)N)C(N[C@@H](CCCNC(=N)N)C(=O)O)N[C@H](C(=O)O)C(C)C)N[C@@H](Cc1cnc[nH]1)C(N[C@@H](CCCNC(=N)N)C(N[C@@H](CCCNC(=N)N)C(=O)O)N[C@@H](CCCNC(=N)N)C(=O)O)N[C@@H](CCCNC(=N)N)C(N[C@@H](CCCNC(=N)N)C(=O)O)N[C@@H](Cc1cnc[nH]1)C(=O)O)[C@@H]1CCCN1)N1CCC[C@H]1C(N[C@@H](CO)C(=O)O)N[C@@H](CO)C(=O)O)C(N[C@@H](CCCNC(=N)N)C(=O)O)N[C@H](C(=O)O)C(C)C,0,val,42
380,CCC(C)[C@H](NC(CC[C@H](NC(CC[C@H](NC(N[C@@H](C)C(N[C@@H](CCC(N[C@@H](CCCCN)C(=O)O)N[C@@H](CCC(=O)O)C(=O)O)C(N[C@@H](C)C(=O)O)N[C@@H](CCC(=O)O)C(=O)O)N[C@@H](CCC(N[C@@H](CCC(=O)O)C(=O)O)N[C@@H](CCC(=O)O)C(=O)O)C(N[C@@H](C)C(=O)O)N[C@@H](CCC(=O)O)C(=O)O)[C@@H](N)CCCCN)C(N[C@@H](CCCCN)C(=O)O)N[C@@H](CC(N)=O)C(=O)O)N[C@@H](C(C)C)C(N[C@@H](CCCCN)C(=O)O)N[C@@H](CCC(=O)O)C(=O)O)C(N[C@@H](C)C(=O)O)N[C@@H](CCC(=O)O)C(=O)O)N[C@@H](CCCCN)C(=O)O)C(=O)O,0,train,42
381,CCC(C)[C@H](NC(CN)N[C@@H](CC(C)C)C(N[C@@H](C)C(N[C@@H](CCCNC(=N)N)C(=O)O)N[C@@H](CC(N)=O)C(=O)O)N[C@@H](CCCCN)C(N[C@@H](CC(C)C)C(=O)O)N[C@H](C(=O)O)C(C)C)C(N[C@@H](C(C)C)C(N[C@@H](CCCCN)C(=O)O)N[C@@H](CC(C)C)C(=O)O)N[C@@H](CC(N[C@@H](C(C)NCC(=O)O)C(O)N[C@H](C(=O)O)C(C)CC)N[C@@H](CC(C)C)C(=O)O)C(NCC(=O)O)N[C@H](C(=O)O)C(C)C,0,test,42
382,CC(C)C[C@H](NC(N[C@@H](Cc1ccccc1)C(O)N[C@H](C(=O)O)C(C)C)[C@H](C)NC(NCC(N[C@@H](CCC(N)=O)C(=O)O)N[C@@H](Cc1ccccc1)C(=O)O)[C@H](C)N)C(N[C@@H](CCCNC(=N)N)C(=O)O)N1CCC[C@H]1C(=O)O,0,train,42
383,CCC(C)[C@H](NC([C@H](C)NC(CNC[C@H](N)C(N[C@@H](CCC(N)N[C@@H](CC(=O)O)C(=O)O)C(NCC(=O)O)N[C@@H](CCC(N)=O)C(=O)O)N[C@@H](CC(C)C)C(N[C@@H](C(C)C)C(N[C@@H](CO)C(=O)O)N[C@@H](Cc1ccccc1)C(=O)O)N[C@@H](CC(C)C)C(N[C@@H](CCCNC(=N)N)C(=O)O)N[C@H](C(=O)O)C(C)C)N[C@@H](Cc1ccccc1)C(NCC(=O)O)N[C@@H](Cc1ccccc1)C(=O)O)N1CCC[C@H]1C(=O)O)C(=O)O,0,train,42
384,CC(C)C[C@H](NC(N)C[C@H](NC(N[C@@H](CCC(=O)O)C(=O)O)[C@@H]1CCCN1C(N[C@@H](CCC(N[C@@H](CCC(=O)O)C(=O)O)N[C@@H](CC(N)=O)C(=O)O)C(N[C@@H](C)C(=O)O)N[C@@H](CCC(=O)O)C(=O)O)[C@@H](N)CCCCN)C(N[C@@H](CCC(=O)O)C(=O)O)N[C@@H](Cc1cnc[nH]1)C(=O)O)C(=O)O,0,train,42
385,CSCC[C@H](NC(O)[C@@H]1CCCN1C(C[C@H](N)C(N[C@@H](C)C(=O)O)N[C@@H](Cc1ccccc1)C(=O)O)N1CCC[C@H]1C(N[C@@H](CCCNC(=N)N)C(=O)O)N1CCC[C@H]1C(=O)O)C(=O)O,0,train,42
386,CC(C)C[C@H](NC(CNC(C[C@H](N)C(N[C@H](C(=O)O)C(C)O)N1CCC[C@H]1C(=O)O)N[C@@H](Cc1ccc(O)cc1)C(=O)O)N[C@@H](CCCNC(=N)N)C(=O)O)C(=O)O,0,train,42
387,CCC(C)[C@H](NC(N[C@@H](Cc1ccc(N[C@@H](CS)C(=O)O)cc1)C(N[C@@H](CO)C(=O)O)N[C@@H](CC(=O)O)C(=O)O)[C@H](C)NC(N[C@@H](CS)C(N[C@@H](C(C)C)C(N[C@@H](CO)C(=O)O)N[C@@H](CS)C(=O)O)N[C@@H](CS)C(NCC(=O)O)N[C@@H](CC(C)C)C(=O)O)[C@@H](NC(CN)N1CCC[C@H]1C(N[C@@H](CN[C@H](C(=O)O)C(C)O)C(N[C@@H](C)C(=O)O)N[C@@H](CC(C)C)C(=O)O)N[C@@H](CCC(N[C@@H](CS)C(O)N[C@@H](CC(N)=O)C(=O)O)N1CCC[C@H]1C(N[C@@H](CS)C(=O)O)N[C@@H](Cc1ccc(O)cc1)C(=O)O)C(N[C@H](C(=O)O)C(C)C)N[C@H](C(=O)O)C(C)O)C(C)CC)C(N[C@@H](CCCCN)C(=O)O)N[C@H](C(=O)O)C(C)C,0,train,42
388,CC(C)C[C@H](NC(N[C@@H](Cc1ccccc1)C(=O)O)[C@H](CN[C@@H](CC(=O)O)C(=O)O)NC(C[C@H](NC(NCC(N[C@@H](CO)C(=O)O)N[C@@H](CO)C(=O)O)[C@H](C)N)C(N[C@@H](C)C(O)N[C@@H](CCCNC(=N)N)C(=O)O)N1CCC[C@H]1C(NCC(=O)O)N[C@H](C(=O)O)C(C)C)N[C@@H](CC(N[C@@H](C)C(=O)O)N[C@@H](CCC(=O)O)C(=O)O)C(NCC(=O)O)NCC(=O)O)C(=O)O,0,test,42
389,CCC(C)[C@H](NC(CN)N[C@@H](CC(C)C)C(N[C@@H](C(C)N[C@@H](CCCCN)C(=O)O)C(N[C@@H](CCC(=O)O)C(=O)O)N[C@@H](CC(C)C)C(=O)O)N[C@@H](CCC(N)N[C@@H](CCC(N[C@H](C(=O)O)C(C)C)N[C@H](C(=O)O)C(C)O)C(NCC(=O)O)N[C@H](C(=O)O)C(C)CC)C(N[C@@H](CC(C)C)C(=O)O)N[C@@H](CCCCN)C(N[C@@H](CO)C(=O)O)N[C@@H](CCC(N)=O)C(=O)O)C(N[C@@H](C(C)CC)C(NCC(=O)O)N[C@@H](C)C(=O)O)N[C@@H](CCCCN)C(NCC(=O)O)N[C@@H](CC(C)C)C(=O)O,0,train,42
390,CSCC[C@H](NC(N[C@@H](CC(N)N[C@@H](CCCCN)C(=O)O)C(N[C@@H](CO)C(=O)O)N[C@H](C(=O)O)C(C)C)[C@H](CC(N)N1CCC[C@H]1C(N[C@@H](C)C(=O)O)N[C@@H](Cc1ccccc1)C(=O)O)NC(N[C@@H](CCCNC(=N)N)C(N[C@@H](CCC(N)N[C@@H](Cc1c[nH]c2ccccc12)C(N[C@@H](CS)C(=O)O)N[C@@H](CCCNC(=N)N)C(=O)O)C(N[C@@H](Cc1ccccc1)C(=O)O)N[C@@H](C)C(O)N[C@@H](CO)C(=O)O)N[C@@H](CC(C)C)C(N[C@@H](CCCNC(=N)N)C(N[C@@H](CO)C(=O)O)N[C@@H](CO)C(=O)O)N[C@@H](CN[C@@H](Cc1c[nH]c2ccccc12)C(=O)O)C(N[C@@H](CCCCN)C(=O)O)N[C@@H](CC(N)=O)C(=O)O)[C@@H](N)CCSC)C(NCC(=O)O)N[C@H](C(=O)O)C(C)O,0,train,42
391,CCC(C)[C@H](NC(N[C@@H](CC(N[C@@H](CO)C(=O)O)N[C@H](C(=O)O)C(C)C)C(NCC(=O)O)N[C@@H](CO)C(=O)O)[C@@H](NC(N[C@@H](C(C)N[C@@H](CCCNC(=N)N)C(NCC(=O)O)N[C@@H](CCCCN)C(=O)O)C(NCC(N[C@@H](CCC(N)=O)C(=O)O)N[C@H](C(=O)O)C(C)CC)N[C@@H](C(C)C)C(N[C@@H](CC(C)C)C(=O)O)N[C@H](C(=O)O)C(C)O)[C@@H](NC(N[C@@H](CCCCN)C(N[C@@H](C(C)CC)C(NCC(N[C@@H](CCCNC(=N)N)C(=O)O)N[C@@H](CC(=O)O)C(=O)O)N[C@@H](CC(C)C)C(N[C@@H](CCC(N)=O)C(=O)O)N[C@@H](Cc1ccccc1)C(=O)O)N[C@@H](C)C(N[C@@H](C)C(NCC(=O)O)N[C@@H](CC(C)C)C(=O)O)N[C@@H](CCCCN)C(N[C@@H](CCC(N)=O)C(=O)O)N[C@@H](CC(C)C)C(=O)O)[C@@H](N)CCSC)C(C)N[C@@H](CCCNC(=N)N)C(N[C@@H](C)C(N[C@@H](C(C)N[C@@H](CO)C(=O)O)C(N[C@@H](C)C(=O)O)N[C@@H](CC(=O)O)C(=O)O)N[C@@H](CCCNC(=N)N)C(=O)O)N[C@@H](CCCNC(=N)N)C(N[C@@H](CCC(N)=O)C(=O)O)N[C@H](C(=O)O)C(C)O)C(C)N[C@@H](CC(C)C)C(N[C@@H](C)C(=O)O)N[C@@H](CCC(N)=O)C(=O)O)C(N[C@@H](CC(=O)O)C(=O)O)N[C@@H](CC(C)C)C(=O)O,0,train,42
392,CC(C)C[C@H](NC(N[C@@H](Cc1ccccc1)C(=O)O)[C@H](CC(N[C@@H](Cc1cnc[nH]1)C(=O)O)N[C@H](C(=O)O)C(C)C)NC(C)[C@H](N)C(N[C@@H](C(C)C)C(N[C@@H](CCCNC(=N)N)C(=O)O)N[C@@H](Cc1ccccc1)C(=O)O)N[C@@H](CC(=O)O)C(=O)O)C(=O)O,0,train,42
393,CC(C)[C@H](NC(CNC(N[C@H](C(=O)O)C(C)O)[C@@H](N)Cc1ccc(NCC(N2CCC[C@H]2C(=O)O)N2CCC[C@H]2C(=O)O)cc1)N[C@@H](Cc1ccccc1)C(=O)O)C(=O)O,0,test,42
394,C[C@H](NC(N)CC[C@H](N)C(N[C@@H](CN[C@@H](CC(N)=O)C(=O)O)C(=O)O)N[C@@H](CCCCN)C(NCC(=O)O)N[C@@H](CO)C(=O)O)C(NCC(=O)O)N[C@@H](CCC(N)=O)C(=O)O,0,val,42
395,CCC(C)[C@H](NC(N[C@@H](CO)C(=O)O)[C@H](C)NC(N[C@@H](C(C)C)C(N[C@@H](CS)C(=O)O)N[C@@H](CCCCN)C(=O)O)[C@H](CC(C)C)NC(N[C@@H](CCCCN)C(N[C@@H](CC(N)N[C@@H](CS)C(=O)O)C(=O)O)N[C@@H](CCCCN)C(NCC(=O)O)N[C@@H](CC(=O)O)C(=O)O)[C@H](CC(C)C)NC(CN)N[C@@H](CC(C)C)C(NCC(N[C@@H](CCCCN)C(N[C@@H](CO)C(=O)O)N[C@@H](CC(=O)O)C(=O)O)N[C@@H](Cc1cnc[nH]1)C(N[C@@H](CCCCN)C(=O)O)N[C@@H](CC(C)C)C(=O)O)N[C@@H](CN[C@@H](CCCCN)C(N[C@@H](C)C(=O)O)N[C@H](C(=O)O)C(C)C)C(NCC(N[C@@H](CCSC)C(=O)O)N[C@@H](CC(C)C)C(=O)O)N[C@@H](C(C)C)C(N[C@@H](CO)C(=O)O)N[C@H](C(=O)O)C(C)C)C(=O)O,0,train,42
396,CCC(C)[C@H](NC(N[C@@H](Cc1ccccc1)C(=O)O)[C@@H]1CCCN1C([C@H](Cc1ccc(N[C@@H](CCCCN)C(NCC(=O)O)N[C@@H](CO)C(=O)O)cc1)NC(CN)N[C@@H](CCCNC(=N)N)C(N[C@@H](CC(N)=O)C(=O)O)N[C@@H](Cc1ccccc1)C(=O)O)N1CCC[C@H]1C(=O)O)C(=O)O,0,train,42
397,CCC(C)[C@H](NC(N[C@@H](Cc1ccc(O)cc1)C(=O)O)[C@H](CC(N[C@@H](CCCNC(=N)N)C(=O)O)N[C@@H](Cc1cnc[nH]1)C(=O)O)NC(N[C@@H](C)C(N[C@@H](CC(N)=O)C(=O)O)N[C@@H](CC(C)C)C(=O)O)[C@H](CCCCN)NC([C@H](Cc1ccc(N2CCC[C@H]2C(NCC(N[C@@H](C)C(=O)O)N[C@@H](CC(C)C)C(=O)O)N2CCC[C@H]2C(N[C@@H](CO)C(=O)O)N[C@@H](Cc2ccccc2)C(=O)O)cc1)NC([C@H](C)N)N1CCC[C@H]1C(N[C@@H](CN[C@@H](C)C(=O)O)C(N[C@@H](CCC(N)=O)C(=O)O)N[C@@H](Cc1ccc(O)cc1)C(=O)O)N[C@@H](CCC(N[C@@H](CCC(=O)O)C(=O)O)N1CCC[C@H]1C(O)N[C@@H](Cc1ccc(O)cc1)C(=O)O)C(N[C@@H](CCC(=O)O)C(=O)O)N[C@H](C(=O)O)C(C)CC)N1CCC[C@H]1C(N[C@@H](C)C(N[C@H](C(=O)O)C(C)C)N[C@H](C(=O)O)C(C)O)N[C@@H](CN[C@@H](CCCNC(=N)N)C(=O)O)C(N[C@@H](CCCNC(=N)N)C(=O)O)N[C@@H](CCC(N)=O)C(=O)O)C(=O)O,0,train,42
398,CC(C)C[C@H](NC(N[C@@H](Cc1cnc[nH]1)C(=O)O)[C@@H](NC(N[C@@H](CN[C@@H](CC(C)C)C(NCC(=O)O)N[C@@H](C)C(=O)O)C(N[C@@H](CCC(N)=O)C(=O)O)N[C@@H](CNCC(=O)O)C(N[C@H](C(=O)O)C(C)O)N1CCC[C@H]1C(=O)O)[C@H](CN[C@@H](CC(C)C)C(NCC(N[C@@H](CCCNC(=N)N)C(=O)O)N[C@H](C(=O)O)C(C)O)N[C@@H](CCCCN)C(N[C@@H](CC(=O)O)C(=O)O)N[C@H](C(=O)O)C(C)C)NC(N[C@@H](CC(N)N[C@@H](CS)C(N[C@@H](CCCCN)C(=O)O)N[C@@H](CC(C)C)C(=O)O)C(N[C@@H](C(C)C)C(N[C@@H](CCC(N)=O)C(=O)O)N[C@H](C(=O)O)C(C)O)N[C@@H](CC(C)C)C(N[C@@H](Cc1ccc(O)cc1)C(=O)O)N1CCC[C@H]1C(=O)O)[C@@H](N)CS)C(C)N[C@@H](CCC(=O)O)C(=O)O)C(=O)O,0,train,42
399,CSCC[C@H](NC[C@H](NC(N[C@@H](CCC(N)=O)C(=O)O)[C@@H](N)CCC(N)N1CCC[C@H]1C(N[C@@H](CC(=O)O)C(=O)O)N[C@@H](Cc1ccccc1)C(=O)O)C(N[C@@H](CCCNC(=N)N)C(=O)O)N[C@@H](Cc1ccccc1)C(=O)O)C(=O)O,0,train,42
400,CC(C)C[C@H](NC(N[C@@H](CO)C(=O)O)[C@@H](NC(N[C@@H](C)C(NCC(=O)O)N[C@@H](CCC(N)=O)C(=O)O)[C@H](C)NC(N[C@@H](CC(C)C)C(NCC(O)N[C@@H](CS)C(=O)O)N[C@@H](CCCCN)C(=O)O)[C@H](Cc1ccccc1)NC(CN)N[C@@H](Cc1ccccc1)C(N[C@@H](CC(N)N[C@@H](Cc1ccccc1)C(N[C@@H](CC(N)=O)C(=O)O)N[C@@H](CC(C)C)C(=O)O)C(N[C@@H](C)C(N[C@@H](C)C(=O)O)N[C@@H](Cc1cnc[nH]1)C(=O)O)N[C@@H](CCCCN)C(N[C@@H](CO)C(=O)O)N[C@@H](CS)C(=O)O)N[C@@H](CC(C)C)C(N[C@@H](CCCCN)C(N[C@@H](CCCNC(=N)N)C(=O)O)N[C@@H](CC(C)C)C(=O)O)N[C@@H](CC(N)N[C@@H](CCCCN)C(=O)O)C(N[C@@H](CO)C(=O)O)N[C@@H](CC(C)C)C(=O)O)C(C)N[C@@H](CCCCN)C(=O)O)C(=O)O,0,val,42
401,CCC(C)[C@H](NC(N[C@@H](Cc1ccc(N[C@@H](CC(N)NCC(=O)O)C(=O)O)cc1)C(N[C@@H](CS)C(=O)O)N[C@@H](CC(N)=O)C(=O)O)[C@@H](N)CS)C(N[C@H](C(=O)O)C(C)C)N1CCC[C@H]1C(=O)O,0,train,42
402,CCC(C)[C@H](NC(NCC(=O)O)[C@@H]1CCCN1C(N[C@@H](CN[C@@H](Cc1cnc[nH]1)C(=O)O)C(N[C@@H](Cc1ccc(O)cc1)C(=O)O)N[C@@H](Cc1ccc(O)cc1)C(=O)O)[C@@H](N)CC(C)C)C(=O)O,0,train,42
403,CSCC[C@H](N)C(N[C@@H](CC(N)N[C@@H](CN[C@@H](CC(N)=O)C(=O)O)C(=O)O)C(N[C@@H](CO)C(=O)O)N[C@@H](CCC(N)=O)C(=O)O)N[C@@H](CC(N)N[C@@H](CN[C@H](C(=O)O)C(C)O)C(N[C@@H](CCC(N)=O)C(=O)O)N[C@@H](Cc1c[nH]c2ccccc12)C(=O)O)C(N[C@@H](CC(C)C)C(N[C@@H](C)C(=O)O)N[C@@H](CCCNC(=N)N)C(=O)O)N[C@@H](CS)C(N[C@@H](Cc1c[nH]c2ccccc12)C(=O)O)N[C@@H](Cc1c[nH]c2ccccc12)C(=O)O,0,train,42
404,CCC(C)[C@H](NC(N[C@@H](CO)C(=O)O)[C@H](CN[C@@H](CCC(=O)O)C(=O)O)NC(N[C@@H](CC(N)NCC(=O)O)C(O)N[C@@H](Cc1ccccc1)C(=O)O)[C@@H](N)CN[C@@H](C(C)C)C(N[C@H](C(=O)O)C(C)CC)N1CCC[C@H]1C(=O)O)C(=O)O,0,train,42
405,CCC(C)[C@H](NC(N[C@H](C(=O)O)C(C)C)[C@@H](NC(N[C@@H](C)C(N[C@@H](C)C(=O)O)N[C@@H](CCC(=O)O)C(=O)O)[C@H](CN[C@@H](CN[C@H](C(=O)O)C(C)C)C(N[C@H](C(=O)O)C(C)C)N1CCC[C@H]1C(=O)O)NC(N[C@@H](C(C)C)C(N[C@@H](Cc1cnc[nH]1)C(=O)O)N[C@@H](CCCCN)C(N[C@@H](CCCCN)C(=O)O)N[C@@H](CC(C)C)C(=O)O)[C@H](CC(C)C)NC(CN)N[C@@H](Cc1ccccc1)C(NCC(N[C@@H](Cc1cnc[nH]1)C(=O)O)N1CCC[C@H]1C(=O)O)N[C@@H](CC(C)C)C(N[C@@H](CC(C)C)C(=O)O)N[C@@H](CC(C)C)C(=O)O)C(C)C)C(=O)O,0,train,42
406,CCC(C)[C@H](NC(C)[C@H](NC(N[C@@H](CC(N)N[C@@H](CC(NCC(=O)O)N[C@@H](CCCCN)C(=O)O)C(NCC(=O)O)N[C@H](C(=O)O)C(C)C)C(N[C@@H](C)C(N[C@@H](CC(C)C)C(=O)O)N[C@H](C(=O)O)C(C)O)N[C@@H](Cc1c[nH]c2ccccc12)C(N[C@@H](CC(C)C)C(=O)O)N[C@H](C(=O)O)C(C)O)[C@H](CC(C)C)NC(CN)N[C@@H](CC(C)C)C(N[C@@H](CCCCN)C(NCC(=O)O)N[C@@H](C)C(=O)O)N[C@@H](Cc1ccccc1)C(N[C@@H](CCCCN)C(=O)O)N[C@@H](C)C(O)N[C@@H](CS)C(=O)O)C(N[C@@H](C(C)CC)C(N[C@@H](CO)C(=O)O)N[C@@H](CCCCN)C(=O)O)N[C@@H](CN[C@@H](CCCCN)C(=O)O)C(N[C@@H](CC(=O)O)C(=O)O)N[C@@H](CC(C)C)C(=O)O)C(N[C@@H](CO)C(=O)O)N[C@@H](CS)C(=O)O,0,train,42
407,CCC(C)[C@H](NC(N[C@@H](C(C)C)C(O)N[C@@H](CC(C)C)C(=O)O)[C@@H]1CCCN1C(N[C@@H](CCCNC(=N)N)C(N[C@@H](C)C(N[C@@H](CCCNC(=N)N)C(=O)O)N[C@H](C(=O)O)C(C)O)N[C@@H](CC(C)C)C(NCC(=O)O)N[C@@H](CCCCN)C(=O)O)[C@@H](N)Cc1ccccc1)C(N[C@@H](CCCNC(=N)N)C(=O)O)N[C@H](C(=O)O)C(C)O,0,train,42
408,N=C(N)NCCC[C@H](NC([C@H](Cc1ccccc1)NC(N[C@@H](Cc1ccc(N[C@@H](CCC(N)NCC(=O)O)C(=O)O)cc1)C(N[C@@H](CS)C(=O)O)N[C@@H](CC(N)=O)C(=O)O)[C@@H](N)CS)N1CCC[C@H]1C(=O)O)C(=O)O,0,val,42
409,CCC(C)[C@H](NC(CC[C@H](NC[C@H](N)C(N[C@@H](CCC(N[C@@H](CC(C)C)C(N[C@@H](C)C(=O)O)N[C@@H](CCC(N)=O)C(=O)O)N[C@@H](CC(N[C@@H](C)C(=O)O)N[C@@H](CCC(=O)O)C(=O)O)C(N[C@@H](CCC(N)=O)C(=O)O)N[C@@H](CC(C)C)C(=O)O)C(N[C@@H](C(C)N[C@@H](CCC(N)=O)C(=O)O)C(N[C@@H](C)C(=O)O)N[C@@H](Cc1cnc[nH]1)C(=O)O)N[C@@H](Cc1ccccc1)C(N[C@@H](CO)C(=O)O)N[C@@H](CC(N)=O)C(=O)O)N1CCC[C@H]1C(N[C@@H](Cc1cnc[nH]1)C(N[C@@H](CCCCN)C(=O)O)N[C@@H](CCCNC(=N)N)C(=O)O)N[C@@H](CC(C)C)C(N[C@@H](CCSC)C(=O)O)N[C@@H](CC(C)C)C(=O)O)C(N[C@@H](CC(C)C)C(N[C@@H](C)C(=O)O)N[C@@H](CCCNC(=N)N)C(=O)O)N[C@@H](CN[C@@H](CC(C)C)C(=O)O)C(N[C@@H](CCSC)C(=O)O)N[C@@H](CCC(=O)O)C(=O)O)N1CCC[C@H]1C(N[C@@H](CCCNC(=N)N)C(O)N[C@H](C(=O)O)C(C)CC)N[C@@H](CC(C)C)C(N[C@@H](CCC(=O)O)C(=O)O)N[C@H](C(=O)O)C(C)CC)C(N[C@@H](CCC(=O)O)C(=O)O)N[C@H](C(=O)O)C(C)C,0,train,42
410,CCC(C)[C@H](NC(N[C@@H](Cc1ccc(O)cc1)C(=O)O)[C@H](CCC(N[C@@H](CCCNC(=N)N)C(=O)O)N[C@@H](Cc1cnc[nH]1)C(=O)O)NC(N[C@@H](CC(N[C@@H](CC(N)=O)C(=O)O)N[C@@H](CC(C)C)C(=O)O)C(N[C@H](C(=O)O)C(C)O)N[C@H](C(=O)O)C(C)CC)[C@H](CCCCN)NC(N[C@@H](CN[C@@H](CC(N)N[C@@H](C)C(=O)O)C(N[C@@H](CCCNC(=N)N)C(=O)O)N[C@@H](Cc1ccc(O)cc1)C(=O)O)C(NCC(N[C@@H](C)C(=O)O)N[C@@H](CC(C)C)C(=O)O)N1CCC[C@H]1C(N[C@@H](CO)C(=O)O)N[C@@H](Cc1ccc(O)cc1)C(=O)O)[C@@H](N)Cc1ccc(N2CCC[C@H]2C(N[C@@H](CC(N[C@@H](C)C(=O)O)N[C@@H](CCC(=O)O)C(=O)O)C(N[C@@H](CC(=O)O)C(=O)O)N[C@@H](CC(C)C)C(=O)O)N2CCC[C@H]2C(N[C@@H](C)C(N[C@@H](CCCNC(=N)N)C(=O)O)N[C@@H](CCC(N)=O)C(=O)O)N2CCC[C@H]2C(N[C@@H](CCCNC(=N)N)C(=O)O)N[C@@H](Cc2ccc(O)cc2)C(=O)O)cc1)C(=O)O,0,val,42
411,CC[C@H](C)[C@@H](C(=O)N[C@@H](CC(C)C)C(=O)N[C@@H]([C@@H](C)O)C(=O)N[C@@H](CC(C)C)C(=O)N)NC(=O)CNC(=O)[C@H](C)NC(=O)[C@H](C)NC(=O)[C@H](CC1=CN=CN1)NC(=O)[C@H](CC(=O)N)NC(=O)CNC(=O)[C@H](C)NC(=O)CNC(=O)[C@H](CC2=CN=CN2)NC(=O)[C@H](CC(C)C)NC(=O)[C@H](CC(C)C)NC(=O)[C@H](CCC(=O)O)NC(=O)[C@H](CC3=CC=C(C=C3)O)NC(=O)[C@H](CC(C)C)NC(=O)[C@H](CCCNC(=N)N)NC(=O)[C@@H]4CSSC[C@H]5C(=O)N[C@H](C(=O)N[C@H](C(=O)N[C@H](C(=O)N[C@H](C(=O)N[C@@H](CSSC[C@@H](C(=O)N5)NC(=O)[C@H](CC(=O)O)NC(=O)[C@@H]6CCCN6C(=O)[C@H](CC(C)C)NC(=O)[C@@H]7CCCN7C(=O)C8CCC(=O)N8)C(=O)N[C@H](C(=O)N4)CO)[C@@H](C)O)CCCCN)CCC(=O)N)CCCNC(=N)N,0,train,42
412,CSCC[C@H](NC(C[C@H](NC(C[C@H](N)C(N[C@@H](CCSC)C(N[C@@H](Cc1ccccc1)C(=O)O)N[C@H](C(=O)O)C(C)C)N[C@@H](CC(C)C)C(N[C@@H](CCCNC(=N)N)C(=O)O)N1CCC[C@H]1C(=O)O)N[C@@H](Cc1ccccc1)C(N[C@@H](CS)C(N[C@@H](CCC(N)=O)C(=O)O)N[C@@H](Cc1ccc(O)cc1)C(=O)O)N[C@@H](CCCNC(=N)N)C(N[C@@H](CS)C(=O)O)N[C@@H](Cc1c[nH]c2ccccc12)C(=O)O)C(NCC(=O)O)N[C@@H](CCCNC(=N)N)C(=O)O)N[C@@H](CC(C)C)C(=O)O)C(=O)O,0,train,42
413,CC[C@H](C)[C@@H](C(=O)N[C@@H]([C@@H](C)CC)C(=O)N[C@@H](CC1=CC=CC=C1)C(=O)N[C@@H](CC(=O)O)C(=O)N[C@@H](CO)C(=O)N[C@@H](C(C)C)C(=O)N)NC(=O)[C@H](CCCNC(=N)N)NC(=O)[C@H](CC(=O)N)NC(=O)[C@H](CCC(=O)N)NC(=O)[C@H](CCC(=O)O)NC(=O)[C@H](C)NC(=O)[C@H](CCCNC(=N)N)NC(=O)[C@H](CCC(=O)O)NC(=O)[C@H](CCCNC(=N)N)NC(=O)[C@H](CCC(=O)N)NC(=O)[C@H](CO)NC(=O)[C@H](CCC(=O)N)NC(=O)[C@H]([C@@H](C)O)NC(=O)[C@H](CCCNC(=N)N)NC(=O)[C@H](C)NC(=O)[C@H](CC(C)C)NC(=O)[C@H](CCC(=O)O)NC(=O)[C@H](CC(C)C)NC(=O)[C@H](CC(C)C)NC(=O)[C@H]([C@@H](C)O)NC(=O)[C@H](CCCNC(=N)N)NC(=O)[C@H](CC(C)C)NC(=O)[C@H](CC(C)C)NC(=O)[C@H](CC2=CNC=N2)NC(=O)[C@H](CC3=CC=CC=C3)NC(=O)[C@H]([C@@H](C)O)NC(=O)[C@H](CC(C)C)NC(=O)[C@H](CC(=O)O)NC(=O)[C@H]([C@@H](C)CC)NC(=O)[C@H](CO)NC(=O)[C@H](CC(C)C)NC(=O)[C@@H]4CCCN4C(=O)[C@@H]5CCCN5C(=O)[C@H](CC(=O)O)NC(=O)[C@H](CC(=O)O)N  ,0,train,42
414,O=C(O)[C@@H]2NC(=O)[C@H](NC(=O)CNC(=O)[C@H](NC(=O)[C@@H](N)Cc1ccc(O)cc1)C(SSC2(C)C)(C)C)Cc3ccccc3,0,train,42
415,O=C(N)C(NC(=O)C(NC(=O)C(NC(=O)CNC(=O)C(NC(=O)C(N)Cc1ccc(O)cc1)C(O)C)Cc2ccccc2)CC(C)C)CO,0,train,42
416,CCC(C)[C@H](NC(CNC(N[C@@H](Cc1ccccc1)C(N[C@@H](CCCNC(=N)N)C(=O)O)N1CCC[C@H]1C(=O)O)[C@@H](N)Cc1ccc(NCC(N[C@@H](CCCNC(=N)N)C(O)N[C@@H](CCCCN)C(=O)O)N[C@@H](CC(C)C)C(N[C@@H](CCCCN)C(=O)O)N[C@@H](CC(C)C)C(=O)O)cc1)N[C@@H](CCCNC(=N)N)C(=O)O)C(=O)O,0,test,42
417,CC(C)C[C@H](NC(O)[C@H](C)Nc1ccc(C[C@H](N)C(NCC(=O)O)N[C@@H](Cc2ccccc2)C(=O)O)cc1)C(=O)O,0,train,42
418,N=C(N)NCCC[C@H](Nc1ccc(C[C@H](N)C(N[C@@H](CCCCN)C(=O)O)N[C@@H](Cc2ccccc2)C(=O)O)cc1)C(=O)O,0,train,42
419,C[C@H](NC(N[C@@H](CCCNC(=N)N)C(=O)O)[C@H](CCCNC(=N)N)Nc1ccc(C[C@H](N)C(N[C@@H](CO)C(=O)O)N[C@@H](Cc2ccccc2)C(=O)O)cc1)C(=O)O,0,train,42
420,CC(C)C[C@H](N)C(N[C@@H](Cc1cnc[nH]1)C(=O)O)N[C@@H](CC(N[C@@H](CCCNC(=N)N)C(=O)O)N[C@@H](Cc1ccccc1)C(=O)O)C(N[C@@H](CCCCN)C(=O)O)N[C@@H](Cc1c[nH]c2ccccc12)C(=O)O,0,train,42
421,NCCCC[C@H](NC[C@H](N)C(N[C@@H](CC(=O)O)C(=O)O)N[C@@H](Cc1ccc(O)cc1)C(=O)O)C(O)N[C@@H](CC(N)=O)C(=O)O,0,train,42
422,CCC(C)[C@H](NC(N[C@@H](Cc1ccc(O)cc1)C(=O)O)[C@H](CC(C)C)NC(N[C@@H](CC(C)C)C(O)N[C@H](C(=O)O)C(C)O)[C@H](Cc1c[nH]c2ccccc12)NC(CN)N[C@@H](CC(C)C)C(N[C@@H](CC(N[C@@H](CCCNC(=N)N)C(=O)O)N[C@@H](Cc1ccc(O)cc1)C(=O)O)C(N[C@@H](C)C(=O)O)N[C@@H](Cc1cnc[nH]1)C(=O)O)N[C@@H](CCC(N[C@@H](CC(N)=O)C(=O)O)N[C@@H](Cc1ccc(O)cc1)C(=O)O)C(N[C@@H](CC(N)=O)C(=O)O)N[C@H](C(=O)O)C(C)CC)C(=O)O,0,train,42
423,CSCC[C@H](NC(N[C@@H](Cc1ccccc1)C(=O)O)[C@H](Cc1c[nH]c2ccccc12)NC(N)C[C@H](NC(CN)N[C@@H](CC(C)C)C(NCC(=O)O)N[C@@H](Cc1cnc[nH]1)C(=O)O)C(N[C@@H](C)C(=O)O)N[C@H](C(=O)O)C(C)O)C(=O)O,0,train,42
424,NCCCC[C@H](NC(N[C@@H](Cc1ccccc1)C(=O)O)[C@@H](N)CS)C(N[C@@H](CC(=O)O)C(=O)O)N[C@@H](Cc1ccccc1)C(=O)O,0,train,42
425,CC(C)C[C@H](NC(N[C@@H](CCCNC(=N)N)C(=O)O)[C@H](CC(N)N[C@H](C(=O)O)C(C)O)NC(N[C@@H](CCCNC(=N)N)C(N[C@@H](Cc1cnc[nH]1)C(=O)O)N[C@H](C(=O)O)C(C)O)[C@H](CC(C)C)NC(N[C@@H](C(C)N[C@@H](Cc1cnc[nH]1)C(N[C@@H](CCCNC(=N)N)C(N[C@@H](CCCNC(=N)N)C(=O)O)N[C@@H](CC(N)=O)C(=O)O)N[C@@H](CCCNC(=N)N)C(N[C@@H](CCCNC(=N)N)C(=O)O)N[C@@H](Cc1cnc[nH]1)C(=O)O)C(N[C@@H](C(C)N[C@@H](CCCNC(=N)N)C(=O)O)C(N[C@@H](CCCNC(=N)N)C(=O)O)N[C@@H](CCCNC(=N)N)C(=O)O)N[C@@H](Cc1cnc[nH]1)C(N[C@@H](CCCNC(=N)N)C(=O)O)N1CCC[C@H]1C(=O)O)[C@@H]1CCCN1)C(=O)O,0,train,42
426,CC(C)C[C@H](NC(N)CC[C@H](NC(N[C@@H](CCCCN)C(O)N[C@@H](CCCNC(=N)N)C(=O)O)[C@H](Cc1ccccc1)NC[C@H](NC(CN)N[C@@H](CN1CCC[C@H]1C(N[C@@H](CO)C(=O)O)N[C@@H](CCC(=O)O)C(=O)O)C(N[C@@H](Cc1cnc[nH]1)C(N[C@@H](C)C(=O)O)N[C@@H](CCCCN)C(=O)O)N[C@@H](CCC(N[C@@H](CCCCN)C(=O)O)N[C@@H](CCCCN)C(=O)O)C(N1CCC[C@H]1C(=O)O)N1CCC[C@H]1C(=O)O)C(N[C@@H](CC(C)C)C(N[C@@H](C)C(=O)O)N[C@@H](CCC(N)=O)C(=O)O)N[C@@H](CN[C@@H](CCC(N)=O)C(=O)O)C(N[C@@H](CCCCN)C(=O)O)N[C@@H](CCCNC(=N)N)C(=O)O)C(N[C@@H](CCC(N)=O)C(=O)O)N1CCC[C@H]1C(=O)O)C(=O)O,0,train,42
427,CCC(C)[C@H](NC(N[C@@H](CCCNC(=N)N)C(N[C@@H](CCCCN)C(=O)O)N[C@@H](CCCCN)C(=O)O)[C@H](CCCCN)NC(N[C@@H](CCCNC(=N)N)C(N[C@@H](CC(C)C)C(O)N[C@@H](CCCNC(=N)N)C(=O)O)N[C@H](C(=O)O)C(C)C)[C@@H](N)CCCNC(=N)N)C(N[C@@H](CCCCN)C(=O)O)N[C@H](C(=O)O)C(C)O,0,test,42
428,CCC(C)[C@H](NC(N[C@@H](CCCNC(=N)N)C(N[C@@H](CCCCN)C(=O)O)N[C@@H](CCCCN)C(=O)O)[C@H](CCCCN)NC(N[C@@H](CCCNC(=N)N)C(N[C@@H](CC(C)C)C(N[C@@H](CCCNC(=N)N)C(=O)O)N[C@@H](CCCNC(=N)N)C(=O)O)N[C@H](C(=O)O)C(C)C)[C@@H](N)CCCNC(=N)N)C(N[C@@H](CCCCN)C(=O)O)N[C@H](C(=O)O)C(C)O,0,train,42
429,CSCC[C@H](NC(N[C@@H](Cc1c[nH]c2ccccc12)C(N[C@@H](CCCCN)C(=O)O)N[C@@H](CCCCN)C(=O)O)[C@@H](NC(N[C@@H](Cc1c[nH]c2ccccc12)C(N[C@@H](CN[C@@H](CCCNC(=N)N)C(=O)O)C(N[C@@H](Cc1cnc[nH]1)C(=O)O)N[C@H](C(=O)O)C(C)O)N1CCC[C@H]1C(N1CCC[C@H]1C(=O)O)N1CCC[C@H]1C(=O)O)[C@@H]1CCCN1)C(C)C)C(O)N[C@@H](CS)C(=O)O,0,train,42
430,CCC(C)[C@H](NC(N[C@@H](Cc1ccc(O)cc1)C(=O)O)[C@H](CCCNC(=N)N)NC(N[C@@H](C(C)N[C@H](C(=O)O)C(C)C)C(N[C@@H](Cc1c[nH]c2ccccc12)C(=O)O)N1CCC[C@H]1C(=O)O)[C@H](C)NC(N[C@@H](C)C(NCC(=O)O)N[C@@H](CCC(=O)O)C(=O)O)[C@@H](N)C(C)C)C(=O)O,0,train,42
431,CC(C)C[C@H](NC(N[C@@H](CCCNC(=N)N)C(=O)O)[C@H](CC(C)C)NC(N[C@@H](CC(C)C)C(N[C@@H](CCCNC(=N)N)C(N[C@@H](CCCNC(=N)N)C(=O)O)N[C@@H](CCCNC(=N)N)C(=O)O)N[C@@H](CC(C)C)C(N[C@@H](CCCNC(=N)N)C(=O)O)N[C@@H](CCCNC(=N)N)C(=O)O)[C@@H](N)CCCNC(=N)N)C(N[C@@H](CCCNC(=N)N)C(=O)O)N[C@@H](CCCNC(=N)N)C(=O)O,0,train,42
432,N=C(N)NCCC[C@H](NC(N[C@@H](CCCNC(=N)N)C(=O)O)[C@H](CCCNC(=N)N)NC(N[C@@H](CCCNC(=N)N)C(=O)O)[C@H](CCCNC(=N)N)NC(N[C@@H](CCCNC(=N)N)C(N[C@@H](CCCNC(=N)N)C(=O)O)N[C@@H](CCCNC(=N)N)C(=O)O)[C@@H](N)CCCNC(=N)N)C(=O)O,0,train,42
433,CCC(C)[C@H](NC(N[C@@H](CC(C)C)C(N[C@@H](Cc1ccc(N[C@@H](CC(C)C)C(=O)O)cc1)C(NCC(=O)O)N[C@@H](CCCNC(=N)N)C(=O)O)N[C@@H](CC(C)C)C(N[C@@H](CCC(N)=O)C(=O)O)N[C@@H](Cc1c[nH]c2ccccc12)C(=O)O)[C@@H]1CCCN1)C(N[C@@H](CC(C)C)C(=O)O)N[C@@H](CCCNC(=N)N)C(O)N[C@@H](CS)C(=O)O,0,train,42
434,N=C(N)NCCC[C@H](NC(CNc1ccc(C[C@H](N)C(N[C@@H](CCCCN)C(N[C@@H](CCCNC(=N)N)C(=O)O)N[C@@H](CCCNC(=N)N)C(=O)O)N[C@@H](CCCNC(=N)N)C(N[C@@H](CCCNC(=N)N)C(=O)O)N[C@@H](CCC(N)=O)C(=O)O)cc1)N[C@@H](CCCCN)C(O)N[C@@H](CCCNC(=N)N)C(=O)O)C(=O)O,0,train,42
435,CC(C)C[C@H](NC(N[C@@H](Cc1ccccc1)C(=O)O)[C@H](Cc1ccc(N[C@@H](Cc2ccccc2)C(=O)O)cc1)NC(N[C@@H](CCC(N[C@@H](CO)C(=O)O)N1CCC[C@H]1C(=O)O)C(NCC(=O)O)NCC(=O)O)[C@H](CCCCN)Nc1ccc(C[C@H](N)C(N[C@@H](C(C)C)C(NCC(N[C@@H](CCCNC(=N)N)C(=O)O)N[C@@H](CC(N)=O)C(=O)O)N[C@@H](CCC(N)N[C@@H](Cc2ccccc2)C(=O)O)C(N[C@@H](CCCNC(=N)N)C(=O)O)N2CCC[C@H]2C(=O)O)N[C@@H](CC(N)N2CCC[C@H]2C(=O)O)C(N[C@@H](C)C(=O)O)N[C@H](C(=O)O)C(C)C)cc1)C(=O)O,1,train,42
436,CC(C)C[C@H](NC(N[C@H](C(=O)O)C(C)O)[C@H](Cc1ccccc1)NC(N)C[C@H](N)C(N[C@@H](CC(N[C@@H](CCC(N)=O)C(=O)O)N[C@@H](CCC(=O)O)C(=O)O)C(=O)O)N[C@H](C(=O)O)C(C)C)C(=O)O,1,train,42
437,CCC(C)[C@H](NC(N[C@@H](CO)C(=O)O)[C@H](Cc1ccccc1)NC(N[C@@H](Cc1cnc[nH]1)C(N[C@@H](Cc1ccccc1)C(=O)O)N[C@@H](Cc1ccc(O)cc1)C(=O)O)[C@H](Cc1c[nH]c2ccccc12)NC(C)[C@H](N)C(N[C@@H](CCCCN)C(N[C@@H](Cc1cnc[nH]1)C(=O)O)N[C@H](C(=O)O)C(C)O)N1CCC[C@H]1C(N[C@@H](CC(N[C@@H](CCCCN)C(=O)O)N[C@@H](CC(C)C)C(=O)O)C(NCC(=O)O)N[C@@H](CC(C)C)C(=O)O)N[C@@H](CCCCN)C(N[C@@H](CCCCN)C(=O)O)N[C@@H](Cc1cnc[nH]1)C(=O)O)C(=O)O,1,train,42
438,CSCC[C@H](NC(N[C@@H](Cc1ccc(O)cc1)C(=O)O)[C@H](C)NC(CNC(N[C@@H](CCCCN)C(NCC(N[C@@H](CC(C)C)C(NCC(=O)O)N[C@@H](CCCCN)C(=O)O)N[C@@H](CCCNC(=N)N)C(N[C@@H](CO)C(=O)O)N[C@@H](CCCNC(=N)N)C(=O)O)N[C@@H](CCCCN)C(N[C@@H](CNCC(=O)O)C(N[C@@H](CO)C(=O)O)N[C@@H](CS)C(=O)O)N[C@@H](CS)C(N[C@@H](CS)C(=O)O)N[C@H](C(=O)O)C(C)O)[C@@H](N)CS)N[C@@H](CCCCN)C(N[C@@H](CS)C(=O)O)N[C@@H](CC(=O)O)C(=O)O)C(O)N[C@@H](CS)C(=O)O,1,train,42
439,CC(C)[C@H](NC(N[C@@H](CCC(=O)O)C(=O)O)[C@H](CS)NC(N[C@@H](CS)C(=O)O)[C@H](CCCNC(=N)N)NC(N[C@@H](CCCNC(=N)N)C(N[C@@H](CCCCN)C(=O)O)N[C@@H](CC(N)=O)C(=O)O)[C@H](CCCNC(=N)N)NC(N[C@@H](CCCNC(=N)N)C(N[C@@H](CCCNC(=N)N)C(N[C@@H](CCCCN)C(=O)O)N[C@@H](Cc1ccc(O)cc1)C(=O)O)N[C@@H](CCCNC(=N)N)C(N[C@@H](CCCCN)C(=O)O)N[C@H](C(=O)O)C(C)O)[C@@H](N)CCCNC(=N)N)C(=O)O,1,test,42
440,CCC(C)[C@H](NC(N[C@@H](Cc1ccc(N[C@@H](CCCCN)C(=O)O)cc1)C(N[C@@H](Cc1ccc(O)cc1)C(=O)O)N1CCC[C@H]1C(=O)O)[C@H](CCCCN)NC([C@@H](N)CCCCN)N1CCC[C@H]1C(N[C@@H](CCCCN)C(=O)O)N[C@@H](CC(C)C)C(=O)O)C(N[C@@H](CC(C)C)C(=O)O)N[C@H](C(=O)O)C(C)CC,1,test,42
441,N[C@@H](Cc1ccc(N2CCC[C@H]2C(O)N[C@@H](Cc2ccccc2)C(=O)O)cc1)C(NCC(=O)O)N[C@@H](Cc1c[nH]c2ccccc12)C(=O)O,1,train,42
442,NCCCC[C@H](NC(N[C@@H](Cc1c[nH]c2ccccc12)C(=O)O)[C@@H](N)Cc1ccc(N2CCC[C@H]2C(O)N[C@@H](Cc2ccccc2)C(=O)O)cc1)C(=O)O,1,train,42
443,CC(C)[C@H](Nc1ccc(C[C@H](NC(N[C@@H](CS)C(N[C@@H](CCCCN)C(=O)O)N[C@@H](Cc2c[nH]c3ccccc23)C(N[C@@H](CC(N)=O)C(=O)O)N[C@@H](Cc2cnc[nH]2)C(=O)O)[C@@H](N)Cc2ccccc2)C(N[C@@H](CS)C(=O)O)N[C@@H](Cc2c[nH]c3ccccc23)C(=O)O)cc1)C(=O)O,1,train,42
444,NC(=O)C[C@H](NC(N)C[C@H](NC(N[C@@H](CCC(N[C@@H](Cc1ccccc1)C(=O)O)N[C@@H](Cc1ccccc1)C(=O)O)C(N[C@@H](CCC(=O)O)C(=O)O)N1CCC[C@H]1C(=O)O)[C@@H](N)Cc1ccc(N2CCC[C@H]2C(NCC(=O)O)N2CCC[C@H]2C(=O)O)cc1)C(O)N[C@@H](Cc1ccccc1)C(=O)O)C(=O)O,1,train,42
445,N[C@@H](CN[C@@H](Cc1ccc(N[C@@H](Cc2c[nH]c3ccccc23)C(=O)O)cc1)C(N[C@@H](CO)C(=O)O)N[C@@H](Cc1c[nH]c2ccccc12)C(=O)O)C(NCC(=O)O)N1CCC[C@H]1C(=O)O,1,train,42
446,CC(O)[C@H](NC(N)C[C@H](NC(CNC(N[C@@H](CS)C(N[C@@H](Cc1ccccc1)C(=O)O)N[C@@H](Cc1ccccc1)C(N[C@@H](CO)C(=O)O)N[C@@H](CS)C(=O)O)[C@H](C)N)N[C@@H](CCCCN)C(N[C@@H](CCCCN)C(=O)O)N[C@@H](Cc1c[nH]c2ccccc12)C(=O)O)C(N[C@@H](Cc1ccccc1)C(=O)O)N[C@H](C(=O)O)C(C)O)C(=O)O,1,train,42
447,N=C(N)NCCC[C@H](NC(N[C@@H](CCCNC(=N)N)C(=O)O)[C@H](CCCNC(=N)N)NC(N[C@@H](CCCNC(=N)N)C(N[C@@H](CCCNC(=N)N)C(=O)O)N[C@@H](CCCNC(=N)N)C(=O)O)[C@H](CCCNC(=N)N)NC(N[C@@H](CCCNC(=N)N)C(N[C@@H](CCCNC(=N)N)C(=O)O)N[C@@H](CCCNC(=N)N)C(=O)O)[C@@H](N)CCCNC(=N)N)C(=O)O,1,test,42
448,CCC(C)[C@H](NC(O)[C@@H](NC(N[C@@H](Cc1ccccc1)C(N[C@@H](Cc1ccc(O)cc1)C(=O)O)N[C@@H](CC(C)C)C(=O)O)[C@@H]1CCCN1)C(C)C)C(=O)O,1,train,42
449,CSCC[C@H](NC(N[C@@H](Cc1c[nH]c2ccccc12)C(O)N[C@@H](CC(N)=O)C(=O)O)[C@@H](NC(N[C@@H](Cc1c[nH]c2ccccc12)C(N[C@@H](CN[C@@H](CCCNC(=N)N)C(=O)O)C(N[C@@H](Cc1cnc[nH]1)C(=O)O)N[C@H](C(=O)O)C(C)O)N1CCC[C@H]1C(N1CCC[C@H]1C(=O)O)N1CCC[C@H]1C(=O)O)[C@@H]1CCCN1)C(C)C)C(=O)O,1,train,42
450,CC(C)C[C@H](NC(C[C@H](NC(N[C@@H](CN[C@@H](Cc1ccccc1)C(=O)O)C(N[C@@H](CO)C(=O)O)N[C@H](C(=O)O)C(C)C)[C@H](CC(N[C@@H](C(C)N[C@@H](C)C(=O)O)C(N[C@@H](CCCCN)C(=O)O)N[C@@H](CC(=O)O)C(=O)O)N[C@@H](Cc1ccc(N[C@@H](CCC(N)=O)C(=O)O)cc1)C(N[C@@H](CCC(N)=O)C(=O)O)N[C@@H](CC(=O)O)C(=O)O)NC(N[C@@H](C)C(NCC(N[C@@H](C(C)C)C(NCC(=O)O)N[C@@H](CCCNC(=N)N)C(=O)O)N[C@@H](CN[C@@H](C)C(=O)O)C(=O)O)N[C@@H](C(C)N[C@H](C(=O)O)C(C)O)C(N[C@@H](Cc1ccc(O)cc1)C(=O)O)N[C@@H](CC(C)C)C(=O)O)[C@@H](N)Cc1cnc[nH]1)C(N[C@@H](CO)C(=O)O)N[C@@H](CCCCN)C(=O)O)N[C@@H](Cc1c[nH]c2ccccc12)C(=O)O)C(=O)O,1,val,42
451,CCC(C)[C@H](NC(N[C@@H](CCC(N)N[C@H](C(=O)O)C(C)C)C(N[C@@H](CCCCN)C(=O)O)N[C@@H](Cc1ccc(O)cc1)C(=O)O)[C@@H](N)C(C)C)C(=O)O,1,train,42
452,CC(C)C[C@H](NC(O)CNc1ccc(C[C@H](N)C(NCC(=O)O)N[C@@H](Cc2ccccc2)C(=O)O)cc1)C(=O)O,1,train,42
453,CCC(C)[C@H](NC(N[C@@H](CCCCN)C(O)N[C@@H](CC(C)C)C(=O)O)[C@@H]1CCCN1C(N)C[C@H](NC(N[C@@H](C)C(NCC(N[C@@H](CO)C(=O)O)N[C@@H](Cc1cnc[nH]1)C(=O)O)N[C@@H](C(C)C)C(N[C@@H](CCC(N)=O)C(=O)O)N[C@@H](CCC(N)=O)C(=O)O)[C@@H](N)Cc1ccccc1)C(N[C@@H](Cc1ccccc1)C(N[C@@H](CO)C(=O)O)N[C@@H](CC(C)C)C(=O)O)N[C@@H](CC(NCC(=O)O)N[C@H](C(=O)O)C(C)C)C(N[C@@H](CCC(N)=O)C(=O)O)N[C@@H](Cc1ccc(O)cc1)C(=O)O)C(N[C@@H](C)C(=O)O)N[C@@H](CCC(N)=O)C(=O)O,1,val,42
454,CC(C)[C@H](Nc1ccc(C[C@H](NC(N[C@@H](CS)C(N[C@@H](CCCCN)C(=O)O)N[C@@H](Cc2c[nH]c3ccccc23)C(=O)O)[C@@H](N)Cc2ccccc2)C(N[C@@H](CS)C(=O)O)N[C@H](C(=O)O)C(C)O)cc1)C(=O)O,1,train,42
455,C[C@H](NC(CN)N[C@@H](CC(N)N[C@@H](Cc1ccccc1)C(=O)O)C(O)N[C@@H](Cc1ccccc1)C(=O)O)C(N[C@@H](Cc1ccc(O)cc1)C(=O)O)N1CCC[C@H]1C(=O)O,1,train,42
456,CSCC[C@H](NC([C@H](Cc1cnc[nH]1)NC(C)[C@H](N)C(N[C@@H](CCCNC(=N)N)C(N[C@@H](CO)C(=O)O)N[C@@H](Cc1c[nH]c2ccccc12)C(=O)O)N1CCC[C@H]1C(N[C@H](C(=O)O)C(C)C)N1CCC[C@H]1C(=O)O)N1CCC[C@H]1C(N[C@@H](Cc1c[nH]c2ccccc12)C(=O)O)N1CCC[C@H]1C(=O)O)C(=O)O,1,train,42
457,CC(C)C[C@H](NC(O)[C@H](CC(C)C)NC(N[C@@H](CS)C(=O)O)[C@@H](N)Cc1ccc(NCC(NCC(=O)O)N[C@@H](Cc2ccccc2)C(=O)O)cc1)C(=O)O,1,val,42
458,CSCC[C@H](N)C(N[C@@H](Cc1cnc[nH]1)C(=O)O)N[C@@H](CCC(N[C@@H](CCCCN)C(=O)O)N[C@@H](Cc1ccccc1)C(=O)O)C(O)N[C@@H](Cc1ccccc1)C(=O)O,1,train,42
459,CCC(C)[C@H](NC(NCC(N[C@@H](CCCCN)C(=O)O)N[C@@H](CC(C)C)C(=O)O)[C@H](C)N)C(N[C@@H](CCCNC(=N)N)C(=O)O)N[C@@H](Cc1c[nH]c2ccccc12)C(=O)O,1,train,42
460,CC(C)[C@H](NC(N[C@@H](CCCNC(=N)N)C(=O)O)[C@H](CCC(N)N[C@@H](CS)C(=O)O)NC(N[C@@H](CCCNC(=N)N)C(NCC(=O)O)N[C@@H](CCC(=O)O)C(=O)O)[C@H](CCCNC(=N)N)NC(N[C@@H](CCCCN)C(N[C@@H](CCCNC(=N)N)C(N[C@@H](CCCNC(=N)N)C(=O)O)N[C@@H](CCCNC(=N)N)C(=O)O)N[C@@H](CCCNC(=N)N)C(N[C@@H](CCCNC(=N)N)C(=O)O)N[C@H](C(=O)O)C(C)O)[C@@H](N)Cc1ccc(NCC(N[C@@H](CCCCN)C(N[C@@H](CS)C(=O)O)N[C@@H](CCCNC(=N)N)C(=O)O)N[C@@H](CCCNC(=N)N)C(N[C@@H](CS)C(=O)O)N2CCC[C@H]2C(=O)O)cc1)C(=O)O,1,train,42
461,CC(C)C[C@H](NC(N[C@H](C(=O)O)C(C)O)[C@H](CCCNC(=N)N)NC([C@@H](N)CC(N[C@@H](CN[C@@H](Cc1ccccc1)C(N[C@@H](CCCNC(=N)N)C(=O)O)N[C@@H](CCC(N)=O)C(=O)O)C(N[C@@H](CC(C)C)C(N[C@@H](CCCNC(=N)N)C(=O)O)N[C@@H](CCCNC(=N)N)C(=O)O)N[C@@H](CC(N)N[C@@H](CCCCN)C(=O)O)C(N[C@@H](CCCCN)C(=O)O)N[C@@H](CCCNC(=N)N)C(=O)O)N[C@@H](CCC(N)N[C@@H](C(C)C)C(N[C@@H](CCCCN)C(=O)O)N[C@@H](CCCNC(=N)N)C(=O)O)C(N[C@@H](CCC(N)N1CCC[C@H]1C(=O)O)C(N[C@@H](CCCNC(=N)N)C(=O)O)N1CCC[C@H]1C(=O)O)N1CCC[C@H]1C(N[C@@H](CCCNC(=N)N)C(=O)O)N1CCC[C@H]1C(=O)O)N1CCC[C@H]1C(N[C@H](C(=O)O)C(C)O)N1CCC[C@H]1C(=O)O)C(O)NCC(=O)O,1,val,42
462,CCC(C)[C@H](NC(N[C@@H](Cc1cnc[nH]1)C(=O)O)[C@H](CN[C@@H](CCCNC(=N)N)C(=O)O)NC(N)CC[C@H](N)C(N[C@@H](Cc1ccc(N[C@@H](C)C(=O)O)cc1)C(N[C@@H](CCC(N)=O)C(=O)O)N[C@H](C(=O)O)C(C)C)N[C@@H](Cc1cnc[nH]1)C(N[C@@H](CO)C(=O)O)N1CCC[C@H]1C(=O)O)C(=O)O,1,val,42
463,CC(C)[C@H](NC(N[C@@H](Cc1ccc(N[C@@H](CC(=O)O)C(=O)O)cc1)C(N[C@@H](CCC(N)=O)C(=O)O)N[C@@H](Cc1c[nH]c2ccccc12)C(=O)O)[C@@H](N)CNCC(N[C@@H](CCCCN)C(O)N[C@@H](Cc1cnc[nH]1)C(=O)O)N[C@H](C(=O)O)C(C)C)C(N[C@@H](C)C(=O)O)N[C@@H](Cc1ccc(O)cc1)C(=O)O,1,train,42
464,CC(C)C[C@H](NC(N[C@@H](C)C(=O)O)[C@H](CCCCN)NC(N)C[C@H](NC(N[C@@H](CS)C(N[C@@H](CCC(N[C@@H](CS)C(=O)O)N[C@@H](CCC(N)=O)C(=O)O)C(N[C@@H](CCC(N)=O)C(=O)O)N[C@@H](Cc1cnc[nH]1)C(=O)O)N[C@H](C(=O)O)C(C)O)[C@@H](N)CS)C(N[C@@H](C)C(N[C@@H](C)C(=O)O)N[C@@H](CS)C(=O)O)N1CCC[C@H]1C(N[C@@H](CCCNC(=N)N)C(=O)O)N[C@@H](CCCNC(=N)N)C(=O)O)C(=O)O,1,train,42
465,CC(C)C[C@H](NC(CNC(N[C@@H](CC(N[C@@H](C)C(=O)O)N[C@@H](CC(=O)O)C(=O)O)C(N[C@@H](CC(N)=O)C(=O)O)N[C@H](C(=O)O)C(C)C)[C@H](CCC(N)N[C@@H](Cc1ccc(N[C@@H](Cc2cnc[nH]2)C(=O)O)cc1)C(NCC(=O)O)N[C@@H](CC(N)=O)C(=O)O)NC(N[C@@H](C(C)C)C(NCC(O)N[C@@H](CC(N)=O)C(=O)O)N[C@@H](CC(=O)O)C(=O)O)[C@@H](N)CC(C)C)N[C@@H](Cc1ccc(O)cc1)C(=O)O)C(=O)O,1,test,42
466,CCC(C)[C@H](NC(N[C@@H](CC(C)C)C(N[C@@H](CCCNC(=N)N)C(=O)O)N[C@@H](Cc1ccc(O)cc1)C(=O)O)[C@H](CC(C)C)NC(N[C@@H](CC(N)N[C@@H](CO)C(=O)O)C(N[C@@H](CC(C)C)C(=O)O)N[C@H](C(=O)O)C(C)O)[C@@H](N)Cc1cnc[nH]1)C(N[C@@H](CCCCN)C(=O)O)N[C@@H](Cc1c[nH]c2ccccc12)C(=O)O,1,train,42
467,CSCC[C@H](NC(CNC(N[C@@H](CCCCN)C(N[C@@H](CCCNC(=N)N)C(NCC(=O)O)N[C@@H](CO)C(=O)O)N[C@@H](CCCCN)C(N[C@@H](CO)C(=O)O)N[C@@H](CS)C(=O)O)[C@H](CCCCN)NC(NCC(N[C@@H](C)C(N[C@@H](CC(=O)O)C(=O)O)N[C@@H](Cc1ccc(N[C@@H](CS)C(=O)O)cc1)C(=O)O)N[C@@H](CS)C(N[C@@H](CS)C(=O)O)N[C@@H](CS)C(=O)O)[C@@H](N)CS)N[C@@H](C(C)NCC(=O)O)C(N[C@@H](CCCNC(=N)N)C(=O)O)N[C@@H](CCCNC(=N)N)C(=O)O)C(NCC(=O)O)N[C@@H](CCCCN)C(=O)O,1,val,42
468,CC(C)C[C@H](NC(N[C@@H](CCCNC(=N)N)C(=O)O)[C@@H](NC(CN)N[C@@H](Cc1ccccc1)C(N[C@@H](CCCNC(=N)N)C(N[C@@H](CO)C(=O)O)N[C@@H](CC(N)=O)C(=O)O)N[C@@H](Cc1ccccc1)C(N[C@@H](CCCNC(=N)N)C(=O)O)N[C@H](C(=O)O)C(C)O)C(C)C)C(=O)O,1,train,42
469,CC(C)C[C@H](NC(N[C@@H](CCCNC(=N)N)C(N1CCC[C@H]1C(=O)O)N1CCC[C@H]1C(=O)O)[C@@H]1CCCN1C([C@H](CCCNC(=N)N)NC(N[C@@H](CC(C)C)C(N[C@@H](C(C)C)C(N[C@@H](CCCNC(=N)N)C(=O)O)N1CCC[C@H]1C(=O)O)N1CCC[C@H]1C(N[C@H](C(=O)O)C(C)C)N1CCC[C@H]1C(=O)O)[C@@H](N)C(C)C)N1CCC[C@H]1C(N1CCC[C@H]1C(=O)O)N1CCC[C@H]1C(=O)O)C(=O)O,1,train,42
470,CC(C)C[C@H](NC(N[C@@H](Cc1ccc(O)cc1)C(=O)O)[C@@H](NC(NCC(N[C@@H](C(C)C)C(NCC(=O)O)N[C@@H](CO)C(=O)O)N[C@@H](CN[C@@H](CCCNC(=N)N)C(=O)O)C(O)N[C@@H](C)C(=O)O)[C@H](C)NC(N[C@@H](CC(N[C@@H](C(C)N[C@@H](C)C(=O)O)C(N[C@@H](C)C(=O)O)N[C@@H](CCCCN)C(=O)O)N[C@@H](Cc1ccc(N[C@@H](CCC(N)=O)C(=O)O)cc1)C(N[C@@H](CCC(N)=O)C(=O)O)N[C@@H](CC(=O)O)C(=O)O)C(N[C@@H](CC(N[C@@H](CO)C(=O)O)N[C@@H](Cc1c[nH]c2ccccc12)C(=O)O)C(N[C@@H](CCCCN)C(=O)O)N[C@@H](CC(C)C)C(=O)O)N[C@@H](CN[C@@H](CC(=O)O)C(=O)O)C(N[C@@H](Cc1ccccc1)C(=O)O)N[C@H](C(=O)O)C(C)C)[C@@H](N)Cc1cnc[nH]1)C(C)N[C@H](C(=O)O)C(C)O)C(=O)O,1,train,42
471,CC(C)[C@H](NC(C[C@H](N)C(N[C@@H](CCCCN)C(=O)O)N[C@H](C(=O)O)C(C)C)N[C@@H](C)C(=O)O)C(O)N[C@@H](CO)C(=O)O,1,train,42
472,CC(C)C[C@H](NC(N[C@H](C(=O)O)C(C)O)[C@@H](NC(N)C[C@H](N)C(N[C@@H](CC(O)N[C@@H](CCC(N)=O)C(=O)O)C(=O)O)N[C@@H](CCCNC(=N)N)C(N[C@@H](CCC(=O)O)C(=O)O)N[C@@H](Cc1ccccc1)C(=O)O)C(C)C)C(=O)O,1,train,42
473,CC(C)C[C@H](NC(N[C@@H](C(C)N[C@@H](CC(N)=O)C(=O)O)C(N[C@@H](CCCNC(=N)N)C(=O)O)N[C@@H](CC(=O)O)C(=O)O)[C@H](CCCCN)NC(N[C@@H](CCCNC(=N)N)C(N[C@@H](CCCCN)C(=O)O)N[C@@H](CCCNC(=N)N)C(N[C@@H](CS)C(=O)O)N[C@@H](CCCNC(=N)N)C(=O)O)[C@@H](N)CCCCN)C(N[C@@H](CCCCN)C(=O)O)N[C@@H](CCCCN)C(=O)O,1,train,42
474,C[C@H](NC(CN)N[C@@H](CC(N)N[C@@H](Cc1ccccc1)C(=O)O)C(O)N1CCC[C@H]1C(=O)O)C(N[C@@H](Cc1ccc(O)cc1)C(=O)O)N1CCC[C@H]1C(=O)O,1,val,42
475,CCC(C)[C@H](NC[C@H](NC(N)C[C@H](N)C(N[C@@H](CCC(N)N[C@@H](CCC(N)=O)C(=O)O)C(N[C@@H](CCCNC(=N)N)C(=O)O)N[C@@H](CC(N)=O)C(=O)O)N[C@@H](CCCNC(=N)N)C(N[C@@H](Cc1ccccc1)C(O)N[C@@H](CO)C(=O)O)N[C@@H](Cc1c[nH]c2ccccc12)C(NCC(=O)O)N[C@@H](CO)C(=O)O)C(N[C@@H](C(C)CC)C(N[C@@H](CCCCN)C(=O)O)N[C@@H](CCCCN)C(=O)O)N[C@@H](CCCCN)C(N[C@@H](CCCCN)C(=O)O)N[C@@H](Cc1c[nH]c2ccccc12)C(=O)O)C(N[C@@H](CCCNC(=N)N)C(=O)O)N[C@@H](CCSC)C(=O)O,1,train,42
476,CCC(C)[C@H](NC(N[C@@H](CCCCN)C(N[C@@H](CCCCN)C(NCC(O)N[C@@H](CCCCN)C(=O)O)N[C@@H](CO)C(=O)O)N[C@@H](CCCCN)C(N[C@@H](CCCCN)C(=O)O)N[C@H](C(=O)O)C(C)CC)[C@@H](N)CCCCN)C(N[C@@H](C(C)C)C(N[C@@H](CCCCN)C(NCC(=O)O)N[C@@H](CCCNC(=N)N)C(=O)O)N[C@@H](CCCNC(=N)N)C(N[C@@H](CCCCN)C(=O)O)N[C@@H](CCCCN)C(=O)O)N[C@@H](CCCCN)C(NCC(N[C@@H](CCCCN)C(=O)O)N[C@H](C(=O)O)C(C)C)N[C@@H](CCCCN)C(N[C@@H](CCCCN)C(=O)O)N[C@@H](CCCCN)C(=O)O,1,train,42
477,CCC(C)[C@H](NC(N)CC[C@H](NC(N[C@H](C(=O)O)C(C)CC)[C@@H](N)C(C)C)C(N[C@@H](CCCCN)C(=O)O)N[C@@H](Cc1ccc(O)cc1)C(=O)O)C(=O)O,1,train,42
478,CCC(C)[C@H](NC(N[C@@H](CC(C)C)C(=O)O)[C@H](CC(C)C)NC(N[C@@H](C(C)N[C@@H](Cc1ccc(O)cc1)C(=O)O)C(N[C@@H](C)C(=O)O)N[C@@H](CC(N)=O)C(=O)O)[C@H](CC(C)C)NC(NCC(N[C@@H](C)C(N[C@@H](C(C)N[C@@H](CCCNC(=N)N)C(=O)O)C(O)N[C@@H](C)C(=O)O)N[C@@H](CCCNC(=N)N)C(=O)O)N[C@@H](CN[C@@H](Cc1c[nH]c2ccccc12)C(=O)O)C(N[C@@H](C)C(=O)O)N[C@@H](Cc1cnc[nH]1)C(=O)O)[C@@H](N)Cc1cnc[nH]1)C(=O)O,1,train,42
479,CCC(C)[C@H](NC(N[C@H](C(=O)O)C(C)O)[C@H](CCSC)NC(C[C@H](N)C(N[C@@H](CS)C(=O)O)N[C@@H](CC(N[C@@H](CCCCN)C(=O)O)N[C@@H](CC(N)=O)C(=O)O)C(=O)O)N[C@@H](C(C)N[C@@H](Cc1ccccc1)C(=O)O)C(N[C@@H](CCSC)C(=O)O)N[C@@H](CC(N)=O)C(=O)O)C(=O)O,1,train,42
480,CC(C)C[C@H](NC(N[C@@H](CCCNC(=N)N)C(=O)O)[C@@H](NC([C@H](CC(C)C)NC(N[C@@H](CCCNC(=N)N)C(N1CCC[C@H]1C(N[C@@H](CC(C)C)C(O)N1CCC[C@H]1C(=O)O)N[C@@H](CCCCN)C(N1CCC[C@H]1C(=O)O)N1CCC[C@H]1C(=O)O)N1CCC[C@H]1C(N1CCC[C@H]1C(=O)O)N1CCC[C@H]1C(=O)O)[C@@H](N)C(C)C)N1CCC[C@H]1C(N[C@H](C(=O)O)C(C)C)N1CCC[C@H]1C(=O)O)C(C)C)C(=O)O,1,train,42
481,CCC(C)[C@H](NC(N[C@@H](CCCNC(=N)N)C(N[C@@H](CO)C(=O)O)N[C@@H](Cc1cnc[nH]1)C(=O)O)[C@@H](NC(N[C@@H](CC(C)C)C(N[C@@H](CCCCN)C(=O)O)N[C@@H](CCCNC(=N)N)C(=O)O)[C@H](CC(C)C)NC(N[C@@H](C(C)CC)C(N[C@@H](CCCNC(=N)N)C(N[C@@H](C)C(=O)O)N[C@@H](CCC(N)=O)C(=O)O)N[C@@H](CCCNC(=N)N)C(N[C@@H](C)C(=O)O)N[C@@H](Cc1cnc[nH]1)C(=O)O)[C@@H](N)CC(C)C)C(C)CC)C(O)N[C@@H](CCCCN)C(=O)O,1,train,42
482,CC(N[C@H](C(=O)O)C(C)O)[C@H](NC(N[C@@H](CN1CCC[C@H]1C(=O)O)C(N[C@@H](CS)C(=O)O)N[C@@H](Cc1ccc(O)cc1)C(=O)O)[C@@H](N)CS)C(N[C@@H](C)C(=O)O)N[C@@H](CO)C(=O)O,1,train,42
483,CC(O)[C@H](NC(N[C@@H](CC(N)=O)C(=O)O)[C@H](CCCNC(=N)N)NC(N[C@@H](Cc1c[nH]c2ccccc12)C(N[C@@H](CCC(=O)O)C(=O)O)N[C@@H](CC(N)=O)C(=O)O)[C@H](CS)NC(N[C@@H](Cc1ccc(N[C@@H](CC(N)=O)C(=O)O)cc1)C(N[C@H](C(=O)O)C(C)O)N1CCC[C@H]1C(=O)O)[C@@H](N)Cc1ccccc1)C(=O)O,1,val,42
484,CSCC[C@H](NC(N[C@@H](CN[C@@H](CCCNC(=N)N)C(=O)O)C(NCC(=O)O)N[C@@H](Cc1c[nH]c2ccccc12)C(=O)O)[C@@H](N)CN[C@@H](Cc1ccc(N[C@@H](CCC(O)N[C@H](C(=O)O)C(C)C)C(=O)O)cc1)C(N[C@@H](Cc1ccccc1)C(=O)O)N[C@@H](Cc1cnc[nH]1)C(=O)O)C(N[C@@H](CCCCN)C(=O)O)N1CCC[C@H]1C(=O)O,1,train,42
485,CC(C)C[C@H](NC[C@H](NC(N[C@@H](C(C)N[C@@H](CC(N)=O)C(=O)O)C(N[C@@H](Cc1ccc(O)cc1)C(=O)O)N[C@@H](CC(C)C)C(=O)O)[C@H](CC(C)C)NC(CN)N[C@@H](Cc1cnc[nH]1)C(N[C@@H](C)C(=O)O)N[C@H](C(=O)O)C(C)O)C(O)N[C@@H](Cc1cnc[nH]1)C(=O)O)C(=O)O,1,train,42
486,CC(O)[C@H](Nc1ccc(C[C@H](NC(N[C@@H](CS)C(N[C@@H](CCCNC(=N)N)C(O)N[C@@H](CC(N)=O)C(=O)O)N[C@@H](Cc2c[nH]c3ccccc23)C(N[C@@H](CC(N)=O)C(=O)O)N[C@H](C(=O)O)C(C)O)[C@@H](N)Cc2ccccc2)C(N[C@@H](CCC(=O)O)C(=O)O)N2CCC[C@H]2C(=O)O)cc1)C(=O)O,1,train,42
487,CCC(C)[C@H](NC(N[C@@H](Cc1ccc(N[C@@H](CC(C)C)C(=O)O)cc1)C(=O)O)[C@@H](N)CC(N[C@@H](C(C)C)C(N[C@@H](Cc1ccccc1)C(=O)O)N[C@@H](Cc1cnc[nH]1)C(=O)O)N[C@@H](CCCNC(=N)N)C(N[C@@H](Cc1cnc[nH]1)C(=O)O)N1CCC[C@H]1C(=O)O)C(=O)O,1,val,42
488,CCC(C)[C@H](NC(N[C@@H](CCC(=O)O)C(=O)O)[C@H](Cc1c[nH]c2ccccc12)NC(N[C@@H](CNCC(=O)O)C(N[C@@H](CCCNC(=N)N)C(=O)O)N[C@H](C(=O)O)C(C)O)[C@H](CCCCN)NC(N[C@@H](CCC(N[C@@H](CCC(=O)O)C(=O)O)N[C@@H](CCCNC(=N)N)C(NCC(=O)O)N[C@@H](CCCNC(=N)N)C(=O)O)C(N[C@@H](C)C(=O)O)N[C@@H](CCCNC(=N)N)C(=O)O)[C@@H](N)Cc1ccccc1)C(=O)O,1,train,42
489,N[C@@H](Cc1ccc(N2CCC[C@H]2C(O)NCC(=O)O)cc1)C(N[C@@H](Cc1ccccc1)C(=O)O)N1CCC[C@H]1C(=O)O,1,train,42
490,CSCC[C@H](N)C(N[C@@H](Cc1cnc[nH]1)C(=O)O)N[C@@H](CCC(N[C@@H](CCCNC(=N)N)C(=O)O)N[C@@H](Cc1ccccc1)C(=O)O)C(O)N[C@@H](Cc1c[nH]c2ccccc12)C(=O)O,1,train,42
491,CC(C)C[C@H](NC[C@H](N)C(N[C@@H](CN[C@@H](CCC(N)=O)C(=O)O)C(=O)O)N[C@@H](Cc1cnc[nH]1)C(=O)O)C(N[C@@H](CO)C(=O)O)N1CCC[C@H]1C(=O)O,1,train,42
492,CC(C)[C@H](NC[C@H](N)C(NCC(=O)O)N[C@@H](Cc1cnc[nH]1)C(=O)O)C(O)N[C@H](C(=O)O)C(C)C,1,train,42
493,CSCC[C@H](NC(N[C@@H](CCCCN)C(=O)O)[C@H](CCCNC(=N)N)NC(N[C@@H](CCCCN)C(N[C@@H](C)C(=O)O)N[C@@H](CCC(N)=O)C(=O)O)[C@@H](N)CNCC(N[C@@H](CO)C(=O)O)N[C@@H](CO)C(=O)O)C(=O)O,1,train,42
494,CC(C)[C@H](N)C(N[C@@H](CC(=O)O)C(=O)O)N1CCC[C@H]1C(N[C@@H](CCCNC(=N)N)C(=O)O)N1CCC[C@H]1C(=O)O,1,train,42
495,CC(C)C[C@H](NC(N[C@@H](C)C(=O)O)[C@H](CCCNC(=N)N)NC(CNc1ccc(C[C@H](N)C(N[C@@H](CCCCN)C(N[C@@H](CCCNC(=N)N)C(O)N[C@@H](CCC(=O)O)C(=O)O)N[C@@H](CCCNC(=N)N)C(N[C@@H](CCC(N)=O)C(=O)O)N[C@H](C(=O)O)C(C)O)N[C@@H](CCCNC(=N)N)C(N[C@@H](CCCNC(=N)N)C(N[C@@H](CC(=O)O)C(=O)O)N[C@@H](Cc2c[nH]c3ccccc23)C(=O)O)N[C@@H](CCC(N)N[C@@H](CO)C(=O)O)C(N[C@@H](Cc2c[nH]c3ccccc23)C(=O)O)N[C@@H](CC(C)C)C(=O)O)cc1)N[C@@H](CCCCN)C(N[C@@H](CCCNC(=N)N)C(=O)O)N[C@H](C(=O)O)C(C)O)C(=O)O,1,train,42
496,CC(N[C@@H](Cc1ccccc1)C(NCC(N[C@@H](CC(N)=O)C(=O)O)N[C@@H](CC(N)=O)C(=O)O)NCC(N[C@@H](CCCNC(=N)N)C(=O)O)N[C@@H](Cc1ccccc1)C(=O)O)[C@H](N)C(N[C@@H](Cc1ccc(NCC(=O)O)cc1)C(N[C@@H](CCCCN)C(=O)O)N[C@@H](CCCNC(=N)N)C(=O)O)N[C@@H](Cc1ccccc1)C(N[C@@H](CCCNC(=N)N)C(O)N[C@@H](Cc1ccc(O)cc1)C(=O)O)N[C@@H](CN[C@H](C(=O)O)C(C)O)C(N[C@@H](CCC(=O)O)C(=O)O)N[C@@H](CCC(=O)O)C(=O)O,1,test,42
497,CC(C)C[C@H](NC(N[C@@H](CO)C(=O)O)[C@H](Cc1c[nH]c2ccccc12)NC(N[C@@H](CCCNC(=N)N)C(N[C@@H](Cc1ccccc1)C(=O)O)N[C@@H](Cc1c[nH]c2ccccc12)C(=O)O)[C@@H](NC(N[C@@H](C)C(N[C@@H](C(C)C)C(O)N[C@@H](CCCCN)C(=O)O)N[C@@H](Cc1ccccc1)C(=O)O)[C@@H](N)CCCCN)C(C)C)C(=O)O,1,train,42
498,CCC(C)[C@H](NC([C@H](Cc1ccc(N[C@@H](CCCNC(=N)N)C(=O)O)cc1)NC(N[C@@H](CN[C@@H](CCCNC(=N)N)C(=O)O)C(=O)O)[C@H](CCCNC(=N)N)NC(N[C@@H](Cc1cnc[nH]1)C(N[C@@H](CCCNC(=N)N)C(=O)O)N1CCC[C@H]1C(=O)O)[C@H](CCCCN)NC(CN)N1CCC[C@H]1C(N[C@@H](Cc1ccc(N2CCC[C@H]2C(=O)O)cc1)C(N[C@@H](CO)C(=O)O)N[C@H](C(=O)O)C(C)O)N1CCC[C@H]1C(N[C@@H](Cc1cnc[nH]1)C(=O)O)N1CCC[C@H]1C(=O)O)N1CCC[C@H]1C(=O)O)C(=O)O,1,train,42
499,CC([C@H](NC(N)C[C@H](N)C(NCC(=O)O)N[C@@H](CO)C(=O)O)C(N[C@@H](CCC(=O)O)C(=O)O)N[C@@H](Cc1ccc(O)cc1)C(=O)O)N1CCC[C@H]1C(=O)O,1,train,42
500,CCC(C)[C@H](NC(N[C@@H](CC(C)C)C(=O)O)[C@H](CC(C)C)NC(N[C@@H](C(C)N[C@@H](Cc1ccc(O)cc1)C(=O)O)C(N[C@@H](C)C(=O)O)N[C@@H](CC(N)=O)C(=O)O)[C@H](CC(C)C)NC(NCC(N[C@@H](C)C(N[C@@H](C(C)N[C@@H](CCCNC(=N)N)C(=O)O)C(N[C@@H](C)C(=O)O)N[C@@H](Cc1ccccc1)C(=O)O)N[C@@H](CCCNC(=N)N)C(NCC(=O)O)NCC(=O)O)N[C@@H](CN[C@@H](Cc1c[nH]c2ccccc12)C(O)NCC(=O)O)C(N[C@@H](C)C(=O)O)N[C@@H](Cc1cnc[nH]1)C(=O)O)[C@@H](N)Cc1cnc[nH]1)C(=O)O,1,test,42
501,CC(C)[C@H](NC(N[C@@H](C)C(=O)O)[C@@H]1CCCN1C(N[C@H](C(=O)O)C(C)C)[C@@H](N)C(C)N1CCC[C@H]1C(N[C@@H](CO)C(=O)O)N[C@@H](Cc1cnc[nH]1)C(=O)O)C(=O)O,1,train,42
502,CCC(C)[C@H](NC(N[C@@H](CC(C)C)C(N[C@@H](CCCNC(=N)N)C(=O)O)N[C@@H](Cc1ccc(O)cc1)C(=O)O)[C@H](CC(C)C)NC(N[C@@H](CC(N)N[C@@H](CN[C@@H](CS)C(=O)O)C(=O)O)C(N[C@@H](CC(C)C)C(=O)O)N[C@H](C(=O)O)C(C)O)[C@@H](N)Cc1cnc[nH]1)C(N[C@@H](CCCCN)C(=O)O)N[C@@H](Cc1c[nH]c2ccccc12)C(=O)O,1,train,42
503,CSCC[C@H](NC([C@H](CC(N)N1CCC[C@H]1C(N[C@@H](Cc1c[nH]c2ccccc12)C(=O)O)N1CCC[C@H]1C(=O)O)NC(C)[C@H](N)C(N[C@@H](Cc1cnc[nH]1)C(N[C@@H](CO)C(=O)O)N[C@@H](Cc1c[nH]c2ccccc12)C(=O)O)N[C@@H](CCCNC(=N)N)C(N[C@H](C(=O)O)C(C)C)N1CCC[C@H]1C(=O)O)N1CCC[C@H]1C(=O)O)C(=O)O,1,train,42
504,CC(O)[C@H](NC(N[C@@H](Cc1c[nH]c2ccccc12)C(O)N[C@@H](Cc1ccccc1)C(=O)O)[C@@H](N)Cc1ccc(N2CCC[C@H]2C(N[C@@H](CCCNC(=N)N)C(=O)O)N[C@@H](CCC(N)=O)C(=O)O)cc1)C(=O)O,1,train,42
505,CC(C)C[C@H](NC(NCC(=O)O)[C@@H](N)Cc1ccc(N2CCC[C@H]2C(O)N[C@@H](CCCCN)C(=O)O)cc1)C(=O)O,1,train,42
506,CCC(C)[C@H](NC([C@@H](N)CCCCN)N1CCC[C@H]1C(O)N[C@@H](CC(C)C)C(=O)O)C(N[C@@H](Cc1ccc(O)cc1)C(=O)O)N[C@H](C(=O)O)C(C)CC,1,train,42
507,CCC(C)[C@H](NC(CC[C@H](NC(N[C@@H](CC(N)N[C@@H](CC(N)=O)C(=O)O)C(O)N[C@@H](Cc1ccccc1)C(=O)O)[C@@H](N)Cc1ccc(N2CCC[C@H]2C(NCC(=O)O)N2CCC[C@H]2C(=O)O)cc1)C(N[C@@H](CCC(=O)O)C(=O)O)N1CCC[C@H]1C(=O)O)N[C@@H](Cc1ccccc1)C(=O)O)C(=O)O,1,train,42
508,CSCC[C@H](NC(N[C@@H](C)C(N[C@@H](CCC(N)=O)C(=O)O)N1CCC[C@H]1C(=O)O)[C@H](Cc1ccccc1)NC(N[C@@H](C(C)N[C@@H](CCCNC(=N)N)C(N[C@@H](CS)C(=O)O)N[C@@H](CC(C)C)C(=O)O)C(N[C@@H](CS)C(=O)O)N[C@@H](CCCCN)C(N[C@@H](CS)C(=O)O)N[C@@H](CCCNC(=N)N)C(=O)O)[C@H](CCSC)NC(N[C@@H](CS)C(N[C@@H](CS)C(N[C@@H](Cc1cnc[nH]1)C(NCC(=O)O)N[C@@H](CCCNC(=N)N)C(=O)O)N[C@@H](CCC(N)NCC(=O)O)C(N[C@@H](CS)C(=O)O)N[C@@H](CCCCN)C(=O)O)N1CCC[C@H]1C(N[C@@H](C(C)N[C@@H](CC(=O)O)C(=O)O)C(N[C@@H](CS)C(=O)O)N[C@@H](CC(=O)O)C(=O)O)N[C@@H](CC(NCC(=O)O)N[C@@H](CS)C(=O)O)C(NCC(=O)O)N[C@@H](CCCCN)C(=O)O)[C@@H](N)CCSC)C(NCC(=O)O)N[C@@H](Cc1ccc(O)cc1)C(=O)O,1,train,42
509,CCC(C)[C@H](NC(N[C@@H](CC(N)N[C@@H](CCCCN)C(=O)O)C(N[C@@H](CCC(=O)O)C(=O)O)N[C@H](C(=O)O)C(C)CC)[C@H](CN[C@@H](C)C(NCC(N[C@@H](CC(N)=O)C(=O)O)N[C@@H](CC(C)C)C(=O)O)N[C@@H](CCCNC(=N)N)C(N[C@@H](CC(N)=O)C(=O)O)N[C@H](C(=O)O)C(C)CC)NC(N[C@@H](CCCCN)C(N[C@@H](C(C)C)C(NCC(=O)O)N[C@@H](CCCNC(=N)N)C(=O)O)N[C@@H](CC(C)C)C(N[C@@H](CCSC)C(=O)O)N[C@@H](CC(C)C)C(=O)O)[C@@H](N)CCCCN)C(N[C@@H](CCCNC(=N)N)C(=O)O)N[C@@H](Cc1ccccc1)C(=O)O,1,test,42
510,CC(C)C[C@H](NC(CN)N[C@@H](C)C(N[C@@H](CN[C@@H](C)C(=O)O)C(=O)O)N[C@@H](Cc1ccccc1)C(N[C@@H](Cc1ccccc1)C(=O)O)N[C@H](C(=O)O)C(C)C)C(N[C@@H](CN[C@@H](C)C(=O)O)C(N[C@@H](CCCNC(=N)N)C(=O)O)N[C@@H](CC(=O)O)C(=O)O)N[C@@H](Cc1cnc[nH]1)C(N[C@@H](CC(=O)O)C(=O)O)N[C@@H](Cc1ccccc1)C(=O)O,1,test,42
511,CC(C)C[C@H](NC(N)C[C@H](Nc1ccc(C[C@H](N)C(N[C@@H](CN[C@@H](Cc2ccc(O)cc2)C(=O)O)C(O)N[C@@H](Cc2c[nH]c3ccccc23)C(=O)O)N[C@@H](CCC(N)NCC(=O)O)C(N[C@@H](CCCNC(=N)N)C(=O)O)N[C@@H](Cc2ccc(O)cc2)C(=O)O)cc1)C(N[C@@H](CCC(N)=O)C(=O)O)N[C@@H](CC(C)C)C(=O)O)C(=O)O,1,test,42
512,CC(C)C[C@H](NC(CNC(N[C@@H](CCCNC(=N)N)C(N[C@@H](C)C(=O)O)N[C@@H](C)C(=O)O)[C@@H](NC(N[C@@H](Cc1ccc(N[C@@H](CC(C)C)C(N[C@@H](Cc2c[nH]c3ccccc23)C(=O)O)N[C@@H](CC(C)C)C(=O)O)cc1)C(N[C@@H](Cc1cnc[nH]1)C(NCC(=O)O)N[C@@H](Cc1ccccc1)C(=O)O)N[C@@H](CN[C@@H](CCCCN)C(=O)O)C(N[C@@H](C)C(=O)O)N[C@@H](CC(C)C)C(=O)O)[C@@H](N)CC(C)C)C(C)C)N[C@@H](CCC(=O)O)C(=O)O)C(=O)O,1,train,42
513,N=C(N)NCCC[C@H](NC(NCC(=O)O)[C@H](CCCCN)NC(CNc1ccc(C[C@H](N)C(N[C@@H](CCCCN)C(N[C@@H](CCCNC(=N)N)C(=O)O)N[C@@H](CCCNC(=N)N)C(N[C@@H](CCC(=O)O)C(=O)O)N[C@@H](Cc2c[nH]c3ccccc23)C(=O)O)N[C@@H](CCCNC(=N)N)C(N[C@@H](CCC(N)N[C@@H](Cc2ccccc2)C(=O)O)C(N[C@@H](CCCNC(=N)N)C(=O)O)N[C@@H](CCCNC(=N)N)C(=O)O)N[C@@H](CCCNC(=N)N)C(N[C@@H](CCCNC(=N)N)C(=O)O)N[C@@H](Cc2cnc[nH]2)C(=O)O)cc1)N[C@@H](CCCNC(=N)N)C(N[C@@H](CCC(=O)O)C(=O)O)N1CCC[C@H]1C(=O)O)C(=O)O,1,val,42
514,CCC(C)[C@H](NC(N[C@@H](CC(C)C)C(N[C@@H](C)C(=O)O)N[C@@H](Cc1c[nH]c2ccccc12)C(=O)O)[C@@H](N)Cc1ccccc1)C(N[C@@H](C(C)C)C(O)N[C@H](C(=O)O)C(C)CC)N[C@@H](CCSC)C(N[C@@H](Cc1ccccc1)C(=O)O)N1CCC[C@H]1C(=O)O,1,train,42
515,CCC(C)[C@H](NC(N[C@@H](CCCCN)C(=O)O)[C@H](CCCNC(=N)N)NC(N[C@@H](CCCNC(=N)N)C(=O)O)[C@H](CCCCN)NC(N[C@@H](CCCNC(=N)N)C(N[C@@H](CCC(N)N[C@@H](CC(C)C)C(=O)O)C(N[C@@H](CC(=O)O)C(=O)O)N[C@H](C(=O)O)C(C)C)N[C@@H](CCCNC(=N)N)C(N[C@H](C(=O)O)C(C)O)N1CCC[C@H]1C(=O)O)[C@@H](N)Cc1ccc(NCC(N[C@@H](CCCNC(=N)N)C(N[C@@H](CO)C(=O)O)N[C@@H](CCC(=O)O)C(=O)O)N[C@@H](CCCCN)C(N[C@@H](CS)C(=O)O)N[C@@H](CCCNC(=N)N)C(=O)O)cc1)C(=O)O,1,train,42
516,CCC(C)[C@H](NC([C@H](CC(N)N[C@@H](Cc1ccc(O)cc1)C(=O)O)NC(N[C@@H](CC(N)N[C@@H](CCCNC(=N)N)C(=O)O)C(N[C@@H](CCCNC(=N)N)C(=O)O)N1CCC[C@H]1C(=O)O)[C@H](C)NC(CN)N[C@@H](CC(N)N[C@@H](CCCNC(=N)N)C(N1CCC[C@H]1C(=O)O)N1CCC[C@H]1C(=O)O)C(N[C@@H](C(C)C)C(N[C@@H](CCCNC(=N)N)C(=O)O)N[C@@H](CC(C)C)C(=O)O)N1CCC[C@H]1C(N[C@@H](Cc1cnc[nH]1)C(=O)O)N1CCC[C@H]1C(=O)O)N1CCC[C@H]1C(=O)O)C(=O)O,1,train,42
517,CSCC[C@H](NC(N[C@@H](C)C(N[C@@H](CCCNC(=N)N)C(=O)O)N[C@@H](CC(C)C)C(=O)O)[C@H](CC(C)C)NC(N[C@@H](Cc1ccccc1)C(N[C@@H](C(C)C)C(O)N[C@H](C(=O)O)C(C)O)N[C@@H](CC(C)C)C(N[C@@H](Cc1ccccc1)C(=O)O)N[C@@H](CC(C)C)C(=O)O)[C@@H](N)CCCCN)C(N[C@@H](C)C(=O)O)N[C@@H](Cc1ccccc1)C(=O)O,1,train,42
518,CC(C)C[C@H](NC(N[C@@H](CCC(=O)O)C(=O)O)[C@H](CN[C@@H](CC(=O)O)C(=O)O)NC(C[C@H](N)C(N[C@@H](C)C(=O)O)N[C@@H](Cc1cnc[nH]1)C(O)N[C@@H](CCCNC(=N)N)C(=O)O)N[C@@H](CN[C@@H](Cc1ccccc1)C(=O)O)C(N[C@@H](CC(C)C)C(=O)O)N[C@H](C(=O)O)C(C)O)C(=O)O,1,val,42
519,NC(=O)C[C@H](NC(N[C@@H](Cc1ccccc1)C(=O)O)[C@H](CCC(N[C@@H](CCC(=O)O)C(=O)O)N1CCC[C@H]1C(=O)O)NC(N[C@@H](CC(N)=O)C(=O)O)[C@@H](N)Cc1ccc(N2CCC[C@H]2C(NCC(=O)O)N[C@@H](Cc2ccccc2)C(=O)O)cc1)C(=O)O,1,train,42
520,CC(C)[C@H](NC(N[C@H](C(=O)O)C(C)C)[C@H](C)Nc1ccc(C[C@H](N)C(N[C@@H](CCC(=O)O)C(=O)O)N[C@@H](Cc2ccccc2)C(O)NCC(=O)O)cc1)C(=O)O,1,train,42
521,CC(C)C[C@H](NC(N[C@@H](CCCNC(=N)N)C(=O)O)[C@H](CS)NC(N[C@@H](CS)C(N[C@@H](CC(=O)O)C(=O)O)N[C@@H](CC(C)C)C(=O)O)[C@@H]1CCCN1C(N[C@@H](Cc1c[nH]c2ccccc12)C(NCC(O)N[C@@H](CCCNC(=N)N)C(=O)O)N[C@@H](CC(C)C)C(=O)O)[C@@H](N)Cc1cnc[nH]1)C(=O)O,1,train,42
522,C[C@H](Nc1ccc(C[C@H](N)C(NCC(=O)O)N[C@@H](Cc2ccccc2)C(O)N[C@@H](CO)C(=O)O)cc1)C(N[C@@H](Cc1ccc(O)cc1)C(=O)O)N1CCC[C@H]1C(=O)O,1,train,42
523,CC(C)C[C@H](NC(N[C@@H](Cc1ccccc1)C(N[C@@H](Cc1ccc(O)cc1)C(=O)O)N[C@H](C(=O)O)C(C)O)[C@@H](NC(N)C[C@H](NC(N[C@@H](CS)C(N[C@@H](C(C)N[C@@H](C(C)N[C@@H](CC(N)=O)C(=O)O)C(N[C@@H](CC(N)=O)C(=O)O)N[C@@H](CC(C)C)C(=O)O)C(N[C@@H](CCCNC(=N)N)C(N[C@@H](CC(C)C)C(=O)O)N1CCC[C@H]1C(=O)O)N[C@@H](CCC(N)NCC(=O)O)C(N[C@H](C(=O)O)C(C)C)N1CCC[C@H]1C(=O)O)N[C@@H](C)C(N[C@@H](C)C(N[C@@H](CC(N)=O)C(=O)O)N[C@H](C(=O)O)C(C)C)N[C@@H](CC(C)C)C(N[C@H](C(=O)O)C(C)O)N1CCC[C@H]1C(=O)O)[C@@H](N)CCCCN)C(N[C@@H](C)C(N[C@@H](CO)C(=O)O)N[C@@H](CO)C(=O)O)N[C@@H](CS)C(N[C@@H](CCCNC(=N)N)C(=O)O)N[C@H](C(=O)O)C(C)C)C(C)N[C@@H](CC(N)NCC(=O)O)C(N[C@@H](CO)C(=O)O)N[C@@H](CC(N)=O)C(=O)O)C(=O)O,1,train,42
524,CSCC[C@H](NC(O)[C@H](CCC(N)N[C@@H](CC(C)C)C(=O)O)NC([C@@H]1CCCN1C(N[C@@H](CCCCN)C(N[C@@H](CCC(N)=O)C(=O)O)N[C@@H](Cc1ccccc1)C(=O)O)[C@@H](N)CCCNC(=N)N)N1CCC[C@H]1C(NCC(=O)O)N[C@@H](Cc1ccccc1)C(=O)O)C(=O)O,1,train,42
525,CC(C)C[C@H](NC(N[C@@H](CCCNC(=N)N)C(=O)O)[C@H](CC(N)NCC(=O)O)NC(CNC(N[C@@H](Cc1ccccc1)C(N[C@@H](CN[C@@H](CO)C(=O)O)C(N[C@@H](CCCNC(=N)N)C(=O)O)N[C@@H](CCCNC(=N)N)C(=O)O)N[C@@H](CN[C@@H](CCCNC(=N)N)C(=O)O)C(N[C@@H](CO)C(=O)O)N[C@@H](Cc1ccccc1)C(=O)O)[C@@H](N)Cc1ccc(N[C@@H](C)C(N[C@@H](CCCNC(=N)N)C(NCC(=O)O)N[C@@H](CCCNC(=N)N)C(O)N[C@@H](CCCNC(=N)N)C(=O)O)N[C@@H](CC(C)C)C(N[C@@H](Cc2cnc[nH]2)C(NCC(=O)O)N[C@H](C(=O)O)C(C)O)N[C@@H](CS)C(N[C@@H](CO)C(=O)O)N[C@H](C(=O)O)C(C)O)cc1)N[C@@H](Cc1cnc[nH]1)C(N[C@@H](CO)C(=O)O)N[C@@H](Cc1ccc(O)cc1)C(=O)O)C(=O)O,1,train,42
526,CC(C)C[C@H](NC(N[C@@H](C(C)C)C(N[C@@H](Cc1c[nH]c2ccccc12)C(=O)O)N1CCC[C@H]1C(=O)O)[C@@H](N)CC(C)C)C(N[C@@H](C(C)C)C(O)N[C@H](C(=O)O)C(C)O)N[C@@H](Cc1ccc(O)cc1)C(=O)O,1,train,42
527,CC(C)C[C@H](NC(C)[C@H](NC(N[C@@H](Cc1ccccc1)C(N[C@@H](C)C(=O)O)N[C@@H](CO)C(=O)O)[C@H](CNCC(N[C@@H](CO)C(=O)O)N[C@@H](CCCNC(=N)N)C(=O)O)NC(N[C@@H](CC(N[C@@H](C(C)N[C@@H](CCCNC(=N)N)C(=O)O)C(N[C@@H](CCC(N)=O)C(=O)O)N[C@@H](CC(C)C)C(=O)O)N[C@@H](CN[C@@H](CCCNC(=N)N)C(=O)O)C(N[C@@H](CC(C)C)C(=O)O)N[C@@H](CC(C)C)C(=O)O)C(N[C@@H](Cc1ccc(O)cc1)C(=O)O)N[C@@H](CCC(NCC(=O)O)N[C@@H](CCC(N)=O)C(=O)O)C(N[C@@H](CC(C)C)C(=O)O)N[C@H](C(=O)O)C(C)C)[C@@H](N)Cc1cnc[nH]1)C(N[C@@H](CCCNC(=N)N)C(=O)O)N[C@@H](CC(=O)O)C(=O)O)C(=O)O,1,train,42
528,CC(C)[C@H](NC(N[C@@H](C)C(=O)O)[C@H](C)Nc1ccc(C[C@H](N)C(N[C@@H](CO)C(=O)O)N[C@@H](Cc2ccccc2)C(O)NCC(=O)O)cc1)C(=O)O,1,train,42
529,CCC(C)[C@H](NC(N[C@@H](CC(C)C)C(=O)O)[C@H](CC(C)C)NC(N[C@@H](C(C)N[C@@H](Cc1ccc(O)cc1)C(=O)O)C(N[C@@H](C)C(=O)O)N[C@@H](CC(N)=O)C(=O)O)[C@H](CC(C)C)NC(NCC(N[C@@H](C)C(N[C@@H](C(C)N[C@@H](CCCNC(=N)N)C(=O)O)C(N[C@@H](C)C(=O)O)N[C@@H](Cc1ccccc1)C(=O)O)N[C@@H](CCCNC(=N)N)C(=O)O)N[C@@H](CN[C@@H](Cc1c[nH]c2ccccc12)C(=O)O)C(N[C@@H](C)C(=O)O)N[C@@H](Cc1cnc[nH]1)C(=O)O)[C@@H](N)Cc1cnc[nH]1)C(=O)O,1,train,42
530,CCC(C)[C@H](NC(CNC(N[C@@H](CCCNC(=N)N)C(N[C@@H](CCC(N)=O)C(=O)O)N[C@@H](Cc1ccc(O)cc1)C(=O)O)[C@H](CCCNC(=N)N)NC(N[C@@H](CCCCN)C(N[C@@H](CCCNC(=N)N)C(NCC(=O)O)N[C@@H](CCC(N)=O)C(=O)O)N[C@@H](CCCNC(=N)N)C(N[C@@H](CCCNC(=N)N)C(=O)O)N[C@@H](CCCNC(=N)N)C(=O)O)[C@H](CCCNC(=N)N)NC(CN)N[C@@H](CCCCN)C(N[C@@H](CCC(N)N[C@@H](CCC(N)=O)C(=O)O)C(NCC(=O)O)N[C@@H](CCCNC(=N)N)C(=O)O)N[C@@H](CCCNC(=N)N)C(NCC(N[C@@H](CCCCN)C(=O)O)N1CCC[C@H]1C(=O)O)N[C@@H](CC(C)C)C(=O)O)N[C@@H](CO)C(=O)O)C(=O)O,1,train,42
531,CC(C)[C@H](Nc1ccc(C[C@H](NC(N[C@@H](CS)C(N[C@@H](CCCCN)C(=O)O)N[C@@H](Cc2c[nH]c3ccccc23)C(N[C@@H](CC(N)=O)C(=O)O)N[C@@H](Cc2cnc[nH]2)C(=O)O)[C@@H](N)Cc2ccccc2)C(N[C@@H](CS)C(=O)O)N[C@H](C(=O)O)C(C)O)cc1)C(=O)O,1,train,42
532,CCC(C)[C@H](NC[C@H](NC(N[C@@H](C(C)N[C@@H](Cc1ccccc1)C(=O)O)C(N[C@@H](CC(=O)O)C(=O)O)N[C@H](C(=O)O)C(C)O)[C@H](CN[C@@H](CCCNC(=N)N)C(N[C@@H](CCC(N)=O)C(=O)O)N[C@@H](Cc1cnc[nH]1)C(=O)O)NC(N[C@@H](CCC(N)N[C@@H](CCC(N)N[C@@H](C(C)N[C@@H](CCCCN)C(=O)O)C(N[C@@H](CO)C(=O)O)N[C@H](C(=O)O)C(C)CC)C(N[C@@H](C(C)NCC(=O)O)C(O)N[C@@H](Cc1ccc(O)cc1)C(=O)O)N[C@@H](CS)C(N[C@@H](CCC(N)=O)C(=O)O)N1CCC[C@H]1C(=O)O)C(NCC(N[C@@H](CCSC)C(=O)O)N[C@@H](CCC(N)=O)C(=O)O)N[C@@H](CN[C@@H](CCCCN)C(=O)O)C(N[C@@H](C)C(=O)O)N[C@@H](CC(C)C)C(=O)O)[C@@H](N)Cc1ccc(N[C@@H](CCCNC(=N)N)C(N[C@@H](CCSC)C(NCC(N[C@@H](CCCCN)C(=O)O)N[C@@H](CC(=O)O)C(=O)O)N[C@@H](CS)C(N[C@@H](CCCCN)C(=O)O)N[C@@H](CC(=O)O)C(=O)O)N[C@@H](CC(N)N[C@@H](CCCNC(=N)N)C(NCC(=O)O)N[C@@H](CCSC)C(=O)O)C(NCC(N[C@@H](CCCNC(=N)N)C(=O)O)N[C@@H](CC(N)=O)C(=O)O)N[C@@H](Cc2ccccc2)C(N[C@@H](C)C(=O)O)N2CCC[C@H]2C(=O)O)cc1)C(N[C@@H](CCC(N)=O)C(=O)O)N[C@@H](Cc1ccc(O)cc1)C(=O)O)C(=O)O,1,test,42
533,CCC(C)[C@H](NC(N[C@@H](CO)C(=O)O)[C@H](C)NC(N)C[C@H](N)C(N[C@H](C(=O)O)C(C)C)N1CCC[C@H]1C(N[C@@H](CCC(N)=O)C(=O)O)N1CCC[C@H]1C(=O)O)C(=O)O,1,train,42
534,N=C(N)NCCC[C@H](NC([C@H](Cc1ccccc1)NC(N[C@@H](Cc1ccc(N[C@@H](CCC(N)=O)C(=O)O)cc1)C(N[C@@H](CS)C(=O)O)N[C@@H](CC(N)=O)C(=O)O)[C@@H](N)CS)N1CCC[C@H]1C(=O)O)C(=O)O,1,train,42
535,CC(N[C@@H](Cc1ccccc1)C(NCC(N[C@@H](CC(N)=O)C(=O)O)N[C@@H](CC(N)=O)C(=O)O)NCC(N[C@@H](CCCNC(=N)N)C(=O)O)N[C@@H](Cc1ccccc1)C(=O)O)[C@H](N)C(N[C@@H](Cc1ccc(NCC(=O)O)cc1)C(N[C@@H](CCCNC(=N)N)C(=O)O)N[C@@H](CCCNC(=N)N)C(=O)O)N[C@@H](Cc1ccccc1)C(N[C@@H](CCCNC(=N)N)C(O)N[C@@H](Cc1ccc(O)cc1)C(=O)O)N[C@@H](CN[C@H](C(=O)O)C(C)O)C(N[C@@H](CCC(=O)O)C(=O)O)N[C@@H](CCC(=O)O)C(=O)O,1,train,42
536,C[C@H](Nc1ccc(C[C@H](N)C(N[C@@H](Cc2ccccc2)C(=O)O)N[C@@H](Cc2ccccc2)C(=O)O)cc1)C(O)N[C@@H](CC(N)=O)C(=O)O,1,train,42
537,CC(C)[C@H](NC(N[C@@H](CS)C(=O)O)[C@H](CC(N1CCC[C@H]1C(=O)O)N1CCC[C@H]1C(=O)O)NC(N[C@H](C(=O)O)C(C)O)[C@@H](N)CS)C(=O)O,1,train,42
538,CCC(C)[C@H](NC(N[C@@H](Cc1cnc[nH]1)C(=O)O)[C@H](CC(N[C@@H](CC(N)=O)C(=O)O)N[C@@H](CC(N)=O)C(=O)O)NC(CNC(N)CC[C@H](NC(N)CC[C@H](N)C(N[C@@H](CC(C)C)C(NCC(N[C@@H](CO)C(=O)O)N[C@@H](CC(C)C)C(=O)O)N[C@@H](CCC(N)N[C@@H](Cc1ccc(O)cc1)C(=O)O)C(N[C@@H](CCC(=O)O)C(=O)O)N[C@@H](CC(C)C)C(=O)O)N[C@@H](CC(C)C)C(N[C@@H](C(C)C)C(N[C@@H](CCC(N)=O)C(=O)O)N[C@@H](CCC(=O)O)C(=O)O)N[C@@H](CCCNC(=N)N)C(N[C@@H](CO)C(=O)O)N[C@H](C(=O)O)C(C)C)C(NCC(N[C@@H](CC(C)C)C(=O)O)N[C@H](C(=O)O)C(C)C)N[C@@H](C(C)NCC(N[C@@H](CCSC)C(=O)O)N[C@@H](Cc1ccccc1)C(=O)O)C(N[C@@H](Cc1ccc(N[C@@H](CCCNC(=N)N)C(=O)O)cc1)C(N[C@@H](CO)C(=O)O)N[C@@H](CCC(N)=O)C(=O)O)N[C@@H](Cc1ccccc1)C(N[C@@H](CCC(=O)O)C(=O)O)N[C@H](C(=O)O)C(C)CC)N[C@@H](Cc1ccc(N[C@@H](CC(=O)O)C(=O)O)cc1)C(N[C@@H](C)C(=O)O)N[C@@H](CO)C(=O)O)C(=O)O,1,val,42
539,CSCC[C@H](NC(C[C@H](NC(C[C@H](N)C(N[C@@H](CCSC)C(N[C@@H](Cc1ccc(O)cc1)C(=O)O)N[C@H](C(=O)O)C(C)C)N[C@@H](CC(C)C)C(N[C@@H](CCCNC(=N)N)C(=O)O)N1CCC[C@H]1C(=O)O)N[C@@H](Cc1ccccc1)C(N[C@@H](CCCNC(=N)N)C(N[C@@H](CS)C(=O)O)N[C@@H](Cc1c[nH]c2ccccc12)C(=O)O)N[C@@H](CS)C(N[C@@H](CCC(N)=O)C(=O)O)N[C@H](C(=O)O)C(C)C)C(NCC(=O)O)N[C@@H](CCCNC(=N)N)C(=O)O)N[C@@H](CC(C)C)C(=O)O)C(=O)O,1,train,42
540,CCC(C)[C@H](NC(N[C@@H](CCC(N)N[C@H](C(=O)O)C(C)O)C(N[C@@H](CCCCN)C(=O)O)N[C@@H](Cc1ccc(O)cc1)C(=O)O)[C@@H](N)C(C)C)C(=O)O,1,train,42
541,CCC(C)[C@H](NC([C@H](CN[C@@H](CCCNC(=N)N)C(=O)O)NC(N[C@@H](Cc1ccc(N[C@@H](CO)C(=O)O)cc1)C(N[C@@H](Cc1cnc[nH]1)C(=O)O)N1CCC[C@H]1C(=O)O)[C@@H]1CCCN1C(CN)N[C@@H](CCCCN)C(N[C@@H](CCCNC(=N)N)C(N[C@@H](CCCNC(=N)N)C(=O)O)N1CCC[C@H]1C(N[C@@H](CCCNC(=N)N)C(=O)O)N[C@H](C(=O)O)C(C)C)N1CCC[C@H]1C(N[C@H](C(=O)O)C(C)O)N1CCC[C@H]1C(=O)O)N1CCC[C@H]1C(=O)O)C(=O)O,1,train,42
542,CC(C)[C@H](NC(N[C@@H](C)C(=O)O)[C@@H](N)CN[C@@H](Cc1cnc[nH]1)C(O)N[C@@H](CO)C(=O)O)C(=O)O,1,train,42
543,CCC(C)[C@H](NC(CC[C@H](NC(N[C@@H](CC(N)=O)C(=O)O)[C@@H](N)CCC(N[C@@H](Cc1ccc(N[C@@H](CCCNC(=N)N)C(=O)O)cc1)C(N[C@@H](CCCNC(=N)N)C(=O)O)N1CCC[C@H]1C(=O)O)N[C@@H](CC(C)C)C(N[C@@H](CCCCN)C(=O)O)N1CCC[C@H]1C(=O)O)C(O)N[C@@H](CC(C)C)C(=O)O)N[C@@H](Cc1ccc(O)cc1)C(=O)O)C(=O)O,1,val,42
544,CC(C)C[C@H](NC[C@H](NC(N[C@@H](CCCNC(=N)N)C(=O)O)[C@H](CCCNC(=N)N)NC(N[C@@H](CCCNC(=N)N)C(N[C@@H](C)C(=O)O)N[C@@H](CC(C)C)C(=O)O)[C@H](CCCNC(=N)N)NC(N[C@@H](CCCNC(=N)N)C(N[C@@H](CCCNC(=N)N)C(N[C@@H](C)C(N[C@H](C(=O)O)C(C)C)N1CCC[C@H]1C(=O)O)N[C@@H](CCCNC(=N)N)C(NCC(=O)O)N[C@@H](CCCNC(=N)N)C(=O)O)N[C@@H](CCCNC(=N)N)C(N[C@@H](CCCNC(=N)N)C(NCC(=O)O)N[C@@H](CCCNC(=N)N)C(=O)O)N[C@@H](CCCNC(=N)N)C(N[C@@H](CCC(=O)O)C(=O)O)N[C@@H](CC(C)C)C(=O)O)[C@@H](N)CCCNC(=N)N)C(=O)O)C(=O)O,1,train,42
545,CSCC[C@H](NC(N[C@@H](C)C(=O)O)[C@H](CCC(N)N[C@H](C(=O)O)C(C)O)NC(N[C@@H](CCCNC(=N)N)C(N[C@@H](CCCCN)C(=O)O)N[C@@H](CCC(=O)O)C(=O)O)[C@H](CCCNC(=N)N)NC(N[C@@H](CCCCN)C(N[C@@H](CCCNC(=N)N)C(=O)O)N[C@@H](CCCNC(=N)N)C(=O)O)[C@@H](N)Cc1ccc(NCC(N[C@@H](CCCCN)C(N[C@@H](CCCNC(=N)N)C(=O)O)N[C@@H](CC(C)C)C(=O)O)N[C@@H](CCCNC(=N)N)C(NCC(=O)O)N2CCC[C@H]2C(=O)O)cc1)C(=O)O,1,train,42
546,CC(C)C[C@H](NC(N[C@@H](CCCCN)C(=O)O)[C@H](Cc1cnc[nH]1)NC(N[C@@H](CC(N[C@@H](Cc1ccccc1)C(=O)O)N[C@H](C(=O)O)C(C)C)C(N[C@@H](C)C(=O)O)N[C@@H](Cc1ccccc1)C(=O)O)[C@H](C)NC(C[C@H](N)C(N[C@@H](CCCNC(=N)N)C(N[C@@H](CCC(N)=O)C(=O)O)N[C@@H](Cc1cnc[nH]1)C(=O)O)N[C@@H](Cc1ccccc1)C(N[C@@H](Cc1cnc[nH]1)C(=O)O)N[C@H](C(=O)O)C(C)C)N[C@@H](CCC(NCC(NCC(=O)O)N[C@@H](CO)C(=O)O)N[C@@H](CN[C@@H](CCC(=O)O)C(=O)O)C(N[C@@H](CC(=O)O)C(=O)O)N[C@H](C(=O)O)C(C)C)C(N[C@@H](CCC(N)=O)C(=O)O)N[C@@H](Cc1ccc(N[C@@H](CC(N)=O)C(=O)O)cc1)C(O)N[C@@H](CCCCN)C(=O)O)C(=O)O,1,train,42
547,CCC(C)[C@H](NC(C[C@H](NC(C[C@H](N)C(N[C@@H](CC(C)C)C(N[C@@H](CCCNC(=N)N)C(N[C@@H](CO)C(=O)O)N[C@@H](CC(=O)O)C(=O)O)N[C@@H](CC(C)C)C(N[C@@H](Cc1ccccc1)C(=O)O)N[C@H](C(=O)O)C(C)CC)N1CCC[C@H]1C(N[C@@H](Cc1cnc[nH]1)C(N[C@@H](CCC(N)=O)C(=O)O)N[C@@H](CC(N)=O)C(=O)O)N[C@@H](CC(C)C)C(N[C@@H](CCCNC(=N)N)C(=O)O)N[C@H](C(=O)O)C(C)CC)N1CCC[C@H]1C(N[C@@H](C(C)N[C@@H](CCCNC(=N)N)C(=O)O)C(N[C@@H](CCCNC(=N)N)C(=O)O)N[C@@H](CCC(=O)O)C(=O)O)N[C@@H](Cc1ccccc1)C(N[C@@H](C)C(=O)O)N[C@@H](CCC(=O)O)C(=O)O)C(N[C@@H](CC(C)C)C(N[C@@H](CO)C(=O)O)N[C@@H](CCC(N)=O)C(=O)O)N[C@@H](CC(N[C@@H](C)C(=O)O)N[C@@H](CCCNC(=N)N)C(=O)O)C(N[C@@H](CCC(N)=O)C(=O)O)N[C@H](C(=O)O)C(C)O)N[C@@H](CN[C@H](C(=O)O)C(C)N[C@H](C(=O)O)C(C)C)C(N[C@@H](CC(C)C)C(=O)O)N[C@@H](CC(C)C)C(=O)O)C(N[C@@H](CCC(=O)O)C(=O)O)N[C@@H](CC(C)C)C(=O)O,1,train,42
548,CC(C)C[C@H](NC(N[C@@H](CN[C@@H](CN[C@@H](Cc1ccc(O)cc1)C(=O)O)C(N[C@@H](CS)C(=O)O)N[C@@H](CC(N)=O)C(=O)O)C(N[C@@H](CS)C(N[C@@H](CS)C(=O)O)N[C@@H](CCCNC(=N)N)C(=O)O)N[C@@H](CN[C@@H](CO)C(=O)O)C(N[C@@H](CS)C(=O)O)N[C@@H](CC(N)=O)C(=O)O)[C@@H](N)CS)C(NCC(N[C@@H](Cc1ccc(N2CCC[C@H]2C(=O)O)cc1)C(N[C@@H](CO)C(=O)O)N[C@@H](Cc1ccc(O)cc1)C(=O)O)N[C@@H](Cc1cnc[nH]1)C(N[C@@H](Cc1ccc(O)cc1)C(=O)O)N[C@@H](Cc1cnc[nH]1)C(=O)O)N[C@@H](CN1CCC[C@H]1C(N[C@@H](CCCCN)C(=O)O)N[C@@H](CCCNC(=N)N)C(=O)O)C(N[C@@H](C(C)N[C@@H](CS)C(=O)O)C(O)N[C@@H](CCCNC(=N)N)C(=O)O)N[C@@H](CO)C(=O)O,1,train,42
549,CCC(C)[C@H](NC(N[C@@H](CCC(N)N[C@@H](CC(C)C)C(=O)O)C(N[C@@H](CCCCN)C(=O)O)N[C@@H](Cc1ccc(O)cc1)C(=O)O)[C@@H](N)C(C)C)C(=O)O,1,train,42
550,CCC(C)[C@H](N)C(N[C@@H](CC(N)N[C@@H](CCCCN)C(=O)O)C(NCC(=O)O)N[C@@H](CC(C)C)C(=O)O)N[C@@H](CN[C@@H](CCCNC(=N)N)C(N[C@@H](CCSC)C(=O)O)N[C@H](C(=O)O)C(C)C)C(N[C@@H](CNCC(=O)O)C(=O)O)N[C@@H](Cc1cnc[nH]1)C(=O)O,1,test,42
551,CC(C)C[C@H](NC(N[C@@H](Cc1cnc[nH]1)C(=O)O)[C@H](CCCNC(=N)N)NC([C@@H](N)CCCNC(=N)N)N1CCC[C@H]1C(N[C@@H](C(C)N[C@H](C(=O)O)C(C)O)C(N[C@@H](CCCNC(=N)N)C(=O)O)N[C@@H](Cc1cnc[nH]1)C(=O)O)N[C@@H](CCCNC(=N)N)C(N[C@@H](CCCNC(=N)N)C(=O)O)N[C@@H](CC(N)=O)C(=O)O)C(=O)O,1,train,42
552,CC(C)C[C@H](N)C(N[C@@H](C(C)C)C(N[C@@H](Cc1c[nH]c2ccccc12)C(=O)O)N[C@H](C(=O)O)C(C)O)N[C@@H](C(C)C)C(N[C@@H](Cc1ccc(O)cc1)C(=O)O)N1CCC[C@H]1C(=O)O,1,train,42
553,N=C(N)NCCC[C@H](NC(CNC(N[C@@H](CCCCN)C(=O)O)[C@@H](N)CS)N[C@@H](CCCCN)C(=O)O)C(=O)O,1,train,42
554,N=C(N)NCCC[C@H](NC(N[C@@H](Cc1ccc(N[C@@H](Cc2cnc[nH]2)C(=O)O)cc1)C(O)N1CCC[C@H]1C(=O)O)[C@@H]1CCCN1)C(=O)O,1,test,42
555,CC(C)[C@H](N)C(N[C@@H](C(C)C)C(N[C@@H](Cc1c[nH]c2ccccc12)C(=O)O)N1CCC[C@H]1C(O)N[C@@H](Cc1ccccc1)C(=O)O)N[C@@H](Cc1ccc(N[C@H](C(=O)O)C(C)O)cc1)C(N[C@@H](CCCNC(=N)N)C(=O)O)N[C@@H](CCC(N)=O)C(=O)O,1,train,42
556,N[C@@H](CC(N[C@@H](CC(O)N[C@@H](CCC(=O)O)C(=O)O)C(=O)O)N[C@@H](CCC(N[C@@H](CCC(=O)O)C(=O)O)N[C@@H](CC(=O)O)C(=O)O)C(N[C@@H](CCC(=O)O)C(=O)O)N[C@@H](CC(=O)O)C(=O)O)C(N[C@@H](CCC(=O)O)C(=O)O)N[C@@H](CC(=O)O)C(=O)O,1,train,42
557,CCC(C)[C@H](NC(N[C@@H](CCCCN)C(O)N[C@@H](CC(C)C)C(=O)O)[C@@H]1CCCN1C(N)C[C@H](NC(N[C@@H](C)C(NCC(NCC(=O)O)N[C@@H](Cc1cnc[nH]1)C(=O)O)N[C@@H](C(C)C)C(N[C@@H](CCC(N)=O)C(=O)O)N[C@@H](CCC(N)=O)C(=O)O)[C@@H](N)Cc1ccccc1)C(N[C@@H](Cc1ccccc1)C(N[C@@H](CO)C(=O)O)N[C@@H](CC(C)C)C(=O)O)N[C@@H](CC(NCC(=O)O)N[C@@H](C)C(=O)O)C(N[C@@H](CCC(N)=O)C(=O)O)N[C@@H](Cc1ccc(O)cc1)C(=O)O)C(N[C@@H](C)C(=O)O)N[C@@H](CCCNC(=N)N)C(=O)O,1,train,42
558,CSCC[C@H](NC(N[C@@H](CCCNC(=N)N)C(=O)O)[C@H](CCCNC(=N)N)NC(N[C@@H](CCSC)C(O)N[C@@H](CC(=O)O)C(=O)O)[C@H](CCCCN)NC(CNc1ccc(C[C@H](N)C(N[C@@H](CCCCN)C(N[C@@H](CCCNC(=N)N)C(N[C@@H](CCCNC(=N)N)C(=O)O)N[C@@H](CCCNC(=N)N)C(=O)O)N[C@@H](CCCNC(=N)N)C(N[C@@H](CC(N)=O)C(=O)O)N[C@H](C(=O)O)C(C)C)N[C@@H](CCCNC(=N)N)C(N[C@@H](CCCNC(=N)N)C(NCC(=O)O)N[C@@H](CC(N)=O)C(=O)O)N[C@@H](CCC(N)N[C@@H](CO)C(=O)O)C(N[C@@H](Cc2ccccc2)C(=O)O)N2CCC[C@H]2C(=O)O)cc1)N[C@@H](CCCNC(=N)N)C(N[C@@H](CO)C(=O)O)N[C@@H](CCCCN)C(=O)O)C(=O)O,1,train,42
559,C[C@H](NC(N[C@@H](CN[C@@H](Cc1cnc[nH]1)C(N[C@@H](CCCNC(=N)N)C(=O)O)N[C@@H](CCCNC(=N)N)C(=O)O)C(NCC(=O)O)N[C@@H](CCCNC(=N)N)C(O)N[C@@H](CCCNC(=N)N)C(=O)O)[C@@H]1CCCN1C(N[C@@H](C)C(NCC(N[C@@H](CCCNC(=N)N)C(=O)O)N[C@@H](CCC(N)=O)C(=O)O)N[C@@H](CC(N[C@@H](CCCCN)C(=O)O)N[C@@H](CCCNC(=N)N)C(=O)O)C(N[C@@H](CCCCN)C(=O)O)N[C@@H](CCCNC(=N)N)C(=O)O)[C@@H](N)CCCCN)C(NCC(=O)O)N[C@@H](Cc1ccc(O)cc1)C(=O)O,1,train,42
560,CC(C)C[C@H](NC(O)[C@H](CC(C)C)NC(N[C@@H](CC(C)C)C(N[C@@H](CCCNC(=N)N)C(=O)O)N[C@@H](CC(C)C)C(=O)O)[C@H](CC(C)C)NC(N[C@@H](CCCNC(=N)N)C(N[C@@H](CCCNC(=N)N)C(=O)O)N[C@@H](CC(C)C)C(=O)O)[C@H](CCCNC(=N)N)NC(N[C@@H](CCCCN)C(N[C@@H](CCCNC(=N)N)C(N[C@@H](CCCCN)C(=O)O)N[C@@H](CCCNC(=N)N)C(=O)O)N[C@@H](CCCCN)C(N[C@@H](CCCCN)C(=O)O)N[C@@H](CC(C)C)C(=O)O)[C@@H](N)CC(C)C)C(=O)O,1,train,42
561,CCC(C)[C@H](NC(C[C@H](NC(N[C@@H](CCSC)C(N[C@@H](CC(=O)O)C(=O)O)N[C@@H](CC(C)C)C(=O)O)[C@H](CS)NC(N[C@@H](CN[C@@H](CN[C@@H](CCCCN)C(=O)O)C(N[C@@H](CS)C(=O)O)N[C@@H](CCC(=O)O)C(=O)O)C(N[C@@H](CN[C@H](C(=O)O)C(C)C)C(N[C@@H](Cc1ccccc1)C(=O)O)N[C@@H](Cc1ccc(O)cc1)C(=O)O)N[C@@H](CC(C)C)C(N[C@@H](CS)C(=O)O)N[C@@H](Cc1cnc[nH]1)C(=O)O)[C@@H](N)CS)C(O)N[C@@H](Cc1c[nH]c2ccccc12)C(=O)O)N[C@H](C(=O)O)C(C)CC)C(=O)O,1,train,42
562,CCC(C)[C@H](NC(C[C@H](NC(N[C@@H](CN[C@@H](CCCNC(=N)N)C(=O)O)C(N[C@@H](Cc1ccccc1)C(=O)O)N[C@@H](CC(C)C)C(=O)O)[C@H](CCC(N[C@@H](C(C)N[C@@H](CCC(=O)O)C(=O)O)C(N[C@@H](C)C(=O)O)N[C@H](C(=O)O)C(C)C)N[C@@H](Cc1ccccc1)C(N[C@@H](CCC(N[C@@H](CCCCN)C(=O)O)N[C@@H](CCCCN)C(=O)O)C(=O)O)N[C@@H](CCC(N[C@@H](CCCCN)C(=O)O)N[C@@H](CCCCN)C(=O)O)C(N[C@@H](CCCCN)C(=O)O)N[C@@H](CCCCN)C(=O)O)NC(NCC(NCC(N[C@@H](CC(C)C)C(N[C@@H](CCCCN)C(=O)O)N[C@@H](CC(N)=O)C(=O)O)N[C@@H](CNCC(=O)O)C(NCC(=O)O)N1CCC[C@H]1C(=O)O)N[C@@H](C(C)N[C@@H](CCCCN)C(N[C@@H](CO)C(=O)O)N[C@@H](CO)C(=O)O)C(N[C@@H](CCC(N)NCC(=O)O)C(N[C@@H](C)C(=O)O)N1CCC[C@H]1C(=O)O)N[C@@H](CCSC)C(N[C@@H](CO)C(=O)O)N1CCC[C@H]1C(=O)O)[C@@H](N)Cc1cnc[nH]1)C(N[C@@H](Cc1c[nH]c2ccccc12)C(=O)O)N[C@@H](CC(C)C)C(=O)O)N[C@@H](CCC(=O)O)C(=O)O)C(=O)O,1,train,42
563,CC(C)C[C@H](NC(N)C[C@H](NC(N[C@@H](Cc1ccc(N[C@@H](Cc2cnc[nH]2)C(=O)O)cc1)C(NCC(=O)O)N[C@@H](CC(N)=O)C(=O)O)[C@@H](N)C(C)NCC(N[C@@H](C)C(=O)O)N[C@@H](CCCCN)C(=O)O)C(N[C@@H](Cc1cnc[nH]1)C(=O)O)N1CCC[C@H]1C(=O)O)C(=O)O,1,test,42
564,CC(C)C[C@H](NC(N[C@@H](C)C(=O)O)[C@@H](N)CC(NCC(=O)O)NCC(O)NCC(=O)O)C(=O)O,1,train,42
565,CC(C)C[C@H](NC(N[C@H](C(=O)O)C(C)O)[C@H](CCCNC(=N)N)NC(N[C@@H](CCCNC(=N)N)C(N[C@H](C(=O)O)C(C)O)N1CCC[C@H]1C(=O)O)[C@H](CCCCN)NC(N[C@@H](CCCNC(=N)N)C(N[C@@H](CCCNC(=N)N)C(N[C@@H](CC(N)=O)C(=O)O)N[C@@H](CC(C)C)C(=O)O)N1CCC[C@H]1C(N[C@@H](Cc1ccccc1)C(=O)O)N1CCC[C@H]1C(=O)O)[C@H](CCCNC(=N)N)NC(CN)N[C@@H](CCCCN)C(N[C@@H](CCC(N)N1CCC[C@H]1C(N[C@@H](CO)C(=O)O)N[C@@H](CCC(N)=O)C(=O)O)C(N[C@@H](CCCCN)C(=O)O)N[C@@H](CCCNC(=N)N)C(=O)O)N[C@@H](CCCNC(=N)N)C(N[C@@H](CCCNC(=N)N)C(N[C@@H](CCCNC(=N)N)C(=O)O)N1CCC[C@H]1C(=O)O)N1CCC[C@H]1C(N[C@@H](CCC(N)=O)C(=O)O)N[C@H](C(=O)O)C(C)C)C(=O)O,1,train,42
566,CC(O)[C@H](Nc1ccc(C[C@H](NC(N[C@@H](CS)C(N[C@@H](CCCNC(=N)N)C(=O)O)N[C@@H](Cc2c[nH]c3ccccc23)C(=O)O)[C@@H](N)Cc2ccccc2)C(O)N[C@H](C(=O)O)C(C)O)cc1)C(=O)O,1,train,42
567,CCC(C)[C@H](N)C(NCC(N[C@@H](CC(C)C)C(=O)O)N[C@H](C(=O)O)C(C)O)N[C@H](C(=O)O)C(C)N[C@H](C(=O)O)C(C)O,1,test,42
568,CC(N[C@@H](CCCNC(=N)N)C(=O)O)[C@H](NC([C@H](Cc1c[nH]c2ccccc12)NC(N[C@@H](CCCCN)C(N[C@@H](CCCCN)C(=O)O)N[C@H](C(=O)O)C(C)C)[C@@H](N)CCCCN)N1CCC[C@H]1C(=O)O)C(O)N[C@H](C(=O)O)C(C)C,1,val,42
569,CC(C)C[C@H](NC(N[C@@H](C)C(=O)O)[C@H](CS)Nc1ccc(C[C@H](N)C(N[C@@H](CS)C(O)N[C@@H](C)C(=O)O)N[C@@H](Cc2ccc(NCC(=O)O)cc2)C(N[C@@H](CC(N)=O)C(=O)O)N[C@@H](Cc2ccccc2)C(=O)O)cc1)C(=O)O,1,train,42
570,CCC(C)[C@H](NC(O)[C@H](C)NC(CC[C@H](NC(N[C@@H](CC(C)C)C(N[C@@H](CC(N)=O)C(=O)O)N[C@H](C(=O)O)C(C)CC)[C@@H](N)CCSC)C(N[C@@H](C)C(=O)O)N[C@H](C(=O)O)C(C)O)N[C@@H](CC(N)=O)C(=O)O)C(=O)O,1,train,42
571,CC(C)C[C@H](NC(C)[C@H](Nc1ccc(C[C@H](N)C(NCC(=O)O)N[C@@H](Cc2ccccc2)C(=O)O)cc1)C(O)N[C@@H](CO)C(=O)O)C(=O)O,1,train,42
572,CC(C)C[C@H](NC(N[C@H](C(=O)O)C(C)C)[C@H](C)NC(C[C@H](N)C(N[C@@H](CO)C(=O)O)N[C@@H](CCC(N[C@H](C(=O)O)C(C)C)N[C@H](C(=O)O)C(C)O)C(O)N[C@@H](CCCNC(=N)N)C(=O)O)N[C@@H](C)C(NCC(=O)O)N[C@H](C(=O)O)C(C)C)C(=O)O,1,train,42
573,N=C(N)NCCC[C@H](NC(O)[C@H](CCCCN)NC(N[C@@H](CCCNC(=N)N)C(N[C@@H](CCCCN)C(=O)O)N[C@@H](Cc1cnc[nH]1)C(=O)O)[C@H](CCCCN)NC(N[C@@H](Cc1cnc[nH]1)C(N[C@@H](CCCNC(=N)N)C(=O)O)N[C@@H](Cc1cnc[nH]1)C(=O)O)[C@@H](N)CCCNC(=N)N)C(=O)O,1,train,42
574,CC(C)C[C@H](NC(CNc1ccc(C[C@H](N)C(NCC(=O)O)N[C@@H](Cc2ccccc2)C(=O)O)cc1)N[C@@H](CCCNC(=N)N)C(=O)O)C(=O)O,1,train,42
575,N=C(N)NCCC[C@H](NC(CC[C@H](NC(N[C@@H](CC(N)N[C@@H](CC(N)=O)C(=O)O)C(O)N[C@@H](Cc1ccccc1)C(=O)O)[C@@H](N)Cc1ccc(N2CCC[C@H]2C(NCC(=O)O)N2CCC[C@H]2C(=O)O)cc1)C(N[C@@H](CCC(=O)O)C(=O)O)N1CCC[C@H]1C(=O)O)N[C@@H](Cc1ccccc1)C(=O)O)C(=O)O,1,train,42
576,CCC(C)[C@H](NC(N[C@@H](CCCNC(=N)N)C(=O)O)[C@H](CC(N)N[C@@H](CCCNC(=N)N)C(=O)O)NC(N[C@@H](CCC(N[C@@H](Cc1ccccc1)C(=O)O)N1CCC[C@H]1C(=O)O)C(N[C@H](C(=O)O)C(C)C)N[C@H](C(=O)O)C(C)O)[C@H](CS)NC(N[C@@H](CCCNC(=N)N)C(N[C@@H](C(C)C)C(N[C@@H](CC(=O)O)C(=O)O)N[C@H](C(=O)O)C(C)C)N[C@@H](CC(C)C)C(NCC(=O)O)N[C@@H](CCCNC(=N)N)C(=O)O)[C@@H](N)Cc1ccccc1)C(=O)O,1,val,42
577,CC(O)[C@H](NC(O)[C@H](Cc1c[nH]c2ccccc12)NC(N[C@@H](CCCCN)C(=O)O)[C@H](CS)NC(N[C@@H](Cc1ccccc1)C(N[C@@H](CS)C(=O)O)N[C@H](C(=O)O)C(C)O)[C@@H](N)Cc1ccccc1)C(=O)O,1,val,42
578,CC(C)C[C@H](NC(N[C@@H](CCCNC(=N)N)C(=O)O)[C@H](C)Nc1ccc(C[C@H](N)C(NCC(=O)O)N[C@@H](Cc2ccccc2)C(=O)O)cc1)C(=O)O,1,train,42
579,CC(C)[C@H](NC(NCC(=O)O)[C@H](C)NC(N[C@@H](Cc1ccc(N[C@@H](Cc2ccccc2)C(=O)O)cc1)C(N[C@@H](CCC(=O)O)C(=O)O)N[C@H](C(=O)O)C(C)C)[C@@H](N)CCCNC(=N)N)C(=O)O,1,train,42
580,CC(C)C[C@H](NC(N[C@@H](CC(N)=O)C(=O)O)[C@H](CCCNC(=N)N)NC(N[C@@H](CCCNC(=N)N)C(N[C@@H](CC(C)C)C(=O)O)N[C@H](C(=O)O)C(C)O)[C@H](CCCCN)NC(N[C@@H](CCCNC(=N)N)C(N[C@@H](CCCNC(=N)N)C(=O)O)N[C@@H](CCCNC(=N)N)C(O)N[C@@H](Cc1ccccc1)C(=O)O)[C@H](CCCNC(=N)N)NC(CN)N[C@@H](CCCCN)C(N[C@@H](CCCNC(=N)N)C(N[C@@H](CCCCN)C(=O)O)N1CCC[C@H]1C(=O)O)N[C@@H](CCC(N)N[C@@H](CCCNC(=N)N)C(=O)O)C(N[C@H](C(=O)O)C(C)O)N1CCC[C@H]1C(=O)O)C(=O)O,1,train,42
581,CCC(C)[C@H](NC(N[C@@H](CC(N)N[C@@H](CCCNC(=N)N)C(=O)O)C(N[C@@H](C)C(=O)O)N[C@@H](CCC(N)=O)C(=O)O)[C@H](CN[C@@H](C(C)N[C@@H](CCCCN)C(=O)O)C(N[C@@H](CC(N)=O)C(=O)O)N[C@@H](CC(C)C)C(=O)O)NC(C)[C@H](NC(N[C@@H](CC(C)C)C(N[C@@H](C(C)C)C(N[C@@H](C)C(=O)O)N[C@H](C(=O)O)C(C)CC)N1CCC[C@H]1C(N[C@@H](C)C(=O)O)N[C@@H](CCCCN)C(=O)O)[C@@H](N)Cc1ccccc1)C(N[C@@H](CC(N[C@@H](CC(C)C)C(N[C@@H](C)C(=O)O)N[C@@H](CCSC)C(=O)O)N[C@@H](CC(C)C)C(N[C@@H](CCC(N)=O)C(=O)O)N[C@H](C(=O)O)C(C)CC)C(N[C@@H](CC(N)=O)C(=O)O)N[C@@H](Cc1ccccc1)C(=O)O)N[C@@H](CC(C)C)C(N[C@@H](CCSC)C(N[C@@H](C)C(=O)O)N[C@@H](CC(N)=O)C(=O)O)N[C@@H](CC(N)N[C@@H](C)C(=O)O)C(N[C@@H](Cc1cnc[nH]1)C(=O)O)N[C@@H](CC(C)C)C(=O)O)C(N[C@@H](C)C(=O)O)N[C@@H](C)C(=O)O,1,train,42
582,CCC(C)[C@H](N)C(N[C@@H](CC(C)C)C(N[C@@H](CCCNC(=N)N)C(=O)O)N[C@@H](CCC(N)=O)C(=O)O)N[C@@H](Cc1ccccc1)C(N[C@@H](Cc1c[nH]c2ccccc12)C(O)N[C@@H](CCCNC(=N)N)C(=O)O)N[C@@H](CC(C)C)C(N[C@@H](CS)C(=O)O)N[C@@H](CCCNC(=N)N)C(=O)O,1,test,42
583,CC(C)C[C@H](NC(CNc1ccc(C[C@H](N)C(NCC(N[C@@H](CCCNC(=N)N)C(=O)O)N[C@@H](CC(C)C)C(=O)O)N[C@@H](Cc2ccccc2)C(=O)O)cc1)N[C@@H](CCCNC(=N)N)C(=O)O)C(=O)O,1,train,42
584,C[C@H](Nc1ccc(C[C@H](N)C(N[C@@H](Cc2cnc[nH]2)C(=O)O)N[C@@H](CS)C(O)N[C@@H](Cc2ccccc2)C(=O)O)cc1)C(N[C@@H](CS)C(=O)O)N[C@@H](Cc1ccccc1)C(=O)O,1,train,42
585,CC(N[C@@H](Cc1ccccc1)C(NCC(=O)O)N[C@@H](CCCNC(=N)N)C(=O)O)[C@H](NC(N[C@@H](Cc1ccccc1)C(NCC(N[C@@H](CCCCN)C(=O)O)N[C@H](C(=O)O)C(C)O)N[C@@H](CN[C@@H](CCC(=O)O)C(=O)O)C(O)N[C@@H](CCC(=O)O)C(=O)O)[C@@H](N)CS)C(NCC(N[C@@H](CC(N)=O)C(=O)O)N[C@@H](Cc1ccccc1)C(=O)O)N[C@@H](Cc1ccc(N[C@@H](CCCCN)C(=O)O)cc1)C(N[C@@H](CCCNC(=N)N)C(=O)O)N[C@@H](CC(N)=O)C(=O)O,1,train,42
586,C[C@H](NC(N[C@@H](CC(N)=O)C(=O)O)[C@H](C)Nc1ccc(C[C@H](N)C(NCC(=O)O)N[C@@H](Cc2ccccc2)C(=O)O)cc1)C(=O)O,1,val,42
587,CC(C)C[C@H](NC[C@H](NC(N[C@@H](C(C)C)C(O)N[C@@H](CS)C(=O)O)[C@H](CC(C)C)NC(N[C@@H](CN[C@@H](CC(=O)O)C(=O)O)C(N[C@@H](CO)C(=O)O)N[C@@H](CC(=O)O)C(=O)O)[C@@H](N)CCCNC(=N)N)C(NCC(=O)O)N[C@@H](CO)C(=O)O)C(=O)O,1,train,42
588,CC(C)[C@H](NC(N[C@H](C(=O)O)C(C)C)[C@H](C)Nc1ccc(C[C@H](N)C(N[C@@H](CCC(N)=O)C(=O)O)N[C@@H](Cc2ccccc2)C(O)NCC(=O)O)cc1)C(=O)O,1,train,42
589,CC(C)C[C@H](NC([C@@H]1CCCN1C([C@H](CCCNC(=N)N)NC([C@@H](N)C(C)C)N1CCC[C@H]1C(N[C@@H](C(C)C)C(N[C@@H](CCCNC(=N)N)C(=O)O)N[C@H](C(=O)O)C(C)C)N[C@@H](CCCNC(=N)N)C(N[C@@H](CCCCN)C(=O)O)N1CCC[C@H]1C(=O)O)N1CCC[C@H]1C(N1CCC[C@H]1C(=O)O)N1CCC[C@H]1C(=O)O)N1CCC[C@H]1C(=O)O)C(N1CCC[C@H]1C(=O)O)N1CCC[C@H]1C(=O)O,1,train,42
590,CC(C)[C@H](NC(N[C@H](C(=O)O)C(C)C)[C@H](Cc1ccc(N[C@@H](CCC(=O)O)C(=O)O)cc1)NC([C@@H]1CCCN1)N1CCC[C@H]1C(N[C@@H](Cc1ccccc1)C(=O)O)N[C@@H](C)C(O)NCC(=O)O)C(=O)O,1,val,42
591,CCC(C)[C@H](NC(N[C@H](C(=O)O)C(C)CC)[C@H](CCCNC(=N)N)NC[C@H](NC(N[C@@H](C(C)C)C(N[C@@H](CCC(=O)O)C(=O)O)N[C@@H](CC(N)N[C@@H](CC(C)C)C(=O)O)C(O)N[C@@H](CCCNC(=N)N)C(=O)O)[C@@H](N)CCCCN)C(N[C@H](C(N[C@@H](CO)C(=O)O)N[C@@H](CCCCN)C(=O)O)C(C)N1CCC[C@H]1C(=O)O)N[C@@H](Cc1c[nH]c2ccccc12)C(NCC(=O)O)N[C@@H](CS)C(=O)O)C(=O)O,1,test,42
592,CC(C)C[C@H](NC(N[C@@H](CCCNC(=N)N)C(=O)O)[C@H](CCC(N)N[C@@H](CCCCN)C(=O)O)NC(N[C@@H](CCCNC(=N)N)C(N[C@@H](CCCNC(=N)N)C(=O)O)N[C@@H](CC(N)=O)C(=O)O)[C@H](CCCNC(=N)N)NC(N[C@@H](CCCCN)C(N[C@@H](CCCNC(=N)N)C(N[C@@H](CCCNC(=N)N)C(=O)O)N[C@@H](CCC(N)=O)C(=O)O)N[C@@H](CCCNC(=N)N)C(N[C@@H](CO)C(=O)O)N[C@@H](Cc1cnc[nH]1)C(=O)O)[C@@H](N)Cc1ccc(NCC(N[C@@H](CCCNC(=N)N)C(N[C@@H](CCCCN)C(=O)O)N[C@@H](CC(N)=O)C(=O)O)N[C@@H](CCCCN)C(N[C@@H](CCCCN)C(=O)O)N[C@@H](CCCNC(=N)N)C(O)N[C@@H](Cc2ccc(O)cc2)C(=O)O)cc1)C(=O)O,1,test,42
593,CC(C)[C@H](NC(NCC(=O)O)[C@H](C)NC(N[C@@H](Cc1ccc(N[C@@H](Cc2ccccc2)C(=O)O)cc1)C(N[C@@H](CCC(=O)O)C(=O)O)N[C@H](C(=O)O)C(C)C)[C@@H](N)CCCCN)C(=O)O,1,train,42
594,CCC(C)[C@H](NC(N[C@@H](CCCNC(=N)N)C(=O)O)[C@H](Cc1ccc(N[C@@H](CCCNC(=N)N)C(=O)O)cc1)NC(N[C@@H](CC(C)C)C(N[C@@H](CC(N)=O)C(=O)O)N[C@@H](Cc1ccc(O)cc1)C(=O)O)[C@H](CC(N1CCC[C@H]1C(N[C@@H](CCCNC(=N)N)C(=O)O)N1CCC[C@H]1C(=O)O)N1CCC[C@H]1C(N1CCC[C@H]1C(=O)O)N1CCC[C@H]1C(=O)O)NC(N[C@@H](CCCCN)C(N[C@@H](CCCNC(=N)N)C(=O)O)N1CCC[C@H]1C(O)N[C@@H](CCCNC(=N)N)C(=O)O)[C@@H](N)C(C)C)C(=O)O,1,test,42
595,CCC(C)[C@H](NC(N[C@@H](CCCNC(=N)N)C(N[C@@H](CCCCN)C(N[C@@H](CCCCN)C(=O)O)N[C@@H](CCCCN)C(=O)O)N[C@@H](CCCCN)C(N[C@@H](CCCCN)C(=O)O)N[C@@H](CCCNC(=N)N)C(=O)O)[C@H](CCCCN)NC(N[C@@H](CCCNC(=N)N)C(N[C@@H](C(C)C)C(N[C@@H](CCCCN)C(=O)O)N[C@@H](CCCNC(=N)N)C(=O)O)N[C@@H](CC(C)C)C(N[C@@H](CCCNC(=N)N)C(=O)O)N[C@@H](CCCNC(=N)N)C(=O)O)[C@@H](N)CCCNC(=N)N)C(N[C@@H](C(C)N[C@H](C(=O)O)C(C)CC)C(N[C@@H](CCCNC(=N)N)C(=O)O)N[C@@H](CC(C)C)C(=O)O)N[C@@H](CCCCN)C(N[C@H](C(=O)O)C(C)C)N[C@H](C(=O)O)C(C)O,1,train,42
596,CC(C)C[C@H](NC(CNC([C@@H]1CCCN1)N1CCC[C@H]1C(=O)O)N1CCC[C@H]1C(=O)O)C(=O)O,1,train,42
597,CCC(C)[C@H](NC(N)C[C@H](NC(N[C@@H](CCCNC(=N)N)C(N[C@@H](Cc1ccc(O)cc1)C(=O)O)N1CCC[C@H]1C(=O)O)[C@@H](N)CCCNC(=N)N)C(O)N[C@@H](CC(C)C)C(=O)O)C(=O)O,1,train,42
598,NC(=O)C[C@H](NC(CC[C@H](Nc1ccc(C[C@H](NC([C@@H](N)Cc2ccccc2)N2CCC[C@H]2C(N[C@@H](Cc2ccccc2)C(=O)O)N2CCC[C@H]2C(=O)O)C(NCC(=O)O)N[C@@H](CC(N)=O)C(=O)O)cc1)C(=O)O)N[C@@H](CCC(=O)O)C(=O)O)C(=O)O,1,train,42
599,N[C@@H](Cc1ccc(N[C@@H](CS)C(N[C@@H](CO)C(=O)O)N[C@@H](CS)C(=O)O)cc1)C(NCC(O)NCC(=O)O)N[C@@H](Cc1ccccc1)C(=O)O,1,train,42
600,C[C@H](NC([C@H](C)NC(N[C@@H](CS)C(NCC(N[C@@H](CCCNC(=N)N)C(=O)O)N[C@@H](CCCNC(=N)N)C(=O)O)N[C@@H](Cc1ccc(N[C@@H](CCCNC(=N)N)C(=O)O)cc1)C(N[C@@H](CCCNC(=N)N)C(=O)O)N[C@@H](CCC(N)=O)C(=O)O)[C@@H]1CCCN1)N1CCC[C@H]1C(N[C@@H](CCCCN)C(=O)O)N[C@@H](CCCNC(=N)N)C(=O)O)C(N[C@@H](CCCCN)C(=O)O)N[C@@H](CCCNC(=N)N)C(=O)O,1,train,42
601,CSCC[C@H](N)C(N[C@@H](Cc1cnc[nH]1)C(=O)O)N[C@@H](CCC(N[C@@H](Cc1ccccc1)C(=O)O)N1CCC[C@H]1C(=O)O)C(NCC(=O)O)N1CCC[C@H]1C(=O)O,1,train,42
602,CC(C)[C@H](NC(N[C@H](C(=O)O)C(C)C)[C@H](Cc1ccc(N[C@@H](CCC(=O)O)C(=O)O)cc1)NC(N[C@@H](CCCCN)C(N[C@@H](Cc1ccccc1)C(=O)O)N[C@@H](C)C(O)NCC(=O)O)[C@@H](N)CCCCN)C(=O)O,1,train,42
603,CC(C)C[C@H](NC(C)[C@H](Nc1ccc(C[C@H](N)C(NCC(=O)O)N[C@@H](Cc2ccccc2)C(=O)O)cc1)C(N[C@@H](CO)C(=O)O)N[C@@H](CC(N)=O)C(=O)O)C(=O)O,1,test,42
604,CC(C)C[C@H](NC(NCC(=O)O)[C@H](CCCNC(=N)N)NC(N[C@@H](CCC(N)N[C@@H](Cc1ccc(O)cc1)C(=O)O)C(NCC(=O)O)N[C@@H](CC(=O)O)C(=O)O)[C@H](CCCNC(=N)N)NC(N[C@@H](CCCCN)C(N[C@@H](CCCNC(=N)N)C(N[C@@H](CS)C(=O)O)N[C@H](C(=O)O)C(C)C)N[C@@H](CCCNC(=N)N)C(N[C@@H](CCC(=O)O)C(=O)O)N[C@H](C(=O)O)C(C)C)[C@@H](N)Cc1ccc(NCC(N[C@@H](CCCCN)C(NCC(=O)O)N[C@H](C(=O)O)C(C)C)N[C@@H](CCCNC(=N)N)C(N[C@@H](CCCNC(=N)N)C(=O)O)N2CCC[C@H]2C(=O)O)cc1)C(=O)O,1,train,42
605,CCC(C)[C@H](NC(N[C@@H](CCCCN)C(=O)O)[C@H](CCCNC(=N)N)NC(CNc1ccc(C[C@H](N)C(N[C@@H](CCCCN)C(N[C@@H](CCCNC(=N)N)C(NCC(=O)O)N[C@@H](CO)C(=O)O)N[C@@H](CCCNC(=N)N)C(N[C@@H](CCC(N)=O)C(=O)O)N[C@@H](Cc2ccc(O)cc2)C(=O)O)N[C@@H](CCCNC(=N)N)C(N[C@@H](CCC(N)N[C@H](C(=O)O)C(C)O)C(N[C@@H](CO)C(=O)O)N[C@@H](CCCCN)C(=O)O)N[C@@H](CCCNC(=N)N)C(N[C@@H](CC(C)C)C(=O)O)N2CCC[C@H]2C(=O)O)cc1)N[C@@H](CCCCN)C(N[C@@H](CCCNC(=N)N)C(NCC(=O)O)N[C@@H](CCCCN)C(=O)O)N[C@H](C(=O)O)C(C)C)C(=O)O,1,val,42
606,CCC(C)[C@H](NC(N[C@@H](Cc1ccc(O)cc1)C(=O)O)[C@@H](NC(N[C@@H](C)C(N[C@@H](CCCNC(=N)N)C(O)N[C@@H](CC(C)C)C(=O)O)N1CCC[C@H]1C(=O)O)[C@@H](N)CS)C(C)C)C(=O)O,1,train,42
607,CCC(C)[C@H](NC(NCC(N[C@@H](CO)C(=O)O)N[C@@H](CC(N)=O)C(=O)O)[C@@H]1CCCN1)C(N[C@@H](CN[C@@H](CCC(=O)O)C(=O)O)C(N[C@@H](CCCCN)C(=O)O)N[C@H](C(=O)O)C(C)O)N[C@@H](CCC(N[C@@H](CCSC)C(=O)O)N[C@H](C(=O)O)C(C)O)C(O)N1CCC[C@H]1C(=O)O,1,train,42
608,CCC(C)[C@H](NC(NCC(=O)O)[C@H](CCCNC(=N)N)NC[C@H](N)C(N[C@@H](Cc1ccc(NCC(=O)O)cc1)C(N[C@@H](CC(N)=O)C(=O)O)N[C@@H](CC(N)=O)C(=O)O)N[C@@H](CNCC(=O)O)C(N[C@H](C(=O)O)C(C)C)N[C@H](C(=O)O)C(C)O)C(=O)O,1,train,42
609,CCC(C)[C@H](NC(N[C@@H](CCC(N)N[C@@H](Cc1ccc(O)cc1)C(=O)O)C(O)N[C@@H](CCCCN)C(=O)O)[C@@H](N)C(C)C)C(=O)O,1,train,42
610,CC(C)[C@H](N)C(N[C@@H](C(C)C)C(N[C@@H](Cc1c[nH]c2ccccc12)C(=O)O)N1CCC[C@H]1C(=O)O)N[C@@H](Cc1ccc(N[C@H](C(=O)O)C(C)O)cc1)C(=O)O,1,train,42
611,CCC(C)[C@H](NC(N[C@@H](CC(C)C)C(NCC(=O)O)N[C@@H](CCCNC(=N)N)C(=O)O)[C@@H](N)CC(N[C@@H](CCC(N)N[C@@H](C(C)C)C(O)N[C@@H](CC(C)C)C(=O)O)C(N[C@@H](CCCNC(=N)N)C(=O)O)N[C@@H](CC(C)C)C(=O)O)N1CCC[C@H]1C(NCC(N[C@@H](CCCCN)C(=O)O)N[C@H](C(=O)O)C(C)C)N[C@@H](CCSC)C(NCC(=O)O)N[C@@H](Cc1ccccc1)C(=O)O)C(N[C@@H](CO)C(=O)O)N[C@H](C(=O)O)C(C)CC,1,test,42
612,CC(C)C[C@H](NC(N[C@@H](C)C(=O)O)[C@H](CCCCN)NC(N)C[C@H](NC(N[C@@H](CS)C(N[C@@H](CCC(N[C@@H](CS)C(=O)O)N[C@@H](Cc1cnc[nH]1)C(=O)O)C(=O)O)N[C@H](C(=O)O)C(C)O)[C@@H](N)CS)C(N[C@@H](C)C(N[C@@H](C)C(=O)O)N[C@@H](CS)C(=O)O)N1CCC[C@H]1C(N[C@@H](C)C(=O)O)N[C@@H](C)C(=O)O)C(=O)O,1,train,42
613,CCC(C)[C@H](NC(O)[C@H](CC(C)C)NC(N[C@H](C(=O)O)C(C)CC)[C@@H]1CCCN1C(N[C@@H](CCCNC(=N)N)C(N[C@@H](C)C(N[C@@H](CCSC)C(=O)O)N[C@@H](Cc1ccccc1)C(=O)O)N1CCC[C@H]1C(N[C@@H](CCCNC(=N)N)C(=O)O)N[C@@H](CCSC)C(=O)O)[C@@H](N)CCCNC(=N)N)C(=O)O,1,train,42
614,CSCC[C@H](NC(N[C@@H](CN[C@@H](CCCNC(=N)N)C(N[C@@H](CCCCN)C(=O)O)N[C@H](C(=O)O)C(C)C)C(NCC(NCC(=O)O)N[C@@H](CC(N)=O)C(=O)O)N[C@@H](Cc1c[nH]c2ccccc12)C(N[C@@H](Cc1ccc(O)cc1)C(=O)O)N1CCC[C@H]1C(=O)O)[C@@H](N)CN[C@@H](Cc1ccc(N[C@@H](CCC(NCC(N[C@@H](C)C(=O)O)N[C@@H](CCC(=O)O)C(=O)O)N[C@@H](C(C)C)C(N[C@@H](C)C(=O)O)N[C@@H](CO)C(=O)O)C(N[C@@H](CCCCN)C(N[C@@H](CCC(=O)O)C(=O)O)N[C@@H](CC(C)C)C(=O)O)N[C@@H](CCCCN)C(N[C@@H](Cc2ccccc2)C(=O)O)N2CCC[C@H]2C(=O)O)cc1)C(N[C@@H](Cc1cnc[nH]1)C(N[C@@H](CCCNC(=N)N)C(=O)O)N[C@@H](CCCNC(=N)N)C(O)N[C@@H](Cc1ccccc1)C(=O)O)N[C@@H](Cc1ccccc1)C(N[C@H](C(=O)O)C(C)C)N1CCC[C@H]1C(=O)O)C(N[C@@H](CCCCN)C(N[C@@H](C)C(=O)O)N[C@@H](CCC(=O)O)C(=O)O)N1CCC[C@H]1C(N[C@@H](CCC(=O)O)C(=O)O)N[C@@H](CC(=O)O)C(=O)O,1,train,42
615,CC(C)C[C@H](NC(N[C@@H](CCCNC(=N)N)C(=O)O)[C@H](CCCNC(=N)N)NC(CC[C@H](NC(C)[C@H](N)C(N[C@@H](CCC(N[C@@H](CO)C(=O)O)N[C@@H](C)C(O)N[C@@H](C)C(=O)O)C(N[C@@H](Cc1cnc[nH]1)C(=O)O)N[C@@H](CC(C)C)C(=O)O)N[C@@H](CC(C)C)C(N[C@@H](CCCCN)C(=O)O)N[C@@H](CCCNC(=N)N)C(=O)O)C(N[C@@H](CCCNC(=N)N)C(N[C@@H](CC(C)C)C(=O)O)N[C@@H](CC(C)C)C(=O)O)N[C@@H](CC(C)C)C(N[C@@H](CCCNC(=N)N)C(=O)O)N[C@@H](CC(=O)O)C(=O)O)N[C@@H](C(C)C)C(N[C@@H](CCCCN)C(=O)O)N[C@@H](CCCNC(=N)N)C(=O)O)C(=O)O,1,train,42
616,CC(C)C[C@H](NC(N[C@@H](CCCNC(=N)N)C(=O)O)[C@H](Cc1cnc[nH]1)Nc1ccc(C[C@H](NC(N[C@@H](CCCNC(=N)N)C(NCC(=O)O)N[C@@H](Cc2ccc(O)cc2)C(=O)O)[C@@H]2CCCN2)C(N[C@@H](CO)C(=O)O)N[C@@H](Cc2c[nH]c3ccccc23)C(NCC(=O)O)N2CCC[C@H]2C(=O)O)cc1)C(=O)O,1,train,42
617,CSCC[C@H](NC(O)CNc1ccc(C[C@H](N)C(NCC(=O)O)N[C@@H](Cc2ccccc2)C(=O)O)cc1)C(=O)O,1,test,42
618,CCC(C)[C@H](NC(N[C@H](C(=O)O)C(C)C)[C@H](CCCNC(=N)N)NC(CNc1ccc(C[C@H](N)C(N[C@@H](CCCNC(=N)N)C(N[C@@H](CCCNC(=N)N)C(N[C@@H](CO)C(=O)O)N[C@@H](CCCNC(=N)N)C(=O)O)N[C@@H](CCC(N)N[C@@H](CC(N)=O)C(=O)O)C(N[C@@H](CCCCN)C(=O)O)N[C@@H](CCCNC(=N)N)C(=O)O)N[C@@H](CCCCN)C(N[C@@H](CCCNC(=N)N)C(N[C@@H](CCC(N)=O)C(=O)O)N[C@@H](CCC(=O)O)C(=O)O)N[C@@H](CCCNC(=N)N)C(N[C@@H](CCCNC(=N)N)C(=O)O)N[C@@H](Cc2ccc(O)cc2)C(=O)O)cc1)N[C@@H](CCCCN)C(N[C@@H](CCC(=O)O)C(=O)O)N[C@@H](CCCCN)C(O)N[C@@H](CC(=O)O)C(=O)O)C(=O)O,1,train,42
619,CSCC[C@H](NC(N[C@@H](CC(N)=O)C(=O)O)[C@H](CCSC)NC(C[C@H](N)C(N[C@@H](CCCNC(=N)N)C(=O)O)N[C@@H](Cc1ccccc1)C(=O)O)N[C@H](C(=O)O)C(C)N[C@@H](CCCCN)C(=O)O)C(=O)O,1,train,42
620,C[C@H](NC(N[C@@H](CCCCN)C(=O)O)[C@@H](N)Cc1ccc(N[C@@H](CCCNC(=N)N)C(O)NCC(=O)O)cc1)C(=O)O,1,test,42
621,NCCCC[C@H](NC(N[C@@H](Cc1ccc(O)cc1)C(=O)O)[C@@H]1CCCN1C(N)C[C@H](N)C(N[C@@H](CC(=O)O)C(=O)O)N[C@@H](CC(N)N[C@@H](CCC(=O)O)C(=O)O)C(N[C@@H](Cc1ccccc1)C(=O)O)N1CCC[C@H]1C(=O)O)C(=O)O,1,val,42
622,CCC(C)[C@H](NC(N[C@@H](CCCCN)C(N[C@@H](C)C(=O)O)N[C@@H](CC(C)C)C(=O)O)[C@H](Cc1ccc(NCC(N[C@@H](C)C(=O)O)N[C@@H](CC(C)C)C(=O)O)cc1)NC(NCC(N[C@@H](CC(C)C)C(N[C@@H](C)C(=O)O)N[C@@H](CCCCN)C(=O)O)N[C@@H](CC(C)C)C(N[C@@H](CC(C)C)C(=O)O)N[C@@H](CC(N)N[C@@H](CCCCN)C(=O)O)C(N[C@@H](CC(C)C)C(=O)O)N[C@H](C(=O)O)C(C)CC)[C@H](C)N)C(N[C@@H](C)C(=O)O)N[C@@H](CCCCN)C(=O)O,1,train,42
623,CSCC[C@H](Nc1ccc(C[C@H](NC(C[C@H](N)C(NCC(=O)O)N[C@@H](Cc2c[nH]c3ccccc23)C(=O)O)N[C@@H](CCSC)C(=O)O)C(N[C@@H](CC(=O)O)C(=O)O)N[C@@H](Cc2ccccc2)C(=O)O)cc1)C(=O)O,1,test,42
624,CC(C)[C@H](NC(N[C@H](C(=O)O)C(C)C)[C@H](C)Nc1ccc(C[C@H](N)C(N[C@@H](CO)C(=O)O)N[C@@H](Cc2ccccc2)C(O)NCC(=O)O)cc1)C(=O)O,1,val,42
625,CC(C)C[C@H](NC(O)[C@H](C)NC(N[C@@H](CCCNC(=N)N)C(NCC(=O)O)N[C@@H](CCCNC(=N)N)C(=O)O)[C@H](CCCCN)NC(CNc1ccc(C[C@H](N)C(N[C@@H](CCCNC(=N)N)C(N[C@@H](CCCNC(=N)N)C(N[C@@H](CCCNC(=N)N)C(=O)O)N[C@@H](CC(C)C)C(=O)O)N[C@@H](CCC(N)N[C@@H](CCCCN)C(=O)O)C(N[C@@H](CCC(=O)O)C(=O)O)N[C@@H](CC(C)C)C(=O)O)N[C@@H](CCCCN)C(N[C@@H](CCCNC(=N)N)C(NCC(=O)O)N[C@@H](CCCNC(=N)N)C(=O)O)N[C@@H](CCCNC(=N)N)C(N[C@H](C(=O)O)C(C)C)N2CCC[C@H]2C(=O)O)cc1)N[C@@H](CCCNC(=N)N)C(N[C@@H](CO)C(=O)O)N[C@@H](CCCNC(=N)N)C(=O)O)C(=O)O,1,val,42
626,CCC(C)[C@H](NC(N[C@@H](Cc1ccc(O)cc1)C(=O)O)[C@H](CC(N[C@@H](CCCNC(=N)N)C(=O)O)N[C@@H](CCCNC(=N)N)C(=O)O)NC(N[C@@H](CC(N)N[C@@H](CC(N)=O)C(=O)O)C(N[C@@H](CCSC)C(=O)O)N[C@@H](CC(C)C)C(=O)O)[C@H](CCC(NCC(N[C@@H](CCC(=O)O)C(=O)O)N[C@@H](CC(C)C)C(=O)O)N1CCC[C@H]1C(N[C@@H](C)C(=O)O)N[C@@H](C)C(=O)O)NC([C@@H]1CCCN1C(N[C@@H](CC(C)C)C(N[C@@H](CCC(N[C@@H](CCC(=O)O)C(=O)O)N1CCC[C@H]1C(=O)O)C(N[C@@H](CCSC)C(=O)O)N[C@@H](CCC(N)=O)C(=O)O)N[C@@H](Cc1ccc(N[C@@H](C)C(=O)O)cc1)C(N[C@@H](CCC(N)=O)C(=O)O)N[C@@H](Cc1ccc(O)cc1)C(=O)O)[C@H](C)N)N1CCC[C@H]1C(N[C@H](C(N[C@@H](CCCNC(=N)N)C(=O)O)N[C@@H](Cc1ccc(O)cc1)C(=O)O)C(C)N1CCC[C@H]1C(=O)O)N[C@@H](C)C(N[C@@H](CCCNC(=N)N)C(=O)O)N[C@H](C(=O)O)C(C)O)C(=O)O,1,train,42
627,CC(C)C[C@H](NC(N[C@@H](CCCCN)C(=O)O)[C@H](CCCNC(=N)N)NC(N[C@@H](CCCNC(=N)N)C(N[C@@H](C)C(=O)O)N[C@@H](C)C(=O)O)[C@H](CCCCN)NC(N[C@@H](CCCNC(=N)N)C(N[C@@H](CS)C(NCC(=O)O)N[C@@H](C)C(=O)O)N[C@@H](CCCNC(=N)N)C(NCC(=O)O)N1CCC[C@H]1C(=O)O)[C@H](CCCNC(=N)N)NC(CN)N[C@@H](CCCCN)C(N[C@@H](CCC(N)NCC(=O)O)C(NCC(=O)O)N[C@@H](CO)C(=O)O)N[C@@H](CCCNC(=N)N)C(N[C@@H](CCCNC(=N)N)C(O)N[C@@H](CCCNC(=N)N)C(=O)O)N[C@@H](CCCNC(=N)N)C(N[C@@H](CCCNC(=N)N)C(=O)O)N[C@H](C(=O)O)C(C)O)C(=O)O,1,train,42
628,CCC(C)[C@H](NC(N[C@@H](CN[C@@H](CC(C)C)C(=O)O)C(N[C@@H](CC(N)=O)C(=O)O)N[C@@H](Cc1ccc(O)cc1)C(=O)O)[C@@H](N)CCCCN)C(N[C@@H](CC(C)C)C(N[C@@H](Cc1c[nH]c2ccccc12)C(=O)O)N[C@@H](CC(C)C)C(=O)O)N[C@@H](Cc1cnc[nH]1)C(N[C@@H](CCCNC(=N)N)C(=O)O)N[C@H](C(=O)O)C(C)O,1,train,42
629,CC(C)C[C@H](NC(NCC(=O)O)[C@H](CCC(N)N[C@@H](CCC(=O)O)C(=O)O)NC(N[C@@H](CCCNC(=N)N)C(N[C@@H](CO)C(=O)O)N[C@@H](Cc1ccc(O)cc1)C(=O)O)[C@H](CCCNC(=N)N)NC(N[C@@H](CCCCN)C(N[C@@H](CCCNC(=N)N)C(=O)O)N[C@@H](CCCNC(=N)N)C(N[C@@H](CO)C(=O)O)N[C@@H](CC(C)C)C(=O)O)[C@@H](N)Cc1ccc(NCC(N[C@@H](CCCCN)C(N[C@@H](CO)C(=O)O)N[C@@H](CCCNC(=N)N)C(=O)O)N[C@@H](CCCNC(=N)N)C(N[C@@H](CC(N)=O)C(=O)O)N[C@@H](Cc2ccccc2)C(=O)O)cc1)C(=O)O,1,train,42
630,CCC(C)[C@H](NC(N[C@@H](CS)C(=O)O)[C@H](CC(C)C)NC(CNC[C@H](N)C(N[C@@H](CN[C@@H](CC(N[C@@H](CC(C)C)C(=O)O)N[C@H](C(=O)O)C(C)O)C(N[C@@H](CC(=O)O)C(=O)O)N[C@@H](Cc1ccccc1)C(=O)O)C(N[C@@H](C(C)C)C(N[C@@H](CCCCN)C(=O)O)N[C@H](C(=O)O)C(C)O)N[C@@H](Cc1c[nH]c2ccccc12)C(N[C@@H](Cc1c[nH]c2ccccc12)C(=O)O)N[C@@H](CC(C)C)C(=O)O)N[C@@H](Cc1c[nH]c2ccccc12)C(N[C@@H](Cc1c[nH]c2ccccc12)C(=O)O)N[C@@H](CC(N[C@@H](CO)C(=O)O)N[C@@H](CCC(N)=O)C(=O)O)C(N[C@@H](CCCCN)C(=O)O)N[C@@H](CC(C)C)C(=O)O)N[C@@H](CCCNC(=N)N)C(N[C@H](C(=O)O)C(C)C)N[C@H](C(=O)O)C(C)O)C(=O)O,1,train,42
631,CC(C)C[C@H](NC(O)C[C@H](NC(N[C@@H](Cc1c[nH]c2ccccc12)C(N[C@H](C(=O)O)C(C)C)N1CCC[C@H]1C(=O)O)[C@@H](N)CS)C(=O)O)C(=O)O,1,train,42
632,C[C@H](NC(N)C[C@H](NC(N[C@@H](CCC(N[C@@H](CCC(=O)O)C(=O)O)N1CCC[C@H]1C(=O)O)C(N[C@@H](CC(N)=O)C(=O)O)N[C@@H](Cc1ccccc1)C(=O)O)[C@@H](N)Cc1ccc(N2CCC[C@H]2C(NCC(=O)O)N[C@@H](Cc2ccccc2)C(=O)O)cc1)C(=O)O)C(=O)O,1,train,42
633,CC(C)[C@H](NC(O)[C@H](CCCNC(=N)N)NC(NCC(=O)O)[C@H](CCC(N)N[C@@H](CCCCN)C(N[C@@H](CO)C(=O)O)N[C@@H](CCC(=O)O)C(=O)O)NC(N[C@@H](CCCNC(=N)N)C(N[C@@H](C)C(=O)O)N[C@@H](Cc1ccc(O)cc1)C(=O)O)[C@H](CCCNC(=N)N)NC(N[C@@H](CCCNC(=N)N)C(N[C@@H](CCCNC(=N)N)C(NCC(=O)O)N[C@@H](CCC(N)=O)C(=O)O)N[C@@H](CCCCN)C(NCC(=O)O)N[C@@H](Cc1c[nH]c2ccccc12)C(=O)O)[C@@H](N)CCCNC(=N)N)C(=O)O,1,train,42
634,CCC(C)[C@H](NC(N[C@@H](CS)C(NCC(=O)O)N[C@H](C(=O)O)C(C)O)[C@@H](NC(CNC(CN)N[C@@H](C(C)CC)C(N[C@@H](CC(N[C@@H](CS)C(N[C@@H](CS)C(=O)O)N[C@@H](Cc1ccccc1)C(=O)O)N[C@@H](CC(C)C)C(N[C@@H](CCCNC(=N)N)C(=O)O)N1CCC[C@H]1C(=O)O)C(N[C@@H](CCCCN)C(N[C@@H](CCCNC(=N)N)C(=O)O)N[C@@H](Cc1ccc(O)cc1)C(=O)O)N[C@@H](CN[C@@H](CCCCN)C(=O)O)C(N[C@@H](CCC(N)=O)C(=O)O)N[C@H](C(=O)O)C(C)CC)N1CCC[C@H]1C(NCC(NCC(=O)O)N[C@H](C(=O)O)C(C)O)N[C@@H](C)C(NCC(=O)O)N[C@@H](CS)C(=O)O)N[C@@H](C(C)N[C@@H](Cc1cnc[nH]1)C(N[C@@H](CS)C(=O)O)N[C@@H](CCCCN)C(=O)O)C(N[C@@H](C(C)C)C(N[C@@H](CCCCN)C(=O)O)N1CCC[C@H]1C(=O)O)N1CCC[C@H]1C(N[C@@H](CS)C(=O)O)N[C@@H](CCCCN)C(=O)O)C(C)C)C(N[C@@H](CC(C)C)C(=O)O)N1CCC[C@H]1C(=O)O,1,train,42
635,C[C@H](Nc1ccc(C[C@H](N)C(NCC(=O)O)N[C@@H](Cc2ccccc2)C(=O)O)cc1)C(O)NCC(=O)O,1,train,42
636,CC(C)C[C@H](NC(CNC(N[C@@H](Cc1c[nH]c2ccccc12)C(N[C@@H](Cc1c[nH]c2ccccc12)C(=O)O)N[C@H](C(=O)O)C(C)C)[C@@H](N)Cc1ccc(N[C@@H](C)C(NCC(=O)O)NCC(N[C@@H](Cc2ccccc2)C(=O)O)N[C@@H](Cc2c[nH]c3ccccc23)C(=O)O)cc1)N[C@@H](CCC(N)=O)C(=O)O)C(=O)O,1,train,42
637,CC(C)[C@H](NC(N[C@H](C(=O)O)C(C)C)[C@H](Cc1ccc(N[C@@H](CCC(=O)O)C(=O)O)cc1)NC(N[C@@H](CCCNC(=N)N)C(N[C@@H](Cc1ccccc1)C(=O)O)N[C@@H](C)C(O)NCC(=O)O)[C@@H](N)CCCNC(=N)N)C(=O)O,1,val,42
638,CC(C)[C@H](NC(N[C@@H](C)C(=O)O)[C@@H](N)CN[C@@H](Cc1cnc[nH]1)C(N[C@@H](CO)C(=O)O)N[C@@H](CO)C(=O)O)C(=O)O,1,train,42
639,CCC(C)[C@H](NC(N[C@@H](CCCNC(=N)N)C(=O)O)[C@H](CCC(N)N[C@@H](CCCNC(=N)N)C(=O)O)NC(N[C@@H](CCCNC(=N)N)C(N[C@@H](CO)C(=O)O)N[C@H](C(=O)O)C(C)O)[C@H](CCCCN)NC(CN)N[C@@H](CCCNC(=N)N)C(N[C@@H](CCCNC(=N)N)C(N[C@@H](CS)C(=O)O)N[C@@H](CCCNC(=N)N)C(=O)O)N[C@@H](CCCCN)C(N[C@@H](CCCNC(=N)N)C(O)N[C@@H](CC(C)C)C(=O)O)N[C@@H](CCCNC(=N)N)C(N[C@@H](CCCNC(=N)N)C(=O)O)N[C@@H](CCC(N)=O)C(=O)O)C(=O)O,1,train,42
640,CSCC[C@H](N)C(N[C@@H](Cc1c[nH]c2ccccc12)C(N[C@@H](CN[C@@H](CCCNC(=N)N)C(=O)O)C(=O)O)N[C@@H](Cc1cnc[nH]1)C(=O)O)N[C@@H](CCCNC(=N)N)C(N[C@@H](Cc1ccccc1)C(NCC(=O)O)N[C@@H](CCC(N)=O)C(=O)O)N[C@@H](Cc1ccccc1)C(N[C@@H](C)C(=O)O)N[C@@H](CO)C(=O)O,1,train,42
641,C[C@H](NC(N[C@@H](CS)C(N[C@@H](CCCCN)C(=O)O)N[C@@H](CCC(N)=O)C(=O)O)[C@@H](N)CS)C(=O)O,1,train,42
642,CCC(C)[C@H](NC(N[C@@H](Cc1c[nH]c2ccccc12)C(N[C@@H](CCCCN)C(=O)O)N[C@@H](Cc1c[nH]c2ccccc12)C(=O)O)[C@H](CCC(N)N[C@@H](CCCCN)C(N[C@@H](CCCNC(=N)N)C(=O)O)N[C@@H](CC(N)=O)C(=O)O)NC(N[C@@H](C(C)CC)C(N[C@@H](CCC(N)=O)C(=O)O)N[C@@H](Cc1ccccc1)C(N[C@@H](CCCCN)C(=O)O)N[C@@H](CCCCN)C(=O)O)[C@@H](N)CCCNC(=N)N)C(N[C@@H](CCCNC(=N)N)C(=O)O)N[C@@H](CCSC)C(=O)O,1,train,42
643,CCC(C)[C@H](NC(N[C@@H](Cc1ccc(O)cc1)C(=O)O)[C@H](C)NC(N[C@@H](CS)C(N[C@@H](C(C)C)C(O)N[C@@H](CC(C)C)C(=O)O)N1CCC[C@H]1C(=O)O)[C@@H](N)CCCNC(=N)N)C(=O)O,1,train,42
644,CCC(C)[C@H](NC(N[C@@H](Cc1ccccc1)C(N[C@@H](CCCCN)C(=O)O)N[C@@H](CCC(N)=O)C(=O)O)[C@H](CNCC(N[C@@H](CO)C(=O)O)N[C@@H](CCCNC(=N)N)C(=O)O)NC(N[C@@H](CC(N[C@@H](C(C)N[C@@H](CCSC)C(=O)O)C(N[C@@H](C)C(=O)O)N[C@H](C(=O)O)C(C)C)N[C@@H](CC(N[C@@H](CCCCN)C(=O)O)N[C@@H](CCCCN)C(=O)O)C(N[C@@H](Cc1ccc(O)cc1)C(=O)O)N[C@@H](CC(C)C)C(=O)O)C(N[C@@H](Cc1ccc(N[C@@H](CC(C)C)C(=O)O)cc1)C(=O)O)N[C@@H](CN[C@@H](C)C(=O)O)C(N[C@@H](C)C(=O)O)N[C@H](C(=O)O)C(C)C)[C@@H](N)Cc1cnc[nH]1)C(N[C@@H](CCCNC(=N)N)C(=O)O)N[C@@H](Cc1ccc(O)cc1)C(=O)O,1,train,42
645,CCC(C)[C@H](NC(N[C@@H](CC(N)NCC(=O)O)C(=O)O)[C@H](CCCNC(=N)N)NC(CN)N[C@@H](Cc1ccc(N2CCC[C@H]2C(NCC(=O)O)N[C@@H](CCCNC(=N)N)C(=O)O)cc1)C(N[C@@H](C(C)C)C(N[C@@H](Cc1cnc[nH]1)C(=O)O)N[C@@H](Cc1c[nH]c2ccccc12)C(=O)O)N[C@@H](Cc1cnc[nH]1)C(N[C@@H](C)C(=O)O)N1CCC[C@H]1C(=O)O)C(=O)O,1,train,42
646,CC(C)C[C@H](NC(N[C@@H](C)C(=O)O)[C@H](C)NC(NCC(N[C@@H](CS)C(=O)O)N[C@@H](Cc1ccc(O)cc1)C(=O)O)[C@@H](N)CS)C(=O)O,1,train,42
647,CC(C)C[C@H](NC(N[C@@H](CCCNC(=N)N)C(O)N[C@@H](CCCNC(=N)N)C(=O)O)[C@H](CC(C)C)NC(N[C@@H](CC(C)C)C(N[C@@H](CCCNC(=N)N)C(N[C@@H](CCCNC(=N)N)C(=O)O)N[C@@H](CCCNC(=N)N)C(=O)O)N[C@@H](CC(C)C)C(N[C@@H](CCCNC(=N)N)C(=O)O)N[C@@H](CCCNC(=N)N)C(=O)O)[C@@H](N)CCCNC(=N)N)C(N[C@@H](CCCNC(=N)N)C(=O)O)N[C@@H](CCCNC(=N)N)C(=O)O,1,test,42
648,N=C(N)NCCC[C@H](NC(N[C@@H](Cc1cnc[nH]1)C(=O)O)[C@H](CCCNC(=N)N)NC(N[C@@H](Cc1ccc(N[C@@H](CC(N)N[C@@H](CS)C(=O)O)C(N[C@@H](CCCNC(=N)N)C(=O)O)N2CCC[C@H]2C(=O)O)cc1)C(N[C@@H](CS)C(O)NCC(=O)O)N1CCC[C@H]1C(=O)O)[C@@H]1CCCN1)C(=O)O,1,train,42
649,CCC(C)[C@H](NC(N[C@@H](CC(N)=O)C(=O)O)[C@@H]1CCCN1C(CN)N[C@@H](CCCNC(=N)N)C(N[C@@H](CCC(N)NCC(=O)O)C(N[C@@H](C)C(=O)O)N[C@@H](CCCNC(=N)N)C(=O)O)N[C@@H](CCCCN)C(N[C@@H](CS)C(=O)O)N[C@H](C(=O)O)C(C)C)C(=O)O,1,train,42
650,CC(C)C[C@H](NC(N[C@@H](CCCNC(=N)N)C(N[C@@H](Cc1ccc(O)cc1)C(=O)O)N[C@@H](CN[C@@H](CCCNC(=N)N)C(=O)O)C(N[C@@H](CCCNC(=N)N)C(=O)O)N[C@@H](Cc1ccccc1)C(=O)O)[C@@H](N)CCCNC(=N)N)C(N[C@@H](CO)C(=O)O)N[C@@H](CCCNC(=N)N)C(=O)O,1,train,42
651,CC(C)[C@H](N)C(N[C@@H](CCCNC(=N)N)C(N[C@@H](CCCNC(=N)N)C(=O)O)N[C@@H](CCCNC(=N)N)C(=O)O)N[C@@H](CN[C@@H](CCCNC(=N)N)C(NCC(=O)O)NCC(=O)O)C(N[C@@H](CCCNC(=N)N)C(N[C@@H](CCCNC(=N)N)C(=O)O)N[C@@H](CCCNC(=N)N)C(=O)O)N[C@@H](CCCNC(=N)N)C(N[C@@H](CCCNC(=N)N)C(=O)O)N[C@@H](CCCNC(=N)N)C(=O)O,1,train,42
652,C[C@H](N)C(N[C@@H](CN1CCC[C@H]1C(=O)O)C(N[C@@H](CO)C(=O)O)N[C@@H](CCCCN)C(=O)O)N[C@@H](CS)C(N[C@@H](CO)C(=O)O)N[C@@H](CN[C@@H](Cc1cnc[nH]1)C(=O)O)C(NCC(=O)O)N[C@@H](CS)C(=O)O,1,train,42
653,N=C(N)NCCC[C@H](NC(O)[C@H](CCC(N)N[C@@H](CCC(=O)O)C(=O)O)NC(N[C@@H](CCCNC(=N)N)C(N[C@@H](CCC(=O)O)C(=O)O)N[C@@H](CC(N)=O)C(=O)O)[C@H](CCCNC(=N)N)NC(N[C@@H](CCCCN)C(N[C@@H](CCCNC(=N)N)C(=O)O)N[C@@H](CCCNC(=N)N)C(=O)O)[C@@H](N)Cc1ccc(NCC(N[C@@H](CCCNC(=N)N)C(N[C@@H](CCCCN)C(=O)O)N[C@@H](CC(=O)O)C(=O)O)N[C@@H](CCCCN)C(N[C@@H](CCCNC(=N)N)C(=O)O)N2CCC[C@H]2C(=O)O)cc1)C(=O)O,1,val,42
654,CC(C)C[C@H](NC(CNC(N[C@@H](CCCCN)C(N[C@@H](CN[C@@H](CO)C(=O)O)C(N[C@@H](CS)C(=O)O)N[C@@H](CCCNC(=N)N)C(=O)O)N[C@@H](CS)C(NCC(=O)O)N[C@H](C(=O)O)C(C)O)[C@H](CCCCN)NC(NCC(N[C@@H](C)C(N[C@@H](CC(=O)O)C(=O)O)N[C@@H](Cc1ccc(O)cc1)C(=O)O)N[C@@H](CCCCN)C(N[C@@H](CS)C(=O)O)N[C@@H](CS)C(=O)O)[C@@H](N)CS)N[C@@H](CCCNC(=N)N)C(NCC(=O)O)N[C@@H](CO)C(=O)O)C(N[C@@H](CS)C(=O)O)N[C@@H](CCCCN)C(=O)O,1,train,42
655,NCCCC[C@H](NC(N[C@@H](Cc1ccccc1)C(=O)O)[C@@H](N)CCC(N[C@@H](Cc1ccccc1)C(=O)O)N[C@@H](Cc1cnc[nH]1)C(=O)O)C(=O)O,1,test,42
656,C[C@H](NC([C@H](CCC(N[C@@H](CS)C(=O)O)N[C@@H](CCCNC(=N)N)C(=O)O)NC(N[C@@H](CC(N)=O)C(=O)O)[C@@H](N)Cc1ccc(N2CCC[C@H]2C(NCC(=O)O)N[C@@H](Cc2ccccc2)C(=O)O)cc1)N1CCC[C@H]1C(=O)O)C(=O)O,1,train,42
657,CC(C)C[C@H](NC(O)[C@H](C)NC(N[C@@H](CCCNC(=N)N)C(NCC(=O)O)N[C@@H](CCCNC(=N)N)C(=O)O)[C@H](CCCCN)NC(CNc1ccc(C[C@H](N)C(N[C@@H](CCCNC(=N)N)C(N[C@@H](CCCNC(=N)N)C(N[C@@H](CCCNC(=N)N)C(=O)O)N[C@@H](CC(C)C)C(=O)O)N[C@@H](CCC(N)N[C@@H](C)C(=O)O)C(N[C@@H](CCC(=O)O)C(=O)O)N[C@@H](CC(C)C)C(=O)O)N[C@@H](CCCCN)C(N[C@@H](CCCNC(=N)N)C(NCC(=O)O)N[C@@H](CCCNC(=N)N)C(=O)O)N[C@@H](CCCNC(=N)N)C(N[C@H](C(=O)O)C(C)C)N2CCC[C@H]2C(=O)O)cc1)N[C@@H](CCCNC(=N)N)C(N[C@@H](CO)C(=O)O)N[C@@H](CCCNC(=N)N)C(=O)O)C(=O)O,1,train,42
658,N=C(N)NCCC[C@H](NC(NCC(=O)O)[C@H](CCCCN)NC(CNc1ccc(C[C@H](N)C(N[C@@H](CCCCN)C(N[C@@H](CCCNC(=N)N)C(=O)O)N[C@@H](CCCNC(=N)N)C(N[C@@H](CCC(=O)O)C(=O)O)N[C@@H](Cc2c[nH]c3ccccc23)C(=O)O)N[C@@H](CCCNC(=N)N)C(N[C@@H](CCC(N)N[C@@H](Cc2ccccc2)C(=O)O)C(N[C@@H](CCCCN)C(=O)O)N[C@@H](CCCNC(=N)N)C(=O)O)N[C@@H](CCCNC(=N)N)C(N[C@@H](CCCCN)C(=O)O)N[C@@H](Cc2cnc[nH]2)C(=O)O)cc1)N[C@@H](CCCNC(=N)N)C(N[C@@H](CCC(=O)O)C(=O)O)N1CCC[C@H]1C(=O)O)C(=O)O,1,train,42
659,CC(C)C[C@H](NC(N[C@@H](Cc1ccccc1)C(=O)O)[C@H](C)Nc1ccc(C[C@H](N)C(NCC(N[C@@H](CC(N)=O)C(=O)O)N[C@@H](Cc2cnc[nH]2)C(=O)O)N[C@@H](CS)C(NCC(=O)O)N[C@@H](Cc2ccccc2)C(=O)O)cc1)C(N[C@@H](C)C(=O)O)N[C@@H](Cc1ccc(O)cc1)C(=O)O,1,train,42
660,CC(N[C@@H](Cc1ccccc1)C(NCC(N[C@@H](CC(N)=O)C(=O)O)N[C@@H](CC(N)=O)C(=O)O)NCC(N[C@@H](CCCCN)C(=O)O)N[C@@H](Cc1ccccc1)C(=O)O)[C@H](N)C(N[C@@H](Cc1ccc(NCC(=O)O)cc1)C(N[C@@H](CCCCN)C(=O)O)N[C@@H](CCCNC(=N)N)C(=O)O)N[C@@H](Cc1ccccc1)C(N[C@@H](CCCNC(=N)N)C(N[C@@H](CCC(=O)O)C(=O)O)N[C@@H](Cc1ccc(O)cc1)C(=O)O)N[C@@H](CS)C(N[C@@H](CCC(=O)O)C(=O)O)N[C@H](C(=O)O)C(C)O,1,train,42
661,CC(C)C[C@H](NC(N[C@@H](CC(N)=O)C(=O)O)[C@H](CCCCN)NC([C@@H](N)CN[C@@H](CC(C)C)C(N[C@@H](C)C(=O)O)N[C@@H](C)C(N[C@@H](CCCNC(=N)N)C(=O)O)N[C@@H](Cc1ccccc1)C(=O)O)N1CCC[C@H]1C(N[C@@H](CC(C)C)C(=O)O)N1CCC[C@H]1C(=O)O)C(=O)O,1,train,42
662,CC(C)C[C@H](NC([C@H](CCCNC(=N)N)NC(N[C@@H](C(C)C)C(N[C@@H](CCCCN)C(=O)O)N[C@@H](CCCNC(=N)N)C(=O)O)[C@@H]1CCCN1C(N[C@@H](CCCNC(=N)N)C(N1CCC[C@H]1C(N[C@@H](CC(C)C)C(N1CCC[C@H]1C(=O)O)N1CCC[C@H]1C(=O)O)N1CCC[C@H]1C(=O)O)N1CCC[C@H]1C(N1CCC[C@H]1C(=O)O)N1CCC[C@H]1C(=O)O)[C@@H](N)C(C)C)N1CCC[C@H]1C(=O)O)C(=O)O,1,train,42
663,C[C@H](Nc1ccc(C[C@H](N)C(N[C@@H](CS)C(O)N[C@@H](Cc2ccccc2)C(=O)O)N2CCC[C@H]2C(=O)O)cc1)C(N[C@@H](CS)C(=O)O)N[C@@H](Cc1ccccc1)C(=O)O,1,train,42
664,CC(C)C[C@H](NC(CNC(NCC(N[C@@H](Cc1ccc(N[C@@H](CO)C(=O)O)cc1)C(NCC(=O)O)N[C@H](C(=O)O)C(C)O)N[C@@H](CN[C@@H](Cc1ccccc1)C(=O)O)C(N[C@@H](CO)C(=O)O)N[C@H](C(=O)O)C(C)O)[C@@H](N)CCCNC(=N)N)N[C@@H](CCCNC(=N)N)C(N[C@@H](CCCNC(=N)N)C(=O)O)N[C@@H](CN[C@@H](CCCNC(=N)N)C(=O)O)C(=O)O)C(N[C@@H](CCCNC(=N)N)C(=O)O)N[C@@H](CCCNC(=N)N)C(=O)O,1,train,42
665,CC(C)[C@H](NC(N[C@H](C(=O)O)C(C)C)[C@H](C)Nc1ccc(C[C@H](N)C(N[C@@H](CC(=O)O)C(=O)O)N[C@@H](Cc2ccccc2)C(O)NCC(=O)O)cc1)C(=O)O,1,train,42
666,CCC(C)[C@H](NC(N)CC[C@H](NC(CNC(CNC([C@@H](N)CCCNC(=N)N)N1CCC[C@H]1C(N1CCC[C@H]1C(NCC(NCC(=O)O)N[C@@H](CC(N)=O)C(=O)O)N[C@@H](CCC(N)N[C@@H](CCC(N)=O)C(=O)O)C(N[C@@H](C)C(=O)O)N[C@@H](CC(N)=O)C(=O)O)N1CCC[C@H]1C(N[C@@H](CC(C)C)C(NCC(=O)O)N[C@@H](C)C(=O)O)N[C@@H](CCCNC(=N)N)C(N[C@@H](C)C(=O)O)N[C@@H](Cc1cnc[nH]1)C(=O)O)N[C@@H](CC(C)C)C(N[C@@H](CC(C)C)C(=O)O)N[C@@H](CC(C)C)C(=O)O)N[C@@H](CCCNC(=N)N)C(O)N[C@@H](CCSC)C(=O)O)C(N[C@@H](CC(C)C)C(=O)O)N[C@H](C(=O)O)C(C)O)C(=O)O,1,train,42
667,CCC(C)[C@H](NC(N[C@@H](CCCCN)C(N[C@@H](CCCCN)C(=O)O)N[C@@H](CC(N)=O)C(=O)O)[C@@H](NC(N[C@@H](CCCNC(=N)N)C(NCC(N[C@@H](CC(=O)O)C(=O)O)N[C@@H](CC(=O)O)C(=O)O)N1CCC[C@H]1C(N[C@@H](CO)C(=O)O)N1CCC[C@H]1C(=O)O)[C@@H](N)CCSC)C(C)C)C(N[C@@H](C)C(=O)O)N[C@@H](CO)C(=O)O,1,train,42
668,CC(N[C@@H](Cc1ccc(O)cc1)C(=O)O)[C@H](NC(N[C@@H](CCC(N)=O)C(=O)O)[C@@H](N)CNCC(N[C@@H](CCC(=O)O)C(=O)O)N[C@@H](CCC(=O)O)C(=O)O)C(=O)O,1,test,42
669,CSCC[C@H](NC(N[C@@H](C)C(=O)O)[C@@H]1CCCN1C(N[C@@H](CS)C(N[C@@H](CC(N)=O)C(=O)O)N1CCC[C@H]1C(=O)O)[C@H](CC(C)C)NC(N[C@@H](Cc1cnc[nH]1)C(N[C@@H](CC(N[C@@H](CCCNC(=N)N)C(=O)O)N[C@H](C(=O)O)C(C)O)C(=O)O)N[C@@H](CS)C(N[C@@H](CO)C(=O)O)N[C@@H](CS)C(=O)O)[C@H](CCCNC(=N)N)NC(N[C@@H](CCCNC(=N)N)C(N[C@@H](CN[C@@H](CS)C(=O)O)C(N[C@@H](CS)C(=O)O)N[C@@H](Cc1ccc(O)cc1)C(=O)O)N[C@@H](CCC(N[C@@H](CS)C(=O)O)N1CCC[C@H]1C(=O)O)C(N[C@@H](C)C(=O)O)N[C@H](C(=O)O)C(C)O)[C@@H](N)CN[C@@H](CN[C@@H](CS)C(N[C@@H](CS)C(N[C@@H](CCCNC(=N)N)C(=O)O)N[C@@H](Cc1ccccc1)C(=O)O)N[C@@H](CC(C)C)C(N[C@@H](CC(N)=O)C(=O)O)N[C@@H](Cc1ccccc1)C(=O)O)C(N[C@@H](C(C)C)C(NCC(N[C@@H](C)C(=O)O)N[C@@H](Cc1ccccc1)C(=O)O)N[C@@H](CCC(N)N[C@@H](CS)C(=O)O)C(N[C@@H](CS)C(=O)O)N[C@@H](Cc1ccc(O)cc1)C(=O)O)N[C@@H](CCCNC(=N)N)C(N[C@@H](C(C)C)C(NCC(=O)O)N[C@H](C(=O)O)C(C)O)N[C@@H](CCC(N)N[C@@H](CCCNC(=N)N)C(=O)O)C(N[C@@H](CCCCN)C(=O)O)N[C@@H](CC(C)C)C(=O)O)C(=O)O,1,train,42
670,CC(C)[C@H](NC(N[C@@H](CS)C(=O)O)[C@H](CCCNC(=N)N)NC(CNc1ccc(C[C@H](N)C(N[C@@H](CCCNC(=N)N)C(N[C@@H](CCC(N)N2CCC[C@H]2C(=O)O)C(NCC(=O)O)N[C@@H](CCCNC(=N)N)C(=O)O)N[C@@H](CCCNC(=N)N)C(N[C@@H](C)C(=O)O)N[C@@H](CS)C(=O)O)N[C@@H](CCCCN)C(N[C@@H](CCCNC(=N)N)C(N[C@@H](CCCNC(=N)N)C(=O)O)N[C@@H](CC(=O)O)C(=O)O)N[C@@H](CCCNC(=N)N)C(N[C@@H](CCCNC(=N)N)C(=O)O)N[C@H](C(=O)O)C(C)O)cc1)N[C@@H](CCCCN)C(N[C@@H](CCCNC(=N)N)C(=O)O)N[C@@H](CCCNC(=N)N)C(=O)O)C(=O)O,1,train,42
671,CC(C)C[C@H](NC(N[C@@H](CCC(N[C@@H](CCCCN)C(=O)O)N[C@@H](CCCNC(=N)N)C(=O)O)C(N[C@@H](CS)C(=O)O)N[C@@H](CC(N)=O)C(=O)O)[C@@H](N)CS)C(N[C@@H](CO)C(=O)O)N[C@H](C(=O)O)C(C)C,1,train,42
672,CC(C)C[C@H](NC(N[C@@H](CC(C)C)C(=O)O)[C@H](CC(C)C)NC(N[C@@H](CCCNC(=N)N)C(O)N[C@@H](CCCNC(=N)N)C(=O)O)[C@H](CCCNC(=N)N)NC(N[C@@H](CCCCN)C(N[C@@H](CCCCN)C(=O)O)N[C@@H](CCCNC(=N)N)C(=O)O)[C@@H](N)CC(C)C)C(=O)O,1,train,42
673,CCC(C)[C@H](NC(N[C@@H](Cc1ccc(N[C@@H](CS)C(=O)O)cc1)C(=O)O)[C@H](CCCNC(=N)N)NC([C@@H](N)Cc1cnc[nH]1)N1CCC[C@H]1C(N[C@@H](C)C(=O)O)N[C@@H](Cc1cnc[nH]1)C(=O)O)C(=O)O,1,val,42
674,CCC(C)[C@H](NC(N[C@@H](CO)C(=O)O)[C@H](CCCNC(=N)N)NC(N[C@@H](CCC(N)N[C@@H](CCC(=O)O)C(=O)O)C(N[C@@H](CO)C(=O)O)N[C@@H](CC(=O)O)C(=O)O)[C@H](CCCNC(=N)N)NC(N[C@@H](CCCCN)C(N[C@@H](CCCNC(=N)N)C(=O)O)N[C@@H](CCCNC(=N)N)C(O)N[C@H](C(=O)O)C(C)C)[C@@H](N)Cc1ccc(NCC(N[C@@H](CCCCN)C(N[C@@H](CCCCN)C(=O)O)N[C@@H](CCCNC(=N)N)C(=O)O)N[C@@H](CCCNC(=N)N)C(N[C@@H](CO)C(=O)O)N[C@@H](CC(C)C)C(=O)O)cc1)C(=O)O,1,train,42
675,CC(C)C[C@H](NC(N[C@@H](C)C(=O)O)[C@H](C)NC(N[C@@H](CC(C)C)C(N[C@@H](C)C(=O)O)N[C@@H](CCCCN)C(=O)O)[C@H](C)NC(N[C@@H](CC(C)C)C(N[C@@H](CCCCN)C(N[C@@H](C)C(=O)O)N[C@@H](CC(C)C)C(=O)O)N[C@@H](CC(C)C)C(N[C@@H](CCCCN)C(O)N[C@@H](C)C(=O)O)N[C@@H](CC(C)C)C(N[C@@H](CCCCN)C(=O)O)N[C@@H](CC(C)C)C(=O)O)[C@@H](N)CCCCN)C(=O)O,1,train,42
676,C[C@H](Nc1ccc(C[C@H](N)C(NCC(=O)O)N[C@@H](Cc2ccccc2)C(O)N[C@@H](CCCCN)C(=O)O)cc1)C(N[C@@H](Cc1ccc(O)cc1)C(=O)O)N1CCC[C@H]1C(=O)O,1,val,42
677,CC(C)C[C@H](NC(N[C@@H](CCCCN)C(=O)O)[C@H](CCC(N)N[C@@H](CO)C(=O)O)NC(N[C@@H](CCCNC(=N)N)C(N[C@@H](CCCNC(=N)N)C(=O)O)N[C@@H](CC(N)=O)C(=O)O)[C@H](CCCNC(=N)N)NC(N[C@@H](CCCCN)C(N[C@@H](CCCNC(=N)N)C(N[C@@H](CCCCN)C(=O)O)N[C@@H](CCCCN)C(=O)O)N[C@@H](CCCNC(=N)N)C(N[C@@H](CCC(N)=O)C(=O)O)N[C@@H](Cc1cnc[nH]1)C(=O)O)[C@@H](N)Cc1ccc(NCC(N[C@@H](CCCNC(=N)N)C(N[C@@H](CCCNC(=N)N)C(=O)O)N[C@@H](CCCNC(=N)N)C(=O)O)N[C@@H](CCCCN)C(N[C@@H](CC(N)=O)C(=O)O)N[C@@H](CCCNC(=N)N)C(O)N[C@@H](Cc2ccc(O)cc2)C(=O)O)cc1)C(=O)O,1,train,42
678,CC(C)C[C@H](NC(NCC(=O)O)[C@@H](NC(C[C@H](N)C(N1CCC[C@H]1C(N[C@@H](CO)C(=O)O)N[C@@H](CC(=O)O)C(=O)O)N1CCC[C@H]1C(N[C@@H](Cc1ccccc1)C(=O)O)N1CCC[C@H]1C(=O)O)N[C@@H](CCC(N)N[C@@H](CCCCN)C(=O)O)C(N[C@@H](Cc1c[nH]c2ccccc12)C(=O)O)N[C@H](C(=O)O)C(C)C)C(C)C)C(=O)O,1,train,42
679,CC(C)C[C@H](NC(N[C@H](C(=O)O)C(C)O)[C@H](CCCNC(=N)N)NC([C@@H](N)CC(N[C@@H](CN[C@@H](Cc1ccccc1)C(N[C@@H](CCCNC(=N)N)C(=O)O)N[C@@H](CCCNC(=N)N)C(=O)O)C(N[C@@H](CC(C)C)C(N[C@@H](CCCNC(=N)N)C(=O)O)N[C@@H](CCC(N)=O)C(=O)O)N[C@@H](CC(N)N[C@@H](CCCNC(=N)N)C(=O)O)C(N[C@@H](CCCCN)C(=O)O)N[C@@H](CCCCN)C(=O)O)N[C@@H](CCC(N)N[C@@H](C(C)C)C(N[C@@H](CCCCN)C(=O)O)N[C@@H](CCCNC(=N)N)C(=O)O)C(N[C@@H](CCC(N)N1CCC[C@H]1C(=O)O)C(N[C@@H](CCCNC(=N)N)C(=O)O)N1CCC[C@H]1C(=O)O)N1CCC[C@H]1C(N[C@@H](CCCNC(=N)N)C(=O)O)N1CCC[C@H]1C(=O)O)N1CCC[C@H]1C(N[C@H](C(=O)O)C(C)O)N1CCC[C@H]1C(=O)O)C(O)N[C@@H](CCCNC(=N)N)C(=O)O,1,train,42
680,N=C(N)NCCC[C@H](NC(O)[C@H](CCCNC(=N)N)NC(N)CC[C@H](N)C(N[C@@H](CO)C(=O)O)N[C@@H](Cc1ccccc1)C(=O)O)C(=O)O,1,train,42
681,CC(N[C@@H](CO)C(=O)O)[C@H](NC[C@H](N)C(N[C@@H](CCC(N)=O)C(=O)O)N[C@@H](CC(N)N[C@@H](CCC(N)=O)C(=O)O)C(N[C@@H](CO)C(=O)O)N[C@H](C(=O)O)C(C)O)C(N[C@@H](CC(N)=O)C(=O)O)N[C@H](C(=O)O)C(C)O,1,train,42
682,CSCC[C@H](NC([C@H](Cc1cnc[nH]1)NC(C)[C@H](N)C(N[C@@H](CCCNC(=N)N)C(N[C@@H](CO)C(=O)O)N[C@@H](Cc1c[nH]c2ccccc12)C(=O)O)N1CCC[C@H]1C(N[C@H](C(=O)O)C(C)C)N1CCC[C@H]1C(=O)O)N1CCC[C@H]1C(N[C@@H](Cc1c[nH]c2ccccc12)C(=O)O)N1CCC[C@H]1C(=O)O)C(O)N[C@@H](CC(N)=O)C(=O)O,1,train,42
683,C[C@H](NC(N)C[C@H](NC(N[C@@H](Cc1cnc[nH]1)C(=O)O)[C@H](C)Nc1ccc(C[C@H](N)C(NCC(N[C@@H](CC(N)=O)C(=O)O)N[C@@H](Cc2cnc[nH]2)C(=O)O)N[C@@H](Cc2ccccc2)C(NCC(=O)O)N[C@@H](Cc2ccccc2)C(=O)O)cc1)C(O)N[C@@H](Cc1ccc(O)cc1)C(=O)O)C(=O)O,1,val,42
684,CCC(C)[C@H](NC(N[C@@H](Cc1c[nH]c2ccccc12)C(N[C@@H](CCCNC(=N)N)C(N[C@@H](C)C(=O)O)N[C@@H](CCCNC(=N)N)C(=O)O)N1CCC[C@H]1C(N[C@@H](CO)C(=O)O)N[C@@H](CC(N)=O)C(=O)O)[C@@H](N)Cc1ccc(N[C@@H](C(C)N[C@@H](CCSC)C(NCC(O)NCC(=O)O)N[C@H](C(=O)O)C(C)O)C(N[C@@H](CCC(N[C@@H](CC(=O)O)C(=O)O)N[C@H](C(=O)O)C(C)CC)C(N[C@@H](Cc2ccccc2)C(=O)O)N[C@H](C(=O)O)C(C)O)N2CCC[C@H]2C(N[C@@H](CS)C(=O)O)N2CCC[C@H]2C(=O)O)cc1)C(N[C@@H](CC(N)N[C@@H](CC(N)=O)C(=O)O)C(N[C@@H](CO)C(=O)O)N[C@@H](CCCNC(=N)N)C(=O)O)N1CCC[C@H]1C(NCC(=O)O)N[C@@H](CCCCN)C(=O)O,1,train,42
685,CC(C)[C@H](N)C(NCC(N[C@@H](CS)C(NCC(=O)O)N[C@@H](CC(N)N[C@@H](CCCNC(=N)N)C(=O)O)C(N[C@@H](CCCNC(=N)N)C(=O)O)N[C@@H](CCCNC(=N)N)C(=O)O)N[C@@H](CCCNC(=N)N)C(N[C@@H](C(C)C)C(N[C@@H](CCCNC(=N)N)C(=O)O)N[C@@H](CCCNC(=N)N)C(=O)O)N[C@@H](Cc1cnc[nH]1)C(N[C@@H](CCCNC(=N)N)C(=O)O)N[C@@H](CCCNC(=N)N)C(=O)O)NCC(N[C@@H](Cc1cnc[nH]1)C(NCC(=O)O)NCC(=O)O)N1CCC[C@H]1C(N[C@@H](CCCNC(=N)N)C(=O)O)N[C@@H](CCCNC(=N)N)C(=O)O,1,train,42
686,CSCC[C@H](N)C(N[C@@H](CCC(N[C@@H](CCC(=O)O)C(=O)O)N1CCC[C@H]1C(=O)O)C(NCC(=O)O)N[C@@H](CC(N)=O)C(=O)O)N1CCC[C@H]1C(NCC(N[C@@H](Cc1ccccc1)C(=O)O)N1CCC[C@H]1C(=O)O)N[C@@H](Cc1ccc(N[C@@H](CCC(=O)O)C(=O)O)cc1)C(O)N[C@@H](CC(N)=O)C(=O)O,1,train,42
687,CC(C)C[C@H](NC(N[C@@H](CO)C(=O)O)[C@H](CC(C)C)NC(N[C@@H](CCCNC(=N)N)C(N[C@@H](CO)C(=O)O)N[C@@H](Cc1ccc(O)cc1)C(=O)O)[C@H](C)Nc1ccc(C[C@H](N)C(NCC(N[C@@H](CN[C@@H](Cc2ccccc2)C(=O)O)C(=O)O)N[C@@H](CN[C@@H](CCCNC(=N)N)C(=O)O)C(N[C@@H](CCCNC(=N)N)C(=O)O)N[C@@H](CCCNC(=N)N)C(=O)O)N[C@@H](Cc2ccccc2)C(N[C@@H](CCCNC(=N)N)C(=O)O)N[C@@H](CCCNC(=N)N)C(=O)O)cc1)C(=O)O,1,train,42
688,NC(=O)CC[C@H](Nc1ccc(C[C@H](NC(N[C@@H](Cc2ccccc2)C(O)N2CCC[C@H]2C(=O)O)[C@@H](N)CS)C(N[C@@H](CS)C(=O)O)N[C@@H](CC(N)=O)C(=O)O)cc1)C(=O)O,1,train,42
689,CC(N[C@@H](CO)C(=O)O)[C@H](NC(N[C@@H](CN[C@@H](C)C(N[C@@H](Cc1ccccc1)C(=O)O)N[C@@H](Cc1ccccc1)C(=O)O)C(N[C@@H](CN[C@@H](Cc1ccccc1)C(=O)O)C(=O)O)N[C@H](C(=O)O)C(C)O)[C@@H](N)CCCNC(=N)N)C(N[C@@H](Cc1ccc(O)cc1)C(=O)O)N1CCC[C@H]1C(=O)O,1,train,42
690,CSCC[C@H](NC(N[C@@H](Cc1c[nH]c2ccccc12)C(=O)O)[C@@H](NC(N[C@@H](Cc1c[nH]c2ccccc12)C(N[C@@H](CN[C@@H](CCCNC(=N)N)C(=O)O)C(N[C@@H](Cc1cnc[nH]1)C(=O)O)N[C@H](C(=O)O)C(C)O)N1CCC[C@H]1C(N1CCC[C@H]1C(=O)O)N1CCC[C@H]1C(=O)O)[C@@H]1CCCN1)C(C)C)C(=O)O,1,train,42
691,CCC(C)[C@H](NC(N[C@@H](C)C(N[C@@H](Cc1ccc(O)cc1)C(=O)O)N1CCC[C@H]1C(=O)O)[C@@H](N)Cc1cnc[nH]1)C(N[C@@H](CCCNC(=N)N)C(=O)O)N[C@@H](Cc1cnc[nH]1)C(=O)O,1,train,42
692,CC(C)C[C@H](NC(O)[C@H](CC(C)C)NC(N)CC[C@H](NC(N[C@@H](CCC(N)N[C@@H](CCCNC(=N)N)C(=O)O)C(N[C@@H](CO)C(=O)O)N[C@@H](Cc1ccccc1)C(=O)O)[C@@H](N)C(C)C)C(N[C@@H](CCCCN)C(=O)O)N[C@H](C(=O)O)C(C)O)C(=O)O,1,train,42
693,CC(C)C[C@H](NC(N[C@@H](CC(C)C)C(=O)O)[C@H](C)Nc1ccc(C[C@H](N)C(NCC(=O)O)N[C@@H](Cc2ccccc2)C(=O)O)cc1)C(=O)O,1,train,42
694,N=C(N)NCCC[C@H](NC(N[C@@H](CC(N)=O)C(=O)O)[C@H](CCC(N[C@@H](CCC(=O)O)C(=O)O)N1CCC[C@H]1C(=O)O)NC(N[C@@H](CC(N)NCC(=O)O)C(=O)O)[C@@H](N)Cc1ccc(N2CCC[C@H]2C(NCC(=O)O)N[C@@H](Cc2ccccc2)C(=O)O)cc1)C(=O)O,1,train,42
695,CCC(C)[C@H](NC(C[C@H](NC(N[C@@H](C(C)C)C(N[C@@H](CCC(N)=O)C(=O)O)N[C@@H](CCC(N[C@@H](Cc1cnc[nH]1)C(=O)O)N[C@H](C(=O)O)C(C)C)C(=O)O)[C@H](CC(C)C)NC(N[C@@H](C(C)CC)C(N[C@@H](CN1CCC[C@H]1C(N[C@@H](C)C(=O)O)N[C@@H](CCCNC(=N)N)C(=O)O)C(NCC(N[C@@H](C)C(=O)O)N[C@@H](C)C(=O)O)N[C@@H](C(C)CC)C(N[C@@H](CCCCN)C(=O)O)N[C@@H](Cc1ccc(O)cc1)C(=O)O)N[C@@H](CC(C)C)C(N[C@@H](CC(C)C)C(N[C@@H](C)C(=O)O)N[C@@H](CCC(N)=O)C(=O)O)N[C@@H](CC(C)C)C(N[C@@H](CCCNC(=N)N)C(=O)O)N[C@@H](CC(N)=O)C(=O)O)[C@@H](N)C(C)C)C(N[C@@H](CC(C)C)C(N[C@@H](C)C(=O)O)N[C@@H](CC(C)C)C(=O)O)N[C@@H](CC(C)C)C(N[C@@H](CCC(N)=O)C(=O)O)N[C@H](C(=O)O)C(C)CC)N[C@@H](CCCNC(=N)N)C(N[C@@H](C)C(=O)O)N[C@H](C(=O)O)C(C)O)C(N[C@@H](C)C(=O)O)N[C@@H](CC(N)=O)C(=O)O,1,train,42
696,NC(=O)C[C@H](NC(O)[C@H](CCC(N[C@@H](CCC(=O)O)C(=O)O)N1CCC[C@H]1C(=O)O)NC(N[C@@H](CC(N)=O)C(=O)O)[C@@H](N)Cc1ccc(N2CCC[C@H]2C(NCC(=O)O)N[C@@H](Cc2ccccc2)C(=O)O)cc1)C(=O)O,1,val,42
697,CC(C)[C@H](NC(N[C@@H](C)C(=O)O)[C@H](CCCCN)NC(N[C@@H](C)C(N[C@@H](CCCCN)C(=O)O)N[C@@H](CCC(=O)O)C(=O)O)[C@@H](N)CC(N[C@@H](Cc1ccccc1)C(N[C@@H](CCCCN)C(=O)O)N[C@@H](CC(=O)O)C(=O)O)N[C@@H](Cc1c[nH]c2ccccc12)C(N[C@@H](Cc1ccc(N[C@@H](CCC(=O)O)C(=O)O)cc1)C(N[C@@H](C)C(=O)O)N[C@@H](Cc1ccccc1)C(=O)O)N[C@@H](Cc1ccccc1)C(N[C@@H](CCCCN)C(=O)O)N[C@@H](Cc1ccccc1)C(=O)O)C(=O)O,1,train,42
698,CC(N[C@@H](Cc1ccc(O)cc1)C(=O)O)[C@H](NC(N[C@@H](CN[C@H](C(=O)O)C(C)O)C(N[C@@H](CC(N)=O)C(=O)O)N[C@H](C(=O)O)C(C)O)[C@H](C)N)C(O)N[C@H](C(=O)O)C(C)O,1,train,42
699,CCC(C)[C@H](N)C(N[C@@H](CCCCN)C(N[C@@H](C)C(N[C@@H](CCC(N[C@@H](CCCNC(=N)N)C(=O)O)N[C@@H](Cc1ccc(O)cc1)C(=O)O)C(=O)O)N1CCC[C@H]1C(N[C@@H](CCCNC(=N)N)C(=O)O)N[C@@H](CCC(N)=O)C(=O)O)N[C@@H](CCC(N[C@@H](CCC(N[C@@H](Cc1ccc(O)cc1)C(=O)O)N[C@@H](Cc1ccc(O)cc1)C(=O)O)C(N[C@@H](C)C(=O)O)N[C@@H](CO)C(=O)O)N[C@@H](CC(N[C@@H](CCCNC(=N)N)C(=O)O)N[C@@H](CC(C)C)C(=O)O)C(N[C@@H](Cc1ccc(O)cc1)C(=O)O)N[C@@H](Cc1cnc[nH]1)C(=O)O)C(N[C@@H](C)C(N[C@@H](CC(N)=O)C(=O)O)N[C@@H](CC(C)C)C(=O)O)N[C@@H](CN[C@@H](CC(C)C)C(=O)O)C(N[C@H](C(=O)O)C(C)C)N[C@H](C(=O)O)C(C)O)N1CCC[C@H]1C(NCC(N[C@@H](CCCNC(=N)N)C(=O)O)N[C@@H](CC(N)=O)C(=O)O)N1CCC[C@H]1C(N[C@@H](CCC(=O)O)C(=O)O)N[C@@H](CC(C)C)C(=O)O,1,train,42
700,NC(=O)CC[C@H](Nc1ccc(C[C@H](NC(N[C@@H](Cc2ccccc2)C(=O)O)[C@@H](N)CS)C(N[C@@H](CS)C(=O)O)N[C@@H](CC(N)=O)C(=O)O)cc1)C(=O)O,1,val,42
701,CC(C)C[C@H](N)C(N[C@@H](Cc1ccccc1)C(=O)O)N1CCC[C@H]1C(N[C@@H](CC(=O)O)C(=O)O)N[C@@H](Cc1ccccc1)C(=O)O,1,train,42
702,CC(C)C[C@H](NC(O)[C@H](CC(N[C@@H](CCCCN)C(=O)O)N[C@@H](CCCCN)C(=O)O)NC(C[C@H](NC(NCC(N[C@@H](CCC(=O)O)C(=O)O)N[C@@H](Cc1ccccc1)C(=O)O)[C@@H](N)C(C)C)C(NCC(=O)O)N[C@@H](CC(C)C)C(=O)O)NCC(=O)O)C(=O)O,1,train,42
703,CC(C)C[C@H](NC(N[C@@H](C)C(=O)O)[C@H](C)NC(N[C@@H](CC(C)C)C(N[C@@H](Cc1cnc[nH]1)C(=O)O)N[C@@H](CC(C)C)C(=O)O)[C@H](C)NC(N[C@@H](CCCCN)C(N[C@@H](CC(C)C)C(N[C@@H](C)C(N[C@@H](C)C(=O)O)N[C@@H](CC(C)C)C(=O)O)N[C@@H](CC(C)C)C(N[C@@H](C)C(=O)O)N[C@@H](CC(C)C)C(=O)O)N[C@@H](CC(C)C)C(N[C@@H](Cc1cnc[nH]1)C(N[C@@H](C)C(=O)O)N[C@@H](CS)C(=O)O)N[C@@H](Cc1cnc[nH]1)C(N[C@@H](CCCCN)C(=O)O)N[C@@H](CCCCN)C(=O)O)[C@@H](N)CCCCN)C(=O)O,1,train,42
704,CCC(C)[C@H](NC(N[C@@H](CN[C@H](C(=O)O)C(C)C)C(=O)O)[C@H](CC(C)C)NC(N[C@@H](CN[C@@H](CCC(=O)O)C(=O)O)C(N[C@@H](CO)C(=O)O)N[C@@H](CC(=O)O)C(=O)O)[C@@H](N)CCCCN)C(=O)O,1,test,42
705,CC(N[C@@H](Cc1ccccc1)C(NCC(N[C@@H](CC(N)=O)C(=O)O)N[C@@H](CC(N)=O)C(=O)O)NCC(N[C@@H](CCCCN)C(=O)O)N[C@@H](Cc1ccccc1)C(=O)O)[C@H](N)C(N[C@@H](Cc1ccc(NCC(=O)O)cc1)C(N[C@@H](CCCCN)C(=O)O)N[C@@H](CCCNC(=N)N)C(=O)O)N[C@@H](Cc1ccccc1)C(N[C@@H](CCCNC(=N)N)C(O)N[C@@H](Cc1ccc(O)cc1)C(=O)O)N[C@@H](CN[C@H](C(=O)O)C(C)O)C(N[C@@H](CCC(=O)O)C(=O)O)N[C@@H](CCC(=O)O)C(=O)O,1,val,42
706,CCC(C)[C@H](NC(N[C@@H](Cc1ccccc1)C(N[C@@H](CCCCN)C(=O)O)N[C@@H](CCC(N)=O)C(=O)O)[C@H](CNCC(N[C@@H](CCCNC(=N)N)C(N[C@@H](CCCNC(=N)N)C(=O)O)N[C@@H](CCC(N)=O)C(=O)O)N[C@@H](CN[C@@H](CCCNC(=N)N)C(=O)O)C(N[C@@H](CCCCN)C(=O)O)N[C@@H](Cc1ccc(O)cc1)C(=O)O)NC(N[C@@H](CC(N[C@@H](C(C)N[C@@H](CCSC)C(=O)O)C(N[C@@H](C)C(=O)O)N[C@H](C(=O)O)C(C)C)N[C@@H](CC(N[C@@H](CCCCN)C(=O)O)N[C@@H](CCCCN)C(=O)O)C(N[C@@H](Cc1ccc(O)cc1)C(=O)O)N[C@@H](CC(C)C)C(=O)O)C(N[C@@H](Cc1ccc(N[C@@H](CC(C)C)C(=O)O)cc1)C(NCC(=O)O)N[C@@H](CCCCN)C(=O)O)N[C@@H](CN[C@@H](C)C(=O)O)C(N[C@@H](C)C(=O)O)N[C@H](C(=O)O)C(C)C)[C@@H](N)Cc1cnc[nH]1)C(N[C@@H](CCCNC(=N)N)C(O)N[C@@H](CCCCN)C(=O)O)N[C@@H](Cc1ccc(N[C@H](C(=O)O)C(C)C)cc1)C(N[C@@H](CCCCN)C(=O)O)N[C@@H](CC(N)=O)C(=O)O,1,train,42
707,CC(C)C[C@H](NC(N)CC[C@H](NC(N[C@@H](CCCNC(=N)N)C(O)N[C@@H](CCCNC(=N)N)C(=O)O)[C@H](Cc1ccccc1)NC[C@H](NC(CN)N[C@@H](CN1CCC[C@H]1C(N[C@@H](CO)C(=O)O)N[C@@H](CCC(=O)O)C(=O)O)C(N[C@@H](Cc1cnc[nH]1)C(N[C@@H](C)C(=O)O)N[C@@H](CCCCN)C(=O)O)N[C@@H](CCC(N[C@@H](CCCCN)C(=O)O)N[C@@H](CCCCN)C(=O)O)C(N1CCC[C@H]1C(=O)O)N1CCC[C@H]1C(=O)O)C(N[C@@H](CN[C@@H](CCC(N)=O)C(=O)O)C(N[C@@H](CCCCN)C(=O)O)N[C@@H](CCCNC(=N)N)C(=O)O)N[C@@H](CC(C)C)C(N[C@@H](CCC(N)=O)C(=O)O)N[C@H](C(=O)O)C(C)C)C(N[C@@H](CCC(N)=O)C(=O)O)N1CCC[C@H]1C(=O)O)C(=O)O,1,train,42
708,CC(C)C[C@H](NC([C@H](CCCNC(=N)N)NC(N[C@@H](C(C)C)C(N[C@@H](CCCNC(=N)N)C(=O)O)N[C@H](C(=O)O)C(C)C)[C@@H]1CCCN1C(N[C@@H](CCCNC(=N)N)C(N1CCC[C@H]1C(N[C@@H](CC(C)C)C(N1CCC[C@H]1C(=O)O)N1CCC[C@H]1C(=O)O)N1CCC[C@H]1C(=O)O)N1CCC[C@H]1C(N1CCC[C@H]1C(=O)O)N1CCC[C@H]1C(=O)O)[C@@H](N)C(C)C)N1CCC[C@H]1C(=O)O)C(=O)O,1,test,42
709,CCC(C)[C@H](NC(N[C@@H](CO)C(=O)O)[C@H](CC(N)N[C@@H](CC(N)=O)C(=O)O)NC(N[C@@H](Cc1ccc(N[C@@H](CC(C)C)C(=O)O)cc1)C(O)N[C@@H](CC(N)=O)C(=O)O)[C@H](CC(N[C@@H](C(C)N[C@@H](CCSC)C(=O)O)C(N[C@@H](C)C(=O)O)N[C@H](C(=O)O)C(C)C)N[C@@H](CC(N[C@@H](CCCCN)C(=O)O)N[C@@H](CCCCN)C(=O)O)C(N[C@@H](Cc1ccc(O)cc1)C(=O)O)N[C@@H](CC(C)C)C(=O)O)NC(N[C@@H](CN[C@@H](C)C(N[C@@H](CCCNC(=N)N)C(=O)O)N[C@H](C(=O)O)C(C)O)C(N[C@@H](C(C)C)C(N[C@@H](CCCNC(=N)N)C(=O)O)N[C@@H](CC(C)C)C(=O)O)N[C@@H](Cc1ccccc1)C(N[C@@H](CCCCN)C(=O)O)N[C@@H](CCC(N)=O)C(=O)O)[C@@H](N)Cc1cnc[nH]1)C(=O)O,1,train,42
710,CCC(C)[C@H](NC(CC[C@H](NC(N[C@@H](Cc1ccc(N[C@@H](CC(N)=O)C(=O)O)cc1)C(NCC(=O)O)N[C@@H](CCCCN)C(=O)O)[C@H](CCC(NCC(NCC(=O)O)N[C@@H](CO)C(=O)O)N[C@@H](CN[C@@H](CCC(=O)O)C(=O)O)C(N[C@@H](CC(=O)O)C(=O)O)N[C@H](C(=O)O)C(C)C)NC(C[C@H](N)C(N[C@@H](Cc1ccccc1)C(N[C@@H](C(C)C)C(N[C@@H](CCSC)C(=O)O)N[C@@H](CC(C)C)C(=O)O)N[C@@H](Cc1cnc[nH]1)C(NCC(=O)O)N[C@H](C(=O)O)C(C)C)N[C@@H](CCCNC(=N)N)C(N[C@@H](CCC(N)N[C@H](C(=O)O)C(C)C)C(=O)O)N[C@@H](Cc1cnc[nH]1)C(NCC(=O)O)N[C@H](C(=O)O)C(C)C)N[C@@H](C)C(N[C@@H](CC(N[C@@H](Cc1ccccc1)C(=O)O)N[C@H](C(=O)O)C(C)C)C(N[C@@H](C)C(=O)O)N[C@@H](Cc1ccccc1)C(=O)O)N[C@@H](Cc1cnc[nH]1)C(N[C@@H](CCCCN)C(=O)O)N[C@@H](CC(C)C)C(=O)O)C(NCC(=O)O)N[C@H](C(=O)O)C(C)CC)N[C@@H](C)C(=O)O)C(=O)O,1,val,42
711,NC(=O)C[C@H](NC(N[C@@H](CCC(O)N[C@@H](CS)C(=O)O)C(=O)O)[C@@H](N)Cc1ccc(N2CCC[C@H]2C(NCC(=O)O)N[C@@H](Cc2ccccc2)C(=O)O)cc1)C(=O)O,1,test,42
712,CSCC[C@H](NC(N[C@@H](CCC(=O)O)C(=O)O)[C@H](C)Nc1ccc(C[C@H](N)C(NCC(NCC(=O)O)N[C@@H](Cc2ccccc2)C(=O)O)N[C@@H](CC(N)N[C@@H](Cc2cnc[nH]2)C(=O)O)C(=O)O)cc1)C(=O)O,1,val,42
713,CCC(C)[C@H](NC(NCC(=O)O)[C@H](CCCNC(=N)N)NC(NCC(NCC(=O)O)NCC(=O)O)[C@H](Cc1ccccc1)NC(NCC(NCC(NCC(=O)O)N[C@@H](Cc1ccccc1)C(=O)O)N[C@@H](CC(C)C)C(N[C@@H](CCCNC(=N)N)C(=O)O)N[C@@H](CCCNC(=N)N)C(NCC(=O)O)N[C@@H](CS)C(=O)O)[C@@H](N)CS)C(=O)O,1,val,42
714,CCC(C)[C@H](NC(NCC(=O)O)[C@H](CCCNC(=N)N)NC(N[C@H](C(N[C@@H](CO)C(=O)O)N[C@H](C(=O)O)C(C)C)C(C)N1CCC[C@H]1C(=O)O)[C@@H](N)CS)C(O)N[C@@H](CS)C(=O)O,1,train,42
715,CCC(C)[C@H](NC(N[C@@H](CCCCN)C(=O)O)[C@H](CCSC)NC(N[C@@H](C(C)C)C(O)N[C@@H](CC(C)C)C(=O)O)[C@@H](N)Cc1ccc(N[C@@H](CN[C@@H](Cc2ccccc2)C(=O)O)C(NCC(=O)O)N[C@H](C(=O)O)C(C)C)cc1)C(=O)O,1,val,42
716,CCC(C)[C@H](NC(NCC(N[C@@H](CO)C(=O)O)N[C@@H](CC(N)N[C@@H](Cc1c[nH]c2ccccc12)C(=O)O)C(=O)O)[C@@H]1CCCN1)C(N[C@@H](CN[C@@H](CCC(=O)O)C(=O)O)C(N[C@@H](CCCCN)C(=O)O)N[C@H](C(=O)O)C(C)O)N[C@@H](CCC(N[C@@H](CCSC)C(=O)O)N[C@H](C(=O)O)C(C)O)C(N[C@@H](CC(C)C)C(=O)O)N1CCC[C@H]1C(=O)O,1,train,42
717,CC(C)[C@H](NC(N[C@@H](C)C(=O)O)[C@H](C)Nc1ccc(C[C@H](N)C(N[C@@H](CCC(N)=O)C(=O)O)N[C@@H](Cc2ccccc2)C(O)NCC(=O)O)cc1)C(=O)O,1,train,42
718,CCC(C)[C@H](NC(N[C@@H](CCCCN)C(=O)O)[C@H](CN[C@H](C(=O)O)C(C)O)Nc1ccc(C[C@H](NC(C[C@H](N)C(N[C@@H](CS)C(N[C@@H](CO)C(=O)O)N[C@@H](Cc2ccc(N[C@@H](CS)C(=O)O)cc2)C(O)N[C@@H](CCCCN)C(=O)O)N[C@@H](CC(N)N[C@@H](CCC(N)N[C@@H](Cc2ccc(O)cc2)C(=O)O)C(NCC(=O)O)N[C@@H](CCCNC(=N)N)C(=O)O)C(N[C@@H](CS)C(N[C@@H](C)C(=O)O)N[C@@H](CCCCN)C(=O)O)N[C@@H](CC(C)C)C(N[C@@H](CS)C(=O)O)N[C@@H](CCCCN)C(=O)O)N[C@@H](Cc2cnc[nH]2)C(N[C@@H](C(C)C)C(N[C@@H](C)C(=O)O)N[C@@H](CS)C(=O)O)N[C@@H](CN2CCC[C@H]2C(=O)O)C(N[C@@H](Cc2ccccc2)C(=O)O)N[C@H](C(=O)O)C(C)CC)C(NCC(NCC(=O)O)N[C@@H](CCC(N)=O)C(=O)O)NCC(N[C@@H](CS)C(=O)O)N[C@H](C(=O)O)C(C)O)cc1)C(=O)O,1,train,42
719,CC(C)C[C@H](N)C(NCC(N[C@@H](CO)C(=O)O)N[C@H](C(=O)O)C(C)C)N[C@@H](CO)C(=O)O,1,train,42
720,CCC(C)[C@H](N)C(N[C@@H](CCCCN)C(N[C@@H](C)C(N[C@@H](CCC(=O)O)C(=O)O)N1CCC[C@H]1C(=O)O)N[C@@H](CCC(N[C@@H](CCC(N[C@@H](CCCNC(=N)N)C(=O)O)N[C@@H](Cc1cnc[nH]1)C(=O)O)C(N[C@@H](Cc1ccc(O)cc1)C(=O)O)N[C@@H](CC(C)C)C(=O)O)N[C@@H](CC(N[C@@H](CC(N)=O)C(=O)O)N[C@@H](CC(C)C)C(=O)O)C(N[C@H](C(=O)O)C(C)C)N[C@H](C(=O)O)C(C)O)C(N[C@@H](C)C(N[C@@H](CCCNC(=N)N)C(=O)O)N[C@@H](CCC(N)=O)C(=O)O)N[C@@H](CN[C@@H](CCCNC(=N)N)C(=O)O)C(O)N[C@@H](Cc1ccc(O)cc1)C(=O)O)N1CCC[C@H]1C(NCC(N[C@@H](CO)C(=O)O)N[C@@H](CC(C)C)C(=O)O)N1CCC[C@H]1C(N[C@@H](C)C(=O)O)N[C@@H](CCC(=O)O)C(=O)O,1,train,42
721,CCC(C)[C@H](NC(N[C@@H](CCCCN)C(N[C@@H](C)C(=O)O)N[C@@H](CC(C)C)C(=O)O)[C@H](Cc1ccc(NCC(N[C@@H](C)C(=O)O)N[C@@H](CC(C)C)C(=O)O)cc1)NC(NCC(N[C@@H](CC(C)C)C(N[C@@H](CC(C)C)C(=O)O)N[C@@H](CC(N)N[C@@H](CCCCN)C(=O)O)C(N[C@@H](CC(C)C)C(=O)O)N[C@H](C(=O)O)C(C)CC)N[C@@H](CC(C)C)C(N[C@@H](CCCCN)C(=O)O)N1CCC[C@H]1C(=O)O)[C@H](C)N)C(N[C@@H](C)C(=O)O)N[C@@H](CCCCN)C(=O)O,1,train,42
722,CC(C)[C@H](N)C(NCC(N[C@@H](Cc1ccccc1)C(=O)O)N[C@H](C(=O)O)C(C)O)N[C@@H](Cc1ccccc1)C(=O)O,1,train,42
723,C[C@H](NC(CNC(N[C@@H](Cc1cnc[nH]1)C(NCC(=O)O)N[C@@H](CCCCN)C(=O)O)[C@@H](N)CS)N[C@@H](CCCCN)C(N[C@@H](CCCNC(=N)N)C(=O)O)N1CCC[C@H]1C(=O)O)C(O)N[C@@H](CCCCN)C(=O)O,1,train,42
724,CSCC[C@H](N)C(NCC(NCC(N[C@@H](C(C)C)C(N[C@@H](CO)C(=O)O)N[C@@H](Cc1c[nH]c2ccccc12)C(=O)O)N[C@@H](CC(C)C)C(NCC(=O)O)N[C@@H](C)C(=O)O)N[C@@H](CC(C)C)C(N[C@@H](C)C(N[C@@H](CCCCN)C(=O)O)N[C@@H](CCCCN)C(=O)O)N[C@@H](CC(C)C)C(N[C@@H](CCC(N)=O)C(=O)O)N1CCC[C@H]1C(=O)O)N[C@@H](CC(C)C)C(N[C@@H](CC(C)C)C(N[C@@H](CCC(N)=O)C(=O)O)N[C@@H](CC(C)C)C(=O)O)N[C@@H](Cc1cnc[nH]1)C(N[C@@H](C)C(N[C@@H](CCCCN)C(=O)O)N[C@@H](CCCNC(=N)N)C(=O)O)N[C@@H](C)C(N[C@@H](CCCCN)C(=O)O)N[C@H](C(=O)O)C(C)C,1,val,42
725,CC(C)C[C@H](NC([C@@H](NC([C@H](CC(C)C)NC(N[C@@H](CCCNC(=N)N)C(N1CCC[C@H]1C(N[C@@H](CC(C)C)C(N1CCC[C@H]1C(=O)O)N1CCC[C@H]1C(=O)O)N1CCC[C@H]1C(=O)O)N1CCC[C@H]1C(N1CCC[C@H]1C(=O)O)N1CCC[C@H]1C(=O)O)[C@@H](N)C(C)C)N1CCC[C@H]1C(N[C@@H](CCCNC(=N)N)C(=O)O)N[C@H](C(=O)O)C(C)C)C(C)C)N1CCC[C@H]1C(=O)O)C(=O)O,1,train,42
726,CC(C)C[C@H](NC(CNc1ccc(C[C@H](N)C(NCC(O)N[C@@H](CS)C(=O)O)N[C@@H](Cc2ccccc2)C(=O)O)cc1)N[C@@H](CCCNC(=N)N)C(=O)O)C(=O)O,1,train,42
727,C[C@H](NC(CNc1ccc(C[C@H](N)C(N[C@@H](CCCNC(=N)N)C(N[C@@H](CCCNC(=N)N)C(=O)O)N[C@@H](CCCNC(=N)N)C(=O)O)N[C@@H](CCCNC(=N)N)C(N[C@@H](CCCNC(=N)N)C(=O)O)N[C@@H](CCCNC(=N)N)C(=O)O)cc1)N[C@@H](CCCNC(=N)N)C(=O)O)C(O)N[C@@H](CCCNC(=N)N)C(=O)O,1,train,42
728,CCC(C)[C@H](NC(CC[C@H](NC(N[C@@H](Cc1ccc(N[C@@H](CCCNC(=N)N)C(=O)O)cc1)C(N[C@@H](Cc1c[nH]c2ccccc12)C(=O)O)N1CCC[C@H]1C(=O)O)[C@H](Cc1ccc(N[C@@H](CC(C)C)C(N[C@@H](CCCNC(=N)N)C(=O)O)N2CCC[C@H]2C(=O)O)cc1)NC(N[C@@H](CCCNC(=N)N)C(N[C@@H](CCCCN)C(=O)O)N[C@@H](CC(N)=O)C(=O)O)[C@@H]1CCCN1)C(=O)O)N[C@@H](CC(C)C)C(=O)O)C(=O)O,1,train,42
729,N=C(N)NCCC[C@H](NC([C@H](Cc1cnc[nH]1)NC([C@@H](N)CS)N1CCC[C@H]1C(=O)O)N1CCC[C@H]1C(=O)O)C(=O)O,1,train,42
730,C[C@H](NC(O)[C@H](C)Nc1ccc(C[C@H](N)C(NCC(=O)O)N[C@@H](Cc2ccccc2)C(=O)O)cc1)C(=O)O,1,val,42
731,CCC(C)[C@H](NC[C@H](NC(CNC(N[C@@H](CC(C)C)C(NCC(N[C@@H](CO)C(=O)O)N[C@@H](CCCNC(=N)N)C(=O)O)NCC(N[C@@H](CC(C)C)C(=O)O)N[C@@H](CC(C)C)C(=O)O)[C@@H](N)C(C)C)N[C@@H](C)C(=O)O)C(N[C@@H](C)C(=O)O)N1CCC[C@H]1C(=O)O)C(=O)O,1,train,42
732,CCC(C)[C@H](NC(N[C@@H](CCCCN)C(N[C@@H](CCCCN)C(N[C@@H](CCCCN)C(=O)O)N[C@@H](CCCCN)C(=O)O)N[C@@H](CCCCN)C(N[C@@H](CCCCN)C(=O)O)N[C@H](C(=O)O)C(C)CC)[C@@H](N)CCCCN)C(N[C@@H](C(C)C)C(N[C@@H](CCCCN)C(O)N[C@@H](CCCCN)C(=O)O)N[C@@H](CCCNC(=N)N)C(NCC(=O)O)N[C@@H](CCCNC(=N)N)C(=O)O)N[C@@H](CCCCN)C(NCC(N[C@@H](CCCCN)C(=O)O)N[C@@H](CCCCN)C(=O)O)N[C@@H](CCCCN)C(N[C@@H](CCCCN)C(=O)O)N[C@H](C(=O)O)C(C)C,1,train,42
733,CCC(C)[C@H](N)C(NCC(N[C@@H](CC(N)=O)C(=O)O)N[C@@H](CCC(N[C@H](C(=O)O)C(C)O)N[C@H](C(=O)O)C(C)O)C(N[C@@H](CCSC)C(=O)O)N1CCC[C@H]1C(=O)O)N[C@@H](CN[C@@H](CO)C(=O)O)C(N[C@@H](CCCCN)C(=O)O)N[C@@H](CCC(=O)O)C(=O)O,1,val,42
734,CC(C)C[C@H](N)C(N[C@@H](C)C(N[C@@H](CCC(N)N[C@@H](C)C(=O)O)C(=O)O)N[C@@H](CC(=O)O)C(=O)O)N[C@@H](CC(N[C@@H](Cc1ccc(O)cc1)C(=O)O)N[C@H](C(=O)O)C(C)O)C(N[C@@H](CCCCN)C(=O)O)N[C@H](C(=O)O)C(C)O,1,train,42
735,CC(C)C[C@H](NC(O)[C@H](CCCNC(=N)N)NC(N[C@@H](CN1CCC[C@H]1C(=O)O)C(N[C@@H](C)C(=O)O)N[C@@H](Cc1ccccc1)C(=O)O)[C@@H](N)Cc1ccccc1)C(=O)O,1,test,42
736,CC(C)C[C@H](NC([C@H](CCCCN)NC(N[C@@H](CCC(N)N[C@@H](Cc1ccccc1)C(=O)O)C(N[C@@H](CCC(=O)O)C(=O)O)N[C@@H](Cc1ccccc1)C(=O)O)[C@@H](N)Cc1cnc[nH]1)N1CCC[C@H]1C(=O)O)C(N[C@@H](CCC(=O)O)C(=O)O)N[C@@H](CC(=O)O)C(=O)O,1,test,42
737,N=C(N)NCCC[C@H](NC(N[C@@H](CC(N[C@@H](CS)C(=O)O)N[C@@H](CC(=O)O)C(=O)O)C(=O)O)[C@H](CCCNC(=N)N)NC(NCC(NCC(=O)O)N1CCC[C@H]1C(=O)O)[C@@H](N)CS)C(=O)O,1,train,42
738,CCC(C)[C@H](NC(N[C@@H](Cc1cnc[nH]1)C(=O)O)[C@H](CN[C@@H](CCCNC(=N)N)C(O)N[C@@H](CS)C(=O)O)NC(N)CC[C@H](N)C(N[C@@H](Cc1ccc(N[C@@H](C)C(=O)O)cc1)C(N[C@@H](CCC(N)=O)C(=O)O)N[C@H](C(=O)O)C(C)C)N[C@@H](Cc1cnc[nH]1)C(N[C@@H](CO)C(=O)O)N1CCC[C@H]1C(=O)O)C(=O)O,1,val,42
739,CCC(C)[C@H](NC(N[C@@H](CCCCN)C(N[C@@H](CCCNC(=N)N)C(=O)O)N[C@@H](CC(C)C)C(=O)O)[C@H](C)NC(N[C@@H](CCCNC(=N)N)C(N[C@@H](C(C)N[C@@H](CCCCN)C(=O)O)C(N[C@@H](CCCCN)C(=O)O)N[C@@H](Cc1ccc(O)cc1)C(=O)O)N1CCC[C@H]1C(N[C@@H](CCCCN)C(=O)O)N[C@@H](Cc1c[nH]c2ccccc12)C(=O)O)[C@@H](N)Cc1cnc[nH]1)C(N[C@@H](Cc1ccccc1)C(NCC(=O)O)N[C@@H](CCCCN)C(=O)O)N[C@@H](CCCNC(=N)N)C(N[C@@H](Cc1ccccc1)C(=O)O)N[C@@H](Cc1c[nH]c2ccccc12)C(=O)O,1,train,42
740,N[C@@H](Cc1c[nH]c2ccccc12)C(N[C@@H](Cc1c[nH]c2ccccc12)C(O)N[C@@H](CO)C(=O)O)N[C@@H](CNCC(=O)O)C(N[C@@H](Cc1ccc(O)cc1)C(=O)O)N1CCC[C@H]1C(=O)O,1,train,42
741,CSCC[C@H](NC(N[C@@H](Cc1ccc(NCC(=O)O)cc1)C(N[C@@H](CCCCN)C(=O)O)N[C@@H](CCCNC(=N)N)C(=O)O)[C@H](C)NC(CNC(N[C@@H](CCCCN)C(NCC(N[C@@H](CC(C)C)C(NCC(=O)O)N[C@@H](CCCCN)C(=O)O)N[C@@H](CCCNC(=N)N)C(N[C@@H](CO)C(=O)O)N[C@@H](CCCNC(=N)N)C(=O)O)N[C@@H](CCCCN)C(N[C@@H](CNCC(=O)O)C(N[C@@H](CO)C(=O)O)N[C@@H](CS)C(=O)O)N[C@@H](CS)C(N[C@@H](CS)C(O)N[C@@H](CCCNC(=N)N)C(=O)O)N[C@H](C(=O)O)C(C)O)[C@@H](N)CS)N[C@@H](CCCCN)C(N[C@@H](CS)C(N[C@@H](CCCNC(=N)N)C(=O)O)N[C@@H](CCCNC(=N)N)C(=O)O)N[C@@H](CC(N[C@@H](CCCCN)C(=O)O)N[C@@H](CCCNC(=N)N)C(=O)O)C(N[C@@H](CCCNC(=N)N)C(=O)O)N[C@@H](CCC(N)=O)C(=O)O)C(N[C@@H](CS)C(=O)O)N[C@@H](Cc1ccc(O)cc1)C(=O)O,1,train,42
742,CSCC[C@H](NC(N[C@@H](CC(C)C)C(=O)O)[C@H](CCC(N)NCC(=O)O)NC([C@@H]1CCCN1C(N[C@@H](CCCCN)C(N[C@@H](CCC(N)=O)C(=O)O)N[C@@H](Cc1ccccc1)C(=O)O)[C@@H](N)CCCNC(=N)N)N1CCC[C@H]1C(N[C@@H](CCC(N)=O)C(=O)O)N[C@@H](Cc1ccccc1)C(=O)O)C(=O)O,1,val,42
743,CSCC[C@H](NC([C@H](CC(C)C)NC(N[C@@H](C)C(O)N[C@@H](CS)C(=O)O)[C@H](C)NC(N[C@@H](CC(C)C)C(N[C@@H](C)C(N[C@@H](CCCCN)C(=O)O)N[C@@H](CC(C)C)C(=O)O)N[C@@H](CC(C)C)C(N[C@@H](CCCNC(=N)N)C(=O)O)N[C@@H](CCC(N)=O)C(=O)O)[C@H](CC(C)C)NC(N[C@@H](CCCCN)C(N[C@@H](C)C(N[C@@H](CCCCN)C(=O)O)N[C@@H](CCCNC(=N)N)C(=O)O)N[C@@H](CC(C)C)C(N[C@@H](CCC(N)=O)C(=O)O)N[C@H](C(=O)O)C(C)C)[C@@H](N)CCCCN)N1CCC[C@H]1C(=O)O)C(=O)O,1,test,42
744,CC(C)C[C@H](NC(N[C@@H](CCCNC(=N)N)C(=O)O)[C@H](C)NC(N[C@@H](CN[C@@H](CCCCN)C(=O)O)C(N[C@@H](CCCNC(=N)N)C(=O)O)N[C@@H](CC(C)C)C(=O)O)[C@@H](NC(N[C@@H](CCCNC(=N)N)C(N[C@@H](CC(C)C)C(N[C@@H](CCCCN)C(=O)O)N[C@@H](CCCNC(=N)N)C(=O)O)N[C@@H](CCCNC(=N)N)C(N[C@@H](CC(C)C)C(N[C@@H](C)C(=O)O)N[C@@H](CC(=O)O)C(=O)O)N[C@@H](Cc1cnc[nH]1)C(N[C@@H](CCCNC(=N)N)C(=O)O)N[C@@H](CC(C)C)C(=O)O)[C@@H](N)CC(C)C)C(C)C)C(=O)O,1,train,42
745,N=C(N)NCCC[C@H](NC([C@H](CCCNC(=N)N)NC([C@H](CCCNC(=N)N)NC([C@@H]1CCCN1)N1CCC[C@H]1C(N1CCC[C@H]1C(N[C@@H](CCCNC(=N)N)C(=O)O)N1CCC[C@H]1C(=O)O)N1CCC[C@H]1C(N1CCC[C@H]1C(=O)O)N1CCC[C@H]1C(=O)O)N1CCC[C@H]1C(N[C@@H](CCCNC(=N)N)C(=O)O)N1CCC[C@H]1C(=O)O)N1CCC[C@H]1C(=O)O)C(=O)O,1,val,42
746,CCC(C)[C@H](NC(N[C@@H](CS)C(NCC(=O)O)N[C@@H](CCCNC(=N)N)C(=O)O)[C@@H](N)Cc1ccccc1)C(O)N[C@@H](CC(C)C)C(=O)O,1,train,42
747,CC(C)C[C@H](NC(NCC(NCC(=O)O)NCC(=O)O)[C@@H](NC(N[C@@H](CC(C)C)C(N[C@@H](CCCCN)C(NCC(O)N[C@@H](CCCNC(=N)N)C(=O)O)N[C@@H](C)C(N[C@@H](CCCNC(=N)N)C(=O)O)N[C@@H](CCCNC(=N)N)C(=O)O)N[C@@H](CCCNC(=N)N)C(N[C@@H](CCCCN)C(N[C@@H](CCCNC(=N)N)C(=O)O)N[C@@H](CCCNC(=N)N)C(=O)O)N[C@@H](CC(C)C)C(N[C@@H](CCCNC(=N)N)C(=O)O)N[C@@H](CCCNC(=N)N)C(=O)O)[C@@H](N)CCCNC(=N)N)C(C)N[C@@H](CCCNC(=N)N)C(NCC(=O)O)NCC(=O)O)C(N[C@@H](CCCNC(=N)N)C(=O)O)N[C@@H](CCCNC(=N)N)C(=O)O,1,test,42
748,CCC(C)[C@H](NC(N[C@@H](Cc1ccccc1)C(N[C@@H](CCCCN)C(NCC(=O)O)N[C@@H](CCCNC(=N)N)C(=O)O)N[C@@H](CCC(N)N[C@@H](CCCCN)C(=O)O)C(N[C@@H](CCCCN)C(=O)O)N[C@@H](CCCNC(=N)N)C(=O)O)[C@H](CNCC(N[C@@H](CCCNC(=N)N)C(N[C@@H](CCCNC(=N)N)C(=O)O)N[C@@H](CCC(N)=O)C(=O)O)N[C@@H](CN[C@@H](CCCNC(=N)N)C(=O)O)C(N[C@@H](CCCCN)C(=O)O)N[C@@H](Cc1ccc(O)cc1)C(=O)O)NC(N[C@@H](CC(N[C@@H](C(C)N[C@@H](CCSC)C(N[C@@H](CCCNC(=N)N)C(=O)O)N[C@@H](CCC(N)=O)C(=O)O)C(N[C@@H](C(C)C)C(O)N[C@@H](CCCNC(=N)N)C(=O)O)N[C@@H](C)C(N[C@@H](CCCNC(=N)N)C(=O)O)N[C@@H](CCCNC(=N)N)C(=O)O)N[C@@H](CC(N[C@@H](CCCCN)C(=O)O)N[C@@H](CCCCN)C(=O)O)C(N[C@@H](Cc1ccc(O)cc1)C(=O)O)N[C@@H](CC(C)C)C(=O)O)C(N[C@@H](Cc1ccc(N[C@@H](CC(C)C)C(=O)O)cc1)C(NCC(=O)O)N[C@@H](CCCCN)C(=O)O)N[C@@H](CN[C@@H](C)C(=O)O)C(N[C@@H](C)C(=O)O)N[C@H](C(=O)O)C(C)C)[C@@H](N)Cc1cnc[nH]1)C(N[C@@H](CCCNC(=N)N)C(N[C@@H](CCCCN)C(=O)O)N[C@@H](Cc1ccc(O)cc1)C(=O)O)N[C@@H](Cc1ccc(N[C@H](C(=O)O)C(C)C)cc1)C(N[C@@H](CCCCN)C(=O)O)N[C@@H](CC(N)=O)C(=O)O,1,train,42
749,CC(C)C[C@H](NC(N[C@@H](CCCNC(=N)N)C(N[C@@H](CS)C(=O)O)N[C@@H](CC(N)=O)C(=O)O)[C@H](CCCNC(=N)N)NC(N[C@@H](CCCCN)C(N[C@@H](CCCNC(=N)N)C(=O)O)N[C@@H](CC(=O)O)C(=O)O)[C@@H](N)CS)C(=O)O,1,train,42
750,N=C(N)NCCC[C@H](NC([C@H](CCCNC(=N)N)NC([C@@H]1CCCN1)N1CCC[C@H]1C(N1CCC[C@H]1C(=O)O)N1CCC[C@H]1C(N[C@@H](CCCNC(=N)N)C(=O)O)N1CCC[C@H]1C(=O)O)N1CCC[C@H]1C(=O)O)C(=O)O,1,train,42
751,C[C@H](NC(N[C@@H](CCCCN)C(=O)O)[C@H](Cc1cnc[nH]1)NC(CN)N[C@@H](CCCCN)C(NCC(=O)O)N1CCC[C@H]1C(=O)O)C(N[C@@H](CCCCN)C(=O)O)N[C@@H](CCCNC(=N)N)C(=O)O,1,train,42
752,CSCC[C@H](NC(N[C@H](C(=O)O)C(C)O)[C@H](Cc1c[nH]c2ccccc12)NC(NCC(NCC(N[C@@H](CCCCN)C(=O)O)N[C@@H](CCCNC(=N)N)C(=O)O)N[C@@H](CN[C@@H](CCCCN)C(=O)O)C(O)N[C@H](C(=O)O)C(C)C)[C@H](CC(C)C)NC(CN)N[C@@H](C)C(N[C@@H](CC(C)C)C(N[C@@H](C)C(N[C@@H](CCCCN)C(=O)O)N[C@@H](CCCCN)C(=O)O)N[C@@H](C)C(N[C@@H](CCC(N)=O)C(=O)O)N1CCC[C@H]1C(=O)O)N[C@@H](Cc1ccccc1)C(NCC(N[C@@H](CO)C(=O)O)N[C@@H](Cc1c[nH]c2ccccc12)C(=O)O)N[C@@H](CC(C)C)C(NCC(=O)O)N[C@@H](C)C(=O)O)C(=O)O,1,train,42
753,CCC(C)[C@H](NC[C@H](NC(N[C@@H](Cc1ccc(N2CCC[C@H]2C(=O)O)cc1)C(N[C@@H](CO)C(=O)O)N[C@@H](Cc1ccc(O)cc1)C(=O)O)[C@@H](N)CN[C@@H](CNCC(N[C@@H](CCCCN)C(=O)O)N[C@@H](CCC(N)=O)C(=O)O)C(N[C@@H](Cc1ccc(O)cc1)C(=O)O)N[C@@H](CC(N)N[C@@H](Cc1ccccc1)C(=O)O)C(=O)O)C(N[C@@H](Cc1ccccc1)C(=O)O)N[C@@H](CC(C)C)C(=O)O)C(=O)O,1,train,42
754,CCC(C)[C@H](NC(N)CC[C@H](NC[C@H](N)C(N[C@@H](C(C)CC)C(N[C@@H](CCC(N)=O)C(=O)O)N[C@@H](CC(N)=O)C(=O)O)N[C@@H](CCCCN)C(N[C@@H](CCCCN)C(=O)O)N[C@@H](CCCNC(=N)N)C(=O)O)C(N[C@@H](Cc1ccccc1)C(O)N[C@@H](CCCCN)C(=O)O)N[C@@H](Cc1c[nH]c2ccccc12)C(N[C@@H](CCCCN)C(=O)O)N[C@H](C(=O)O)C(C)CC)C(N[C@@H](C)C(=O)O)N[C@@H](CCCCN)C(=O)O,1,train,42
755,CC(C)[C@H](N)C(N[C@@H](C)C(NCC(N[C@@H](CCCNC(=N)N)C(=O)O)N[C@@H](CCC(N)=O)C(=O)O)N[C@@H](CCCNC(=N)N)C(N[C@@H](CCCNC(=N)N)C(=O)O)N[C@@H](CCCNC(=N)N)C(=O)O)N[C@@H](Cc1ccc(N[C@@H](CCCCN)C(N[C@@H](CCCNC(=N)N)C(=O)O)N[C@@H](CCCNC(=N)N)C(=O)O)cc1)C(N[C@@H](CCCCN)C(=O)O)N[C@@H](CCCNC(=N)N)C(=O)O,1,train,42
756,CCC(C)[C@H](NC(N[C@@H](Cc1ccc(O)cc1)C(=O)O)[C@H](Cc1cnc[nH]1)NC(N[C@@H](C)C(N[C@@H](CCCNC(=N)N)C(=O)O)N1CCC[C@H]1C(=O)O)[C@@H](N)CS)C(O)N[C@@H](Cc1cnc[nH]1)C(=O)O,1,train,42
757,CCC(C)[C@H](NC(N[C@@H](CCCNC(=N)N)C(=O)O)[C@H](Cc1ccc(N[C@@H](CCSC)C(=O)O)cc1)NC(CNC(N[C@@H](C(C)N[C@@H](CCCCN)C(NCC(=O)O)N[C@@H](CCCCN)C(=O)O)C(N[C@@H](CC(C)C)C(=O)O)N[C@@H](CCCCN)C(O)N[C@H](C(=O)O)C(C)O)[C@@H](N)CCCCN)N[C@@H](CCCCN)C(N[C@@H](CC(C)C)C(=O)O)N1CCC[C@H]1C(=O)O)C(=O)O,1,train,42
758,CCC(C)[C@H](NC(N[C@@H](Cc1ccccc1)C(=O)O)[C@H](CN[C@@H](CC(C)C)C(=O)O)NC(C[C@H](NC(N[C@@H](CNCC(N[C@@H](CCCCN)C(NCC(=O)O)N[C@@H](CO)C(=O)O)N[C@@H](CNCC(=O)O)C(N[C@@H](CO)C(=O)O)N1CCC[C@H]1C(=O)O)C(N[C@@H](C(C)N[C@@H](CCC(N)N[C@@H](C)C(=O)O)C(N1CCC[C@H]1C(=O)O)N1CCC[C@H]1C(=O)O)C(N[C@@H](CCC(=O)O)C(=O)O)N[C@@H](CCSC)C(N[C@@H](CO)C(=O)O)N1CCC[C@H]1C(=O)O)N[C@@H](Cc1ccccc1)C(N[C@@H](CCC(=O)O)C(=O)O)N[C@@H](CCC(=O)O)C(=O)O)[C@@H](N)Cc1cnc[nH]1)C(N[C@@H](CC(C)C)C(NCC(=O)O)N[C@@H](CC(N)=O)C(=O)O)N[C@@H](CC(N[C@@H](CCC(=O)O)C(=O)O)N[C@@H](Cc1c[nH]c2ccccc12)C(=O)O)C(N[C@@H](CCCCN)C(=O)O)N[C@@H](CC(C)C)C(=O)O)N[C@@H](C(C)N[C@@H](C)C(=O)O)C(N[C@@H](CCCNC(=N)N)C(=O)O)N[C@H](C(=O)O)C(C)C)C(=O)O,1,test,42
759,CC(C)C[C@H](NC[C@H](NC(N[C@@H](C)C(=O)O)[C@@H](N)C(C)C)C(O)N[C@@H](CCCCN)C(=O)O)C(=O)O,1,train,42
760,CCC(C)[C@H](NC(N[C@@H](Cc1cnc[nH]1)C(=O)O)[C@H](CN[C@@H](CCCNC(=N)N)C(=O)O)NC(N)CC[C@H](N)C(N[C@@H](Cc1ccc(N[C@@H](CCC(N)=O)C(=O)O)cc1)C(N[C@@H](CCC(N)=O)C(=O)O)N[C@H](C(=O)O)C(C)C)N[C@@H](Cc1cnc[nH]1)C(N[C@@H](CO)C(=O)O)N1CCC[C@H]1C(=O)O)C(=O)O,1,train,42
761,CSCC[C@H](NC(N[C@@H](Cc1ccc(NCC(=O)O)cc1)C(NCC(=O)O)N[C@@H](Cc1ccc(O)cc1)C(=O)O)[C@H](C)NC(CNC(N[C@@H](CCCCN)C(NCC(N[C@@H](CC(C)C)C(NCC(=O)O)N[C@@H](CCCCN)C(=O)O)N[C@@H](CCCNC(=N)N)C(N[C@@H](CO)C(=O)O)N[C@@H](CCCNC(=N)N)C(=O)O)N[C@@H](CCCCN)C(N[C@@H](CNCC(=O)O)C(N[C@@H](CO)C(=O)O)N[C@@H](CS)C(=O)O)N[C@@H](CS)C(N[C@@H](CS)C(N[C@@H](CCCNC(=N)N)C(=O)O)N[C@@H](CCCNC(=N)N)C(=O)O)N[C@H](C(=O)O)C(C)N[C@@H](CCCNC(=N)N)C(=O)O)[C@@H](N)CS)N[C@@H](CCCCN)C(N[C@@H](CS)C(N[C@@H](CCCNC(=N)N)C(=O)O)N[C@@H](CCC(N)=O)C(=O)O)N[C@@H](CC(N[C@@H](CCCCN)C(=O)O)N[C@@H](CCCNC(=N)N)C(=O)O)C(N[C@@H](CCCCN)C(=O)O)N[C@@H](CCCNC(=N)N)C(=O)O)C(NCC(=O)O)N[C@@H](CS)C(=O)O,1,test,42
762,CSCC[C@H](NC(N[C@@H](Cc1ccc(N[C@@H](Cc2ccc(O)cc2)C(=O)O)cc1)C(NCC(=O)O)N[C@@H](CCCNC(=N)N)C(=O)O)[C@H](C)NC(CNC(N[C@@H](CCCCN)C(NCC(N[C@@H](CC(C)C)C(NCC(=O)O)N[C@@H](CCCCN)C(=O)O)N[C@@H](CCCNC(=N)N)C(N[C@@H](CO)C(=O)O)N[C@@H](CCCNC(=N)N)C(=O)O)N[C@@H](CCCCN)C(N[C@@H](CNCC(=O)O)C(N[C@@H](CO)C(=O)O)N[C@@H](CS)C(=O)O)N[C@@H](CS)C(N[C@@H](CS)C(N[C@@H](CCCNC(=N)N)C(=O)O)N[C@@H](CCCNC(=N)N)C(=O)O)N[C@H](C(=O)O)C(C)O)[C@@H](N)CS)N[C@@H](CCCCN)C(N[C@@H](CS)C(N[C@@H](CCCNC(=N)N)C(=O)O)N[C@@H](CCC(N)=O)C(=O)O)N[C@@H](CC(N[C@@H](CCCCN)C(=O)O)N[C@@H](CCCCN)C(=O)O)C(N[C@@H](CCCNC(=N)N)C(=O)O)N[C@@H](CCCNC(=N)N)C(=O)O)C(NCC(=O)O)N[C@@H](CS)C(=O)O,1,train,42
763,C[C@H](NC(CNC(N[C@@H](CCCCN)C(NCC(NCC(=O)O)N[C@@H](CCC(=O)O)C(=O)O)N[C@@H](CC(N)=O)C(=O)O)[C@@H](N)Cc1c[nH]c2ccccc12)N[C@@H](CO)C(=O)O)C(=O)O,1,val,42
764,N=C(N)NCCC[C@H](NC(N[C@@H](CCCNC(=N)N)C(=O)O)[C@H](CCCCN)NC(N[C@@H](CCCNC(=N)N)C(N[C@@H](CCCNC(=N)N)C(=O)O)N1CCC[C@H]1C(=O)O)[C@H](CCCNC(=N)N)NC(CN)N[C@@H](CCCCN)C(N[C@@H](CCC(N)NCC(=O)O)C(N[C@@H](CS)C(=O)O)N[C@@H](Cc1c[nH]c2ccccc12)C(=O)O)N[C@@H](CCCNC(=N)N)C(N[C@@H](CCC(N)=O)C(=O)O)N1CCC[C@H]1C(=O)O)C(=O)O,1,test,42
765,CSCC[C@H](NC(N[C@@H](Cc1ccc(NCC(=O)O)cc1)C(NCC(=O)O)N[C@@H](Cc1ccc(O)cc1)C(=O)O)[C@H](C)NC(CNC(N[C@@H](CCCCN)C(NCC(N[C@@H](CC(C)C)C(NCC(=O)O)N[C@@H](CCCCN)C(=O)O)N[C@@H](CCCNC(=N)N)C(N[C@@H](CO)C(=O)O)N[C@@H](CCCNC(=N)N)C(=O)O)N[C@@H](CCCCN)C(N[C@@H](CNCC(=O)O)C(N[C@@H](CO)C(=O)O)N[C@@H](CS)C(=O)O)N[C@@H](CS)C(N[C@@H](C(C)N[C@@H](CCCNC(=N)N)C(=O)O)C(O)N[C@@H](CCCNC(=N)N)C(=O)O)N[C@@H](CS)C(N[C@@H](CCCNC(=N)N)C(=O)O)N[C@@H](CCC(N)=O)C(=O)O)[C@@H](N)CS)N[C@@H](CCCCN)C(N[C@@H](CS)C(N[C@@H](CCCNC(=N)N)C(=O)O)N[C@@H](CCCNC(=N)N)C(=O)O)N[C@@H](CC(NCC(=O)O)N[C@@H](CCCNC(=N)N)C(=O)O)C(N[C@@H](CCCCN)C(=O)O)N[C@@H](CCCCN)C(=O)O)C(NCC(=O)O)N[C@@H](CS)C(=O)O,1,val,42
766,CCC(C)[C@H](NC([C@H](Cc1ccccc1)NC(N[C@@H](CC(C)C)C(NCC(N[C@@H](CCCNC(=N)N)C(=O)O)N[C@@H](CCCNC(=N)N)C(=O)O)N[C@@H](CCCCN)C(N[C@@H](CCCNC(=N)N)C(=O)O)N[C@@H](CCCNC(=N)N)C(=O)O)[C@@H](N)Cc1ccccc1)N1CCC[C@H]1C(N[C@@H](CCCNC(=N)N)C(=O)O)N[C@@H](CCCNC(=N)N)C(=O)O)C(N[C@@H](CCCNC(=N)N)C(=O)O)N[C@@H](CCCNC(=N)N)C(NCC(=O)O)N[C@@H](CS)C(=O)O,1,val,42
767,CCC(C)[C@H](NC(CC[C@H](NC(N[C@@H](Cc1ccc(N[C@@H](CC(N)=O)C(=O)O)cc1)C(NCC(=O)O)N[C@@H](CCCCN)C(=O)O)[C@H](CCC(NCC(NCC(=O)O)N[C@@H](CO)C(=O)O)N[C@@H](CN[C@@H](CCC(=O)O)C(=O)O)C(N[C@@H](CC(=O)O)C(=O)O)N[C@H](C(=O)O)C(C)C)NC(C[C@H](N)C(N[C@@H](Cc1ccccc1)C(N[C@@H](C(C)C)C(N[C@@H](CCSC)C(=O)O)N[C@@H](CC(C)C)C(=O)O)N[C@@H](Cc1cnc[nH]1)C(NCC(=O)O)N[C@H](C(=O)O)C(C)C)N[C@@H](CCCNC(=N)N)C(N[C@@H](Cc1cnc[nH]1)C(NCC(=O)O)N[C@H](C(=O)O)C(C)C)N[C@@H](CCC(N)N[C@H](C(=O)O)C(C)C)C(N[C@@H](C)C(=O)O)N[C@H](C(=O)O)C(C)CC)N[C@@H](C)C(N[C@@H](CC(N[C@@H](Cc1ccccc1)C(=O)O)N[C@H](C(=O)O)C(C)C)C(N[C@@H](C)C(=O)O)N[C@@H](Cc1ccccc1)C(=O)O)N[C@@H](Cc1cnc[nH]1)C(N[C@@H](CCCCN)C(=O)O)N[C@@H](CC(C)C)C(=O)O)C(NCC(=O)O)N[C@H](C(=O)O)C(C)CC)N[C@@H](C)C(=O)O)C(=O)O,1,train,42
768,CCC(C)[C@H](NC(C[C@H](NC(N[C@@H](CN[C@@H](CCCCN)C(=O)O)C(N[C@@H](CCC(=O)O)C(=O)O)N[C@@H](Cc1ccccc1)C(=O)O)[C@H](CCC(N[C@@H](C(C)N[C@@H](CCC(N)=O)C(=O)O)C(N[C@@H](C)C(=O)O)N[C@@H](C)C(=O)O)N[C@@H](Cc1ccccc1)C(NCC(=O)O)N[C@@H](CCC(=O)O)C(=O)O)NC(N[C@@H](C)C(NCC(N[C@@H](C(C)C)C(N[C@@H](CCCCN)C(=O)O)N[C@H](C(=O)O)C(C)C)N[C@@H](CNCC(=O)O)C(O)N[C@@H](CCCNC(=N)N)C(=O)O)N[C@@H](C(C)N[C@@H](CO)C(=O)O)C(N[C@@H](Cc1ccc(O)cc1)C(=O)O)N[C@@H](CC(C)C)C(=O)O)[C@@H](N)Cc1cnc[nH]1)C(N[C@@H](Cc1c[nH]c2ccccc12)C(=O)O)N[C@@H](CC(C)C)C(=O)O)N[C@@H](C)C(=O)O)C(=O)O,1,train,42
769,CCC(C)[C@H](NC(N[C@@H](C(C)NCC(N[C@@H](CCCNC(=N)N)C(N[C@@H](C)C(=O)O)N[C@@H](CCCNC(=N)N)C(=O)O)N[C@@H](CC(N[C@@H](CC(N)=O)C(=O)O)N[C@H](C(=O)O)C(C)CC)C(N[C@@H](C)C(=O)O)N[C@@H](Cc1ccc(O)cc1)C(=O)O)C(NCC(N[C@@H](CS)C(N[C@@H](C)C(=O)O)N[C@@H](C)C(=O)O)N[C@@H](CC(C)C)C(N[C@@H](CCCNC(=N)N)C(=O)O)N[C@@H](CCCNC(=N)N)C(=O)O)N[C@@H](CCCCN)C(N[C@@H](C(C)C)C(O)N[C@@H](CCCNC(=N)N)C(=O)O)N[C@@H](CN[C@@H](C)C(=O)O)C(N[C@@H](C)C(=O)O)N[C@@H](CCCNC(=N)N)C(=O)O)[C@@H](N)Cc1ccccc1)C(NCC(N[C@@H](Cc1ccccc1)C(N[C@@H](CCCCN)C(=O)O)N[C@@H](CCSC)C(=O)O)N[C@@H](Cc1c[nH]c2ccccc12)C(N[C@@H](CCC(N)=O)C(=O)O)N[C@@H](CC(C)C)C(=O)O)N[C@@H](CS)C(N[C@@H](C)C(N[C@@H](CO)C(=O)O)N[C@@H](CO)C(=O)O)N[C@@H](CCC(N[C@@H](CC(N)=O)C(=O)O)N[C@H](C(=O)O)C(C)CC)C(N[C@@H](CCSC)C(=O)O)N[C@@H](CC(C)C)C(=O)O,1,train,42
770,CCC(C)[C@H](NC(N[C@@H](CCC(=O)O)C(=O)O)[C@H](CNCC(=O)O)NC(N[C@@H](Cc1ccccc1)C(N[C@@H](CC(C)C)C(=O)O)N[C@H](C(=O)O)C(C)O)[C@@H]1CCCN1C(N[C@@H](C)C(NCC(N[C@@H](CC(C)C)C(N[C@@H](C)C(=O)O)N[C@@H](CCCNC(=N)N)C(=O)O)N[C@@H](CC(C)C)C(N[C@@H](CCCCN)C(=O)O)N[C@@H](CCCNC(=N)N)C(=O)O)N[C@@H](CCCNC(=N)N)C(N[C@@H](CS)C(N[C@@H](CC(=O)O)C(=O)O)N[C@@H](CC(C)C)C(=O)O)N[C@@H](CC(C)C)C(N[C@H](C(=O)O)C(C)C)N1CCC[C@H]1C(=O)O)[C@@H](N)CCSC)C(=O)O,1,train,42
771,CC(C)C[C@H](NC(N[C@@H](CC(C)C)C(=O)O)[C@H](C)NC(N[C@@H](CCCNC(=N)N)C(N[C@@H](CCCCN)C(=O)O)N[C@@H](CC(C)C)C(=O)O)[C@H](CCCCN)NC(CN)N[C@@H](CC(C)C)C(N[C@@H](CC(C)C)C(N[C@@H](CCCCN)C(=O)O)N[C@@H](Cc1cnc[nH]1)C(=O)O)N[C@@H](CCCCN)C(N[C@@H](Cc1ccccc1)C(=O)O)N[C@@H](CC(C)C)C(NCC(=O)O)N[C@@H](CS)C(=O)O)C(=O)O,1,train,42
772,CC(C)C[C@H](NC(N[C@@H](CCCNC(=N)N)C(N[C@@H](CCCCN)C(=O)O)N[C@@H](CCCCN)C(=O)O)[C@H](C)NC(N[C@@H](CN[C@@H](CCCCN)C(N[C@@H](CCCCN)C(=O)O)N[C@@H](CCCCN)C(=O)O)C(N[C@@H](CCCNC(=N)N)C(N[C@@H](CCCCN)C(=O)O)N[C@@H](CCCCN)C(=O)O)N[C@@H](CC(C)C)C(N[C@@H](CCCCN)C(=O)O)N[C@@H](CCCCN)C(=O)O)[C@@H](NC(N[C@@H](CCCNC(=N)N)C(N[C@@H](CC(C)C)C(N[C@@H](CCCCN)C(N[C@@H](CCCCN)C(=O)O)N[C@@H](CCCCN)C(=O)O)N[C@@H](CCCNC(=N)N)C(N[C@@H](CCCCN)C(=O)O)N[C@@H](CCCCN)C(=O)O)N[C@@H](CCCNC(=N)N)C(N[C@@H](CC(C)C)C(N[C@@H](C)C(=O)O)N[C@@H](CC(=O)O)C(=O)O)N[C@@H](Cc1cnc[nH]1)C(N[C@@H](CCCNC(=N)N)C(=O)O)N[C@@H](CC(C)C)C(N[C@@H](CCCCN)C(=O)O)N[C@@H](CCCCN)C(=O)O)[C@@H](N)CC(C)C)C(C)C)C(N[C@@H](CCCCN)C(=O)O)N[C@@H](CCCCN)C(=O)O,1,train,42
773,CC(C)[C@H](NC(N[C@@H](C)C(=O)O)[C@H](CCCCN)NC(N[C@@H](C)C(N[C@@H](CCCCN)C(=O)O)N[C@@H](CCC(=O)O)C(=O)O)[C@@H](N)CC(N[C@@H](Cc1ccccc1)C(N[C@@H](CCCCN)C(=O)O)N[C@@H](CC(=O)O)C(=O)O)N[C@@H](Cc1c[nH]c2ccccc12)C(N[C@@H](Cc1ccc(N[C@@H](CCC(=O)O)C(=O)O)cc1)C(O)N[C@@H](C)C(=O)O)N[C@@H](Cc1ccccc1)C(N[C@@H](CCCCN)C(=O)O)N[C@@H](Cc1ccccc1)C(=O)O)C(=O)O,1,train,42
774,CCC(C)[C@H](NC(N[C@@H](CO)C(=O)O)[C@H](CCCNC(=N)N)NC(N[C@@H](Cc1cnc[nH]1)C(=O)O)[C@H](CCCCN)NC(CNc1ccc(C[C@H](N)C(N[C@@H](CCCNC(=N)N)C(N[C@@H](CCC(N)N[C@@H](CCSC)C(=O)O)C(NCC(=O)O)N[C@@H](CCCCN)C(=O)O)N[C@@H](CCCNC(=N)N)C(NCC(=O)O)N[C@@H](Cc2ccccc2)C(=O)O)N[C@@H](CCCCN)C(N[C@@H](CCCNC(=N)N)C(N[C@@H](CO)C(=O)O)N[C@H](C(=O)O)C(C)C)N[C@@H](CCCNC(=N)N)C(N[C@@H](C)C(=O)O)N2CCC[C@H]2C(=O)O)cc1)N[C@@H](CCCNC(=N)N)C(N[C@@H](CO)C(=O)O)N[C@@H](CCCCN)C(=O)O)C(=O)O,1,val,42
775,CSCC[C@H](NC(CNC(N[C@@H](CCC(N[C@@H](Cc1c[nH]c2ccccc12)C(=O)O)N[C@H](C(=O)O)C(C)C)C(N[C@@H](CS)C(=O)O)N[C@@H](CCCNC(=N)N)C(=O)O)[C@@H](N)CS)NCC(=O)O)C(=O)O,1,train,42
776,CC(C)C[C@H](NC(N)C[C@H](NC(N[C@@H](Cc1ccc(N[C@@H](Cc2cnc[nH]2)C(=O)O)cc1)C(NCC(=O)O)N[C@@H](CC(N)=O)C(=O)O)[C@@H](N)C(C)NCC(N[C@@H](C)C(=O)O)N[C@@H](CCCCN)C(O)N[C@@H](CS)C(=O)O)C(N[C@@H](Cc1cnc[nH]1)C(=O)O)N1CCC[C@H]1C(=O)O)C(=O)O,1,train,42
777,CCC(C)[C@H](NC(C[C@H](NC(N[C@@H](Cc1ccccc1)C(=O)O)[C@@H](N)Cc1ccccc1)C(N[C@H](C(=O)O)C(C)O)N1CCC[C@H]1C(=O)O)N[C@@H](Cc1c[nH]c2ccccc12)C(=O)O)C(=O)O,1,train,42
778,CC(C)C[C@H](NC(CNC(CNC(NCC(N[C@@H](CCCCN)C(=O)O)N[C@@H](Cc1ccc(O)cc1)C(=O)O)[C@@H](N)CS)N[C@@H](Cc1cnc[nH]1)C(O)N[C@@H](Cc1c[nH]c2ccccc12)C(=O)O)N[C@@H](CCCNC(=N)N)C(=O)O)C(=O)O,1,train,42
779,C[C@H](NC(CNC(N[C@@H](C)C(N[C@@H](CC(=O)O)C(=O)O)N[C@@H](C)C(NCC(=O)O)N[C@@H](CCC(=O)O)C(=O)O)[C@@H](N)Cc1c[nH]c2ccccc12)N[C@@H](CO)C(=O)O)C(=O)O,1,train,42
780,N=C(N)NCCC[C@H](N)C(NCC(N[C@@H](CCCCN)C(=O)O)N[C@@H](Cc1ccc(O)cc1)C(=O)O)N[C@@H](CC(=O)O)C(=O)O,1,train,42
781,CC(C)C[C@H](NC(N[C@@H](CCCNC(=N)N)C(=O)O)[C@@H](NC([C@H](CC(C)C)NC(N[C@@H](CCCNC(=N)N)C(N1CCC[C@H]1C(N[C@@H](CC(C)C)C(O)N1CCC[C@H]1C(=O)O)N[C@@H](CCCNC(=N)N)C(N1CCC[C@H]1C(=O)O)N1CCC[C@H]1C(=O)O)N1CCC[C@H]1C(N1CCC[C@H]1C(=O)O)N1CCC[C@H]1C(=O)O)[C@@H](N)C(C)C)N1CCC[C@H]1C(N[C@H](C(=O)O)C(C)C)N1CCC[C@H]1C(=O)O)C(C)C)C(=O)O,1,train,42
782,CCC(C)[C@H](NC(N[C@@H](CCC(=O)O)C(=O)O)[C@H](CN[C@@H](CO)C(=O)O)NC(N[C@@H](Cc1ccccc1)C(N[C@@H](CC(C)C)C(=O)O)N[C@H](C(=O)O)C(C)O)[C@@H]1CCCN1C(N[C@@H](C)C(NCC(N[C@@H](CC(C)C)C(N[C@@H](C)C(=O)O)N[C@@H](CCCNC(=N)N)C(=O)O)N[C@@H](CC(C)C)C(N[C@@H](CCCCN)C(=O)O)N[C@@H](CCCNC(=N)N)C(=O)O)N[C@@H](CCCNC(=N)N)C(N[C@@H](CS)C(N[C@@H](CC(=O)O)C(=O)O)N[C@@H](CC(C)C)C(=O)O)N[C@@H](CC(C)C)C(N[C@H](C(=O)O)C(C)C)N1CCC[C@H]1C(=O)O)[C@@H](N)CCSC)C(=O)O,1,test,42
783,CC(C)C[C@H](NC(N[C@@H](C)C(=O)O)[C@H](C)NC(NCC(O)N[C@@H](CS)C(=O)O)[C@@H](N)CS)C(=O)O,1,train,42
784,CSCC[C@H](NC(N[C@@H](CCSC)C(N[C@@H](CO)C(=O)O)N[C@H](C(=O)O)C(C)O)[C@@H](N)C(C)N1CCC[C@H]1C(N[C@@H](CCC(=O)O)C(=O)O)N1CCC[C@H]1C(N[C@@H](CCCCN)C(=O)O)N[C@@H](Cc1ccccc1)C(=O)O)C(N[C@@H](CCCNC(=N)N)C(=O)O)N[C@@H](CCC(N)=O)C(=O)O,1,train,42
785,C[C@H](N)C(NCC(N[C@@H](CCCNC(=N)N)C(N[C@@H](CCCCN)C(=O)O)N[C@@H](Cc1c[nH]c2ccccc12)C(=O)O)N[C@@H](CC(N)N[C@@H](CO)C(=O)O)C(N[C@@H](CO)C(=O)O)N[C@@H](Cc1ccccc1)C(=O)O)N[C@@H](CS)C(N[C@@H](Cc1ccccc1)C(=O)O)N[C@@H](Cc1ccc(N[C@@H](CO)C(=O)O)cc1)C(O)N[C@@H](CS)C(=O)O,1,train,42
786,N=C(N)NCCC[C@H](NC(NCC(NCC(=O)O)N1CCC[C@H]1C(=O)O)[C@@H](N)CS)C(N[C@@H](CCCCN)C(=O)O)N[C@@H](CC(N[C@@H](CS)C(=O)O)N[C@@H](CC(=O)O)C(=O)O)C(=O)O,1,train,42
787,CCC(C)[C@H](NC(N[C@@H](C(C)C)C(N[C@@H](CCC(N)N[C@@H](CCCCN)C(=O)O)C(NCC(=O)O)N[C@@H](CCCNC(=N)N)C(=O)O)N[C@@H](Cc1ccc(N[C@@H](CC(C)C)C(=O)O)cc1)C(N[C@@H](CCCCN)C(=O)O)N[C@@H](CC(C)C)C(=O)O)[C@@H](N)CN[C@@H](CN[C@@H](CC(NCC(N[C@@H](CCCCN)C(=O)O)N[C@@H](Cc1ccccc1)C(=O)O)N[C@@H](CCC(N[C@@H](CO)C(=O)O)N[C@@H](CC(C)C)C(=O)O)C(N[C@@H](CO)C(=O)O)N[C@@H](CC(N)=O)C(=O)O)C(N[C@@H](C(C)N[C@H](C(=O)O)C(C)C)C(NCC(=O)O)N[C@@H](CCC(=O)O)C(=O)O)N[C@H](C(=O)O)C(C)N[C@@H](CO)C(=O)O)C(N[C@@H](C)C(N[C@@H](CCCNC(=N)N)C(=O)O)N[C@@H](CC(C)C)C(=O)O)N[C@@H](CC(C)C)C(N[C@@H](CCCNC(=N)N)C(=O)O)N[C@H](C(=O)O)C(C)O)C(N[C@@H](CC(C)C)C(N[C@@H](C)C(=O)O)N[C@@H](CC(C)C)C(=O)O)N[C@@H](CCCCN)C(N[C@@H](C)C(=O)O)N[C@H](C(=O)O)C(C)O,1,train,42
788,CCC(C)[C@H](NC(N[C@@H](C(C)CC)C(N[C@@H](Cc1cnc[nH]1)C(=O)O)N1CCC[C@H]1C(=O)O)[C@H](CCCNC(=N)N)NC[C@H](NC(N[C@@H](C(C)C)C(N[C@@H](CCC(NCC(=O)O)NCC(=O)O)C(N[C@@H](CS)C(=O)O)N[C@@H](CCCNC(=N)N)C(=O)O)N[C@@H](CC(N)N[C@@H](CC(C)C)C(=O)O)C(N[C@@H](CCCNC(=N)N)C(=O)O)N[C@H](C(=O)O)C(C)C)[C@@H](N)CCCCN)C(N[C@H](C(N[C@@H](CO)C(=O)O)N[C@@H](CCCCN)C(=O)O)C(C)N1CCC[C@H]1C(O)N[C@@H](CC(N)=O)C(=O)O)N[C@@H](Cc1c[nH]c2ccccc12)C(NCC(=O)O)N[C@@H](CS)C(=O)O)C(N[C@@H](Cc1cnc[nH]1)C(=O)O)N[C@H](C(=O)O)C(C)C,1,train,42
789,CCC(C)[C@H](NC(N[C@@H](Cc1c[nH]c2ccccc12)C(=O)O)[C@H](CCC(N)N[C@@H](CCCCN)C(N[C@@H](CCCCN)C(=O)O)N[C@@H](Cc1c[nH]c2ccccc12)C(=O)O)NC(N[C@@H](C(C)CC)C(N[C@@H](CCCNC(=N)N)C(=O)O)N[C@@H](Cc1ccccc1)C(=O)O)[C@@H](N)CCCNC(=N)N)C(N[C@@H](CCCCN)C(=O)O)N[C@@H](CCCCN)C(=O)O,1,test,42
790,CCC(C)[C@H](NC(N[C@H](C(=O)O)C(C)CC)[C@H](CCCCN)NC(C[C@H](NC(N[C@@H](CCCCN)C(N[C@@H](CCCNC(=N)N)C(=O)O)N[C@@H](Cc1ccccc1)C(N[C@@H](CCCNC(=N)N)C(=O)O)N[C@H](C(=O)O)C(C)O)[C@H](CCCNC(=N)N)NC(N[C@@H](CCSC)C(N[C@@H](C(C)C)C(N[C@@H](Cc1cnc[nH]1)C(N[C@@H](CC(N)=O)C(=O)O)N[C@@H](Cc1ccccc1)C(=O)O)N[C@@H](CC(C)C)C(N[C@@H](CCCNC(=N)N)C(=O)O)N[C@@H](CC(N)=O)C(=O)O)N[C@@H](C)C(N[C@@H](CC(C)C)C(NCC(=O)O)N[C@@H](CCC(=O)O)C(=O)O)N[C@@H](CC(C)C)C(N[C@@H](CCC(N)=O)C(=O)O)N[C@@H](Cc1ccccc1)C(=O)O)[C@H](C)N)C(N[C@@H](CC(C)C)C(N[C@@H](CCCNC(=N)N)C(=O)O)N[C@@H](CC(=O)O)C(=O)O)N[C@@H](CCCCN)C(N[C@@H](CS)C(=O)O)N[C@H](C(=O)O)C(C)CC)N[C@@H](CC(C)C)C(N[C@@H](CO)C(=O)O)N[C@@H](CCC(=O)O)C(=O)O)C(=O)O,1,train,42
791,CC(C)C[C@H](NC(CNC(N[C@@H](Cc1c[nH]c2ccccc12)C(N[C@@H](CCCNC(=N)N)C(N[C@@H](CCCNC(=N)N)C(=O)O)N[C@@H](CC(C)C)C(=O)O)N[C@@H](CC(C)C)C(N[C@@H](CCCCN)C(=O)O)N[C@@H](CCCNC(=N)N)C(=O)O)[C@@H](N)CS)N[C@@H](CCCCN)C(N[C@@H](CCCNC(=N)N)C(=O)O)N[C@@H](CC(C)C)C(=O)O)C(=O)O,1,train,42
792,CC(C)C[C@H](NC(N[C@@H](CC(C)C)C(=O)O)[C@H](CC(C)C)NC(N[C@@H](C)C(N[C@@H](C)C(O)N1CCC[C@H]1C(=O)O)N[C@H](C(=O)O)C(C)C)[C@H](C)NC(N[C@@H](C(C)C)C(N[C@@H](CC(C)C)C(N[C@@H](C)C(=O)O)N[C@@H](CC(C)C)C(=O)O)N1CCC[C@H]1C(N[C@@H](C)C(=O)O)N[C@@H](CC(C)C)C(=O)O)[C@H](C)N)C(=O)O,1,train,42
793,CC(C)C[C@H](NC([C@@H]1CCCN1C(NCC(N[C@@H](CCCNC(=N)N)C(=O)O)N1CCC[C@H]1C(=O)O)[C@H](Cc1ccc(N[C@@H](CCCCN)C(NCC(=O)O)N[C@@H](CCCCN)C(O)N[C@@H](Cc2cnc[nH]2)C(=O)O)cc1)NC(N[C@@H](CCCCN)C(N[C@@H](C)C(NCC(=O)O)N[C@@H](CCCNC(=N)N)C(=O)O)N[C@@H](CCCCN)C(N[C@@H](Cc1ccccc1)C(=O)O)N[C@@H](Cc1c[nH]c2ccccc12)C(=O)O)[C@@H](N)CC(C)C)N1CCC[C@H]1C(=O)O)C(=O)O,1,train,42
794,CCC(C)[C@H](NC(N[C@@H](CCCCN)C(N[C@@H](CCCNC(=N)N)C(O)N[C@@H](C)C(=O)O)N[C@H](C(=O)O)C(C)CC)[C@@H](N)C(C)N[C@@H](CC(C)C)C(N[C@@H](C(C)CC)C(N[C@@H](CO)C(=O)O)N[C@@H](Cc1cnc[nH]1)C(=O)O)N[C@@H](C(C)N[C@@H](CC(N)=O)C(=O)O)C(N[C@@H](CC(=O)O)C(=O)O)N[C@H](C(=O)O)C(C)CC)C(N[C@@H](C(C)C)C(N[C@@H](CCC(N)=O)C(=O)O)N[C@H](C(=O)O)C(C)O)N[C@@H](C(C)N[C@@H](CO)C(=O)O)C(N[C@@H](CO)C(=O)O)N[C@H](C(=O)O)C(C)C,1,val,42
795,CC(C)C[C@H](NC(N[C@@H](CCCNC(=N)N)C(=O)O)[C@@H]1CCCN1C(N[C@@H](C)C(=O)O)[C@@H](N)C(C)C)C(=O)O,1,val,42
796,CC(C)C[C@H](N)C(N[C@@H](C(C)C)C(N[C@@H](C)C(=O)O)N[C@@H](Cc1ccccc1)C(=O)O)N[C@@H](Cc1ccccc1)C(=O)O,1,train,42
797,CCC(C)[C@H](NC([C@H](CC(C)C)NC(N[C@@H](CC(C)C)C(O)N[C@@H](C)C(=O)O)[C@@H](N)CN[C@@H](C)C(N[C@@H](CO)C(=O)O)N[C@@H](CCCNC(=N)N)C(=O)O)N1CCC[C@H]1C(=O)O)C(=O)O,1,train,42
798,CCC(C)[C@H](NC(N[C@@H](C(C)CC)C(N[C@@H](Cc1cnc[nH]1)C(=O)O)N1CCC[C@H]1C(=O)O)[C@H](CCCNC(=N)N)NC[C@H](NC(N[C@@H](C(C)C)C(N[C@@H](CCC(NCC(=O)O)NCC(=O)O)C(N[C@@H](CS)C(=O)O)N[C@@H](CCCNC(=N)N)C(=O)O)N[C@@H](CC(N)N[C@@H](CC(C)C)C(N[C@@H](CCCNC(=N)N)C(=O)O)N[C@@H](CCCNC(=N)N)C(=O)O)C(N[C@@H](CCCNC(=N)N)C(=O)O)N[C@H](C(=O)O)C(C)C)[C@@H](N)CCCCN)C(N[C@H](C(N[C@@H](CNCC(=O)O)C(NCC(=O)O)N[C@@H](CCCNC(=N)N)C(=O)O)N[C@@H](CCCCN)C(N[C@@H](CCCNC(=N)N)C(=O)O)N[C@@H](CCCNC(=N)N)C(=O)O)C(C)N1CCC[C@H]1C(NCC(=O)O)N[C@@H](CC(N)=O)C(=O)O)N[C@@H](Cc1c[nH]c2ccccc12)C(NCC(N[C@@H](CCCNC(=N)N)C(=O)O)N[C@@H](CCCNC(=N)N)C(=O)O)N[C@@H](CS)C(N[C@@H](CCCNC(=N)N)C(=O)O)N[C@@H](CCCNC(=N)N)C(=O)O)C(N[C@@H](Cc1cnc[nH]1)C(=O)O)N[C@H](C(=O)O)C(C)C,1,train,42
799,CCC(C)[C@H](NC(N[C@@H](CCCNC(=N)N)C(=O)O)[C@H](CS)NC[C@H](NC(CN)N[C@@H](CC(C)C)C(NCC(N[C@@H](CC(=O)O)C(=O)O)N[C@@H](CC(C)C)C(=O)O)N[C@@H](CCCCN)C(N[C@@H](CCCCN)C(NCC(=O)O)N[C@@H](CS)C(=O)O)N[C@@H](CC(C)C)C(NCC(=O)O)N[C@@H](CC(C)C)C(=O)O)C(NCC(N[C@@H](CO)C(=O)O)N[C@@H](CCSC)C(=O)O)N[C@@H](Cc1ccccc1)C(NCC(=O)O)N[C@@H](CO)C(=O)O)C(=O)O,1,val,42
800,CCC(C)[C@H](NC(C[C@H](NC(N[C@@H](CN[C@@H](CCCCN)C(=O)O)C(N[C@@H](C)C(=O)O)N[C@@H](CCC(=O)O)C(=O)O)[C@H](CCC(N[C@@H](C(C)N[C@@H](CCC(N)=O)C(=O)O)C(N[C@@H](C)C(=O)O)N[C@@H](C)C(=O)O)N[C@@H](Cc1ccccc1)C(NCC(=O)O)N[C@@H](CCC(=O)O)C(=O)O)NC(N[C@@H](C)C(NCC(N[C@@H](C(C)C)C(N[C@@H](CC(C)C)C(=O)O)N[C@H](C(=O)O)C(C)C)N[C@@H](CN[C@@H](CCCNC(=N)N)C(=O)O)C(NCC(=O)O)N[C@@H](CCCNC(=N)N)C(=O)O)N[C@@H](C(C)N[C@@H](CNCC(=O)O)C(=O)O)C(N[C@@H](Cc1ccc(O)cc1)C(=O)O)N[C@@H](CC(C)C)C(=O)O)[C@@H](N)Cc1cnc[nH]1)C(N[C@@H](C)C(=O)O)N[C@@H](Cc1c[nH]c2ccccc12)C(=O)O)N[C@@H](Cc1ccccc1)C(=O)O)C(=O)O,1,train,42
801,CC(C)[C@H](Nc1ccc(C[C@H](NC(N[C@@H](CS)C(N[C@@H](CCCCN)C(=O)O)N[C@@H](Cc2c[nH]c3ccccc23)C(=O)O)[C@@H](N)Cc2ccccc2)C(N[C@@H](CS)C(=O)O)N[C@@H](Cc2c[nH]c3ccccc23)C(=O)O)cc1)C(=O)O,1,train,42
802,CC(C)C[C@H](NC(CC[C@H](NC(N[C@@H](CCCNC(=N)N)C(N[C@@H](CCCNC(=N)N)C(=O)O)N[C@@H](CCC(=O)O)C(=O)O)[C@H](CCCNC(=N)N)NC(N[C@@H](CCCNC(=N)N)C(N[C@@H](CO)C(=O)O)N[C@@H](CCC(N)N[C@@H](CCC(N)=O)C(=O)O)C(N[C@@H](CO)C(=O)O)N[C@@H](CCCNC(=N)N)C(=O)O)[C@@H](N)CC(C)C)C(N[C@@H](CCCNC(=N)N)C(=O)O)N[C@@H](CCCNC(=N)N)C(=O)O)N[C@@H](CCCNC(=N)N)C(=O)O)C(=O)O,1,train,42
803,CCC(C)[C@H](NC(N[C@@H](Cc1ccccc1)C(N[C@@H](CCCCN)C(=O)O)N[C@@H](Cc1ccccc1)C(=O)O)[C@H](CCC(N)N[C@@H](CCCCN)C(N[C@@H](CCCNC(=N)N)C(=O)O)N[C@@H](CC(N)=O)C(=O)O)NC(N[C@@H](C(C)CC)C(N[C@@H](CCC(N)=O)C(=O)O)N[C@@H](Cc1ccccc1)C(N[C@@H](CCCCN)C(=O)O)N[C@@H](CCCCN)C(=O)O)[C@@H](N)CCCNC(=N)N)C(N[C@@H](CCCNC(=N)N)C(=O)O)N[C@@H](CCSC)C(=O)O,1,train,42
804,CCC(C)[C@H](NC(CNC(N[C@@H](C)C(N[C@@H](C)C(=O)O)N1CCC[C@H]1C(=O)O)[C@@H](N)CC(N)N1CCC[C@H]1C(N[C@@H](CN[C@@H](CS)C(=O)O)C(=O)O)N1CCC[C@H]1C(N[C@@H](CO)C(=O)O)N[C@H](C(=O)O)C(C)CC)N[C@@H](Cc1cnc[nH]1)C(=O)O)C(=O)O,1,train,42
805,CCC(C)[C@H](NC(N[C@@H](CCCNC(=N)N)C(=O)O)[C@H](CCCNC(=N)N)NC(CNC(N[C@@H](Cc1ccc(N[C@@H](C(C)C)C(N[C@@H](C)C(=O)O)N[C@@H](Cc2c[nH]c3ccccc23)C(=O)O)cc1)C(N[C@@H](CC(N)=O)C(=O)O)N[C@@H](Cc1cnc[nH]1)C(NCC(=O)O)N1CCC[C@H]1C(=O)O)[C@@H](N)CS)N1CCC[C@H]1C(NCC(=O)O)N[C@@H](Cc1cnc[nH]1)C(=O)O)C(=O)O,1,train,42
806,CSCC[C@H](NC(O)[C@H](CC(C)C)NC(N)CC[C@H](N)C(N[C@H](C(=O)O)C(C)C)N1CCC[C@H]1C(=O)O)C(=O)O,1,train,42
807,N=C(N)NCCC[C@H](NC(O)[C@H](CCCNC(=N)N)NC(N[C@@H](CCCNC(=N)N)C(=O)O)[C@H](CCCNC(=N)N)NC(N[C@@H](CCCNC(=N)N)C(N[C@@H](CCCNC(=N)N)C(=O)O)N[C@@H](CCCNC(=N)N)C(=O)O)[C@@H](N)CCCNC(=N)N)C(=O)O,1,train,42
808,C[C@H](NC(N[C@@H](CO)C(=O)O)[C@H](C)NC(N[C@@H](C)C(NCC(NCC(=O)O)N[C@@H](CCC(=O)O)C(=O)O)N[C@@H](CC(=O)O)C(=O)O)[C@@H](N)Cc1c[nH]c2ccccc12)C(=O)O,1,train,42
809,N=C(N)NCCC[C@H](NC(NCC(O)N[C@@H](CS)C(=O)O)[C@H](CCCNC(=N)N)NC(N[C@@H](CC(N)NCC(=O)O)C(N[C@@H](CC(=O)O)C(=O)O)N1CCC[C@H]1C(=O)O)[C@@H](N)CS)C(=O)O,1,test,42
810,N=C(N)NCCC[C@H](NC(CC[C@H](NC(NCC(N[C@@H](CCCNC(=N)N)C(=O)O)N1CCC[C@H]1C(=O)O)[C@@H](N)CCCNC(=N)N)C(=O)O)N1CCC[C@H]1C(=O)O)C(=O)O,1,train,42
811,CCC(C)[C@H](NC(N[C@@H](Cc1c[nH]c2ccccc12)C(N[C@@H](CCCNC(=N)N)C(N[C@@H](C)C(=O)O)N[C@@H](CCCNC(=N)N)C(=O)O)N1CCC[C@H]1C(N[C@@H](CO)C(=O)O)N[C@@H](CC(N)=O)C(=O)O)[C@@H](N)Cc1ccc(N[C@@H](C(C)N[C@@H](CCSC)C(NCC(NCC(=O)O)NCC(=O)O)N[C@@H](C(C)NCC(=O)O)C(NCC(=O)O)N[C@@H](CCCNC(=N)N)C(=O)O)C(N[C@@H](CCC(N[C@@H](CC(N[C@@H](CCCNC(=N)N)C(=O)O)N[C@@H](CCCNC(=N)N)C(=O)O)C(N[C@@H](CCCNC(=N)N)C(=O)O)N[C@@H](CCCNC(=N)N)C(=O)O)N[C@H](C(=O)O)C(C)CC)C(N[C@@H](Cc2ccccc2)C(=O)O)N[C@H](C(=O)O)C(C)O)N2CCC[C@H]2C(N[C@@H](CS)C(N[C@@H](CCCNC(=N)N)C(=O)O)N[C@@H](CCCNC(=N)N)C(=O)O)N2CCC[C@H]2C(N[C@@H](CCCNC(=N)N)C(=O)O)N[C@@H](CCCNC(=N)N)C(=O)O)cc1)C(N[C@@H](CC(N)N[C@@H](CC(N)=O)C(=O)O)C(N[C@@H](CO)C(=O)O)N[C@@H](CCCNC(=N)N)C(=O)O)N1CCC[C@H]1C(NCC(=O)O)N[C@@H](CCCCN)C(=O)O,1,train,42
812,CCC(C)[C@H](NC(NCC(N[C@@H](CO)C(=O)O)N[C@@H](CC(N)=O)C(=O)O)[C@@H]1CCCN1)C(N[C@@H](CCC(O)N[C@H](C(=O)O)C(C)O)C(=O)O)N[C@@H](CN[C@@H](CCC(=O)O)C(=O)O)C(N[C@@H](CCCCN)C(=O)O)N[C@H](C(=O)O)C(C)O,1,train,42
813,C[C@H](NC(N[C@@H](Cc1ccc(N[C@@H](CCCCN)C(O)N[C@@H](CCCNC(=N)N)C(=O)O)cc1)C(N[C@@H](CCCCN)C(=O)O)N[C@@H](CCCNC(=N)N)C(=O)O)[C@@H](N)CS)C(NCC(N[C@@H](CCCNC(=N)N)C(=O)O)N[C@@H](CCC(N)=O)C(=O)O)N[C@@H](CCCNC(=N)N)C(N[C@@H](CCCNC(=N)N)C(=O)O)N[C@@H](CCCNC(=N)N)C(=O)O,1,train,42
814,N=C(N)NCCC[C@H](NC(N[C@@H](Cc1c[nH]c2ccccc12)C(N[C@@H](CCCCN)C(=O)O)N[C@@H](CC(N)=O)C(=O)O)[C@@H](N)CCCNC(=N)N)C(=O)O,1,train,42
815,CC(C)C[C@H](NC(N[C@@H](C)C(=O)O)[C@H](CS)NC(N[C@@H](CCCCN)C(NCC(=O)O)N[C@H](C(=O)O)C(C)C)[C@H](C)Nc1ccc(C[C@H](N)C(N[C@@H](CN[C@@H](Cc2ccccc2)C(N[C@@H](CS)C(=O)O)N[C@H](C(=O)O)C(C)O)C(N[C@@H](CCCNC(=N)N)C(=O)O)N[C@@H](Cc2ccc(O)cc2)C(=O)O)N2CCC[C@H]2C(N[C@@H](CC(N)=O)C(=O)O)N2CCC[C@H]2C(=O)O)cc1)C(=O)O,1,train,42
816,C[C@H](NC(CNC(N[C@@H](C)C(NCC(=O)O)N[C@@H](CO)C(=O)O)[C@H](C)N)N[C@@H](CC(O)N[C@@H](CCC(=O)O)C(=O)O)C(=O)O)C(=O)O,1,train,42
817,C[C@H](NC(N[C@@H](CCCCN)C(=O)O)[C@H](CCCNC(=N)N)NC(N[C@@H](CCC(=O)O)C(=O)O)[C@@H](N)CS)C(=O)O,1,train,42
818,CCC(C)[C@H](NC(CN)NCC(N[C@@H](CC(C)C)C(NCC(O)N[C@@H](CCC(N)=O)C(=O)O)N[C@@H](CC(C)C)C(=O)O)N[C@@H](CCCCN)C(N[C@@H](C)C(=O)O)N1CCC[C@H]1C(=O)O)C(N[C@@H](C(C)C)C(N[C@@H](C(C)N[C@@H](CCCCN)C(=O)O)C(N[C@@H](CCCNC(=N)N)C(=O)O)N[C@@H](CCC(N)=O)C(=O)O)N[C@@H](C(C)N[C@H](C(=O)O)C(C)CC)C(N[C@@H](CCCCN)C(=O)O)N[C@@H](CCCNC(=N)N)C(=O)O)N[C@@H](C)C(N[C@@H](C(C)C)C(N[C@@H](CC(C)C)C(=O)O)N[C@H](C(=O)O)C(C)CC)N[C@@H](CC(C)C)C(N[C@@H](CO)C(=O)O)N[C@@H](Cc1c[nH]c2ccccc12)C(=O)O,1,train,42
819,CCC(C)[C@H](NC(N[C@@H](CC(N[C@@H](C(C)N[C@@H](C)C(=O)O)C(NCC(=O)O)NCC(=O)O)N[C@@H](Cc1ccccc1)C(N[C@@H](CCCNC(=N)N)C(=O)O)N[C@@H](CCCCN)C(O)N[C@@H](CCCNC(=N)N)C(=O)O)C(N[C@@H](CC(N)NCC(=O)O)C(NCC(=O)O)N[C@@H](CCCNC(=N)N)C(=O)O)N[C@@H](CN[C@@H](CCCNC(=N)N)C(=O)O)C(N[C@@H](CCCNC(=N)N)C(=O)O)N[C@@H](CCCNC(=N)N)C(=O)O)[C@@H](N)CS)C(NCC(N[C@@H](CCCNC(=N)N)C(=O)O)N[C@@H](CCCNC(=N)N)C(=O)O)N[C@@H](CCCNC(=N)N)C(N[C@@H](CCCNC(=N)N)C(=O)O)N[C@@H](CCCNC(=N)N)C(=O)O,1,train,42
820,CCC(C)[C@H](NC(N[C@@H](CN[C@H](C(=O)O)C(C)CC)C(NCC(=O)O)N[C@@H](CC(=O)O)C(=O)O)[C@H](CC(C)C)NC(N[C@@H](CN[C@@H](Cc1ccccc1)C(=O)O)C(N[C@@H](CO)C(=O)O)N[C@@H](CCCNC(=N)N)C(=O)O)[C@@H]1CCCN1)C(O)N1CCC[C@H]1C(=O)O,1,train,42
821,CC(C)C[C@H](NC(N[C@@H](CCC(=O)O)C(=O)O)[C@H](CN[C@@H](CC(=O)O)C(=O)O)NC(C[C@H](N)C(N[C@@H](C)C(O)N[C@@H](CS)C(=O)O)N[C@@H](Cc1cnc[nH]1)C(N[C@@H](CCCNC(=N)N)C(=O)O)N[C@@H](Cc1ccc(O)cc1)C(=O)O)N[C@@H](CN[C@@H](Cc1ccccc1)C(=O)O)C(N[C@@H](CC(C)C)C(=O)O)N[C@H](C(=O)O)C(C)O)C(=O)O,1,train,42
822,CCC(C)[C@H](NC(N)C[C@H](NC(N[C@@H](CCCNC(=N)N)C(N[C@@H](CC(N)=O)C(=O)O)N1CCC[C@H]1C(=O)O)[C@H](CCC(N[C@@H](Cc1c[nH]c2ccccc12)C(N[C@@H](Cc1ccccc1)C(NCC(=O)O)N[C@@H](CC(C)C)C(=O)O)N1CCC[C@H]1C(N[C@@H](C)C(=O)O)N1CCC[C@H]1C(=O)O)N1CCC[C@H]1C(N[C@@H](C(C)N[C@@H](Cc1c[nH]c2ccccc12)C(=O)O)C(N[C@@H](CS)C(=O)O)N[C@@H](CCCNC(=N)N)C(=O)O)N[C@@H](CCCCN)C(N[C@@H](CC(N)=O)C(=O)O)N[C@@H](CC(C)C)C(=O)O)NC(N[C@@H](Cc1c[nH]c2ccccc12)C(N[C@@H](CCCCN)C(N[C@@H](CCCNC(=N)N)C(=O)O)N1CCC[C@H]1C(=O)O)N1CCC[C@H]1C(N[C@@H](CCCCN)C(=O)O)N[C@@H](CC(=O)O)C(=O)O)[C@@H](N)Cc1c[nH]c2ccccc12)C(N[C@@H](CN[C@@H](CS)C(=O)O)C(=O)O)N1CCC[C@H]1C(NCC(=O)O)N[C@@H](CCCNC(=N)N)C(=O)O)C(NCC(=O)O)N[C@@H](Cc1c[nH]c2ccccc12)C(=O)O,1,train,42
823,CC(C)C[C@H](NC(N[C@@H](CN[C@@H](C)C(=O)O)C(N[C@@H](Cc1ccc(O)cc1)C(=O)O)N[C@H](C(=O)O)C(C)O)[C@@H](NC(N[C@@H](Cc1ccccc1)C(N[C@@H](CS)C(NCC(=O)O)N[C@@H](CCCCN)C(=O)O)N[C@@H](CC(N)N[C@@H](C)C(=O)O)C(N[C@@H](CS)C(=O)O)N1CCC[C@H]1C(=O)O)[C@@H](N)CCCNC(=N)N)C(C)C)C(N[C@@H](Cc1ccc(O)cc1)C(=O)O)N1CCC[C@H]1C(=O)O,1,train,42
824,CC(C)C[C@H](NC(NCC(=O)O)[C@@H](NC(N[C@@H](CC(C)C)C(N[C@@H](CCCCN)C(O)N[C@@H](C)C(=O)O)N[C@@H](CCCNC(=N)N)C(N[C@@H](CCCCN)C(=O)O)N[C@@H](CC(C)C)C(=O)O)[C@@H](N)CCCNC(=N)N)C(C)N[C@@H](CCCNC(=N)N)C(=O)O)C(=O)O,1,train,42
825,CCC(C)[C@H](NC(N[C@@H](CC(N[C@@H](Cc1ccccc1)C(N[C@@H](CCCCN)C(=O)O)N[C@@H](CCCNC(=N)N)C(=O)O)N[C@H](C(=O)O)C(C)N[C@@H](C)C(=O)O)C(N[C@@H](CO)C(=O)O)N[C@@H](CC(N)=O)C(=O)O)[C@@H](N)CS)C(NCC(=O)O)N[C@@H](CCCNC(=N)N)C(=O)O,1,train,42
826,CC(C)C[C@H](NC[C@H](NC(N[C@@H](CCCCN)C(NCC(=O)O)N[C@H](C(=O)O)C(C)C)[C@H](C)Nc1ccc(C[C@H](N)C(N[C@@H](CN[C@@H](Cc2ccccc2)C(O)N[C@H](C(=O)O)C(C)O)C(N[C@@H](CCCNC(=N)N)C(=O)O)N[C@@H](Cc2ccc(O)cc2)C(=O)O)N2CCC[C@H]2C(N[C@@H](CC(N)=O)C(=O)O)N2CCC[C@H]2C(=O)O)cc1)C(N[C@@H](C)C(=O)O)N[C@@H](CS)C(=O)O)C(=O)O,1,train,42
827,NCCCCC(C(=O)NC(C(=O)NC(C(=O)NC(C(=O)NC(C(=O)NC(C(=O)NC(C(=O)NC(C(=O)NC(C(=O)NC(C(=O)NC(C(=O)NC(C(=O)NC(C(=O)N)CC(C)C)C(C)C)C)C)CC(C)C)Cc1ccc(cc1)O)CCCCN)CCCCN)C(C)C)C)CCSC)CCC(=O)N)NC(=O)C(NC(=O)C(NC(=O)C(NC(=O)C(NC(=O)C(NC(=O)C(NC(=O)C(NC(=O)C(C(O)C)NC(=O)C(NC(=O)C(C(CC)C)NC(=O)CNC(=O)C(NC(=O)C(NC(=O)C(Cc1[nH]cnc1)N)CO)CC(=O)O)Cc1ccccc1)CC(=O)O)CO)Cc1ccc(cc1)O)CO)CCCNC(=N)N)Cc1ccc(cc1)O)CCCNC(=N)N,1,train,42
828,CC[C@H](C)[C@@H](C(=O)N[C@@H](CC1=CC=CC=C1)C(=O)N[C@@H]([C@@H](C)O)C(=O)N[C@@H](CC(=O)O)C(=O)N[C@@H](CO)C(=O)N[C@@H](CC2=CC=C(C=C2)O)C(=O)N[C@@H](CO)C(=O)N[C@@H](CCCNC(=N)N)C(=O)N[C@@H](CC3=CC=C(C=C3)O)C(=O)N[C@@H](CCCNC(=N)N)C(=O)N[C@@H](CCCCN)C(=O)N[C@@H](CCC(=O)N)C(=O)N[C@@H](CCSC)C(=O)N[C@@H](C)C(=O)N[C@@H](C(C)C)C(=O)N[C@@H](CCCCN)C(=O)N[C@@H](CCCCN)C(=O)N[C@@H](CC4=CC=C(C=C4)O)C(=O)N[C@@H](CC(C)C)C(=O)N[C@@H](C)C(=O)N[C@@H](C)C(=O)N[C@@H](C(C)C)C(=O)N[C@@H](CC(C)C)C(=O)NCC(=O)N[C@@H](CCCCN)C(=O)N[C@@H](CCCNC(=N)N)C(=O)N[C@@H](CC5=CC=C(C=C5)O)C(=O)N[C@@H](CCCCN)C(=O)N[C@@H](CCC(=O)N)C(=O)N[C@@H](CCCNC(=N)N)C(=O)N[C@@H](C(C)C)C(=O)N[C@@H](CCCCN)C(=O)N[C@@H](CC(=O)N)C(=O)N[C@@H](CCCCN)C(=O)N)NC(=O)CNC(=O)[C@H](CC(=O)O)NC(=O)[C@H](CO)NC(=O)[C@H](CC6=CNC=N6)N,1,val,42
829,O=C(N)CNC(=O)C(NC(=O)C(NC(=O)C(NC(=O)C(NC(=O)C(NC(=O)C(N)Cc1ccc(O)cc1)C)Cc2ccccc2)CCC(=O)O)C(C)C)C(C)C,1,train,42
830,N[C@@H](Cc1ccc(O)cc1)C(=O)N1CCC[C@H]1C(=O)N[C@@H](Cc1c[nH]c2ccccc12)C(=O)N[C@@H](Cc1ccccc1)C(N)=O,1,train,42
831,CC(=O)N[C@@H](CC1=CC=C(C=C1)O)C(=O)N2CCC[C@H]2C(=O)N[C@@H](CC3=CC=CC=C3)C(=O)N[C@@H](CC4=CC=CC=C4)C(=O)N.CC(=O)O,1,train,42
832,O=C(NCC)[C@H](NC(=O)[C@@H](N(C(=O)[C@@H](NC(=O)[C@@H](NC(=O)[C@H](NC(=O)CNC(=O)CNC(=O)[C@@H](NC)Cc1ccc(O)cc1)Cc2ccccc2)CC(C)C)CCCNC(=[N@H])N)C)CCCNC(=[N@H])N)CC(C)C,1,train,42
833,CCC(C)[C@H](NC(N[C@@H](CCC(=O)O)C(=O)O)[C@H](CC(C)C)NC(C[C@H](NC(N[C@@H](CNCC(N[C@H](C(=O)O)C(C)C)N[C@H](C(=O)O)C(C)C)C(N[C@@H](CS)C(NCC(=O)O)N[C@@H](CCC(=O)O)C(=O)O)N[C@@H](Cc1ccc(NCC(=O)O)cc1)C(N[C@@H](Cc1ccc(O)cc1)C(=O)O)N[C@H](C(=O)O)C(C)CC)[C@@H](N)CC(N)N[C@@H](CN[C@@H](CCC(N[C@@H](Cc1cnc[nH]1)C(N[C@@H](CCC(N)=O)C(=O)O)N[C@@H](Cc1ccc(O)cc1)C(=O)O)N[C@@H](CC(C)C)C(N[C@@H](CS)C(=O)O)N[C@@H](CCCNC(=N)N)C(=O)O)C(NCC(N[C@@H](Cc1c[nH]c2ccccc12)C(=O)O)N[C@@H](Cc1c[nH]c2ccccc12)C(=O)O)N[C@@H](CC(N[C@@H](CCCNC(=N)N)C(=O)O)N[C@@H](CC(=O)O)C(=O)O)C(N[C@@H](CCCCN)C(=O)O)N[C@@H](CC(C)C)C(=O)O)C(N[C@@H](CS)C(N[C@@H](C(C)C)C(N[C@@H](CCC(=O)O)C(=O)O)N[C@@H](CC(C)C)C(=O)O)N[C@@H](CS)C(O)N[C@@H](CCCNC(=N)N)C(=O)O)N1CCC[C@H]1C(N[C@@H](CCSC)C(=O)O)N[C@@H](Cc1ccc(O)cc1)C(=O)O)C(N[C@@H](Cc1cnc[nH]1)C(N[C@@H](CCCCN)C(=O)O)N[C@@H](Cc1ccc(O)cc1)C(=O)O)N[C@@H](CC(N[C@@H](C)C(=O)O)N[C@@H](CS)C(=O)O)C(N[C@@H](CS)C(=O)O)N[C@@H](CC(N)=O)C(=O)O)N[C@@H](CN[C@@H](C)C(=O)O)C(N[C@@H](CC(=O)O)C(=O)O)N[C@@H](CC(C)C)C(=O)O)C(=O)O,1,test,42
834,CCC(C)[C@H](NC(NCC(NCC(N[C@@H](C)C(N[C@@H](CCCNC(=N)N)C(=O)O)N[C@@H](CC(N)=O)C(=O)O)N[C@@H](CC(C)C)C(N[C@@H](CCCCN)C(=O)O)N[C@@H](CCC(N)=O)C(=O)O)N1CCC[C@H]1C(N[C@@H](C)C(NCC(=O)O)N[C@@H](CO)C(=O)O)N[C@@H](CN[C@@H](C)C(=O)O)C(N[C@@H](CCCNC(=N)N)C(=O)O)N[C@H](C(=O)O)C(C)C)[C@H](CC(C)C)NC(CN)NCC(N1CCC[C@H]1C(N[C@@H](C(C)C)C(N[C@@H](CCCCN)C(=O)O)N[C@@H](CCC(=O)O)C(=O)O)N[C@@H](C)C(N[C@@H](CCCCN)C(=O)O)N[C@@H](Cc1ccc(O)cc1)C(=O)O)N1CCC[C@H]1C(NCC(N[C@@H](CCSC)C(=O)O)N1CCC[C@H]1C(=O)O)N[C@@H](CC(C)C)C(N[C@H](C(=O)O)C(C)C)N[C@H](C(=O)O)C(C)CC)C(N[C@@H](CN[C@@H](CN[C@@H](CS)C(=O)O)C(O)N[C@H](C(=O)O)C(C)CC)C(N[C@@H](CCC(N)=O)C(=O)O)N[C@@H](CCC(N)=O)C(=O)O)N[C@@H](CCC(N)N[C@@H](C(C)C)C(N[C@@H](CCC(N)=O)C(=O)O)N1CCC[C@H]1C(=O)O)C(N[C@@H](C(C)CC)C(NCC(=O)O)N[C@H](C(=O)O)C(C)O)N[C@@H](CC(N[C@@H](C)C(=O)O)N1CCC[C@H]1C(=O)O)C(N[C@@H](CCC(N)=O)C(=O)O)N1CCC[C@H]1C(=O)O,1,train,42
835,CC(C)C[C@@H](C(=O)N[C@@H](CCCN=C(N)N)C(=O)N1CCC[C@H]1C(=O)NCC(=O)O)NC(=O)CNC(=O)[C@H](CC2=CC=C(C=C2)O)NC(=O)[C@H](CO)NC(=O)[C@H](CC3=CNC4=CC=CC=C43)NC(=O)[C@H](CC5=CN=CN5)NC(=O)[C@@H]6CCC(=O)N6,1,train,42
836,CC(C)[C@@H](C(=O)O)NC(=O)[C@@H]1CCCN1C(=O)[C@H](CCCCN)NC(=O)CNC(=O)[C@H](CC2=CNC3=CC=CC=C32)NC(=O)[C@H](CCCN=C(N)N)NC(=O)[C@H](CC4=CC=CC=C4)NC(=O)[C@H](CC5=CN=CN5)NC(=O)[C@H](CCC(=O)O)NC(=O)[C@H](CCSC)NC(=O)[C@H](CO)NC(=O)[C@H](CC6=CC=C(C=C6)O)NC(=O)[C@H](CO)NC(=O)C,1,train,42
837,N[C@@H](CCC(NCC(=O)O)N[C@@H](CS)C(=O)O)C(=O)O,1,test,42
838,O=C(NCCO)C(N(C(=O)CNC(=O)C(NC(=O)C(N)Cc1ccc(O)cc1)C)C)Cc2ccccc2,1,train,42
839,CC(C)C[C@@H](C(=O)N[C@@H](CCSC)C(=O)N)NC(=O)CNC(=O)[C@H](CC1=CC=CC=C1)NC(=O)[C@H](CC2=CC=CC=C2)NC(=O)[C@H](CCC(=O)N)NC(=O)[C@H](CCC(=O)N)NC(=O)[C@@H]3CCCN3C(=O)[C@H](CCCCN)NC(=O)[C@@H]4CCCN4C(=O)[C@H](CCCN=C(N)N)N,1,train,42
840,N=C(N)NCCC[C@H](Nc1ccc(C[C@H](N)C(=O)O)cc1)C(=O)O,1,train,42
841,CCC(C)[C@H](NC(CC[C@H](NC(N[C@@H](Cc1ccc(N[C@@H](CC(N)=O)C(=O)O)cc1)C(NCC(=O)O)N[C@@H](CCCCN)C(=O)O)[C@H](CCC(NCC(NCC(=O)O)N[C@@H](CO)C(=O)O)N[C@@H](CN[C@@H](CCC(=O)O)C(=O)O)C(N[C@@H](CC(=O)O)C(=O)O)N[C@H](C(=O)O)C(C)C)NC(C[C@H](N)C(N[C@@H](Cc1ccccc1)C(N[C@@H](C(C)C)C(NCC(=O)O)N[C@@H](CC(C)C)C(=O)O)N[C@@H](Cc1cnc[nH]1)C(N[C@@H](CCSC)C(=O)O)N[C@H](C(=O)O)C(C)C)N[C@@H](CCCNC(=N)N)C(N[C@@H](CCC(N)N[C@H](C(=O)O)C(C)C)C(O)N[C@H](C(=O)O)C(C)C)N[C@@H](Cc1cnc[nH]1)C(NCC(=O)O)NCC(=O)O)N[C@@H](C)C(N[C@@H](CC(N[C@@H](Cc1ccccc1)C(=O)O)N[C@H](C(=O)O)C(C)C)C(N[C@@H](C)C(=O)O)N[C@@H](Cc1ccccc1)C(=O)O)N[C@@H](Cc1cnc[nH]1)C(N[C@@H](CCCCN)C(=O)O)N[C@@H](CC(C)C)C(=O)O)C(NCC(=O)O)N[C@H](C(=O)O)C(C)CC)N[C@@H](C)C(=O)O)C(=O)O,1,val,42
842,O=C(O)CNC(O)[C@H](Cc1ccccc1)NC([C@@H]1CCCN1)N1CCC[C@H]1C(=O)O,1,train,42
843,NCC(N[C@@H](CCC(=O)O)C(=O)O)N1CCC[C@H]1C(=O)O,1,train,42
844,NCC(O)N1CCC[C@H]1C(=O)O,1,train,42
845,CC([C@H](N)C(=O)O)N1CCC[C@H]1C(=O)O,1,train,42
846,CC(C)C[C@H](NC([C@@H]1CCCN1)N1CCC[C@H]1C(=O)O)C(=O)O,1,train,42
847,CSCC[C@H](NC(CC[C@H](NC(N[C@@H](CCCNC(=N)N)C(=O)O)[C@@H](N)CCCNC(=N)N)C(=O)O)N[C@@H](CO)C(=O)O)C(=O)O,1,train,42
848,CC(NCC(N[C@@H](CCC(=O)O)C(=O)O)N[C@@H](Cc1ccc(O)cc1)C(=O)O)[C@H](NC(CNC(NCC(N[C@@H](Cc1ccccc1)C(NCC(=O)O)N[C@@H](CCCCN)C(=O)O)N[C@@H](Cc1ccccc1)C(N[C@@H](CCCNC(=N)N)C(=O)O)N[C@@H](CC(N)=O)C(=O)O)[C@@H](N)CS)N[C@@H](CCCCN)C(NCC(N[C@@H](CCC(=O)O)C(=O)O)N[C@H](C(=O)O)C(C)O)N[C@@H](Cc1ccc(N[C@@H](CC(N)=O)C(=O)O)cc1)C(N[C@@H](CCCCN)C(=O)O)N[C@@H](Cc1ccccc1)C(=O)O)C(N[C@@H](CO)C(=O)O)N[C@@H](CCCNC(=N)N)C(=O)O,1,train,42
849,CCC(C)[C@H](NC([C@@H](NC([C@H](CCC(N)N[C@@H](Cc1ccccc1)C(N[C@@H](C(C)C)C(N[C@@H](Cc1cnc[nH]1)C(=O)O)N[C@@H](CC(C)C)C(=O)O)N[C@@H](Cc1cnc[nH]1)C(N[C@@H](Cc1cnc[nH]1)C(=O)O)N[C@@H](CC(C)C)C(=O)O)NC(N[C@@H](Cc1c[nH]c2ccccc12)C(N[C@@H](CN[C@@H](C)C(N[C@H](C(=O)O)C(C)C)N[C@H](C(=O)O)C(C)O)C(N[C@@H](CCCCN)C(NCC(=O)O)N[C@@H](CCCCN)C(=O)O)N[C@@H](CCCNC(=N)N)C(N[C@@H](Cc1cnc[nH]1)C(=O)O)N[C@H](C(=O)O)C(C)CC)N1CCC[C@H]1C(NCC(N[C@@H](CCCNC(=N)N)C(=O)O)N[C@@H](CCC(=O)O)C(=O)O)N[C@@H](CCCCN)C(N[C@H](C(=O)O)C(C)C)N[C@H](C(=O)O)C(C)O)[C@H](CCCCN)NC(N[C@@H](CCCCN)C(N[C@@H](Cc1ccccc1)C(N[C@@H](C)C(N[C@@H](CC(N)=O)C(=O)O)N[C@H](C(=O)O)C(C)CC)N[C@@H](CCCNC(=N)N)C(N[C@@H](CC(=O)O)C(=O)O)N[C@@H](CC(C)C)C(=O)O)N[C@@H](CC(N)N[C@@H](CC(N[C@@H](CS)C(=O)O)N[C@H](C(=O)O)C(C)O)C(N[C@@H](CCCNC(=N)N)C(=O)O)N[C@H](C(=O)O)C(C)C)C(N[C@@H](CCC(N[C@@H](CCSC)C(=O)O)N1CCC[C@H]1C(=O)O)C(N[C@@H](C)C(=O)O)N[C@@H](CCCNC(=N)N)C(=O)O)N1CCC[C@H]1C(N[C@@H](CCC(=O)O)C(=O)O)N1CCC[C@H]1C(=O)O)[C@@H](N)Cc1cnc[nH]1)N1CCC[C@H]1C(N[C@@H](Cc1ccccc1)C(=O)O)N1CCC[C@H]1C(=O)O)C(C)C)N1CCC[C@H]1C(O)N[C@@H](Cc1cnc[nH]1)C(=O)O)C(N[C@@H](CC(=O)O)C(=O)O)N1CCC[C@H]1C(=O)O,1,train,42
850,CC(C)C[C@H](NC(N)C[C@H](NC(N[C@@H](CC(C)C)C(N[C@@H](Cc1cnc[nH]1)C(=O)O)N[C@H](C(=O)O)C(C)O)[C@H](CC(C)C)NC(N[C@@H](Cc1ccc(N[C@H](C(=O)O)C(C)O)cc1)C(N[C@@H](C)C(=O)O)N[C@@H](CO)C(=O)O)[C@@H](N)Cc1cnc[nH]1)C(O)NCC(=O)O)C(=O)O,1,test,42
851,CCC(C)[C@H](NC(N[C@@H](Cc1ccc(N[C@H](C(=O)O)C(C)O)cc1)C(N[C@@H](C)C(=O)O)N[C@@H](CCCNC(=N)N)C(=O)O)[C@@H]1CCCN1C(N[C@@H](C(C)C)C(NCC(=O)O)N[C@@H](CCC(=O)O)C(=O)O)[C@@H](N)Cc1c[nH]c2ccccc12)C(N[C@@H](C)C(=O)O)N[C@H](C(=O)O)C(C)C,1,train,42
852,CCC(C)[C@H](NC(N[C@@H](C(C)C)C(O)N[C@@H](C)C(=O)O)[C@@H](N)C(C)C)C(=O)O,1,test,42
853,CCC(C)[C@H](NC(N[C@@H](Cc1ccccc1)C(O)N[C@@H](C)C(=O)O)[C@@H](N)Cc1ccccc1)C(=O)O,1,train,42
854,CCC(C)[C@H](NC(N[C@@H](CC(C)C)C(=O)O)[C@H](C)NC(N[C@@H](Cc1ccc(N[C@@H](Cc2ccc(N[C@@H](Cc3c[nH]c4ccccc34)C(=O)O)cc2)C(NCC(=O)O)N[C@@H](C)C(=O)O)cc1)C(N[C@@H](Cc1ccc(N[C@@H](CCCCN)C(=O)O)cc1)C(N[C@@H](CCCNC(=N)N)C(=O)O)N[C@@H](Cc1c[nH]c2ccccc12)C(=O)O)N[C@@H](CCSC)C(N[C@@H](CC(C)C)C(=O)O)N[C@H](C(=O)O)C(C)CC)[C@@H](N)C(C)C)C(=O)O,1,train,42
855,CCC(C)[C@H](NC(N[C@@H](CC(C)C)C(=O)O)[C@H](C)NC(N[C@@H](Cc1ccc(N[C@@H](Cc2ccc(N[C@@H](Cc3c[nH]c4ccccc34)C(=O)O)cc2)C(N[C@@H](CO)C(=O)O)N[C@@H](CCCCN)C(=O)O)cc1)C(N[C@@H](Cc1ccc(N[C@@H](CO)C(=O)O)cc1)C(O)N[C@@H](CCCCN)C(=O)O)N[C@@H](CCSC)C(N[C@@H](CO)C(=O)O)N[C@@H](CCCCN)C(=O)O)[C@@H](N)C(C)C)C(=O)O,1,train,42
856,CCC(C)[C@H](NC(NCC(N[C@@H](CCCCN)C(N[C@@H](CC(C)C)C(=O)O)N[C@H](C(=O)O)C(C)C)N[C@@H](CC(C)C)C(N[C@@H](CCCCN)C(O)N[C@H](C(=O)O)C(C)C)N[C@H](C(=O)O)C(C)O)[C@H](C)N)C(N[C@@H](Cc1c[nH]c2ccccc12)C(N[C@@H](CC(C)C)C(=O)O)N[C@H](C(=O)O)C(C)C)N[C@@H](CCCNC(=N)N)C(N[C@@H](CC(C)C)C(=O)O)N[C@H](C(=O)O)C(C)CC,1,test,42
857,CCC(C)[C@H](NC[C@H](NC(N[C@@H](CCCCN)C(O)N[C@H](C(=O)O)C(C)C)[C@H](CCCCN)NC[C@H](N)C(N[C@@H](CCCCN)C(N[C@@H](CC(C)C)C(=O)O)N[C@H](C(=O)O)C(C)C)N[C@@H](CN[C@@H](CCCCN)C(=O)O)C(N[C@@H](CC(C)C)C(=O)O)N[C@H](C(=O)O)C(C)O)C(N[C@@H](CC(C)C)C(=O)O)N[C@H](C(=O)O)C(C)C)C(=O)O,1,train,42
858,CCC(C)[C@H](NC[C@H](N)C(N[C@@H](Cc1c[nH]c2ccccc12)C(=O)O)N[C@H](C(=O)O)C(C)C)C(=O)O,1,test,42
859,C[C@H](NC(CNC(NCC(NCC(=O)O)N[C@@H](CO)C(=O)O)[C@H](C)N)N[C@@H](CC(O)N[C@@H](CCC(=O)O)C(=O)O)C(=O)O)C(=O)O,1,train,42
860,CC(C)C[C@H](NC(N[C@@H](Cc1ccc(O)cc1)C(=O)O)[C@@H](NC(NCC(N[C@@H](C(C)C)C(N[C@@H](CO)C(=O)O)N[C@@H](CCCCN)C(=O)O)N[C@@H](CNCC(=O)O)C(N[C@@H](C)C(=O)O)N[C@@H](CCCNC(=N)N)C(=O)O)[C@H](C)NC(N[C@@H](CC(N[C@@H](C(C)N[C@@H](C)C(=O)O)C(N[C@@H](C)C(=O)O)N[C@@H](CCCCN)C(=O)O)N[C@@H](Cc1ccc(N[C@@H](CCC(N)=O)C(=O)O)cc1)C(N[C@@H](CCC(N)=O)C(=O)O)N[C@@H](CC(=O)O)C(=O)O)C(N[C@@H](C(C)C)C(N[C@@H](CC(=O)O)C(=O)O)N[C@@H](Cc1ccccc1)C(=O)O)N[C@@H](CC(N[C@@H](CO)C(=O)O)N[C@H](C(=O)O)C(C)C)C(N[C@@H](Cc1c[nH]c2ccccc12)C(=O)O)N[C@@H](CC(C)C)C(=O)O)[C@@H](N)Cc1cnc[nH]1)C(C)N[C@H](C(=O)O)C(C)O)C(=O)O,1,train,42
861,N[C@@H](Cc1ccccc1)C(NCC(=O)O)N1CCC[C@H]1C(O)N1CCC[C@H]1C(=O)O,1,train,42
862,N[C@@H](Cc1cnc[nH]1)C(N[C@@H](Cc1ccccc1)C(NCC(=O)O)N1CCC[C@H]1C(=O)O)N1CCC[C@H]1C(=O)O,1,train,42
863,N[C@@H](CCC(N[C@@H](Cc1ccccc1)C(=O)O)N[C@@H](Cc1cnc[nH]1)C(O)N1CCC[C@H]1C(=O)O)C(NCC(=O)O)N1CCC[C@H]1C(=O)O,1,train,42
864,CC(N[C@@H](CCCCN)C(N[C@@H](Cc1cnc[nH]1)C(=O)O)N[C@H](C(=O)O)C(C)C)[C@H](N)C(NCC(=O)O)N[C@@H](Cc1c[nH]c2ccccc12)C(N[C@@H](CCCCN)C(=O)O)N[C@@H](CC(N)=O)C(=O)O,1,train,42
865,NCC(N[C@@H](CS)C(=O)O)N[C@@H](Cc1ccccc1)C(=O)O,1,train,42
866,CC(C)C[C@H](NC(C)[C@H](NC(N[C@@H](Cc1c[nH]c2ccccc12)C(O)N[C@@H](CCCNC(=N)N)C(=O)O)[C@H](C)N)C(N1CCC[C@H]1C(=O)O)N1CCC[C@H]1C(=O)O)C(=O)O,1,test,42
867,N[C@@H](CCC(N[C@@H](CCC(N[C@@H](CCC(=O)O)C(=O)O)N[C@@H](CCC(=O)O)C(=O)O)C(=O)O)N[C@@H](CCC(N[C@@H](CCC(=O)O)C(=O)O)N[C@@H](CCC(=O)O)C(=O)O)C(N[C@@H](CCC(=O)O)C(=O)O)N[C@@H](CCC(=O)O)C(=O)O)C(N[C@@H](CCC(=O)O)C(=O)O)N[C@@H](CCC(=O)O)C(=O)O,1,train,42
868,COCN1C(=O)CN=C(c2ccccc2)c2cc([N+](=O)[O-])ccc21,1,train,42
869,CNC(=O)O[C@H]1OC(=O)[C@@]2(C)[C@@H]1[C@H]1C=C[C@@H]2C1,1,train,42
870,CC1=CC(=C2C=CC(=O)C=C2)NN=C1NCCN1CCOCC1,1,train,42
871,CCCCCCCCCCCCCC(=O)O[C@H]1C=C[C@H]2[C@H]3Cc4ccc(OCc5ccccc5)c5c4[C@@]2(CCN3C)[C@H]1O5,1,test,42
872,CCCCCC(C)C(C)c1cc(OC(=O)CCCN2CCCCCC2)c2c(c1)OC(C)(C)C1=C2CC(C)CC1,1,val,42
873,CCCCCCC(C)(C)c1cc(O)c2c(c1)OC(C)(C)[C@@H]1CCC(=O)C[C@@H]21,1,train,42
874,O=C(Cn1ccnc1)c1ccc2ccccc2c1,1,train,42
875,C[C@]12C=CC(=O)C=C1CC[C@H]1[C@@H]3C[C@H]4Cc5ccccc5C[C@@]4(C(=O)CO)[C@@]3(C)C[C@H](O)[C@@]12F,1,train,42
876,C=C1CC[C@@]2(O)[C@H]3Cc4ccc(O)c5c4[C@@]2(CCN3CC2CC2)[C@H]1O5,1,train,42
877,CC(C)=CCN1CC[C@]23c4c5ccc(O)c4O[C@H]2C(=O)CC[C@@]3(O)[C@H]1C5,1,train,42
878,CN=C(Cc1ccc2ccccc2c1)[NH2+]C,1,train,42
879,C1=C(CC2=NCNC2)CCc2ccccc21,1,val,42
880,CC(Oc1cccc2ccccc12)/C(N)=N/O,1,train,42
881,CCc1nn(CCCN2CCN(c3cccc(Cl)c3)CC2)c(=O)n1CCOc1ccccc1.[H+],1,train,42
882,Cc1cccc(C)c1NC(=O)CN1CCCC1=O,1,train,42
883,O=C(CCNNC(=O)c1ccncc1)NCc1ccccc1,1,test,42
884,CC(CCN1CCN(c2ccc(F)cc2)CC1)NC(=O)c1cccnc1,1,train,42
885,C/C=C\C1O[C@]2(C(=O)COC(=O)c3ccncc3)CC[C@@]3(O1)[C@@H]1CCC4=CC(=O)CC[C@]4(C)[C@H]1[C@@H](O)C[C@]23C,1,train,42
886,CN1CC[C@]23c4c5ccc(OC(=O)c6cccnc6)c4O[C@H]2[C@@H](OC(=O)c2cccnc2)C=C[C@H]3[C@H]1C5,1,train,42
887,O=C(c1cccnc1)N1CCOCC1,1,train,42
888,NC(=O)c1cccnc1,1,train,42
889,CCN(CC)C(=O)c1cccnc1,1,train,42
890,CN1C(=O)CN=C(c2ccccc2)c2cc([N+](=O)[O-])ccc21,1,train,42
891,CCC(C)C(C)(COC(N)=O)COC(=O)NC(C)C,1,train,42
892,CNCCC(Oc1ccccc1OC)c1ccccc1,1,train,42
893,C#C[C@]1(O)CC[C@H]2C3CCC4=Cc5c(cnn5-c5ccc(F)cc5)CC4(C)[C@H]3CCC21C,1,train,42
894,CNC/C=C(/c1ccc(Br)cc1)c1cccnc1,1,train,42
895,CN1Cc2c(N)cccc2C(c2ccccc2)C1,1,train,42
896,CCCCCCCCCNc1ncnc2[nH]ccc12,1,train,42
897,FCC(F)(F)F,1,train,42
898,Oc1ccc2c3c1OC1C(O)C=CC4C(C2)NCCC341,1,train,42
899,O=C1CN=C(C2=CCCCC2)c2cc(Cl)ccc2N1,1,train,42
900,COc1ccc2c(c1OC)C(=O)O[C@@H]2[C@H]1c2c(cc3c(c2OC)OCO3)CCN1C,1,train,42
901,CN(C)CCON=C1c2ccccc2CCc2ccccc21,1,train,42
902,Clc1ccc2c(c1)/C(=C/C1CN3CCC1CC3)c1ccccc1S2,1,train,42
903,Cc1nc2c(C)cccn2c(=O)c1CCN1CCC(c2noc3cc(F)ccc23)CC1,1,train,42
904,O=C(c1ccccn1)c1cnn2c(-c3ccncc3)ccnc12,1,train,42
905,CCCCCCC(C)NN,1,train,42
906,O=C(CN1CC[C@H](c2ccc(F)cc2)[C@@H](COc2ccc3c(c2)OCO3)C1)c1ccc(F)cc1,1,val,42
907,CC(C)N1CCOC(c2ccc(C(F)(F)F)cc2)C1,1,train,42
908,NC(=O)N1c2ccccc2CC(=O)c2ccccc21,1,val,42
909,CC(Cc1ccccc1)[N+](C)([O-])Cc1ccccc1,1,train,42
910,NC(=O)CN1CC(O)CC1=O,1,train,42
911,COC(=O)[C@@]1(O)CC[C@H]2C3CCC(=O)C4C(=O)C=CC4(C)[C@H]3C(O)CC21C,1,train,42
912,NC(Cc1c[nH]c2ccc(O)cc12)C(=O)O,1,train,42
913,CC(C)CCC(=O)CC1c2ccccc2C(=O)N1c1ccc2ccc(Cl)nc2n1,1,train,42
914,CC(C)n1c(=O)c2c(-c3noc(C4CC4)n3)ncn2c2ccccc21,1,val,42
915,COc1ccc(N2C[C@H](CN3CCC(O)(c4ccc5c(c4)OCO5)CC3)OC2=O)cc1,1,train,42
916,Nc1cc(OCC2CC2)c(C(=O)NC2CN3CCC2CC3)cc1Cl,1,train,42
917,O=C(NC(=O)c1ccccc1)NC1CCN(Cc2ccc3ccccc3c2)CC1,1,train,42
918,CC1OC(C)OC(C)O1,1,train,42
919,CC(=O)OCC(=O)[C@@]1(O)[C@H](C)C[C@H]2[C@@H]3C[C@H](F)C4=CC(=O)C=C[C@]4(C)[C@H]3[C@@H](O)C[C@@]21C,1,train,42
920,C#CCN(C)Cc1ccccc1,1,train,42
921,Fc1ccc([C@@H]2CCNC[C@H]2COc2ccc3c(c2)OCO3)cc1,1,test,42
922,O=C(CC1c2ccccc2C(=O)N1c1ccc2ccc(Cl)nc2n1)N1CCC2(CC1)OCCO2,1,train,42
923,OC1(c2ccc(Cl)c(C(F)(F)F)c2)CCN(CCCC(c2ccc(F)cc2)c2ccc(F)cc2)CC1,1,train,42
924,CC(OC(N)=O)C(C)C(C)OC(N)=O,1,train,42
925,CCCCCN[C@@]12C=CC(=O)[C@@H]3Oc4c(O)ccc5c4[C@@]31CCN(C)[C@@H]2C5,1,train,42
926,OCC1(CO)COC(C(Cl)(Cl)Cl)OC1,1,train,42
927,c1ccc(-c2nc(N3CCNCC3)cc3ccccc23)cc1,1,val,42
928,O=C1[C@H]2CCCC[C@H]2C(=O)N1CCCCN1CCN(c2nsc3ccccc23)CC1,1,train,42
929,OCCN1CCN(CCCN2c3ccccc3Sc3ccc(Cl)cc32)CC1,1,train,42
930,OC(OCC(COC(O)C(Cl)(Cl)Cl)(COC(O)C(Cl)(Cl)Cl)COC(O)C(Cl)(Cl)Cl)C(Cl)(Cl)Cl,1,train,42
931,NC(=O)NC(=O)Cc1ccccc1,1,train,42
932,CC1C2Cc3ccc(O)cc3C1(C)CCN2CCc1ccccc1,1,val,42
933,CCC(C(=O)NC(N)=O)c1ccccc1,1,train,42
934,CC1NCCOC1c1ccccc1,1,test,42
935,CC(COc1ccccc1)NN,1,train,42
936,CN1C(=O)CC(c2ccccc2)C1=O,1,train,42
937,O=C([O-])c1ccccc1Oc1ccccc1,1,train,42
938,O=C1NC(=O)C(c2ccccc2)(c2ccccc2)N1,1,train,42
939,CCC1(CC)C(=O)NC(=O)N(c2ccccc2)C1=O,1,train,42
940,O=C(c1ccccn1)N1CCN(Cc2ccccc2)CC1,1,val,42
941,CCC[C@]1(c2cccc(O)c2)CCN(C)C[C@@H]1C,1,train,42
942,CC(=O)Nc1ccc(OC(=O)[C@@H]2CCC(=O)N2)cc1,1,train,42
943,c1ccc(-c2cc(CCC3CCNCC3)c3ccccc3n2)cc1,1,train,42
944,CC(=O)c1ccc2c(c1)N(CCCN1CCC(CCO)CC1)c1ccccc1S2,1,train,42
945,O=C(OCCN1CCCCC1)C(O)(c1ccccc1)c1ccccc1,1,train,42
946,CN1CCN(c2cc3c(nn2)Oc2ccccc2N3C)CC1,1,train,42
947,CCCCCCCCCCCCCCCC(=O)OCCC1CCN(CCCN2c3ccccc3Sc3ccc(S(=O)(=O)N(C)C)cc32)CC1,1,train,42
948,CCc1c(C)[nH]c2c1C(=O)[C@@H]1CN(C)CC[C@H]1C2,1,train,42
949,NC(=O)CN1CCCC1=O,1,train,42
950,CN(C)CCC1(C)OCCC2=C1c1ccccc1C2,1,train,42
951,Cc1ccccc1-n1c(/C=C/c2ccccn2)nc2ccccc2c1=O,1,train,42
952,N#CC(CCN1CCC(C(N)=O)(N2CCCCC2)CC1)(c1ccccc1)c1ccccc1,1,test,42
953,Cc1ccc2c(c1)c1c3n2CCNC3CCC1.[H+],1,train,42
954,CC(C)(C)C(=O)NCCCC(=O)O,1,train,42
955,CC(C)(C)C(=O)OC1N=C(c2ccccc2)c2cc(Cl)ccc2NC1=O,1,train,42
956,CC(C)N(CCNC(=O)CN1CCCC1=O)C(C)C,1,train,42
957,O=C1NC(=O)C(CC2CCCCN2)(c2ccccc2)C(=O)N1,1,train,42
958,CCOC(=O)O[C@]1(C(=O)COC(=O)CC)CC[C@H]2[C@@H]3CCC4=CC(=O)C=C[C@]4(C)[C@H]3[C@@H](O)C[C@@]21C,1,val,42
959,CCN(CC)CC(=O)OCC(=O)C1(O)CCC2C3CCC4=CC(=O)C=CC4(C)C3C(O)CC21C,1,train,42
960,CCCCCCCCCCCCCCCCCC(=O)OCC(=O)OCC(=O)[C@@]1(O)CC[C@H]2[C@@H]3CCC4=CC(=O)C=C[C@]4(C)[C@H]3[C@@H](O)C[C@@]21C,1,test,42
961,CC(C)(C)CC(=O)OCC(=O)[C@@]1(O)CC[C@H]2[C@@H]3CCC4=CC(=O)C=C[C@]4(C)[C@H]3[C@@H](O)C[C@@]21C,1,train,42
962,C=C1CC2C3CCC4=CC(=O)C=CC4(C)C3C(O)CC2(C)C1(O)C(=O)CO,1,train,42
963,CC(C)C[C@H](CN)CC(=O)O,1,train,42
964,CC(=O)C1CCC2C3CC=C4CC(OC(=O)CCC(=O)O)CCC4(C)C3CCC12C,1,train,42
965,CCN1CCC(=C(c2ccccc2)c2ccccc2)C1.[H+],1,val,42
966,CNNCc1ccc(C(=O)NC(C)C)cc1,1,train,42
967,CCC(OC(N)=O)C1CCCCC1,1,test,42
968,O=C1CN=C(c2ccccc2F)c2cc(Cl)ccc2N1CC(O)CO,1,train,42
969,NC(=O)CCCN/C(=C1\C=C(F)C=CC1=O)c1ccc(Cl)cc1,1,train,42
970,CCCC(Cc1ccccc1)N1CCCC1,1,val,42
971,CC(C)C1(C(C)C)OCC(CO)O1,1,val,42
972,CCN(CC)CC(=O)Oc1ccc(NC(C)=O)cc1,1,train,42
973,[CH2-][CH-]C,1,train,42
974,CC(CN1C(=O)c2cccnc2Nc2ccccc21)N(C)C,1,train,42
975,CC(C)c1cccc(C(C)C)c1O,1,train,42
976,CCC(=O)C1(N2CCCCC2)CCN(CCCC(=O)c2ccc(F)cc2)CC1,1,train,42
977,CN(C)CCC=C1c2ccccc2Sc2ccccc21,1,train,42
978,C=CCC1(CC(C)O)C(=O)NC(=O)NC1=O,1,train,42
979,CC(O)Cn1cnc2c1c(=O)n(C)c(=O)n2C,1,train,42
980,c1ccc2oc(-c3ccncc3)cc2c1,1,train,42
981,Cc1ncc(CSSCc2cnc(C)c(O)c2CO)c(CO)c1O,1,train,42
982,OCCOCCN1CCN(C2=Nc3ccccc3Sc3ccccc32)CC1,1,train,42
983,CN1CC[C@@]2(C)c3cc(OC(=O)N4CCc5ccccc5C4)ccc3N(C)[C@@H]12,1,train,42
984,CCCN1CC(NS(=O)(=O)N(CC)CC)CC2Cc3c(O)cccc3CC21,1,train,42
985,CN(C)CCOC1(Cc2ccccc2)CC2CCC1(C)C2(C)C,1,train,42
986,C#CCN[C@@H]1CCc2ccccc21,1,train,42
987,CC(Cc1ccccc1)(NC(=O)CN)c1ccccc1,1,train,42
988,CCC(=O)N(c1ccccc1)C1(C(=O)OC)CCN(CCC(=O)OC)CC1,1,train,42
989,CCOC(=O)Nc1ccc(NCc2ccc(F)cc2)cc1N,1,train,42
990,CN1[C@@H]2CC[C@H]1CC(NC(=O)N1CC(C)(C)c3ccccc31)C2,1,train,42
991,CN(C)C(=O)c1nc(CNC(=O)CN)n(-c2ccc(Cl)cc2C(=O)c2ccccc2Cl)n1,1,train,42
992,CCC(=O)[C@@]1(C)[C@H](C)C[C@H]2[C@@H]3CCC4=CC(=O)C=C[C@]4(C)[C@H]3[C@@H](O)C[C@@]21C,1,train,42
993,CCn1nc(C)c2c1C(c1ccccc1)=NCC(=O)N2,1,val,42
994,CCN(C)C(=O)Oc1cccc([C@H](C)N(C)C)c1,1,val,42
995,NC(=O)c1ccc(F)c2c1C[C@@H](N(C1CCC1)C1CCC1)CO2,1,train,42
996,CC(C)OCC(COC(C)C)OCn1cnc2cnc(N)nc21,1,train,42
997,O=C1CCN=C2CC(c3ccccc3)CN12,1,train,42
998,CCC[C@@H]1O[C@@H]2C[C@H]3[C@@H]4C[C@H](F)C5=CC(=O)CC[C@]5(C)[C@@]4(F)[C@@H](O)C[C@]3(C)[C@]2(C(=O)CO)O1,1,train,42
999,O=C1CCC(C(=O)NC2CC2c2ccccc2)N1,1,train,42
1000,COc1ccc(C2CNC(=O)C2)cc1OC1CCCC1,1,train,42
1001,CN1C[C@H](CN2CC(=O)NC(=O)C2)C=C2c3cccc4[nH]cc(c34)C[C@H]21,1,train,42
1002,Fc1cccc(Br)c1NC1=NCCN1,1,test,42
1003,CCCN(CCC)CCc1cccc2c1CC(=O)N2,1,train,42
1004,CN1C(=O)CC2(CCN(CCCC(=O)c3ccc(F)cc3)CC2)C1=O,1,train,42
1005,OCc1ccccc1O[C@@H]1O[C@H](CO)[C@@H](O)[C@H](O)[C@H]1O,1,train,42
1006,NC(=O)c1ccccc1O,1,train,42
1007,O=C(Oc1ccccc1C(=O)O)c1ccccc1O,1,train,42
1008,CCCCCCN1CCC(C(=O)N(C)CC)(c2ccccc2)CC1,1,train,42
1009,CCCC(=O)N(C)Cc1c(-c2ccc(Cl)cc2)nc2ccccn12,1,test,42
1010,C#CCN(C)[C@H](C)Cc1ccccc1,1,val,42
1011,COCCN1CC[C@]23c4c5ccc(O)c4O[C@H]2C(=O)CC[C@@]3(O)[C@H]1C5,1,train,42
1012,O=C1NCCN1CCN1CCC(c2cn(-c3ccc(F)cc3)c3ccc(Cl)cc23)CC1,1,train,42
1013,CN1CCC2=C(C1)c1ccccc1Cc1ccccc12,1,train,42
1014,c1cncc(CC2(Cc3ccncc3)c3cccnc3-c3ncccc32)c1,1,train,42
1015,CC(C)CC(N(C)C)C1(c2ccc(Cl)cc2)CCC1,1,train,42
1016,CN1CCN(c2ccccc2Cc2ccccc2)CC1,1,train,42
1017,CCC(C)(C)C(=O)O[C@H]1C[C@@H](C)C=C2C=C[C@H](C)[C@H](CC[C@@H]3C[C@@H](O)CC(=O)O3)[C@H]21,1,train,42
1018,Cc1cc(NC(=O)c2c(C)cccc2C)no1,1,test,42
1019,O=C(CCCN1CCC2(CC1)C(=O)NCN2c1ccccc1)c1ccc(F)cc1,1,train,42
1020,CN(C(=O)Cc1ccc(Cl)c(Cl)c1)[C@H]1CC[C@@]2(CCCO2)C[C@@H]1N1CCCC1,1,test,42
1021,O=C1NCN(c2ccccc2)C12CCN(CCCOc1ccc(F)cc1)CC2,1,train,42
1022,C/C(=C/CCN1CCC2(CC1)C(=O)NCN2c1ccccc1)c1ccc(F)cc1,1,test,42
1023,CN(C)CC1COC2(O1)c1ccccc1COc1ccccc12,1,train,42
1024,CCN(CC)C(=O)N1CCN(CCCc2nc3c(c(=O)n(C)c(=O)n3C)n2C)CC1,1,train,42
1025,CC(C)(C)C(O)/C=C/c1ccc2c(c1)OCO2,1,train,42
1026,NS(=O)(=O)c1ccc(N2C(=O)CC(c3ccccc3)C2=O)c(Cl)c1,1,test,42
1027,Cc1cc(NS(=O)(=O)c2ccc(N)cc2)no1,1,train,42
1028,CCS(=O)(=O)C(C)(C)S(=O)(=O)CC,1,train,42
1029,COc1ccc(S(N)(=O)=O)cc1C(=O)NCC1CCCN1C,1,train,42
1030,NS(=O)(=O)c1ccc(N2CCCCS2(=O)=O)cc1,1,train,42
1031,CCN1CCCC1CNC(=O)c1cc(S(=O)(=O)CC)ccc1OC,1,train,42
1032,CSCC[C@H](NC(C)=O)C(=O)Oc1ccc(NC(C)=O)cc1,1,train,42
1033,CCC(=O)N1CCN(C(=O)OC2C3=C(SCCS3)C(=O)N2c2ccc3ccc(Cl)nc3n2)CC1,1,train,42
1034,CN1CCN(C(=O)OC2C3=C(SCCS3)C(=O)N2c2ccc3ccc(Cl)nc3n2)CC1,1,test,42
1035,Cn1nc(-c2cccc(F)c2)n(C)c1=S,1,train,42
1036,O=C1CCC(N2C(=O)C3C4CCC(C4)C3C2=O)C(=O)N1,1,train,42
1037,CNCCCC1(c2ccccc2)OC(C)(C)c2ccccc21,1,train,42
1038,CNCCCC1(c2ccccc2)SC(C)(C)c2ccccc21,1,val,42
1039,CC(C)NS(=O)(=O)CCN1C(=O)c2ccccc2C1=O,1,train,42
1040,Cn1c(=O)c2c(ncn2CCN2CCC(c3c[nH]c4ccccc34)CC2)n(C)c1=O,1,train,42
1041,CCNCc1c(CSC)cnc(C)c1O,1,train,42
1042,COc1ccc(C(O)CN2CCN(C(c3ccccc3)c3ccccc3)CC2)cc1OC,1,train,42
1043,CCn1c2c(c3ccccc31)CCSC2(C)CCN(C)C,1,train,42
1044,O=C(O)CC(O)(CC(=O)O)C(=O)O.O=C1[C@@H]2[C@H]3CC[C@H](C3)[C@@H]2C(=O)N1CCCCN1CCN(c2ncccn2)CC1,1,train,42
1045,COc1nc2nc(-c3noc(C)n3)cn2c2c1CCCC2,1,train,42
1046,Cc1nc(C)c2c(n1)N(Cc1ccc(-c3ccccc3-c3nn[nH]n3)cc1)C(=O)CC2,1,val,42
1047,CCCCCCSc1nsnc1C1=CCCN(C)C1,1,train,42
1048,OCCN1CCN([C@@H]2C[C@@H](c3ccc(F)cc3)c3ccc(C(F)(F)F)cc32)CC1,1,train,42
1049,OCCN1CCN(CCCC2c3ccc(F)cc3Sc3ccc(C(F)(F)F)cc32)CC1,1,train,42
1050,O=C1NCCNC1c1cccs1,1,train,42
1051,CCCN1CC=C(c2c[nH]c3ccc(Cl)cc23)CC1,1,train,42
1052,CCN(CC)C(=O)N[C@H]1C[C@@H]2c3cccc4[nH]cc(c34)C[C@H]2N(C)C1,1,train,42
1053,CCCC(CC)C1(CC)C(=O)NC(=O)NC1=O,1,train,42
1054,COc1cc2c(cc1OC)C1CC(=O)C(CC(C)C)CN1CC2,1,train,42
1055,O=C1NC(=O)C2(CCc3ccccc3C2)N1,1,train,42
1056,O=C1CCC(N2C(=O)c3ccccc3C2=O)C(=O)N1,1,test,42
1057,COc1ccc2c3c1OC1C(OC(C)=O)=CCC4C(C2)N(C)CCC314,1,test,42
1058,C=CCC1(C2C=CCCC2)C(=O)NC(=S)NC1=O,1,train,42
1059,C=CCC1(C(C)CCC)C(=O)NC(=S)NC1=O,1,train,42
1060,CN(C)CCN1C(=O)CC(c2ccccc2)Sc2ccccc21,1,train,42
1061,CC(=O)OCCN1CCN(CCCN2c3ccccc3Sc3ccc(Cl)cc32)CC1,1,train,42
1062,CN1CCN(CCCN2c3ccccc3Sc3ccc(S(=O)(=O)N(C)C)cc32)CC1,1,train,42
1063,CN(C)C1=NC(=O)C(c2ccccc2)O1,1,train,42
1064,Cc1ccsc1C(=CCCN1CCC[C@@H](C(=O)O)C1)c1sccc1C,1,train,42
1065,CN1c2ccccc2C(NCCCCCCC(=O)O)c2ccc(Cl)cc2S1(=O)=O,1,train,42
1066,Cc1csc2ccc3[nH]c4c(c3c12)CN(C)CC4,1,train,42
1067,S=C1NCCC(COc2ccccc2)O1,1,train,42
1068,CCOC(=O)C1(c2ccccc2)CCC=CC1N(C)C.[H+],1,val,42
1069,CN1CCN2c3cc(F)ccc3C(c3cccs3)=NCC2C1,1,train,42
1070,O=C(CCCN1CCC(n2c(=S)[nH]c3ccccc32)CC1)c1ccc(F)cc1,1,train,42
1071,N=C1SCCN1c1ccc(Cl)cc1N,1,val,42
1072,CSC(=O)C1(OC(C)=O)[C@@H](C)C[C@H]2[C@@H]3CCC4=CC(=O)C=C[C@]4(C)C3(F)[C@@H](O)C[C@@]21C,1,train,42
1073,CCS(=O)(=O)CCn1c([N+](=O)[O-])cnc1C,1,train,42
1074,CN1CC(CSc2ccccn2)C=C2c3cccc4[nH]cc(c34)CC21,1,train,42
1075,CCCSc1ccccc1N1CCN(CCCCn2c(=O)[nH]c3ccccc3c2=O)CC1,1,train,42
1076,O=C1CC2(CCCC2)CC(=O)N1CCCCN1CCN(c2nsc3ccccc23)CC1,1,val,42
1077,CCS[C@]1(SC)CC[C@H]2[C@@H]3CCC4=CC(=O)C=C[C@]4(C)[C@@]3(F)[C@@H](O)C[C@@]21C,1,train,42
1078,COc1cc2c(cc1OC)S(=O)(=O)OC(C(=O)NC(C)CC(C)(C)N(C)C)C2,1,val,42
1079,CC(Cc1ccccc1)NCCC1c2ccccc2Sc2ccccc21,1,train,42
1080,C[C@]12CCC(=O)C=C1CC[C@@H]1[C@@H]2[C@@H](O)C[C@@]2(C)[C@H]1CC[C@]2(O)C(=O)CS,1,train,42
1081,CC(C)(C)C(=O)SCC(=O)[C@@]1(O)CC[C@H]2[C@@H]3CCC4=CC(=O)CC[C@]4(C)[C@H]3[C@@H](O)C[C@@]21C,1,train,42
1082,CNCCOC(c1ccccc1)c1ccccc1C,1,train,42
1083,CCC1C(C)=NN=C(c2ccc(OC)c(OC)c2)c2cc(OC)c(OC)cc21,1,train,42
1084,Cc1ccccc1OCC(COC(O)C(Cl)(Cl)Cl)OC(O)C(Cl)(Cl)Cl,1,test,42
1085,Cc1cccc(N2CCN(CCc3cc(C)[nH]n3)CC2)c1,1,train,42
1086,CCC1(O)CCN2CCc3ccc(C)cc3C2C1,1,train,42
1087,Cc1ccc(S(=O)(=O)CCN2C(=O)CN=C(c3ccccc3Cl)c3cc(Cl)ccc32)cc1,1,val,42
1088,CCCCCC(=O)CC[C@]1(C)[C@@H]2Cc3ccc(O)cc3[C@@]1(C)CCN2C,1,train,42
1089,CC1(C)O[C@@H]2[C@@H](CO[C@@]3(COS(N)(=O)=O)OC(C)(C)O[C@@H]23)O1,1,train,42
1090,CCCCNc1c(C(=O)OCC)c(C)nc2c1cnn2CC,1,val,42
1091,CC1(C)O[C@@H]2CC3C4C[C@H](F)C5=CC(=O)C=CC5(C)[C@@]4(Cl)[C@@H](Cl)CC3(C)[C@]2(C(=O)CF)O1,1,train,42
1092,COc1cccc([C@@]2(O)CCCC[C@@H]2CN(C)C)c1.[H+],1,train,42
1093,CC1Oc2ccccc2CC1N(C)C,1,train,42
1094,CCC(=O)N(c1ccccc1F)C1(c2ccccc2)CCN(CCn2nnn(CC)c2=O)CC1.[H+],1,train,42
1095,CC(CNC(=O)c1ccccc1)C(=O)OCC(=O)[C@@]12OC(C)(C)O[C@@H]1C[C@H]1[C@@H]3CCC4=CC(=O)C=C[C@]4(C)[C@@]3(F)[C@@H](O)C[C@@]12C,1,train,42
1096,CC1(C)O[C@@H]2C[C@H]3[C@@H]4CCC5=CC(=O)C=C[C@]5(C)[C@@]4(F)[C@@H](O)C[C@]3(C)[C@]2(C(=O)COC(=O)c2cc3ccccc3o2)O1,1,train,42
1097,OC(Br)(Br)CBr,1,train,42
1098,CCN(CC)C(=O)CNC(=O)c1cc(OC)c(OC)c(OC)c1,1,train,42
1099,O=C1N(C(O)C(Cl)(Cl)Cl)CNC1(c1ccccc1)c1ccccc1,1,train,42
1100,CC1(C)O[C@@H]2C[C@H]3C4C[C@H](F)C5=CC(=O)C=CC5(C)[C@@]4(Cl)[C@@H](Cl)CC3(C)[C@]2(C(=O)CCl)O1,1,train,42
1101,COc1cc(NCc2ccc3nc(N)nc(N)c3c2C)cc(OC)c1OC,1,train,42
1102,N/C(N=O)=C1\NNc2ccccc2N(Cc2ccccc2)C1=O,1,train,42
1103,COc1cc(C(=O)N2CCCCCCC2)cc(OC)c1OC,1,val,42
1104,N[C@@H](Cc1c[nH]c2ccccc12)C(=O)O,1,train,42
1105,C=CCONC1=Nc2ccc(Cl)cc2C(c2ccccc2Cl)=NC1,1,train,42
1106,CCCCN1C(=O)C2C(=O)N(CCCCN3CCN(c4ccccc4OC)CC3)C(=O)C(C1=O)C2(C)C,1,train,42
1107,CCOC(N)=O,1,val,42
1108,CC(C)[C@H](N)C(=O)OCCOCn1cnc2c(=O)nc(N)[nH]c21,1,train,42
1109,CCCC(CCC)(CCC)C(N)=O,1,val,42
1110,CC(C)[C@H](N)C(=O)OCC(CO)OCn1cnc2c(=O)nc(N)[nH]c21,1,train,42
1111,CCCC(CCC)C(=O)OCOC(=O)C(C)(C)C,1,test,42
1112,CC(=O)OCC1=CO[C@@H](OC(=O)CC(C)C)[C@H]2C1=C[C@H](OC(=O)CC(C)C)[C@]21CO1,1,val,42
1113,Nc1c2c(nc3ccccc13)CCCC2O,1,test,42
1114,COc1ccc(C(CN(C)C)C2(O)CCCCC2)cc1,1,train,42
1115,C=CCN1CCCC1CNC(=O)c1cc(S(N)(=O)=O)cc(OC)c1OC,1,train,42
1116,C=CC(N)CCC(=O)O,1,train,42
1117,CCOc1ccccc1OCC1CNCCO1,1,train,42
1118,C=COC=C,1,train,42
1119,Cc1c(C)c2c(c(C)c1O)CC[C@@](C)(CCC[C@H](C)CCC[C@H](C)CCCC(C)C)O2,1,train,42
1120,FC(F)(F)c1cccc(C2=CCN(CCc3ccc4ccccc4c3)CC2)c1,1,train,42
1121,C=C1C[C@H](C)[C@H]2[C@H]3Cc4ccc(O)cc4[C@@]2(CCN3CC2CCC2)C1,1,val,42
1122,Cc1cccc(C)c1NC1=NCCCS1,1,train,42
1123,CC(C)C(CCCCCC(=O)O)NCc1ccc(F)cc1,1,test,42
1124,O=C1[C@@H]2[C@@H]3C=C[C@@H]([C@H]4C=C[C@H]43)[C@@H]2C(=O)N1CCCCN1CCN(c2ncccn2)CC1,1,train,42
1125,CC1(C)CN(CCN2CCN(c3cccc(Cl)c3)C2=O)C1,1,train,42
1126,O=C1Cc2cc(CCN3CCN(c4nsc5ccccc45)CC3)c(Cl)cc2N1,1,train,42
1127,Cc1nn(C)c2c1C(c1ccccc1F)=NCC(=O)N2C,1,test,42
1128,COc1ccccc1N1CCN(CCc2oc(=O)[nH]c2-c2ccc(F)cc2)CC1,1,train,42
1129,CC(c1noc2ccc(Cl)cc12)n1ccnc1,1,train,42
1130,CN1CCN(C(=O)OC2c3nccnc3C(=O)N2c2ccc(Cl)cn2)CC1,1,train,42
1131,CN(C)CCOC1=Cc2ccccc2Sc2ccc(Cl)cc21,1,train,42
1132,CCN[C@H](Cc1ccccc1)[C@H]1CCCO1,1,train,42
1133,CC(=O)c1ccc2c(c1)N(CC(C)N(C)C)c1ccccc1S2,1,train,42
1134,CN(C)Cc1nnc2n1-c1ccc(Cl)cc1C(c1ccccc1)=NC2,1,train,42
1135,C=CCN1C(=O)C(CC(C)C)NC1=S,1,train,42
1136,C[C@@H]1C[C@H]2[C@H]3[C@H]([C@@H](O)C[C@]2(C)[C@@]1(O)C(=O)CO)[C@@]1(C)C=CC(=O)C=C1C[C@H]3Cl,1,train,42
1137,C=CCC(N)Cc1ccccc1,1,train,42
1138,CC(=O)[C@@]1(O)[C@H](O)C[C@H]2[C@@H]3CCC4=CC(=O)CC[C@]4(C)[C@H]3CC[C@@]21C,1,train,42
1139,CC(CN(C)C)CN1c2ccccc2Sc2ccccc21,1,train,42
1140,CCOC(=O)c1[nH]c2cc(OC)c(OC)cc2c1CCN1CCN(c2ccccc2)CC1,1,train,42
1141,CCC(=O)OC1(c2ccccc2)CCN(C)CC1C,1,train,42
1142,CCCN(CCC)C(=O)Cc1c(-c2ccc(Cl)cc2)nc2ccc(Cl)cn12,1,test,42
1143,CCCC(=O)O[C@]1(C(=O)COC(C)=O)CC[C@H]2[C@@H]3C[C@H](C)C4=CC(=O)CC[C@]4(C)[C@H]3[C@@H](O)C[C@@]21C,1,train,42
1144,CCn1cc(C(=O)O)c(=O)c2ccc(Cc3ccccc3)nc21,1,test,42
1145,Cc1cc(N(C)C)ccc1C[C@H](C)N,1,val,42
1146,CCC1(c2ccc(N)cc2)CCC(=O)NC1=O,1,train,42
1147,CN(C)CC(CN1c2ccccc2Sc2ccccc21)N(C)C,1,test,42
1148,CN(C)C(=O)C1(c2ccc(Cl)cc2)CCN(CCCC(=O)c2ccc(F)cc2)CC1,1,train,42
1149,Clc1ccc2c(c1)C(N1CCNCC1)=Nc1ccccc1O2,1,val,42
1150,COc1ccccc1N1CCN(CCCC(O)c2ccc(F)cc2)CC1,1,train,42
1151,CN1CCN2c3ccccc3Cn3cccc3C2C1,1,train,42
1152,CCOC(=O)N1CCC(=O)N(c2ccccc2)c2cc(Cl)ccc21,1,train,42
1153,CN(C(=O)C(c1ccccc1)c1ccccc1)[C@H](CN1CC[C@H](O)C1)c1ccccc1,1,val,42
1154,Cc1c(C)c2ccc(OCc3nnc(C(C)C)s3)cc2oc1=O,1,train,42
1155,CN1C2CCC1CC(OC(=O)C(CO)c1ccccc1)C2,1,val,42
1156,N#Cc1cc(-c2ccccc2)nnc1NCCN1CCOCC1,1,val,42
1157,CCC(=O)OCC(=O)[C@@]1(OC(=O)CC)[C@@H](C)C[C@H]2[C@@H]3CCC4=CC(=O)C=C[C@]4(C)[C@@]3(Cl)[C@@H](O)C[C@@]21C,1,train,42
1158,O=C(c1cc2ccccc2o1)N1CCN(Cc2ccccc2)CC1,1,train,42
1159,Cc1cccc2c1Oc1ccccc1[C@@]1(O)CCN(C)C[C@@H]21,1,train,42
1160,CC(NNC(=O)c1ccccc1)c1ccccc1,1,train,42
1161,CCC1(c2ccccc2)C(=O)NC(=O)N(C(=O)c2ccccc2)C1=O,1,train,42
1162,O=C(OC1CN2CCC1CC2)c1ccccc1,1,val,42
1163,CNCC12CCC(c3ccccc31)c1ccccc12,1,train,42
1164,CC(Cc1ccccc1)N(C)Cc1ccccc1,1,train,42
1165,CCCN(c1ccncc1)n1ccc2ccccc21.[H+],1,train,42
1166,CCC(O)C(CC(C)N(C)C)(c1ccccc1)c1ccccc1,1,train,42
1167,CC(=O)OCC(=O)[C@@]1(OC(=O)C(C)C)[C@@H](C)C[C@H]2[C@@H]3CCC4=CC(=O)C=C[C@]4(C)[C@@]3(F)[C@@H](O)C[C@@]21C,1,train,42
1168,CC(=O)OCC(=O)[C@@]1(O)[C@@H](C)C[C@H]2[C@@H]3CCC4=CC(=O)C=C[C@]4(C)[C@@]3(F)[C@@H](O)C[C@@]21C,1,train,42
1169,CCC(=O)OCC(=O)[C@@]1(OC(=O)CC)[C@@H](C)C[C@H]2[C@@H]3CCC4=CC(=O)C=C[C@]4(C)[C@@]3(F)[C@@H](O)C[C@@]21C,1,train,42
1170,CNCCCCOc1ccccc1Cc1ccccc1.[H+],1,train,42
1171,CN(C)CCN(C)n1cc(-c2ccccc2)c2ccccc21,1,train,42
1172,C=CCC1(CC(=C)Br)C(=O)NC(=O)NC1=O,1,train,42
1173,CCn1nnn(CCN2CC[C@H](N(C(=O)COC)c3ccccc3F)[C@H](C)C2)c1=O,1,train,42
1174,COc1cc(Br)c2oc(C3CCNCC3)cc2c1,1,train,42
1175,CN(C)C(=O)CCNc1ccc(Br)cc1,1,test,42
1176,CN(C)CCOC(c1ccccc1)c1ccc(Br)cc1,1,train,42
1177,CCN(CC)CCNC(=O)c1cc(Br)c(N)cc1OC,1,train,42
1178,CCCCCCCCCC(=O)OC1(c2ccc(Br)cc2)CCN(CCCC(=O)c2ccc(F)cc2)CC1,1,train,42
1179,CCCC1O[C@@H]2C[C@H]3[C@@H]4CCC5=CC(=O)C=C[C@]5(C)[C@H]4[C@@H](O)C[C@]3(C)[C@]2(C(=O)CO)O1,1,train,42
1180,CC(C)(C)N1CCC(c2ccccc2)(c2ccccc2)CC1,1,val,42
1181,CN(C)CCOC(c1ccccc1)c1ccccc1C(C)(C)C,1,train,42
1182,O=C1CC2(CCCC2)CC(=O)N1CCCCN1CCN(c2ncccn2)CC1,1,train,42
1183,C=CCC1(CC(C)C)C(=O)NC(=O)NC1=O,1,val,42
1184,CCCCNCC1COc2ccccc2O1,1,train,42
1185,CC(CC1c2ccccc2CCc2ccccc21)CN(C)C,1,train,42
1186,CCOC(=O)NNC(C)c1ccccc1,1,train,42
1187,CCOC(=O)NC(O)C(Cl)(Cl)Cl,1,train,42
1188,CCC(Br)(CC)C(=O)NC(N)=O,1,test,42
1189,CCC(=O)N(c1ccccc1)C1(C(=O)OC)CCN(CCc2ccccc2)CC1,1,train,42
1190,NC(=O)C1(N2CCCCC2)CCN(CCCN2c3ccccc3CCc3ccccc32)CC1,1,test,42
1191,CN(C)C(C)(CO)Cc1ccc(Cl)c(Cl)c1.[H+],1,train,42
1192,CN1CCN(C(c2ccccc2)c2ccc(Cl)cc2)CC1,1,train,42
1193,CCCC(O)Cl,1,train,42
1194,COC(=O)[C@H]1[C@H]2C[C@@H]3c4[nH]c5ccc(Cl)cc5c4CCN3C[C@H]2C[C@@H](OC(=O)c2cc(OC)c(OC)c(OC)c2)[C@@H]1OC,1,val,42
1195,NC(=O)OCC(O)COc1ccc(Cl)cc1,1,val,42
1196,CN(C)CCOC(C)(c1ccccc1)c1ccc(Cl)cc1,1,train,42
1197,O=C1NC(CCCl)Oc2ccccc21,1,val,42
1198,CN(C)CCCN1c2ccccc2CCc2ccc(C#N)cc21,1,train,42
1199,OC1(c2cccc(Cl)c2)C2=NCCCN2c2ccccc21,1,val,42
1200,CNC1CCN2c3ccccc3CCc3cccc1c32,1,train,42
1201,COc1ccc([C@H](O)CN2CCN(c3cccccc3=O)CC2)cc1OC,1,train,42
1202,CN(C/C=C/c1ccccc1)CCOC(c1ccccc1)c1ccccc1,1,train,42
1203,CCOc1cc(N)c([N+](=O)[O-])cc1C(=O)NC1CCN(CC2CC=CCC2)CC1,1,train,42
1204,O=C1CCC(c2ccccc2)(C2CCN(C/C=C/c3ccccc3)CC2)C(=O)N1,1,train,42
1205,CCNC(=O)/C=C/c1cccc(Br)c1,1,train,42
1206,COc1cc(/C=C/C(N)=O)cc(OC)c1OC,1,train,42
1207,O=C(CCCN1CCN(c2cc3ccccc3cn2)CC1)c1ccc(F)cc1,1,train,42
1208,CN(C)CCCC1(c2ccc(F)cc2)OCc2cc(C#N)ccc21,1,val,42
1209,NC(=O)C1c2ccccc2C=Cc2ccccc21,1,train,42
1210,CN1C(=O)CN2CCc3ccccc3C2c2cc(Cl)ccc21,1,val,42
1211,CN(C)CC(O)C(c1ccccc1)c1ccc(Cl)cc1,1,train,42
1212,Cc1ncc2n1-c1ccc(Cl)cc1C(c1ccccc1Cl)=NC2,1,train,42
1213,CC1CC2C3CCC4=CC(=O)C=CC4(C)[C@@]3(F)C(O)CC2(C)[C@@]1(O)C(=O)CCl,1,train,42
1214,CCC(=O)O[C@]1(C(=O)CCl)[C@@H](C)C[C@H]2[C@@H]3CCC4=CC(=O)C=C[C@]4(C)[C@@]3(F)[C@@H](O)C[C@@]21C,1,train,42
1215,CCN(CC)CCNC(=O)COc1ccc(Cl)cc1,1,train,42
1216,CN(C)CCCC1c2ccccc2Nc2ccc(Cl)cc21,1,train,42
1217,CN1CCN(C2=Nc3ccccc3Sc3ccc(Cl)cc32)CC1,1,val,42
1218,COCCCC/C(=N\OCCN)c1ccc(Cl)cc1,1,train,42
1219,O=C1CN2CCOC2(c2ccccc2Cl)c2cc(Cl)ccc2N1,1,train,42
1220,OCCN1CCN(CCCN2c3ccccc3Sc3cc(Cl)cnc32)CC1,1,val,42
1221,C/C=C/C(=O)N(CCC)C(CC)C(=O)N(C)C,1,train,42
1222,CC(CN(C)C)CN1c2ccccc2Sc2ccc(C#N)cc21,1,test,42
1223,O=C1N=C(NC2CC2)OC1c1ccccc1,1,train,42
1224,NC1CCCC1c1ccccc1,1,val,42
1225,ON1CC(=NCC2CC2)N=c2ccc(Cl)cc2=C1c1ccccc1,1,train,42
1226,CN1CCCc2cccc(OCC3CNCCO3)c21,1,train,42
1227,CNCCCC1(C)CN(c2ccccc2)c2ccccc21,1,train,42
1228,CN(C)CC1=Cc2ccccc2Sc2ccccc21,1,train,42
1229,CN1CCC(=C2c3ccccc3C(O)c3ccccc32)CC1,1,train,42
1230,CN(C)[C@@H](CCOc1cccc2ccccc12)c1ccccc1,1,train,42
1231,CCC(=O)O[C@](Cc1ccccc1)(c1ccccc1)[C@H](C)CN(C)C.[H+],1,train,42
1232,O=C(c1ccc(F)cc1)C1CCN(CCCn2c(=O)[nH]c3ccccc32)CC1,1,train,42
1233,CC(=O)OCC(=O)[C@@]12N=C(C)O[C@@H]1C[C@H]1[C@@H]3CCC4=CC(=O)C=C[C@]4(C)[C@H]3[C@@H](O)C[C@@]12C,1,train,42
1234,CN1C[C@@H](CC#N)CC2c3cccc4[nH]cc(c34)C[C@H]21,1,train,42
1235,O=C1CN=C(c2ccccc2Cl)c2cc(Cl)ccc2N1,1,train,42
1236,CNCCON=c1c2ccccc2ccc2ccccc12,1,train,42
1237,OC(Cn1ccnc1)c1ccc(CCc2ccccc2)cc1,1,train,42
1238,CN(C)CCCN1c2ccccc2C=Cc2ccccc21,1,train,42
1239,FC(F)OC(F)C(F)(F)F,1,train,42
1240,CN1CCC23c4c5ccc(O)c4OC2CCCC3C1C5,1,train,42
1241,CC(C)[C@@]1(O)CCN2C[C@@H]3c4ccccc4CCc4cccc(c43)[C@H]2C1,1,train,42
1242,CC(CN1CCOCC1)C(C(=O)N1CCCC1)(c1ccccc1)c1ccccc1,1,train,42
1243,CN1CC[C@@]23CCCC[C@@H]2[C@@H]1Cc1ccc(O)cc13,1,train,42
1244,NC(=O)N1CC(Oc2cccc(C(F)(F)F)c2)C1,1,train,42
1245,C=CCN1CCC23c4c5ccc(OC(C)=O)c4OC2C(OC(C)=O)C=CC3C1C5,1,val,42
1246,CN(C)CCN1C(=O)c2ccccc2N(C)c2ccccc21,1,train,42
1247,Cc1ccc2c(c1)C1CN(C)CCC1N2,1,test,42
1248,CN1C(=O)CCS(=O)(=O)C1c1ccc(Cl)c(Cl)c1,1,train,42
1249,COc1ccc2c(c1)CN(C)CC2c1ccc(Cl)c(Cl)c1,1,train,42
1250,CCN(CC)CCN1c2ccccc2Sc2ccccc21,1,test,42
1251,CC(=O)OCC(=O)[C@@]1(OC(C)=O)[C@@H](C)C[C@H]2[C@@H]3C[C@H](F)C4=CC(=O)C=C[C@]4(C)[C@@]3(F)[C@@H](O)C[C@@]21C,1,train,42
1252,CCCC(=O)O[C@]1(C(=O)COC(C)=O)CC[C@H]2[C@@H]3C[C@H](F)C4=CC(=O)C=C[C@]4(C)[C@@]3(F)[C@@H](O)C[C@@]21C,1,train,42
1253,Cc1ccc2c(c1)[C@]13CCCC[C@@H]1[C@H](C2)N(C)CC3,1,test,42
1254,COc1ccc2c(c1)/C(=C/CCN(C)C)c1ccccc1O2,1,val,42
1255,C[C@@H]1C[C@H]2[C@@H]3CCC4=CC(=O)C=C[C@]4(C)[C@@]3(F)[C@@H](O)C[C@]2(C)[C@@]1(C)C(=O)CO,1,train,42
1256,CN(C)CCCN1c2ccccc2C(C)(C)c2ccccc21,1,train,42
1257,C=C(C)CNCC(=O)N(C)c1ccc(Cl)cc1C(=O)c1ccccc1,1,train,42
1258,NC(=O)CN1C(=O)C(c2ccccc2)c2ccccc21,1,train,42
1259,CN(C)CC/C=C1/c2ccccc2CSc2ccccc21.[H+],1,train,42
1260,O=C1C(O)N=C(c2ccccc2F)c2cc(Cl)ccc2N1CCO,1,train,42
1261,O=C1NCNC1(c1ccccc1)c1ccccc1,1,test,42
1262,CC(=O)[C@@]1(O)[C@@H](C)C[C@H]2[C@@H]3CCC4=CC(=O)C=C[C@]4(C)[C@@]3(F)[C@@H](O)C[C@@]21C,1,train,42
1263,CC1(C)O[C@@H]2C[C@H]3C4CCC5CC(=O)CCC5(C)[C@@]4(F)[C@@H](O)CC3(C)[C@]2(C(=O)CO)O1,1,test,42
1264,CN(C(=O)CN(CCO)CCO)c1ccc(Cl)cc1C(=O)c1ccccc1Cl,1,train,42
1265,Cn1cc(CCN2CCN(c3ccccc3Cl)CC2)cn1,1,train,42
1266,C=C1c2ccccc2CN(CCCN(C)C)c2ccccc21,1,train,42
1267,O=C(NCCCN1CCOCC1)c1ccc(Cl)cc1,1,train,42
1268,CN1CCC2(C)CC(Cc3ccc(O)cc32)C1,1,train,42
1269,CCC1(c2ccccc2)C(=O)N(COC)C(=O)N(COC)C1=O,1,train,42
1270,CCN1C(=O)NC(c2ccccc2)C1=O,1,train,42
1271,CCOC(=O)C1N=C(c2ccccc2F)c2cc(Cl)ccc2NC1=O,1,train,42
1272,CCc1cc2c(s1)-n1c(C)nnc1CN=C2c1ccccc1Cl,1,train,42
1273,CNC1CCc2ncsc2C1,1,train,42
1274,CCC(N)Cc1c[nH]c2ccccc12,1,train,42
1275,O=C(CCCl)NCCc1ccccc1,1,train,42
1276,O=C1C=CC=C/C1=C1/NN=CO1,1,train,42
1277,CN(C)CCCn1cc(-c2ccccc2)c(-c2ccccc2)n1,1,val,42
1278,Fc1ccccc1C1=NCCN(CC(F)(F)F)c2ccc(Cl)cc21,1,train,42
1279,COc1ccccc1N1CCN(CCCC(=O)c2ccc(F)cc2)CC1,1,train,42
1280,C#CC1(OCC(O)CN2CCN(c3ccc(F)cc3)CC2)CCCCC1,1,train,42
1281,CN1C(=O)CN=C(c2ccccc2F)c2cc(Cl)ccc21,1,train,42
1282,C[C@@H]1C[C@H]2[C@@H]3C[C@H](F)C4=CC(=O)C=C[C@]4(C)[C@@]3(F)[C@@H](O)C[C@]2(C)[C@@]1(O)C(=O)CO,1,train,42
1283,C[C@@H]1C[C@H]2C3C[C@H](F)C4=CC(=O)C=CC4(C)[C@@]3(F)[C@@H](O)CC2(C)[C@@]1(O)C(=O)COC(=O)C(C)(C)C,1,train,42
1284,CC1(C)O[C@@H]2CC3[C@@H]4C[C@H](F)C5=CC(=O)C=CC5(C)[C@H]4[C@@H](O)C[C@]3(C)[C@]2(C(=O)CO)O1.CC1(C)O[C@@H]2CC3[C@@H]4C[C@H](F)C5=CC(=O)C=CC5(C)[C@H]4[C@@H](O)C[C@]3(C)[C@]2(C(=O)CO)O1,1,train,42
1285,CC(=O)OCC(=O)[C@@]12OC(C)(C)O[C@@H]1CC1C3C[C@H](F)C4=CC(=O)C=CC4(C)[C@H]3C(O)CC12C,1,val,42
1286,C[C@]12C=CC(=O)C=C1[C@@H](F)C[C@H]1[C@@H]3C[C@@H](O)[C@](O)(C(=O)CO)[C@@]3(C)C[C@H](O)[C@@]12F,1,train,42
1287,CC1(C)O[C@@H]2C[C@H]3[C@@H]4C[C@H](F)C5=CC(=O)C=C[C@]5(C)[C@@]4(F)[C@@H](O)C[C@]3(C)[C@]2(C(=O)CO)O1,1,train,42
1288,CCCCOC(=O)C(=O)[C@H]1[C@H](C)C[C@H]2[C@@H]3C[C@H](F)C4=CC(=O)C=C[C@]4(C)[C@H]3[C@@H](O)C[C@@]21C,1,train,42
1289,C[C@@H]1C[C@H]2[C@@H]3C[C@H](F)C4=CC(=O)C=C[C@]4(C)[C@H]3[C@@H](O)C[C@]2(C)[C@H]1C(=O)CO,1,train,42
1290,CC(=O)[C@@]1(O)CC[C@H]2[C@@H]3C[C@H](C)C4=CC(=O)C=C[C@]4(C)[C@@]3(F)[C@@H](O)C[C@@]21C,1,train,42
1291,CN1CCN(C2=Nc3cc(F)ccc3Cc3ccccc32)CC1,1,train,42
1292,CC(=O)O[C@@H](C)C(=O)[C@@]1(O)CC[C@H]2[C@@H]3CCC4=CC(=O)C=C[C@]4(C)[C@@]3(F)[C@@H](O)C[C@@]21C,1,train,42
1293,C=C1C[C@H]2[C@@H]3CCC4=CC(=O)C=C[C@]4(C)[C@@]3(F)C(O)C[C@]2(C)[C@@]1(O)C(=O)CO,1,train,42
1294,C[C@]12C=CC(=O)C=C1[C@@H](F)C[C@@H]1[C@@H]2[C@@H](O)C[C@@]2(C)[C@H]1CC[C@]2(O)C(=O)CO,1,train,42
1295,CCCCC(=O)O[C@]1(C(=O)CO)CCC2C3CC(F)C4=CC(=O)C=CC4(C)C3C(O)CC21C,1,val,42
1296,CNCCSC1=Cc2cc(F)ccc2Oc2ccccc21,1,train,42
1297,CC1(C)O[C@@H]2C[C@H]3[C@@H]4C[C@H](F)C5=CC(=O)CC[C@]5(C)[C@H]4[C@@H](O)C[C@]3(C)[C@]2(C(=O)CO)O1,1,val,42
1298,O=C(CCCN1CCC2(CC1)C(=O)NCN2c1ccc(F)cc1)c1ccc(F)cc1,1,train,42
1299,O=C1CN=C(c2ccccc2F)c2cc(Cl)ccc2N1CC1CC1,1,train,42
1300,CC(Cc1ccccc1)N(C)Cc1ccco1,1,train,42
1301,COc1ccc2c3c1O[C@H]1C[C@@H](O)C=C[C@@]31CCN(C)C2,1,train,42
1302,CN(C)CCC(c1ccccc1)C1CCCCC1,1,train,42
1303,O=C1CN=C(c2ccccc2)c2cc(Cl)ccc2N1CC(F)(F)F,1,train,42
1304,C[C@@H]1CC2[C@@H]3C[C@H](F)C4=CC(=O)C(Cl)=C[C@]4(C)[C@@]3(F)[C@@H](O)C[C@]2(C)[C@@]1(O)C(=O)CO,1,train,42
1305,CCC1(C2=CCCCCC2)C(=O)NC(=O)NC1=O,1,train,42
1306,CN1CCC(OC2c3ccccc3CCc3ccccc32)CC1,1,train,42
1307,CN1CCCN(C(c2ccccc2)c2ccc(Cl)cc2)CC1,1,train,42
1308,OCCN1CCCN(CCCN2c3ccccc3Sc3ccc(C(F)(F)F)cc32)CC1,1,train,42
1309,CC(=O)OCC(=O)[C@@]1(O)CC[C@H]2[C@@H]3CCC4=CC(=O)CC[C@]4(C)[C@H]3[C@@H](O)C[C@@]21C,1,train,42
1310,CCCC(=O)O[C@]1(C(=O)COC(=O)CC)CC[C@H]2[C@@H]3CCC4=CC(=O)CC[C@]4(C)[C@H]3[C@@H](O)C[C@@]21C,1,val,42
1311,CCCC(=O)O[C@]1(C(=O)CO)CC[C@H]2[C@@H]3CCC4=CC(=O)CC[C@]4(C)[C@H]3[C@@H](O)C[C@@]21C,1,train,42
1312,CN1CC[C@]23c4c5ccc(O)c4O[C@H]2C(=O)CC[C@H]3[C@H]1C5,1,train,42
1313,CCOC(=O)C1(c2cccc(O)c2)CCN(C)CC1,1,val,42
1314,CCCC(=O)O[C@]1(C(=O)COC(C)=O)[C@H](C)C[C@H]2[C@@H]3CCC4=CC(=O)C=C[C@]4(C)[C@@]3(Cl)[C@@H](O)C[C@@]21C,1,val,42
1315,CCC1(c2ccccc2)NCC(=O)NC1=O,1,test,42
1316,c1ccc2c(CCC3CCNCC3)c[nH]c2c1,1,train,42
1317,CC(C)NNC(=O)c1ccncc1,1,train,42
1318,CCC(=O)C(c1ccccc1)(c1ccccc1)C(C)CN(C)C,1,val,42
1319,C=C1CC2C3C=CC4=CC(=O)CCC4(C)C3C(O)CC2(C)[C@@]1(O)C(=O)CO,1,train,42
1320,CCN(CC)C(C)CN1c2ccccc2Sc2ccccc21,1,train,42
1321,CN(C)CCCN1c2ccccc2CC(=O)c2ccccc21,1,train,42
1322,O=C1CC[C@H]2[C@H]3Cc4cccc(O)c4[C@@]2(CCN3CC2CC2)C1,1,train,42
1323,N[C@@H](Cc1ccc(O)c(O)c1)C(=O)O,1,train,42
1324,COc1ccc2c(c1)N(C[C@H](C)CN(C)C)c1ccccc1S2,1,train,42
1325,CNC[C@H](O)CC12CCC(c3ccccc31)c1ccccc12,1,train,42
1326,CCO[C@H]1CCN(C(=O)c2cc(-c3ccccc3)c(=O)n3c2-c2cc(Cl)ccc2CC3)C1,1,train,42
1327,c1ccc2cc(COC3CCNCC3)ccc2c1,1,train,42
1328,CN1C(CC(=O)c2ccccc2)CCCC1CC(O)c1ccccc1,1,test,42
1329,OC1CCN(c2ccc(-c3ccccc3Cl)nn2)CC1,1,train,42
1330,Clc1ccc(N2CCN(C/C=C/c3ccccc3)CC2)nn1,1,test,42
1331,Cl/C(=C\n1cncn1)c1ccc(Cl)cc1Cl,1,train,42
1332,CN1C[C@@H]2Cc3ccc(Cl)cc3[C@@H](c3ccccc3)[C@@H]2C1,1,train,42
1333,CN1CCC2=C(CC1)c1ccccc1Oc1ccccc12,1,train,42
1334,CC(C)Oc1ccccc1N1CCN(Cc2cccc(C(=O)N3CCCCC3)c2)CC1.O=C(O)CCC(=O)O,1,train,42
1335,CN(C)CC(Oc1ccccc1)Oc1ccccc1,1,train,42
1336,COc1ccc(CCN2CCN(c3cccc(Cl)c3)CC2)cc1OC,1,train,42
1337,CN1C(=O)CN=C(C2=CCCCC2)c2cc([N+](=O)[O-])ccc21,1,train,42
1338,CCC1(c2ccccc2)NC(=O)N(C)C1=O,1,train,42
1339,CCC1(c2ccccc2)C(=O)NC(=O)N(C)C1=O,1,test,42
1340,Cc1cc(CCN2CCN(c3cccc(Cl)c3)CC2)n[nH]1,1,train,42
1341,C[C@H]1C[C@H]2[C@@H]3CCC4=CC(=O)C=C[C@]4(C)[C@H]3C(=O)C[C@]2(C)[C@@]1(O)C(=O)CO,1,train,42
1342,COCC1CN=C(c2ccccc2Cl)c2cc(Br)ccc2N1C,1,train,42
1343,CC(C(=O)c1ccccc1)N(C)C,1,train,42
1344,CNC1Cc2ccccc2N(C)c2ccccc21,1,train,42
1345,Cc1cc(C)cc(OCC2CNC(=O)O2)c1,1,train,42
1346,CC1C2Cc3ccc(O)cc3C1(C)CCN2C,1,test,42
1347,CCC1(c2ccccc2)C(=O)NC(=O)N1C,1,val,42
1348,CCC(=O)C(CC(C)N(C)C)(c1ccccc1)c1ccccc1,1,train,42
1349,CC1(C)NC(=O)C(/C=C/c2ccccc2)O1,1,val,42
1350,CSc1ccc2c(c1)N(CC(C)CN(C)C)c1ccccc1S2,1,train,42
1351,CN1C(=O)CC(C)(c2ccccc2)C1=O,1,train,42
1352,C[C@H]1C[C@@H]2[C@H]([C@@H](O)C[C@@]3(C)[C@H]2CC[C@]3(O)C(=O)CO)[C@@]2(C)C=CC(=O)C=C12,1,train,42
1353,CC(=O)OCC(=O)[C@@]1(O)CC[C@H]2[C@@H]3C[C@H](C)C4=CC(=O)C=C[C@]4(C)[C@H]3[C@@H](O)C[C@@]21C,1,train,42
1354,C[C@H]1C[C@@H]2[C@H]([C@@H](O)C[C@@]3(C)[C@H]2CC[C@]3(O)C(=O)COC(=O)CCC(=O)O)[C@@]2(C)C=CC(=O)C=C12,1,train,42
1355,CSc1ccc2c(c1)C(N1CCN(C)CC1)Cc1ccccc1S2,1,test,42
1356,COC(=O)c1cncn1C(C)c1ccccc1,1,train,42
1357,CNCCCN1Cc2ccccc2Cc2ccccc21,1,train,42
1358,Cc1ncc2n1-c1ccc(Cl)cc1C(c1ccccc1F)=NC2,1,train,42
1359,O=C(c1ccc(F)cc1)C1CCN(CCCn2c(=O)[nH]c3cc(Cl)ccc32)CC1,1,train,42
1360,COc1cc2[nH]c(C)c(CCN3CCN(c4ccccc4OC)CC3)c2cc1OC,1,test,42
1361,CCN(CC)C(=O)[C@]1(c2ccccc2)C[C@@H]1CN.[H+],1,train,42
1362,COc1ccc2c(C3CCN(CCCC(=O)c4ccc(F)cc4)CC3)c(C)[nH]c2c1,1,train,42
1363,O=C(c1ccco1)N(c1cnccn1)C1CCN(CCc2ccccc2)CC1,1,train,42
1364,Cc1nccnc1N1CCCCC1,1,train,42
1365,NC/C(=C/F)CCc1ccc(F)cc1,1,train,42
1366,CCc1c(C)[nH]c2c1C(=O)C(CN1CCOCC1)CC2,1,train,42
1367,CN(C)CC[C@]1(c2ccccc2)CCc2ccccc2C1=O,1,train,42
1368,CC1CN(C)CC2Cc3c(ccc4ccccc34)OC12O,1,train,42
1369,C=CCC1(CC(C)(C)C)C(=O)NC(=O)NC1=O,1,test,42
1370,NCC1CC(=O)N(Cc2ccccc2)C1,1,train,42
1371,CN1CCOC(c2ccccc2)c2ccccc2C1,1,train,42
1372,CNc1cc(OC)c(C(=O)N[C@@H]2CCN(Cc3ccccc3)[C@@H]2C)cc1Cl,1,test,42
1373,COc1cc2c(cc1OC)C(c1ccc(N)cc1)=NN=C(C)C2,1,val,42
1374,COc1ccc2c3c1OC1C(OC(=O)c4cccnc4)CCC4C(C2)N(C)CCC341,1,train,42
1375,O=C(CCCN1CC2CCC(CC2)C1)c1ccc(F)cc1,1,train,42
1376,COc1ccc2c3c1OC1C(O)C=CC4C(C2)NCCC341,1,train,42
1377,CCC(=O)C(CCN(C)C)(c1ccccc1)c1ccccc1,1,train,42
1378,COCC(=O)N(c1ccccc1F)C1CCN(CCc2ccccc2)CC1,1,train,42
1379,CN1CCc2cc(Cl)c(O)cc2[C@@H](c2cccc3c2OCC3)C1,1,train,42
1380,Cc1cc2c(s1)=Nc1ccccc1NC=2N1CCN(C)CC1,1,train,42
1381,OCCN1CCN(CCCN2c3ccccc3C=Cc3ccccc32)CC1,1,train,42
1382,NC(=O)C1CCCCO1,1,train,42
1383,C[C@@H]1CN2CC(=O)Nc3ccc(Cl)cc3[C@]2(c2ccccc2)O1,1,test,42
1384,Oc1ccc2c(c1)[C@@]13CCCC[C@@]1(O)[C@@H](C2)N(CC1CC1)CC3,1,train,42
1385,CC(CN(C)C)CN1c2ccccc2S(=O)(=O)c2ccccc21,1,train,42
1386,COc1cc2[nH]c(C)c(CCN3CCN(c4ccccc4)CC3)c2cc1OC,1,train,42
1387,COc1ccc2c(c1)N(CCC1CCCCN1C)c1ccccc1S2,1,train,42
1388,CC(=O)Nc1ccc(O)cc1,1,train,42
1389,CCC1(C)OC(=O)N(C)C1=O,1,train,42
1390,C[C@@H]1C[C@H]2[C@@H]3C[C@H](F)C4=CC(=O)C=C[C@]4(C)[C@H]3[C@@H](O)C[C@]2(C)[C@@]1(O)C(=O)CO,1,train,42
1391,CCC(=O)Nc1ccc(O)cc1,1,train,42
1392,NC(=O)CN1C(=O)COc2ccccc21,1,test,42
1393,Nc1nc(=O)c2ncn(CCC(CO)CO)c2[nH]1,1,test,42
1394,C1CCc2nnnn2CC1,1,train,42
1395,N#Cc1ccc2c(c1)N(CCCN1CCC(O)CC1)c1ccccc1S2,1,train,42
1396,COc1ccc2c(c1)N(CC(C)CN1CCC(O)CC1)c1ccccc1S2,1,train,42
1397,OC(CN1CCCCC1)c1cc(-c2ccccc2)on1,1,train,42
1398,CC(C)(O)C(C)(O)c1ccc(Cl)cc1,1,train,42
1399,C[C@H]1[C@H](c2ccccc2)OCCN1C,1,train,42
1400,NNCCc1ccccc1,1,val,42
1401,CC(Cc1ccccc1)NN,1,train,42
1402,Oc1ccc2c(c1)C13CCCCC1C(C2)N(CCc1ccccc1)CC3,1,val,42
1403,CN1CCC(=C2c3ccccc3Sc3ccccc32)CC1,1,train,42
1404,CCOC(=O)C1(c2ccccc2)CCN(CCCNc2ccccc2)CC1,1,train,42
1405,C#CCN1C(=O)CN=C(c2ccccc2)c2cc(Cl)ccc21,1,train,42
1406,CN(C)S(=O)(=O)c1ccc2c(c1)N(CCCN1CCC(CCO)CC1)c1ccccc1S2,1,test,42
1407,OC(c1ccccc1)(c1ccccc1)C1CCCCN1,1,train,42
1408,CN1CCC(=C2c3ccccc3CCc3sccc32)CC1,1,val,42
1409,CN(C)CCCN1c2ccccc2CCc2ccccc21,1,train,42
1410,CC(=O)OCC(=O)[C@@]1(O)CC[C@H]2[C@@H]3CCC4=CC(=O)C=C[C@]4(C)[C@H]3[C@@H](O)C[C@@]21C,1,train,42
1411,C[C@]12C=CC(=O)C=C1CC[C@@H]1[C@@H]2[C@@H](O)C[C@@]2(C)[C@H]1CC[C@]2(O)C(=O)COC(=O)CCC(=O)[O-],1,train,42
1412,CCCCC(=O)OC1(C(=O)CO)CCC2C3CCC4=CC(=O)C=CC4(C)C3C(O)CC21C,1,train,42
1413,Cc1c2c(cn1C)NC(=O)CN=C2c1ccccc1,1,test,42
1414,COc1ccc(C#N)cc1C(=O)NCCN1CCC(C(=O)c2ccc(F)cc2)CC1,1,train,42
1415,CCC(=O)OCC(=O)[C@@]12OC(C)(C)O[C@@H]1CC1C3C[C@H](F)C4=CC(=O)C=CC4(C)[C@@]3(F)C(O)CC12C,1,train,42
1416,CCCNC(=O)N1CC(c2ccccc2)OC1=O,1,train,42
1417,CC(CN1c2ccccc2Sc2ccccc21)N(C)C,1,train,42
1418,CCCOC(=O)c1cncn1C(C)c1ccccc1,1,val,42
1419,CCCN1CCCC1CNC(=O)c1cc(S(N)(=O)=O)ccc1OC,1,train,42
1420,CN(C)CCCN1c2ccccc2Sc2cccnc21,1,train,42
1421,CCC1(CC)C(=O)C=CNC1=O,1,train,42
1422,CCCC(C(=O)c1ccc(C)cc1)N1CCCC1,1,train,42
1423,c1ccc2c(c1)CCc1ccccc1N2C1CN2CCC1CC2,1,train,42
1424,Cc1cccc(Cl)c1NC(=O)/C=C1\SCC(=O)N1C,1,train,42
1425,CCOc1ccccc1O[C@@H](c1ccccc1)[C@@H]1CNCCO1,1,train,42
1426,CCN1CCC[C@H]1CNC(=O)c1c(OC)ccc(Br)c1OC,1,val,42
1427,O=C1c2ccccc2S(=O)(=O)N1CCCN1CCN(c2ncccn2)CC1,1,train,42
1428,CN1CCN(C2=Cc3cc(Cl)ccc3/C(=C\C#N)c3ccccc32)CC1,1,train,42
1429,Nc1nc2ccc(OC(F)(F)F)cc2s1.[H+],1,test,42
1430,COC(F)(F)C(F)Br,1,train,42
1431,COc1cc(C(=O)/C=C/N2CC=CC2)cc(OC)c1OC,1,train,42
1432,O=C1CCC2CCC(=O)N12,1,val,42
1433,Cc1cccc(/C=N/N2CCN(C(c3ccccc3)c3ccccc3)CC2)n1,1,train,42
1434,NC(=O)c1cn(Cc2c(F)cccc2F)nn1,1,train,42
1435,CN(c1nc2ccccc2s1)C1CCN(CC(O)COc2ccc(F)cc2)CC1,1,train,42
1436,Cc1nc2n(c(=O)c1CCN1CCC(C(=O)c3ccc(F)cc3)CC1)CCS2,1,train,42
1437,CN1CCN(c2ncc(-c3cc(Cl)cc(Cl)c3Cl)c(N)n2)CC1,1,train,42
1438,Clc1ccc([C@@H]2[C@H]3CC[C@@H](C3)C23CCC(N2CCOCC2)=N3)cc1,1,val,42
1439,O=C1NCN(c2ccccc2)C12CCN(CC1COc3ccccc3O1)CC2,1,train,42
1440,CN1C(=S)CN=C(c2ccccc2)c2cc(Cl)ccc21,1,train,42
1441,CCC(C)(S(=O)(=O)CC)S(=O)(=O)CC,1,val,42
1442,CCN1CCCC1CNC(=O)c1cc(S(N)(=O)=O)ccc1OC,1,train,42
1443,O=C1NCCCC1N1C(=O)c2ccccc2S1(=O)=O,1,train,42
1444,c1ccc2c(c1)CCc1cccc3c1C2CN1CCCCC31,1,train,42
1445,C=CCC1(C(C)CC)C(=O)NC(=O)NC1=O,1,train,42
1446,CN1CCN(C2=Nc3cscc3/C(=C/C#N)c3cscc32)CC1,1,val,42
1447,c1csc(Cc2ccccc2OCC2CNCCO2)c1,1,train,42
1448,CN1C(=O)CN=C(C2=CCCCC2)c2cc(Cl)ccc21,1,train,42
1449,CCCC(CC)C1(CC)C(=O)NC(=S)NC1=O,1,train,42
1450,CCN(CC)CCNC(=O)c1cc(S(C)(=O)=O)ccc1OC,1,train,42
1451,CCC(=O)O[C@]1(C(=O)SC)[C@H](C)CC2C3C[C@H](F)C4=CC(=O)C=CC4(C)[C@@]3(F)[C@@H](O)C[C@@]21C,1,train,42
1452,CN(C)CCCN1c2ccccc2C=Cc2sccc21,1,train,42
1453,CCN1CCc2[nH]c3cc(F)c4scc(C)c4c3c2C1,1,test,42
1454,CCNC1(c2cccs2)CCCCC1=O,1,train,42
1455,CCCC1(C)COB(c2ccc(C)cc2)OC1,1,train,42
1456,Cc1cccc(N2CC(CO)OC2=O)c1,1,train,42
1457,CNCC[C@@H](Oc1ccccc1C)c1ccccc1,1,train,42
1458,Cc1ccccc1N1CCN(CCCOc2ccccn2)CC1,1,test,42
1459,CC1(C)O[C@@H]2C[C@H]3[C@@H]4CCC5=CC(=O)C=C[C@]5(C)[C@@]4(F)[C@@H](O)C[C@]3(C)[C@]2(C(=O)CO)O1,1,train,42
1460,CC(=O)OCC(=O)[C@@]1(O)[C@H](OC(C)=O)C[C@H]2[C@@H]3CCC4=CC(=O)C=C[C@]4(C)[C@@]3(F)[C@@H](O)C[C@@]21C,1,train,42
1461,CC(C)(C)CC(=O)OCC(=O)[C@@]12OC(C)(C)O[C@@H]1C[C@H]1[C@@H]3CCC4=CC(=O)C=C[C@]4(C)[C@@]3(F)[C@@H](O)C[C@@]12C,1,train,42
1462,O=C(Nc1ccc(O)cc1)C(Cl)(Cl)Cl,1,train,42
1463,CN1C(=O)CC(=O)N(c2ccccc2)c2cc(C(F)(F)F)ccc21,1,train,42
1464,CC(CN(C)C)CN1c2ccccc2Sc2ccc(C(F)(F)F)cc21,1,train,42
1465,CN1CCN(CCCN2c3ccccc3Sc3ccc(C(F)(F)F)cc32)CC1,1,train,42
1466,CN1C(=O)OC(C)(C)C1=O,1,train,42
1467,CN1c2ccccc2C(c2ccccc2Cl)=NCC1(Cl)CO,1,train,42
1468,C=CCC(CC)(CC)C(N)=O,1,train,42
1469,CCC(C)C(CC)C(N)=O,1,train,42
1470,CO[C@@H]1O[C@H]2O[C@@]3(CN4CCCCC4)[C@@H]1[C@H](C[C@@H]3O)[C@H]2C,1,val,42
1471,CCCC(CCC)C(N)=O,1,train,42
1472,CC/C=C(\C)C1(CC)C(=O)NC(=O)NC1=O,1,test,42
1473,C=CC1(C(C)CCC)C(=O)NC(=O)NC1=O,1,train,42
1474,C=CC1CNCCC1CCCc1ccnc2ccc(OC)cc12,1,train,42
1475,CCCCCCOc1nsnc1C1=CCCN(C)C1,1,train,42
1476,CCN(C(C)=O)c1cccc(-c2ccnc3c(C#N)cnn23)c1,1,train,42
1477,CN(C)C/C=C(/c1ccc(Br)cc1)c1cccnc1,1,train,42
1478,Cc1nn(C)c2c1N(c1ccccc1)C(=O)CC(=O)N2C,1,train,42
1479,CC1=C2C(c3cccc(Cl)c3)=NCCN=C2N(C)N1,1,test,42
1480,[N-]=[N+]=O,1,train,42
1481,O=c1[nH]c2cc(Cl)c(Cl)c([N+](=O)[O-])c2[nH]c1=O,1,train,42
1482,C[S+](CC[C@H](N)C(=O)[O-])C[C@H]1O[C@@H](n2cnc3c(N)ncnc32)[C@H](O)[C@@H]1O,1,test,42
1483,CC(Cc1ccccc1)n1cc([N-]C(=O)Nc2ccccc2)[o+]n1,1,test,42
1484,CCc1c(C)[n+]([NH-])c(-c2ccc(OC)c(OC)c2)c2cc(OC)c(OC)cc12,1,train,42
1485,[N-]=[N+]=NCC(=O)N[C@H](CO)[C@H](O)c1ccc([N+](=O)[O-])cc1,1,train,42
1486,O[C@@H](c1cc(C(F)(F)F)nc2c(C(F)(F)F)cccc12)[C@H]1CCCCN1,1,train,42
1487,C[C@@H]1COc2c(N3CCN(C)CC3)c(F)c(C(=O)O)c3c(=O)ccn1c23,1,train,42
1488,Cc1ccc(C(=O)NC[C@H]2CN=C(c3ccc(F)cc3)c3ccc(C)cc3N2C)cc1,1,test,42
1489,CN1CCc2cccc3c2[C@@H]1Cc1ccc(O)c(O)c1-3,1,train,42
1490,O=C(Cc1ccc(Cl)c(Cl)c1)N1CCc2ccsc2[C@H]1CN1CCCC1,1,train,42
1491,C[C@@H]1[C@H]2Cc3ccc(O)cc3[C@]1(C)CCN2CC1CC1,1,train,42
1492,CN(C)CCOC(c1ccccc1)c1ccccc1,1,train,42
1493,CN(C)CCO[C@@](C)(c1ccccc1)c1ccccn1,1,train,42
1494,C[C@]12CC[C@@H]3c4ccc(O)cc4CC[C@H]3[C@@H]1CC[C@@H]2O,1,val,42
1495,OCCN1CCN(CC/C=C2\c3ccccc3Sc3ccc(C(F)(F)F)cc32)CC1,1,train,42
1496,CC(C)[C@H](CN1CCCC1)N(C)C(=O)Cc1ccc(Cl)c(Cl)c1,1,test,42
1497,CN(C(=O)Cc1ccc(Cl)c(Cl)c1)[C@@H](CN1CCCC1)c1ccccc1,1,train,42
1498,C=CCN1CC[C@]23CCCC[C@@H]2[C@H]1Cc1ccc(O)cc13,1,test,42
1499,C=CCN1CC[C@@]23c4c5ccc(O)c4O[C@@H]2[C@@H](O)C=C[C@@H]3[C@@H]1C5,1,train,42
1500,O=C1CC[C@]2(O)[C@@H]3Cc4ccc(O)c5c4[C@]2(CCN3CC2CC2)[C@@H]1O5,1,train,42
1501,CC(=O)[C@H]1CC[C@H]2[C@@H]3CCC4=CC(=O)CC[C@]4(C)[C@H]3CC[C@]12C,1,test,42
1502,Oc1ccc2[nH]cc(CCCCN3CC=C(c4ccccc4)CC3)c2c1,1,train,42
1503,CCCNC(=O)c1ccc2c(c1)N([C@@H](C)CN1CCCC1)c1ccccc1S2,1,train,42
1504,CN1CCN(C(=O)Cc2ccc(Cl)c(Cl)c2)[C@@H](CN2CCCC2)C1,1,train,42
1505,O=C(Cc1ccc(Cl)c(Cl)c1)N1CCn2ccnc2[C@H]1CN1CCCC1,1,train,42
1506,O=C(Cc1ccc(Cl)c(Cl)c1)N1CCn2ncnc2[C@H]1CN1CCCC1,1,train,42
1507,CC[C@H](NC(=O)c1c(O)c(-c2ccccc2)nc2ccccc12)c1ccccc1,1,train,42
1508,CC[C@H](NC(=O)c1c(OCCCN(C)C)c(-c2ccccc2)nc2ccccc12)c1ccccc1,1,train,42
1509,C[C@]12CC[C@H]3[C@@H](CCC4=CC(=O)CC[C@@]43C)[C@@H]1CC[C@@H]2O,1,val,42
1510,CN(C(=O)Cc1ccc(Cl)c(Cl)c1)[C@H]1CCCC[C@H]1N1CCCC1,1,train,42
1511,Nc1nc(NC2CC2)c2ncn([C@H]3C=C[C@@H](CO)C3)c2n1,1,train,42
1512,CCCC(=O)Nc1ccc(OC[C@H](O)CNC(C)C)c(C(C)=O)c1,1,test,42
1513,Nc1nc2c(ncn2COCCO)c(=O)[nH]1,1,val,42
1514,NC12CC3CC(CC(C3)C1)C2,1,train,42
1515,C[C@H](N)Cc1ccccc1,1,train,42
1516,NCC[C@H](O)C(=O)N[C@@H]1C[C@H](N)[C@@H](O[C@H]2O[C@H](CN)[C@@H](O)[C@H](O)[C@H]2O)[C@H](O)[C@H]1O[C@H]1O[C@H](CO)[C@@H](O)[C@H](N)[C@H]1O,1,test,42
1517,Nc1ccn([C@@H]2O[C@H](CO)[C@@H](O)[C@H]2O)c(=O)n1,1,train,42
1518,CN(C)/N=N/c1[nH]cnc1C(N)=O,1,train,42
1519,O=C1CN=C(c2ccccc2)c2cc(Cl)ccc2N1,1,train,42
1520,COc1ccc2c(c1)[C@@]13CCCC[C@@H]1[C@@H](C2)N(C)CC3,1,train,42
1521,CCN(CC)C(=S)SSC(=S)N(CC)CC,1,train,42
1522,C[C@H]1c2cccc(O)c2C(=O)C2=C(O)[C@]3(O)C(=O)C(C(N)=O)=C(O)[C@@H](N(C)C)[C@@H]3[C@@H](O)[C@@H]21,1,train,42
1523,CCc1cc(C(N)=S)ccn1,1,train,42
1524,CC[C@]1(C)CC(=O)NC1=O,1,train,42
1525,O=C(O)P(=O)(O)O,1,train,42
1526,NCC1(CC(=O)O)CCCCC1,1,train,42
1527,CC(C)=CCN1CC[C@@]2(C)c3cc(O)ccc3C[C@@H]1[C@@H]2C,1,val,42
1528,OC[C@H]1O[C@@H](n2cnc3c2N=CNC[C@H]3O)CC1O,1,train,42
1529,CCOC(=O)C1(c2ccccc2)CCN(C)CC1,1,train,42
1530,CCC1(c2ccccc2)C(=O)NC(=O)NC1=O,1,test,42
1531,CC(C)NC[C@@H](O)COc1cccc2[nH]ccc12,1,train,42
1532,CO[C@H](C(=O)[C@@H](O)[C@@H](C)O)[C@@H]1Cc2cc3cc(O[C@H]4C[C@@H](O[C@H]5C[C@@H](O)[C@H](O)[C@@H](C)O5)[C@@H](O)[C@@H](C)O4)c(C)c(O)c3c(O)c2C(=O)[C@H]1OC1C[C@@H](O[C@H]2C[C@@H](O[C@H]3C[C@](C)(O)[C@H](O)[C@@H](C)O3)[C@H](O)[C@@H](C)O2)[C@H](O)[C@@H](C)O1,1,train,42
1533,O=C(C1CCCCC1)N1CC(=O)N2CCc3ccccc3[C@H]2C1,1,train,42
1534,NC1[C@H]2CN(c3nc4c(cc3F)c(=O)c(C(=O)O)cn4-c3ccc(F)cc3F)C[C@H]12,1,train,42
1535,NC(N)=O,1,train,42
1536,CN1[C@@H]2CC[C@H]1CC(OC(=O)[C@@H](CO)c1ccccc1)C2,1,test,42
1537,C[C@H](NC(C)(C)C)C(=O)c1cccc(Cl)c1,1,train,42
1538,CS(=O)(=O)OCCCCOS(C)(=O)=O,1,train,42
1539,O=NN(CCCl)C(=O)NCCCl,1,train,42
1540,CCN(CC)CCC[C@@H](C)Nc1ccnc2cc(Cl)ccc12,1,train,42
1541,COc1cc(N)c(Cl)cc1C(=O)N[C@H]1CCN(CCCOc2ccc(F)cc2)C[C@@H]1OC,1,train,42
1542,Nc1nc(Cl)nc2c1ncn2[C@H]1CC(O)[C@@H](CO)O1,1,train,42
1543,CN(C)CCCN1c2ccccc2CCc2ccc(Cl)cc21,1,test,42
1544,N[C@@H]1CONC1=O,1,val,42
1545,NNC(=O)c1ccncc1,1,train,42
1546,C[C@H](C(=O)O)c1cccc(C(=O)c2ccccc2)c1,1,train,42
1547,C[C@H]1COc2c(N3CCN(C)CC3)c(F)cc3c(=O)c(C(=O)O)cn1c23,1,train,42
1548,COCCc1ccc(OC[C@H](O)CNC(C)C)cc1,1,train,42
1549,O=C(NCCN1CCOCC1)c1ccc(Cl)cc1,1,train,42
1550,NC(=O)c1cnccn1,1,val,42
1551,CN(C)C(=O)Oc1ccc[n+](C)c1,1,train,42
1552,CCc1nc(N)nc(N)c1-c1ccc(Cl)cc1,1,train,42
1553,NC(=O)c1cnn([C@@H]2O[C@H](CO)[C@@H](O)[C@H]2O)n1,1,train,42
1554,FCOC(C(F)(F)F)C(F)(F)F,1,train,42
1555,CC(C)NC[C@@H](O)c1ccc(NS(C)(=O)=O)cc1,1,train,42
1556,Cc1cn([C@H]2C=C[C@@H](CO)O2)c(=O)[nH]c1=O,1,train,42
1557,Nc1ccc(S(=O)(=O)Nc2ncccn2)cc1,1,train,42
1558,Nc1c2c(nc3ccccc13)CCCC2,1,val,42
1559,CC/C(=C(/c1ccccc1)c1ccc(OCCN(C)C)cc1)c1ccccc1,1,train,42
1560,CN1C(=O)[C@H](O)N=C(c2ccccc2)c2cc(Cl)ccc21,1,train,42
1561,CC1(C)S[C@@H]2[C@@H](NC(=O)[C@H](C(=O)O)c3ccsc3)C(=O)N2[C-]1C(=O)O,1,train,42
1562,CC[C@@]1(O)C(=O)OCc2c1cc1n(c2=O)Cc2cc3c(CN(C)C)c(O)ccc3nc2-1,1,test,42
1563,Nc1ccn([C@H]2CC[C@@H](CO)O2)c(=O)n1,1,test,42
1564,NS(=O)(=O)Cc1noc2ccccc12,1,train,42
1565,Nc1nc(O)c2c(n1)NC[C@@H](CNc1ccc(C(=O)N[C@@H](CCC(=O)[O-])C(=O)[O-])cc1)N2C=O,1,train,42
1566,Nc1nc(O)ncc1F,1,train,42
1567,O=NN(CCCl)C(=O)NC1CCCCC1,1,train,42
1568,COc1cc([C@H]2c3cc4c(cc3[C@H](O[C@H]3O[C@H]5CO[C@H](c6cccs6)O[C@@H]5[C@@H](O)[C@@H]3O)[C@H]3COC(=O)[C@H]23)OCO4)cc(O)c1O,1,val,42
1569,Nc1ncnc2c1ncn2[C@@H]1O[C@H](CO)[C@@H](O)[C@H]1O,1,val,42
1570,CC(=C(CCOP(=O)(O)O)SC(=O)c1ccccc1)N(C=O)Cc1cnc(C)nc1N,1,train,42
1571,CP(C)(=O)CN1C(=O)CN=C(c2ccccc2)c2cc(Cl)ccc21,1,train,42
1572,NNC(=O)CP(=O)(c1ccccc1)c1ccccc1,1,train,42
1573,CC1OC1P(=O)(O)O,1,train,42
1574,O=C1NC(c2ccccc2)(c2ccccc2)C(=O)N1CP(=O)(O)O,1,train,42
1575,CN(C)CCc1c[nH]c2cccc(OP(=O)(O)O)c12,1,val,42
1576,O=P(O)(O)OCC(Cl)(Cl)Cl,1,test,42
1577,S=P(N1CC1)(N1CC1)N1CC1,1,train,42
1578,C[C@]12CCC(=O)C=C1CC[C@@H]1[C@@H]2[C@H](O)C[C@]2(C)[C@H]1CC[C@@]2(O)C(=O)CS,1,test,42
1579,S=C1NCC[C@H](COc2ccccc2)O1,1,train,42
1580,C=CCC1([C@H]2C=CCCC2)C(=O)NC(=S)NC1=O,1,train,42
1581,CCC[C@@H](CC)C1(CC)C(=O)NC(=S)NC1=O,1,train,42
1582,C=CCC1([C@H](C)CCC)C(=O)NC(=S)NC1=O,1,train,42
1583,CCC[C@@H](C)C1(CC)C(=O)NC(=S)NC1=O,1,train,42
1584,C=CCN1C(=O)[C@H](CC(C)C)NC1=S,1,train,42
1585,C/C(=C(/CCO)SSC[C@@H]1CCCO1)N(C=O)Cc1cnc(C)nc1N,1,train,42
1586,C/C(=C(/CCOC(=O)c1ccccc1)SS/C(CCOC(=O)c1ccccc1)=C(\C)N(C=O)Cc1cnc(C)nc1N)N(C=O)Cc1cnc(C)nc1N,1,train,42
1587,CCC[C@H](C)C1(CCSC)C(=O)NC(=S)NC1=O,1,train,42
1588,CSCC[C@@H](NC(C)=O)C(=O)Oc1ccc(NC(C)=O)cc1,1,train,42
1589,CCS[C@@]1(SC)CC[C@@H]2[C@H]3CCC4=CC(=O)C=C[C@@]4(C)[C@]3(F)[C@@H](O)C[C@]21C,1,train,42
1590,CCCN1C[C@H](CSC)C[C@@H]2c3cccc4[nH]cc(c34)C[C@H]21,1,train,42
1591,CN1C[C@H](CSc2ccccn2)C=C2c3cccc4[nH]cc(c34)C[C@@H]21,1,train,42
1592,CSc1ccc2c(c1)N(CC[C@@H]1CCCCN1C)c1ccccc1S2,1,train,42
1593,CSc1ccc2c(c1)N(C[C@@H](C)CN(C)C)c1ccccc1S2,1,test,42
1594,CSc1ccc2c(c1)[C@@H](N1CCN(C)CC1)Cc1ccccc1S2,1,train,42
1595,Cc1cc(C(C)(C)SC(C)(C)CNc2[nH]ccc2[N+](=O)[O-])nc(C)c1C,1,test,42
1596,CCOC(=O)OCC/C(SC(=O)OCC)=C(/C)N(C=O)Cc1cnc(C)nc1N,1,train,42
1597,CC(=O)SC[C@@H](Cc1ccccc1)C(=O)NCC(=O)OCc1ccccc1,1,test,42
1598,CC(C)(C)C(=O)SCC(=O)[C@]1(O)CC[C@H]2[C@@H]3CCC4=CC(=O)CC[C@@]4(C)[C@H]3[C@@H](O)C[C@]21C,1,train,42
1599,CCC(=O)O[C@@]1(C(=O)SCF)[C@@H](C)C[C@@H]2[C@H]3C[C@@H](F)C4=CC(=O)C=C[C@@]4(C)[C@]3(F)[C@@H](O)C[C@]21C,1,val,42
1600,CCC(=O)O[C@@]1(C(=O)SC)[C@@H](C)C[C@@H]2[C@H]3C[C@@H](F)C4=CC(=O)C=C[C@@]4(C)[C@]3(F)[C@@H](O)C[C@]21C,1,train,42
1601,CSC(=O)[C@]1(OC(C)=O)[C@@H](C)C[C@@H]2[C@H]3CCC4=CC(=O)C=C[C@@]4(C)[C@]3(F)[C@@H](O)C[C@]21C,1,train,42
1602,C[C@@H]1C[C@@H]2[C@H]3C[C@@H](F)C4=CC(=O)C=C[C@@]4(C)[C@]3(F)[C@@H](O)C[C@@]2(C)[C@]1(O)C(=O)SCF,1,train,42
1603,CSC(=O)[C@@]1(O)[C@@H](C)C[C@H]2[C@@H]3CCC4=CC(=O)C=C[C@]4(C)[C@@]3(F)[C@H](O)C[C@@]21C,1,train,42
1604,CC1(C)O[C@H]2[C@H](CO[C@@]3(COS(N)(=O)=O)OC(C)(C)O[C@H]23)O1,1,train,42
1605,CC1=C[C@@H]2[C@@H]([C@@H](O)C[C@]3(C)[C@H]2C[C@@H](C)[C@@]3(O)C(=O)COC(=O)c2cccc(S(=O)(=O)O)c2)[C@]2(C)Cc3cnn(-c4ccccc4)c3C=C12,1,train,42
1606,C=CCN1CCC[C@H]1CNC(=O)c1cc(S(=O)(=O)NC)c(N)cc1OC,1,test,42
1607,C=CCN1CCC[C@@H]1CNC(=O)c1cc(S(N)(=O)=O)cc(OC)c1OC,1,train,42
1608,CCCN1CCC[C@H]1CNC(=O)c1cc(S(N)(=O)=O)ccc1OC,1,test,42
1609,CCN1CCC[C@H]1CNC(=O)c1cc(S(N)(=O)=O)ccc1OC,1,train,42
1610,COc1ccc(S(N)(=O)=O)cc1C(=O)NC[C@H]1CCCN1Cc1ccc(F)cc1,1,train,42
1611,COc1ccc(S(N)(=O)=O)cc1C(=O)NC[C@H]1CCCN1C,1,train,42
1612,CCCN1C[C@H](NS(=O)(=O)N(CC)CC)C[C@@H]2Cc3c(O)cccc3C[C@@H]21,1,train,42
1613,CCN(CC)S(=O)(=O)N[C@@H]1C[C@@H]2c3cccc4[nH]cc(c34)C[C@@H]2N(C)C1,1,train,42
1614,CN1C[C@H](NS(=O)(=O)N(C)C)C[C@@H]2c3cccc4c3c(cn4C)C[C@H]21,1,train,42
1615,CN1CCN(CC/C=C2\c3ccccc3Sc3ccc(S(=O)(=O)N(C)C)cc32)CC1,1,train,42
1616,CCN1CCC[C@@H]1CNC(=O)c1cc(S(=O)(=O)CC)ccc1OC,1,val,42
1617,CCN1CCC[C@H]1CNC(=O)c1cc(S(=O)(=O)CC)c(N)cc1OC,1,val,42
1618,CN1CCCC[C@H]1CCN1c2ccccc2Sc2ccc(S(C)(=O)=O)cc21,1,val,42
1619,CCCCSc1ccc([C@@H](SCCN(C)C)c2ccccc2)cc1,1,train,42
1620,C/C(=C(/CCOC(=O)c1ccccc1)SC(=O)c1ccccc1)N(C=O)Cc1cnc(C)nc1N,1,train,42
1621,CC(=O)OCC/C(SC(C)=O)=C(/C)N(C=O)Cc1cnc(C)nc1N,1,train,42
1622,NNO,1,train,42
1623,OCCN1CCN(CC/C=C2/c3ccccc3COc3ccc(Cl)cc32)CC1,1,test,42
1624,OCCN1CCN([C@H]2C[C@@H](c3ccc(F)cc3)c3ccc(C(F)(F)F)cc32)CC1,1,train,42
1625,CCCN(CCC)[C@H]1Cc2cccc3cc(O)cc(c23)C1,1,train,42
1626,Oc1ccc2c(c1)[C@@]13CCCC[C@H]1[C@@H](C2)NCC3,1,val,42
1627,Oc1ccc2c(c1)[C@@]13CCCC[C@H]1[C@@H](C2)N(CCc1ccccc1)CC3,1,train,42
1628,C=C1C[C@@H](C)[C@@H]2[C@H]3Cc4ccc(O)cc4[C@@]2(CCN3CC2CCC2)C1,1,train,42
1629,Oc1ccc2c(c1)[C@]13CCN(CC4CC4)[C@H](C2)[C@@H]1CCOC3,1,train,42
1630,Oc1ccc2c(c1)[C@]13CCCC[C@]1(O)[C@H](C2)N(CC1CCC1)CC3,1,train,42
1631,Oc1ccc2c(c1)[C@]13CCCC[C@]1(O)[C@H](C2)N(CC1CC1)CC3,1,test,42
1632,C=CCN1CC[C@@]23CCCC[C@H]2[C@@H]1Cc1ccc(O)cc13,1,train,42
1633,CC[C@@]12CCN(CC3CCC3)[C@H](Cc3ccc(O)cc31)C2(C)C,1,train,42
1634,CC[C@@]12CCN(CC3CC3)[C@H](Cc3ccc(O)cc31)C2(C)C,1,train,42
1635,CN1CC[C@@]2(C)C[C@H](Cc3ccc(O)cc32)C1,1,train,42
1636,CC[C@]12CCN(CC3(O)CC3)[C@H](Cc3ccc(O)cc31)C2(C)C,1,train,42
1637,C[C@]12CCCCC[C@@H](Cc3ccc(O)cc31)[C@H]2N,1,train,42
1638,C[C@@H]1[C@H]2Cc3ccc(O)cc3[C@]1(C)CCN2CCc1ccccc1,1,train,42
1639,C[C@@H]1[C@@H]2Cc3ccc(O)cc3[C@]1(C)CCN2CC1CC1,1,train,42
1640,CC(C)=CCN1CC[C@@]2(C)c3cc(O)ccc3C[C@H]1[C@H]2C,1,train,42
1641,C[C@@H]1[C@@H]2Cc3ccc(O)cc3[C@]1(C)CCN2C,1,train,42
1642,CCC[C@]1(c2cccc(O)c2)CCN(C)C[C@H]1C,1,val,42
1643,CN1CC[C@]23c4c5ccc(O)c4O[C@H]2[C@@](C)(O)CC[C@@H]3[C@H]1C5,1,train,42
1644,CN1CC[C@@]23c4c5ccc(O)c4O[C@@H]2CCC[C@@H]3[C@@H]1C5,1,train,42
1645,CC1=CC[C@@H]2N(C)[C@@H]3Cc4ccc(O)c5c4[C@]2(C3)[C@@H]1O5,1,train,42
1646,C=C1CC[C@@]2(O)[C@@H]3Cc4ccc(O)c5c4[C@]2(CCN3CC2CC2)[C@@H]1O5,1,train,42
1647,C=C1Cc2c(CCN(CCC)CCC)ccc(O)c2N1,1,train,42
1648,CN1CCc2cccc3c2[C@H]1Cc1ccc(O)c(O)c1-3,1,train,42
1649,Cc1c(C)c2c(c(C)c1O)CC[C@](C)(CCC[C@@H](C)CCC[C@@H](C)CCCC(C)C)O2,1,train,42
1650,CN1C[C@]23C=CC(O)=C[C@@]24C[C@]42CCCC[C@@H]2[C@H]1C3,1,val,42
1651,CC(C)C1(C(C)C)OC[C@@H](CO)O1,1,train,42
1652,OC[C@H]1O[C@@H](n2cnc3c2N=CNC[C@H]3O)C[C@H]1O,1,train,42
1653,OCc1ccccc1O[C@@H]1O[C@H](CO)[C@@H](O)[C@@H](O)[C@H]1O,1,train,42
1654,OC[C@H]1O[C@H](n2cnc3c2NC=NC[C@@H]3O)C[C@@H]1O,1,train,42
1655,OC[C@H](O)[C@H]1O[C@H]2O[C@H](C(Cl)(Cl)Cl)O[C@H]2[C@@H]1O,1,val,42
1656,O=C(N[C@H](CO)[C@H](O)c1ccc([N+](=O)[O-])cc1)C(Cl)Cl,1,train,42
1657,O=C(O)CCCC[C@H]1SC[C@H]2NC(=O)N[C@H]21,1,train,42
1658,OC(c1ccccc1)(c1ccccc1)[C@H]1CCCCN1,1,val,42
1659,OC(c1ccccc1)(c1ccccc1)[C@H]1C[C@@H]1c1ccncc1,1,train,42
1660,CCCCC[C@H](N)C(O)(c1ccccc1)c1ccccc1,1,val,42
1661,O=C1NCCC[C@H]1N1C(=O)c2ccccc2S1(=O)=O,1,train,42
1662,C[C@H](CN(C)C)CN1c2ccccc2S(=O)(=O)c2ccccc21,1,test,42
1663,C/C(=C1/CCOC(=O)S1)N(C=O)Cc1cnc(C)nc1N,1,train,42
1664,O=C1[C@@H]2[C@H]3CC[C@@H](C3)[C@H]2C(=O)N1CCCCN1CCN(c2ncccn2)CC1,1,train,42
1665,O=C1[C@@H]2[C@H]3C=C[C@@H]([C@H]4C=C[C@H]43)[C@H]2C(=O)N1CCCCN1CCN(c2ncccn2)CC1,1,train,42
1666,O=C1NCCN[C@H]1c1cccs1,1,train,42
1667,CN1C[C@@H](CN2CC(=O)NC(=O)C2)C=C2c3cccc4[nH]cc(c34)C[C@H]21,1,train,42
1668,O=C1CCN=C2C[C@H](c3ccccc3)CN12,1,train,42
1669,O=C1CN2C(=O)CC[C@H]2N1,1,train,42
1670,C[C@H]1NC(=O)CO[C@H]1c1ccccc1,1,train,42
1671,C[C@@]1(c2ccccc2)CC(=O)N(CN2CCOCC2)C1=O,1,test,42
1672,O=C1CC2(CCCC2)CC(=O)N1CCNC[C@@H]1COc2ccccc2O1,1,val,42
1673,CN(C)CCN1C(=O)C[C@@H](c2ccccc2)Sc2ccccc21,1,train,42
1674,O=C1[C@@H]2[C@@H]3CC[C@@H](C3)[C@@H]2C(=O)N1CCCCN1CCN(c2ncccn2)CC1,1,train,42
1675,O=C1[C@@H]2[C@H]3C=C[C@H]([C@@H]4C=C[C@@H]43)[C@@H]2C(=O)N1CCCCN1CCN(c2ncccn2)CC1,1,train,42
1676,NC[C@H]1CC(=O)N(Cc2ccccc2)C1,1,train,42
1677,C=CCN1C(=O)O[C@H](C)C1=O,1,train,42
1678,CCN1C[C@@H](CCN2CCOCC2)C(c2ccccc2)(c2ccccc2)C1=O,1,train,42
1679,CCN1C(=O)N[C@@H](c2ccccc2)C1=O,1,train,42
1680,O=C1NCCN1C1CCN(CC[C@H]2COc3ccccc3O2)CC1,1,train,42
1681,CNCCC[C@@]1(C)C(=O)N(c2ccccc2)c2ccccc21,1,train,42
1682,Cc1cccc(N2C[C@H](CO)OC2=O)c1,1,train,42
1683,Cc1ccccc1-n1c(/C=C\c2ccccn2)nc2ccccc2c1=O,1,test,42
1684,O=C1CCC(=O)N1C[C@@H]1CC[C@H]2CN(c3ncccn3)CCN2C1,1,val,42
1685,C[C@H](CN1C(=O)c2cccnc2Nc2ccccc21)N(C)C,1,train,42
1686,CC[C@@]1(C)OC(=O)N(C)C1=O,1,train,42
1687,CC[C@@]1(c2ccccc2)C(=O)NC(=O)N(C)C1=O,1,train,42
1688,CN1C(=O)NC(=O)[C@@](C)(C2=CCCCC2)C1=O,1,test,42
1689,C=CC[C@]1([C@H](C)C#CCC)C(=O)NC(=O)N(C)C1=O,1,train,42
1690,CC[C@@]1(c2ccccc2)NC(=O)N(C)C1=O,1,train,42
1691,C[C@@H](Cc1ccccc1)NCCn1cnc2c1c(=O)n(C)c(=O)n2C,1,val,42
1692,C[C@H](O)Cn1cnc2c1c(=O)n(C)c(=O)n2C,1,val,42
1693,CN1C(=O)C[C@H](c2ccccc2)C1=O,1,train,42
1694,CN1C(=O)C[C@@](C)(c2ccccc2)C1=O,1,train,42
1695,CC[C@@]1(c2ccccc2)C(=O)NC(=O)N1C,1,train,42
1696,CN1C(=O)CC[C@@H]1c1cccnc1,1,train,42
1697,C#C[C@]1(O)CC[C@H]2[C@@H]3[C@H](C)CC4=C(CCC(=O)C4)[C@@H]3CC[C@@]21C,1,train,42
1698,O=C1CC[C@@](c2ccccc2)(C2CCN(C/C=C/c3ccccc3)CC2)C(=O)N1,1,train,42
1699,O=C1CC[C@H](C(=O)N2CCCCC2)N1,1,train,42
1700,C[C@]12CC[C@H]3[C@@H](CCC4=CC(=O)CC[C@]43C)[C@@H]1CC[C@@H]2O,1,train,42
1701,CCCCCCC(C)(C)c1cc(O)c2c(c1)OC(C)(C)[C@H]1CCC(=O)C[C@H]21,1,train,42
1702,O=C1CC[C@H]2[C@@H]3Cc4cccc(O)c4[C@]2(CCN3CC2CC2)C1,1,val,42
1703,O=C1O[C@H]([C@@H](O)CO)C(O)=C1O,1,train,42
1704,O=C1NC(=O)C(C[C@@H]2CCCCN2)(c2ccccc2)C(=O)N1,1,train,42
1705,C=CCC1(C[C@H](C)O)C(=O)NC(=O)NC1=O,1,train,42
1706,CCC[C@H](C)C1(CC)C(=O)NC(O)NC1=O,1,train,42
1707,CCC[C@H](C)C1(CC)C(=O)NC(=O)NC1=O,1,train,42
1708,CCC[C@@H](CC)C1(CC)C(=O)NC(=O)NC1=O,1,train,42
1709,C=CCC1([C@H](C)CCC)C(=O)NC(=O)NC1=O,1,train,42
1710,C=CC1([C@H](C)CCC)C(=O)NC(=O)NC1=O,1,train,42
1711,C=CCC1([C@H](C)CC)C(=O)NC(=O)NC1=O,1,train,42
1712,CC[C@@H](C)C1(CC)C(=O)NC(=O)NC1=O,1,train,42
1713,CN1CC[C@@]23c4c5ccc(O)c4O[C@@H]2C(=O)CC[C@H]3[C@@H]1C5,1,val,42
1714,O=C1CC[C@@]2(O)[C@@H]3Cc4ccc(O)c5c4[C@]2(CCN3CC2CC2)[C@@H]1O5,1,train,42
1715,C[C@H]1[C@H]2C(=O)c3ccc(O)cc3[C@@]1(C)CCN2CC1CC1,1,train,42
1716,CCc1c(C)[nH]c2c1C(=O)[C@@H]1CN(C)CC[C@@H]1C2,1,train,42
1717,CCC1(CC)C(=O)NC[C@@H](C)C1=O,1,train,42
1718,CC1(C)NC(=O)[C@H](/C=C/c2ccccc2)O1,1,test,42
1719,CN1CC[C@@]23c4c5ccc(O)c4O[C@@]2(C)C(=O)CC[C@H]3[C@@H]1C5,1,train,42
1720,CC1(C)[C@H]2CC[C@]1(C)C(=O)C2,1,train,42
1721,CC[C@@]1(c2ccccc2)NCC(=O)NC1=O,1,train,42
1722,CC[C@@]1(c2ccccc2)CCC(=O)NC1=O,1,train,42
1723,C=CCN1CC[C@]23c4c5ccc(O)c4O[C@H]2C(=O)CC[C@]3(O)[C@H]1C5,1,train,42
1724,CC(C)=CCN1CC[C@]23c4c5ccc(O)c4O[C@H]2C(=O)CC[C@]3(O)[C@H]1C5,1,train,42
1725,CN1CC[C@]23c4c5ccc(O)c4O[C@H]2C(=O)CC[C@]3(O)[C@H]1C5,1,train,42
1726,CCCCCN[C@]12C=CC(=O)[C@@H]3Oc4c(O)ccc5c4[C@@]31CCN(C)[C@@H]2C5,1,test,42
1727,O=C1CC[C@H](N2C(=O)c3ccccc3C2=O)C(=O)N1,1,train,42
1728,O=C1CC[C@H](N2C(=O)[C@@H]3[C@H]4CC[C@H](C4)[C@@H]3C2=O)C(=O)N1,1,train,42
1729,C#[S@]1(C[C@H]2O[C@H](n3cnc4c3NC=N[C@@H]4N)[C@@H](O)[C@@H]2O)CC[C@H](N)C(=O)O1,1,train,42
1730,CCc1c(C)[nH]c2c1C(=O)[C@@H](CN1CCOCC1)CC2,1,test,42
1731,CC[C@@H]1C(=O)NC(=O)[C@]1(C)c1ccccc1,1,test,42
1732,O=C1NCCN[C@@H]1c1cccs1,1,val,42
1733,CCNC1=NC(=O)[C@@H](c2ccccc2)O1,1,train,42
1734,O=C1N=C(NC2CC2)O[C@@H]1c1ccccc1,1,train,42
1735,NC1=NC(=O)[C@@H](c2ccccc2)O1,1,train,42
1736,CN(C)C1=NC(=O)[C@@H](c2ccccc2)O1,1,train,42
1737,O=C1NC(=O)[C@@]2(CCc3ccccc3C2)N1,1,val,42
1738,O=C1CC[C@@]2(CCC(=O)c3ccccc32)C(=O)N1,1,train,42
1739,CCN[C@]1(c2cccs2)CCCCC1=O,1,test,42
1740,CC[C@]1(c2ccc(N)cc2)CCC(=O)NC1=O,1,test,42
1741,C=CC[C@]1([C@H](C)C#CCC)C(=O)N[C@H](O)N(C)[C@H]1O,1,test,42
1742,CC(C)[C@H](N)C(=O)OCCOCn1cnc2c(=O)[nH]c(N)nc21,1,train,42
1743,CC[C@@H](C(=O)OCCN1CCO[C@@H](c2ccccc2)[C@@H]1C)c1ccccc1,1,train,42
1744,CCCOC(=O)N1CCN(C(=O)Cc2ccc(Cl)c(Cl)c2)[C@H](CN2CCCC2)C1,1,train,42
1745,CCCOC(=O)c1cncn1[C@@H](C)c1ccccc1,1,train,42
1746,CC(=O)O[C@@H]1C[C@@H]2C(COC(=O)CC(C)C)=CO[C@@H](OC(=O)CC(C)C)[C@H]2[C@@]12CO2,1,test,42
1747,CCOC(=O)O[C@@]1(C(=O)COC(=O)CC)CC[C@@H]2[C@H]3CCC4=CC(=O)C=C[C@]4(C)[C@@H]3[C@H](O)C[C@@]21C,1,test,42
1748,CCOC(=O)NN[C@H](C)c1ccccc1,1,train,42
1749,CCOC(=O)c1cncn1[C@@H](C)c1ccccc1,1,train,42
1750,CCOC(=O)[C@@]1(c2ccccc2)CCC=C[C@H]1N(C)C,1,train,42
1751,CC(=O)OCC(CCn1cnc2c1NC(N)=NC2)COC(C)=O,1,train,42
1752,CC(=O)OCC(=O)[C@]1(O)[C@H](C)C[C@H]2[C@@H]3C=C(C)C4=Cc5c(cnn5-c5ccccc5)C[C@@]4(C)[C@@H]3[C@@H](O)C[C@]21C,1,train,42
1753,CCN(CC)CC(=O)OCC(=O)[C@@]1(O)CC[C@H]2[C@@H]3CCC4=CC(=O)C=C[C@@]4(C)[C@H]3[C@H](O)C[C@@]21C,1,train,42
1754,CC(=O)OCC(=O)[C@@]1(O)CC[C@@H]2[C@H]3CCC4=CC(=O)CC[C@@]4(C)[C@@H]3C(=O)C[C@@]21C,1,train,42
1755,C[C@]12C[C@@H](O)[C@@H]3[C@H](CCC4=CC(=O)C=C[C@]43C)[C@H]1CC[C@]2(O)C(=O)COC(=O)CCC(=O)O,1,train,42
1756,CC(C)(C)CC(=O)OCC(=O)[C@@]1(O)CC[C@@H]2[C@H]3CCC4=CC(=O)C=C[C@@]4(C)[C@@H]3[C@H](O)C[C@@]21C,1,train,42
1757,CC(=O)OCC(=O)[C@@]1(O)CC[C@@H]2[C@H]3CCC4=CC(=O)C=C[C@@]4(C)[C@@H]3[C@H](O)C[C@@]21C,1,train,42
1758,CC(=O)OCC(=O)[C@@]1(O)CC[C@@H]2[C@H]3C[C@@H](C)C4=CC(=O)C=C[C@@]4(C)[C@@H]3[C@H](O)C[C@@]21C,1,val,42
1759,C[C@]12C[C@H](O)[C@@H]3[C@H](CCC4=CC(=O)CC[C@]43C)[C@H]1CC[C@]2(O)C(=O)COC(=O)CCC1CCCC1,1,train,42
1760,CC(=O)OCC(=O)[C@]12N=C(C)O[C@H]1C[C@H]1[C@@H]3CCC4=CC(=O)C=C[C@]4(C)[C@H]3[C@@H](O)C[C@]12C,1,val,42
1761,CC(C)C(=O)OCC(=O)[C@]12O[C@H](C3CCCCC3)O[C@@H]1C[C@@H]1[C@H]3CCC4=CC(=O)C=C[C@@]4(C)[C@H]3[C@@H](O)C[C@]12C,1,train,42
1762,C[C@]12CCC(=O)C=C1CC[C@@H]1[C@@H]2[C@H](O)C[C@]2(C)[C@H]1CC[C@@]2(O)C(=O)COC(=O)CCC(=O)O,1,train,42
1763,CC(=O)OCC(=O)[C@]1(O)CC[C@H]2[C@@H]3CCC4=CC(=O)CC[C@]4(C)[C@H]3[C@H](O)C[C@]21C,1,train,42
1764,C[C@H]1C[C@@H]2[C@H]([C@@H](O)C[C@]3(C)[C@H]2CC[C@@]3(O)C(=O)COC(=O)CCC(=O)O)[C@@]2(C)C=CC(=O)C=C12,1,train,42
1765,CCN(CC)CC(=O)OCC(=O)[C@]1(O)CC[C@H]2[C@@H]3CCC4=CC(=O)CC[C@@]4(C)[C@H]3[C@@H](O)C[C@]21C,1,test,42
1766,CCCCCCCCCCCCCCCCCC(=O)OCC(=O)OCC(=O)[C@]1(O)CC[C@H]2[C@@H]3CCC4=CC(=O)C=C[C@@]4(C)[C@H]3[C@@H](O)C[C@]21C,1,train,42
1767,CC[C@H](C)C(C)(COC(N)=O)COC(N)=O,1,train,42
1768,CNC(=O)Oc1ccc2c(c1)[C@@]1(C)CCN(C)[C@H]1N2C,1,test,42
1769,CCCCCCCNC(=O)Oc1ccc2c(c1)[C@]1(C)CCN(C)[C@@H]1N2C,1,train,42
1770,CN1CC[C@@]2(C)c3cc(OC(=O)Nc4ccccc4)ccc3N(C)[C@@H]12,1,val,42
1771,CCCCC[C@@H](C)[C@@H](C)c1cc(OC(=O)CCCN2CCCCCC2)c2c(c1)OC(C)(C)C1=C2C[C@@H](C)CC1,1,train,42
1772,CN1[C@@H]2CC[C@H]1CC(OC(=O)[C@H](CO)c1ccccc1)C2,1,train,42
1773,CN1[C@@H]2CC[C@H]1CC(OC(=O)[C@@H](O)c1ccccc1)C2,1,train,42
1774,CN1[C@@H]2CC[C@H]1CC(OC(=O)[C@](C)(CO)c1ccccc1)C2,1,train,42
1775,C[N+]1([O-])[C@@H]2CC[C@H]1CC(OC(=O)[C@@H](CO)c1ccccc1)C2,1,test,42
1776,COc1ccc2c3c1O[C@@H]1C(OC(C)=O)=CC[C@H]4[C@H](C2)N(C)CC[C@@]314,1,train,42
1777,CC(C)[C@H](N)C(=O)OC[C@@H](CO)OCn1cnc2c(=O)[nH]c(N)nc21,1,train,42
1778,CC[C@@H](C)[C@](C)(COC(N)=O)COC(=O)NC(C)C,1,train,42
1779,CCCCCCCCC[C@@]1(C)OC[C@H](COC(N)=O)O1,1,train,42
1780,CC[C@](O)(COC(N)=O)c1ccccc1,1,val,42
1781,CCCCNC(=O)OC[C@](C)(CCC)COC(N)=O,1,train,42
1782,COC(=O)c1cncn1[C@H](C)c1ccccc1,1,train,42
1783,COC(=O)[C@@H]1[C@H]2C[C@@H]3c4[nH]c5ccccc5c4CCN3C[C@@H]2C[C@H](OC(=O)c2cc(OC)c(OC)c(OC)c2)[C@H]1OC,1,test,42
1784,COC(=O)[C@H]1[C@@H]2C[C@@H]3c4[nH]c5cc(OC)ccc5c4CCN3C[C@H]2C[C@@H](OC)[C@@H]1OC,1,train,42
1785,CC(=O)OCC1=CO[C@H](OC(=O)CC(C)(C)OC(C)=O)[C@H]2C1=C[C@H](OC(=O)CC(C)C)[C@@]21CO1,1,test,42
1786,CC(=O)OCC1=CO[C@H](OC(=O)CC(C)C)[C@@H]2C1=C[C@@H](OC(=O)CC(C)C)[C@]21CO1,1,train,42
1787,CNC(=O)O[C@H]1OC(=O)[C@@H]2[C@H]1[C@H]1C=C[C@@H]2C1,1,train,42
1788,CC(=O)[C@@H]1CC[C@@H]2[C@@H]3CC=C4C[C@H](OC(=O)CCC(=O)O)CC[C@]4(C)[C@@H]3CC[C@]21C,1,train,42
1789,O=C(O[C@@H]1CN2CCC1CC2)c1ccccc1,1,train,42
1790,C[C@@H]1C[C@H](OC(=O)[C@@H]2CCC(=O)N2)CC(C)(C)C1,1,train,42
1791,CCN(CC)C(=O)[C@@H]1CN2CCc3cc(OC)c(OC)cc3[C@@H]2C[C@H]1OC(C)=O,1,test,42
1792,CCCCCCCCCCCCCC(=O)O[C@@H]1C=C[C@@H]2[C@H]3Cc4ccc(OCc5ccccc5)c5c4[C@@]2(CCN3C)[C@H]1O5,1,train,42
1793,COc1ccc2c3c1O[C@H]1[C@H](OC(=O)c4cccnc4)CC[C@@H]4[C@@H](C2)N(C)CC[C@@]341,1,val,42
1794,CN1CC[C@]23c4c5ccc(OC(=O)c6cccnc6)c4O[C@H]2[C@H](OC(=O)c2cccnc2)C=C[C@H]3[C@H]1C5,1,val,42
1795,CC(=O)Oc1ccc2c3c1O[C@H]1[C@H](OC(C)=O)C=C[C@H]4[C@@H](C2)N(C)CC[C@@]341,1,val,42
1796,CCC(C)(C)C(=O)O[C@@H]1C[C@H](C)C=C2C=C[C@@H](C)[C@H](CC[C@@H]3C[C@H](O)CC(=O)O3)[C@H]21,1,train,42
1797,CCCC(=O)O[C@@]1(C(=O)COC(=O)CC)CC[C@@H]2[C@H]3CCC4=CC(=O)CC[C@]4(C)[C@@H]3[C@@H](O)C[C@]21C,1,train,42
1798,CCC(=O)O[C@@]1(C(=O)COC(C)=O)CC[C@@H]2[C@H]3C[C@@H](C)C4=CC(=O)C=C[C@@]4(C)[C@H]3[C@@H](O)C[C@]21C,1,train,42
1799,CCCC(=O)O[C@@]1(C(=O)COC(C)=O)CC[C@@H]2[C@H]3C[C@@H](C)C4=CC(=O)CC[C@@]4(C)[C@@H]3[C@@H](O)C[C@]21C,1,train,42
1800,CCCC(=O)O[C@@]1(C(=O)CO)CC[C@@H]2[C@H]3CCC4=CC(=O)CC[C@@]4(C)[C@H]3[C@@H](O)C[C@]21C,1,train,42
1801,CCCCC(=O)O[C@@]1(C(=O)CO)CC[C@@H]2[C@H]3CCC4=CC(=O)CC[C@@]4(C)[C@@H]3[C@@H](O)C[C@]21C,1,train,42
1802,CCCC(=O)O[C@@]1(C(C)=O)CCC[C@@H]2[C@H]3CCC4=CC(=O)C=C[C@@]4(C)[C@@H]3[C@@H](O)C[C@]21C,1,train,42
1803,CCC(=O)O[C@](Cc1ccccc1)(c1ccccc1)[C@@H](C)CN(C)C,1,val,42
1804,C=CCN1CC[C@@]23c4c5ccc(OC(C)=O)c4O[C@@H]2[C@@H](OC(C)=O)C=C[C@@H]3[C@@H]1C5,1,train,42
1805,CC[C@@H](C)C(=O)O[C@H]1CCC=C2C=C[C@H](C)[C@@H](CC[C@@H]3C[C@H](O)CC(=O)O3)[C@@H]21,1,val,42
1806,COc1ccc2c3c([nH]c2c1)[C@H]1C[C@@H]2[C@H](C[C@@H](OC(=O)c4cc(OC)c(OC)c(OC)c4)[C@H](OC)[C@H]2OC(C)=O)CN1CC3,1,train,42
1807,CCC(=O)O[C@]1(C(=O)COC(C)=O)CC[C@H]2[C@@H]3CCC4=CC(=O)CC[C@]4(C)[C@@H]3[C@H](O)C[C@@]21C,1,test,42
1808,CCCCC(=O)O[C@]1(C(=O)CO)CC[C@H]2[C@@H]3CCC4=CC(=O)C=C[C@]4(C)[C@H]3[C@H](O)C[C@]21C,1,train,42
1809,CCC(=O)O[C@@]1(c2ccccc2)CCN(C)C[C@@H]1C,1,train,42
1810,O=C(O)CCCC[C@H]1SC[C@H]2NC(=O)N[C@@H]21,1,train,42
1811,C=C[C@@H](N)CCC(=O)O,1,train,42
1812,C[C@H]1C[C@@H]2CCC[C@](N3CC[C@H]3C(=O)O)(C1)C2,1,train,42
1813,C[C@H]1C[C@@H]2[C@@H]([C@H](O)C[C@@]3(C)[C@H](C(=O)O)CC[C@@H]23)[C@@]2(C)CCC(=O)C=C12,1,train,42
1814,CC(=O)N[C@H](CCC(N)=O)C(=O)O,1,train,42
1815,C[C@@H](C(=O)O)c1cccc(C(=O)c2ccccc2)c1,1,train,42
1816,CC1(C)S[C@@H]2[C@@H](NC(=O)[C@@H](C(=O)O)c3ccsc3)C(=O)N2[C@H]1C(=O)O,1,train,42
1817,Nc1nc(=O)c2nc(CNc3ccc(C(=O)N[C@@H](CCC(=O)O)C(=O)O)cc3)cnc2[nH]1,1,test,42
1818,CC(=O)NCCC[C@H](NC(C)=O)C(=O)O,1,train,42
1819,N[C@@H](Cc1c[nH]c2ccc(O)cc12)C(=O)O,1,train,42
1820,CC(C)Cc1ccc([C@H](C)C(=O)O)cc1,1,train,42
1821,C[C@H](NNC(=O)c1ccccc1)c1ccccc1,1,train,42
1822,CC(C)(CO)[C@@H](O)C(=O)NCCCC(=O)O,1,train,42
1823,CCCNC(=O)N1C[C@@H](c2ccccc2)OC1=O,1,train,42
1824,CCCNC(=O)c1ccc2c(c1)N(CCN1CCCC1)c1ccccc1S2,1,train,42
1825,C[C@H](Cc1ccccc1)N1C=C(NC(=O)Nc2ccccc2)ON1,1,test,42
1826,CC(C)n1cc2c3c(cccc31)[C@@H]1C[C@H](C(=O)NC3CCCCC3)CN(C)[C@@H]1C2,1,train,42
1827,CN1[C@@H]2CC[C@H]1CC(NC(=O)c1cn(C3CCCCC3)c3ccccc3c1=O)C2,1,train,42
1828,CCCC[C@H](CC)CNC(=O)C[C@@H](C)O,1,train,42
1829,CCN1CCC[C@@H]1CNC(=O)c1cc(C(C)=O)ccc1OC,1,train,42
1830,CC[C@@H](C)[C@H](CC)C(=O)NC(N)=O,1,train,42
1831,CC[C@H](C(=O)NC(N)=O)c1ccccc1,1,train,42
1832,C/C=C(\CC)C(=O)NC(N)=O,1,train,42
1833,O=C1CC[C@@H](C(=O)N2CCCCC2)N1,1,val,42
1834,CC[C@@]1(c2ccccc2)C(=O)NC(=O)N(C(=O)c2ccccc2)C1=O,1,train,42
1835,O=C1CC[C@@H](C(=O)N[C@@H]2C[C@H]2c2ccccc2)N1,1,val,42
1836,COc1cc2c(cc1OC)S(=O)(=O)O[C@@H](C(=O)N[C@@H](C)CC(C)(C)N(C)C)C2,1,train,42
1837,C[C@@](Cc1ccccc1)(NC(=O)CN)c1ccccc1,1,train,42
1838,CC[C@H](NC(=O)c1c(C)c(-c2ccccc2)nc2ccccc12)c1ccccc1,1,train,42
1839,NC(=O)N1c2ccccc2[C@H]2O[C@@H]2c2ccccc21,1,train,42
1840,NC(=O)CN1C[C@@H](O)CC1=O,1,train,42
1841,NC(=O)CN1C(=O)[C@H](c2ccccc2)c2ccccc21,1,train,42
1842,NC(=O)c1cnn([C@H]2O[C@H](CO)[C@@H](O)[C@H]2O)n1,1,train,42
1843,CC[C@H](C(N)=O)[C@@H](C)CC,1,train,42
1844,CCC[C@@H]1O[C@]1(CC)C(N)=O,1,train,42
1845,CCN(CC)C(=O)N[C@@H]1C[C@H]2c3cccc4[nH]cc(c34)C[C@H]2N(C)C1,1,train,42
1846,CCN(CC)C(=O)N[C@H]1C=C2c3cccc4[nH]cc(c34)C[C@H]2N(C)C1,1,train,42
1847,CCN(CC)C(=O)[C@@H]1[C@H](C(=O)N(CC)CC)[C@@H]2C=C[C@H]1C2,1,train,42
1848,CCN(CC)C(=O)[C@]1(c2ccccc2)C[C@@H]1CN,1,train,42
1849,CCN(C(C)=O)c1cccc(C2=CC=NC3=C(C#N)CNN23)c1,1,train,42
1850,CCC(=O)N(c1ccccc1)[C@]1(C(=O)OC)CCN(CCc2ccccc2)C[C@@H]1C,1,train,42
1851,CC1=CN2C(CC(=O)N(C)C)=C(c3ccc(C)cc3)N[C@@H]2C=C1,1,val,42
1852,C/C=C/C(=O)N(CCC)[C@H](CC)C(=O)N(C)C,1,train,42
1853,C/C=C/C(=O)N(CC)[C@@H](CC)C(=O)N(C)C,1,train,42
1854,C=CCN1C[C@H](C(=O)N(CCCN(C)C)C(=O)NCC)C[C@@H]2c3cccc4[nH]cc(c34)C[C@@H]21,1,train,42
1855,CN(C(=O)C(c1ccccc1)c1ccccc1)[C@@H](CN1CC[C@@H](O)C1)c1ccccc1,1,train,42
1856,C=C1C[C@@H]2[C@H]3C=CC4=CC(=O)CC[C@@]4(C)[C@H]3[C@@H](O)C[C@@]2(C)[C@]1(O)C(=O)CO,1,train,42
1857,C=C1C[C@H]2[C@@H]3CCC4=CC(=O)C=C[C@]4(C)[C@H]3[C@@H](O)C[C@@]2(C)[C@]1(O)C(=O)CO,1,train,42
1858,C[C@@]12C=CC(=O)[C@H]1C(=O)CC[C@H]1[C@H]2[C@@H](O)C[C@@]2(C)[C@H]1CC[C@]2(O)C(=O)CO,1,train,42
1859,C[C@@H]1C[C@H]2[C@@H]([C@H](O)C[C@@]3(C)[C@@H]2CC[C@]3(O)C(=O)CO)[C@]2(C)C=CC(=O)C=C12,1,train,42
1860,C[C@@]12CC(=O)[C@@H]3[C@H](CC[C@@H]4C[C@H](O)CC[C@]43C)[C@H]1CC[C@@H]2C(=O)CO,1,train,42
1861,CC1(C)O[C@H]2C[C@@H]3[C@H]4CCC5=CC(=O)C=C[C@]5(C)[C@@H]4[C@H](O)C[C@]3(C)[C@@]2(C(=O)CO)O1,1,train,42
1862,CCC[C@H]1O[C@H]2C[C@@H]3[C@H]4CCC5=CC(=O)C=C[C@@]5(C)[C@@H]4[C@H](O)C[C@]3(C)[C@@]2(C(=O)CO)O1,1,test,42
1863,C[C@H]1C[C@@H]2[C@H]3CCC4=CC(=O)C=C[C@]4(C)[C@@H]3C(=O)C[C@]2(C)[C@@]1(O)C(=O)CO,1,train,42
1864,C[C@@]12CCC(=O)C=C1CC[C@@H]1[C@@H]2C(=O)C[C@]2(C)[C@H]1CC[C@@]2(O)C(=O)CO,1,val,42
1865,C[C@]12C=CC(=O)C=C1CC[C@@H]1[C@@H]2[C@@H](O)C[C@]2(C)[C@H]1CC[C@@]2(O)C(=O)CO,1,train,42
1866,C[C@]12CCC(=O)C=C1CC[C@@H]1[C@@H]2CC[C@]2(C)[C@H]1CC[C@@]2(O)C(=O)CO,1,train,42
1867,C[C@]12C=CC(=O)C=C1CC[C@@H]1[C@@H]2C(=O)C[C@]2(C)[C@H]1CC[C@@]2(O)C(=O)CO,1,train,42
1868,CN1CCN(CC(=O)[C@@]2(O)CC[C@H]3[C@@H]4CCC5=CC(=O)C=C[C@]5(C)[C@@H]4[C@H](O)C[C@@]32C)CC1,1,train,42
1869,O=C(CN1CC[C@]23CCCC[C@@H]2[C@H]1Cc1ccc(O)cc13)c1ccccc1,1,train,42
1870,CCCCCC(=O)CC[C@]1(C)[C@@H]2Cc3ccc(O)cc3[C@]1(C)CCN2C,1,train,42
1871,CCC(=O)c1ccc2c(c1)N(C[C@@H](C)N(C)C)c1ccccc1S2,1,train,42
1872,CCC(=O)[C@]1(C)[C@H](C)C[C@H]2[C@@H]3CCC4=CC(=O)C=C[C@@]4(C)[C@H]3[C@@H](O)C[C@]21C,1,train,42
1873,CCC(=O)[C@]1(O)CC[C@H]2[C@@H]3CCC4=CC(=O)CC[C@]4(C)[C@H]3[C@H](O)C[C@]21C,1,train,42
1874,CN1[C@@H](CC(=O)c2ccccc2)CCC[C@H]1C[C@@H](O)c1ccccc1,1,train,42
1875,CC(=O)c1ccc2c(c1)N(C[C@H](C)N(C)C)c1ccccc1S2,1,train,42
1876,CC(=O)[C@@H]1CC[C@H]2[C@@H]3CC[C@H]4C[C@@H](O)CC[C@]4(C)[C@@H]3CC[C@@]12C,1,train,42
1877,CC(=O)[C@@H]1CC[C@H]2[C@@H]3C[C@H](C)C4=CC(=O)C=C[C@@]4(C)[C@H]3[C@@H](O)C[C@@]12C,1,test,42
1878,CCO[C@H]1C[C@]2(C)[C@H](CC[C@H]3[C@@H]2[C@H](N(C)C)C[C@]2(C)[C@@H]3CC[C@H]2C(C)=O)C[C@@H]1O,1,train,42
1879,CC(=O)[C@@H]1CC[C@@H]2[C@H]3CC[C@@H]4C[C@H](O)CC[C@@]4(C)[C@@H]3C(=O)C[C@]21C,1,train,42
1880,CC(=O)[C@]1(O)[C@H](O)C[C@H]2[C@@H]3CCC4=CC(=O)CC[C@@]4(C)[C@H]3CC[C@]21C,1,val,42
1881,CC(=O)[C@@]1(O)CC[C@@H]2[C@H]3CCC4=CC(=O)C=C[C@@]4(C)[C@@H]3[C@H](O)C[C@@]21C,1,train,42
1882,CC(=O)[C@H]1CC[C@H]2[C@@H]3C[C@H](O)[C@]45C[C@H]4CC[C@]5(C)[C@H]3CC[C@]12C,1,train,42
1883,CC(=O)[C@H]1CC[C@@H]2[C@H]3CC[C@@H]4C[C@@](C)(O)CC[C@@]4(C)[C@H]3CC[C@]12C,1,val,42
1884,CC(=O)[C@]12OC(C)(C)O[C@H]1C[C@@H]1[C@H]3CCC4=CC(=O)CC[C@@]4(C)[C@H]3CC[C@@]12C,1,train,42
1885,CCC(=O)C(C[C@H](C)N(C)C)(c1ccccc1)c1ccccc1,1,train,42
1886,C=C(C(=O)COC(=O)c1ccncc1)[C@]1(C)C[C@@H](O)[C@H]2[C@@H](CCC3=CC(=O)CC[C@@]32C)[C@]12CO[C@H](/C=C/C)O2,1,val,42
1887,CCC(=O)C(c1ccccc1)(c1ccccc1)[C@@H](C)CN(C)C,1,train,42
1888,C[C@H](CN1CCOCC1)C(C(=O)N1CCCC1)(c1ccccc1)c1ccccc1,1,val,42
1889,C[C@@H](N)C(=O)c1ccccc1,1,train,42
1890,CO[C@H](C(=O)[C@@H](O)[C@@H](C)O)[C@@H]1Cc2cc3cc(O[C@H]4C[C@@H](O[C@H]5C[C@@H](O)[C@H](O)[C@@H](C)O5)[C@@H](O)[C@@H](C)O4)c(C)c(O)c3c(O)c2C(=O)[C@H]1O[C@H]1C[C@@H](O[C@H]2C[C@@H](O[C@H]3C[C@](C)(O)[C@H](O)[C@@H](C)O3)[C@H](O)[C@@H](C)O2)[C@H](O)[C@@H](C)O1,1,train,42
1891,C[C@@H](C(=O)c1ccccc1)N(C)C,1,val,42
1892,CCC[C@H](C(=O)c1ccc(C)cc1)N1CCCC1,1,train,42
1893,O=C(/C=C/c1ccc2c(c1)OCO2)N1CCCCC1,1,train,42
1894,CN(C)CC(=O)C=C1c2ccccc2CCc2ccccc21,1,train,42
1895,CCOc1cc(N)c([N+](=O)[O-])cc1C(=O)NC1CCN(C[C@H]2CC=CCC2)CC1,1,train,42
1896,Nc1c2c(nc3ccccc13)CCC[C@H]2O,1,train,42
1897,CN1CC[C@]23c4c5ccc(O)c4O[C@H]2[C@H](O)C=C[C@H]3[C@H]1C5,1,test,42
1898,Oc1ccc2c3c1O[C@H]1[C@H](O)CC[C@]4(O)[C@@H](C2)N(CC2CCC2)CC[C@]314,1,train,42
1899,CN1CC[C@]23c4c5ccc(O)c4O[C@H]2[C@H](O)CC[C@]3(O)[C@H]1C5,1,train,42
1900,CNC[C@@H](O)CC12CCC(c3ccccc31)c1ccccc12,1,train,42
1901,O[C@H](CN1CCCCC1)c1cc(-c2ccccc2)on1,1,val,42
1902,CC[C@H](O)C(C[C@H](C)N(C)C)(c1ccccc1)c1ccccc1,1,train,42
1903,CC(C)(C)[C@@H](O)/C=C/c1ccc2c(c1)OCO2,1,train,42
1904,Cc1cccc2c1Oc1ccccc1[C@@]1(O)CCN(C)C[C@H]21,1,train,42
1905,C[C@H]1CN(C)C[C@H]2Cc3c(ccc4ccccc34)O[C@]21O,1,train,42
1906,CC[C@]1(O)CCN2CCc3ccc(C)cc3[C@@H]2C1,1,train,42
1907,CC(C)[C@]1(O)CCN2C[C@@H]3c4ccccc4CCc4cccc(c43)[C@@H]2C1,1,train,42
1908,C#C[C@@](C)(O)CC,1,train,42
1909,Oc1ccc2c3c1O[C@@H]1[C@@H](O)C=C[C@H]4[C@H](C2)NCC[C@@]314,1,train,42
1910,O[C@@H](Cn1ccnc1)c1ccc(CCc2ccccc2)cc1,1,train,42
1911,CC(C)[C@H](O)C1CCCCC1,1,train,42
1912,N#CCCN1C(=O)[C@@H](O)N=C(c2ccccc2F)c2cc(Cl)ccc21,1,train,42
1913,O[C@]1(c2ccccc2Cl)C2=NCCCN2c2ccccc21,1,train,42
1914,O[C@@H]1[C@@H](O[C@H]2[C@@H](OCCOCCO[C@H](O)C(Cl)(Cl)Cl)[C@H](O)[C@@H](O)O[C@H]2COCCO[C@H](O)C(Cl)(Cl)Cl)O[C@@H](COCCOCCO[C@H](O)C(Cl)(Cl)Cl)C[C@H]1O[C@H](O)C(Cl)(Cl)Cl,1,train,42
1915,Cc1cccc2c1Oc1ccccc1[C@]1(O)CCNC[C@H]21,1,test,42
1916,CC(C)(C)[C@@]1(O)CCN2C[C@@H]3c4ccccc4CCc4cccc(c43)[C@H]2C1,1,train,42
1917,Oc1ccc2c3c1O[C@@H]1[C@@H](O)CC[C@@]4(O)[C@@H](C2)N(CC2CCC2)CC[C@@]314,1,train,42
1918,C=CCN1CC[C@@]23c4c5ccc(O)c4O[C@@H]2[C@@H](O)C=C[C@H]3[C@H]1C5,1,train,42
1919,C#CC1(OC[C@H](O)CN2CCN(c3ccc(F)cc3)CC2)CCCCC1,1,train,42
1920,Oc1ccc2c(c1)[C@@]13CCCC[C@@]1(O)[C@@H](C2)N(CC1CCC1)CC3,1,train,42
1921,C=CCN1CC[C@]23CCCC[C@H]2[C@H]1Cc1ccc(O)cc13,1,val,42
1922,O=C(CN1CC[C@]23CCCC[C@H]2[C@H]1Cc1ccc(O)cc13)c1ccccc1,1,train,42
1923,C=CCN1CC[C@@]23c4c5ccc(O)c4O[C@H]2C(=O)CC[C@@]3(O)[C@H]1C5,1,val,42
1924,O=C1CC[C@@]2(O)[C@H]3Cc4ccc(O)c5c4[C@]2(CCN3CC2CC2)[C@H]1O5,1,train,42
1925,C=C1CC[C@@]2(O)[C@H]3Cc4ccc(O)c5c4[C@]2(CCN3CC2CC2)[C@H]1O5,1,train,42
1926,NC1=NCc2ncn(COCCO)c2N1,1,train,42
1927,COCCN1CC[C@@]23c4c5ccc(O)c4O[C@H]2C(=O)CC[C@@]3(O)[C@@H]1C5,1,train,42
1928,CN(C)CCO[C@@]1(Cc2ccccc2)C[C@H]2CC[C@]1(C)C2(C)C,1,train,42
1929,CCCCNC[C@@H]1COc2cccc(OCC)c2O1,1,train,42
1930,CCOc1ccccc1OC[C@H]1CNCCO1,1,train,42
1931,CCO[C@@H]1c2ccccc2C(=O)N(C)c2ccccc21,1,train,42
1932,c1csc(Cc2ccccc2OC[C@@H]2CNCCO2)c1,1,train,42
1933,Cc1cc(C)cc(OC[C@@H]2CNC(=O)O2)c1,1,train,42
1934,COC[C@@H]1CN(c2ccc(OCc3cccc(C#N)c3)cc2)C(=O)O1,1,train,42
1935,COc1ccccc1N1CCN(C[C@@H](O)COc2cc(OC)c(OC)c(OC)c2)CC1,1,train,42
1936,Cc1cccc(C)c1OC[C@@H](C)N,1,train,42
1937,CN1CCCc2cccc(OC[C@H]3CNCCO3)c21,1,val,42
1938,C1=Cc2cccc(OC[C@H]3CNCCO3)c2C1,1,train,42
1939,COc1ccccc1OC[C@H]1CNC(=O)O1,1,train,42
1940,COc1ccc(OC[C@H]2CN(C)CC[C@@H]2c2ccccc2)cc1,1,train,42
1941,C[C@@H](COc1ccccc1)NN,1,val,42
1942,COc1ccc(N2C[C@@H](CN3CCC(O)(c4ccc5c(c4)OCO5)CC3)OC2=O)cc1,1,train,42
1943,COc1ccc([C@H](CN(C)C)C2(O)CCCCC2)cc1,1,train,42
1944,COc1ccc2c(c1)N(CC[C@@H]1CCCCN1C)c1ccccc1S2,1,train,42
1945,COc1ccc2c(c1)N(C[C@@H](C)CN(C)C)c1ccccc1S2,1,train,42
1946,COc1ccc2c(c1)N(C[C@H](C)CN1CCC(O)CC1)c1ccccc1S2,1,train,42
1947,C=C[C@@H]1CNCC[C@H]1CCCc1ccnc2ccc(OC)cc12,1,train,42
1948,COc1ccc2c(c1)[C@@](O)(CCCN(C)C)c1ccccc1S2,1,train,42
1949,COc1cc2c(c(CN[C@@H]3CCCN[C@H]3c3ccccc3)c1)OCC2,1,train,42
1950,COc1cccc([C@@]2(O)CCCC[C@@H]2CN(C)C)c1,1,train,42
1951,COc1ccc2c3c1O[C@H]1C(=O)CC[C@]4(O)[C@@H](C2)N(C)CC[C@]314,1,train,42
1952,COc1ccc2c3c1O[C@H]1[C@H](O)C=C[C@@H]4[C@@H](C2)NCC[C@@]341,1,train,42
1953,COc1ccc2c3c1O[C@@H]1C(=O)CC[C@@H]4[C@H](C2)N(C)CC[C@@]314,1,train,42
1954,CC[C@@H]1CC(=O)[C@H]2Oc3c(OC)ccc4c3[C@]23CCN(CC2CC2)[C@@H](C4)[C@@H]13,1,val,42
1955,COc1ccc2c3c1O[C@H]1C[C@H](O)C=C[C@@]31CCN(C)C2,1,train,42
1956,COc1ccc2c3c1O[C@@H]1[C@@H](O)CC[C@@H]4[C@H](C2)N(C)CC[C@]341,1,train,42
1957,COc1ccc2c3c1O[C@@H]1[C@@H](O)C=C[C@@H]4[C@H](C2)N(C)CC[C@]341,1,test,42
1958,COc1cccc2c1C[C@H](CCCNCCCCN1C(=O)CC3(CCCC3)CC1=O)CO2,1,train,42
1959,COc1ccc([C@H]2CNC(=O)C2)cc1OC1CCCC1,1,train,42
1960,COc1ccc2c(c1OC)[C@]13CCN(C)[C@H](C2)[C@]1(O)CC[C@H](O)C3,1,train,42
1961,COc1ccc2c(c1OC)C(=O)O[C@@H]2[C@@H]1c2c(cc3c(c2OC)OCO3)CCN1C,1,train,42
1962,CC[C@@H]1C(C)=NN=C(c2ccc(OC)c(OC)c2)c2cc(OC)c(OC)cc21,1,train,42
1963,CCC1=C(C)N(N)C(c2ccc(OC)c(OC)c2)=C2C=C(OC)C(OC)=C[C@@H]21,1,test,42
1964,COc1ccc([C@H](O)CN2CCN(C(c3ccccc3)c3ccccc3)CC2)cc1OC,1,train,42
1965,COc1ccc([C@@H](O)CN2CCN(c3cccccc3=O)CC2)cc1OC,1,val,42
1966,COc1cc2c(cc1OC)C(=O)[C@H](CC1CCN(Cc3ccccc3)CC1)C2,1,train,42
1967,COc1cc2c(cc1OC)[C@@H]1CC(=O)[C@H](CC(C)C)CN1CC2,1,train,42
1968,COc1cc2c(cc1OC)[C@H](c1ccccc1)CN(C)CC2,1,train,42
1969,COc1cc2c3c(c1O)C1(C=CC(=O)C=C1)C[C@H]3N(C)CC2,1,train,42
1970,COc1ccccc1N1CCN(CCCCN2C(=O)[C@@H]3C(=O)N(C(C)(C)C)C(=O)[C@@H](C2=O)C3(C)C)CC1,1,train,42
1971,C=C[C@](C)(O)C(C)(C)C.COC12CC3(C1)[C@H]1Cc4ccc(O)c5c4[C@@]3(CCN1CC1CC1)[C@H]2O5,1,train,42
1972,C=CCN1CC[C@@]23c4c5ccc(O)c4[C@](O)(CCC)[C@H]4C[C@@]2(C=C[C@@]4(OC)[C@@H]3OC)[C@H]1C5,1,train,42
1973,CCC[C@@](C)(O)[C@@H]1C[C@@]23C=C[C@]1(OC)[C@H]1Oc4c(O)ccc5c4[C@]12CCN(C)[C@H]3C5,1,train,42
1974,CO[C@@H]1O[C@H]2O[C@@]3(CN4CCCCC4)[C@@H]1[C@H](C[C@@H]3O)[C@@H]2C,1,train,42
1975,CO[C@@]12C=C[C@]3(C[C@@H]1C(C)(C)O)[C@H]1Cc4ccc(O)c5c4[C@@]3(CCN1CC1CC1)[C@H]2O5,1,train,42
1976,N[C@H]1N[C@H](O)[C@H]2NCN(COC(CO)CO)[C@H]2N1,1,train,42
1977,CN1[C@@H]2CC[C@H]1CC(OC(c1ccccc1)c1ccccc1)C2,1,train,42
1978,CC(C)OCC(COC(C)C)OCn1cnc2c1NC(N)=NC2,1,train,42
1979,CCCCOC[C@H](CN1C(=O)NC(=O)[C@](CC)(c2ccccc2)C1=O)OC(N)=O,1,train,42
1980,CNCCO[C@@H](c1ccccc1)c1ccccc1C,1,train,42
1981,CC([C@H](C)OC(N)=O)[C@H](C)OC(N)=O,1,val,42
1982,C#C[C@@H](OC(N)=O)c1ccccc1,1,train,42
1983,CC(=O)O[C@@H](c1ccccc1)[C@@H]1CCCCN1,1,train,42
1984,CCOc1ccccc1O[C@@H](c1ccccc1)[C@H]1CNCCO1,1,train,42
1985,C[C@H](Oc1cccc2ccccc12)/C(N)=N/O,1,train,42
1986,Cc1cccc(O[C@H]2CCNC[C@@H]2O)c1C,1,train,42
1987,OCc1ccccc1O[C@H]1O[C@@H](CO)[C@H](O)[C@@H](O)[C@@H]1O,1,train,42
1988,CCCCOC[C@@H](CN1C(=O)N(C[C@H](COCCCC)OC(N)=O)C(=O)C(CC)(c2ccccc2)C1=O)OC(N)=O,1,train,42
1989,CC(C)CCO[C@@H](CN1CCCC1)c1ccccc1,1,train,42
1990,CNCC[C@H](Oc1cccc2ccccc12)c1cccs1,1,train,42
1991,CNCC[C@H](Oc1ccccc1OC)c1ccccc1,1,train,42
1992,CNCC[C@H](Oc1ccccc1C)c1ccccc1,1,train,42
1993,CC[C@H](OC(N)=O)C1CCCCC1,1,train,42
1994,CN(C)CCO[C@H](c1ccccc1)c1ccccc1C(C)(C)C,1,train,42
1995,CC[C@@H](OC(C)=O)C(C[C@@H](C)N(C)C)(c1ccccc1)c1ccccc1,1,train,42
1996,CO/N=C/C1=CCCN(C)C1,1,train,42
1997,CCCCC/C(=N\OCCN)c1ccc(C)c(N)c1,1,train,42
1998,CO/N=C(\C#N)[C@@H]1CN2CCC1CC2,1,train,42
1999,NCN.Nc1nc(-c2ccccc2)cs1,1,train,42
2000,NCC[C@@H](Oc1ccc(C(F)(F)F)cc1)c1ccccc1,1,train,42
2001,NCC(=CF)CCc1ccc(F)cc1,1,train,42
2002,CN1Cc2c(N)cccc2[C@@H](c2ccccc2)C1,1,train,42
2003,C[C@]12CC3CC(N)(C1)C[C@@](C)(C3)C2,1,train,42
2004,Nc1ccn([C@H]2O[C@@H](CO)[C@H](O)[C@@H]2O)c(=O)n1,1,train,42
2005,Cc1csc(N=C(N)N)n1,1,train,42
2006,NC(N)=Nc1nc(-c2ccccc2)cs1,1,train,42
2007,C#C[C@H](OC(N)=O)c1ccccc1,1,train,42
2008,NC(=O)N1c2ccccc2[C@H]2O[C@H]2c2ccccc21,1,train,42
2009,NC(=O)c1ncn([C@H]2O[C@@H](CO)[C@H](O)[C@@H]2O)n1,1,train,42
2010,c1ccc2c(c1)CCc1ccccc1N2[C@@H]1CN2CCC1CC2,1,train,42
2011,N[C@@H]1C[C@@H]1c1ccccc1,1,train,42
2012,C=CC[C@@H](N)Cc1ccccc1,1,val,42
2013,CC[C@@H](N)Cc1c[nH]c2ccccc12,1,train,42
2014,N[C@H]1CCC[C@@H]1c1ccccc1,1,train,42
2015,C[C@@H](N)Cc1ccccc1,1,train,42
2016,C=CC[C@H](N)c1ccccc1-c1noc2ccccc12,1,train,42
2017,N[C@H]1CONC1=O,1,train,42
2018,N[C@H]1[C@H]2CN(c3nc4c(cc3F)c(=O)c(C(=O)O)cn4-c3ccc(F)cc3F)C[C@@H]12,1,test,42
2019,Nc1ncnc2c1ncn2[C@H]1O[C@@H](CO)[C@H](O)[C@@H]1O,1,train,42
2020,Nc1nc(Cl)nc2c1ncn2[C@H]1C[C@H](O)[C@@H](CO)O1,1,val,42
2021,C[C@@H](Cc1ccccc1)NN,1,train,42
2022,CCCCCC[C@@H](C)NN,1,train,42
2023,C[C@H](NN)c1ccccc1,1,train,42
2024,CCCCCCCCCN[C@@H]1N=CNc2[nH]ccc21,1,train,42
2025,CCCCNC[C@H]1COc2ccccc2O1,1,val,42
2026,CNCCC[C@]1(c2ccccc2)OC(C)(C)c2ccccc21,1,train,42
2027,CNCCC[C@@]1(C)CN(c2ccccc2)c2ccccc21,1,train,42
2028,CNCCC[C@@]1(c2ccccc2)SC(C)(C)c2ccccc21,1,train,42
2029,CC(C)CCNC[C@@H]1COc2ccccc2O1,1,test,42
2030,CN(C)CC[C@@]1(c2ccccc2)C=Cc2ccccc21,1,test,42
2031,CCn1c2c(c3ccccc31)CCS[C@@]2(C)CCN(C)C,1,train,42
2032,CN(C)CC[C@@H](c1ccccc1)C1CCCCC1,1,train,42
2033,CN(C)CC[C@@]1(C)OCCC2=C1Cc1ccccc12,1,train,42
2034,CN(C)CC/C=C1\c2ccccc2CSc2ccccc21,1,train,42
2035,CN(C)CC/C=C1\c2ccccc2COc2ccccc21,1,train,42
2036,CNCC/C=C1/c2ccccc2[C@H]2C[C@H]2c2ccccc21,1,test,42
2037,CCN[C@@H]1[C@H]2CC[C@H](C2)[C@H]1c1ccccc1,1,train,42
2038,CN(C)C[C@@H]1CO[C@@]2(O1)c1ccccc1COc1ccccc12,1,train,42
2039,C[C@H](CN(C)C)CN1c2ccccc2Sc2ccccc21,1,val,42
2040,CCc1ccc2c(c1)N(C[C@H](C)CN(C)C)c1ccccc1S2,1,train,42
2041,C[C@H](CN(C)C)CN1c2ccccc2CCc2ccccc21,1,train,42
2042,C[C@@H](CC1c2ccccc2CCc2ccccc21)CN(C)C,1,train,42
2043,CN[C@@H]1CCc2ncsc2C1,1,train,42
2044,CN[C@@H]1CC[C@@H](c2ccccc2)c2ccccc21,1,train,42
2045,CN[C@H]1CCN2c3ccccc3CCc3cccc1c32,1,train,42
2046,CN[C@H]1Cc2ccccc2N(C)c2ccccc21,1,train,42
2047,Cc1cc(N(C)C)ccc1C[C@@H](C)N,1,train,42
2048,CN(C)[C@H]1CCc2[nH]c3ccccc3c2C1,1,train,42
2049,C[C@@H]1Oc2ccccc2C[C@@H]1N(C)C,1,train,42
2050,C[C@@H](CN1c2ccccc2Sc2ccccc21)N(C)C,1,train,42
2051,CN(C)C[C@H](CN1c2ccccc2Sc2ccccc21)N(C)C,1,train,42
2052,C[C@@H](Cc1ccccc1)N(C)Cc1ccco1,1,train,42
2053,C[C@@H](Cc1ccccc1)N(C)Cc1ccccc1,1,train,42
2054,C#CCN(C)[C@@H](C)Cc1ccccc1,1,train,42
2055,CCc1cccc(NC(C)Nc2cccc(CC)c2)c1,1,val,42
2056,CCN(CC)[C@H](C)CN1c2ccccc2Sc2ccccc21,1,train,42
2057,C[C@H](Cc1ccccc1)NCCC1c2ccccc2Sc2ccccc21,1,train,42
2058,CN[C@H](C)Cc1ccccc1,1,train,42
2059,C[C@H](Cc1ccccc1)N(C)C,1,train,42
2060,CCN[C@@H](Cc1ccccc1)[C@@H]1CCCO1,1,train,42
2061,N#CCN[C@@H]1CCc2ccccc21,1,train,42
2062,N#CCN[C@H]1CCc2ccccc21,1,train,42
2063,CN1CCN(C2=Nc3cscc3C(CC#N)=C3CSC=C23)CC1,1,train,42
2064,C[C@H](CN(C)C)CN1c2ccccc2Sc2ccc(C#N)cc21,1,train,42
2065,CN1C[C@H](CC#N)C[C@@H]2c3cccc4[nH]cc(c34)C[C@H]21,1,train,42
2066,C[C@@H](Cc1ccccc1)N[C@@H](C#N)c1ccccc1,1,train,42
2067,N#Cc1ccc2c(c1)C1=C(CCN(CC3CCCC3)CC1)c1ccccc1O2,1,val,42
2068,CN(c1nc2ccccc2s1)C1CCN(C[C@@H](O)COc2ccc(F)cc2)CC1,1,train,42
2069,C#C[C@@]1(O)CC[C@@H]2[C@H]3CCC4=Cc5c(cnn5-c5ccc(F)cc5)C[C@@]4(C)[C@@H]3CC[C@@]21C,1,test,42
2070,C[C@@H](CCN1CCN(c2ccc(F)cc2)CC1)NC(=O)c1cccnc1,1,train,42
2071,CC(C)[C@H](CCCCCC(=O)O)NCc1ccc(F)cc1,1,train,42
2072,COCc1c(C(C)C)nc(C(C)C)c(/C=C/[C@H](O)C[C@H](O)CC(=O)O)c1-c1ccc(F)cc1,1,test,42
2073,CC(C)n1c(/C=C/[C@@H](O)C[C@H](O)CC(=O)O)c(-c2ccc(F)cc2)c2ccccc21,1,train,42
2074,CCOC(=O)C[C@H](O)C[C@H](O)/C=C/C1=C(c2ccc(F)cc2)c2ccccc2OC12CCCC2,1,train,42
2075,Fc1ccc(C(CCCN2CCN(CCNc3ccccc3)CC2)c2ccc(F)cc2)cc1,1,test,42
2076,O=C(CCCN1CCN2CCC[C@H]2C1)c1ccc(F)cc1,1,train,42
2077,O=C(CCCN1CCN2Cc3[nH]c4ccccc4c3C[C@H]2C1)c1ccc(F)cc1,1,train,42
2078,COc1ccccc1N1CCN(CCC[C@@H](O)c2ccc(F)cc2)CC1,1,train,42
2079,O=c1[nH]c2ccccc2c(=O)n1CCN1C[C@@H]2C[C@H](c3ccc(F)cc3)[C@@H]2C1,1,train,42
2080,Fc1ccc([C@H]2CCNC[C@@H]2COc2ccc3c(c2)OCO3)cc1,1,train,42
2081,CCOC(=O)c1cncn1[C@H](C)c1ccc(F)cc1,1,train,42
2082,CN(C)CCC[C@]1(c2ccc(F)cc2)OCc2cc(C#N)ccc21,1,train,42
2083,C/C(=C\CCN1CCC2(CC1)C(=O)NCN2c1ccccc1)c1ccc(F)cc1,1,train,42
2084,Cc1nc2n(c(=O)c1CCN1CCC(c3noc4cc(F)ccc34)CC1)CCC[C@H]2O,1,train,42
2085,CC1=CC=CN2C(=O)C(CCN3CCC(c4noc5cc(F)ccc45)CC3)=C(C)N[C@@H]12,1,train,42
2086,CN1CCN2c3cc(F)ccc3C(c3cccs3)=NC[C@H]2C1,1,train,42
2087,CN1c2cc(F)ccc2C(c2ccccc2)=NC[C@H]1CNC(=O)c1ccoc1,1,train,42
2088,O[C@H](CCCN1CCc2c(c3cc(F)ccc3n2-c2ccc(F)cc2)C1)c1ccc(F)cc1,1,val,42
2089,CN(C)[C@@H]1CCc2[nH]c3c(F)cc(F)cc3c2C1,1,train,42
2090,CCn1nnn(CCN2CC[C@H](N(C(=O)COC)c3ccccc3F)[C@@H](C)C2)c1=O,1,train,42
2091,OC(CN1CN=CN1)(CN1CN=CN1)c1ccc(F)cc1F,1,train,42
2092,CC(C)(C)NC[C@H](O)c1ccccc1F,1,train,42
2093,CNCC[C@@H](Oc1ccc(C(F)(F)F)cc1)c1ccccc1,1,train,42
2094,O=C(Cc1ccc(C(F)(F)F)cc1)N1CCCC[C@H]1CN1CCCC1,1,train,42
2095,COCCCC/C(=N\OCCN)c1ccc(C(F)(F)F)cc1,1,train,42
2096,C[C@H](CN(C)C)CN1c2ccccc2Sc2ccc(C(F)(F)F)cc21,1,train,42
2097,OCCN1CCN(CCC[C@@H]2c3ccc(F)cc3Sc3ccc(C(F)(F)F)cc32)CC1,1,train,42
2098,OCCN1CCN([C@H]2C[C@H](c3ccc(F)cc3)c3ccc(C(F)(F)F)cc32)CC1,1,test,42
2099,C[C@@H]1c2ccccc2[C@H](CCCN(C)C)c2cc(C(F)(F)F)ccc21,1,train,42
2100,OCCC1CCN(CC/C=C2\c3ccc(F)cc3Sc3ccc(C(F)(F)F)cc32)CC1,1,train,42
2101,FC(F)(F)c1cccc(N2CCN(CCc3nnc4n3C[C@@H]3CCC[C@@H]43)CC2)c1,1,train,42
2102,CC(C)N1CCO[C@H](c2cccc(C(F)(F)F)c2)C1,1,train,42
2103,COC[C@@H]1CN(c2ccc(OCC[C@H](O)C(F)(F)F)cc2)C(=O)O1,1,train,42
2104,CCCCCC(=O)OCC(=O)[C@@H]1[C@H](C)C[C@@H]2[C@H]3C[C@@H](F)C4=CC(=O)C=C[C@@]4(C)[C@H]3[C@@H](O)C[C@]21C,1,train,42
2105,C[C@@H]1C[C@@H]2[C@H]3C[C@@H](F)C4=CC(=O)C=C[C@@]4(C)[C@H]3[C@@H](O)C[C@@]2(C)[C@@H]1C(=O)CO,1,train,42
2106,C[C@H]1C[C@@H]2[C@H]3C[C@@H](F)C4=CC(=O)C=C[C@@]4(C)[C@]3(F)[C@@H](O)C[C@]2(C)[C@@]1(O)C(=O)COC(=O)C(C)(C)C,1,train,42
2107,C[C@H]1C[C@@H]2[C@H]3C[C@@H](F)C4=CC(=O)C=C[C@@]4(C)[C@]3(F)[C@@H](O)C[C@]2(C)[C@@]1(O)C(=O)CO,1,test,42
2108,C[C@@H]1C[C@@H]2[C@H]3C[C@@H](F)C4=CC(=O)C=C[C@@]4(C)[C@]3(F)[C@@H](O)C[C@@]2(C)[C@@H]1C(=O)CO,1,test,42
2109,CCC(=O)OCC(=O)[C@@]12OC(C)(C)O[C@@H]1C[C@@H]1[C@H]3C[C@@H](F)C4=CC(=O)C=C[C@@]4(C)[C@]3(F)[C@@H](O)C[C@]12C,1,test,42
2110,CCCC(=O)O[C@@]1(C(=O)COC(C)=O)CC[C@@H]2[C@H]3C[C@@H](F)C4=CC(=O)C=C[C@@]4(C)[C@]3(F)[C@@H](O)C[C@]21C,1,test,42
2111,C[C@@]12C=CC(=O)C=C1[C@H](F)C[C@H]1[C@H]2[C@@H](O)C[C@]2(C)[C@@H]1CC[C@@]2(O)C(=O)CO,1,train,42
2112,CC1(C)O[C@H]2C[C@@H]3[C@H]4C[C@@H](F)C5=CC(=O)CC[C@]5(C)[C@@H]4[C@H](O)C[C@]3(C)[C@@]2(C(=O)CO)O1,1,train,42
2113,COC(OC)C(=O)[C@]12OC(C)(C)O[C@H]1C[C@@H]1[C@H]3C[C@@H](F)C4=CC(=O)C=C[C@]4(C)[C@@]3(F)[C@H](O)C[C@@]12C,1,train,42
2114,CC1(C)O[C@H]2C[C@@H]3[C@H]4C[C@@H](F)C5=CC(=O)C=C[C@]5(C)[C@@]4(F)[C@H](O)C[C@@]3(C)[C@]2(C(=O)COC(=O)C2CC2)O1,1,val,42
2115,CC1(C)O[C@H]2C[C@@H]3[C@H]4C[C@@H](F)C5=CC(=O)C=C[C@]5(C)[C@@]4(F)[C@H](O)C[C@@]3(C)[C@@]2(C(=O)CO)O1,1,train,42
2116,CCC[C@@H]1O[C@@H]2C[C@@H]3[C@H]4C[C@@H](F)C5=CC(=O)C=C[C@]5(C)[C@@]4(F)[C@@H](O)C[C@@]3(C)[C@]2(C(=O)O[C@H](C)OC(=O)OCC)O1,1,train,42
2117,FC(F)O[C@@H](F)C(F)(F)F,1,train,42
2118,CC(=O)OCC(=O)[C@@]12N=C(C)O[C@H]1C[C@H]1[C@@H]3CCC4=CC(=O)C=C[C@]4(C)[C@@]3(F)[C@H](O)C[C@@]12C,1,train,42
2119,C[C@@H]1C[C@H]2[C@@H]3CCC4=CC(=O)C=C[C@]4(C)[C@@]3(F)[C@H](O)C[C@]2(C)[C@H]1C(=O)CO,1,test,42
2120,CC(=O)[C@]12OC(C)(C)O[C@H]1C[C@H]1[C@@H]3CCC4=CC(=O)C=C[C@]4(C)[C@@]3(F)[C@H](O)C[C@@]12C,1,train,42
2121,CCCCC(=O)O[C@]1(C(=O)CO)[C@H](C)C[C@H]2[C@@H]3CCC4=CC(=O)C=C[C@]4(C)[C@@]3(F)[C@H](O)C[C@@]21C,1,train,42
2122,CC(=O)O[C@]1(C(C)=O)CC[C@H]2[C@@H]3C[C@H](C)C4=CC(=O)C=C[C@]4(C)[C@@]3(F)[C@H](O)C[C@@]21C,1,test,42
2123,CC(=O)OCC(=O)[C@@]1(O)CC[C@H]2[C@@H]3CCC4=CC(=O)CC[C@]4(C)[C@@]3(F)[C@H](O)C[C@@]21C,1,train,42
2124,CC(=O)OCC(=O)[C@@]1(O)CC[C@H]2[C@@H]3CCC4=CC(=O)C=C[C@]4(C)[C@@]3(F)[C@H](O)C[C@@]21C,1,test,42
2125,CC(=O)OCC(=O)[C@@]1(O)[C@@H](OC(C)=O)C[C@H]2[C@@H]3CCC4=CC(=O)C=C[C@]4(C)[C@@]3(F)[C@H](O)C[C@@]21C,1,train,42
2126,C[C@@H]1C[C@H]2[C@@H]3CC(F)(F)C4=CC(=O)C=C[C@]4(C)[C@@]3(F)[C@H](O)C[C@]2(C)[C@@]1(O)C(=O)CO,1,train,42
2127,C[C@]12C=CC(=O)C=C1CC[C@H]1[C@@H]3C[C@H](O)[C@](O)(C(=O)CO)[C@@]3(C)C[C@@H](O)[C@@]12F,1,test,42
2128,CC(=O)[C@@]1(O)CC[C@H]2[C@@H]3C[C@H](C)C4=CC(=O)C=C[C@]4(C)[C@@]3(F)[C@H](O)C[C@@]21C,1,test,42
2129,C[C@@H](CNC(=O)c1ccccc1)C(=O)OCC(=O)[C@@]12OC(C)(C)O[C@@H]1C[C@@H]1[C@H]3CCC4=CC(=O)C=C[C@]4(C)[C@@]3(F)[C@H](O)C[C@]12C,1,train,42
2130,C[C@]1(c2ccccc2)O[C@@H]2C[C@H]3[C@@H]4CCC5=CC(=O)C=C[C@]5(C)[C@@]4(F)[C@H](O)C[C@@]3(C)[C@]2(C(=O)CO)O1,1,train,42
2131,CC(=O)OCC(=O)[C@]1(OC(=O)c2ccco2)[C@H](C)C[C@H]2[C@@H]3CCC4=CC(=O)C=C[C@]4(C)[C@@]3(F)[C@H](O)C[C@]21C,1,train,42
2132,CC(=O)OCC(=O)[C@]1(OC(=O)C(C)C)[C@H](C)C[C@H]2[C@@H]3CCC4=CC(=O)C=C[C@]4(C)[C@@]3(F)[C@H](O)C[C@]21C,1,train,42
2133,CC(=O)OCC(=O)[C@]1(O)[C@H](C)C[C@H]2[C@@H]3CC(F)(F)C4=CC(=O)C=C[C@]4(C)[C@@]3(F)[C@H](O)C[C@]21C,1,val,42
2134,CC(=O)[C@]1(O)[C@H](C)C[C@H]2[C@@H]3CCC4=CC(=O)C=C[C@]4(C)[C@@]3(F)[C@H](O)C[C@]21C,1,train,42
2135,CC1(C)O[C@@H]2C[C@H]3[C@@H]4C[C@H](F)C5=CC(=O)C=C[C@@]5(C)[C@H]4[C@@H](O)C[C@@]3(C)[C@]2(C(=O)CO)O1,1,train,42
2136,CC(=O)OCC(=O)[C@@]12OC(C)(C)O[C@@H]1C[C@H]1[C@@H]3C[C@H](F)C4=CC(=O)C=C[C@]4(C)[C@H]3[C@@H](O)C[C@]12C,1,train,42
2137,CC(=O)OCC(=O)[C@]1(O)[C@H](C)C[C@H]2[C@@H]3C[C@H](F)C4=CC(=O)C=C[C@]4(C)[C@H]3[C@@H](O)C[C@]21C,1,train,42
2138,C[C@@H]1C[C@H]2[C@@H]3C[C@H](F)C4=CC(=O)C=C[C@]4(C)[C@H]3[C@@H](O)C[C@@]2(C)[C@]1(O)C(=O)CO,1,val,42
2139,CCCCOC(=O)C(=O)[C@H]1[C@@H](C)C[C@H]2[C@@H]3C[C@H](F)C4=CC(=O)C=C[C@]4(C)[C@@H]3[C@H](O)C[C@@]21C,1,train,42
2140,CCCCC(=O)O[C@@]1(C(=O)CO)CC[C@H]2[C@@H]3C[C@H](F)C4=CC(=O)C=C[C@]4(C)[C@@H]3[C@H](O)C[C@]21C,1,train,42
2141,C[C@H]1C[C@H]2[C@@H]3C[C@H](F)C4=CC(=O)C=C[C@]4(C)[C@@]3(F)[C@H](O)C[C@]2(C)[C@H]1C(=O)COC(=O)C(C)(C)C,1,train,42
2142,CC(=O)OCC(=O)[C@]12OC(C)(C)O[C@@H]1C[C@H]1[C@@H]3C[C@H](F)C4=CC(=O)C=C[C@]4(C)[C@@]3(F)[C@H](O)C[C@@]12C,1,train,42
2143,CCC[C@H]1O[C@H]2C[C@H]3[C@@H]4C[C@H](F)C5=CC(=O)CC[C@]5(C)[C@@]4(F)[C@H](O)C[C@]3(C)[C@@]2(C(=O)CO)O1,1,train,42
2144,CC(=O)OCC(=O)[C@@]1(OC(C)=O)[C@@H](C)C[C@H]2[C@@H]3C[C@H](F)C4=CC(=O)C=C[C@]4(C)[C@@]3(F)[C@H](O)C[C@@]21C,1,train,42
2145,C[C@]12C=CC(=O)C=C1[C@@H](F)C[C@H]1[C@@H]3C[C@H](O)[C@](O)(C(=O)CO)[C@@]3(C)C[C@@H](O)[C@@]12F,1,val,42
2146,CC1(C)O[C@H]2C[C@@H]3[C@H]4CC5=CC(=O)C=C[C@@]5(C)[C@]4(F)[C@H](O)C[C@]3(C)[C@@]2(C(=O)COC(=O)c2cc3ccccc3o2)O1,1,train,42
2147,CC(C)(C)CC(=O)OCC(=O)[C@]12OC(C)(C)O[C@H]1C[C@@H]1[C@H]3CC4=CC(=O)C=C[C@@]4(C)[C@]3(F)[C@@H](O)C[C@@]12C,1,val,42
2148,CCC1(CC)O[C@H]2C[C@@H]3[C@H]4CCC5=CC(=O)C=C[C@@]5(C)[C@]4(F)[C@@H](O)C[C@]3(C)[C@@]2(C(=O)CO)O1,1,train,42
2149,CC1(C)O[C@H]2C[C@@H]3[C@H]4CC[C@@H]5CC(=O)CC[C@@]5(C)[C@]4(F)[C@@H](O)C[C@]3(C)[C@@]2(C(=O)CO)O1,1,test,42
2150,C=C[C@H]1O[C@H]2C[C@H]3[C@@H]4CCC5=CC(=O)C=C[C@@]5(C)[C@]4(F)[C@@H](O)C[C@]3(C)[C@@]2(C(=O)CO)O1,1,val,42
2151,CCC(=O)O[C@]1(C(=O)COC)[C@H](C)C[C@@H]2[C@H]3CCC4=CC(=O)C=C[C@@]4(C)[C@]3(F)[C@@H](O)C[C@@]21C,1,train,42
2152,CCC(=O)OCC(=O)[C@@]1(OC(=O)CC)[C@H](C)C[C@@H]2[C@H]3CCC4=CC(=O)C=C[C@@]4(C)[C@]3(F)[C@@H](O)C[C@@]21C,1,val,42
2153,C[C@H]1C[C@@H]2[C@H]3CCC4=CC(=O)C=C[C@@]4(C)[C@]3(F)[C@@H](O)C[C@]2(C)[C@@]1(OC(=O)c1ccccc1)C(=O)CO,1,train,42
2154,CC(=O)O[C@@H](C)C(=O)[C@@]1(O)CC[C@@H]2[C@H]3CCC4=CC(=O)C=C[C@@]4(C)[C@]3(F)[C@@H](O)C[C@@]21C,1,train,42
2155,C[C@@]12C=CC(=O)C=C1CC[C@H]1[C@@H]3C[C@@H]4Cc5ccccc5C[C@]4(C(=O)CO)[C@]3(C)C[C@H](O)[C@]12F,1,train,42
2156,CC(=O)OCC(=O)[C@]1(O)[C@H](C)C[C@@H]2[C@H]3CCC4=CC(=O)C=C[C@@]4(C)[C@]3(F)[C@@H](O)C[C@]21C,1,train,42
2157,C[C@@]12CCC(=O)C=C1CC[C@@H]1[C@H]3CC[C@@](O)(C(=O)CO)[C@]3(C)C[C@H](O)[C@]12F,1,val,42
2158,C[C@@]12C=CC(=O)C=C1CC[C@@H]1[C@H]3CC[C@@](O)(C(=O)CO)[C@]3(C)C[C@H](O)[C@]12F,1,train,42
2159,C=C1C[C@@H]2[C@H]3CCC4=CC(=O)C=C[C@@]4(C)[C@]3(F)[C@@H](O)C[C@@]2(C)[C@]1(O)C(=O)CO,1,train,42
2160,CC(=O)OCC(=O)[C@]12OC3(CCCC3)O[C@@H]1C[C@H]1[C@@H]3CCC4=CC(=O)C=C[C@@]4(C)[C@]3(F)[C@@H](O)C[C@]12C,1,train,42
2161,CC1(C)O[C@H]2C[C@@H]3[C@H]4CCC5=CC(=O)C=C[C@@]5(C)[C@]4(F)[C@@H](O)C[C@@]3(C)[C@@]2(C(=O)CO)O1,1,train,42
2162,C[C@@H]1C[C@@H]2[C@H]3CCC4=CC(=O)C=C[C@@]4(C)[C@]3(F)[C@@H](O)C[C@@]2(C)[C@]1(C)C(=O)CO,1,train,42
2163,NC/C(=C\F)CCc1ccc(F)cc1,1,train,42
2164,COCCN1CC[C@@]23c4c5ccc(O)c4O[C@H]2C(=O)CC[C@@]3(O)[C@H]1C5,1,train,42
2165,COCCCC/C(=N/OCCN)c1ccc(C(F)(F)F)cc1,1,val,42
2166,COc1cc2c(c(CN[C@H]3CCCN[C@H]3c3ccccc3)c1)OCC2,1,train,42
2167,COC[C@H]1CN(c2ccc(OCc3cccc(C#N)c3)cc2)C(=O)O1,1,test,42
2168,COC[C@H]1CN(c2ccc(OCC[C@H](O)C(F)(F)F)cc2)C(=O)O1,1,test,42
2169,COC(OC)C(=O)[C@@]12OC(C)(C)O[C@H]1C[C@H]1[C@H]3C[C@H](F)C4=CC(=O)C=C[C@@]4(C)[C@@]3(F)[C@H](O)C[C@]12C,1,train,42
2170,COC(=O)[C@@H]1[C@@H]2C[C@@H]3c4[nH]c5cc(OC)ccc5c4CCN3C[C@@H]2C[C@H](OC)[C@@H]1OC,1,train,42
2171,COC(=O)[C@@H]1[C@@H]2C[C@@H]3c4[nH]c5ccccc5c4CCN3C[C@@H]2C[C@@H](OC(=O)c2cc(OC)c(OC)c(OC)c2)[C@@H]1OC,1,train,42
2172,COc1ccc2c3c([nH]c2c1)[C@H]1C[C@@H]2[C@@H](C[C@@H](OC(=O)c4cc(OC)c(OC)c(OC)c4)[C@H](OC)[C@@H]2OC(C)=O)CN1CC3,1,train,42
2173,COC(=O)[C@@H]1[C@@H]2C[C@@H]3c4[nH]c5ccc(Cl)cc5c4CCN3C[C@@H]2C[C@@H](OC(=O)c2cc(OC)c(OC)c(OC)c2)[C@@H]1OC,1,train,42
2174,CO[C@H]1O[C@H]2O[C@]3(CN4CCCCC4)[C@H]1[C@@H](C[C@H]3O)[C@@H]2C,1,train,42
2175,CO[C@@]12C=C[C@@]3(C[C@H]1C(C)(C)O)[C@H]1Cc4ccc(O)c5c4[C@]3(CCN1CC1CC1)[C@@H]2O5,1,train,42
2176,COc1ccc2c(c1)[C@@]13CCCC[C@H]1[C@@H](C2)N(C)CC3,1,train,42
2177,COc1ccc2c(c1OC)[C@]13CCN(C)[C@H](C2)[C@]1(O)CC[C@@H](O)C3,1,train,42
2178,C=C[C@@H]1CNCC[C@@H]1CCCc1ccnc2ccc(OC)cc12,1,test,42
2179,COc1ccc2c3c1O[C@@H]1C[C@@H](O)C=C[C@@]31CCN(C)C2,1,train,42
2180,COc1ccc2c3c1O[C@H]1[C@H](O)C=C[C@H]4[C@@H](C2)NCC[C@]341,1,train,42
2181,COc1ccc2c3c1O[C@H]1C(=O)CC[C@@]4(O)[C@@H](C2)N(C)CC[C@@]314,1,train,42
2182,COc1ccc2c3c1O[C@H]1C(=O)CC[C@H]4[C@@H](C2)N(C)CC[C@@]314,1,train,42
2183,COc1ccc2c3c1O[C@H]1[C@H](O)CC[C@H]4[C@@H](C2)N(C)CC[C@]341,1,test,42
2184,COc1ccc2c3c1O[C@H]1[C@H](O)C=C[C@H]4[C@@H](C2)N(C)CC[C@]341,1,test,42
2185,COc1ccc2c3c1O[C@H]1[C@H](OC(=O)c4cccnc4)CC[C@H]4[C@@H](C2)N(C)CC[C@]341,1,train,42
2186,COc1cc(/C=C/C(=O)N2CCCCCCC2)cc(OC)c1OC,1,train,42
2187,COc1ccccc1N1CCN(CCCCN2C(=O)[C@@H]3C(=O)N(C(C)(C)C)C(=O)[C@H](C2=O)C3(C)C)CC1,1,train,42
2188,COc1cc(C=CC(N)=O)cc(OC)c1OC,1,train,42
2189,CNC[C@H]1CN(c2ccc(OCc3cccc(Cl)c3)cc2)C(=O)O1,1,test,42
2190,CNC[C@H](O)C[C@]12CC[C@H](c3ccccc31)c1ccccc12,1,train,42
2191,CNC(=O)OC1OC(=O)C2C3C=CC(C3)C12,1,val,42
2192,CNC(=O)Oc1ccc2c(c1)[C@]1(C)CCN(C)[C@@H]1N2C,1,train,42
2193,CN1CCN(CC/C=C2/c3ccccc3Sc3ccc(S(=O)(=O)N(C)C)cc32)CC1,1,train,42
2194,Cc1cccc2c1Oc1ccccc1[C@]1(O)CCN(C)C[C@H]21,1,train,42
2195,CN1C[C@H]2Cc3ccc(Cl)cc3[C@@H](c3ccccc3)[C@H]2C1,1,train,42
2196,CN1C[C@@H]2c3cc(Cl)ccc3Oc3ccccc3[C@@H]2C1,1,train,42
2197,CN1CC[C@@]23c4c5ccc(O)c4O[C@@]2(C)C(=O)CC[C@H]3[C@H]1C5,1,train,42
2198,CN1CC[C@@]23c4c5ccc(O)c4O[C@H]2C(=O)CC[C@@]3(O)[C@H]1C5,1,train,42
2199,CN1CC[C@@]23c4c5ccc(O)c4O[C@H]2C(=O)CC[C@H]3[C@H]1C5,1,test,42
2200,CN1CC[C@@]23c4c5ccc(O)c4O[C@H]2[C@H](O)CC[C@@]3(O)[C@H]1C5,1,train,42
2201,CN1CC[C@@]23c4c5ccc(O)c4O[C@H]2[C@H](O)C=C[C@H]3[C@H]1C5,1,train,42
2202,CC(=O)Oc1ccc2c3c1O[C@H]1[C@H](OC(C)=O)C=C[C@H]4[C@@H](C2)N(C)CC[C@]341,1,train,42
2203,CN1CC[C@@]23c4c5ccc(OC(=O)c6cccnc6)c4O[C@H]2[C@H](OC(=O)c2cccnc2)C=C[C@H]3[C@H]1C5,1,train,42
2204,CC1=CC[C@H]2[C@H]3Cc4ccc(O)c5c4[C@]2(CN3C)[C@H]1O5,1,train,42
2205,CN1CCc2cc(Cl)c(O)cc2[C@H](c2cccc3c2OCC3)C1,1,train,42
2206,CN1CC[C@@]23CCCC[C@H]2[C@H]1Cc1ccc(O)cc13,1,train,42
2207,Cc1ccc2c(c1)[C@]13CCCC[C@H]1[C@@H](C2)N(C)CC3,1,train,42
2208,CN1C[C@@H](CSc2ccccn2)C=C2c3cccc4[nH]cc(c34)C[C@H]21,1,train,42
2209,CN1CCN(CC(=O)[C@@]2(O)CC[C@H]3[C@H]4CCC5=CC(=O)C=C[C@@]5(C)[C@H]4[C@H](O)C[C@]32C)CC1,1,train,42
2210,CN1CCN(C2=Cc3cc(Cl)ccc3/C(=C/C#N)c3ccccc32)CC1,1,val,42
2211,CN1CCN(C=C2N=C3CN=C(c4ccccc4Cl)c4cc([N+](=O)[O-])ccc4N3C2=O)CC1,1,train,42
2212,CC1=N[C@@H]2Cc3ccccc3N=C(N3CCN(C)CC3)N2N1,1,train,42
2213,CN1CCC2=C(CC1)c1cc(C#N)ccc1Sc1ccccc12,1,val,42
2214,CN1CCC23NC(=O)CC(c4cc(Cl)ccc4O2)C3C1,1,train,42
2215,CON=CC1=CCCN(C)C1,1,val,42
2216,CN1CCO[C@H](c2ccccc2)c2ccccc2C1,1,train,42
2217,CN1CC[C@]23c4c5ccc(O)c4O[C@@H]2CCC[C@@H]3[C@@H]1C5,1,train,42
2218,CN1C2CCC1CC(OC(=O)C(O)c1ccccc1)C2,1,train,42
2219,CN1CCN2c3ccccc3Cn3cccc3[C@H]2C1,1,train,42
2220,CN1CCN2c3ccccc3Cc3ccccc3[C@H]2C1,1,train,42
2221,CN1CCN2c3ncccc3Cc3ccccc3[C@@H]2C1,1,val,42
2222,Cc1ccc2c(c1)[C@@H]1CN(C)CC[C@H]1N2,1,train,42
2223,CN1C[C@@H](CC#N)C[C@H]2c3cccc4[nH]cc(c34)C[C@H]21,1,train,42
2224,CN1C[C@H](NS(=O)(=O)N(C)C)C[C@H]2c3cccc4c3c(cn4C)C[C@H]21,1,train,42
2225,CN1C(=O)CC[C@H]1c1cccnc1,1,train,42
2226,Cc1cccc(Cl)c1NC(=O)/C=C1/SCC(=O)N1C,1,train,42
2227,Cc1ccc2c(c1)[C@@]13CCCC[C@@H]1[C@@H](C2)N(C)CC3,1,test,42
2228,CN1CCC[C@H]1c1cccnc1,1,train,42
2229,CC1=Nc2ccccc2C[C@@H](c2ccccc2)N1C,1,train,42
2230,C[C@H]1[C@@H](c2ccccc2)OCCN1C,1,train,42
2231,CN1[C@H]2CC[C@H]1CC(OC(=O)[C@@H](CO)c1ccccc1)C2,1,train,42
2232,C[N+]1([O-])[C@H]2CC[C@H]1CC(OC(=O)[C@@H](CO)c1ccccc1)C2,1,val,42
2233,CN[C@H]1CC[C@@H](c2ccc(Cl)c(Cl)c2)c2ccccc21,1,val,42
2234,CN[C@H]1C[C@@H](c2ccc(Cl)c(Cl)c2)c2ccccc21,1,train,42
2235,CNC1=Nc2ccc(Cl)cc2C(c2ccccc2)=[N+]([O-])C1,1,train,42
2236,C#CCN(C)CCCOc1ccc(Cl)cc1Cl,1,test,42
2237,CN(C)CCC(=O)COc1ccc(Cl)cc1,1,train,42
2238,CN(C)CC#CC=C1c2ccccc2C=Cc2ccccc21,1,train,42
2239,CN(C)C[C@H](O)[C@@H](c1ccccc1)c1cccc(Cl)c1,1,test,42
2240,CN(C(=O)Cc1ccc(Cl)c(Cl)c1)[C@H]1CC[C@@]2(CCCO2)C[C@H]1N1CCCC1,1,train,42
2241,CN(C(=O)C(c1ccccc1)c1ccccc1)[C@@H](CN1CC[C@H](O)C1)c1ccccc1,1,train,42
2242,CCC(=O)O[C@@]1(C(=O)SCCl)[C@@H](C)C[C@@H]2[C@H]3C[C@@H](F)C4=CC(=O)C=C[C@@]4(C)[C@]3(F)[C@@H](O)C[C@]21C,1,train,42
2243,CCOC(=O)O[C@]1(C(=O)OCCl)CC[C@@H]2[C@H]3CCC4=CC(=O)C=C[C@]4(C)[C@@H]3[C@H](O)C[C@@]21C,1,train,42
2244,CC(=O)OCC(=O)[C@]12OC(C)(C)O[C@H]1C[C@@H]1[C@H]3CC(C=O)=C4C=C(OCCCl)CC[C@]4(C)[C@]3(F)[C@@H](O)C[C@@]12C,1,train,42
2245,CC(=O)CC(=O)[C@]12OC(C)(C)O[C@H]1C[C@H]1[C@@H]3CC(C#N)=C4C=C(OCCCl)CC[C@]4(C)[C@@]3(F)[C@H](O)C[C@]12C,1,val,42
2246,O=C1N[C@@H](CCCl)Oc2ccccc21,1,train,42
2247,CCC(=O)O[C@@]1(C(=O)CCl)[C@@H](C)C[C@@H]2[C@H]3CCC4=CC(=O)C=C[C@@]4(C)[C@]3(F)[C@@H](O)C[C@]21C,1,train,42
2248,C[C@H]1C[C@@H]2[C@H]3C[C@@H](F)C4=CC(=O)C=C[C@@]4(C)[C@]3(F)[C@@H](O)C[C@@]2(C)[C@]1(O)C(=O)CCl,1,train,42
2249,CC1(C)O[C@H]2C[C@@H]3[C@H]4CCC5=CC(=O)CC[C@@]5(C)[C@]4(F)[C@@H](O)C[C@]3(C)[C@@]2(C(=O)CCl)O1,1,test,42
2250,CC1(C)O[C@H]2C[C@@H]3[C@H]4C[C@H](F)C5=CC(=O)C=C[C@@]5(C)[C@]4(Cl)[C@@H](Cl)C[C@@]3(C)[C@@]2(C(=O)CCl)O1,1,train,42
2251,CCCC(=O)O[C@]1(C(=O)CCl)[C@@H](C)C[C@@H]2[C@H]3CCC4=CC(=O)C=C[C@@]4(C)[C@]3(F)C(=O)C[C@@]21C,1,train,42
2252,C[C@@H]1C[C@H]2[C@@H]3CCC4=CC(=O)C=C[C@]4(C)[C@@]3(Cl)[C@@H](O)C[C@@]2(C)[C@@]1(OC(=O)c1ccco1)C(=O)CCl,1,val,42
2253,C[C@H]1C[C@@H]2[C@H]3CCC4=CC(=O)C=C[C@@]4(C)[C@]3(F)C(=O)C[C@]2(C)[C@@]1(O)C(=O)CCl,1,train,42
2254,C[C@H]1C[C@@H]2[C@H]3CCC4=CC(=O)C=C[C@@]4(C)[C@]3(F)[C@@H](O)C[C@]2(C)[C@@]1(O)C(=O)CCl,1,val,42
2255,CN1CCN(C(=O)O[C@@H]2C3=C(SCCS3)C(=O)N2c2ccc3ccc(Cl)nc3n2)CC1,1,train,42
2256,O=C(C[C@@H]1c2ccccc2C(=O)N1c1ccc2ccc(Cl)nc2n1)N1CCC2(CC1)OCCO2,1,train,42
2257,CCC(=O)N1CCN(C(=O)O[C@H]2C3=C(SCCS3)C(=O)N2c2ccc3ccc(Cl)nc3n2)CC1,1,train,42
2258,CC(C)CCC(=O)C[C@H]1c2ccccc2C(=O)N1c1ccc2ccc(Cl)nc2n1,1,train,42
2259,O=C1CCCN1CCCCN1CCN(c2cc(C(F)(F)F)cc(Cl)n2)CC1,1,train,42
2260,CN1CCN(C(=O)O[C@@H]2c3nccnc3C(=O)N2c2ccc(Cl)cn2)CC1,1,test,42
2261,NC(=O)OC[C@H](O)COc1ccc(Cl)cc1,1,train,42
2262,C[C@@H](N)C(=O)OC(C)(C)Cc1ccc(Cl)cc1,1,train,42
2263,CC(C)C[C@H](N(C)C)C1(c2ccc(Cl)cc2)CCC1,1,train,42
2264,O=C1CN(C(=O)CN2C[C@H](c3ccc(Cl)cc3)CC2=O)CCN1,1,train,42
2265,OCCOCCOCCN1CCN([C@H](c2ccccc2)c2ccc(Cl)cc2)CC1,1,train,42
2266,OCCOCCN1CCN([C@H](c2ccccc2)c2ccc(Cl)cc2)CC1,1,train,42
2267,CC(C)(C)c1ccc(CN2CCN([C@H](c3ccccc3)c3ccc(Cl)cc3)CC2)cc1,1,train,42
2268,CN1CCCN([C@H](c2ccccc2)c2ccc(Cl)cc2)CC1,1,train,42
2269,CN1CCN([C@H](c2ccccc2)c2ccc(Cl)cc2)CC1,1,train,42
2270,O[C@]1(c2ccc(Cl)cc2)c2ccccc2[C@@H]2NCCN21,1,val,42
2271,CC(C)(O)C[C@@](C)(O)c1ccc(Cl)cc1,1,train,42
2272,CC(C)(O)[C@@](C)(O)c1ccc(Cl)cc1,1,train,42
2273,CN1C(=O)CCS(=O)(=O)[C@H]1c1ccc(Cl)cc1,1,val,42
2274,Clc1ccc([C@H]2[C@H]3CC[C@H](C3)[C@]23CCC(N2CCOCC2)=N3)cc1,1,train,42
2275,Clc1ccc([C@@H](OCCN2CCOCC2)c2ccccc2)cc1,1,train,42
2276,O=C1NC(=O)[C@@]2(c3ccc(Cl)cc3)C[C@@H]12,1,train,42
2277,CN(C)CCO[C@](C)(c1ccccc1)c1ccc(Cl)cc1,1,train,42
2278,O[C@](C1=NCCN1)(c1ccc(Cl)cc1)c1ccccn1,1,train,42
2279,CN1c2ccccc2[C@H](NCCCCCCC(=O)O)c2ccc(Cl)cc2S1(=O)=O,1,train,42
2280,CN(C)CC/C=C1\c2ccccc2CNc2cc(Cl)ccc21,1,train,42
2281,O=c1[nH]c2cc(Cl)ccc2n1C1CCN(C[C@H]2COc3ccccc3O2)CC1,1,train,42
2282,O=C1N[C@@H]2CCCCN2C12CCN(CCCN1c3ccccc3CCc3ccc(Cl)cc31)CC2,1,train,42
2283,O=C1OCC[C@H]1C1(O)CCN(CCCN2c3ccccc3Sc3ccc(Cl)cc32)CC1,1,train,42
2284,CN(C)C(=O)O[C@H]1N=C(c2ccccc2)c2cc(Cl)ccc2N(C)C1=O,1,train,42
2285,O=C1Nc2ccc(Cl)cc2C(c2ccccc2)=N[C@@H]1O,1,train,42
2286,CN1C(=O)[C@@H](O)N=C(c2ccccc2)c2cc(Cl)ccc21,1,test,42
2287,CC(C)(C)C(=O)O[C@@H]1N=C(c2ccccc2)c2cc(Cl)ccc2NC1=O,1,val,42
2288,O=C1CN=C(c2ccccc2F)c2cc(Cl)ccc2N1C[C@@H](O)CO,1,test,42
2289,Cc1ncc2n1-c1ccc(Cl)cc1C(c1ccccc1F)=N[C@@H]2O,1,train,42
2290,CN1C(=O)[C@@H](O)N=C(c2ccccc2F)c2cc(Cl)ccc21,1,train,42
2291,O=C1[C@H](O)N=C(c2ccccc2F)c2cc(Cl)ccc2N1CCO,1,test,42
2292,N#CCCN1C(=O)[C@H](O)N=C(c2ccccc2F)c2cc(Cl)ccc21,1,train,42
2293,CCOC(=O)[C@@H]1N=C(c2ccccc2F)c2cc(Cl)ccc2NC1=O,1,train,42
2294,COC(=O)[C@@H]1[C@H]2C[C@@H]3c4[nH]c5ccc(Cl)cc5c4CCN3C[C@@H]2C[C@H](OC(=O)c2cc(OC)c(OC)c(OC)c2)[C@H]1OC,1,train,42
2295,C[C@@H](c1noc2ccc(Cl)cc12)n1ccnc1,1,train,42
2296,CN1C(=O)CN2CCc3ccccc3[C@H]2c2cc(Cl)ccc21,1,train,42
2297,CN1C[C@@H]2Cc3ccc(Cl)cc3[C@H](c3ccccc3)[C@H]2C1,1,train,42
2298,C[C@H]1CN2CC(=O)Nc3ccc(Cl)cc3[C@]2(c2ccccc2)O1,1,train,42
2299,CCNC1=Nc2ccc(Cl)cc2[C@](C)(c2ccccc2)O1,1,train,42
2300,Clc1ccc2c(c1)[C@H]1CNC[C@H]1c1ccccc1O2,1,train,42
2301,O=C1C[C@@H]2c3cc(Cl)ccc3O[C@]3(CCNC[C@H]23)N1,1,val,42
2302,Clc1ccc2c(c1)[C@H]1CCNC[C@@H]1c1ccccc1O2,1,train,42
2303,CN1CC[C@@H]2c3cc(Cl)ccc3Oc3ccccc3[C@H]2C1,1,test,42
2304,CN1CCN([C@H]2Cc3ccccc3Sc3ccc(Cl)cc32)CC1,1,test,42
2305,ON1CC(NCC2CC2)=Nc2ccc(Cl)cc2[C@@H]1c1ccccc1,1,train,42
2306,CNC1=Nc2ccc(Cl)cc2[C@H](c2ccccc2)N(O)C1,1,train,42
2307,O=C1CN(O)[C@@H](c2ccccc2)c2cc(Cl)ccc2N1,1,train,42
2308,CN1C(=O)CN(C(N)=O)[C@@H](c2ccccc2)c2cc(Cl)ccc21,1,train,42
2309,OCCCN1CCN(CCC[C@H]2c3ccccc3Sc3ccc(Cl)cc32)CC1,1,train,42
2310,CN(C)CCC[C@H]1c2ccccc2Nc2ccc(Cl)cc21,1,val,42
2311,CCNC1=Nc2ccc(Cl)cc2[C@@H](c2ccccc2)S1,1,train,42
2312,O=C1CN2CCO[C@]2(c2ccccc2F)c2cc(Cl)ccc2N1CCO,1,train,42
2313,OCCN1CCN(CC/C=C2\c3ccccc3Sc3ccc(Cl)cc32)CC1,1,train,42
2314,OCCN1CCN(CC/C=C2\c3ccccc3COc3ccc(Cl)cc32)CC1,1,train,42
2315,CNC(=O)CCN1CCN(CC/C=C2\c3ccccc3Sc3ccc(Cl)cc32)CC1,1,train,42
2316,CN(C)CC/C=C1\c2ccccc2Sc2ccc(Cl)cc21,1,test,42
2317,Clc1ccc2c(c1)/C(=C/[C@@H]1CN3CCC1CC3)c1ccccc1S2,1,train,42
2318,C[C@@H]1O[C@]2(CCCC[C@H]2Oc2cccc(Cl)c2)NC1=O,1,train,42
2319,CN1CC(=O)N=C1NC(=O)Nc1cccc(Cl)c1,1,val,42
2320,O=C1N(CCCN2CCN(c3cccc(Cl)c3)CC2)N[C@H]2C=CC=CN12,1,train,42
2321,CN(C(=O)CNC(=O)[C@@H](N)CCCCN)c1ccc(Cl)cc1C(=O)c1ccccc1,1,train,42
2322,C[C@@H](CC#N)N(C)CC(=O)N(C)c1ccc(Cl)cc1C(=O)c1ccccc1F,1,train,42
2323,CC(C)(O)[C@@](C)(O)c1cccc(Cl)c1,1,train,42
2324,C[N+](C)([O-])CC/C=C1/c2ccccc2C=Cc2c(Cl)cccc21,1,train,42
2325,COc1ccc(Cl)c2c1CCC[C@@H]2N(C)C,1,train,42
2326,NS(=O)(=O)c1ccc(N2C(=O)C[C@H](c3ccccc3)C2=O)c(Cl)c1,1,train,42
2327,Nc1cc(OCC2CC2)c(C(=O)N[C@H]2CN3CCC2CC3)cc1Cl,1,train,42
2328,CCC(=O)N(c1ccc(Cl)c(Cl)c1)[C@H]1CCC[C@@H]1N(C)C,1,val,42
2329,O=C(Cc1ccc(Cl)c(Cl)c1)N1CCCC[C@H]1CN1CCCC1,1,train,42
2330,O=C(Cc1ccc(Cl)c(Cl)c1)N1CCc2sccc2[C@H]1CN1CCCC1,1,train,42
2331,O=C(Cc1ccc(Cl)c(Cl)c1)N1CCc2occc2[C@H]1CN1CCCC1,1,train,42
2332,O=C(Cc1ccc(Cl)c(Cl)c1)N1CCc2ccccc2[C@H]1CN1CCCC1,1,train,42
2333,O=C(Cc1ccc(Cl)c(Cl)c1)N1CCc2occc2[C@H]1CN1CC[C@@H](O)C1,1,train,42
2334,CCCOC(=O)N1CCN(C(=O)Cc2ccc(Cl)c(Cl)c2)[C@@H](CN2CCCC2)C1,1,train,42
2335,CCOC(=O)N1CCN(C(=O)Cc2ccc(Cl)c(Cl)c2)[C@@H](CN2CCCC2)C1,1,val,42
2336,COC(=O)N1CCN(C(=O)Cc2ccc(Cl)c(Cl)c2)[C@@H](CN2CCCC2)C1,1,train,42
2337,CC(=O)N1CCN(C(=O)Cc2ccc(Cl)c(Cl)c2)[C@@H](CN2CCCC2)C1,1,train,42
2338,CC1(C)CCN(C(=O)Cc2ccc(Cl)c(Cl)c2)[C@@H](CN2CCCC2)C1,1,train,42
2339,CN(C(=O)Cc1ccc(Cl)c(Cl)c1)[C@H]1CC[C@]2(CCCO2)C[C@@H]1N1CCCC1,1,train,42
2340,CN(C)[C@](C)(CO)Cc1ccc(Cl)c(Cl)c1,1,test,42
2341,CN1C(=O)CCS(=O)(=O)[C@@H]1c1ccc(Cl)c(Cl)c1,1,train,42
2342,CN[C@@H]1CC[C@@H](c2ccc(Cl)c(Cl)c2)c2ccccc21,1,train,42
2343,COc1ccc2c(c1)CN(C)C[C@@H]2c1ccc(Cl)c(Cl)c1,1,train,42
2344,CN[C@@H]1C[C@H](c2ccc(Cl)c(Cl)c2)c2ccccc21,1,train,42
2345,CC(C)N[C@H]1C2CCC(CC2)[C@@]1(O)c1ccc(Cl)c(Cl)c1,1,train,42
2346,NCCn1ncc2cc(Cl)c(Cl)cc21,1,train,42
2347,CN1CCN(/C=C2\N=C3CN=C(c4ccccc4Cl)c4cc([N+](=O)[O-])ccc4N3C2=O)CC1,1,train,42
2348,CN1c2ccc(Cl)cc2C(c2ccccc2Cl)=NC[C@@H]1CO,1,val,42
2349,O=C1Nc2ccc(Cl)nc2C(c2ccccc2Cl)=N[C@@H]1O,1,train,42
2350,C[C@H]1N=C(c2ccccc2Cl)c2cc([N+](=O)[O-])ccc2NC1=O,1,train,42
2351,O=C1Nc2ccc(Cl)cc2C(c2ccccc2Cl)=N[C@H]1O,1,train,42
2352,CN1C(=O)[C@H](O)N=C(c2ccccc2Cl)c2cc(Cl)ccc21,1,train,42
2353,CN(C)C(=O)C1=N[C@@H](CNC(=O)CN)N(c2ccc(Cl)cc2C(=O)c2ccccc2Cl)N1,1,train,42
2354,COC1=CC(=O)O[C@@H]1[C@@H](O)c1ccccc1Cl,1,train,42
2355,C[C@H]1CO[C@]2(c3ccccc3Cl)c3cc(Cl)ccc3NC(=O)CN12,1,train,42
2356,CN[C@]1(c2ccccc2Cl)CCCCC1=O,1,train,42
2357,Clc1ccc(CO[C@@H](Cn2ccnc2)c2ccc(Cl)cc2Cl)c(Cl)c1,1,train,42
2358,O=C1CN2CCO[C@@]2(c2ccccc2Cl)c2cc(Cl)ccc2N1,1,val,42
2359,N[C@H]1N=C(Cl)Nc2c1ncn2[C@H]1C[C@@H](O)[C@@H](CO)O1,1,train,42
2360,C[C@]12C=CC(=O)C=C1C(Cl)=C[C@@H]1[C@@H]2[C@@H](O)C[C@]2(C)[C@H]1CC[C@@]2(O)C(=O)CO,1,val,42
2361,C[C@H]1C[C@@H]2[C@H]3C[C@@H](F)C4=CC(=O)C(Cl)=C[C@@]4(C)[C@]3(F)[C@@H](O)C[C@]2(C)[C@@]1(O)C(=O)CO,1,train,42
2362,Cc1ncc([N+](=O)[O-])n1C[C@H](O)CCl,1,train,42
2363,CS(=O)(=O)c1ccc([C@@H](O)[C@H](CO)NC(=O)C(Cl)Cl)cc1,1,train,42
2364,CS(=O)(=O)c1ccc([C@@H](O)[C@H](CF)NC(=O)C(Cl)Cl)cc1,1,train,42
2365,CC(=O)c1ccc([C@@H](O)[C@H](CO)NC(=O)C(Cl)Cl)cc1,1,train,42
2366,O=C(N[C@@H](CO)[C@H](O)c1ccc([N+](=O)[O-])cc1)C(Cl)Cl,1,train,42
2367,O=C(N[C@H](CO)[C@H](O)C1CCC([N+](=O)[O-])CC1)C(Cl)Cl,1,train,42
2368,O[C@H](OCC(CO[C@@H](O)C(Cl)(Cl)Cl)(CO[C@H](O)C(Cl)(Cl)Cl)CO[C@H](O)C(Cl)(Cl)Cl)C(Cl)(Cl)Cl,1,train,42
2369,Cc1ccccc1OC[C@@H](CO[C@@H](O)C(Cl)(Cl)Cl)O[C@H](O)C(Cl)(Cl)Cl,1,train,42
2370,C[C@H](CC(C)(C)O)O[C@H](O)C(Cl)(Cl)Cl,1,train,42
2371,O=C1N([C@@H](O)C(Cl)(Cl)Cl)CNC1(c1ccccc1)c1ccccc1,1,train,42
2372,OC[C@H](O)[C@@H]1O[C@@H]2O[C@H](C(Cl)(Cl)Cl)O[C@H]2[C@H]1O,1,train,42
2373,O[C@@H]1[C@@H](O[C@@H]2[C@@H](OCCOCCO[C@H](O)C(Cl)(Cl)Cl)[C@H](O)[C@H](O)O[C@H]2COCCO[C@H](O)C(Cl)(Cl)Cl)O[C@H](COCCOCCO[C@@H](O)C(Cl)(Cl)Cl)C[C@@H]1O[C@@H](O)C(Cl)(Cl)Cl,1,train,42
2374,CCOC(=O)N[C@H](O)C(Cl)(Cl)Cl,1,train,42
2375,CNC(=O)N[C@H](O)C(Cl)(Cl)Cl,1,test,42
2376,CCCC(=O)OCC(=O)[C@]1(OC(=O)CCC)[C@@H](C)C[C@H]2[C@@H]3CCC4=CC(=O)C=C[C@]4(C)[C@@]3(Cl)[C@H](Cl)C[C@]21C,1,train,42
2377,C[C@]12C=CC(=O)C=C1CC[C@H]1[C@@H]3CC[C@@](O)(C(=O)CO)[C@]3(C)C[C@@H](Cl)[C@@]12Cl,1,val,42
2378,FC(F)OC(F)(F)[C@@H](F)Cl,1,train,42
2379,CCCC(=O)O[C@@]1(C(=O)COC(C)=O)[C@@H](C)C[C@H]2[C@@H]3CCC4=CC(=O)C=C[C@]4(C)[C@@]3(Cl)[C@H](O)C[C@]21C,1,train,42
2380,C[C@@H]1C[C@H]2[C@@H]3CCC4=CC(=O)C=C[C@]4(C)[C@@]3(Cl)[C@H](O)C[C@@]2(C)[C@]1(O)C(=O)CO,1,train,42
2381,C[C@@H]1C[C@H]2[C@@H]3C[C@@H](F)C4=CC(=O)C=C[C@]4(C)[C@@]3(Cl)[C@H](F)C[C@@]2(C)[C@@H]1C(=O)CO,1,train,42
2382,CCC(=O)OCC(=O)[C@@]1(OC(=O)CC)[C@@H](C)C[C@H]2[C@@H]3CCC4=CC(=O)C=C[C@]4(C)[C@@]3(Cl)[C@@H](O)C[C@]21C,1,train,42
2383,CC(=O)OCC(=O)[C@]1(O)CC[C@H]2[C@@H]3C[C@H](Cl)C4=CC(=O)C=C[C@@]4(C)[C@H]3C(=O)C[C@]21C,1,train,42
2384,C[C@@]12C=CC(=O)C=C1[C@@H](Cl)C[C@@H]1[C@@H]2C(=O)C[C@]2(C)[C@H]1CC[C@@]2(O)C(=O)CO,1,train,42
2385,CCC(=O)OCC(=O)[C@]1(OC(=O)CC)[C@@H](C)C[C@@H]2[C@@H]3[C@H]([C@@H](O)C[C@]21C)[C@]1(C)C=CC(=O)C=C1C[C@@H]3Cl,1,train,42
2386,C[C@@H]1C[C@H]2[C@H]3[C@H]([C@@H](O)C[C@@]2(C)[C@]1(O)C(=O)CO)[C@@]1(C)C=CC(=O)C=C1C[C@@H]3Cl,1,train,42
2387,CC(=O)CC(=O)[C@@]1(O)CC[C@@H]2[C@H]3CCC4=CC(=O)C=C[C@@]4(C)[C@]3(Cl)[C@@H](Cl)C[C@@]21C,1,train,42
2388,CC1(C)O[C@H]2C[C@@H]3[C@H]4C[C@H](F)C5=CC(=O)C=C[C@@]5(C)[C@]4(Cl)[C@@H](Cl)C[C@@]3(C)[C@@]2(C(=O)CO)O1,1,train,42
2389,CC1(C)O[C@H]2C[C@@H]3[C@H]4C[C@H](F)C5=CC(=O)C=C[C@@]5(C)[C@]4(Cl)[C@@H](Cl)C[C@@]3(C)[C@@]2(C(=O)CF)O1,1,val,42
2390,FC(F)O[C@H](Cl)C(F)(F)F,1,train,42
2391,CC(=O)OCC(=O)[C@H]1[C@@H](C)C[C@@H]2[C@H]3C[C@H](F)C4=CC(=O)C=C[C@@]4(C)[C@]3(Cl)[C@@H](O)C[C@@]21C,1,train,42
2392,C[C@H]1C[C@@H]2[C@H]3C[C@H](F)C4=CC(=O)C=C[C@@]4(C)[C@]3(Cl)[C@@H](O)C[C@]2(C)[C@H]1C(=O)COC(=O)C(C)(C)C,1,test,42
2393,C[C@H]1C[C@@H]2[C@H]3C[C@H](F)C4=CC(=O)C=C[C@@]4(C)[C@]3(Cl)[C@@H](O)C[C@]2(C)[C@H]1C(=O)CO,1,train,42
2394,CO[C@]1(F)C(F)(F)[C@]1(F)Cl,1,train,42
2395,C#C[C@](O)(/C=C/Cl)CC,1,train,42
2396,Cl/C(=C\N1CN=CN1)c1ccc(Cl)cc1Cl,1,train,42
2397,CCOC(=O)OCCC(SC(=O)OCC)=C(C)N(C=O)Cc1cnc(C)nc1N,1,train,42
2398,CCOC(=O)O[C@]1(C(=O)OCCl)CC[C@H]2[C@H]3CCC4=CC(=O)C=C[C@@]4(C)[C@H]3[C@H](O)C[C@]21C,1,train,42
2399,CCOC(=O)O[C@]1(C(=O)COC(=O)CC)CC[C@H]2[C@H]3CCC4=CC(=O)C=C[C@@]4(C)[C@H]3[C@H](O)C[C@]21C,1,train,42
2400,CCOC(=O)C[C@H](O)C[C@H](O)C=CC1=C(c2ccc(F)cc2)c2ccccc2OC12CCCC2,1,train,42
2401,CCO[C@H]1C[C@@]2(C)[C@@H](CC[C@@H]3[C@H]2[C@H](N(C)C)C[C@@]2(C)[C@@H]3CC[C@H]2C(C)=O)C[C@@H]1O,1,train,42
2402,C=CCN1C[C@@H](C(=O)N(CCCN(C)C)C(=O)NCC)C[C@H]2c3cccc4[nH]cc(c34)C[C@H]21,1,train,42
2403,CCNC(=O)C=Cc1cccc(Br)c1,1,train,42
2404,CCn1nnn(CCN2CC[C@@H](N(C(=O)COC)c3ccccc3F)[C@H](C)C2)c1=O,1,train,42
2405,CCN[C@@H](Cc1ccccc1)[C@H]1CCCO1,1,train,42
2406,CCN(CC)CC=C1c2ccccc2Nc2cc(Cl)ccc21,1,train,42
2407,CCN(CC)CC(=O)OCC(=O)[C@@]1(O)CC[C@H]2[C@H]3CCC4=CC(=O)CC[C@@]4(C)[C@H]3[C@H](O)C[C@]21C,1,test,42
2408,CCN(CC)CC(=O)OCC(=O)[C@@]1(O)CC[C@H]2[C@H]3CCC4=CC(=O)C=C[C@@]4(C)[C@H]3[C@H](O)C[C@]21C,1,train,42
2409,CCN(CC)C(=O)N[C@H]1C[C@H]2c3cccc4[nH]cc(c34)C[C@H]2N(C)C1,1,train,42
2410,CCN(CC)C(=O)[C@@H]1[C@H](C(=O)N(CC)CC)[C@@H]2C=C[C@@H]1C2,1,train,42
2411,CCN(CC)S(=O)(=O)N[C@H]1C[C@H]2c3cccc4[nH]cc(c34)C[C@H]2N(C)C1,1,train,42
2412,CCCN(CCCCN1C(=O)CC2(CCCC2)CC1=O)C1COc2cccc(OC)c2C1,1,train,42
2413,CC=CC(=O)N(CCC)[C@@H](CC)C(=O)N(C)C,1,train,42
2414,CCCCOC(=O)C(=O)[C@H]1[C@H](C)C[C@H]2[C@H]3C[C@H](F)C4=CC(=O)C=C[C@@]4(C)[C@H]3[C@H](O)C[C@]21C,1,train,42
2415,CCCCCN[C@]12C=CC(=O)[C@H]3Oc4c(O)ccc5c4[C@@]31CCN(C)[C@@H]2C5,1,train,42
2416,CCCCCCCCCCCCCCCCCC(=O)OCC(=O)OCC(=O)[C@@]1(O)CC[C@H]2[C@H]3CCC4=CC(=O)C=C[C@@]4(C)[C@H]3[C@H](O)C[C@]21C,1,train,42
2417,CCCCCCCCCCCCCC(=O)O[C@H]1C=C[C@H]2[C@H]3Cc4ccc(OCc5ccccc5)c5c4[C@]2(CCN3C)[C@@H]1O5,1,train,42
2418,CCCCCCC(C)(C)c1cc(O)c2c(c1)OC(C)(C)[C@H]1CCC(=O)C[C@@H]21,1,train,42
2419,CCCCCC(=O)OCC(=O)[C@H]1[C@H](C)C[C@H]2[C@H]3C[C@H](F)C4=CC(=O)C=C[C@@]4(C)[C@H]3[C@H](O)C[C@]21C,1,train,42
2420,CCCCCC(=O)CC[C@@]1(C)[C@H]2Cc3ccc(O)cc3[C@@]1(C)CCN2C,1,train,42
2421,CCCCC/C(=N/OCCN)c1ccc(C)c(N)c1,1,train,42
2422,CCCCC(=O)O[C@]1(C(=O)CO)CC[C@H]2[C@H]3CCC4=CC(=O)C=C[C@@]4(C)[C@H]3[C@H](O)C[C@]21C,1,train,42
2423,CCCCC(=O)O[C@]1(C(=O)CO)CC[C@H]2[C@H]3C[C@H](F)C4=CC(=O)C=C[C@@]4(C)[C@H]3[C@H](O)C[C@]21C,1,val,42
2424,CCCCC(=O)O[C@@]1(C(=O)CO)[C@H](C)C[C@H]2[C@H]3CCC4=CC(=O)C=C[C@@]4(C)[C@@]3(F)[C@H](O)C[C@]21C,1,train,42
2425,C=CCN1CCC23c4c5ccc(O)c4OC2C2(OC)C=CC3(CC2C(C)(O)CCC)C1C5,1,test,42
2426,CCCC(=O)OCC(=O)[C@@]1(OC(=O)CCC)[C@H](C)C[C@H]2[C@H]3CCC4=CC(=O)C=C[C@@]4(C)[C@@]3(Cl)[C@H](Cl)C[C@]21C,1,train,42
2427,CCCC(=O)O[C@]1(C(C)=O)CCC[C@H]2[C@H]3CCC4=CC(=O)C=C[C@@]4(C)[C@H]3[C@H](O)C[C@]21C,1,train,42
2428,CCCC(=O)O[C@]1(C(=O)COC(=O)CC)CC[C@H]2[C@H]3CCC4=CC(=O)CC[C@@]4(C)[C@H]3[C@H](O)C[C@]21C,1,train,42
2429,CCCC(=O)O[C@]1(C(=O)CO)CC[C@H]2[C@H]3CCC4=CC(=O)CC[C@@]4(C)[C@H]3[C@H](O)C[C@]21C,1,train,42
2430,CCCC(=O)O[C@]1(C(=O)COC(C)=O)CC[C@H]2[C@H]3C[C@H](C)C4=CC(=O)CC[C@@]4(C)[C@H]3[C@H](O)C[C@]21C,1,train,42
2431,CCCC(=O)O[C@]1(C(=O)COC(C)=O)CC[C@H]2[C@H]3C[C@H](F)C4=CC(=O)C=C[C@@]4(C)[C@@]3(F)[C@H](O)C[C@]21C,1,train,42
2432,CCCC(=O)O[C@@]1(C(=O)COC(C)=O)[C@H](C)C[C@H]2[C@H]3CCC4=CC(=O)C=C[C@@]4(C)[C@@]3(Cl)[C@H](O)C[C@]21C,1,train,42
2433,CCCC(=O)O[C@@]1(C(=O)CCl)[C@H](C)C[C@H]2[C@H]3CCC4=CC(=O)C=C[C@@]4(C)[C@@]3(F)C(=O)C[C@]21C,1,train,42
2434,CCc1cccc(/N=C(/C)Nc2cccc(CC)c2)c1,1,train,42
2435,CCC[C@H]1O[C@H]2C[C@H]3[C@H]4CCC5=CC(=O)C=C[C@@]5(C)[C@H]4[C@H](O)C[C@@]3(C)[C@]2(C(=O)CO)O1,1,train,42
2436,CCC[C@H]1O[C@H]2C[C@H]3[C@H]4C[C@H](F)C5=CC(=O)CC[C@@]5(C)[C@@]4(F)[C@H](O)C[C@@]3(C)[C@]2(C(=O)CO)O1,1,train,42
2437,CCC[C@H]1O[C@H]2C[C@H]3[C@H]4C[C@H](F)C5=CC(=O)C=C[C@@]5(C)[C@@]4(F)[C@H](O)C[C@@]3(C)[C@]2(C(=O)O[C@H](C)OC(=O)OCC)O1,1,train,42
2438,CCC[C@@](C)(O)[C@H]1C[C@]23C=C[C@@]1(OC)[C@H]1Oc4c(OC(C)=O)ccc5c4[C@@]12CCN(C)[C@@H]3C5,1,train,42
2439,CCC(C)(C)C(=O)O[C@H]1C[C@H](C)C=C2C=C[C@H](C)[C@@H](CC[C@H]3C[C@H](O)CC(=O)O3)[C@H]21,1,train,42
2440,CCC(=O)OCC(=O)[C@@]1(OC(=O)CC)[C@H](C)C[C@H]2[C@H]3CCC4=CC(=O)C=C[C@@]4(C)[C@@]3(F)[C@H](O)C[C@]21C,1,train,42
2441,CCC(=O)OCC(=O)[C@@]1(OC(=O)CC)[C@H](C)C[C@H]2[C@H]3CCC4=CC(=O)C=C[C@@]4(C)[C@@]3(Cl)[C@H](O)C[C@]21C,1,train,42
2442,CCC(=O)OCC(=O)[C@@]1(OC(=O)CC)[C@H](C)C[C@H]2[C@@H]3[C@H]([C@H](O)C[C@]21C)[C@]1(C)C=CC(=O)C=C1C[C@H]3Cl,1,train,42
2443,CCC(=O)OCC(=O)[C@@]12OC(C)(C)O[C@H]1C[C@H]1[C@H]3C[C@H](F)C4=CC(=O)C=C[C@@]4(C)[C@@]3(F)[C@H](O)C[C@]12C,1,train,42
2444,CCC(=O)OC(Cc1ccccc1)(c1ccccc1)C(C)CN(C)C,1,train,42
2445,CCC(=O)O[C@]1(C(=O)COC(C)=O)CC[C@H]2[C@H]3CCC4=CC(=O)CC[C@@]4(C)[C@H]3[C@H](O)C[C@]21C,1,train,42
2446,CCC(=O)O[C@]1(C(=O)COC(C)=O)CC[C@H]2[C@H]3C[C@H](C)C4=CC(=O)C=C[C@@]4(C)[C@H]3[C@H](O)C[C@]21C,1,train,42
2447,CCC(=O)O[C@@]1(C(=O)COC)[C@H](C)C[C@H]2[C@H]3CCC4=CC(=O)C=C[C@@]4(C)[C@@]3(F)[C@H](O)C[C@]21C,1,val,42
2448,CCC(=O)O[C@@]1(C(=O)CCl)[C@H](C)C[C@H]2[C@H]3CCC4=CC(=O)C=C[C@@]4(C)[C@@]3(F)[C@H](O)C[C@]21C,1,train,42
2449,CCC(=O)O[C@@]1(C(=O)SCF)[C@H](C)C[C@H]2[C@H]3C[C@H](F)C4=CC(=O)C=C[C@@]4(C)[C@@]3(F)[C@H](O)C[C@]21C,1,train,42
2450,CCC(=O)O[C@@]1(C(=O)SCCl)[C@H](C)C[C@H]2[C@H]3C[C@H](F)C4=CC(=O)C=C[C@@]4(C)[C@@]3(F)[C@H](O)C[C@]21C,1,train,42
2451,CCC(=O)O[C@@]1(C(=O)SC)[C@H](C)C[C@H]2[C@H]3C[C@H](F)C4=CC(=O)C=C[C@@]4(C)[C@@]3(F)[C@H](O)C[C@]21C,1,train,42
2452,CCC(=O)N(c1ccc(Cl)c(Cl)c1)[C@H]1CCC[C@H]1N(C)C,1,train,42
2453,CCC(=O)[C@@]1(O)CC[C@H]2[C@H]3CCC4=CC(=O)CC[C@@]4(C)[C@H]3[C@H](O)C[C@]21C,1,test,42
2454,CCC(=O)[C@@]1(C)[C@H](C)C[C@H]2[C@H]3CCC4=CC(=O)C=C[C@@]4(C)[C@H]3[C@H](O)C[C@]21C,1,train,42
2455,C=CC[C@]1([C@@H](C)C#CCC)C(=O)NC(=O)N(C)C1=O,1,test,42
2456,CC1(C)O[C@H]2C[C@H]3[C@H]4CCC5=CC(=O)CC[C@@]5(C)[C@@]4(F)[C@H](O)C[C@@]3(C)[C@]2(C(=O)CCl)O1,1,train,42
2457,CC1(C)O[C@H]2C[C@H]3[C@H]4CCC5=CC(=O)C=C[C@@]5(C)[C@H]4[C@H](O)C[C@@]3(C)[C@]2(C(=O)CO)O1,1,train,42
2458,CC1(C)O[C@H]2C[C@H]3[C@H]4CCC5=CC(=O)C=C[C@@]5(C)[C@@]4(F)[C@H](O)C[C@@]3(C)[C@]2(C(=O)CO)O1,1,test,42
2459,CC1(C)O[C@H]2C[C@H]3[C@H]4CC5=CC(=O)C=C[C@@]5(C)[C@@]4(F)[C@H](O)C[C@@]3(C)[C@]2(C(=O)COC(=O)c2cc3ccccc3o2)O1,1,train,42
2460,CC1(C)O[C@H]2C[C@H]3[C@H]4CC[C@H]5CC(=O)CC[C@@]5(C)[C@@]4(F)[C@H](O)C[C@@]3(C)[C@]2(C(=O)CO)O1,1,train,42
2461,CC1(C)O[C@H]2C[C@H]3[C@H]4C[C@H](F)C5=CC(=O)CC[C@@]5(C)[C@H]4[C@H](O)C[C@@]3(C)[C@]2(C(=O)CO)O1,1,train,42
2462,CC1(C)O[C@H]2C[C@H]3[C@H]4C[C@H](F)C5=CC(=O)C=C[C@@]5(C)[C@H]4[C@H](O)C[C@@]3(C)[C@]2(C(=O)CO)O1,1,train,42
2463,CC1(C)O[C@H]2C[C@H]3[C@H]4C[C@H](F)C5=CC(=O)C=C[C@@]5(C)[C@@]4(F)[C@H](O)C[C@@]3(C)[C@]2(C(=O)COC(=O)C2CC2)O1,1,train,42
2464,CC1(C)O[C@H]2C[C@H]3[C@H]4C[C@H](F)C5=CC(=O)C=C[C@@]5(C)[C@@]4(F)[C@H](O)C[C@@]3(C)[C@]2(C(=O)CO)O1,1,test,42
2465,CC1(C)O[C@H]2C[C@H]3[C@H]4C[C@H](F)C5=CC(=O)C=C[C@@]5(C)[C@@]4(Cl)[C@H](Cl)C[C@@]3(C)[C@]2(C(=O)CO)O1,1,test,42
2466,CC1(C)O[C@H]2C[C@H]3[C@H]4C[C@H](F)C5=CC(=O)C=C[C@@]5(C)[C@@]4(Cl)[C@H](Cl)C[C@@]3(C)[C@]2(C(=O)CF)O1,1,train,42
2467,CC1(C)O[C@H]2C[C@H]3[C@H]4C[C@H](F)C5=CC(=O)C=C[C@@]5(C)[C@@]4(Cl)[C@H](Cl)C[C@@]3(C)[C@]2(C(=O)CCl)O1,1,train,42
2468,CC1(C)O[C@H]2[C@H](CO[C@@]3(COS(N)(=O)=O)OC(C)(C)O[C@@H]23)O1,1,train,42
2469,CC1CC2C3CC(F)(F)C4=CC(=O)C=CC4(C)C3(F)C(O)CC2(C)C1(O)C(=O)CO,1,train,42
2470,Cc1ccc2c(c1)c1c3n2CCN[C@@H]3CCC1,1,train,42
2471,CC12C=CC(=O)C=C1CCC1C3CC4Cc5ccccc5CC4(C(=O)CO)C3(C)CC(O)C12F,1,train,42
2472,Cc1cccc(C=NN2CCN(C(c3ccccc3)c3ccccc3)CC2)n1,1,train,42
2473,CN1CCC23c4c5ccc(O)c4OC2C(C)(O)CCC3C1C5,1,val,42
2474,Cc1cccc2c1Oc1ccccc1[C@@]1(O)CCNC[C@H]21,1,val,42
2475,Cc1ccsc1C(=CCCN1CCC[C@H](C(=O)O)C1)c1sccc1C,1,train,42
2476,CCS[C@]1(SC)CC[C@H]2[C@H]3CCC4=CC(=O)C=C[C@@]4(C)[C@@]3(F)[C@H](O)C[C@]21C,1,train,42
2477,CC[C@H]1CC(=O)[C@H]2Oc3c(OC)ccc4c3[C@@]23CCN(CC2CC2)[C@H](C4)[C@H]13,1,train,42
2478,CC[C@]1(c2ccccc2)OC[C@H]([C@H]2CCCCN2)O1,1,test,42
2479,CCC(=O)O[C@@]1(c2ccccc2)CCN(C)C[C@@H]1CC,1,train,42
2480,C#C[C@](O)(C=CCl)CC,1,train,42
2481,C#C[C@](C)(O)CC,1,train,42
2482,CC[C@H](C)C(=O)O[C@H]1CCC=C2C=C[C@H](C)[C@@H](CC[C@H]3C[C@H](O)CC(=O)O3)[C@H]21,1,train,42
2483,CC[C@@H](NC(=O)c1c(OCCCN(C)C)c(-c2ccccc2)nc2ccccc12)c1ccccc1,1,val,42
2484,CC[C@@H](NC(=O)c1c(O)c(-c2ccccc2)nc2ccccc12)c1ccccc1,1,val,42
2485,CC=CC(=O)N(CC)[C@H](CC)C(=O)N(C)C,1,val,42
2486,CC/C=C(/C)C1(CC)C(=O)NC(=O)NC1=O,1,test,42
2487,CC(=C(CCO)SSC[C@H]1CCCO1)N(C=O)Cc1cnc(C)nc1N,1,test,42
2488,CC(=O)OC1CCC2(C)C3CCC4(C)C(C(C)CCCC(C)C)CCC4C3CC(Br)C2(Br)C1,1,train,42
2489,CC(=O)OCC1=COC(OC(=O)CC(C)C)C2C1=CC(OC(=O)CC(C)(C)OC(C)=O)C21CO1,1,train,42
2490,CC(C)=CCN1CC[C@@]23c4c5ccc(O)c4O[C@H]2C(=O)CC[C@@]3(O)[C@H]1C5,1,train,42
2491,CC(C)(O)C(F)(F)F,1,train,42
2492,CC(C)(C)CC(=O)OCC(=O)[C@@]1(O)CC[C@H]2[C@H]3CCC4=CC(=O)C=C[C@@]4(C)[C@H]3[C@H](O)C[C@]21C,1,val,42
2493,CC(C)(C)CC(=O)OCC(=O)[C@@]12OC(C)(C)O[C@H]1C[C@H]1[C@H]3CC4=CC(=O)C=C[C@@]4(C)[C@@]3(F)[C@H](O)C[C@]12C,1,train,42
2494,CC(C)(C)C(=O)SCC(=O)[C@@]1(O)CC[C@H]2[C@H]3CCC4=CC(=O)CC[C@@]4(C)[C@H]3[C@H](O)C[C@]21C,1,train,42
2495,CC(C)(C)[C@H](O)C=Cc1ccc2c(c1)OCO2,1,train,42
2496,CC(C)n1cc2c3c(cccc31)[C@@H]1C[C@@H](C(=O)NC3CCCCC3)CN(C)[C@@H]1C2,1,train,42
2497,CC(=O)OCC1=CO[C@H](OC(=O)CC(C)C)[C@H]2C1=C[C@@H](OC(=O)CC(C)C)[C@@]21CO1,1,train,42
2498,CC(C)C(=O)OCC(=O)[C@@]12O[C@H](C3CCCCC3)O[C@H]1C[C@H]1[C@H]3CCC4=CC(=O)C=C[C@@]4(C)[C@H]3[C@H](O)C[C@]12C,1,test,42
2499,CC(=O)OCC(=O)[C@]1(OC(=O)C(C)C)[C@H](C)C[C@H]2[C@H]3CCC4=CC(=O)C=C[C@@]4(C)[C@@]3(F)[C@H](O)C[C@]21C,1,train,42
2500,CC(C)[C@@]1(O)CCN2C[C@H]3c4ccccc4CCc4cccc(c43)[C@H]2C1,1,train,42
2501,CC(C)[C@@H](CN1CCCC1)N(C)C(=O)Cc1ccc(Cl)c(Cl)c1,1,train,42
2502,CC(=O)OCC(=O)OCCC(SC(=O)c1ccco1)=C(C)N(C=O)Cc1cnc(C)nc1N,1,train,42
2503,CC(=O)OCC(=O)[C@@]1(O)CC[C@H]2[C@H]3CCC4=CC(=O)CC[C@@]4(C)[C@H]3C(=O)C[C@]21C,1,train,42
2504,CC(=O)OCC(=O)[C@@]1(O)CC[C@H]2[C@H]3CCC4=CC(=O)CC[C@@]4(C)[C@H]3[C@H](O)C[C@]21C,1,train,42
2505,CC(=O)OCC(=O)[C@@]1(O)CC[C@H]2[C@H]3CCC4=CC(=O)CC[C@@]4(C)[C@@]3(F)[C@H](O)C[C@]21C,1,train,42
2506,CC(=O)OCC(=O)[C@@]1(O)CC[C@H]2[C@H]3CCC4=CC(=O)C=C[C@@]4(C)[C@H]3[C@H](O)C[C@]21C,1,train,42
2507,CC(=O)OCC(=O)[C@@]1(O)CC[C@H]2[C@H]3CCC4=CC(=O)C=C[C@@]4(C)[C@@]3(F)[C@H](O)C[C@]21C,1,train,42
2508,CC(=O)OCC(=O)[C@@]1(O)[C@H](OC(C)=O)C[C@H]2[C@H]3CCC4=CC(=O)C=C[C@@]4(C)[C@@]3(F)[C@H](O)C[C@]21C,1,train,42
2509,CC(=O)OCC(=O)[C@]1(OC(C)=O)CC[C@H]2[C@H]3C[C@H](F)C4=CC(=O)C(Br)=C[C@@]4(C)[C@@]3(F)[C@H](O)C[C@]21C,1,train,42
2510,CC(=O)OCC(=O)[C@@]12OC3(CCCC3)O[C@H]1C[C@H]1[C@H]3CCC4=CC(=O)C=C[C@@]4(C)[C@@]3(F)[C@H](O)C[C@]12C,1,train,42
2511,CC(=O)OCC(=O)[C@@]12OC(C)(C)O[C@H]1C[C@H]1[C@H]3CC(C=O)=C4C=C(OCCCl)CC[C@@]4(C)[C@@]3(F)[C@H](O)C[C@]12C,1,train,42
2512,CC(=O)OCC(=O)[C@@]12OC(C)(C)O[C@H]1C[C@H]1[C@H]3C[C@H](F)C4=CC(=O)C=C[C@@]4(C)[C@H]3[C@H](O)C[C@]12C,1,train,42
2513,CC(=O)OCC(=O)[C@@]12OC(C)(C)O[C@H]1C[C@H]1[C@H]3C[C@H](F)C4=CC(=O)C=C[C@@]4(C)[C@@]3(F)[C@H](O)C[C@]12C,1,val,42
2514,CC(=O)OCC(=O)[C@@]12N=C(C)O[C@H]1C[C@H]1[C@H]3CCC4=CC(=O)C=C[C@@]4(C)[C@H]3[C@H](O)C[C@]12C,1,train,42
2515,CC(=O)OCC(=O)[C@@]12N=C(C)O[C@H]1C[C@H]1[C@H]3CCC4=CC(=O)C=C[C@@]4(C)[C@@]3(F)[C@H](O)C[C@]12C,1,train,42
2516,C=CCN1CC[C@@]23c4c5ccc(OC(C)=O)c4O[C@@H]2[C@@H](OC(C)=O)C=C[C@H]3[C@H]1C5,1,val,42
2517,CC(=O)N[C@@H](CCC(N)=O)C(=O)O,1,test,42
2518,CC(=O)CC(=O)[C@@]1(O)CC[C@H]2[C@H]3CCC4=CC(=O)C=C[C@@]4(C)[C@@]3(Cl)[C@H](Cl)C[C@]21C,1,train,42
2519,CC(=O)CC(=O)[C@@]12OC(C)(C)O[C@H]1C[C@H]1[C@H]3CC(C#N)=C4C=C(OCCCl)CC[C@@]4(C)[C@@]3(F)[C@H](O)C[C@]12C,1,val,42
2520,CC(=O)C1CCC2C3CCC4CC(C)(O)CCC4(C)C3CCC12C,1,train,42
2521,CC(=O)C1CCC2C3CC(O)C45CC4CCC5(C)C3CCC12C,1,train,42
2522,CC(=O)c1ccc([C@H](O)[C@@H](CO)NC(=O)C(Cl)Cl)cc1,1,val,42
2523,CC(=O)[C@@]1(O)CC[C@H]2[C@H]3CCC4=CC(=O)C=C[C@@]4(C)[C@H]3[C@H](O)C[C@]21C,1,test,42
2524,CC(=O)[C@@]1(O)[C@H](O)C[C@H]2[C@H]3CCC4=CC(=O)CC[C@@]4(C)[C@H]3CC[C@]21C,1,train,42
2525,CC(=O)[C@H]1CC[C@H]2[C@H]3CC=C4C[C@H](OC(=O)CCC(=O)O)CC[C@@]4(C)[C@H]3CC[C@@]12C,1,train,42
2526,CC(=O)[C@H]1CC[C@H]2[C@H]3CC[C@H]4C[C@H](O)CC[C@@]4(C)[C@H]3CC[C@@]12C,1,train,42
2527,CC(=O)[C@H]1CC[C@H]2[C@H]3CC[C@H]4C[C@H](O)CC[C@@]4(C)[C@H]3C(=O)C[C@@]12C,1,train,42
2528,CC(=O)[C@@]12OC(C)(C)O[C@H]1C[C@H]1[C@H]3CCC4=CC(=O)CC[C@@]4(C)[C@H]3CC[C@]12C,1,train,42
2529,CC(=O)[C@@]12OC(C)(C)O[C@H]1C[C@H]1[C@H]3CCC4=CC(=O)C=C[C@@]4(C)[C@@]3(F)[C@H](O)C[C@]12C,1,train,42
2530,CSC(=O)[C@@]1(OC(C)=O)[C@H](C)C[C@H]2[C@H]3CCC4=CC(=O)C=C[C@@]4(C)[C@@]3(F)[C@H](O)C[C@]21C,1,train,42
2531,CSC(=O)[C@@]1(O)[C@H](C)C[C@H]2[C@H]3CCC4=CC(=O)C=C[C@@]4(C)[C@@]3(F)[C@H](O)C[C@]21C,1,test,42
2532,CS(=O)(=O)c1ccc([C@H](O)[C@@H](CO)NC(=O)C(Cl)Cl)cc1,1,train,42
2533,CS(=O)(=O)c1ccc([C@H](O)[C@@H](CF)NC(=O)C(Cl)Cl)cc1,1,train,42
2534,C[C@@H]1NCCO[C@@H]1c1ccccc1,1,train,42
2535,C[C@@H]1CCCC[C@@]1(c1cccs1)N1CCCCC1,1,train,42
2536,C[C@]1(c2ccccc2)O[C@H]2C[C@H]3[C@H]4CCC5=CC(=O)C=C[C@@]5(C)[C@@]4(F)[C@H](O)C[C@@]3(C)[C@]2(C(=O)CO)O1,1,train,42
2537,C=C1C[C@H](C)[C@@H]2[C@@H]3Cc4ccc(O)cc4[C@]2(CCN3CC2CCC2)C1,1,train,42
2538,C[C@H]1C[C@H]2[C@H]3CCC4=CC(=O)C=C[C@@]4(C)[C@H]3C(=O)C[C@@]2(C)[C@@]1(O)C(=O)CO,1,train,42
2539,C[C@H]1C[C@H]2[C@H]3CCC4=CC(=O)C=C[C@@]4(C)[C@@]3(F)C(=O)C[C@@]2(C)[C@@]1(O)C(=O)CCl,1,train,42
2540,CC(=O)OCC(=O)[C@@]1(OC(=O)c2ccco2)[C@@H](C)C[C@H]2[C@H]3CCC4=CC(=O)C=C[C@@]4(C)[C@@]3(F)[C@H](O)C[C@]21C,1,test,42
2541,C[C@H]1C[C@H]2[C@H]3CCC4=CC(=O)C=C[C@@]4(C)[C@@]3(F)[C@H](O)C[C@@]2(C)[C@@]1(OC(=O)c1ccccc1)C(=O)CO,1,train,42
2542,CC(=O)[C@@]1(O)[C@@H](C)C[C@H]2[C@H]3CCC4=CC(=O)C=C[C@@]4(C)[C@@]3(F)[C@H](O)C[C@]21C,1,val,42
2543,CC(=O)OCC(=O)[C@@]1(O)[C@@H](C)C[C@H]2[C@H]3CCC4=CC(=O)C=C[C@@]4(C)[C@@]3(F)[C@H](O)C[C@]21C,1,train,42
2544,C[C@H]1C[C@H]2[C@H]3CCC4=CC(=O)C=C[C@@]4(C)[C@@]3(F)[C@H](O)C[C@@]2(C)[C@@]1(O)C(=O)CCl,1,train,42
2545,C[C@H]1C[C@H]2[C@H]3CCC4=CC(=O)C=C[C@@]4(C)[C@@]3(F)[C@H](O)C[C@@]2(C)[C@@]1(C)C(=O)CO,1,test,42
2546,C[C@H]1C[C@H]2[C@H]3CCC4=CC(=O)C=C[C@@]4(C)[C@@]3(F)[C@H](O)C[C@@]2(C)[C@H]1C(=O)CO,1,train,42
2547,C[C@H]1C[C@H]2[C@H]3CCC4=CC(=O)C=C[C@@]4(C)[C@@]3(Cl)[C@H](O)C[C@@]2(C)[C@@]1(OC(=O)c1ccco1)C(=O)CCl,1,train,42
2548,CC(=O)OCC(=O)[C@@]1(O)[C@@H](C)C[C@H]2[C@H]3CC(F)(F)C4=CC(=O)C=C[C@@]4(C)[C@@]3(F)[C@H](O)C[C@]21C,1,train,42
2549,CC1=C[C@H]2[C@H]([C@H](O)C[C@]3(C)[C@H]2C[C@H](C)[C@]3(O)C(=O)COC(=O)c2cccc(S(=O)(=O)O)c2)[C@]2(C)Cc3cnn(-c4ccccc4)c3C=C12,1,train,42
2550,CC(=O)OCC(=O)[C@@]1(O)[C@@H](C)C[C@H]2[C@H]3C=C(C)C4=Cc5c(cnn5-c5ccccc5)C[C@@]4(C)[C@H]3[C@H](O)C[C@]21C,1,train,42
2551,CC(=O)OCC(=O)[C@@]1(O)[C@@H](C)C[C@H]2[C@H]3C[C@H](F)C4=CC(=O)C=C[C@@]4(C)[C@H]3[C@H](O)C[C@]21C,1,train,42
2552,C[C@H]1C[C@H]2[C@H]3C[C@H](F)C4=CC(=O)C=C[C@@]4(C)[C@H]3[C@H](O)C[C@@]2(C)[C@@]1(O)C(=O)CO,1,train,42
2553,C[C@H]1C[C@H]2[C@H]3C[C@H](F)C4=CC(=O)C=C[C@@]4(C)[C@H]3[C@H](O)C[C@@]2(C)[C@H]1C(=O)CO,1,train,42
2554,CC(=O)OCC(=O)[C@@]1(OC(C)=O)[C@@H](C)C[C@H]2[C@H]3C[C@H](F)C4=CC(=O)C=C[C@@]4(C)[C@@]3(F)[C@H](O)C[C@]21C,1,val,42
2555,C[C@H]1C[C@H]2[C@H]3C[C@H](F)C4=CC(=O)C=C[C@@]4(C)[C@@]3(F)[C@H](O)C[C@@]2(C)[C@@]1(O)C(=O)COC(=O)C(C)(C)C,1,train,42
2556,C[C@H]1C[C@H]2[C@H]3C[C@H](F)C4=CC(=O)C=C[C@@]4(C)[C@@]3(F)[C@H](O)C[C@@]2(C)[C@@]1(O)C(=O)CO,1,train,42
2557,C[C@H]1C[C@H]2[C@H]3C[C@H](F)C4=CC(=O)C=C[C@@]4(C)[C@@]3(F)[C@H](O)C[C@@]2(C)[C@@]1(O)C(=O)CCl,1,train,42
2558,C[C@H]1C[C@H]2[C@H]3C[C@H](F)C4=CC(=O)C=C[C@@]4(C)[C@@]3(F)[C@H](O)C[C@@]2(C)[C@H]1C(=O)COC(=O)C(C)(C)C,1,train,42
2559,C[C@H]1C[C@H]2[C@H]3C[C@H](F)C4=CC(=O)C=C[C@@]4(C)[C@@]3(F)[C@H](O)C[C@@]2(C)[C@H]1C(=O)CO,1,train,42
2560,CC(=O)OCC(=O)[C@H]1[C@@H](C)C[C@H]2[C@H]3C[C@H](F)C4=CC(=O)C=C[C@@]4(C)[C@@]3(Cl)[C@H](O)C[C@]21C,1,train,42
2561,C[C@H]1C[C@H]2[C@H]3C[C@H](F)C4=CC(=O)C=C[C@@]4(C)[C@@]3(Cl)[C@H](O)C[C@@]2(C)[C@H]1C(=O)COC(=O)C(C)(C)C,1,train,42
2562,C[C@H]1C[C@H]2[C@H]3C[C@H](F)C4=CC(=O)C=C[C@@]4(C)[C@@]3(Cl)[C@H](O)C[C@@]2(C)[C@H]1C(=O)CO,1,train,42
2563,C[C@H]1C[C@H]2[C@H]3C[C@H](F)C4=CC(=O)C=C[C@@]4(C)[C@@]3(Cl)[C@H](F)C[C@@]2(C)[C@H]1C(=O)CO,1,train,42
2564,C[C@H]1C[C@H]2[C@H]3C[C@H](F)C4=CC(=O)C(Cl)=C[C@@]4(C)[C@@]3(F)[C@H](O)C[C@@]2(C)[C@@]1(O)C(=O)CO,1,val,42
2565,C[C@H]1C[C@H]2[C@@H]3[C@H]([C@H](O)C[C@@]2(C)[C@@]1(O)C(=O)CO)[C@]1(C)C=CC(=O)C=C1C[C@H]3Cl,1,train,42
2566,C#C[C@]1(O)CC[C@H]2[C@H]3CCC4=Cc5c(cnn5-c5ccc(F)cc5)C[C@@]4(C)[C@@H]3CC[C@@]21C,1,train,42
2567,C[C@@]12CC[C@H]3[C@@H](CCC4=CC(=O)CC[C@]43C)[C@H]1CC[C@@H]2O,1,train,42
2568,C[C@@]12C=CC(=O)C=C1CC[C@@H]1[C@@H]2[C@@H](O)C[C@]2(C)[C@@H]1CC[C@@]2(O)C(=O)COC(=O)CCC(=O)O,1,train,42
2569,C[C@@]12CCC(=O)C=C1CC[C@H]1[C@H]3CC[C@@](O)(C(=O)CO)[C@]3(C)C[C@H](O)[C@@]12F,1,train,42
2570,C[C@@]12C=CC(=O)C=C1CC[C@H]1[C@H]3CC[C@@](O)(C(=O)CO)[C@]3(C)C[C@H](O)[C@@]12F,1,train,42
2571,C=C1C[C@@H]2[C@@H]3CCC4=CC(=O)C=C[C@@]4(C)[C@@]3(F)[C@@H](O)C[C@@]2(C)[C@]1(O)C(=O)CO,1,train,42
2572,C=C[C@H]1O[C@@H]2C[C@@H]3[C@@H]4CCC5=CC(=O)C=C[C@@]5(C)[C@@]4(F)[C@@H](O)C[C@@]3(C)[C@]2(C(=O)CO)O1,1,train,42
2573,C[C@@]12C=CC(=O)C=C1CC[C@H]1[C@H]3C[C@H](O)[C@@](O)(C(=O)CO)[C@]3(C)C[C@H](O)[C@@]12F,1,train,42
2574,C[C@@]12C=CC(=O)C=C1[C@@H](F)C[C@H]1[C@H]3C[C@H](O)[C@@](O)(C(=O)CO)[C@]3(C)C[C@H](O)[C@@]12F,1,val,42
2575,C[C@@]12C=CC(=O)C=C1CC[C@H]1[C@H]3CC[C@@](O)(C(=O)CO)[C@]3(C)C[C@H](Cl)[C@@]12Cl,1,train,42
2576,C#C[C@]1(O)CC[C@H]2[C@@H]3[C@H](CC[C@@]21C)C1=C(CC(=O)CC1)C[C@@H]3C,1,train,42
2577,CC(=O)O[C@@]1(C(C)=O)CC[C@@H]2[C@@H]3C[C@H](C)C4=CC(=O)C=C[C@]4(C)[C@]3(F)[C@@H](O)C[C@@]21C,1,train,42
2578,CC(=O)[C@]1(O)CC[C@@H]2[C@@H]3C[C@H](C)C4=CC(=O)C=C[C@]4(C)[C@]3(F)[C@@H](O)C[C@@]21C,1,train,42
2579,CC(=O)OCC(=O)[C@]1(O)CC[C@@H]2[C@@H]3C[C@H](C)C4=CC(=O)C=C[C@]4(C)[C@@H]3[C@@H](O)C[C@@]21C,1,train,42
2580,C[C@H]1C[C@@H]2[C@@H]([C@@H](O)C[C@@]3(C)[C@@H]2CC[C@@]3(O)C(=O)COC(=O)CCC(=O)O)[C@@]2(C)C=CC(=O)C=C12,1,train,42
2581,C[C@H]1C[C@@H]2[C@@H]([C@@H](O)C[C@@]3(C)[C@@H]2CC[C@@]3(O)C(=O)CO)[C@@]2(C)C=CC(=O)C=C12,1,train,42
2582,C[C@H]1C[C@@H]2[C@@H]([C@@H](O)C[C@@]3(C)[C@@H]2CC[C@H]3C(=O)O)[C@@]2(C)CCC(=O)C=C12,1,train,42
2583,CC(=O)[C@@H]1CC[C@@H]2[C@@H]3C[C@H](C)C4=CC(=O)C=C[C@]4(C)[C@@H]3[C@@H](O)C[C@@]21C,1,train,42
2584,CC(C)=CCN1CC[C@]2(C)c3cc(O)ccc3C[C@@H]1[C@@H]2C,1,train,42
2585,C[C@]12C[C@H](O)[C@@H]3[C@@H](CCC4=CC(=O)CC[C@]43C)[C@H]1CC[C@@]2(O)C(=O)COC(=O)CCC1CCCC1,1,train,42
2586,C[C@@]12CCCCC[C@@H](Cc3ccc(O)cc31)[C@@H]2N,1,train,42
2587,C[C@]12C[C@H](O)[C@@H]3[C@@H](CCC4=CC(=O)CC[C@]43C)[C@H]1CC[C@@]2(O)C(=O)COC(=O)CCC(=O)O,1,train,42
2588,C[C@]12CC(=O)[C@@H]3[C@@H](CCC4=CC(=O)CC[C@]43C)[C@H]1CC[C@@]2(O)C(=O)CO,1,train,42
2589,C[C@]12C[C@H](O)[C@@H]3[C@@H](CCC4=CC(=O)CC[C@]43C)[C@H]1CC[C@@]2(O)C(=O)C[S],1,train,42
2590,C=C1C[C@@H]2[C@@H]3C=CC4=CC(=O)CC[C@@]4(C)[C@@H]3[C@@H](O)C[C@]2(C)[C@]1(O)C(=O)CO,1,train,42
2591,C[C@]12CC(=O)[C@@H]3[C@@H](CC[C@@H]4C[C@@H](O)CC[C@]43C)[C@H]1CC[C@H]2C(=O)CO,1,train,42
2592,C[C@]12CC(=O)[C@@H]3[C@@H](CCC4=CC(=O)C=C[C@]43C)[C@H]1CC[C@@]2(O)C(=O)CO,1,val,42
2593,C[C@]12C[C@H](O)[C@@H]3[C@@H](CCC4=CC(=O)C=C[C@]43C)[C@H]1CC[C@@]2(O)C(=O)CO,1,train,42
2594,C=C1C[C@@H]2[C@@H]3CCC4=CC(=O)C=C[C@@]4(C)[C@@H]3[C@@H](O)C[C@]2(C)[C@]1(O)C(=O)CO,1,train,42
2595,C[C@]12C[C@H](O)[C@@H]3[C@@H](C=C(Cl)C4=CC(=O)C=C[C@]43C)[C@H]1CC[C@@]2(O)C(=O)CO,1,train,42
2596,C[C@]12C[C@H](O)[C@@H]3[C@@H](C[C@@H](F)C4=CC(=O)C=C[C@]43C)[C@H]1CC[C@@]2(O)C(=O)CO,1,train,42
2597,C[C@]12CC(=O)[C@@H]3[C@@H](C[C@@H](Cl)C4=CC(=O)C=C[C@]43C)[C@H]1CC[C@@]2(O)C(=O)CO,1,train,42
2598,C[C@@]12C=CC(=O)[C@H]1C(=O)CC[C@@H]1[C@H]2[C@@H](O)C[C@@]2(C)[C@@H]1CC[C@@]2(O)C(=O)CO,1,train,42
2599,C[C@]12N[C@H](Cc3ccccc31)c1ccccc12,1,train,42
2600,C[C@]12CC[C@@H]3[C@H](CCC4=CC(=O)CC[C@]43C)[C@@H]1CC[C@@]2(O)C(=O)CO,1,train,42
2601,C[C@H]1CCCC[C@]1(c1cccs1)N1CCCCC1,1,train,42
2602,C[C@H](N)C(=O)c1ccccc1,1,test,42
2603,CC(=O)O[C@H](C)C(=O)[C@@]1(O)CC[C@H]2[C@H]3CCC4=CC(=O)C=C[C@@]4(C)[C@@]3(F)[C@H](O)C[C@]21C,1,train,42
2604,C[C@@H](CNC(=O)c1ccccc1)C(=O)OCC(=O)[C@@]12OC(C)(C)O[C@H]1C[C@H]1[C@H]3CCC4=CC(=O)C=C[C@@]4(C)[C@@]3(F)[C@H](O)C[C@]12C,1,train,42
2605,C[C@@H](CN(C)C)CN1c2ccccc2Sc2ccc(C#N)cc21,1,train,42
2606,C/N=C(\NC#N)NCCSCc1csc(N=C(N)N)n1,1,train,42
2607,C/C=C/[C@@H]1O[C@@]2(C(=O)COC(=O)c3ccncc3)CC[C@@]3(O1)[C@@H]1CCC4=CC(=O)CC[C@@]4(C)[C@H]1[C@@H](O)C[C@]23C,1,train,42
2608,CN1CCC[C@@H](CN2c3ccccc3Sc3ccccc32)C1,1,train,42
2609,c1ccc2c(c1)Sc1ccccc1N2C[C@H]1CN2CCC1CC2,1,val,42
2610,CN1CC[C@@](C)(CN2c3ccccc3Sc3ccccc32)C1,1,train,42
2611,c1ccc([C@H]2CCN(C[C@@H]3CCCc4c3ccc3c4OCO3)C2)cc1,1,test,42
2612,C[C@@H]1CN(CCCn2c3ccccc3c3ccccc32)C[C@H](C)N1,1,train,42
2613,CC[C@]1(c2ccccc2)OC[C@@H]([C@H]2CCCCN2)O1,1,train,42
2614,C1=CCc2c([nH]c3c2[C@@H](Cc2ccccc2)NCC3)C1,1,val,42
2615,c1cnc2c(c1)C(Cc1ccncc1)(Cc1ccncc1)c1cccnc1-2,1,val,42
2616,CN(C)CCO[C@@H](c1ccccc1)c1ccc(Br)cc1,1,train,42
2617,COC[C@@H]1CN=C(c2ccccc2Cl)c2cc(Br)ccc2N1C,1,train,42
2618,O=C1CN2CCO[C@]2(c2ccccc2F)c2cc(Br)ccc2N1,1,train,42
2619,O=C1C[C@@H](c2cccc(Br)c2)C(=O)N1,1,test,42
2620,CN1CCc2cc(Cl)c(O)cc2[C@@H](c2cc(Br)cc3c2OCC3)C1,1,test,42
2621,CC(C)(C)OC(=O)c1ncn2c1[C@@H]1CCCN1C(=O)c1c(Br)cccc1-2,1,train,42
2622,CC(=O)OCC(=O)[C@@]1(OC(C)=O)CC[C@H]2[C@@H]3C[C@H](F)C4=CC(=O)C(Br)=C[C@]4(C)[C@@]3(F)[C@H](O)C[C@@]21C,1,train,42
2623,F[C@@H](Br)CC(F)(F)F,1,train,42
2624,COC(F)(F)[C@@H](F)Br,1,train,42
2625,F[C@@H](Br)C(F)(F)F,1,test,42
2626,CC[C@@](Br)(C(N)=O)C(C)C,1,train,42
2627,CC(=O)O[C@H]1CC[C@]2(C)[C@@H]3CC[C@]4(C)[C@@H](CC[C@H]4[C@@H](C)CCCC(C)C)[C@@H]3C[C@H](Br)[C@@]2(Br)C1,1,train,42
2628,FC(F)(F)[C@H](Cl)Br,1,train,42
2629,CC(C)[C@@H](Br)C(=O)NC(N)=O,1,train,42
2630,C[C@@H](Cc1ccccc1)[N+](C)([O-])Cc1ccccc1,1,train,42
2631,c1ccc2c(c1)CCN1CCNC[C@@H]21,1,train,42
2632,c1ccc2c(c1)CCc1cccc3c1[C@@H]2CN1CCCC[C@H]31,1,train,42
2633,C1=CCC2=C3C(=NC2=C1)CCN[C@H]3Cc1ccccc1,1,train,42
2634,c1ccc([C@H]2CN3CCSC3=N2)cc1,1,train,42
2635,FC(F)(F)c1cccc(N2CCN(CCc3nnc4n3C[C@H]3CCC[C@@H]43)CC2)c1,1,train,42
2636,Cc1nc2n(c(=O)c1CCN1CCC(c3noc4cc(F)ccc34)CC1)CCC[C@@H]2O,1,train,42
2637,Fc1ccc([C@H]2CCNC[C@H]2COc2ccc3c(c2)OCO3)cc1,1,train,42
2638,CC(=O)N1CCN(C(=O)Cc2ccc(Cl)c(Cl)c2)[C@H](CN2CCCC2)C1,1,test,42
2639,Clc1ccc2c(c1)[C@@H]1CNC[C@@H]1c1ccccc1O2,1,train,42
2640,Clc1ccc2c(c1)[C@@H]1CCNC[C@@H]1c1ccccc1O2,1,train,42
2641,CN1CC[C@H]2c3cc(Cl)ccc3Oc3ccccc3[C@H]2C1,1,train,42
2642,O=C1C[N+]([O-])=C(c2ccccc2)c2cc(Cl)ccc2N1,1,train,42
2643,[O-][N+]1=C(c2ccccc2)c2cc(Cl)ccc2N=C(NCC2CC2)C1,1,train,42
2644,Clc1ccc([C@H]2[C@H]3CC[C@@H](C3)[C@@]23CCC(N2CCOCC2)=N3)cc1,1,train,42
2645,O=C1NC(=O)[C@]2(c3ccc(Cl)cc3)C[C@@H]12,1,train,42
2646,CCOC(=O)N1CCN(C(=O)Cc2ccc(Cl)c(Cl)c2)[C@H](CN2CCCC2)C1,1,train,42
2647,COC(=O)N1CCN(C(=O)Cc2ccc(Cl)c(Cl)c2)[C@H](CN2CCCC2)C1,1,train,42
2648,CN1CCN(C(=O)Cc2ccc(Cl)c(Cl)c2)[C@H](CN2CCCC2)C1,1,test,42
2649,CC1(C)CCN(C(=O)Cc2ccc(Cl)c(Cl)c2)[C@H](CN2CCCC2)C1,1,train,42
2650,Cl/C(=C/n1cncn1)c1ccc(Cl)cc1Cl,1,train,42
2651,c1ccc([C@@H]2CN3CCS[C@H]3N2)cc1,1,train,42
2652,c1ccc(C2(c3ccccc3)OC[C@@H]([C@H]3CCCCN3)O2)cc1,1,train,42
2653,CCC[C@@H](Cc1ccccc1)N1CCCC1,1,train,42
2654,CCC[C@H](C)CC,1,train,42
2655,Cc1nccn1[C@H](C)c1ccccc1,1,train,42
2656,Cc1nnc2n1-c1ccc(Cl)cc1C(c1ccccc1)=NC2,1,train,42
2657,CN(C)CCC=C1c2ccccc2CCc2ccccc21,1,train,42
2658,Oc1ncnc2[nH]ncc12,1,train,42
2659,Cc1cc(=O)n(-c2ccccc2)n1C,1,train,42
2660,CC(=O)Oc1ccccc1C(=O)O,1,train,42
2661,O=NN1CCCCCCNC1=O,1,train,42
2662,Cn1c(=O)c2c(ncn2C)n(C)c1=O,1,train,42
2663,NC(=O)N1c2ccccc2C=Cc2ccccc21,1,train,42
2664,C#CC(C)(O)CC,1,train,42
2665,C#CC(O)(/C=C/Cl)CC,1,train,42
2666,C#CC(OC(N)=O)c1ccccc1,1,train,42
2667,C#CCC1(OC(N)=O)CCCCC1,1,train,42
2668,C/C(=C(/CCO)SSCC1CCCO1)N(C=O)Cc1cnc(C)nc1N,1,train,42
2669,C/C(=C(\CCOC(=O)c1ccccc1)SC(=O)c1ccccc1)N(C=O)Cc1cnc(C)nc1N,1,train,42
2670,C/C(=C(\CCOP(=O)(O)O)SC(=O)c1ccccc1)N(C=O)Cc1cnc(C)nc1N,1,train,42
2671,C/C=C/C(=O)N(CC)C(CC)C(=O)N(C)C,1,train,42
2672,C1=Cc2cccc(OCC3CNCCO3)c2C1,1,train,42
2673,C=C(C)[C@@H]1CCC(C)=CC1c1c(O)cc(CCCCC)cc1O,1,val,42
2674,C=CC1O[C@@H]2CC3C4CCC5=CC(=O)C=CC5(C)C4(F)C(O)CC3(C)[C@]2(C(=O)CO)O1,1,train,42
2675,C=CCC1(C(C)C)C(=O)NC(=O)NC1=O,1,train,42
2676,C=CCN1C(=O)OC(C)C1=O,1,train,42
2677,C=CCN1CCC23c4c5ccc(O)c4OC2C2(OC)C=CC3(CC2[C@](C)(O)CCC)C1C5,1,train,42
2678,C=CCN1CCCC1CNC(=O)c1cc(S(=O)(=O)NC)c(N)cc1OC,1,train,42
2679,C=CCN1CC[C@]23c4c5ccc(O)c4O[C@H]2[C@@H](O)C=C[C@H]3[C@H]1C5,1,train,42
2680,C=CCN1C[C@H](C(=O)N(CCCN(C)C)C(=O)NCC)C[C@@H]2c3cccc4[nH]cc(c34)C[C@H]21,1,train,42
2681,CC(=O)C1(O)CCC2C3CCC4=CC(=O)C=CC4(C)C3C(O)CC21C,1,train,42
2682,CC(=O)C12OC(C)(C)OC1CC1C3CCC4=CC(=O)CCC4(C)C3CCC12C,1,train,42
2683,CC(=O)C1CCC2C3CC(C)C4=CC(=O)C=CC4(C)C3C(O)CC12C,1,train,42
2684,CC(=O)NC(CCC(N)=O)C(=O)O,1,test,42
2685,CC(=O)NCC1(c2ccccc2)CCN(CCCC(=O)c2ccc(F)cc2)CC1,1,test,42
2686,CC(=O)NCCCN1CCN(c2cc(Cl)ccc2Cl)CC1,1,train,42
2687,CC(=O)NNC(=O)CC(O)(c1ccccc1)c1ccccc1,1,train,42
2688,CC(=O)Nc1ccc(OC(=O)c2ccccc2O)cc1,1,val,42
2689,CC(=O)OC(c1ccccc1)C1CCCCN1,1,test,42
2690,CC(=O)OC1CC[C@@]2(C)C([C@@H]1Br)[C@H](Br)C[C@H]1[C@@H]3CC[C@H]([C@H](C)CCCC(C)C)[C@@]3(C)CC[C@@H]12,1,train,42
2691,CC(=O)OCC(=O)C1(O)C(C)CC2C3CC(F)(F)C4=CC(=O)C=CC4(C)C3(F)C(O)CC21C,1,val,42
2692,CC(=O)OCC(=O)C12N=C(C)OC1CC1C3CCC4=CC(=O)C=CC4(C)[C@@]3(F)C(O)CC12C,1,val,42
2693,CC(=O)OCC(=O)OCC/C(SC(=O)c1ccco1)=C(/C)N(C=O)Cc1cnc(C)nc1N,1,train,42
2694,CC(=O)OCC(=O)[C@@]1(O)CCC2C3CCC4=CC(=O)C=CC4(C)[C@@]3(Cl)C(Cl)CC21C,1,train,42
2695,CC(=O)OCC(=O)[C@@]1(O)CC[C@H]2[C@@H]3CCC4=CC(=O)C=C[C@]4(C)[C@@]3(F)[C@@H](O)C[C@@]21C,1,train,42
2696,CC(=O)OCC(=O)[C@@]1(O)CC[C@H]2[C@@H]3CCC4=CC(=O)CC[C@]4(C)[C@@]3(F)[C@@H](O)C[C@@]21C,1,train,42
2697,CC(=O)OCC(=O)[C@@]1(O)CC[C@H]2[C@@H]3CCC4=CC(=O)CC[C@]4(C)[C@H]3C(=O)C[C@@]21C,1,test,42
2698,CC(=O)OCC(=O)[C@@]1(O)CC[C@H]2[C@@H]3C[C@H](Cl)C4=CC(=O)C=C[C@]4(C)[C@H]3C(=O)C[C@@]21C,1,test,42
2699,CC(=O)OCC(=O)[C@@]1(O)[C@H](C)C[C@H]2[C@@H]3C=C(C)C4=Cc5c(cnn5-c5ccccc5)C[C@]4(C)[C@H]3[C@@H](O)C[C@@]21C,1,train,42
2700,CC(=O)OCC(=O)[C@@]1(OC(=O)c2ccco2)[C@H](C)C[C@H]2[C@@H]3CCC4=CC(=O)C=C[C@]4(C)[C@@]3(F)[C@@H](O)C[C@@]21C,1,train,42
2701,CC(=O)OCC(=O)[C@@]12OC(C)(C)O[C@@H]1CC1C3CC(C=O)=C4C=C(OCCCl)CCC4(C)[C@@]3(F)C(O)CC12C,1,val,42
2702,CC(=O)OCC(=O)[C@@]12OC(C)(C)O[C@@H]1C[C@H]1C3CC(C#N)=C4C=C(OCCCl)CCC4(C)[C@@]3(F)C(O)CC12C,1,train,42
2703,CC(=O)OCC(=O)[C@@]12OC(C)(C)O[C@@H]1C[C@H]1[C@@H]3C[C@H](F)C4=CC(=O)C=C[C@]4(C)[C@@]3(F)[C@@H](O)C[C@@]12C,1,train,42
2704,CC(=O)OCC(=O)[C@@]12OC3(CCCC3)O[C@@H]1C[C@H]1[C@@H]3CCC4=CC(=O)C=C[C@]4(C)[C@@]3(F)[C@@H](O)C[C@@]12C,1,train,42
2705,CC(=O)OCC(=O)[C@H]1[C@H](C)C[C@H]2[C@@H]3C[C@H](F)C4=CC(=O)C=C[C@]4(C)C3(Cl)[C@@H](O)C[C@@]21C,1,train,42
2706,CC(=O)OCC1=CO[C@@H](OC(=O)CC(C)C)[C@H]2C1=C[C@H](OC(=O)CC(C)(C)OC(C)=O)[C@]21CO1,1,train,42
2707,CC(=O)O[C@H]1C[C@@H]2C(COC(=O)CC(C)C)=CO[C@@H](OC(=O)CC(C)C)[C@@H]2[C@@]12CO2,1,train,42
2708,CC(=O)O[C@]1(C(C)=O)CC[C@H]2[C@@H]3C[C@H](C)C4=CC(=O)C=C[C@]4(C)[C@@]3(F)[C@@H](O)C[C@@]21C,1,train,42
2709,CC(=O)Oc1ccc2c3c1O[C@H]1[C@@H](OC(C)=O)C=C[C@H]4[C@@H](C2)N(C)CC[C@@]341,1,train,42
2710,CC(=O)[C@@]1(O)[C@H](O)C[C@H]2[C@@H]3CCC4=CC(=O)C=C[C@]4(C)[C@@]3(F)[C@@H](O)C[C@@]21C,1,train,42
2711,CC(=O)[C@H]1CC[C@H]2[C@@H]3CC[C@H]4C[C@H](O)CC[C@]4(C)[C@H]3C(=O)C[C@]12C,1,train,42
2712,CC(=O)[C@H]1CC[C@H]2[C@@H]3CC[C@H]4C[C@](C)(O)CC[C@]4(C)[C@H]3CC[C@]12C,1,train,42
2713,CC(=O)[C@H]1CC[C@H]2[C@@H]3C[C@@H](O)C45CC4CC[C@]5(C)[C@H]3CC[C@]12C,1,train,42
2714,CC(=O)[C@H]1CC[C@H]2[C@@H]3C[C@H](C)C4=CC(=O)CC[C@]4(C)[C@H]3[C@@H](O)C[C@]12C,1,train,42
2715,CC(=O)c1ccc(C(O)C(CO)NC(=O)C(Cl)Cl)cc1,1,train,42
2716,CC(=O)c1ccc2c(c1)N(CCCN(C)C)c1ccccc1S2,1,train,42
2717,CC(=O)c1ccc2c(c1)N(CCCN1CCN(CCO)CC1)c1ccccc1S2,1,train,42
2718,CC(C)(C)[C@]1(O)CCN2C[C@H]3c4ccccc4CCc4cccc(c43)[C@@H]2C1,1,train,42
2719,CC(C)(C)c1ccc(CN2CCN(C(c3ccccc3)c3ccc(Cl)cc3)CC2)cc1,1,train,42
2720,CC(C)=CCN1CC[C@@]2(C)c3cc(O)ccc3C[C@@H]1[C@H]2C,1,train,42
2721,CC(C)C(=O)OCC(=O)[C@@]12O[C@H](C3CCCCC3)O[C@@H]1C[C@H]1[C@@H]3CCC4=CC(=O)C=C[C@]4(C)[C@H]3[C@@H](O)C[C@@]12C,1,train,42
2722,CC(C)CCNCC1COc2ccccc2O1,1,train,42
2723,CC(C)CCOC(CN1CCCC1)c1ccccc1,1,train,42
2724,CC(C)NC(=O)OC1CCN(CCCC(=O)c2ccc(F)cc2)CC1,1,test,42
2725,CC(C)N[C@H]1C2CCC(CC2)[C@]1(O)c1ccc(Cl)c(Cl)c1,1,train,42
2726,CC(C)Oc1ccccc1N1CCN(Cc2cccc(C(=O)N3CCCCC3)c2)CC1,1,train,42
2727,CC(C)[C@H](N)C(=O)OCC(CO)OCn1cnc2c(=O)[nH]c(N)nc21,1,train,42
2728,CC(C)n1cc2c3c(cccc31)C1C[C@@H](C(=O)NC3CCCCC3)CN(C)C1C2,1,train,42
2729,CC(CC#N)N(C)CC(=O)N(C)c1ccc(Cl)cc1C(=O)c1ccccc1F,1,train,42
2730,CC(CN1CCN(CCOCCO)CC1)CN1c2ccccc2Sc2ccccc21,1,train,42
2731,CC(Cc1ccccc1)N(C)C,1,train,42
2732,CC(Cc1ccccc1)NC(C#N)c1ccccc1,1,train,42
2733,CC(Cc1ccccc1)NCCn1cnc2c1c(=O)n(C)c(=O)n2C,1,train,42
2734,CC(Cc1ccccc1)[n+]1cc(NC(=O)Nc2ccccc2)on1,1,train,42
2735,CC(NCCn1cnc2c1c(=O)n(C)c(=O)n2C)C(O)c1ccccc1,1,train,42
2736,CC1(C)CC(=O)N(CCCCN2CCN(c3ncccn3)CC2)C(=O)C1,1,train,42
2737,CC1(C)OC(=O)Nc2ccc(Br)cc21,1,val,42
2738,CC1(C)O[C@@H]2CC3C4C[C@H](F)C5=CC(=O)C=CC5(C)[C@@]4(Cl)C(Cl)CC3(C)[C@]2(C(=O)CO)O1,1,train,42
2739,CC1(C)O[C@@H]2CC3[C@@H]4C[C@H](F)C5=CC(=O)C=CC5(C)[C@H]4[C@@H](O)C[C@]3(C)[C@]2(C(=O)CO)O1,1,train,42
2740,CC1(C)O[C@@H]2C[C@H]3C4CCC5=CC(=O)C=CC5(C)[C@H]4C(O)CC3(C)[C@]2(C(=O)CO)O1,1,train,42
2741,CC1(C)O[C@@H]2C[C@H]3C4C[C@H](F)C5=CC(=O)C=C[C@]5(C)[C@@]4(F)[C@@H](O)C[C@]3(C)[C@]2(C(=O)COC(=O)C2CC2)O1,1,train,42
2742,CC1(C)O[C@@H]2C[C@H]3[C@@H]4CCC5=CC(=O)CC[C@]5(C)[C@@]4(F)[C@@H](O)C[C@]3(C)[C@]2(C(=O)CCl)O1,1,val,42
2743,CC1(c2ccccc2)CC(=O)N(CN2CCOCC2)C1=O,1,train,42
2744,CC12C=CC(=O)C=C1CCC1C3CCC(O)(C(=O)CO)C3(C)CC(O)C12F,1,train,42
2745,CC12CC(=O)[C@H]3C(CC[C@H]4C[C@H](O)CCC43C)[C@@H]1CCC2C(=O)CO,1,train,42
2746,CC12C=CC(=O)C=C1CCC1C3CC[C@](O)(C(=O)CO)C3(C)CC(Cl)[C@@]12Cl,1,train,42
2747,CC12CC3CC(C)(C1)CC(N)(C3)C2,1,train,42
2748,CC12CCC(=O)C=C1CCC1C2CCC2(C)C1CCC2(O)C(=O)CO,1,test,42
2749,CC12CCC(CC1=O)C2(C)C,1,train,42
2750,CC12CCCCCC(Cc3ccc(O)cc31)C2N,1,train,42
2751,CC12C[C@H](O)[C@@]3(F)C(CCC4=CC(=O)C=CC43C)[C@@H]1C[C@H]1O[C@@](C)(c3ccccc3)O[C@]12C(=O)CO,1,train,42
2752,CC1=CC(=O)N2CC(=O)N(C)c3ccc(Cl)cc3C2(c2ccccc2)O1,1,train,42
2753,CC1=CCC2C3Cc4ccc(O)c5c4C2(CCN3C)C1O5,1,train,42
2754,CC1=C[C@@H]2[C@H]([C@@H](O)C[C@@]3(C)[C@H]2C[C@@H](C)[C@]3(O)C(=O)COC(=O)c2cccc(S(=O)(=O)O)c2)[C@@]2(C)Cc3cnn(-c4ccccc4)c3C=C12,1,test,42
2755,CC1=NN(c2ccccc2)C(=O)C1,1,train,42
2756,CC1=Nc2ccccc2CC(c2ccccc2)N1C,1,train,42
2757,CC1C2Cc3ccc(O)cc3C1(C)CCN2CC1CC1,1,train,42
2758,CC1CC(OC(=O)C2CCC(=O)N2)CC(C)(C)C1,1,val,42
2759,CC1CC2C3CC(F)C4=CC(=O)C=CC4(C)C3(F)C(O)CC2(C)C1(O)C(=O)CCl,1,train,42
2760,CC1CC2C3CC(F)C4=CC(=O)C=CC4(C)C3(F)C(O)CC2(C)C1(O)C(=O)SCF,1,val,42
2761,CC1CN(CCCn2c3ccccc3c3ccccc32)CC(C)N1,1,train,42
2762,CC1COC2(c3ccccc3Cl)c3cc(Cl)ccc3NC(=O)CN12,1,train,42
2763,CC1NC(=O)COC1c1ccccc1,1,train,42
2764,CC1OC2(CCCCC2Oc2cccc(Cl)c2)NC1=O,1,train,42
2765,CC1[C@H]2C(=O)c3ccc(O)cc3[C@]1(C)CCN2CC1CC1,1,train,42
2766,CCC,1,test,42
2767,CCC(=O)C1(c2cccc(O)c2)CCN(C)CC1,1,train,42
2768,CCC(=O)N(c1ccc(Cl)c(Cl)c1)[C@@H]1CCC[C@H]1N(C)C,1,train,42
2769,CCC(=O)N(c1ccccc1)C1(COC)CCN(CCn2nnn(CC)c2=O)CC1,1,val,42
2770,CCC(=O)N(c1ccccc1F)C1(c2ccccc2)CCN(CCn2nnn(CC)c2=O)CC1,1,train,42
2771,CCC(=O)OCC(=O)[C@@]1(OC(=O)CC)[C@H](C)C[C@H]2[C@H]3[C@H]([C@@H](O)C[C@@]21C)[C@@]1(C)C=CC(=O)C=C1C[C@H]3Cl,1,train,42
2772,CCC(=O)O[C@](Cc1ccccc1)(c1ccccc1)[C@H](C)CN(C)C,1,train,42
2773,CCC(=O)O[C@]1(C(=O)COC(C)=O)CC[C@H]2[C@@H]3CCC4=CC(=O)CC[C@]4(C)[C@H]3[C@@H](O)C[C@@]21C,1,train,42
2774,CCC(=O)O[C@]1(C(=O)COC(C)=O)CC[C@H]2[C@@H]3C[C@H](C)C4=CC(=O)C=C[C@]4(C)[C@H]3[C@@H](O)C[C@@]21C,1,train,42
2775,CCC(=O)O[C@]1(C(=O)COC)[C@@H](C)C[C@H]2[C@@H]3CCC4=CC(=O)C=C[C@]4(C)[C@@]3(F)[C@@H](O)C[C@@]21C,1,train,42
2776,CCC(=O)O[C@]1(C(=O)SCCl)[C@H](C)C[C@H]2C3C[C@H](F)C4=CC(=O)C=C[C@]4(C)[C@@]3(F)[C@@H](O)C[C@@]21C,1,train,42
2777,CCC(=O)O[C@]1(C(=O)SCF)[C@H](C)C[C@H]2[C@@H]3C[C@H](F)C4=CC(=O)C=C[C@]4(C)[C@@]3(F)[C@@H](O)C[C@@]21C,1,val,42
2778,CCC(=O)O[C@]1(c2ccccc2)CCN(C)C[C@@H]1CC,1,train,42
2779,CCC(=O)c1ccc2c(c1)N(CC(C)N(C)C)c1ccccc1S2,1,train,42
2780,CCC(=O)c1ccc2c(c1)N(CCCN1CCN(CCO)CC1)c1ccccc1S2,1,train,42
2781,CCC(Br)(C(N)=O)C(C)C,1,train,42
2782,CCC(C(=O)OCCN1CCOC(c2ccccc2)C1C)c1ccccc1,1,train,42
2783,CCC(C(N)=O)N1CCCC1=O,1,train,42
2784,CCC(C)(O)C1CC23C=CC1(OC)C1Oc4c(OC)ccc5c4C12CCN(CC1CC1)C3C5,1,train,42
2785,CCC(OC(C)=O)C(CC(C)N(C)C)(c1ccccc1)c1ccccc1,1,train,42
2786,CCC1(CC)O[C@@H]2C[C@H]3C4CCC5=CC(=O)C=CC5(C)[C@@]4(F)[C@@H](O)CC3(C)[C@]2(C(=O)CO)O1,1,train,42
2787,CCC1(c2ccccc2)CCC(=O)NC1=O,1,train,42
2788,CCC1(c2ccccc2)OCC(C2CCCCN2)O1,1,train,42
2789,CCC12CCN(CC3CC3)C(Cc3ccc(O)cc31)C2(C)C,1,train,42
2790,CCC12CCN(CC3CCC3)C(Cc3ccc(O)cc31)C2(C)C,1,train,42
2791,CCC1C(=O)NC(=O)C1(C)c1ccccc1,1,train,42
2792,CCCC(=O)O[C@]1(C(=O)CCl)[C@@H](C)C[C@H]2[C@@H]3CCC4=CC(=O)C=C[C@]4(C)[C@@]3(F)C(=O)C[C@@]21C,1,train,42
2793,CCCC(=O)O[C@]1(C(C)=O)CCC[C@H]2[C@@H]3CCC4=CC(=O)C=C[C@]4(C)[C@H]3[C@@H](O)C[C@@]21C,1,train,42
2794,CCCC(C)(O)C1CC23C=CC1(OC)C1Oc4c(O)ccc5c4C12CCN(C)C3C5,1,val,42
2795,CCCCC(=O)O[C@]1(C(=O)CO)CCC2C3CCC4=CC(=O)CCC4(C)C3C(O)CC21C,1,train,42
2796,CCCCC(=O)O[C@]1(C(=O)CO)[C@@H](C)C[C@H]2[C@@H]3CCC4=CC(=O)C=C[C@]4(C)[C@@]3(F)[C@@H](O)C[C@@]21C,1,train,42
2797,CCCCCC(=O)OCC(=O)C1C(C)CC2C3CC(F)C4=CC(=O)C=CC4(C)C3C(O)CC21C,1,train,42
2798,CCCCCC(N)C(O)(c1ccccc1)c1ccccc1,1,train,42
2799,CCCCCCC(=O)OCCN1CCN(CCCN2c3ccccc3Sc3ccc(C(F)(F)F)cc32)CC1,1,train,42
2800,CCCCCCCCCC(=O)OC1(c2ccc(Cl)cc2)CCN(CCCC(=O)c2ccc(F)cc2)CC1,1,train,42
2801,CCCCCCCCCCOc1c(OC)cc(C(N)=O)cc1OC,1,train,42
2802,CCCCCn1ccc(=O)c(O)c1C,1,val,42
2803,CCCCN=C(c1cc(Cl)ccc1O)c1ccccc1Cl,1,train,42
2804,CCCCNCC1COc2cccc(OCC)c2O1,1,train,42
2805,CCCCNc1c(C(=O)OCC)cnc2c1cnn2CC,1,train,42
2806,CCCCOC(=O)C(=O)C1C(C)CC2C3CC(F)C4=CC(=O)C=CC4(C)C3C(O)CC21C,1,train,42
2807,CCCCOCC(CN1C(=O)N(CC(COCCCC)OC(N)=O)C(=O)C(CC)(c2ccccc2)C1=O)OC(N)=O,1,test,42
2808,CCCCOCC(CN1C(=O)NC(=O)C(CC)(c2ccccc2)C1=O)OC(N)=O,1,train,42
2809,CCCCSc1ccc(C(SCCN(C)C)c2ccccc2)cc1,1,train,42
2810,CCCCn1c(=O)c2c(ncn2CC(C)=O)n(CCCC)c1=O,1,train,42
2811,CCCCn1ccc(=O)c(O)c1C,1,train,42
2812,CCCN(CCC)C1Cc2cccc3cc(O)cc(c23)C1,1,train,42
2813,CCCN(c1ccncc1)n1ccc2ccccc21,1,train,42
2814,CCCNC(=O)c1ccc2c(c1)N([C@H](C)CN1CCCC1)c1ccccc1S2,1,train,42
2815,CCC[C@@H]1O[C@@H]2C[C@H]3[C@@H]4C[C@H](F)C5=CC(=O)C=C[C@]5(C)C4(F)[C@@H](O)C[C@]3(C)[C@]2(C(=O)O[C@H](C)OC(=O)OCC)O1,1,train,42
2816,CCC[C@@](C)(O)[C@H]1CC23C=CC1(OC)[C@H]1Oc4c(OC(C)=O)ccc5c4C12CCN(C)C3C5,1,test,42
2817,CCN(CC)C(=O)[C@H]1[C@H](C(=O)N(CC)CC)[C@H]2C=C[C@@H]1C2,1,train,42
2818,CCN(CC)C/C=C1/c2ccccc2Nc2cc(Cl)ccc21,1,test,42
2819,CCN(CC)CC(=O)OCC(=O)[C@@]1(O)CC[C@H]2[C@@H]3CCC4=CC(=O)CC[C@]4(C)[C@H]3[C@@H](O)C[C@@]21C,1,train,42
2820,CCN(CC)CCC(=O)N1c2ccccc2Sc2ccc(C(F)(F)F)cc21,1,val,42
2821,CCN(CC)CCN1C(=O)CN=C(c2ccccc2F)c2cc(Cl)ccc21,1,train,42
2822,CCN(CC)CCOC(=O)C(O)(c1ccccc1)c1ccccc1,1,train,42
2823,CCN(CC)CCOC1(c2ccc(Cl)cc2)CCCCC1,1,train,42
2824,CCN(CC)CCn1cnc2c1c(=O)n(C)c(=O)n2C,1,train,42
2825,CCN(CC)S(=O)(=O)N[C@H]1C[C@@H]2c3cccc4[nH]cc(c34)C[C@H]2N(C)C1,1,train,42
2826,CCN(CC)c1ccc(NC(=O)c2ccccc2N)c(C)c1,1,train,42
2827,CCN1CC(CCN2CCOCC2)C(c2ccccc2)(c2ccccc2)C1=O,1,train,42
2828,CCN1CCC(=C(c2ccccc2)c2ccccc2)C1,1,train,42
2829,CCN1CCCC1CNC(=O)c1cc(C(C)=O)ccc1OC,1,train,42
2830,CCN1CCCC1CNC(=O)c1cc(S(=O)(=O)CC)c(N)cc1OC,1,train,42
2831,CCN1CCN(c2cc(-c3ccc(F)cc3)c3c(n2)CCCCCC3)CC1,1,train,42
2832,CCN=C1NC(=O)C(c2ccccc2)O1,1,train,42
2833,CCN=C1Nc2ccc(Cl)cc2C(c2ccccc2)S1,1,val,42
2834,CCNC(=O)N1CCN(CCCC(c2ccc(F)cc2)c2ccc(F)cc2)CC1,1,train,42
2835,CCNC1(c2ccccc2)CCCCC1,1,test,42
2836,CCNC1=Nc2ccc(Cl)cc2C(C)(c2ccccc2)O1,1,train,42
2837,CCOC(=O)C1(c2ccccc2)CCC=CC1N(C)C,1,train,42
2838,CCOC(=O)C1(c2ccccc2)CCN(CCc2ccc(N)cc2)CC1,1,train,42
2839,CCOC(=O)C[C@@H](O)C[C@@H](O)/C=C/C1=C(c2ccc(F)cc2)c2ccccc2OC12CCCC2,1,train,42
2840,CCOC(=O)N(CCN(C)C)c1cccc(C(F)(F)F)c1,1,val,42
2841,CCOC(=O)N(Cc1ccccc1)C1CC1,1,train,42
2842,CCOC(=O)OC1(C(=O)OCCl)CCC2C3CCC4=CC(=O)C=CC4(C)C3C(O)CC21C,1,train,42
2843,CCOC(=O)OCC/C(SC(=O)OCC)=C(\C)N(C=O)Cc1cnc(C)nc1N,1,train,42
2844,CCOC(=O)c1cnc2c(cnn2CC)c1NN=C(C)C,1,train,42
2845,CCOC(=O)c1cncn1C(C)c1ccc(F)cc1,1,train,42
2846,CCOC(=O)c1cncn1C(C)c1ccccc1,1,test,42
2847,CCOC1c2ccccc2C(=O)N(C)c2ccccc21,1,train,42
2848,CCO[C@H]1C[C@@]2(C)[C@@H](CC[C@@H]3[C@@H]2[C@H](N(C)C)C[C@]2(C)[C@@H](C(C)=O)CC[C@@H]32)C[C@@H]1O,1,test,42
2849,CCS(=O)(=O)CCN1C(=O)CN=C(c2ccccc2F)c2cc(Cl)ccc21,1,train,42
2850,CCSc1ccc2c(c1)N(CCCN1CCN(C)CC1)c1ccccc1S2,1,train,42
2851,CC[C@@H](O)C(C[C@@H](C)N(C)C)(c1ccccc1)c1ccccc1,1,train,42
2852,CC[C@H](C)C(=O)O[C@H]1CCC=C2C=C[C@H](C)[C@H](CC[C@@H]3C[C@@H](O)CC(=O)O3)[C@H]21,1,train,42
2853,CC[C@H]1CC(=O)[C@@H]2Oc3c(OC)ccc4c3[C@@]23CCN(CC2CC2)C(C4)[C@H]13,1,train,42
2854,CCc1c(O)c(=O)ccn1CC,1,train,42
2855,CCc1c(OC)nc2nc(-c3noc(C)n3)cn2c1C,1,val,42
2856,CCc1c(OC)nc2nc(C(=O)c3ccccc3)cn2c1C,1,train,42
2857,CCc1ccc2c(c1)N(CC(C)CN(C)C)c1ccccc1S2,1,train,42
2858,CCc1ccccc1-n1c(C)nc2ccccc2c1=O,1,train,42
2859,CCc1nn(CCCN2CCN(c3cccc(Cl)c3)CC2)c(=O)n1CC,1,val,42
2860,CCc1nn(CCCN2CCN(c3cccc(Cl)c3)CC2)c(=O)n1CCOc1ccccc1,1,train,42
2861,CCn1ccc(=O)c(O)c1C,1,train,42
2862,CN(C(=O)CNC(=O)CN)c1ccc(Cl)cc1C(=O)c1ccccc1Cl,1,train,42
2863,CN(C(=O)CNC1CC1)c1ccc(Cl)cc1C(=O)c1ccccc1Cl,1,train,42
2864,CN(C(=O)Cc1ccc(Cl)c(Cl)c1)C1CCCC[C@H]1N1CCCC1,1,test,42
2865,CN(C)C(=O)COC1c2ccccc2CCc2ccccc21,1,train,42
2866,CN(C)C(=O)OC1N=C(c2ccccc2)c2cc(Cl)ccc2N(C)C1=O,1,train,42
2867,CN(C)C1CCc2[nH]c3c(F)cc(F)cc3c2C1,1,test,42
2868,CN(C)CC(=O)N1c2ccccc2Sc2ccccc21,1,train,42
2869,CN(C)CC/C=C1/c2ccccc2COc2ccccc21,1,train,42
2870,CN(C)CC/C=C1/c2ccccc2CSc2ccccc21,1,val,42
2871,CN(C)CC/C=C1/c2ccccc2Sc2ccc(Cl)cc21,1,train,42
2872,CN(C)CCC1(c2ccccc2)C=Cc2ccccc21,1,train,42
2873,CN(C)CCC=C1c2ccccc2C(C)(C)c2ccccc21,1,train,42
2874,CN(C)CCCN1c2ccccc2C(c2ccccc2)=Nc2cccnc21,1,train,42
2875,CN(C)CCCn1c(=O)c2ccccc2c2ccccc21,1,train,42
2876,CN(C)CCCn1c(=O)n(-c2ccccc2)c2cc(Cl)ccc21,1,train,42
2877,CN(C)CCN(Cc1cccs1)c1ccccn1,1,train,42
2878,CN(C)CCN1CCN(c2cccc(Cl)c2)C1=O,1,train,42
2879,CN(C)CCc1ccccn1,1,train,42
2880,CN(C)CCn1cnc2c1c(=O)n(C)c(=O)n2C,1,train,42
2881,CN(CCCN1c2ccccc2CCc2ccccc21)CC(=O)c1ccc(Cl)cc1,1,train,42
2882,CN(CCc1cc2cccc3c2n1-c1ccccc1CC3)Cc1ccccc1,1,test,42
2883,CN1C(=O)C(O)N=C(c2ccccc2)c2cc(Cl)ccc21,1,train,42
2884,CN1C(=O)C(O)N=C(c2ccccc2Cl)c2cc(Cl)ccc21,1,val,42
2885,CN1C(=O)C(O)N=C(c2ccccc2F)c2cc(Cl)ccc21,1,train,42
2886,CN1C(=O)CCC1c1cccnc1,1,val,42
2887,CN1C(=O)CCS(=O)(=O)C1c1ccc(Cl)cc1,1,train,42
2888,CN1C(=O)CN(C(N)=O)C(c2ccccc2)c2cc(Cl)ccc21,1,train,42
2889,CN1C2CCC1CC(OC(=O)C(C)(CO)c1ccccc1)C2,1,train,42
2890,CN1C2CCC1CC(OC(=O)[C@H](CO)c1ccccc1)C2,1,train,42
2891,CN1C2CCC1CC(OC(c1ccccc1)c1ccccc1)C2,1,train,42
2892,CN1CC(=O)NC1=NC(=O)Nc1cccc(Cl)c1,1,train,42
2893,CN1CC=C(c2ccccc2)CC1,1,train,42
2894,CN1CCC(=C2c3ccccc3Oc3ccc(Cl)cc32)CC1,1,test,42
2895,CN1CCC(C)(CN2c3ccccc3Sc3ccccc32)C1,1,train,42
2896,CN1CCC23c4c5ccc(O)c4OC2C(O)CCC3C1C5,1,train,42
2897,CN1CCC2=C(CC1)c1ccccc1N(C)c1ccccc12,1,train,42
2898,CN1CCCC(CN2c3ccccc3Sc3ccccc32)C1,1,train,42
2899,CN1CCN(C2=Nc3cc(Cl)ccc3Nc3ccccc32)CC1,1,train,42
2900,CN1CCN(C2=Nc3ccccc3Cc3ccccc32)CC1,1,train,42
2901,CN1CCN(C2=Nc3ccccc3Sc3nccn32)CC1,1,train,42
2902,CN1CCN(C2Cc3ccccc3Sc3ccc(Cl)cc32)CC1,1,train,42
2903,CN1CCN(CC(=O)[C@@]2(O)CC[C@H]3[C@@H]4CCC5=CC(=O)C=C[C@]5(C)[C@H]4[C@@H](O)C[C@@]32C)CC1,1,test,42
2904,CN1CCN(CCC(=O)N2c3ccccc3Sc3ccc(C(F)(F)F)cc32)CC1,1,train,42
2905,CN1CCN(CCCN2c3ccccc3Sc3ccc(Cl)cc32)CC1,1,train,42
2906,CN1CCN(CCN2CCN(CCCN3c4ccccc4Sc4ccc(Cl)cc43)CC2)C1=O,1,val,42
2907,CN1CCN=C(c2ccccc2)c2cc(Cl)ccc21,1,train,42
2908,CN1CC[C@]23NC(=O)CC(c4cc(Cl)ccc4O2)C3C1,1,val,42
2909,CN1CC[C@]23c4c5ccc(O)c4O[C@@]2(C)C(=O)CC[C@H]3[C@H]1C5,1,train,42
2910,CN1CC[C@]23c4c5ccc(O)c4O[C@H]2C(O)C=C[C@H]3[C@H]1C5,1,test,42
2911,CN1CC[C@]23c4c5ccc(O)c4O[C@H]2[C@@H](O)CC[C@@]3(O)[C@H]1C5,1,train,42
2912,CN1C[C@@H](NS(=O)(=O)N(C)C)C[C@@H]2c3cccc4c3c(cn4C)C[C@H]21,1,train,42
2913,CN1[C@@H]2CCC[C@H]1CC(NC(=O)c1nn(C)c3ccccc13)C2,1,test,42
2914,CN1c2cc(F)ccc2C(c2ccccc2)=NCC1CNC(=O)c1ccoc1,1,train,42
2915,CN1c2ccccc2C(c2ccccc2F)=NCC1CNC(=O)c1ccsc1,1,train,42
2916,CN=C(Cc1ccc2ccccc2c1)NC,1,train,42
2917,CN=C1CN(O)C(c2ccccc2)=c2cc(Cl)ccc2=N1,1,train,42
2918,CNC(=O)CCN1CCN(CCC=C2c3ccccc3Sc3ccc(Cl)cc32)CC1,1,train,42
2919,CNC(=O)N1CC(Oc2cccc(C(F)(F)F)c2)C1,1,train,42
2920,CNC1(c2ccccc2Cl)CCCCC1=O,1,train,42
2921,CNC1CCC(c2ccccc2)c2ccccc21,1,train,42
2922,CNCCC(Oc1cccc2ccccc12)c1cccs1,1,test,42
2923,CNCCC=C1c2ccccc2C2CC2c2ccccc21,1,train,42
2924,CNCCCC1(C)C(=O)N(c2ccccc2)c2ccccc21,1,train,42
2925,CNCCCC1c2ccccc2C=Cc2ccccc21,1,train,42
2926,CNCCCCOc1ccccc1Cc1ccccc1,1,test,42
2927,CNCCCN1c2ccccc2C(C)(C)c2ccccc21,1,val,42
2928,CNC[C@@H]1CN(c2ccc(OCc3cccc(Cl)c3)cc2)C(=O)O1,1,train,42
2929,CNO.Cc1oc(C(C)(C)N(C(C)(C)N)C(C)(C)N)c(C)c1C,1,train,42
2930,CN[C@@H]1C[C@@H](c2ccc(Cl)c(Cl)c2)c2ccccc21,1,train,42
2931,CNc1nc(Cl)c(SC)c(N2CCN(C)CC2)n1,1,train,42
2932,CO/N=C(/C(=O)N[C@@H]1C(=O)N2C(C(=O)O)=C(COC(N)=O)CS[C@H]12)c1ccco1,1,train,42
2933,CO/N=C(/C(=O)N[C@@H]1C(=O)N2C(C(=O)O)=C(CSc3nc(=O)c(=O)[nH]n3C)CS[C@H]12)c1csc(N)n1,1,train,42
2934,CO/N=C(/C(=O)N[C@H]1C(=O)N2C(C(=O)O)=C(COC(C)=O)CS[C@@H]12)c1csc(N)n1,1,train,42
2935,CO/N=C\C1=CCCN(C)C1,1,test,42
2936,COC(=O)C1C2CC3c4[nH]c5cc(OC)ccc5c4CCN3CC2CC(OC)C1OC,1,train,42
2937,COC(=O)[C@H]1[C@H]2C[C@@H]3c4[nH]c5cc(OC)ccc5c4CCN3C[C@H]2C[C@@H](OC(=O)/C=C/c2cc(OC)c(OC)c(OC)c2)[C@@H]1OC,1,train,42
2938,COC(=O)[C@H]1[C@H]2C[C@@H]3c4[nH]c5cc(OC)ccc5c4CCN3C[C@H]2C[C@@H](OC(=O)c2cc(OC)c(OC)c(OC)c2)[C@@H]1OC,1,train,42
2939,COC(=O)[C@H]1[C@H]2C[C@@H]3c4[nH]c5ccccc5c4CCN3C[C@H]2C[C@@H](OC(=O)c2cc(OC)c(OC)c(OC)c2)[C@@H]1OC,1,train,42
2940,COC(=O)c1ccc(C(=O)OC)cc1,1,train,42
2941,COC(OC)C(=O)[C@@]12OC(C)(C)O[C@@H]1CC1C3C[C@H](F)C4=CC(=O)C=CC4(C)[C@@]3(F)C(O)CC12C,1,train,42
2942,COC12C=CC3(CC1C(C)(C)O)[C@@H]1Cc4ccc(O)c5c4[C@]3(CCN1CC1CC1)[C@@H]2O5,1,train,42
2943,COC1=CC(=O)OC1C(O)c1ccccc1Cl,1,test,42
2944,COC1=CC=C2[C@H]3Cc4ccc(OC)c5c4[C@@]2(CCN3C)[C@H]1O5,1,train,42
2945,COCC1CN(c2ccc(OCc3cccc(C#N)c3)cc2)C(=O)O1,1,test,42
2946,COCCCC/C(=N/OCCN)c1ccc(Cl)cc1,1,train,42
2947,COC[C@H]1CN(c2ccc(OCC[C@@H](O)C(F)(F)F)cc2)C(=O)O1,1,train,42
2948,COCc1c(C(=O)OC(C)C)ncc2[nH]c3cccc(Oc4ccc(Cl)cc4)c3c12,1,train,42
2949,COCc1c(C(C)C)nc(C(C)C)c(/C=C/[C@@H](O)C[C@@H](O)CC(=O)O)c1-c1ccc(F)cc1,1,train,42
2950,CO[C@H](C(=O)[C@@H](O)[C@@H](C)O)[C@@H]1Cc2cc3cc(O[C@H]4C[C@@H](O[C@H]5C[C@@H](O)[C@H](O)[C@@H](C)O5)[C@H](O)[C@@H](C)O4)c(C)c(O)c3c(O)c2C(=O)[C@H]1O[C@H]1C[C@@H](O[C@H]2C[C@@H](O[C@H]3C[C@](C)(O)[C@H](O)[C@@H](C)O3)[C@H](O)[C@@H](C)O2)[C@H](O)[C@@H](C)O1,1,train,42
2951,CO[C@H]1CC[C@H]2[C@H]3Cc4ccc(O)c5c4[C@@]2(CCN3C)[C@H]1O5,1,train,42
2952,CO[C@]12CC[C@@]3(C[C@@H]1C(C)(C)O)[C@H]1Cc4ccc(O)c5c4[C@@]3(CCN1CC1CC1)[C@H]2O5,1,train,42
2953,CO[C@]12CC[C@@]3(C[C@@H]1[C@](C)(O)C(C)(C)C)[C@H]1Cc4ccc(O)c5c4[C@@]3(CCN1CC1CC1)[C@H]2O5,1,train,42
2954,COc1cc(C(=O)N2CCOCC2)cc(OC)c1OC,1,val,42
2955,COc1cc(C(=O)OCCN2CCN(CCCN3c4ccccc4Sc4ccc(Cl)cc43)CC2)cc(OC)c1OC,1,val,42
2956,COc1cc(C(C)=O)ccc1OCCCN1CCC(c2noc3cc(F)ccc23)CC1,1,val,42
2957,COc1cc([C@@H]2c3cc4c(cc3[C@@H](OC3OC5COC(c6cccs6)OC5C(O)C3O)[C@H]3COC(=O)[C@H]23)OCO4)cc(OC)c1O,1,test,42
2958,COc1cc2c(cc1OC)C(c1cccc(Cl)c1)=NN=C(C)C2,1,train,42
2959,COc1cc2c3c(c1O)C1(C=CC(=O)C=C1)CC3N(C)CC2,1,train,42
2960,COc1cc2oc(=O)c(C)c(C)c2cc1OCCCN1CCN(c2ccccc2OC)CC1,1,test,42
2961,COc1ccc(C(=O)N2CCCC2=O)cc1,1,train,42
2962,COc1ccc(Cl)c2c1CCCC2N(C)C,1,train,42
2963,COc1ccc(Cn2c(C)c(CCN)c3cc(O)ccc32)cc1,1,test,42
2964,COc1ccc(OCC2CN(C)CCC2c2ccccc2)cc1,1,train,42
2965,COc1ccc(S(N)(=O)=O)cc1C(=O)NCC1CCCN1Cc1ccc(F)cc1,1,train,42
2966,COc1ccc2c(c1)C(N1CCN(C)CC1)=Cc1ccccc1O2,1,train,42
2967,COc1ccc2c(c1)C(O)(CCCN(C)C)c1ccccc1S2,1,train,42
2968,COc1ccc2c(c1)N(CCCN(C)C)c1ccccc1S2,1,val,42
2969,COc1ccc2c(c1)c1c3n2CCN(C)C3=NCC1,1,train,42
2970,COc1ccccc1N1CCN(CC(O)COc2cc(OC)c(OC)c(OC)c2)CC1,1,test,42
2971,COc1ccccc1OCC1CNC(=O)O1,1,train,42
2972,CS(=O)(=O)c1ccc([C@@H](O)[C@@H](CF)NC(=O)C(Cl)Cl)cc1,1,train,42
2973,CS(=O)(=O)c1ccc([C@@H](O)[C@@H](CO)NC(=O)C(Cl)Cl)cc1,1,test,42
2974,CS(=O)(=O)c1ccc2c(c1)N(CCCN1CCC(C(N)=O)CC1)c1ccccc1S2,1,train,42
2975,CSC(=O)C1(O)C(C)CC2C3CCC4=CC(=O)C=CC4(C)C3(F)C(O)CC21C,1,train,42
2976,CSc1c(Cl)nc(NC(C)C)nc1N1CCN(C)CC1,1,train,42
2977,C[C@@H]1CC2C3CCC4=CC(=O)C=CC4(C)[C@@]3(Cl)C(Cl)CC2(C)[C@@]1(O)C(=O)CO,1,train,42
2978,C[C@@H]1CC2C3C[C@H](F)C4=CC(=O)C=CC4(C)[C@@]3(Cl)C(O)CC2(C)C1C(=O)CO,1,train,42
2979,C[C@@H]1CC2C3C[C@H](F)C4=CC(=O)C=CC4(C)[C@@]3(Cl)C(O)CC2(C)C1C(=O)COC(=O)C(C)(C)C,1,train,42
2980,C[C@@H]1CC2C3C[C@H](F)C4=CC(=O)C=CC4(C)[C@@]3(F)C(O)CC2(C)C1C(=O)CO,1,train,42
2981,C[C@@H]1C[C@H]2[C@@H]3CCC4=CC(=O)C=C[C@]4(C)[C@@]3(Cl)[C@@H](O)C[C@]2(C)[C@@]1(O)C(=O)CCl,1,train,42
2982,C[C@@H]1C[C@H]2[C@@H]3CCC4=CC(=O)C=C[C@]4(C)[C@@]3(F)[C@@H](O)C[C@]2(C)[C@H]1C(=O)CO,1,val,42
2983,C[C@@H]1C[C@H]2[C@@H]3C[C@H](F)C4=CC(=O)C=C[C@]4(C)C3(Cl)[C@@H](F)C[C@]2(C)[C@H]1C(=O)CO,1,train,42
2984,C[C@@H]1C[C@H]2[C@@H]3C[C@H](F)C4=CC(=O)C=C[C@]4(C)[C@@]3(F)[C@@H](O)C[C@]2(C)[C@H]1C(=O)COC(=O)C(C)(C)C,1,train,42
2985,C[C@@H]1N=C(c2ccccc2Cl)c2cc([N+](=O)[O-])ccc2NC1=O,1,train,42
2986,C[C@H]1CCCC[C@@]1(c1cccs1)N1CCCCC1,1,train,42
2987,C[C@H]1C[C@H]2[C@@H]3CCC4=CC(=O)C=C[C@]4(C)[C@@]3(F)C(=O)C[C@]2(C)[C@@]1(O)C(=O)CCl,1,train,42
2988,C[C@H]1C[C@H]2[C@@H]3CCC4=CC(=O)C=C[C@]4(C)[C@@]3(F)[C@@H](O)C[C@]2(C)[C@@]1(OC(=O)c1ccccc1)C(=O)CO,1,train,42
2989,C[C@H]1c2ccccc2[C@@H](CCCN(C)C)c2cc(C(F)(F)F)ccc21,1,train,42
2990,C[C@]12C=C(Br)C(=O)C=C1[C@H](F)C[C@H]1[C@@H]3CCC(O)(C(=O)CO)[C@@]3(C)C[C@H](O)C12F,1,train,42
2991,C[C@]12C=CC(=O)C=C1C(Cl)=C[C@@H]1[C@@H]2[C@@H](O)C[C@@]2(C)[C@H]1CC[C@]2(O)C(=O)CO,1,test,42
2992,C[C@]12CCC(=O)C=C1CC[C@@H]1[C@@H]2[C@@H](O)C[C@@]2(C)[C@H]1CC[C@]2(O)C(=O)COC(=O)CCC(=O)O,1,train,42
2993,C[N+](C)([O-])CCC=C1c2ccccc2CCc2ccccc21,1,train,42
2994,C[N+](C)([O-])CCCN1c2ccccc2CCc2ccccc21,1,train,42
2995,C[N+]1([O-])C2CCC1CC(OC(=O)C(CO)c1ccccc1)C2,1,test,42
2996,C[S+](CC[C@H](N)C(=O)O)C[C@H]1O[C@@H](n2cnc3c(N)ncnc32)[C@H](O)[C@@H]1O,1,train,42
2997,Cc1[nH]ccc2c1[nH]c1cc(=O)ccc12,1,train,42
2998,Cc1cc(-c2ccc(O)cc2)nnc1NCCN1CCOCC1,1,train,42
2999,Cc1cc2c(s1)Nc1ccc(F)cc1N=C2N1CCN(C)CC1,1,train,42
3000,Cc1ccc(C2(O)CCN(CCCC(=O)c3ccc(F)cc3)CC2)cc1,1,train,42
3001,Cc1ccc(Cc2ccccc2)c(N2CCNCC2)c1,1,train,42
3002,Cc1ccc2c(c1)C(N1CCN(C)CC1)=Nc1ccccc1S2,1,val,42
3003,Cc1ccc2c(c1)c1c3n2CCNC3CCC1,1,train,42
3004,Cc1cccc(/C=N\N2CCN(C(c3ccccc3)c3ccccc3)CC2)n1,1,train,42
3005,Cc1cccc(C)c1NC(=O)c1ccc(N)cc1,1,train,42
3006,Cc1cccc(Cc2cnc[nH]2)c1C,1,test,42
3007,Cc1cccc(O[C@H]2CCNC[C@H]2O)c1C,1,test,42
3008,Cc1ccccc1-n1c(C)nc2ccccc2c1=O,1,train,42
3009,Cc1cn[o+]c(C([NH])CC(C)C(C)(C)N(C(C)(C)C)C(C)(N)N)c1O,1,train,42
3010,Cc1nc2ccccc2c(=O)n1-c1ccccc1Cl,1,train,42
3011,Cc1nc2n(n1)C(N1CCN(C)CC1)=Nc1ccccc1C2,1,train,42
3012,Cc1ncc([N+](=O)[O-])n1CC(O)CCl,1,val,42
3013,Cc1nccc2c1[nH]c1ccccc12,1,train,42
3014,Cc1nccn1C(C)c1ccccc1,1,val,42
3015,Cc1nn(C)c2c1C(c1cccc(Cl)c1)=NCCN2,1,train,42
3016,Cc1nnc2n1-c1sc(Br)cc1C(c1ccccc1Cl)=NC2,1,test,42
3017,Clc1ccc(C(OCCN2CCOCC2)c2ccccc2)cc1,1,train,42
3018,Clc1ccc(OCC2=NCCN2)cc1Cl,1,test,42
3019,Clc1ccc2c(c1)C(c1ccccc1)=NCc1nncn1-2,1,val,42
3020,Clc1cccc(Cl)c1NC1=NCCO1,1,train,42
3021,Clc1ccccc1C1=NCc2nnc(C3CCCCC3)n2-c2sc(Br)cc21,1,val,42
3022,Clc1cnn(CCCCN2CCN(c3ncccn3)CC2)c1,1,train,42
3023,Cn1nc(-c2cccnc2)nc1-c1ccccc1CO,1,train,42
3024,FC(F)(F)CCl,1,test,42
3025,FC(F)(F)c1ccc2c(c1)N(CCCN1CCN(C3CC3)CC1)c1ccccc1S2,1,train,42
3026,FC(F)(F)c1ccc2c(c1)N(CCCN1CCN(CCC3OCCCO3)CC1)c1ccccc1S2,1,val,42
3027,Fc1ccc(-c2ccc(CN3CCN(c4cccc5ccoc45)CC3)[nH]2)cc1,1,test,42
3028,Fc1ccc2[nH]c3c(c2c1)CN(CCCc1cccnc1)CC3,1,train,42
3029,Fc1ccccc1C1=NCC(=S)N(CC(F)(F)F)c2ccc(Cl)cc21,1,train,42
3030,N#CCCN1C(=O)C(O)N=C(c2ccccc2F)c2cc(Cl)ccc21,1,train,42
3031,N=C(N=O)c1[nH][nH]c2ccccc2n(Cc2ccccc2)c1O,1,train,42
3032,NC(=O)C1(N2CCCCC2)CCN(CCCC(=O)c2ccc(F)cc2)CC1,1,val,42
3033,NC(=O)C1(N2CCCCC2)CCN(CCCN2c3ccccc3CCc3ccc(Cl)cc32)CC1,1,val,42
3034,NC(=O)C1c2ccccc2CCc2ccccc21,1,test,42
3035,NC(=O)CN1Cc2ccccc2OC1=O,1,train,42
3036,NC(=O)C[S+]([O-])C(c1ccccc1)c1ccccc1,1,train,42
3037,NC(=O)NCCN1CCN(c2cccc(C(F)(F)F)c2)CC1,1,train,42
3038,NC(N)=NCCCOc1ccccc1,1,train,42
3039,N=C1NC(=O)C(c2ccccc2)O1,1,test,42
3040,NC1=NC(C(F)(F)F)(C(F)(F)F)NC1(C(F)(F)F)C(F)(F)F,1,train,42
3041,NC1[C@H]2CN(c3nc4c(cc3F)c(=O)c(C(=O)O)cn4-c3ccc(F)cc3F)C[C@@H]12,1,train,42
3042,NCCC(Oc1ccc(C(F)(F)F)cc1)c1ccccc1,1,train,42
3043,NCCc1nccs1,1,train,42
3044,NS(=O)(=O)c1ccc(C(=O)O)cc1,1,test,42
3045,N[C@@H]1C[C@H]1c1ccccc1,1,train,42
3046,Nc1ccc(S(=O)(=O)N2CC3CCC(CC3)C2)cc1,1,train,42
3047,Nc1cccc(-n2ccccc2=O)c1,1,train,42
3048,Nc1nc2c(ncn2CC[C@@H](O)CO)c(=O)[nH]1,1,train,42
3049,Nc1nc2ncc(CNc3ccc(C(=O)N[C@@H](CCC(=O)O)C(=O)O)cc3)nc2c(=O)[nH]1,1,train,42
3050,Nc1ncc2ncn(COCCO)c2n1,1,val,42
3051,Nn1cnc2cc3ccccc3cc2c1=O,1,train,42
3052,O=C(CCCN1CC=C(n2c(=O)[nH]c3ccccc32)CC1)c1ccc(F)cc1,1,train,42
3053,O=C(CCCN1CCC(C(=O)c2ccc(Cl)cc2)CC1)c1ccc(F)cc1,1,test,42
3054,O=C(CCCN1CCC(C(=O)c2ccc(F)cc2)CC1)c1ccc(F)cc1,1,train,42
3055,O=C(CCCN1CCC(O)(c2ccc(Cl)c(C(F)(F)F)c2)CC1)c1ccc(F)cc1,1,test,42
3056,O=C(CCCN1CCC(O)(c2cccc(C(F)(F)F)c2)CC1)c1ccc(F)cc1,1,train,42
3057,O=C(CCCN1CCC(n2c(=O)[nH]c3ccccc32)CC1)c1ccc(F)cc1,1,val,42
3058,O=C(CCCN1CCN(C(=O)OC2CCCCC2)CC1)c1ccc(F)cc1,1,train,42
3059,O=C(CCCN1CCN(c2ccccn2)CC1)c1ccc(F)cc1,1,test,42
3060,O=C(CCCN1CCN2CCCC2C1)c1ccc(F)cc1,1,test,42
3061,O=C(CCCN1CCN2Cc3[nH]c4ccccc4c3CC2C1)c1ccc(F)cc1,1,train,42
3062,O=C(CCCl)NCc1ccccc1,1,train,42
3063,O=C(CCN1CCN(CCO)CC1)N1c2ccccc2Sc2ccc(C(F)(F)F)cc21,1,val,42
3064,O=C(CN1CCC23CCCCC2C1Cc1ccc(O)cc13)c1ccccc1,1,test,42
3065,O=C(CN1CCCC1=O)NNC(=O)CN1CCCC1=O,1,test,42
3066,O=C(COc1ccc(Cl)cc1)N1CCN(Cc2ccc3c(c2)OCO3)CC1,1,train,42
3067,O=C(COc1ccc(Cl)cc1)OCCNC12CC3CC(CC(C3)C1)C2,1,train,42
3068,O=C(NCCN1CCC(n2c(=O)[nH]c3cc(Cl)ccc32)CC1)c1ccc(F)cc1,1,train,42
3069,O=C(NCCN1CCN(c2ncccn2)CC1)C12CC3CC(CC(C3)C1)C2,1,train,42
3070,O=C(NCCc1ccc(O)c(O)c1)C12CC3CC(CC(C3)C1)C2,1,train,42
3071,O=C(NCc1ccccc1)OCCO,1,train,42
3072,O=C(O)C1CCN1C12CC3CC(CC(C3)C1)C2,1,train,42
3073,O=C(O)CCCCC1SCC2NC(=O)NC21,1,train,42
3074,O=C(O)CCCCCCNC1c2ccccc2CCc2ccccc21,1,train,42
3075,O=C(O)CN1C(=O)c2cccc3cccc(c23)C1=O,1,train,42
3076,O=C(O)c1cc(=O)c2ccccc2[nH]1,1,train,42
3077,O=C(O)c1cc(=O)c2ccccc2o1,1,test,42
3078,O=C(OCC(Cl)(Cl)Cl)OCC(Cl)(Cl)Cl,1,train,42
3079,O=C(c1ccc(F)cc1)C1CCN(CCCN2c3ccccc3Sc3ccc(C(F)(F)F)cc32)CC1,1,test,42
3080,O=C1CC(c2cccc(Br)c2)C(=O)N1,1,test,42
3081,O=C1CC2(CCCC2)CC(=O)N1CCNCC1COc2ccccc2O1,1,train,42
3082,O=C1CCC(=O)N1CC1CCC2CN(c3ncccn3)CCN2C1,1,test,42
3083,O=C1CCC2(CCC(=O)c3ccccc32)C(=O)N1,1,train,42
3084,O=C1CCNc2ccc(Cl)cc2N1c1ccccc1,1,train,42
3085,O=C1CC[C@@]2(O)[C@H]3Cc4ccc(O)c5c4[C@@]2(CCN3CC2CC2)[C@H]1O5,1,train,42
3086,O=C1CN(C(=O)CN2CC(c3ccc(Cl)cc3)CC2=O)CCN1,1,train,42
3087,O=C1CN(O)C(c2ccccc2)=c2cc(Cl)ccc2=N1,1,train,42
3088,O=C1CN2C(=O)CCC2N1,1,train,42
3089,O=C1CN2CCOC2(c2ccccc2F)c2cc(Br)ccc2N1,1,train,42
3090,O=C1CN2CCOC2(c2ccccc2F)c2cc(Cl)ccc2N1CCO,1,train,42
3091,O=C1CN=C(c2ccccc2)c2c(sc3c2CCCC3)N1,1,val,42
3092,O=C1CN=C(c2ccccc2)c2cc(Cl)ccc2N1CCOCC1CC1,1,train,42
3093,O=C1CN=C(c2ccccc2Cl)c2cc([N+](=O)[O-])ccc2N1,1,train,42
3094,O=C1CN=C(c2ccccn2)c2cc(Br)ccc2N1,1,val,42
3095,O=C1CSC2(CCN(CCCN3c4ccccc4Sc4ccc(Cl)cc43)CC2)N1,1,test,42
3096,O=C1C[C@H]2SC(C3(O)CN4C(=O)C[C@H]4S3)CN12,1,train,42
3097,O=C1N(c2ccccc2)c2ccccc2C1(Cc1ccncc1)Cc1ccncc1,1,train,42
3098,O=C1NC(=NC2CC2)OC1c1ccccc1,1,train,42
3099,O=C1NC(=O)C2(c3ccc(Cl)cc3)CC12,1,train,42
3100,O=C1NC(c2ccccc2)(c2ccccc2)C(=O)N1COP(=O)(O)O,1,val,42
3101,O=C1NC2CCCCN2C12CCN(CCCN1c3ccccc3CCc3ccc(Cl)cc31)CC2,1,val,42
3102,O=C1NCCN1C1CCN(CCC2COc3ccccc3O2)CC1,1,train,42
3103,O=C1NCN(c2ccccc2)C12CCN(CCCC(c1ccc(F)cc1)c1ccc(F)cc1)CC2,1,train,42
3104,O=C1Nc2ccc(Cl)nc2C(c2ccccc2Cl)=NC1O,1,train,42
3105,O=C1OCCC1C1(O)CCN(CCCN2c3ccccc3Sc3ccc(Cl)cc32)CC1,1,test,42
3106,O=C1[C@@H]2[C@H]3CC[C@H](C3)[C@@H]2C(=O)N1CCCCN1CCN(c2ncccn2)CC1,1,train,42
3107,O=C1c2ccccc2S(=O)(=O)N1CCCCN1CCN(c2ncccn2)CC1,1,val,42
3108,O=c1[nH]c2cc(Cl)ccc2n1C1CCN(CC2COc3ccccc3O2)CC1,1,train,42
3109,O=c1[nH]c2cc(Cl)ccc2n1C1CCN(CCCC(c2ccc(F)cc2)c2ccc(F)cc2)CC1,1,train,42
3110,O=c1[nH]c2cc(Cl)ccc2o1,1,val,42
3111,O=c1[nH]c2ccccc2c(=O)n1CCCN1CCN(c2cccc(Cl)c2)CC1,1,test,42
3112,O=c1[nH]c2ccccc2c(=O)n1CCN1C[C@H]2C[C@H](c3ccc(F)cc3)[C@H]2C1,1,train,42
3113,O=c1[nH]c2ccccc2n1C1CCN(CCCC(c2ccc(F)cc2)c2ccc(F)cc2)CC1,1,train,42
3114,O=c1[nH]c2ccccc2n1C1CCN(CCCc2noc3cc(F)ccc23)CC1,1,train,42
3115,O=c1[nH]c2ccccc2n1C1CCN(CCOc2ccccc2)CC1,1,train,42
3116,O=c1[nH]oc2c1CCNC2,1,train,42
3117,O=c1cc[nH]nc1,1,train,42
3118,O=c1ccn(C2OC(CO)C(O)C2O)c(=O)[nH]1,1,val,42
3119,OC(C1=NCCN1)(c1ccc(Cl)cc1)c1ccccn1,1,train,42
3120,OC(CCCN1CCc2c(c3cc(F)ccc3n2-c2ccc(F)cc2)C1)c1ccc(F)cc1,1,train,42
3121,OC(CCN1CCCC1)(c1ccccc1)C1CCCCC1,1,train,42
3122,OC(c1ccccc1)(c1ccccc1)C1CC1c1ccncc1,1,train,42
3123,OC(c1ccccc1)(c1ccccc1)C1CCNCC1,1,train,42
3124,OC1(c2ccc(Cl)cc2)c2ccccc2C2=NCCN21,1,train,42
3125,OC1CCN(c2ccc(-c3ccc(Cl)cc3Cl)nn2)CC1,1,val,42
3126,OCCCN1CCN(CCCC2c3ccccc3Sc3ccc(Cl)cc32)CC1,1,test,42
3127,OCCN1C=CN(CCCN2c3ccccc3C=Cc3ccccc32)C=CC1,1,test,42
3128,OCCN1CCCN(CCCN2c3ccccc3Sc3cc(C(F)(F)F)ccc32)CC1,1,test,42
3129,OCCN1CCN(CC/C=C2/c3ccccc3Sc3ccc(C(F)(F)F)cc32)CC1,1,train,42
3130,OCCN1CCN(CC/C=C2/c3ccccc3Sc3ccc(Cl)cc32)CC1,1,test,42
3131,OCCN1CCN(CCCN2c3cc(C(F)(F)F)ccc3Sc3sccc32)CC1,1,train,42
3132,OCCOC1CCN(CCCN2c3ccccc3Sc3ccc(C(F)(F)F)cc32)CC1,1,val,42
3133,OCCOCCOCCN1CCN(C(c2ccccc2)c2ccc(Cl)cc2)CC1,1,train,42
3134,OC[C@@H](O)[C@H]1OC2O[C@H](C(Cl)(Cl)Cl)O[C@@H]2[C@H]1O,1,train,42
3135,OC[C@H]1O[C@@H](n2cnc3c2NC=NC[C@H]3O)C[C@@H]1O,1,train,42
3136,Oc1ccc2c(c1)C13CCN(CC4CC4)C(C2)C1CCOC3,1,train,42
3137,Oc1ccc2c3c1OC1C(O)CCC4(O)C(C2)N(CC2CCC2)CCC314,1,train,42
3138,Oc1ccccc1-c1nnco1,1,train,42
3139,c1cc2c(c(N3CCNCC3)c1)OCCO2,1,val,42
3140,c1ccc(C2(c3ccccc3)OC[C@H]([C@@H]3CCCCN3)O2)cc1,1,train,42
3141,c1ccc(C2CCN(CC3CCCc4c3ccc3c4OCO3)C2)cc1,1,train,42
3142,c1ccc(C2CN=C3NCCN32)cc1,1,train,42
3143,c1ccc(CC2NCCc3c2[nH]c2ccccc32)cc1,1,train,42
3144,c1ccc(Cn2cc(CCc3ccncc3)c3ccccc32)cc1,1,train,42
3145,c1ccc([C@@H]2CN3CCSC3=N2)cc1,1,train,42
3146,c1ccc2c(c1)CCN1CCNCC21,1,test,42
3147,c1ccc2c(c1)cc1n2CCCNC1,1,train,42
3148,c1cnc(N2CCN(Cc3ccc4c(c3)OCO4)CC2)nc1,1,test,42
3149,CC(C(O)c1ccc(O)cc1)N1CCC(Cc2ccccc2)CC1,1,train,42
3150,CC1=NN=C(c2ccc(N)cc2)c2cc3c(cc2C1)OCO3,1,train,42
3151,CCCCOCCOC(=O)COc1ccc(Cl)cc1C,1,val,42
3152,CCCN1CCC[C@@H]2Cc3[nH]ncc3C[C@H]21,1,train,42
3153,CCN1CCC[C@H]1CNC(=O)c1c(O)c(Cl)cc(Cl)c1OC,1,train,42
3154,CCOC(=O)C(N)/C=C(\C)CP(=O)(O)O,1,test,42
3155,CN(C(=O)Cc1ccc(Cl)c(Cl)c1)[C@@H]1CCCC[C@H]1N1CCCC1,1,train,42
3156,CN(C(=O)Cc1cccc2sccc12)[C@@H]1CCCC[C@H]1N1CCCC1,1,train,42
3157,CN1CCc2cc(Cl)c(O)cc2[C@@H](c2ccccc2)C1,1,train,42
3158,COCc1c(C(=O)OC(C)C)ncc2[nH]c3ccc(OCc4ccccc4)cc3c12,1,train,42
3159,Cc1[nH]c(-c2ccccc2)nc1CC#N,1,train,42
3160,Cc1cc(Cl)ccc1OC(C)C(=O)O,1,test,42
3161,NCC(CP(=O)(O)O)c1ccc(Cl)cc1,1,train,42
3162,NCC(CS(=O)(=O)O)c1ccc(Cl)cc1,1,train,42
3163,c1ccc2nc(N3CCNCC3)ccc2c1,1,train,42
3164,C#CC1(O)CC[C@H]2[C@H]3CCC4=Cc5c(cnn5-c5ccc(F)cc5)CC4(C)[C@H]3CCC21C,1,train,42
3165,C#CC1(O)CC[C@H]2[C@@H]3[C@H](CCC21C)C1=C(CC(=O)CC1)C[C@@H]3C,1,train,42
3166,C#CC1(OC[C@@H](O)CN2CCN(c3ccc(F)cc3)CC2)CCCCC1,1,train,42
3167,C#CCN[C@H]1CCc2ccccc21,1,train,42
3168,C/C(=C(/CCOP(=O)(O)O)SC(=O)c1ccccc1)N(C=O)Cc1cnc(C)nc1N,1,train,42
3169,C/C=C(/CC)C(=O)NC(N)=O,1,train,42
3170,C/C=C/C(=O)N(CCC)[C@@H](CC)C(=O)N(C)C,1,train,42
3171,C/C=C/[C@@H]1OC2(C(=O)COC(=O)c3ccncc3)CCC3(O1)[C@H]1CCC4=CC(=O)CCC4(C)[C@H]1[C@@H](O)CC23C,1,train,42
3172,C/C=C\[C@@H]1OC2(C(=O)COC(=O)c3ccncc3)CCC3(O1)[C@H]1CCC4=CC(=O)CCC4(C)[C@H]1[C@@H](O)CC23C,1,test,42
3173,C1=C(C=C2NCCN2)CCc2ccccc21,1,train,42
3174,C1=NC[C@H](CC2=Cc3ccccc3CC2)N1,1,train,42
3175,C=C(C)[C@H]1CCC(C)=C[C@@H]1c1c(O)cc(CCCCC)cc1O,1,train,42
3176,C=C1CCC2(O)C3Cc4ccc(O)c5c4C2(CCN3CC2CC2)C1O5,1,train,42
3177,C=C1C[C@H](C)[C@@H]2C3Cc4ccc(O)cc4C2(CCN3CC2CCC2)C1,1,train,42
3178,C=C1C[C@H]2[C@@H]3C=CC4=CC(=O)CCC4(C)[C@H]3C(O)CC2(C)C1(O)C(=O)CO,1,train,42
3179,C=C1C[C@H]2[C@@H]3CCC4=CC(=O)C=CC4(C)C3(F)[C@@H](O)CC2(C)C1(O)C(=O)CO,1,train,42
3180,C=C1C[C@H]2[C@@H]3CCC4=CC(=O)C=CC4(C)[C@H]3[C@@H](O)CC2(C)C1(O)C(=O)CO,1,train,42
3181,C=CC1([C@@H](C)CCC)C(=O)NC(=O)NC1=O,1,train,42
3182,C=CC1CN2CCC1C[C@H]2[C@@H](O)c1ccnc2ccc(OC)cc12,1,train,42
3183,C=CC1O[C@H]2C[C@H]3[C@@H]4CCC5=CC(=O)C=CC5(C)C4(F)C(O)CC3(C)C2(C(=O)CO)O1,1,train,42
3184,C=CCC1([C@@H](C)C#CCC)C(=O)NC(=O)N(C)C1=O,1,val,42
3185,C=CCC1([C@@H](C)CCC)C(=O)NC(=O)NC1=O,1,train,42
3186,C=CCC1([C@@H](C)CCC)C(=O)NC(=S)NC1=O,1,train,42
3187,C=CCC1([C@@H]2C=CCCC2)C(=O)NC(=S)NC1=O,1,train,42
3188,C=CCN1C(=O)O[C@@H](C)C1=O,1,train,42
3189,C=CCN1CCC23CCCC[C@@H]2C1Cc1ccc(O)cc13,1,train,42
3190,C=CCN1CCC23c4c5ccc(O)c4O[C@@H]2C(=O)CCC3(O)C1C5,1,train,42
3191,C=CCN1CCC23c4c5ccc(O)c4O[C@@H]2C2(OC)C=CC3(CC2C(C)(O)CCC)C1C5,1,train,42
3192,C=CCN1CCC23c4c5ccc(O)c4O[C@@H]2C2(OC)C=CC3(C[C@H]2C(C)(O)CCC)C1C5,1,train,42
3193,C=CCN1CCC23c4c5ccc(O)c4O[C@@H]2[C@@H](O)C=C[C@@H]3C1C5,1,train,42
3194,C=CCN1CCC23c4c5ccc(OC(C)=O)c4O[C@@H]2C(OC(C)=O)C=C[C@@H]3C1C5,1,val,42
3195,C=CCN1CCC[C@H]1CNC(=O)c1cc(S(N)(=O)=O)cc(OC)c1OC,1,train,42
3196,C=CCN1C[C@@H](C(=O)N(CCCN(C)C)C(=O)NCC)C[C@H]2c3cccc4[nH]cc(c34)C[C@@H]21,1,train,42
3197,C=CC[C@H](N)Cc1ccccc1,1,train,42
3198,C=CCc1ccccc1OC[C@@H](O)CNC(C)C,1,train,42
3199,CC(=O)C1(O)C(O)C[C@H]2[C@@H]3CCC4=CC(=O)C=CC4(C)C3(F)[C@@H](O)CC21C,1,train,42
3200,CC(=O)C1(O)CC[C@H]2[C@@H]3CCC4=CC(=O)C=CC4(C)[C@H]3[C@@H](O)CC21C,1,train,42
3201,CC(=O)C1(O)CC[C@H]2[C@@H]3C[C@H](C)C4=CC(=O)C=CC4(C)C3(F)[C@@H](O)CC21C,1,train,42
3202,CC(=O)C1(O)[C@@H](C)C[C@H]2[C@@H]3CCC4=CC(=O)C=CC4(C)C3(F)[C@@H](O)CC21C,1,train,42
3203,CC(=O)C1(O)[C@@H](O)C[C@H]2[C@H]3CCC4=CC(=O)CCC4(C)[C@H]3CCC21C,1,train,42
3204,CC(=O)C12OC(C)(C)O[C@H]1C[C@H]1[C@@H]3CCC4=CC(=O)C=CC4(C)C3(F)C(O)CC12C,1,test,42
3205,CC(=O)C12OC(C)(C)O[C@H]1C[C@H]1[C@H]3CCC4=CC(=O)CCC4(C)[C@H]3CCC12C,1,train,42
3206,CC(=O)C1CC[C@H]2[C@@H]3CC=C4C[C@@H](OC(=O)CCC(=O)O)CCC4(C)[C@H]3CCC12C,1,val,42
3207,CC(=O)C1CC[C@H]2[C@@H]3CCC4=CC(=O)CCC4(C)[C@H]3CCC12C,1,test,42
3208,CC(=O)C1CC[C@H]2[C@@H]3C[C@H](C)C4=CC(=O)C=CC4(C)[C@H]3[C@@H](O)CC12C,1,val,42
3209,CC(=O)C1CC[C@H]2[C@@H]3C[C@H](C)C4=CC(=O)CCC4(C)[C@H]3[C@@H](O)CC12C,1,test,42
3210,CC(=O)C1CC[C@H]2[C@@H]3C[C@H](O)C45CC4CCC5(C)[C@H]3CCC12C,1,val,42
3211,CC(=O)CC(=O)C1(O)CC[C@H]2[C@@H]3CCC4=CC(=O)C=CC4(C)C3(Cl)[C@@H](Cl)CC21C,1,train,42
3212,CC(=O)CC(=O)C12OC(C)(C)O[C@H]1C[C@H]1[C@@H]3CC(C#N)=C4C=C(OCCCl)CCC4(C)C3(F)C(O)CC12C,1,train,42
3213,CC(=O)OC1(C(C)=O)CC[C@H]2[C@@H]3C[C@H](C)C4=CC(=O)C=CC4(C)C3(F)[C@@H](O)CC21C,1,train,42
3214,CC(=O)OCC(=O)C1(O)CC[C@H]2[C@@H]3CCC4=CC(=O)C=CC4(C)C3(Cl)[C@@H](Cl)CC21C,1,train,42
3215,CC(=O)OCC(=O)C1(O)CC[C@H]2[C@@H]3CCC4=CC(=O)C=CC4(C)C3(F)[C@@H](O)CC21C,1,train,42
3216,CC(=O)OCC(=O)C1(O)CC[C@H]2[C@@H]3CCC4=CC(=O)C=CC4(C)[C@H]3[C@@H](O)CC21C,1,train,42
3217,CC(=O)OCC(=O)C1(O)CC[C@H]2[C@@H]3CCC4=CC(=O)CCC4(C)C3(F)[C@@H](O)CC21C,1,train,42
3218,CC(=O)OCC(=O)C1(O)CC[C@H]2[C@@H]3CCC4=CC(=O)CCC4(C)[C@H]3C(=O)CC21C,1,train,42
3219,CC(=O)OCC(=O)C1(O)CC[C@H]2[C@@H]3CCC4=CC(=O)CCC4(C)[C@H]3[C@@H](O)CC21C,1,train,42
3220,CC(=O)OCC(=O)C1(O)CC[C@H]2[C@@H]3C[C@H](C)C4=CC(=O)C=CC4(C)[C@H]3[C@@H](O)CC21C,1,train,42
3221,CC(=O)OCC(=O)C1(O)CC[C@H]2[C@@H]3C[C@H](Cl)C4=CC(=O)C=CC4(C)[C@H]3C(=O)CC21C,1,train,42
3222,CC(=O)OCC(=O)C1(O)[C@@H](C)C[C@H]2[C@@H]3C=C(C)C4=Cc5c(cnn5-c5ccccc5)CC4(C)[C@H]3[C@@H](O)CC21C,1,train,42
3223,CC(=O)OCC(=O)C1(O)[C@@H](C)C[C@H]2[C@@H]3CC(F)(F)C4=CC(=O)C=CC4(C)C3(F)[C@@H](O)CC21C,1,train,42
3224,CC(=O)OCC(=O)C1(O)[C@@H](C)C[C@H]2[C@@H]3CCC4=CC(=O)C=CC4(C)C3(F)[C@@H](O)CC21C,1,train,42
3225,CC(=O)OCC(=O)C1(O)[C@@H](C)C[C@H]2[C@@H]3C[C@H](F)C4=CC(=O)C=CC4(C)[C@H]3C(O)CC21C,1,train,42
3226,CC(=O)OCC(=O)C1(O)[C@@H](C)C[C@H]2[C@@H]3C[C@H](F)C4=CC(=O)C=CC4(C)[C@H]3[C@@H](O)CC21C,1,train,42
3227,CC(=O)OCC(=O)C1(O)[C@@H](OC(C)=O)C[C@H]2[C@@H]3CCC4=CC(=O)C=CC4(C)C3(F)[C@@H](O)CC21C,1,train,42
3228,CC(=O)OCC(=O)C1(OC(=O)C(C)C)[C@@H](C)C[C@H]2[C@@H]3CCC4=CC(=O)C=CC4(C)C3(F)[C@@H](O)CC21C,1,train,42
3229,CC(=O)OCC(=O)C1(OC(=O)c2ccco2)[C@@H](C)C[C@H]2[C@@H]3CCC4=CC(=O)C=CC4(C)C3(F)[C@@H](O)CC21C,1,train,42
3230,CC(=O)OCC(=O)C1(OC(C)=O)CC[C@H]2[C@@H]3C[C@H](F)C4=CC(=O)C(Br)=CC4(C)C3(F)[C@@H](O)CC21C,1,train,42
3231,CC(=O)OCC(=O)C1(OC(C)=O)[C@@H](C)C[C@H]2[C@@H]3C[C@H](F)C4=CC(=O)C=CC4(C)C3(F)[C@@H](O)CC21C,1,test,42
3232,CC(=O)OCC(=O)C12N=C(C)O[C@H]1C[C@H]1[C@@H]3CCC4=CC(=O)C=CC4(C)C3(F)C(O)CC12C,1,train,42
3233,CC(=O)OCC(=O)C12N=C(C)O[C@H]1C[C@H]1[C@@H]3CCC4=CC(=O)C=CC4(C)[C@H]3C(O)CC12C,1,train,42
3234,CC(=O)OCC(=O)C12OC(C)(C)O[C@H]1C[C@H]1[C@@H]3CC(C#N)=C4C=C(OCCCl)CCC4(C)C3(F)C(O)CC12C,1,train,42
3235,CC(=O)OCC(=O)C12OC(C)(C)O[C@H]1C[C@H]1[C@@H]3CC(C=O)=C4C=C(OCCCl)CCC4(C)C3(F)C(O)CC12C,1,val,42
3236,CC(=O)OCC(=O)C12OC(C)(C)O[C@H]1C[C@H]1[C@@H]3C[C@H](F)C4=CC(=O)C=CC4(C)C3(F)C(O)CC12C,1,train,42
3237,CC(=O)OCC(=O)C12OC(C)(C)O[C@H]1C[C@H]1[C@@H]3C[C@H](F)C4=CC(=O)C=CC4(C)[C@H]3C(O)CC12C,1,train,42
3238,CC(=O)OCC(=O)C12OC3(CCCC3)O[C@H]1C[C@H]1[C@@H]3CCC4=CC(=O)C=CC4(C)C3(F)C(O)CC12C,1,test,42
3239,CC(=O)OCC(=O)C12OC3(CCCC3)O[C@H]1C[C@H]1[C@@H]3CCC4=CC(=O)C=CC4(C)C3(F)[C@@H](O)CC12C,1,train,42
3240,CC(=O)OCC(=O)C1[C@@H](C)C[C@H]2[C@@H]3C[C@H](F)C4=CC(=O)C=CC4(C)C3(Cl)[C@@H](O)CC12C,1,train,42
3241,CC(=O)OCC1=CO[C@@H](OC(=O)CC(C)(C)OC(C)=O)[C@H]2C1=C[C@H](OC(=O)CC(C)C)C21CO1,1,train,42
3242,CC(=O)OCC1=CO[C@@H](OC(=O)CC(C)C)[C@H]2C1=C[C@H](OC(=O)CC(C)(C)OC(C)=O)C21CO1,1,train,42
3243,CC(=O)OCC1=CO[C@@H](OC(=O)CC(C)C)[C@H]2C1=C[C@H](OC(=O)CC(C)C)C21CO1,1,train,42
3244,CC(=O)O[C@@H](C)C(=O)C1(O)CC[C@H]2[C@@H]3CCC4=CC(=O)C=CC4(C)C3(F)[C@@H](O)CC21C,1,val,42
3245,CC(=O)O[C@H]1CCC2(C)[C@H]3CCC4(C)C(C(C)CCCC(C)C)CC[C@H]4[C@@H]3C[C@H](Br)C2(Br)C1,1,train,42
3246,CC(=O)O[C@H]1CCC2(C)[C@H]([C@@H]1Br)[C@@H](Br)C[C@H]1[C@@H]3CCC(C(C)CCCC(C)C)C3(C)CC[C@@H]12,1,train,42
3247,CC(=O)O[C@H]1C[C@@H]2C(COC(=O)CC(C)C)=CO[C@@H](OC(=O)CC(C)C)[C@@H]2C12CO2,1,train,42
3248,CC(=O)Oc1ccc2c3c1O[C@@H]1C(OC(C)=O)C=C[C@@H]4C(C2)N(C)CCC341,1,train,42
3249,CC(=O)[C@H]1CC[C@H]2[C@@H]3CC[C@H]4C[C@@H](O)CCC4(C)[C@H]3C(=O)CC12C,1,train,42
3250,CC(=O)[C@H]1CC[C@H]2[C@H]3CC[C@H]4CC(C)(O)CCC4(C)[C@H]3CCC12C,1,train,42
3251,CC(=O)[C@H]1CC[C@H]2[C@H]3CC[C@H]4C[C@@H](O)CCC4(C)[C@H]3CCC12C,1,train,42
3252,CC(=O)c1ccc([C@H](O)[C@H](CO)NC(=O)C(Cl)Cl)cc1,1,train,42
3253,CC(C)(C)C(=O)SCC(=O)C1(O)CC[C@H]2[C@@H]3CCC4=CC(=O)CCC4(C)[C@H]3[C@@H](O)CC21C,1,train,42
3254,CC(C)(C)C1(O)CCN2C[C@H]3c4ccccc4CCc4cccc(c43)[C@@H]2C1,1,train,42
3255,CC(C)(C)CC(=O)OCC(=O)C1(O)CC[C@H]2[C@@H]3CCC4=CC(=O)C=CC4(C)[C@H]3C(O)CC21C,1,train,42
3256,CC(C)(C)CC(=O)OCC(=O)C1(O)CC[C@H]2[C@@H]3CCC4=CC(=O)C=CC4(C)[C@H]3[C@@H](O)CC21C,1,train,42
3257,CC(C)(C)CC(=O)OCC(=O)C12OC(C)(C)O[C@H]1C[C@H]1[C@@H]3CC4=CC(=O)C=CC4(C)C3(F)[C@@H](O)CC12C,1,val,42
3258,CC(C)(C)CC(=O)OCC(=O)C12OC(C)(C)O[C@H]1C[C@H]1[C@@H]3CCC4=CC(=O)C=CC4(C)C3(F)C(O)CC12C,1,train,42
3259,CC(C)(C)NC(=O)[C@@H]1CN(Cc2cccnc2)CCN1C[C@@H](O)C[C@H](Cc1ccccc1)C(=O)N[C@H]1c2ccccc2CC1O,1,train,42
3260,CC(C)(C)NC(=O)[C@@H]1C[C@@H]2CCCC[C@@H]2CN1C[C@H](O)[C@H](Cc1ccccc1)NC(=O)[C@H](CC(N)=O)NC(=O)c1ccc2ccccc2n1,1,train,42
3261,CC(C)(C)NC[C@@H](O)c1ccccc1F,1,train,42
3262,CC(C)(C)NC[C@H](O)COc1cccc2c1CCC(=O)N2,1,train,42
3263,CC(C)(C)NC[C@H](O)COc1ccccc1C#N,1,test,42
3264,CC(C)(C)OC(=O)c1ncn2c1[C@@H]1CCCN1C(=O)c1cc(Br)ccc1-2,1,train,42
3265,CC(C)(C)[C@@H](O)/C=C\c1ccc2c(c1)OCO2,1,val,42
3266,CC(C)(C)[N+](O)=Cc1cc[n+]([O-])cc1,1,train,42
3267,CC(C)(C)c1ccc(CN2CCN([C@@H](c3ccccc3)c3ccc(Cl)cc3)CC2)cc1,1,train,42
3268,CC(C)(C)c1ccc(OC(F)(F)F)c(CN[C@H]2CCCN[C@H]2c2ccccc2)c1,1,train,42
3269,CC(C)(C)c1ccc([C@@H](O)CCCN2CCC(C(O)(c3ccccc3)c3ccccc3)CC2)cc1,1,train,42
3270,CC(C)(CO)[C@H](O)C(=O)NCCCC(=O)O,1,train,42
3271,CC(C)=CCN1CCC2(C)c3cc(O)ccc3C[C@H]1[C@H]2C,1,train,42
3272,CC(C)=CCN1CCC23c4c5ccc(O)c4OC2C(=O)CCC3(O)C1C5,1,val,42
3273,CC(C)=CCN1CCC23c4c5ccc(O)c4O[C@@H]2C(=O)CCC3(O)C1C5,1,train,42
3274,CC(C)C(=O)OCC(=O)C12O[C@@H](C3CCCCC3)O[C@H]1C[C@H]1[C@@H]3CCC4=CC(=O)C=CC4(C)[C@H]3C(O)CC12C,1,val,42
3275,CC(C)C1(C(C)C)OC[C@H](CO)O1,1,train,42
3276,CC(C)C1(O)CCN2C[C@H]3c4ccccc4CCc4cccc(c43)[C@@H]2C1,1,train,42
3277,CC(C)CCNC[C@H]1COc2ccccc2O1,1,train,42
3278,CC(C)CCO[C@H](CN1CCCC1)c1ccccc1,1,train,42
3279,CC(C)CN(C[C@H](O)[C@H](Cc1ccccc1)NC(=O)OC1CCOC1)S(=O)(=O)c1ccc(N)cc1,1,val,42
3280,CC(C)N1CCO[C@@H](c2ccc(C(F)(F)F)cc2)C1,1,train,42
3281,CC(C)N1CCO[C@@H](c2cccc(C(F)(F)F)c2)C1,1,test,42
3282,CC(C)NC1C2CCC(CC2)C1(O)c1ccc(Cl)c(Cl)c1,1,test,42
3283,CC(C)NC[C@H](O)COc1ccc(CCOCC2CC2)cc1,1,train,42
3284,CC(C)NC[C@H](O)COc1cccc2[nH]ccc12,1,val,42
3285,CC(C)Oc1ccc(OC(F)(F)F)cc1CN[C@H]1CCCN[C@H]1c1ccccc1,1,train,42
3286,CC(C)[C@H](Br)C(=O)NC(N)=O,1,train,42
3287,CC(C)[C@H](N)C(=O)OC[C@H](CO)OCn1cnc2c(=O)[nH]c(N)nc21,1,train,42
3288,CC(C)n1cc2c3c(cccc31)[C@@H]1C[C@H](C(=O)NC3CCCCC3)CN(C)[C@H]1C2,1,test,42
3289,CC(Cc1ccccc1)N1CC(NC(=O)Nc2ccccc2)[O+]N1,1,train,42
3290,CC1(C)NC(=O)[C@H](/C=C\c2ccccc2)O1,1,val,42
3291,CC1(C)O[C@H]2[C@H](COC3(COS(N)(=O)=O)OC(C)(C)O[C@@H]23)O1,1,train,42
3292,CC1(C)O[C@H]2C[C@H]3[C@@H]4CC5=CC(=O)C=CC5(C)C4(F)[C@@H](O)CC3(C)C2(C(=O)COC(=O)c2cc3ccccc3o2)O1,1,train,42
3293,CC1(C)O[C@H]2C[C@H]3[C@@H]4CCC5=CC(=O)C=CC5(C)C4(F)C(O)CC3(C)C2(C(=O)CO)O1,1,train,42
3294,CC1(C)O[C@H]2C[C@H]3[C@@H]4CCC5=CC(=O)C=CC5(C)C4(F)C(O)CC3(C)C2(C(=O)COC(=O)c2cc3ccccc3o2)O1,1,train,42
3295,CC1(C)O[C@H]2C[C@H]3[C@@H]4CCC5=CC(=O)C=CC5(C)[C@H]4C(O)CC3(C)C2(C(=O)CO)O1,1,val,42
3296,CC1(C)O[C@H]2C[C@H]3[C@@H]4CCC5=CC(=O)C=CC5(C)[C@H]4[C@@H](O)CC3(C)C2(C(=O)CO)O1,1,train,42
3297,CC1(C)O[C@H]2C[C@H]3[C@@H]4CCC5=CC(=O)CCC5(C)C4(F)C(O)CC3(C)C2(C(=O)CCl)O1,1,train,42
3298,CC1(C)O[C@H]2C[C@H]3[C@@H]4CC[C@H]5CC(=O)CCC5(C)C4(F)C(O)CC3(C)C2(C(=O)CO)O1,1,train,42
3299,CC1(C)O[C@H]2C[C@H]3[C@@H]4CC[C@H]5CC(=O)CCC5(C)C4(F)[C@@H](O)CC3(C)C2(C(=O)CO)O1,1,train,42
3300,CC1(C)O[C@H]2C[C@H]3[C@@H]4C[C@H](F)C5=CC(=O)C=CC5(C)C4(Cl)[C@@H](Cl)CC3(C)C2(C(=O)CCl)O1,1,train,42
3301,CC1(C)O[C@H]2C[C@H]3[C@@H]4C[C@H](F)C5=CC(=O)C=CC5(C)C4(Cl)[C@@H](Cl)CC3(C)C2(C(=O)CF)O1,1,train,42
3302,CC1(C)O[C@H]2C[C@H]3[C@@H]4C[C@H](F)C5=CC(=O)C=CC5(C)C4(Cl)[C@@H](Cl)CC3(C)C2(C(=O)CO)O1,1,train,42
3303,CC1(C)O[C@H]2C[C@H]3[C@@H]4C[C@H](F)C5=CC(=O)C=CC5(C)C4(F)C(O)CC3(C)C2(C(=O)CO)O1,1,train,42
3304,CC1(C)O[C@H]2C[C@H]3[C@@H]4C[C@H](F)C5=CC(=O)C=CC5(C)C4(F)C(O)CC3(C)C2(C(=O)COC(=O)C2CC2)O1,1,train,42
3305,CC1(C)O[C@H]2C[C@H]3[C@@H]4C[C@H](F)C5=CC(=O)C=CC5(C)[C@H]4C(O)CC3(C)C2(C(=O)CO)O1,1,train,42
3306,CC1(C)O[C@H]2C[C@H]3[C@@H]4C[C@H](F)C5=CC(=O)CCC5(C)[C@H]4[C@@H](O)CC3(C)C2(C(=O)CO)O1,1,train,42
3307,CC1(c2ccccc2)O[C@H]2C[C@H]3[C@@H]4CCC5=CC(=O)C=CC5(C)C4(F)C(O)CC3(C)C2(C(=O)CO)O1,1,test,42
3308,CC12C=C(Br)C(=O)C=C1[C@@H](F)C[C@H]1[C@@H]3CCC(O)(C(=O)CO)C3(C)C[C@H](O)C12F,1,train,42
3309,CC12C=CC(=O)C=C1C(Cl)=C[C@@H]1[C@@H]2[C@@H](O)CC2(C)[C@H]1CCC2(O)C(=O)CO,1,test,42
3310,CC12C=CC(=O)C=C1CC[C@@H]1[C@@H]2C(=O)CC2(C)[C@H]1CCC2(O)C(=O)CO,1,train,42
3311,CC12C=CC(=O)C=C1CC[C@@H]1[C@@H]2[C@@H](O)CC2(C)[C@H]1CCC2(O)C(=O)CO,1,train,42
3312,CC12C=CC(=O)C=C1CC[C@@H]1[C@@H]2[C@@H](O)CC2(C)[C@H]1CCC2(O)C(=O)COC(=O)CCC(=O)O,1,train,42
3313,CC12C=CC(=O)C=C1CC[C@H]1[C@@H]3CCC(O)(C(=O)CO)C3(C)C[C@H](Cl)C12Cl,1,train,42
3314,CC12C=CC(=O)C=C1CC[C@H]1[C@@H]3CCC(O)(C(=O)CO)C3(C)C[C@H](O)C12F,1,test,42
3315,CC12C=CC(=O)C=C1CC[C@H]1[C@@H]3C[C@H](O)C(O)(C(=O)CO)C3(C)C[C@H](O)C12F,1,val,42
3316,CC12C=CC(=O)C=C1CC[C@H]1[C@@H]3C[C@H]4Cc5ccccc5CC4(C(=O)CO)C3(C)C[C@H](O)C12F,1,test,42
3317,CC12C=CC(=O)C=C1[C@@H](Cl)C[C@@H]1[C@@H]2C(=O)CC2(C)[C@H]1CCC2(O)C(=O)CO,1,test,42
3318,CC12C=CC(=O)C=C1[C@@H](F)C[C@@H]1[C@@H]2[C@@H](O)CC2(C)[C@H]1CCC2(O)C(=O)CO,1,train,42
3319,CC12C=CC(=O)C=C1[C@@H](F)C[C@H]1[C@@H]3C[C@H](O)C(O)(C(=O)CO)C3(C)C[C@H](O)C12F,1,train,42
3320,CC12C=CC(=O)[C@@H]1C(=O)CC[C@@H]1[C@@H]2[C@@H](O)CC2(C)[C@H]1CCC2(O)C(=O)CO,1,test,42
3321,CC12CC(=O)[C@H]3[C@@H](CC[C@H]4C[C@@H](O)CCC43C)[C@@H]1CC[C@@H]2C(=O)CO,1,train,42
3322,CC12CCC(=O)C=C1CC[C@@H]1[C@@H]2C(=O)CC2(C)[C@H]1CCC2(O)C(=O)CO,1,train,42
3323,CC12CCC(=O)C=C1CC[C@@H]1[C@@H]2[C@@H](O)CC2(C)[C@H]1CCC2(O)C(=O)COC(=O)CCC(=O)O,1,train,42
3324,CC12CCC(=O)C=C1CC[C@@H]1[C@@H]2[C@@H](O)CC2(C)[C@H]1CCC2(O)C(=O)COC(=O)CCC1CCCC1,1,train,42
3325,CC12CCC(=O)C=C1CC[C@@H]1[C@@H]2[C@@H](O)CC2(C)[C@H]1CCC2(O)C(=O)CS,1,train,42
3326,CC12CCC(=O)C=C1CC[C@H]1[C@@H]2CCC2(C)C(O)CC[C@@H]12,1,train,42
3327,CC12CCC(=O)C=C1CC[C@H]1[C@@H]2CCC2(C)[C@H]1CCC2(O)C(=O)CO,1,train,42
3328,CC12CCC(=O)C=C1CC[C@H]1[C@@H]3CCC(O)(C(=O)CO)C3(C)C[C@H](O)C12F,1,val,42
3329,CC12CCCCC[C@@H](Cc3ccc(O)cc31)[C@@H]2N,1,train,42
3330,CC12CC[C@@H]3c4ccc(O)cc4CC[C@@H]3[C@@H]1C[C@H](F)C2O,1,train,42
3331,CC12N[C@@H](Cc3ccccc31)c1ccccc12,1,train,42
3332,CC1=CC[C@@H]2C3Cc4ccc(O)c5c4C2(CCN3C)[C@H]1O5,1,train,42
3333,CC1=CC[C@@H]2C3Cc4ccc(O)c5c4C2(CN3C)[C@H]1O5,1,test,42
3334,CC1=C[C@@H]2[C@H]([C@@H](O)CC3(C)[C@H]2C[C@H](C)C3(O)C(=O)COC(=O)c2cccc(S(=O)(=O)O)c2)C2(C)Cc3cnn(-c4ccccc4)c3C=C12,1,train,42
3335,CC1CCNC2C1NC(=O)C1CCCNC1N2C1CC1,1,train,42
3336,CCC(=O)C1(C)[C@@H](C)C[C@H]2[C@@H]3CCC4=CC(=O)C=CC4(C)[C@H]3[C@@H](O)CC21C,1,train,42
3337,CCC(=O)C1(O)CC[C@H]2[C@@H]3CCC4=CC(=O)CCC4(C)[C@H]3[C@@H](O)CC21C,1,test,42
3338,CCC(=O)N(c1ccccc1)C1(C(=O)OC)CCN(CCc2ccccc2)C[C@@H]1C,1,val,42
3339,CCC(=O)OC1(C(=O)CCl)[C@@H](C)C[C@H]2[C@@H]3CCC4=CC(=O)C=CC4(C)C3(F)[C@@H](O)CC21C,1,train,42
3340,CCC(=O)OC1(C(=O)COC(C)=O)CC[C@H]2[C@@H]3CCC4=CC(=O)CCC4(C)[C@H]3[C@@H](O)CC21C,1,train,42
3341,CCC(=O)OC1(C(=O)COC(C)=O)CC[C@H]2[C@@H]3C[C@H](C)C4=CC(=O)C=CC4(C)[C@H]3C(O)CC21C,1,train,42
3342,CCC(=O)OC1(C(=O)COC(C)=O)CC[C@H]2[C@@H]3C[C@H](C)C4=CC(=O)C=CC4(C)[C@H]3[C@@H](O)CC21C,1,train,42
3343,CCC(=O)OC1(C(=O)COC)[C@@H](C)C[C@H]2[C@@H]3CCC4=CC(=O)C=CC4(C)C3(F)[C@@H](O)CC21C,1,train,42
3344,CCC(=O)OC1(C(=O)SC)[C@@H](C)C[C@H]2[C@@H]3C[C@H](F)C4=CC(=O)C=CC4(C)C3(F)C(O)CC21C,1,train,42
3345,CCC(=O)OC1(C(=O)SC)[C@@H](C)C[C@H]2[C@@H]3C[C@H](F)C4=CC(=O)C=CC4(C)C3(F)[C@@H](O)CC21C,1,train,42
3346,CCC(=O)OC1(C(=O)SCCl)[C@@H](C)C[C@H]2[C@@H]3C[C@H](F)C4=CC(=O)C=CC4(C)C3(F)C(O)CC21C,1,train,42
3347,CCC(=O)OC1(C(=O)SCCl)[C@@H](C)C[C@H]2[C@@H]3C[C@H](F)C4=CC(=O)C=CC4(C)C3(F)[C@@H](O)CC21C,1,train,42
3348,CCC(=O)OC1(C(=O)SCF)[C@@H](C)C[C@H]2[C@@H]3C[C@H](F)C4=CC(=O)C=CC4(C)C3(F)C(O)CC21C,1,train,42
3349,CCC(=O)OC1(C(=O)SCF)[C@@H](C)C[C@H]2[C@@H]3C[C@H](F)C4=CC(=O)C=CC4(C)C3(F)[C@@H](O)CC21C,1,train,42
3350,CCC(=O)OC1(c2ccccc2)CCN(C)C[C@@H]1C,1,train,42
3351,CCC(=O)OC1(c2ccccc2)CCN(C)C[C@@H]1CC,1,test,42
3352,CCC(=O)OCC(=O)C1(OC(=O)CC)[C@@H](C)C[C@H]2[C@@H]3CCC4=CC(=O)C=CC4(C)C3(Cl)[C@@H](O)CC21C,1,val,42
3353,CCC(=O)OCC(=O)C1(OC(=O)CC)[C@@H](C)C[C@H]2[C@@H]3CCC4=CC(=O)C=CC4(C)C3(F)[C@@H](O)CC21C,1,val,42
3354,CCC(=O)OCC(=O)C1(OC(=O)CC)[C@@H](C)C[C@H]2[C@H]3[C@H]([C@@H](O)CC21C)C1(C)C=CC(=O)C=C1C[C@@H]3Cl,1,train,42
3355,CCC(=O)OCC(=O)C12OC(C)(C)O[C@H]1C[C@H]1[C@@H]3C[C@H](F)C4=CC(=O)C=CC4(C)C3(F)C(O)CC12C,1,test,42
3356,CCC(=O)c1ccc2c(c1)N(C[C@H](C)N(C)C)c1ccccc1S2,1,train,42
3357,CCC(C)(C)C(=O)O[C@H]1C[C@H](C)C=C2C=C[C@H](C)[C@H](CC[C@H]3C[C@H](O)CC(=O)O3)[C@@H]21,1,train,42
3358,CCC(C)(O)C1CC23C=CC1(OC)[C@H]1Oc4c(OC)ccc5c4C12CCN(CC1CC1)C3C5,1,train,42
3359,CCC(C)[C@H](CC)C(=O)NC(N)=O,1,train,42
3360,CCC(C)[C@H](CC)C(N)=O,1,train,42
3361,CCC1(CC)C(=O)NC[C@H](C)C1=O,1,train,42
3362,CCC1(CC)O[C@H]2C[C@H]3[C@@H]4CCC5=CC(=O)C=CC5(C)C4(F)C(O)CC3(C)C2(C(=O)CO)O1,1,train,42
3363,CCC1(O)CCN2CCc3ccc(C)cc3[C@@H]2C1,1,train,42
3364,CCC1(O)C[C@H]2CN(CCc3c([nH]c4ccccc34)C(C(=O)OC)(c3cc4c(cc3OC)N(C)[C@@H]3C(O)(C(=O)OC)[C@@H](OC(C)=O)C5(CC)C=CCN6CCC43[C@H]65)C2)C1,1,train,42
3365,CCC1(c2ccccc2)OC[C@H]([C@@H]2CCCCN2)O1,1,train,42
3366,CCC12CCN(CC3(O)CC3)[C@@H](Cc3ccc(O)cc31)C2(C)C,1,train,42
3367,CCC12CCN(CC3CC3)[C@@H](Cc3ccc(O)cc31)C2(C)C,1,train,42
3368,CCC12CCN(CC3CCC3)[C@@H](Cc3ccc(O)cc31)C2(C)C,1,train,42
3369,CCC1CC(=O)C2Oc3c(OC)ccc4c3C23CCN(CC2CC2)C(C4)[C@@H]13,1,train,42
3370,CCCC(=O)OC1(C(=O)CCl)[C@@H](C)C[C@H]2[C@@H]3CCC4=CC(=O)C=CC4(C)C3(F)C(=O)CC21C,1,train,42
3371,CCCC(=O)OC1(C(=O)CO)CC[C@H]2[C@@H]3CCC4=CC(=O)CCC4(C)[C@H]3[C@@H](O)CC21C,1,train,42
3372,CCCC(=O)OC1(C(=O)COC(=O)CC)CC[C@H]2[C@@H]3CCC4=CC(=O)CCC4(C)[C@H]3[C@@H](O)CC21C,1,train,42
3373,CCCC(=O)OC1(C(=O)COC(C)=O)CC[C@H]2[C@@H]3C[C@H](C)C4=CC(=O)CCC4(C)[C@H]3[C@@H](O)CC21C,1,train,42
3374,CCCC(=O)OC1(C(=O)COC(C)=O)CC[C@H]2[C@@H]3C[C@H](F)C4=CC(=O)C=CC4(C)C3(F)C(O)CC21C,1,train,42
3375,CCCC(=O)OC1(C(=O)COC(C)=O)CC[C@H]2[C@@H]3C[C@H](F)C4=CC(=O)C=CC4(C)C3(F)[C@@H](O)CC21C,1,train,42
3376,CCCC(=O)OC1(C(=O)COC(C)=O)[C@@H](C)C[C@H]2[C@@H]3CCC4=CC(=O)C=CC4(C)C3(Cl)[C@@H](O)CC21C,1,train,42
3377,CCCC(=O)OC1(C(C)=O)CCC[C@H]2[C@@H]3CCC4=CC(=O)C=CC4(C)[C@H]3C(O)CC21C,1,train,42
3378,CCCC(=O)OCC(=O)C1(OC(=O)CCC)[C@@H](C)C[C@H]2[C@@H]3CCC4=CC(=O)C=CC4(C)C3(Cl)[C@@H](Cl)CC21C,1,train,42
3379,CCCC(C)(O)C1CC23C=CC1(OC)[C@H]1Oc4c(OC(C)=O)ccc5c4C12CCN(C)C3C5,1,val,42
3380,CCCC(C)(O)[C@@H]1CC23C=CC1(OC)[C@H]1Oc4c(O)ccc5c4C12CCN(C)C3C5,1,train,42
3381,CCCC(C)(O)[C@@H]1CC23C=CC1(OC)[C@H]1Oc4c(OC(C)=O)ccc5c4C12CCN(C)C3C5,1,train,42
3382,CCCC1(c2cccc(O)c2)CCN(C)C[C@H]1C,1,train,42
3383,CCCCC(=O)OC1(C(=O)CO)CC[C@H]2[C@@H]3CCC4=CC(=O)C=CC4(C)[C@H]3[C@@H](O)CC21C,1,val,42
3384,CCCCC(=O)OC1(C(=O)CO)CC[C@H]2[C@@H]3CCC4=CC(=O)CCC4(C)[C@H]3[C@@H](O)CC21C,1,train,42
3385,CCCCC(=O)OC1(C(=O)CO)CC[C@H]2[C@@H]3C[C@H](F)C4=CC(=O)C=CC4(C)[C@H]3[C@@H](O)CC21C,1,train,42
3386,CCCCC(=O)OC1(C(=O)CO)[C@@H](C)C[C@H]2[C@@H]3CCC4=CC(=O)C=CC4(C)C3(F)[C@@H](O)CC21C,1,train,42
3387,CCCCCC(=O)CCC1(C)[C@@H]2Cc3ccc(O)cc3C1(C)CCN2C,1,train,42
3388,CCCCCC(=O)OCC(=O)C1[C@@H](C)C[C@H]2[C@@H]3C[C@H](F)C4=CC(=O)C=CC4(C)[C@H]3C(O)CC12C,1,train,42
3389,CCCCCCCCCC1(C)OC[C@@H](COC(N)=O)O1,1,train,42
3390,CCCCCCCCCCCCCC(=O)O[C@H]1C=C[C@@H]2C3Cc4ccc(OCc5ccccc5)c5c4C2(CCN3C)[C@@H]1O5,1,train,42
3391,CCCCCCCCCCCCCCCCCC(=O)OCC(=O)OCC(=O)C1(O)CC[C@H]2[C@@H]3CCC4=CC(=O)C=CC4(C)[C@H]3C(O)CC21C,1,train,42
3392,CCCCCCCNC(=O)Oc1ccc2c(c1)C1(C)CCN(C)[C@H]1N2C,1,train,42
3393,CCCCCC[C@H](C)NN,1,test,42
3394,CCCCCCn1ccc(=O)c(O)c1C,1,train,42
3395,CCCCCNC12C=CC(=O)C3Oc4c(O)ccc5c4C31CCN(C)C2C5,1,train,42
3396,CCCCC[C@H](C)[C@H](C)c1cc(OC(=O)CCCN2CCCCCC2)c2c(c1)OC(C)(C)C1=C2C[C@@H](C)CC1,1,test,42
3397,CCCCCc1cc(O)c2c(c1)OC(C)(C)[C@H]1CCC(C)=C[C@H]21,1,test,42
3398,CCCCN1C(=O)[C@H]2C(=O)N(CCCCN3CCN(c4ccccc4OC)CC3)C(=O)[C@H](C1=O)C2(C)C,1,train,42
3399,CCCCN1C[C@H]2Cc3cc(OC)c(OC)cc3[C@H]2C1,1,train,42
3400,CCCCNC[C@H]1COc2cccc(OCC)c2O1,1,test,42
3401,CCCCOC(=O)C(=O)C1[C@@H](C)C[C@H]2[C@@H]3C[C@H](F)C4=CC(=O)C=CC4(C)[C@H]3C(O)CC12C,1,train,42
3402,CCCCOC[C@H](CN1C(=O)N(C[C@@H](COCCCC)OC(N)=O)C(=O)C(CC)(c2ccccc2)C1=O)OC(N)=O,1,train,42
3403,CCCCOC[C@H](CN1C(=O)NC(=O)C(CC)(c2ccccc2)C1=O)OC(N)=O,1,train,42
3404,CCCC[C@H](CC)CNC(=O)C[C@H](C)O,1,train,42
3405,CCCN(CCC)CCc1ccc(O)c2c1CC(C)=N2,1,val,42
3406,CCCN(CCCCN1C(=O)CC2(CCCC2)CC1=O)[C@@H]1COc2cccc(OC)c2C1,1,train,42
3407,CCCN1C[C@@H](CSC)C[C@H]2c3cccc4[nH]cc(c34)C[C@@H]21,1,train,42
3408,CCCN1C[C@@H](NS(=O)(=O)N(CC)CC)C[C@@H]2Cc3c(O)cccc3C[C@@H]21,1,train,42
3409,CCCNC(=O)N1C[C@H](c2ccccc2)OC1=O,1,train,42
3410,CCC[C@@H](C(=O)c1ccc(C)cc1)N1CCCC1,1,train,42
3411,CCC[C@@H](C)CC,1,train,42
3412,CCC[C@@H](O)Cl,1,val,42
3413,CCC[C@@H]1OC1(CC)C(N)=O,1,train,42
3414,CCC[C@H](C)C1(CC)C(=O)NC(=S)NC1=O,1,train,42
3415,CCC[C@H](CC)C1(CC)C(=O)NC(=O)NC1=O,1,train,42
3416,CCC[C@H](CC)C1(CC)C(=O)NC(=S)NC1=O,1,train,42
3417,CCC[C@H]1O[C@H]2C[C@H]3[C@@H]4CCC5=CC(=O)C=CC5(C)[C@H]4C(O)CC3(C)C2(C(=O)CO)O1,1,train,42
3418,CCC[C@H]1O[C@H]2C[C@H]3[C@@H]4CCC5=CC(=O)C=CC5(C)[C@H]4[C@@H](O)CC3(C)C2(C(=O)CO)O1,1,train,42
3419,CCC[C@H]1O[C@H]2C[C@H]3[C@@H]4C[C@H](F)C5=CC(=O)C=CC5(C)C4(F)C(O)CC3(C)C2(C(=O)O[C@H](C)OC(=O)OCC)O1,1,train,42
3420,CCC[C@H]1O[C@H]2C[C@H]3[C@@H]4C[C@H](F)C5=CC(=O)CCC5(C)C4(F)C(O)CC3(C)C2(C(=O)CO)O1,1,train,42
3421,CCN(CC)C(=O)C1(c2ccccc2)C[C@@H]1CN,1,train,42
3422,CCN(CC)C(=O)C1C2C=CC(C2)C1C(=O)N(CC)CC,1,test,42
3423,CCN(CC)C(=O)N[C@H]1C=C2c3cccc4[nH]cc(c34)C[C@@H]2N(C)C1,1,train,42
3424,CCN(CC)C(=O)N[C@H]1C[C@H]2c3cccc4[nH]cc(c34)C[C@@H]2N(C)C1,1,train,42
3425,CCN(CC)C(=O)[C@H]1CN2CCc3cc(OC)c(OC)cc3[C@@H]2C[C@@H]1OC(C)=O,1,train,42
3426,CCN(CC)C/C=C(\O)N1c2ccccc2Sc2ccc(C(F)(F)F)cc21,1,train,42
3427,CCN(CC)CC(=O)OCC(=O)C1(O)CC[C@H]2[C@@H]3CCC4=CC(=O)C=CC4(C)[C@H]3C(O)CC21C,1,train,42
3428,CCN(CC)CC(=O)OCC(=O)C1(O)CC[C@H]2[C@@H]3CCC4=CC(=O)C=CC4(C)[C@H]3[C@@H](O)CC21C,1,test,42
3429,CCN(CC)CC(=O)OCC(=O)C1(O)CC[C@H]2[C@@H]3CCC4=CC(=O)CCC4(C)[C@H]3[C@@H](O)CC21C,1,train,42
3430,CCN(CC)S(=O)(=O)N[C@H]1C[C@H]2c3cccc4[nH]cc(c34)C[C@@H]2N(C)C1,1,train,42
3431,CCN(CC)[C@@H](C)CN1c2ccccc2Sc2ccccc21,1,train,42
3432,CCN1CCC[C@H]1CNC(=O)c1cc(C(C)=O)ccc1OC,1,train,42
3433,CCN1CCC[C@H]1CNC(=O)c1cc(S(=O)(=O)CC)ccc1OC,1,val,42
3434,CCN1CCN(C(=O)N[C@H](C(=O)NC2C(=O)N3C(C(=O)O)=C(CSc4nnnn4C)CS[C@@H]23)c2ccc(O)cc2)C(=O)C1=O,1,train,42
3435,CCN=C1NC(=O)[C@H](c2ccccc2)O1,1,train,42
3436,CCN=C1Nc2ccc(Cl)cc2[C@H](c2ccccc2)S1,1,train,42
3437,CCNC(=O)/C=C\c1cccc(Br)c1,1,train,42
3438,CCNC(Cc1ccccc1)[C@@H]1CCCO1,1,train,42
3439,CCN[C@H]1C2CCC(C2)C1c1ccccc1,1,train,42
3440,CCOC(=O)C1(c2ccccc2)CCC=C[C@@H]1N(C)C,1,train,42
3441,CCOC(=O)C[C@@H](O)C[C@H](O)/C=C/C1=C(c2ccc(F)cc2)c2ccccc2OC12CCCC2,1,val,42
3442,CCOC(=O)C[C@@H](O)C[C@H](O)/C=C\C1=C(c2ccc(F)cc2)c2ccccc2OC12CCCC2,1,train,42
3443,CCOC(=O)NN[C@@H](C)c1ccccc1,1,test,42
3444,CCOC(=O)N[C@@H](O)C(Cl)(Cl)Cl,1,train,42
3445,CCOC(=O)OC1(C(=O)COC(=O)CC)CC[C@H]2[C@@H]3CCC4=CC(=O)C=CC4(C)[C@H]3[C@@H](O)CC21C,1,test,42
3446,CCOC(=O)OC1(C(=O)OCCl)CC[C@H]2[C@@H]3CCC4=CC(=O)C=CC4(C)[C@H]3C(O)CC21C,1,train,42
3447,CCOC(=O)[C@H]1N=C(c2ccccc2F)c2cc(Cl)ccc2NC1=O,1,train,42
3448,CCOC(=O)c1cncn1[C@@H](C)c1ccc(F)cc1,1,val,42
3449,CCO[C@H]1CC2(C)[C@@H](CC[C@@H]3[C@@H]2[C@@H](N(C)C)CC2(C)[C@@H](C(C)=O)CC[C@@H]32)C[C@@H]1O,1,train,42
3450,CCO[C@H]1c2ccccc2C(=O)N(C)c2ccccc21,1,train,42
3451,CCOc1cc(N)c([N+](=O)[O-])cc1C(=O)NC1CCN(C[C@@H]2CC=CCC2)CC1,1,train,42
3452,CCOc1ccccc1OC[C@@H]1CNCCO1,1,train,42
3453,CCSC1(SC)CC[C@H]2[C@@H]3CCC4=CC(=O)C=CC4(C)C3(F)[C@@H](O)CC21C,1,train,42
3454,CC[C@@H]1C(=O)NC(=O)C1(C)c1ccccc1,1,train,42
3455,CC[C@H](C(=O)OCCN1CCO[C@@H](c2ccccc2)[C@@H]1C)c1ccccc1,1,train,42
3456,CC[C@H](C)C(=O)O[C@H]1CCC=C2C=C[C@H](C)[C@H](CC[C@H]3C[C@H](O)CC(=O)O3)[C@@H]21,1,train,42
3457,CC[C@H](C)C(C)(COC(N)=O)COC(=O)NC(C)C,1,train,42
3458,CC[C@H](C)N(C)C(=O)c1cc2ccccc2c(-c2ccccc2Cl)n1,1,test,42
3459,CC[C@H](C)N1CCN(c2ccc(I)cc2)CC1,1,test,42
3460,CC[C@H](C)Nc1ccc(I)c(N[C@@H](C)CC)c1,1,val,42
3461,CC[C@H](N)Cc1c[nH]c2ccccc12,1,train,42
3462,CC[C@H](OC(C)=O)C(C[C@H](C)N(C)C)(c1ccccc1)c1ccccc1,1,train,42
3463,CC[C@H]1CC(=O)C2Oc3c(OC)ccc4c3C23CCN(CC2CC2)C(C4)[C@@H]13,1,val,42
3464,CCc1c(C)[nH]c2c1C(=O)[C@H](CN1CCOCC1)CC2,1,val,42
3465,CCc1ccc2c(c1)N(C[C@@H](C)CN(C)C)c1ccccc1S2,1,val,42
3466,CN(C(=O)C(c1ccccc1)c1ccccc1)[C@H](CN1CCC(O)C1)c1ccccc1,1,train,42
3467,CN(C(=O)Cc1ccc(Cl)c(Cl)c1)[C@H](CN1CCCC1)c1ccccc1,1,val,42
3468,CN(C(=O)Cc1ccc(Cl)c(Cl)c1)[C@H]1CCC2(CCCO2)C[C@@H]1N1CCCC1,1,train,42
3469,CN(C(=O)Cc1ccc(Cl)c(Cl)c1)[C@H]1CCCC[C@@H]1N1CCCC1,1,train,42
3470,CN(C)C(=O)O[C@@H]1N=C(c2ccccc2)c2cc(Cl)ccc2N(C)C1=O,1,train,42
3471,CN(C)C1=NC(=O)[C@H](c2ccccc2)O1,1,train,42
3472,CN(C)CC/C=C1/c2ccccc2CNc2cc(Cl)ccc21,1,train,42
3473,CN(C)CCC1(C)OCCC2=C1Cc1ccccc12,1,test,42
3474,CN(C)CCC1(c2ccccc2)CCc2ccccc2C1=O,1,train,42
3475,CN(C)CCCN1Cc2ccccc2Cc2ccccc21,1,train,42
3476,CN(C)CCO[C@@H](c1ccccc1)c1ccccc1C(C)(C)C,1,train,42
3477,CN(C)CC[C@H](c1ccccc1)C1CCCCC1,1,train,42
3478,CN(C)C[C@@H](CN1c2ccccc2Sc2ccccc21)N(C)C,1,train,42
3479,CN(C)C[C@@H](O)[C@@H](c1ccccc1)c1ccc(Cl)cc1,1,train,42
3480,CN(C)C[C@@H](O)[C@@H](c1ccccc1)c1cccc(Cl)c1,1,train,42
3481,CN(C)C[C@H]1COC2(O1)c1ccccc1COc1ccccc12,1,val,42
3482,CN(C)Cc1ccc(-c2cccc(N[C@H]3N=CC=C3[N+](=O)[O-])c2)o1,1,train,42
3483,CN(C)Cc1ccnc(-c2cccc(N[C@H]3N=CC=C3[N+](=O)[O-])c2)c1,1,train,42
3484,CN(C)[C@@H]1C(=O)C(C(=O)NCN2CCCC2)=C(O)C2(O)C(=O)C3=C(O)c4c(O)cccc4C(C)(O)[C@H]3C[C@@H]12,1,train,42
3485,CN(C)[C@H]1CCc2[nH]c3c(F)cc(F)cc3c2C1,1,train,42
3486,CN(C)c1ccc(O)c2c1C[C@@H]1C[C@H]3[C@H](N(C)C)C(O)=C(C(N)=O)C(=O)C3(O)C(O)=C1C2=O,1,train,42
3487,CN(c1nc2ccccc2s1)C1CCN(C[C@H](O)COc2ccc(F)cc2)CC1,1,train,42
3488,CN1C(=O)CCS(=O)(=O)[C@H]1c1ccc(Cl)c(Cl)c1,1,train,42
3489,CN1C(=O)C[C@@H](c2ccccc2)C1=O,1,train,42
3490,CN1C(=O)[C@H](O)N=C(c2ccccc2F)c2cc(Cl)ccc21,1,train,42
3491,CN1CCC2(C)C[C@@H](Cc3ccc(O)cc32)C1,1,train,42
3492,CN1CCC2(C)c3cc(OC(=O)N4CCc5ccccc5C4)ccc3N(C)[C@H]12,1,train,42
3493,CN1CCC2(C)c3cc(OC(=O)Nc4ccccc4)ccc3N(C)[C@H]12,1,train,42
3494,CN1CCC23CCCC[C@@H]2C1Cc1ccc(O)cc13,1,train,42
3495,CN1CCC23NC(=O)CC(c4cc(Cl)ccc4O2)[C@H]3C1,1,val,42
3496,CN1CCC23c4c5ccc(O)c4OC2(C)C(=O)CC[C@@H]3C1C5,1,train,42
3497,CN1CCC23c4c5ccc(O)c4OC2C(=O)CCC3(O)C1C5,1,test,42
3498,CN1CCC23c4c5ccc(O)c4OC2C(=O)CC[C@@H]3C1C5,1,train,42
3499,CN1CCC23c4c5ccc(O)c4OC2C(C)(O)CC[C@@H]3C1C5,1,train,42
3500,CN1CCC23c4c5ccc(O)c4O[C@@H]2[C@@H](O)C=C[C@@H]3C1C5,1,train,42
3501,CN1CCC23c4c5ccc(O)c4O[C@@H]2[C@@H](O)CCC3(O)C1C5,1,val,42
3502,CN1CCC23c4c5ccc(O)c4O[C@@H]2[C@@H](O)CC[C@@H]3C1C5,1,train,42
3503,CN1CCC23c4c5ccc(O)c4O[C@H]2CCC[C@@H]3C1C5,1,train,42
3504,CN1CCC23c4c5ccc(OC(=O)c6cccnc6)c4O[C@@H]2C(OC(=O)c2cccnc2)C=C[C@@H]3C1C5,1,train,42
3505,CN1CCCC[C@H]1CCN1c2ccccc2Sc2ccc([S+](C)[O-])cc21,1,train,42
3506,CN1CCCN([C@@H](c2ccccc2)c2ccc(Cl)cc2)CC1,1,train,42
3507,CN1CCC[C@H](CN2c3ccccc3Sc3ccccc32)C1,1,train,42
3508,CN1CCCc2cccc(OC[C@@H]3CNCCO3)c21,1,test,42
3509,CN1CCN(C(=O)O[C@H]2c3nccnc3C(=O)N2c2ccc(Cl)cn2)CC1,1,train,42
3510,CN1CCN(CC(=O)C2(O)CC[C@H]3[C@@H]4CCC5=CC(=O)C=CC5(C)[C@H]4[C@@H](O)CC32C)CC1,1,train,42
3511,CN1CCN([C@@H](c2ccccc2)c2ccc(Cl)cc2)CC1,1,train,42
3512,CN1CCN2c3cc(F)ccc3C(c3cccs3)=NC[C@@H]2C1,1,train,42
3513,CN1CCN2c3ccccc3Cn3cccc3[C@@H]2C1,1,train,42
3514,CN1CCN2c3ncccc3Cc3ccccc3[C@H]2C1,1,train,42
3515,CN1CCO[C@@H](c2ccccc2)c2ccccc2C1,1,train,42
3516,CN1C[C@@H](CSc2ccccn2)C=C2c3cccc4[nH]cc(c34)C[C@@H]21,1,train,42
3517,CN1C[C@@H](NS(=O)(=O)N(C)C)C[C@H]2c3cccc4c3c(cn4C)C[C@@H]21,1,train,42
3518,CN1C[C@@H]2c3ccccc3Oc3ccc(Cl)cc3[C@H]2C1,1,val,42
3519,CN1C[C@H](CC#N)C[C@H]2c3cccc4[nH]cc(c34)C[C@@H]21,1,test,42
3520,CN1C[C@H](CN2CC(=O)NC(=O)C2)C=C2c3cccc4[nH]cc(c34)C[C@@H]21,1,val,42
3521,CN1C[C@H]2Cc3ccc(Cl)cc3[C@H](c3ccccc3)[C@@H]2C1,1,train,42
3522,CN1Cc2c(N)cccc2[C@H](c2ccccc2)C1,1,train,42
3523,CN1[C@H](CC(=O)c2ccccc2)CCC[C@H]1C[C@H](O)c1ccccc1,1,train,42
3524,CN1[C@H]2CC(OC(=O)[C@H](CO)c3ccccc3)C[C@H]1[C@@H]1O[C@H]12,1,test,42
3525,CN1[C@H]2CCC[C@H]1CC(NC(=O)c1nn(C)c3ccccc13)C2,1,train,42
3526,CN1[C@H]2CC[C@H]1CC(NC(=O)N1CC(C)(C)c3ccccc31)C2,1,val,42
3527,CN1[C@H]2CC[C@H]1CC(NC(=O)c1cn(C3CCCCC3)c3ccccc3c1=O)C2,1,train,42
3528,CN1[C@H]2CC[C@H]1CC(OC(=O)C(C)(CO)c1ccccc1)C2,1,train,42
3529,CN1[C@H]2CC[C@H]1CC(OC(=O)[C@H](CO)c1ccccc1)C2,1,val,42
3530,CN1[C@H]2CC[C@H]1CC(OC(c1ccccc1)c1ccccc1)C2,1,train,42
3531,CN1c2cc(F)ccc2C(c2ccccc2)=NC[C@@H]1CNC(=O)c1ccoc1,1,train,42
3532,CN1c2ccc(Cl)cc2C(c2ccccc2Cl)=NC[C@H]1CO,1,val,42
3533,CN1c2ccccc2C(c2ccccc2F)=NC[C@@H]1CNC(=O)c1ccsc1,1,train,42
3534,CNC(=O)CCN1CCN(CC/C=C2/c3ccccc3Sc3ccc(Cl)cc32)CC1,1,train,42
3535,CNC(=O)N[C@@H](O)C(Cl)(Cl)Cl,1,train,42
3536,CNC(=O)O[C@@H]1OC(=O)C2(C)C3C=CC(C3)[C@H]12,1,train,42
3537,CNC(=O)O[C@@H]1OC(=O)[C@H]2C3C=CC(C3)[C@H]12,1,train,42
3538,CNC(=O)Oc1ccc2c(c1)C1(C)CCN(C)[C@H]1N2C,1,train,42
3539,CNC1=CN(O)C(c2ccccc2)=c2cc(Cl)ccc2=N1,1,train,42
3540,CNCCSC1=Cc2ccccc2Oc2ccc(F)cc21,1,train,42
3541,CNCC[C@H](Oc1ccc(C(F)(F)F)cc1)c1ccccc1,1,train,42
3542,CN[C@H]1CC[C@@H](c2ccccc2)c2ccccc21,1,val,42
3543,CN[C@H]1CCc2ncsc2C1,1,val,42
3544,CNc1cc(OC)c(C(=O)N[C@H]2CCN(Cc3ccccc3)[C@H]2C)cc1Cl,1,test,42
3545,CO/N=C(/C#N)[C@@H]1CN2CCC1CC2,1,train,42
3546,CO/N=C(/C(=O)NC1C(=O)N2C(C(=O)O)=C(COC(N)=O)CS[C@@H]12)c1ccco1,1,train,42
3547,CO/N=C(/C(=O)NC1C(=O)N2C(C(=O)O)=C(CSc3nc(=O)c(=O)[nH]n3C)CS[C@@H]12)c1csc(N)n1,1,train,42
3548,COC(=O)C1(O)CC[C@H]2[C@@H]3CCC(=O)[C@H]4C(=O)C=CC4(C)[C@H]3[C@@H](O)CC21C,1,train,42
3549,COC(=O)[C@@H]1C(O)=CC(Nc2ccc(Cl)cc2)=C[C@@H]1C,1,train,42
3550,COC(=O)[C@@H]1C(O)=CC(Nc2cccc(OC(F)(F)F)c2)=C[C@@H]1C,1,train,42
3551,COC(=O)[C@@H]1C(O)=CC(Nc2cccc([N+](=O)[O-])c2)=C[C@@H]1C,1,train,42
3552,COC(=O)[C@@H]1[C@@H](OC(=O)c2ccccc2)C[C@@H]2CC[C@@H]1N2C,1,train,42
3553,COC(=O)[C@H]1[C@H]2C[C@H]3c4[nH]c5cc(OC)ccc5c4CCN3C[C@H]2C[C@H](OC(=O)/C=C/c2cc(OC)c(OC)c(OC)c2)[C@H]1OC,1,train,42
3554,COC(=O)[C@H]1[C@H]2C[C@H]3c4[nH]c5cc(OC)ccc5c4CCN3C[C@H]2C[C@H](OC(=O)c2cc(OC)c(OC)c(OC)c2)[C@H]1OC,1,train,42
3555,COC(=O)[C@H]1[C@H]2C[C@H]3c4[nH]c5cc(OC)ccc5c4CCN3C[C@H]2C[C@H](OC)[C@H]1OC,1,train,42
3556,COC(=O)[C@H]1[C@H]2C[C@H]3c4[nH]c5ccc(Cl)cc5c4CCN3C[C@H]2C[C@H](OC(=O)c2cc(OC)c(OC)c(OC)c2)[C@H]1OC,1,train,42
3557,COC(=O)[C@H]1[C@H]2C[C@H]3c4[nH]c5ccccc5c4CCN3C[C@H]2C[C@H](OC(=O)c2cc(OC)c(OC)c(OC)c2)[C@H]1OC,1,train,42
3558,COC(=O)c1cncn1[C@@H](C)c1ccccc1,1,train,42
3559,COC(OC)C(=O)C12OC(C)(C)O[C@H]1C[C@H]1[C@@H]3C[C@H](F)C4=CC(=O)C=CC4(C)C3(F)C(O)CC12C,1,train,42
3560,COC12C=CC3(C[C@H]1C(C)(C)O)C1Cc4ccc(O)c5c4C3(CCN1CC1CC1)[C@@H]2O5,1,train,42
3561,COC12CCC3(CC1C(C)(C)O)C1Cc4ccc(O)c5c4C3(CCN1CC1CC1)[C@@H]2O5,1,train,42
3562,COC12CCC3(CC1C(C)(O)C(C)(C)C)C1Cc4ccc(O)c5c4C3(CCN1CC1CC1)[C@@H]2O5,1,train,42
3563,COC12CCC3(C[C@H]1C(C)(C)O)C1Cc4ccc(O)c5c4C3(CCN1CC1CC1)[C@@H]2O5,1,train,42
3564,COC1=CC(=O)O[C@H]1[C@@H](O)c1ccccc1Cl,1,train,42
3565,COC1=CC=C2C3Cc4ccc(OC)c5c4C2(CCN3C)[C@@H]1O5,1,train,42
3566,COCCN1CCC23c4c5ccc(O)c4OC2C(=O)CCC3(O)C1C5,1,val,42
3567,COCCc1ccc(OC[C@@H](O)CNC(C)C)cc1,1,train,42
3568,COCc1c(C(C)C)nc(C(C)C)c(/C=C/[C@@H](O)C[C@H](O)CC(=O)O)c1-c1ccc(F)cc1,1,train,42
3569,CO[C@H]1CC[C@@H]2C3Cc4ccc(O)c5c4C2(CCN3C)[C@@H]1O5,1,train,42
3570,CO[C@H]1OC2OC3(CN4CCCCC4)C(O)CC(C13)[C@@H]2C,1,train,42
3571,CO[C@H]1OC2OC3(CN4CCCCC4)C(O)C[C@H]([C@H]13)[C@@H]2C,1,train,42
3572,COc1cc([C@H]2c3cc4c(cc3[C@@H](O[C@H]3O[C@H]5CO[C@H](c6cccs6)O[C@H]5[C@@H](O)[C@@H]3O)[C@@H]3COC(=O)[C@@H]23)OCO4)cc(OC)c1O,1,train,42
3573,COc1cc2c(cc1CN[C@H]1C3CCN(C3)C1C(c1ccccc1)c1ccccc1)N(S(C)(=O)=O)CC2,1,train,42
3574,COc1cc2c(cc1CN[C@H]1CCCN[C@H]1c1ccccc1)N(S(C)(=O)=O)[C@@H](C)C2,1,val,42
3575,COc1cc2c(cc1OC)C(=O)[C@@H](CC1CCN(Cc3ccccc3)CC1)C2,1,train,42
3576,COc1cc2c(cc1OC)S(=O)(=O)O[C@H](C(=O)N[C@@H](C)CC(C)(C)N(C)C)C2,1,train,42
3577,COc1cc2c(cc1OC)[C@@H]1CC(=O)[C@@H](CC(C)C)CN1CC2,1,train,42
3578,COc1cc2c3c(c1O)C1(C=CC(=O)C=C1)C[C@@H]3N(C)CC2,1,train,42
3579,COc1cc2sc(-c3ccccc3)nc2cc1CN[C@H]1CCCN[C@H]1c1ccccc1,1,train,42
3580,COc1cc2sc(C(C)(C)C)nc2cc1CN[C@H]1CCCN[C@H]1c1ccccc1,1,train,42
3581,COc1cc2sc(C)nc2cc1CN[C@H]1CCCN[C@H]1c1ccccc1,1,train,42
3582,COc1cc2sc(C3CC3)nc2cc1CN[C@H]1CCCN[C@H]1c1ccccc1,1,train,42
3583,COc1ccc(-c2nccs2)cc1CN[C@H]1CCCN[C@H]1c1ccccc1,1,train,42
3584,COc1ccc(-n2nc(C)cc2C)cc1CN[C@H]1CCCN[C@H]1c1ccccc1,1,train,42
3585,COc1ccc(C(C)(C)C)cc1CN[C@H]1C2CCN(CC2)C1C(c1ccccc1)c1ccccc1,1,train,42
3586,COc1ccc(C(C)(C)O)cc1CN[C@H]1C2CCN(CC2)[C@H]1C(c1ccccc1)c1ccccc1,1,train,42
3587,COc1ccc(C(C)C)cc1CN[C@H]1C2CCN(CC2)[C@H]1C(c1ccccc1)c1ccccc1,1,train,42
3588,COc1ccc(C(C)C)cc1CN[C@H]1CCCN[C@H]1c1ccccc1,1,train,42
3589,COc1ccc(CCN2CCN(c3ccccc3Cl)CC2)cc1OC,1,train,42
3590,COc1ccc(N(c2nc(C)c(C)s2)S(C)(=O)=O)cc1CN[C@H]1CCCN[C@H]1c1ccccc1,1,train,42
3591,COc1ccc(N2CCCC2=O)cc1CN[C@H]1CCCN[C@H]1c1ccccc1,1,train,42
3592,COc1ccc(OC[C@@H]2CN(C)CC[C@@H]2c2ccccc2)cc1,1,train,42
3593,COc1ccc(S(C)(=O)=O)cc1CN[C@H]1CCCN[C@H]1c1ccccc1,1,train,42
3594,COc1ccc(S(N)(=O)=O)cc1C(=O)NC[C@@H]1CCCN1C,1,train,42
3595,COc1ccc(S(N)(=O)=O)cc1C(=O)NC[C@@H]1CCCN1Cc1ccc(F)cc1,1,test,42
3596,COc1ccc([C@@H](CN(C)C)C2(O)CCCCC2)cc1,1,train,42
3597,COc1ccc2c(c1)/C(=C\CCN(C)C)c1ccccc1O2,1,val,42
3598,COc1ccc2c(c1)C13CCCC[C@@H]1C(C2)N(C)CC3,1,train,42
3599,COc1ccc2c(c1)CN(C)C[C@H]2c1ccc(Cl)c(Cl)c1,1,train,42
3600,COc1ccc2c(c1)N(C[C@@H](C)CN1CCC(O)CC1)c1ccccc1S2,1,train,42
3601,COc1ccc2c(c1OC)C13CCN(C)C(C2)C1(O)CC[C@H](O)C3,1,train,42
3602,COc1ccc2c3c([nH]c2c1)[C@@H]1C[C@H]2[C@H](C[C@H](OC(=O)c4cc(OC)c(OC)c(OC)c4)[C@H](OC)[C@H]2OC(C)=O)CN1CC3,1,test,42
3603,COc1ccc2c3c1OC1C(=O)CCC4(O)C(C2)N(C)CCC314,1,train,42
3604,COc1ccc2c3c1OC1C(=O)CC[C@@H]4C(C2)N(C)CCC314,1,train,42
3605,COc1ccc2c3c1O[C@@H]1C(=O)CCC4(O)C(C2)N(C)CCC314,1,train,42
3606,COc1ccc2c3c1O[C@@H]1C(OC(=O)c4cccnc4)CC[C@@H]4C(C2)N(C)CCC341,1,train,42
3607,COc1ccc2c3c1O[C@@H]1C(OC(C)=O)=CC[C@@H]4C(C2)N(C)CCC314,1,train,42
3608,COc1ccc2c3c1O[C@@H]1[C@@H](O)C=C[C@@H]4C(C2)N(C)CCC341,1,train,42
3609,COc1ccc2c3c1O[C@@H]1[C@@H](O)C=C[C@@H]4C(C2)NCCC341,1,train,42
3610,COc1ccc2c3c1O[C@@H]1[C@@H](O)CC[C@@H]4C(C2)N(C)CCC341,1,train,42
3611,COc1ccc2c3c1O[C@H]1C[C@H](O)C=CC31CCN(C)C2,1,train,42
3612,COc1cccc(C(=O)NC2C[C@@H]3CC[C@@H](C2)N3Cc2ccccc2)c1OC,1,train,42
3613,COc1cccc(C2(O)CCCC[C@H]2CN(C)C)c1,1,train,42
3614,COc1cccc2c1C(=O)c1c(O)c3c(c(O)c1C2=O)CC(O)(C(=O)CO)C[C@@H]3O[C@@H]1C[C@H](N)[C@H](O)[C@H](C)O1,1,train,42
3615,COc1ccccc1CN[C@H]1CCCN[C@H]1c1ccccc1,1,test,42
3616,COc1ccccc1N1CCN(CCCCN2C(=O)[C@H]3C(=O)N(C(C)(C)C)C(=O)[C@H](C2=O)C3(C)C)CC1,1,train,42
3617,COc1ccccc1N1CCN(CCC[C@H](O)c2ccc(F)cc2)CC1,1,train,42
3618,COc1ccccc1N1CCN(C[C@H](O)COc2cc(OC)c(OC)c(OC)c2)CC1,1,train,42
3619,COc1ccccc1OC[C@@H]1CNC(=O)O1,1,train,42
3620,COc1ccccc1OC[C@H](O)COC(N)=O,1,test,42
3621,CS(=O)(=O)c1ccc([C@H](O)[C@H](CO)NC(=O)C(Cl)Cl)cc1,1,val,42
3622,CSC(=O)C1(O)[C@@H](C)C[C@H]2[C@@H]3CCC4=CC(=O)C=CC4(C)C3(F)[C@@H](O)CC21C,1,train,42
3623,CSC(=O)C1(OC(C)=O)[C@@H](C)C[C@H]2[C@@H]3CCC4=CC(=O)C=CC4(C)C3(F)C(O)CC21C,1,train,42
3624,CSc1ccc2c(c1)N(CC[C@@H]1CCCNC1)c1ccccc1S2,1,train,42
3625,C[C@@H](CC(C)(C)O)O[C@H](O)C(Cl)(Cl)Cl,1,test,42
3626,C[C@@H](CN(C)C)CN1c2ccccc2CCc2ccccc21,1,train,42
3627,C[C@@H](CN(C)C)CN1c2ccccc2Sc2ccc(C(F)(F)F)cc21,1,train,42
3628,C[C@@H](CN(C)C)CN1c2ccccc2Sc2ccccc21,1,train,42
3629,C[C@@H](CN1C(=O)c2cccnc2Nc2ccccc21)N(C)C,1,train,42
3630,C[C@@H](CN1CCN(CCOCCO)CC1)CN1c2ccccc2Sc2ccccc21,1,train,42
3631,C[C@@H](CNC(=O)c1ccccc1)C(=O)OCC(=O)C12OC(C)(C)O[C@H]1C[C@H]1[C@@H]3CCC4=CC(=O)C=CC4(C)C3(F)C(O)CC12C,1,train,42
3632,C[C@@H](Cc1ccccc1)N(C)C,1,train,42
3633,C[C@@H](Cc1ccccc1)N[C@H](C#N)c1ccccc1,1,train,42
3634,C[C@@H]1NC(=O)CO[C@H]1c1ccccc1,1,train,42
3635,C[C@@H]1NCCO[C@H]1c1ccccc1,1,train,42
3636,C[C@@H]1OC2(CCCC[C@@H]2Oc2cccc(Cl)c2)NC1=O,1,train,42
3637,C[C@@H]1O[C@H]1P(=O)(O)O,1,train,42
3638,C[C@@H]1[C@@H]2Cc3ccc(O)cc3C1(C)CCN2C,1,train,42
3639,C[C@@H]1[C@@H]2Cc3ccc(O)cc3C1(C)CCN2CC1CC1,1,train,42
3640,C[C@@H]1[C@@H]2Cc3ccc(O)cc3C1(C)CCN2CCc1ccccc1,1,train,42
3641,C[C@@H]1[C@H]2C(=O)c3ccc(O)cc3C1(C)CCN2CC1CC1,1,train,42
3642,C[C@@H]1c2ccccc2N(C(N)=O)c2ccccc2[C@H]1C,1,train,42
3643,C[C@H](F)OC(=O)c1ncn2c1CN(C)C(=O)c1cc(F)ccc1-2,1,train,42
3644,C[C@H](N)C(=O)OC(C)(C)Cc1ccc(Cl)cc1,1,train,42
3645,C[C@H](Oc1cccc2ccccc12)/C(N)=N\O,1,train,42
3646,C[C@H]1CCCCC1(c1cccs1)N1CCCCC1,1,train,42
3647,C[C@H]1CCCC[C@@H]1C,1,val,42
3648,C[C@H]1CC[C@H](C)[C@@H](C)C1,1,train,42
3649,C[C@H]1CN(C)C[C@@H]2Cc3c(ccc4ccccc34)OC21O,1,test,42
3650,C[C@H]1CN(CCCn2c3ccccc3c3ccccc32)C[C@H](C)N1,1,train,42
3651,C[C@H]1CN2CC(=O)Nc3ccc(Cl)cc3C2(c2ccccc2)O1,1,train,42
3652,C[C@H]1COC2(c3ccccc3Cl)c3cc(Cl)ccc3NC(=O)CN12,1,train,42
3653,C[C@H]1C[C@@H]2[C@H]([C@@H](O)CC3(C)[C@@H](C(=O)O)CC[C@@H]23)C2(C)CCC(=O)C=C12,1,train,42
3654,C[C@H]1C[C@@H]2[C@H]([C@@H](O)CC3(C)[C@H]2CCC3(O)C(=O)CO)C2(C)C=CC(=O)C=C12,1,train,42
3655,C[C@H]1C[C@@H]2[C@H]([C@@H](O)CC3(C)[C@H]2CCC3(O)C(=O)COC(=O)CCC(=O)O)C2(C)C=CC(=O)C=C12,1,train,42
3656,C[C@H]1C[C@H]2[C@@H]3CC(F)(F)C4=CC(=O)C=CC4(C)C3(F)[C@@H](O)CC2(C)C1(O)C(=O)CO,1,val,42
3657,C[C@H]1C[C@H]2[C@@H]3CCC4=CC(=O)C=CC4(C)C3(Cl)[C@@H](Cl)CC2(C)C1(O)C(=O)CO,1,train,42
3658,C[C@H]1C[C@H]2[C@@H]3CCC4=CC(=O)C=CC4(C)C3(Cl)[C@@H](O)CC2(C)C1(O)C(=O)CCl,1,train,42
3659,C[C@H]1C[C@H]2[C@@H]3CCC4=CC(=O)C=CC4(C)C3(Cl)[C@@H](O)CC2(C)C1(O)C(=O)CO,1,train,42
3660,C[C@H]1C[C@H]2[C@@H]3CCC4=CC(=O)C=CC4(C)C3(Cl)[C@@H](O)CC2(C)C1(OC(=O)c1ccco1)C(=O)CCl,1,val,42
3661,C[C@H]1C[C@H]2[C@@H]3CCC4=CC(=O)C=CC4(C)C3(F)C(=O)CC2(C)C1(O)C(=O)CCl,1,train,42
3662,C[C@H]1C[C@H]2[C@@H]3CCC4=CC(=O)C=CC4(C)C3(F)C(O)CC2(C)C1(C)C(=O)CO,1,train,42
3663,C[C@H]1C[C@H]2[C@@H]3CCC4=CC(=O)C=CC4(C)C3(F)[C@@H](O)CC2(C)C1(O)C(=O)CCl,1,train,42
3664,C[C@H]1C[C@H]2[C@@H]3CCC4=CC(=O)C=CC4(C)C3(F)[C@@H](O)CC2(C)C1(OC(=O)c1ccccc1)C(=O)CO,1,train,42
3665,C[C@H]1C[C@H]2[C@@H]3CCC4=CC(=O)C=CC4(C)C3(F)[C@@H](O)CC2(C)C1C(=O)CO,1,train,42
3666,C[C@H]1C[C@H]2[C@@H]3CCC4=CC(=O)C=CC4(C)[C@H]3C(=O)CC2(C)C1(O)C(=O)CO,1,train,42
3667,C[C@H]1C[C@H]2[C@@H]3C[C@H](F)C4=CC(=O)C(Cl)=CC4(C)C3(F)[C@@H](O)CC2(C)C1(O)C(=O)CO,1,train,42
3668,C[C@H]1C[C@H]2[C@@H]3C[C@H](F)C4=CC(=O)C=CC4(C)C3(Cl)C(O)CC2(C)C1C(=O)COC(=O)C(C)(C)C,1,test,42
3669,C[C@H]1C[C@H]2[C@@H]3C[C@H](F)C4=CC(=O)C=CC4(C)C3(Cl)[C@@H](F)CC2(C)C1C(=O)CO,1,train,42
3670,C[C@H]1C[C@H]2[C@@H]3C[C@H](F)C4=CC(=O)C=CC4(C)C3(Cl)[C@@H](F)CC2(C)[C@H]1C(=O)CO,1,train,42
3671,C[C@H]1C[C@H]2[C@@H]3C[C@H](F)C4=CC(=O)C=CC4(C)C3(Cl)[C@@H](O)CC2(C)C1C(=O)CO,1,train,42
3672,C[C@H]1C[C@H]2[C@@H]3C[C@H](F)C4=CC(=O)C=CC4(C)C3(F)C(O)CC2(C)C1C(=O)COC(=O)C(C)(C)C,1,train,42
3673,C[C@H]1C[C@H]2[C@@H]3C[C@H](F)C4=CC(=O)C=CC4(C)C3(F)[C@@H](O)CC2(C)C1(O)C(=O)CCl,1,train,42
3674,C[C@H]1C[C@H]2[C@@H]3C[C@H](F)C4=CC(=O)C=CC4(C)C3(F)[C@@H](O)CC2(C)C1(O)C(=O)CO,1,train,42
3675,C[C@H]1C[C@H]2[C@@H]3C[C@H](F)C4=CC(=O)C=CC4(C)C3(F)[C@@H](O)CC2(C)C1(O)C(=O)COC(=O)C(C)(C)C,1,train,42
3676,C[C@H]1C[C@H]2[C@@H]3C[C@H](F)C4=CC(=O)C=CC4(C)C3(F)[C@@H](O)CC2(C)C1(O)C(=O)SCF,1,train,42
3677,C[C@H]1C[C@H]2[C@@H]3C[C@H](F)C4=CC(=O)C=CC4(C)C3(F)[C@@H](O)CC2(C)C1C(=O)CO,1,train,42
3678,C[C@H]1C[C@H]2[C@@H]3C[C@H](F)C4=CC(=O)C=CC4(C)[C@H]3[C@@H](O)CC2(C)C1(O)C(=O)CO,1,train,42
3679,C[C@H]1C[C@H]2[C@@H]3C[C@H](F)C4=CC(=O)C=CC4(C)[C@H]3[C@@H](O)CC2(C)C1C(=O)CO,1,train,42
3680,C[C@H]1C[C@H]2[C@H]3[C@H]([C@@H](O)CC2(C)C1(O)C(=O)CO)C1(C)C=CC(=O)C=C1C[C@@H]3Cl,1,val,42
3681,C[C@H]1c2ccccc2[C@H](CCCN(C)C)c2cc(C(F)(F)F)ccc21,1,train,42
3682,C[N+]1([O-])[C@H]2CC[C@H]1CC(OC(=O)[C@H](CO)c1ccccc1)C2,1,train,42
3683,Cc1cc(=O)n(-c2ccccc2)[nH]1,1,train,42
3684,Cc1ccc2c(c1)C13CCCC[C@@H]1C(C2)N(C)CC3,1,test,42
3685,Cc1ccc2c(c1)[C@H]1CN(C)CC[C@@H]1N2,1,train,42
3686,Cc1ccc2c(c1)c1c3n2CCN[C@H]3CCC1,1,val,42
3687,Cc1cccc(C)c1OC[C@H](C)N,1,train,42
3688,Cc1cccc(N2C[C@@H](CO)OC2=O)c1,1,val,42
3689,Cc1cccc(OC[C@@H](O)CNC(C)C)c1,1,train,42
3690,Cc1cccc2c1Oc1ccccc1C1(O)CCN(C)C[C@H]21,1,train,42
3691,Cc1cccc2c1Oc1ccccc1C1(O)CCNC[C@H]21,1,train,42
3692,Cc1ccccc1OC[C@@H](CO[C@H](O)C(Cl)(Cl)Cl)O[C@H](O)C(Cl)(Cl)Cl,1,train,42
3693,Cc1cn([C@@H]2C=C[C@@H](CO)O2)c(=O)[nH]c1=O,1,val,42
3694,Cc1cn([C@@H]2C[C@H](F)[C@H](CO)O2)c(=O)[nH]c1=O,1,train,42
3695,Cc1cn([C@@H]2C[C@H](N=[N+]=[N-])[C@@H](CO)O2)c(=O)[nH]c1=O,1,train,42
3696,Cc1cn[o+]c(C(N)CC(C)C(C)(C)N(C(C)(C)C)C(C)(N)N)c1O,1,train,42
3697,Cc1nc(Nc2ccc(F)cc2)nc(N2CCc3ccccc3[C@@H]2C)c1C,1,train,42
3698,Cc1nc2cc(CN[C@H]3CCCN[C@H]3c3ccccc3)c(OC(C)C)cc2s1,1,test,42
3699,Cc1nc2n(c(=O)c1CCN1CCC(c3noc4cc(F)ccc34)CC1)C[C@@H](O)CC2,1,train,42
3700,Cc1ncc2n1-c1ccc(Cl)cc1C(c1ccccc1F)=N[C@H]2O,1,train,42
3701,Cc1nccn1C[C@@H]1CCc2c(c3ccccc3n2C)C1=O,1,train,42
3702,Cc1nccn1[C@@H](C)c1ccccc1,1,train,42
3703,Cc1oc(C(C)(C)N(C(C)(C)N)C(C)(C)N)c(C)c1C,1,val,42
3704,Clc1ccc(C2C3CCC(C3)C23CCC(N2CCOCC2)=N3)cc1,1,val,42
3705,Clc1ccc(CO[C@H](Cn2ccnc2)c2ccc(Cl)cc2Cl)c(Cl)c1,1,train,42
3706,Clc1ccc2c(c1)/C(=C/[C@H]1CN3CCC1CC3)c1ccccc1S2,1,train,42
3707,Clc1ccc2c(c1)/C(=C\[C@H]1CN3CCC1CC3)c1ccccc1S2,1,val,42
3708,Clc1cccc(Cl)c1N[C@H]1N=CCN1,1,train,42
3709,FC(F)(F)C[C@@H](Cl)Br,1,train,42
3710,FC(F)(F)[C@@H](Cl)Br,1,val,42
3711,FC(F)(F)c1cccc(N2CCN(CCc3nnc4n3C[C@H]3CCC[C@H]43)CC2)c1,1,train,42
3712,FC(F)O[C@@H](Cl)C(F)(F)F,1,train,42
3713,FC(F)Oc1ccc(OC(F)(F)F)cc1CN[C@H]1CCCN[C@H]1c1ccccc1,1,train,42
3714,NC1=NC(=O)[C@H](c2ccccc2)O1,1,train,42
3715,NC(=O)CN1C(=O)[C@@H](c2ccccc2)c2ccccc21,1,train,42
3716,NC(=O)OC[C@@H](O)COc1ccc(Cl)cc1,1,train,42
3717,NC(=O)[C@@H]1CCCCO1,1,train,42
3718,NC(=O)c1ccc(F)c2c1C[C@H](N(C1CCC1)C1CCC1)CO2,1,train,42
3719,NC(=O)c1ncn([C@H]2O[C@@H](CO)[C@@H](O)[C@@H]2O)n1,1,train,42
3720,NC1[C@@H]2CN(c3nc4c(cc3F)c(=O)c(C(=O)O)cn4-c3ccc(F)cc3F)C[C@@H]12,1,val,42
3721,NCC[C@H](Oc1ccc(C(F)(F)F)cc1)c1ccccc1,1,val,42
3722,NC[C@@H]1CC(=O)N(Cc2ccccc2)C1,1,train,42
3723,NCc1ccccc1Sc1ccccc1CO,1,train,42
3724,NS(=O)(=O)c1ccc(N2C(=O)C[C@@H](c3ccccc3)C2=O)c(Cl)c1,1,train,42
3725,N[C@H]1CCC[C@H]1c1ccccc1,1,train,42
3726,N[C@H]1C[C@H]1c1ccccc1,1,train,42
3727,Nc1c2c(nc3ccccc13)CCC[C@@H]2O,1,train,42
3728,Nc1cc(OCC2CC2)c(C(=O)N[C@@H]2CN3CCC2CC3)cc1Cl,1,val,42
3729,Nc1cccc(CN2CCC(NC(=O)C(O)(c3ccccc3)[C@H]3CCC(F)(F)C3)CC2)n1,1,train,42
3730,Nc1ccn([C@@H]2C[C@@H](CO)[C@@H](CO)O2)c(=O)n1,1,train,42
3731,Nc1ccn([C@H]2O[C@@H](CO)[C@@H](O)[C@@H]2O)c(=O)n1,1,train,42
3732,Nc1nc(Cl)nc2c1ncn2[C@@H]1C[C@H](O)[C@H](CO)O1,1,train,42
3733,Nc1nc(NC2CC2)c2ncn([C@@H]3C=C[C@@H](CO)C3)c2n1,1,train,42
3734,Nc1nc2c(c(=O)[nH]1)N(C=O)[C@@H](CNc1ccc(C(=O)N[C@@H](CCC(=O)O)C(=O)O)cc1)CN2,1,train,42
3735,Nc1nc2c(ncn2CC[C@H](O)CO)c(=O)[nH]1,1,train,42
3736,Nc1ncnc2c1ncn2[C@H]1O[C@@H](CO)[C@@H](O)[C@@H]1O,1,train,42
3737,O=C(CN1CCC23CCCC[C@@H]2C1Cc1ccc(O)cc13)c1ccccc1,1,train,42
3738,O=C(CN1CC[C@H](c2ccc(F)cc2)[C@H](COc2ccc3c(c2)OCO3)C1)c1ccc(F)cc1,1,train,42
3739,O=C(C[C@H]1c2ccccc2C(=O)N1c1ccc2ccc(Cl)nc2n1)N1CCC2(CC1)OCCO2,1,test,42
3740,O=C(Cc1ccc(Cl)c(Cl)c1)N1CCc2ccsc2[C@@H]1CN1CCCC1,1,train,42
3741,O=C(Cc1ccc(Cl)c(Cl)c1)N1CCc2occc2[C@H]1CN1CCC(O)C1,1,train,42
3742,O=C(Cc1ccc(Cl)c(Cl)c1)N1CCn2ccnc2[C@@H]1CN1CCCC1,1,test,42
3743,O=C(Cc1ccc(Cl)c(Cl)c1)N1CCn2ncnc2[C@@H]1CN1CCCC1,1,train,42
3744,O=C(O)CCCC[C@@H]1SC[C@H]2NC(=O)N[C@H]12,1,train,42
3745,O=C(Oc1ccccc1)c1ccccc1O,1,train,42
3746,O=C1C2[C@H]3C=C[C@@H]([C@H]4C=C[C@@H]43)[C@@H]2C(=O)N1CCCCN1CCN(c2ncccn2)CC1,1,train,42
3747,O=C1CC2(CCCC2)CC(=O)N1CCNC[C@H]1COc2ccccc2O1,1,train,42
3748,O=C1CCC(=O)N1C[C@H]1CC[C@H]2CN(c3ncccn3)CCN2C1,1,train,42
3749,O=C1CCC2(O)C3Cc4ccc(O)c5c4C2(CCN3CC2CC2)C1O5,1,train,42
3750,O=C1CCN=C2C[C@@H](c3ccccc3)CN12,1,train,42
3751,O=C1CC[C@@H](C(=O)N[C@H]2C[C@H]2c2ccccc2)N1,1,train,42
3752,O=C1CC[C@@H]2C3Cc4cccc(O)c4C2(CCN3CC2CC2)C1,1,train,42
3753,O=C1CC[C@H](N2C(=O)[C@H]3C4CCC(C4)[C@@H]3C2=O)C(=O)N1,1,train,42
3754,O=C1CN=C(c2ccccc2F)c2cc(Cl)ccc2N1C[C@H](O)CO,1,train,42
3755,O=C1C[C@@H]2S[C@H](C3(O)CN4C(=O)C[C@@H]4S3)CN12,1,train,42
3756,O=C1NC(=NC2CC2)O[C@H]1c1ccccc1,1,train,42
3757,O=C1NC(=O)C2(c3ccc(Cl)cc3)C[C@H]12,1,train,42
3758,O=C1NCCC[C@@H]1N1C(=O)c2ccccc2S1(=O)=O,1,train,42
3759,O=C1NCN(c2ccccc2)C12CCN(C[C@H]1COc3ccccc3O1)CC2,1,train,42
3760,O=C1N[C@H](CCCl)Oc2ccccc21,1,train,42
3761,O=C1Nc2ccc(Cl)nc2C(c2ccccc2Cl)=N[C@H]1O,1,test,42
3762,O=C1O[C@@H]([C@@H](O)CO)C(O)=C1O,1,train,42
3763,O=C1[C@H]2C3CCC(C3)[C@@H]2C(=O)N1CCCCN1CCN(c2ncccn2)CC1,1,train,42
3764,O=C1[C@H]2CCCC[C@@H]2C(=O)N1CCCCN1CCN(c2nsc3ccccc23)CC1,1,train,42
3765,O=S(=O)(c1ccc2cc[nH]c2c1)N1CCC[C@H]1CCN1CCC(Oc2cccc(Cl)c2)CC1,1,train,42
3766,O=[N+]([O-])C1=CC=N[C@@H]1NCCSCc1ccccn1,1,train,42
3767,O=[N+]([O-])C1=CC=N[C@@H]1NCCSCc1ncccc1Br,1,train,42
3768,O=[N+]([O-])c1nccn1C[C@H](O)CF,1,val,42
3769,O=[N+]([O-])c1nccn1C[C@H](O)COCF,1,train,42
3770,O=c1[nH]c2ccccc2c(=O)n1CCN1C[C@H]2CC(c3ccc(F)cc3)[C@@H]2C1,1,train,42
3771,O=c1c(Br)ccc2n1C[C@@H]1CNC[C@@H]2C1,1,test,42
3772,O=c1cccc2n1C[C@@H]1CN[C@@H](Br)[C@H]2C1,1,train,42
3773,O=c1ccn([C@H]2O[C@@H](CO)[C@@H](O)[C@@H]2O)c(=O)[nH]1,1,train,42
3774,OC(c1ccccc1)(c1ccccc1)C1C[C@@H]1c1ccncc1,1,train,42
3775,OC(c1ccccc1)(c1ccccc1)[C@@H]1CCCCN1,1,train,42
3776,OC1(c2ccccc2Cl)C2=NCCCN2c2ccccc21,1,test,42
3777,OCCC1CCN(CC/C=C2/c3ccc(F)cc3Sc3ccc(C(F)(F)F)cc32)CC1,1,val,42
3778,OCCN1CCN(C2CC(c3ccc(F)cc3)c3ccc(C(F)(F)F)cc32)CC1,1,train,42
3779,OCCN1CCN(CCC[C@H]2c3ccc(F)cc3Sc3ccc(C(F)(F)F)cc32)CC1,1,train,42
3780,OCCOCCOCCN1CCN([C@@H](c2ccccc2)c2ccc(Cl)cc2)CC1,1,train,42
3781,OC[C@@H]1O[C@H](n2cnc3c2NC=NC[C@@H]3O)C[C@@H]1O,1,val,42
3782,OC[C@H](O)[C@@H]1O[C@H]2O[C@@H](C(Cl)(Cl)Cl)O[C@H]2[C@H]1O,1,test,42
3783,OCc1ccccc1O[C@@H]1O[C@@H](CO)[C@@H](O)[C@H](O)[C@@H]1O,1,train,42
3784,ON1C=C(NCC2CC2)N=c2ccc(Cl)cc2=C1c1ccccc1,1,train,42
3785,O[C@@H](CCCN1CCc2c(c3cc(F)ccc3n2-c2ccc(F)cc2)C1)c1ccc(F)cc1,1,val,42
3786,O[C@@H](CN1CCCCC1)c1cc(-c2ccccc2)on1,1,train,42
3787,O[C@@H](OCC(CO[C@H](O)C(Cl)(Cl)Cl)(CO[C@H](O)C(Cl)(Cl)Cl)CO[C@H](O)C(Cl)(Cl)Cl)C(Cl)(Cl)Cl,1,val,42
3788,O[C@@H](c1cc(C(F)(F)F)nc2c(C(F)(F)F)cccc12)[C@@H]1CCCCN1,1,train,42
3789,O[C@H](Cn1ccnc1)c1ccc(CCc2ccccc2)cc1,1,train,42
3790,Oc1ccc2c(c1)C13CCCCC1(O)C(C2)N(CC1CC1)CC3,1,test,42
3791,Oc1ccc2c(c1)C13CCCCC1(O)C(C2)N(CC1CCC1)CC3,1,train,42
3792,Oc1ccc2c(c1)C13CCCC[C@@H]1C(C2)N(CCc1ccccc1)CC3,1,train,42
3793,Oc1ccc2c(c1)C13CCCC[C@@H]1C(C2)NCC3,1,train,42
3794,Oc1ccc2c(c1)C13CCN(CC4CC4)C(C2)[C@H]1CCOC3,1,val,42
3795,Oc1ccc2c3c1O[C@@H]1[C@@H](O)C=C[C@@H]4C(C2)NCCC341,1,val,42
3796,Oc1ccc2c3c1O[C@@H]1[C@@H](O)CCC4(O)C(C2)N(CC2CCC2)CCC314,1,train,42
3797,S=C1NCC[C@@H](COc2ccccc2)O1,1,train,42
3798,[N-]=[N+]=NCC(=O)N[C@@H](CO)[C@@H](O)c1ccc([N+](=O)[O-])cc1,1,val,42
3799,c1ccc(C[C@@H]2NCCc3c2[nH]c2ccccc32)cc1,1,train,42
3800,c1ccc([C@@H]2CCN(C[C@H]3CCCc4c3ccc3c4OCO3)C2)cc1,1,train,42
3801,c1ccc([C@H]2CN=C3NCCN32)cc1,1,train,42
3802,c1ccc2c(c1)CCN1CCNC[C@H]21,1,train,42
3803,c1ccc2c(c1)CCc1cccc3c1[C@H]2CN1CCCC[C@@H]31,1,train,42
3804,CC(=O)c1ccc2c(c1O)[C@@H](c1cnn(C)c1)CC(=O)O2,1,train,42
3805,CC(C)(C)OC(=O)N[C@@]1(CN)[C@H](c2ccccc2)[C@@H]1S(=O)(=O)c1ccc(Cl)cc1,1,train,42
3806,CC(C)(C)OC(=O)N[C@]1(C=O)C[C@H]1S(=O)(=O)c1ccc(Cl)cc1,1,train,42
3807,CC(C)(C)OC(=O)N[C@@]1(C=O)[C@@H](c2ccc3c(c2)OCO3)[C@@H]1S(C)(=O)=O,1,train,42
3808,CC(C)Oc1cccc(CCCNC(=O)[C@@H](C)SCc2ccccc2)c1,1,train,42
3809,CC(C)c1ccc(CCCNC(=O)[C@@H](C)SCc2ccccc2)cc1,1,train,42
3810,CC1CCN(c2ccc([C@@H](C)NC(=O)CCSc3ccccc3)cc2)CC1,1,train,42
3811,CCCOc1ccccc1CCCNC(=O)c1ccc([N+](=O)[O-])cc1Cl,1,train,42
3812,CCCn1ncnc1CC(NN)c1ccc(Br)cc1F,1,train,42
3813,CCOC(=O)[C@@]1(C#N)[C@H](c2ccc(OC)cc2)[C@@H]1S(=O)(=O)c1ccc(Cl)cc1,1,val,42
3814,CCOC(=O)[C@]1(CN)[C@@H](c2ccc(OC)cc2)[C@@H]1S(=O)(=O)CC,1,train,42
3815,CCOC(=O)[C@]1(CN)[C@H](c2ccc(OC)cc2)[C@@H]1S(=O)(=O)CC,1,test,42
3816,CCOC(=O)[C@@]1(N)[C@@H](c2ccc3c(c2)OCO3)[C@@H]1S(=O)(=O)CC,1,train,42
3817,CCOC(=O)c1c[nH]c(=O)c2c1OC(=O)C[C@H]2c1cc(Cl)c2c(c1)OCO2,1,val,42
3818,CCOC[C@@]1(C(N)=S)[C@H](c2ccc(CC)cc2)[C@@H]1S(=O)(=O)c1ccc(Cl)cc1,1,train,42
3819,CCOC[C@@]1(CN)[C@H](c2ccc(OC)cc2)[C@@H]1S(C)(=O)=O,1,train,42
3820,CCOC[C@@]1(C#N)[C@@H](c2ccccc2)[C@@H]1S(=O)(=O)c1ccc(Cl)cc1,1,train,42
3821,CCOC[C@@]1(C(N)=S)[C@@H](c2ccc(OC)cc2)[C@@H]1S(=O)(=O)c1ccccc1,1,train,42
3822,CCOC[C@]1(CN)[C@H](c2ccc3c(c2)OCO3)[C@@H]1S(C)(=O)=O,1,train,42
3823,CCOc1ccc(CCCNC(=O)[C@H](C)Sc2ccc(C)cc2)cc1,1,train,42
3824,CCOc1ccc(CCCNC(=O)c2cc([N+](=O)[O-])ccc2Cl)cc1,1,train,42
3825,CCS(=O)(=O)[C@@H]1[C@@H](C#N)[C@@H]1c1ccc2c(c1)OCO2,1,train,42
3826,CCS(=O)(=O)[C@H]1[C@@H](C#N)[C@@H]1c1ccccc1,1,val,42
3827,CCS(=O)(=O)[C@H]1[C@@H](C(N)=S)[C@@H]1c1ccc(OC)cc1,1,test,42
3828,CCS(=O)(=O)[C@H]1[C@@H](c2ccc3c(c2)OCO3)[C@@]1(COC)C(=O)O,1,train,42
3829,CCS(=O)(=O)[C@H]1[C@H](CO)[C@@H]1c1ccc(Cl)cc1,1,train,42
3830,CCS(=O)(=O)[C@H]1[C@H](c2ccc3c(c2)OCO3)C1(C#N)C#N,1,train,42
3831,CCS(=O)(=O)[C@H]1[C@H](c2ccc3c(c2)OCO3)[C@]1(C#N)COC,1,train,42
3832,CCS(=O)(=O)[C@H]1[C@H](c2ccccc2)[C@]1(C#N)COC,1,train,42
3833,CC[C@@H](C)[C@@H](CO)NC(=O)CCc1nnc(-c2ccccc2)o1,1,train,42
3834,CC[C@@H](C)[C@@H](CO)NC(=O)c1cn[nH]c1-c1ccc2c(c1)OCCO2,1,train,42
3835,CC[C@@H](NC(=O)c1cc([N+](=O)[O-])ccc1Cl)c1ccc(C)cc1C,1,train,42
3836,CC[C@@H](NC(=O)c1cc([N+](=O)[O-])ccc1Cl)c1ccc(OC)c(OC)c1,1,train,42
3837,CC[C@H](C(=O)NC(C)C)N(Cc1ccccc1Cl)C(=O)CN(c1ccc(F)c(Cl)c1)S(C)(=O)=O,1,val,42
3838,CC[C@H](NC(=O)CCSc1ccccc1)c1ccc(C)c(C)c1,1,train,42
3839,CC[C@H](NC(=O)[C@@H](C)SCc1ccccc1)c1ccc(OC)c(OC)c1,1,train,42
3840,CC[C@H](NC(=O)[C@@H](C)SCc1ccccc1)c1ccc(S(C)(=O)=O)cc1,1,train,42
3841,CC[C@H](NC(=O)[C@@H](C)Sc1ccccc1)c1ccc(C)cc1C,1,train,42
3842,CC[C@H](NC(=O)c1cc([N+](=O)[O-])ccc1Cl)c1ccc(C)cc1C,1,train,42
3843,CC[C@H](NC(=O)c1ccc([N+](=O)[O-])c(C)c1)c1ccc(C)c(C)c1,1,train,42
3844,CC[C@H]1CCCCN1CC(=O)N(C)Cc1cnccn1,1,train,42
3845,CCc1c(C)nn(CC(=O)NC[C@H]2CCCN(c3ccccn3)C2)c1C,1,train,42
3846,CCc1nccn1CC(=O)N1CCCC[C@@H]1CCn1cccn1,1,test,42
3847,CCc1nccn1CCC(=O)N[C@@H](c1ccccn1)C1CC(O)C1,1,train,42
3848,CN(C)C(=O)C[C@H](O)c1cc2n(n1)CCN(C(=O)CN1CCCCCC1)C2,1,val,42
3849,CN(C)S(=O)(=O)c1ccc2c(c1)CCN2C(=O)CSCc1ccc([N+](=O)[O-])cc1,1,train,42
3850,CN(C)c1nsc(N[C@@H](c2cnc3ccccc3c2)C2CC(O)C2)n1,1,train,42
3851,CNc1nc(Oc2cccc(Cl)c2F)c(Cl)cc1Cl,1,train,42
3852,COC(=O)C[C@@H](c1ccc(O)cc1)c1c(O)c(C(=O)OC)c[nH]c1=O,1,train,42
3853,COC(=O)C[C@@H](c1ccc(OC)c(CO)c1)c1c(O)cc(C)n(CCc2ccc(O)cc2)c1=O,1,test,42
3854,COC(=O)C[C@@H](c1ccc2c(c1)OCO2)c1cc2c(cc1O)OCO2,1,train,42
3855,COC(=O)C[C@@H](c1cccc(Br)c1)c1oc(CN2C[C@@H]3C[C@H](C2)c2cccc(=O)n2C3)cc(=O)c1O,1,train,42
3856,COC(=O)C[C@@H](c1cccc(OC)c1OCCc1ccc(OC)cc1)c1c(O)c2ccccc2oc1=O,1,train,42
3857,COC(=O)C[C@H](C1=C(O)C(=O)C([C@@H](CC(=O)OC)c2ccc(OC)c(OCC(N)=O)c2)=C(O)C1=O)c1ccc(OC)c(OCC(N)=O)c1,1,test,42
3858,COC(=O)C[C@H](CC(C)C)c1c(O)c(C(=O)OC)c[nH]c1=O,1,train,42
3859,COC(=O)C[C@H](c1cc(OC)c2c(c1)OCO2)c1oc(CN2C[C@@H]3C[C@H](C2)c2cccc(=O)n2C3)cc(=O)c1O,1,train,42
3860,COC(=O)C[C@H](c1cccc(Br)c1)c1oc(CN2C[C@@H]3C[C@H](C2)c2cccc(=O)n2C3)cc(=O)c1O,1,val,42
3861,COC(=O)C[C@H](c1ccccc1)c1c(O)cc(C)oc1=O,1,train,42
3862,COC(=O)C[C@H](c1cccnc1)c1c(O)c(C(=O)OC)c[nH]c1=O,1,train,42
3863,COC(=O)C[C@H](c1coc2ccccc2c1=O)c1c(O)cc(C)n(CCc2ccc(O)cc2)c1=O,1,train,42
3864,COCCN(C[C@@H]1CCCO1)C(=O)c1[nH]nc(N)c1Cl,1,train,42
3865,COC[C@@]1(C(=O)O)[C@H](c2ccc3c(c2)OCO3)[C@@H]1S(C)(=O)=O,1,train,42
3866,COC[C@]1(C(N)=S)[C@@H](c2ccc3c(c2)OCO3)[C@@H]1S(C)(=O)=O,1,train,42
3867,COC[C@]1(CN)[C@@H](c2ccc(OC)cc2)[C@@H]1S(=O)(=O)c1ccc(Cl)cc1,1,train,42
3868,COC[C@@]1(N)[C@H](c2ccc(OC)cc2)[C@@H]1S(=O)(=O)c1ccc(Cl)cc1,1,train,42
3869,COC[C@@]1(C(=O)O)[C@@H](c2ccc(OC)cc2)[C@@H]1S(C)(=O)=O,1,val,42
3870,COc1cc(/C=C2/SC(=O)N(CC(=O)Nc3ccc(F)cc3F)C2=O)ccc1Oc1ccc([N+](=O)[O-])cc1[N+](=O)[O-],1,train,42
3871,COc1cc(C(=O)NCCCN2CCCc3ccccc32)cc(OC)c1OC,1,train,42
3872,COc1cc(C(=O)N[C@@H]2CC(C)(C)Oc3cc(C)ccc32)cc(OC)c1OC,1,val,42
3873,COc1cc(OC)c(OC)cc1/C=C1/Oc2c(ccc3c2[C@@H](c2cc(OC)c(OC(C)=O)c(OC)c2)CC(=O)O3)C1=O,1,train,42
3874,COc1cc2c(c(OC)c1OC)[C@H](c1ccc3ncccc3c1)CC(=O)O2,1,train,42
3875,COc1ccc(-c2noc(CN(C)C(=O)[C@H](C)SCc3ccccc3)n2)c(OC)c1,1,train,42
3876,COc1ccc(C(=O)c2coc3ccc(O)c(CN4CCN(C)CC4)c23)cc1,1,train,42
3877,COc1ccc(CCCNC(=O)CSCc2cccc(Cl)c2)cc1,1,train,42
3878,COc1ccc(N2C[C@H](C(=O)N3CCCC[C@H]3c3cccnc3)CC2=O)cc1,1,train,42
3879,COc1ccc(NC(=O)/C(=C/c2ccco2)c2ccccc2)cc1Cl,1,train,42
3880,COc1ccc(NC(=O)C[C@H]2OC(=O)c3c2ccc(OC)c3OC)cc1N1CCCS1(=O)=O,1,test,42
3881,COc1ccc([C@@H](NC2CCOCC2)C2CC(O)C2)cn1,1,train,42
3882,COc1ccc([C@@H]2[C@@H](C(=O)O)[C@@H]2S(=O)(=O)c2ccc(C)cc2)cc1,1,train,42
3883,COc1ccc([C@@H]2[C@@H](N)[C@@H]2S(=O)(=O)c2ccc(Cl)cc2)cc1,1,train,42
3884,COc1ccc([C@@H]2[C@@H](S(=O)(=O)c3ccc(Cl)cc3)C2(CN)CN)cc1,1,train,42
3885,COc1ccc([C@@H]2[C@H](CO)[C@@H]2S(=O)(=O)c2ccc(C)cc2)cc1,1,train,42
3886,COc1ccc([C@@H]2[C@H](N)[C@@H]2S(=O)(=O)c2ccc(C)cc2)cc1,1,train,42
3887,COc1ccc([C@H]2CC(=O)Oc3cc(C)oc(=O)c32)cc1,1,train,42
3888,COc1ccc([C@H]2[C@@H](S(=O)(=O)c3ccc(C)cc3)[C@]2(C#N)C=O)cc1,1,train,42
3889,COc1ccc([C@H]2[C@@H](S(=O)(=O)c3ccc(Cl)cc3)C2(C#N)C#N)cc1,1,val,42
3890,COc1ccc([C@H]2[C@@H](S(=O)(=O)c3ccc(Cl)cc3)C2(CN)CN)cc1,1,train,42
3891,COc1ccc([C@H]2[C@@H](S(=O)(=O)c3ccccc3)[C@]2(C#N)C=O)cc1,1,train,42
3892,COc1ccc([C@H]2[C@@H](S(C)(=O)=O)[C@@]2(CO)C(=O)O)cc1,1,train,42
3893,COc1ccc([C@H]2[C@H](C#N)[C@@H]2S(=O)(=O)c2ccc(C)cc2)cc1,1,train,42
3894,COc1ccc([C@H]2[C@H](N)[C@@H]2S(C)(=O)=O)cc1,1,val,42
3895,COc1ccc([C@H]2[C@H](S(=O)(=O)c3ccc(Cl)cc3)[C@@]2(CN)CO)cc1,1,train,42
3896,COc1ccc([C@H]2[C@H](S(=O)(=O)c3ccc(Cl)cc3)[C@@]2(N)C#N)cc1,1,train,42
3897,COc1ccc([C@H]2[C@H](S(=O)(=O)c3ccc(Cl)cc3)[C@]2(C=O)NC(=O)OC(C)(C)C)cc1,1,train,42
3898,COc1ccc([C@H]2[C@H](S(C)(=O)=O)[C@@]2(C#N)C(=O)O)cc1,1,train,42
3899,COc1ccc2[nH]c(=O)c([C@H]3CC(=O)Oc4ccc5c(c43)O/C(=C\c3cccc(OC)c3OC)C5=O)cc2c1,1,train,42
3900,COc1ccc2c(c1)[C@@H](NC(=O)/C(=C/c1ccco1)c1ccccc1)CC(C)(C)O2,1,train,42
3901,COc1ccc2c(c1OC)C(=O)O[C@H]2Nc1ccc2c(c1)COC2=O,1,train,42
3902,COc1ccc2cc([C@@H]3CC(=O)Oc4cc(C)oc(=O)c43)c(=O)[nH]c2c1,1,train,42
3903,COc1ccccc1CCCNC(=O)CCSc1ccccc1,1,train,42
3904,COc1ccccc1CCCNC(=O)CSCc1ccc(Cl)cc1,1,train,42
3905,CS(=O)(=O)[C@@H]1[C@@H](c2ccc3c(c2)OCO3)[C@]1(C#N)C=O,1,test,42
3906,CS(=O)(=O)[C@@H]1[C@H](C(N)=S)[C@@H]1c1ccccc1,1,train,42
3907,CS(=O)(=O)[C@@H]1[C@H](c2ccc3c(c2)OCO3)C1(CN)CN,1,train,42
3908,CS(=O)(=O)[C@H]1[C@@H](C#N)[C@@H]1c1ccccc1,1,train,42
3909,CS(=O)(=O)[C@H]1[C@@H](c2ccc3c(c2)OCO3)C1(C#N)C#N,1,train,42
3910,CS(=O)(=O)[C@H]1[C@H](c2ccc3c(c2)OCO3)[C@@]1(CN)CO,1,train,42
3911,C[C@@H](O)c1cc2n(n1)CCN(C(=O)CC1=C(c3ccccc3)CCC1=O)C2,1,train,42
3912,C[C@@H]1CCCN(c2ccc([C@@H](C)NC(=O)/C(=C/c3ccco3)c3ccccc3)cc2)C1,1,val,42
3913,C[C@](O)(CNC(=O)C(=O)Nc1cccc(C(F)(F)F)c1)c1cc2ccccc2o1,1,train,42
3914,Cc1ccc(CS(=O)(=O)N[C@H](c2ccccn2)C2CC(O)C2)cc1,1,val,42
3915,Cc1ccc(OCCNC(=O)[C@@H](C)SCc2ccccc2)cc1,1,train,42
3916,Cc1ccc(OC[C@@H](C)NC(=O)c2cc([N+](=O)[O-])ccc2Cl)cc1,1,train,42
3917,Cc1ccc(S(=O)(=O)[C@@H]2[C@@H](c3ccccc3)C2(CN)CN)cc1,1,train,42
3918,Cc1ccc(S(=O)(=O)[C@@H]2[C@H](c3ccccc3)C2(CN)CN)cc1,1,test,42
3919,Cc1ccc(S(=O)(=O)[C@@H]2[C@H](c3ccccc3)[C@]2(C=O)NC(=O)OC(C)(C)C)cc1,1,train,42
3920,Cc1ccc(S(=O)(=O)[C@H]2[C@H](C(N)=S)[C@@H]2c2ccccc2)cc1,1,train,42
3921,Cc1ccc(S(=O)(=O)[C@H]2[C@H](CN)[C@@H]2c2ccccc2)cc1,1,test,42
3922,Cc1ccc(S(=O)(=O)[C@H]2[C@H](c3ccccc3)[C@@]2(N)CO)cc1,1,train,42
3923,Cc1ccc(S[C@@H](C)C(=O)NCc2nc(-c3ccccc3Cl)no2)cc1,1,train,42
3924,Cc1ccc(S[C@@H](C)C(=O)N[C@@H]2CC(C)(C)Oc3ccc(C)cc32)cc1,1,train,42
3925,Cc1ccc(S[C@H](C)C(=O)NCCCc2ccc(OC(C)C)cc2)cc1,1,train,42
3926,Cc1ccc([C@H](C)NC(=O)CCSc2ccccc2)cc1C,1,train,42
3927,Cc1ccc2c(c1)OC(C)(C)C[C@@H]2NC(=O)CCSc1ccccc1,1,train,42
3928,Cc1ccc2c(c1)OC(C)(C)C[C@@H]2NC(=O)CSCc1ccc([N+](=O)[O-])cc1,1,val,42
3929,Cc1ccc2c(c1)OC(C)(C)C[C@H]2NC(=O)CSCc1ccc([N+](=O)[O-])cc1,1,train,42
3930,Cc1ccc2c(c1)[C@H](NC(=O)[C@@H](C)Sc1ccccc1)CC(C)(C)O2,1,train,42
3931,Cc1cccc(-c2noc(CNC(=O)CCSc3ccc(Cl)cc3)n2)c1,1,train,42
3932,Cc1ccccc1OC[C@H](C)NC(=O)CSCc1ccc([N+](=O)[O-])cc1,1,train,42
3933,Cc1nc(N)ncc1C(=O)N1CC[C@@H]1c1ccc(F)cc1,1,test,42
3934,Cc1ncsc1CCC(=O)N[C@@H](c1cnn(C)c1)C1CC(O)C1,1,val,42
3935,Cn1c(C(=O)N2CCCC[C@H]2c2cccnc2)cc2ccccc21,1,train,42
3936,NC(=O)C[C@@H](c1ccc(O)cc1)c1oc(CN2CCOCC2)cc(=O)c1O,1,train,42
3937,NC[C@@H]1[C@@H](c2ccc3c(c2)OCO3)[C@@H]1S(=O)(=O)c1ccccc1,1,train,42
3938,O=C(/C(=C/c1ccco1)c1ccccc1)N1CCN(S(=O)(=O)c2ccccc2)CC1,1,train,42
3939,O=C(CCN1C(=O)CC2(CCCC2)C1=O)NC[C@@H]1C[C@H]2C=C[C@@H]1C2,1,train,42
3940,O=C(CCc1nc(-c2ccncc2)no1)NC[C@@H]1C[C@@H]2C=C[C@@H]1C2,1,train,42
3941,O=C(C[C@H]1C[C@H]2CC[C@@H]1C2)NC[C@@H](O)c1ccccc1,1,train,42
3942,O=C(Cc1csc(-n2cccc2)n1)N1CCCC[C@H]1c1cccnc1,1,val,42
3943,O=C(NCCSCc1ccccc1)/C(=C/c1ccco1)c1ccccc1,1,train,42
3944,O=C(NCCSc1ccc(Cl)cc1)/C(=C/c1ccco1)c1ccccc1,1,train,42
3945,O=C(NCc1nc(-c2ccc(Cl)cc2)no1)c1ccc(CN2CCOCC2)cc1,1,train,42
3946,O=C(N[C@@H](Cc1ccccn1)C1CC(O)C1)c1n[nH]c2ccccc12,1,train,42
3947,O=C(Nc1ccc(OC2CCCC2)cc1)c1cc2c(ccc3ccccc32)o1,1,train,42
3948,O=C(O)CC[C@]1(CCC(=O)NCc2cc3cc(F)ccc3[nH]2)CCC(=O)N1,1,val,42
3949,O=C(c1ccc(CSc2ccccn2)cc1)N1CCC[C@H]1c1ccccn1,1,val,42
3950,O=C(c1cccc(OC(F)F)c1)N1CCn2nc([C@@H](O)C3CC3)cc2C1,1,train,42
3951,O=C1CCC(C(=O)N[C@@H](c2ccc(F)cc2)C2CC(O)C2)=NN1,1,train,42
3952,O=C[C@H]1[C@H](c2ccccc2)[C@@H]1S(=O)(=O)c1ccc(Cl)cc1,1,val,42
3953,O=S(=O)(c1ccc(Cl)cc1)[C@@H]1[C@H](CO)[C@H]1c1ccccc1,1,train,42
3954,OC1CCN(c2ccnc(N[C@H](c3ccccn3)C3CC(O)C3)n2)CC1,1,train,42
3955,C#CC(O)(C=CCl)CC,1,train,42
3956,C#CCN(C)C(C)Cc1ccccc1,1,train,42
3957,C1=C(CC2=NCCN2)CCc2ccccc21,1,train,42
3958,C1=CCC2=C3C(=NC2=C1)CCNC3Cc1ccccc1,1,train,42
3959,C=C1CC(C)C2C3Cc4ccc(O)cc4C2(CCN3CC2CCC2)C1,1,train,42
3960,C=C1CC2C3C=CC4=CC(=O)CCC4(C)C3C(O)CC2(C)C1(O)C(=O)CO,1,val,42
3961,C=C1CC2C3CCC4=CC(=O)C=CC4(C)C3(F)C(O)CC2(C)C1(O)C(=O)CO,1,train,42
3962,C=CC1OC2CC3C4CCC5=CC(=O)C=CC5(C)C4(F)C(O)CC3(C)C2(C(=O)CO)O1,1,train,42
3963,C=CCN1CC(C(=O)N(CCCN(C)C)C(=O)NCC)CC2c3cccc4[nH]cc(c34)CC21,1,train,42
3964,C=CCN1CCC23CCCCC2C1Cc1ccc(O)cc13,1,train,42
3965,C=CCN1CCC23c4c5ccc(O)c4OC2C(=O)CCC3(O)C1C5,1,train,42
3966,C=CCN1CCC23c4c5ccc(O)c4OC2C(O)C=CC3C1C5,1,train,42
3967,CC(=C(CCO)SSCC1CCCO1)N(C=O)Cc1cnc(C)nc1N,1,train,42
3968,CC(=C(CCOC(=O)c1ccccc1)SC(=O)c1ccccc1)N(C=O)Cc1cnc(C)nc1N,1,train,42
3969,CC(=C(CCOC(=O)c1ccccc1)SSC(CCOC(=O)c1ccccc1)=C(C)N(C=O)Cc1cnc(C)nc1N)N(C=O)Cc1cnc(C)nc1N,1,train,42
3970,CC(=C1CCOC(=O)S1)N(C=O)Cc1cnc(C)nc1N,1,train,42
3971,CC(=CCCN1CCC2(CC1)C(=O)NCN2c1ccccc1)c1ccc(F)cc1,1,val,42
3972,CC(=O)C1(O)C(C)CC2C3CCC4=CC(=O)C=CC4(C)C3(F)C(O)CC21C,1,train,42
3973,CC(=O)C1(O)C(O)CC2C3CCC4=CC(=O)CCC4(C)C3CCC21C,1,test,42
3974,CC(=O)C1(O)CCC2C3CC(C)C4=CC(=O)C=CC4(C)C3(F)C(O)CC21C,1,train,42
3975,CC(=O)C12OC(C)(C)OC1CC1C3CCC4=CC(=O)C=CC4(C)C3(F)C(O)CC12C,1,train,42
3976,CC(=O)C1CCC2C3CCC4CC(O)CCC4(C)C3C(=O)CC12C,1,train,42
3977,CC(=O)C1CCC2C3CCC4CC(O)CCC4(C)C3CCC12C,1,train,42
3978,CC(=O)CC(=O)C1(O)CCC2C3CCC4=CC(=O)C=CC4(C)C3(Cl)C(Cl)CC21C,1,train,42
3979,CC(=O)CC(=O)C12OC(C)(C)OC1CC1C3CC(C#N)=C4C=C(OCCCl)CCC4(C)C3(F)C(O)CC12C,1,train,42
3980,CC(=O)N1CCN(C(=O)Cc2ccc(Cl)c(Cl)c2)C(CN2CCCC2)C1,1,train,42
3981,CC(=O)NCCCC(NC(C)=O)C(=O)O,1,train,42
3982,CC(=O)Nc1ccc(OC(=O)C2CCC(=O)N2)cc1,1,train,42
3983,CC(=O)OC(C)C(=O)C1(O)CCC2C3CCC4=CC(=O)C=CC4(C)C3(F)C(O)CC21C,1,train,42
3984,CC(=O)OC1(C(C)=O)CCC2C3CC(C)C4=CC(=O)C=CC4(C)C3(F)C(O)CC21C,1,test,42
3985,CC(=O)OC1CC2C(COC(=O)CC(C)C)=COC(OC(=O)CC(C)C)C2C12CO2,1,train,42
3986,CC(=O)OCC(=O)C1(O)C(C)CC2C3C=C(C)C4=Cc5c(cnn5-c5ccccc5)CC4(C)C3C(O)CC21C,1,train,42
3987,CC(=O)OCC(=O)C1(O)C(C)CC2C3CC(F)C4=CC(=O)C=CC4(C)C3C(O)CC21C,1,train,42
3988,CC(=O)OCC(=O)C1(O)C(C)CC2C3CCC4=CC(=O)C=CC4(C)C3(F)C(O)CC21C,1,train,42
3989,CC(=O)OCC(=O)C1(O)C(OC(C)=O)CC2C3CCC4=CC(=O)C=CC4(C)C3(F)C(O)CC21C,1,train,42
3990,CC(=O)OCC(=O)C1(O)CCC2C3CC(C)C4=CC(=O)C=CC4(C)C3C(O)CC21C,1,train,42
3991,CC(=O)OCC(=O)C1(O)CCC2C3CC(Cl)C4=CC(=O)C=CC4(C)C3C(=O)CC21C,1,val,42
3992,CC(=O)OCC(=O)C1(O)CCC2C3CCC4=CC(=O)C=CC4(C)C3(F)C(O)CC21C,1,train,42
3993,CC(=O)OCC(=O)C1(O)CCC2C3CCC4=CC(=O)C=CC4(C)C3C(O)CC21C,1,train,42
3994,CC(=O)OCC(=O)C1(O)CCC2C3CCC4=CC(=O)CCC4(C)C3(F)C(O)CC21C,1,train,42
3995,CC(=O)OCC(=O)C1(O)CCC2C3CCC4=CC(=O)CCC4(C)C3C(=O)CC21C,1,test,42
3996,CC(=O)OCC(=O)C1(O)CCC2C3CCC4=CC(=O)CCC4(C)C3C(O)CC21C,1,train,42
3997,CC(=O)OCC(=O)C1(OC(=O)C(C)C)C(C)CC2C3CCC4=CC(=O)C=CC4(C)C3(F)C(O)CC21C,1,test,42
3998,CC(=O)OCC(=O)C1(OC(=O)c2ccco2)C(C)CC2C3CCC4=CC(=O)C=CC4(C)C3(F)C(O)CC21C,1,train,42
3999,CC(=O)OCC(=O)C1(OC(C)=O)C(C)CC2C3CC(F)C4=CC(=O)C=CC4(C)C3(F)C(O)CC21C,1,train,42
4000,CC(=O)OCC(=O)C1(OC(C)=O)CCC2C3CC(F)C4=CC(=O)C(Br)=CC4(C)C3(F)C(O)CC21C,1,train,42
4001,CC(=O)OCC(=O)C12N=C(C)OC1CC1C3CCC4=CC(=O)C=CC4(C)C3(F)C(O)CC12C,1,train,42
4002,CC(=O)OCC(=O)C12N=C(C)OC1CC1C3CCC4=CC(=O)C=CC4(C)C3C(O)CC12C,1,train,42
4003,CC(=O)OCC(=O)C12OC(C)(C)OC1CC1C3CC(C=O)=C4C=C(OCCCl)CCC4(C)C3(F)C(O)CC12C,1,train,42
4004,CC(=O)OCC(=O)C12OC(C)(C)OC1CC1C3CC(F)C4=CC(=O)C=CC4(C)C3(F)C(O)CC12C,1,val,42
4005,CC(=O)OCC(=O)C12OC(C)(C)OC1CC1C3CC(F)C4=CC(=O)C=CC4(C)C3C(O)CC12C,1,train,42
4006,CC(=O)OCC(=O)C12OC3(CCCC3)OC1CC1C3CCC4=CC(=O)C=CC4(C)C3(F)C(O)CC12C,1,train,42
4007,CC(=O)OCC(=O)C1C(C)CC2C3CC(F)C4=CC(=O)C=CC4(C)C3(Cl)C(O)CC21C,1,test,42
4008,CC(=O)OCC1=COC(OC(=O)CC(C)(C)OC(C)=O)C2C1=CC(OC(=O)CC(C)C)C21CO1,1,train,42
4009,CC(=O)OCC1=COC(OC(=O)CC(C)C)C2C1=CC(OC(=O)CC(C)C)C21CO1,1,train,42
4010,CC(=O)OCCC(SC(C)=O)=C(C)N(C=O)Cc1cnc(C)nc1N,1,train,42
4011,CC(=O)Oc1ccc2c3c1OC1C(OC(C)=O)C=CC4C(C2)N(C)CCC341,1,train,42
4012,CC(C)(C)C(=O)SCC(=O)C1(O)CCC2C3CCC4=CC(=O)CCC4(C)C3C(O)CC21C,1,val,42
4013,CC(C)(C)C(O)C=Cc1ccc2c(c1)OCO2,1,train,42
4014,CC(C)(C)C1(O)CCN2CC3c4ccccc4CCc4cccc(c43)C2C1,1,train,42
4015,CC(C)(C)CC(=O)OCC(=O)C1(O)CCC2C3CCC4=CC(=O)C=CC4(C)C3C(O)CC21C,1,train,42
4016,CC(C)(C)CC(=O)OCC(=O)C12OC(C)(C)OC1CC1C3CC4=CC(=O)C=CC4(C)C3(F)C(O)CC12C,1,test,42
4017,CC(C)(CO)C(O)C(=O)NCCCC(=O)O,1,train,42
4018,CC(C)C(=O)OCC(=O)C12OC(C3CCCCC3)OC1CC1C3CCC4=CC(=O)C=CC4(C)C3C(O)CC12C,1,train,42
4019,CC(C)C(CN1CCCC1)N(C)C(=O)Cc1ccc(Cl)c(Cl)c1,1,train,42
4020,CC(C)C1(O)CCN2CC3c4ccccc4CCc4cccc(c43)C2C1,1,train,42
4021,CC(C)N1CCOC(c2cccc(C(F)(F)F)c2)C1,1,train,42
4022,CC(C)n1cc2c3c(cccc31)C1CC(C(=O)NC3CCCCC3)CN(C)C1C2,1,train,42
4023,CC(CNC(=O)c1ccccc1)C(=O)OCC(=O)C12OC(C)(C)OC1CC1C3CCC4=CC(=O)C=CC4(C)C3(F)C(O)CC12C,1,train,42
4024,CC1(C)CCN(C(=O)Cc2ccc(Cl)c(Cl)c2)C(CN2CCCC2)C1,1,test,42
4025,CC1(C)NC(=O)C(C=Cc2ccccc2)O1,1,train,42
4026,CC1(C)OC2CC3C4CC(F)C5=CC(=O)C=CC5(C)C4(Cl)C(Cl)CC3(C)C2(C(=O)CCl)O1,1,train,42
4027,CC1(C)OC2CC3C4CC(F)C5=CC(=O)C=CC5(C)C4(Cl)C(Cl)CC3(C)C2(C(=O)CF)O1,1,train,42
4028,CC1(C)OC2CC3C4CC(F)C5=CC(=O)C=CC5(C)C4(Cl)C(Cl)CC3(C)C2(C(=O)CO)O1,1,test,42
4029,CC1(C)OC2CC3C4CC(F)C5=CC(=O)C=CC5(C)C4(F)C(O)CC3(C)C2(C(=O)CO)O1,1,test,42
4030,CC1(C)OC2CC3C4CC(F)C5=CC(=O)C=CC5(C)C4(F)C(O)CC3(C)C2(C(=O)COC(=O)C2CC2)O1,1,val,42
4031,CC1(C)OC2CC3C4CC(F)C5=CC(=O)C=CC5(C)C4C(O)CC3(C)C2(C(=O)CO)O1,1,train,42
4032,CC1(C)OC2CC3C4CC(F)C5=CC(=O)CCC5(C)C4C(O)CC3(C)C2(C(=O)CO)O1,1,train,42
4033,CC1(C)OC2CC3C4CC5=CC(=O)C=CC5(C)C4(F)C(O)CC3(C)C2(C(=O)COC(=O)c2cc3ccccc3o2)O1,1,train,42
4034,CC1(C)OC2CC3C4CCC5=CC(=O)C=CC5(C)C4(F)C(O)CC3(C)C2(C(=O)CO)O1,1,train,42
4035,CC1(C)OC2CC3C4CCC5=CC(=O)C=CC5(C)C4C(O)CC3(C)C2(C(=O)CO)O1,1,test,42
4036,CC1(C)OC2CC3C4CCC5=CC(=O)CCC5(C)C4(F)C(O)CC3(C)C2(C(=O)CCl)O1,1,train,42
4037,CC1(C)OC2CC3C4CCC5CC(=O)CCC5(C)C4(F)C(O)CC3(C)C2(C(=O)CO)O1,1,train,42
4038,CC1(C)OC2COC3(COS(N)(=O)=O)OC(C)(C)OC3C2O1,1,test,42
4039,CC1(c2ccccc2)OC2CC3C4CCC5=CC(=O)C=CC5(C)C4(F)C(O)CC3(C)C2(C(=O)CO)O1,1,train,42
4040,CC12C=CC(=O)C1C(=O)CCC1C2C(O)CC2(C)C1CCC2(O)C(=O)CO,1,train,42
4041,CC12C=CC(=O)C=C1C(Cl)=CC1C2C(O)CC2(C)C1CCC2(O)C(=O)CO,1,train,42
4042,CC12C=CC(=O)C=C1C(Cl)CC1C2C(=O)CC2(C)C1CCC2(O)C(=O)CO,1,train,42
4043,CC12C=CC(=O)C=C1C(F)CC1C3CC(O)C(O)(C(=O)CO)C3(C)CC(O)C12F,1,train,42
4044,CC12C=CC(=O)C=C1CCC1C2C(=O)CC2(C)C1CCC2(O)C(=O)CO,1,train,42
4045,CC12C=CC(=O)C=C1CCC1C2C(O)CC2(C)C1CCC2(O)C(=O)COC(=O)CCC(=O)O,1,train,42
4046,CC12C=CC(=O)C=C1CCC1C3CCC(O)(C(=O)CO)C3(C)CC(Cl)C12Cl,1,test,42
4047,CC12CC(=O)C3C(CCC4CC(O)CCC43C)C1CCC2C(=O)CO,1,test,42
4048,CC12CCC(=O)C=C1CCC1C2C(O)CC2(C)C1CCC2(O)C(=O)COC(=O)CCC(=O)O,1,val,42
4049,CC12CCC(=O)C=C1CCC1C2C(O)CC2(C)C1CCC2(O)C(=O)CS,1,train,42
4050,CC1=CC2C(C(O)CC3(C)C2CC(C)C3(O)C(=O)COC(=O)c2cccc(S(=O)(=O)O)c2)C2(C)Cc3cnn(-c4ccccc4)c3C=C12,1,train,42
4051,CC1=CCC2C3Cc4ccc(O)c5c4C2(CN3C)C1O5,1,train,42
4052,CC1C(c2ccccc2)OCCN1C,1,train,42
4053,CC1C2C(=O)c3ccc(O)cc3C1(C)CCN2CC1CC1,1,val,42
4054,CC1CC2C(C(O)CC3(C)C(C(=O)O)CCC23)C2(C)CCC(=O)C=C12,1,train,42
4055,CC1CC2C(C(O)CC3(C)C2CCC3(O)C(=O)CO)C2(C)C=CC(=O)C=C12,1,train,42
4056,CC1CC2C(C(O)CC3(C)C2CCC3(O)C(=O)COC(=O)CCC(=O)O)C2(C)C=CC(=O)C=C12,1,train,42
4057,CC1CC2C3C(Cl)CC4=CC(=O)C=CC4(C)C3C(O)CC2(C)C1(O)C(=O)CO,1,train,42
4058,CC1CC2C3CC(F)C4=CC(=O)C(Cl)=CC4(C)C3(F)C(O)CC2(C)C1(O)C(=O)CO,1,train,42
4059,CC1CC2C3CC(F)C4=CC(=O)C=CC4(C)C3(Cl)C(F)CC2(C)C1C(=O)CO,1,train,42
4060,CC1CC2C3CC(F)C4=CC(=O)C=CC4(C)C3(Cl)C(O)CC2(C)C1C(=O)CO,1,val,42
4061,CC1CC2C3CC(F)C4=CC(=O)C=CC4(C)C3(Cl)C(O)CC2(C)C1C(=O)COC(=O)C(C)(C)C,1,train,42
4062,CC1CC2C3CC(F)C4=CC(=O)C=CC4(C)C3(F)C(O)CC2(C)C1(O)C(=O)CO,1,train,42
4063,CC1CC2C3CC(F)C4=CC(=O)C=CC4(C)C3(F)C(O)CC2(C)C1(O)C(=O)COC(=O)C(C)(C)C,1,train,42
4064,CC1CC2C3CC(F)C4=CC(=O)C=CC4(C)C3(F)C(O)CC2(C)C1C(=O)CO,1,train,42
4065,CC1CC2C3CC(F)C4=CC(=O)C=CC4(C)C3(F)C(O)CC2(C)C1C(=O)COC(=O)C(C)(C)C,1,train,42
4066,CC1CC2C3CCC4=CC(=O)C=CC4(C)C3(Cl)C(O)CC2(C)C1(O)C(=O)CO,1,train,42
4067,CC1CC2C3CCC4=CC(=O)C=CC4(C)C3(Cl)C(O)CC2(C)C1(OC(=O)c1ccco1)C(=O)CCl,1,train,42
4068,CC1CC2C3CCC4=CC(=O)C=CC4(C)C3(F)C(=O)CC2(C)C1(O)C(=O)CCl,1,train,42
4069,CC1CC2C3CCC4=CC(=O)C=CC4(C)C3(F)C(O)CC2(C)C1(C)C(=O)CO,1,train,42
4070,CC1CC2C3CCC4=CC(=O)C=CC4(C)C3(F)C(O)CC2(C)C1(O)C(=O)CCl,1,train,42
4071,CC1CC2C3CCC4=CC(=O)C=CC4(C)C3(F)C(O)CC2(C)C1(OC(=O)c1ccccc1)C(=O)CO,1,train,42
4072,CC1CC2C3CCC4=CC(=O)C=CC4(C)C3(F)C(O)CC2(C)C1C(=O)CO,1,train,42
4073,CC1CC2C3CCC4=CC(=O)C=CC4(C)C3C(=O)CC2(C)C1(O)C(=O)CO,1,train,42
4074,CC1CCCCC1(c1cccs1)N1CCCCC1,1,test,42
4075,CC1CN2CC(=O)Nc3ccc(Cl)cc3C2(c2ccccc2)O1,1,test,42
4076,CC1N=C(c2ccccc2Cl)c2cc([N+](=O)[O-])ccc2NC1=O,1,val,42
4077,CC1c2ccccc2C(CCCN(C)C)c2cc(C(F)(F)F)ccc21,1,train,42
4078,CC=C(CC)C(=O)NC(N)=O,1,train,42
4079,CC=CC(=O)N(CC)C(CC)C(=O)N(C)C,1,train,42
4080,CC=CC(=O)N(CCC)C(CC)C(=O)N(C)C,1,train,42
4081,CC=CC1OC2(C(=O)COC(=O)c3ccncc3)CCC3(O1)C1CCC4=CC(=O)CCC4(C)C1C(O)CC23C,1,train,42
4082,CCC(=O)C1(C)C(C)CC2C3CCC4=CC(=O)C=CC4(C)C3C(O)CC21C,1,train,42
4083,CCC(=O)N(c1ccc(Cl)c(Cl)c1)C1CCCC1N(C)C,1,train,42
4084,CCC(=O)N(c1ccccc1)C1(C(=O)OC)CCN(CCc2ccccc2)CC1C,1,val,42
4085,CCC(=O)OC1(C(=O)CCl)C(C)CC2C3CCC4=CC(=O)C=CC4(C)C3(F)C(O)CC21C,1,train,42
4086,CCC(=O)OC1(C(=O)COC(C)=O)CCC2C3CC(C)C4=CC(=O)C=CC4(C)C3C(O)CC21C,1,train,42
4087,CCC(=O)OC1(C(=O)COC(C)=O)CCC2C3CCC4=CC(=O)CCC4(C)C3C(O)CC21C,1,train,42
4088,CCC(=O)OC1(C(=O)COC)C(C)CC2C3CCC4=CC(=O)C=CC4(C)C3(F)C(O)CC21C,1,train,42
4089,CCC(=O)OC1(C(=O)SC)C(C)CC2C3CC(F)C4=CC(=O)C=CC4(C)C3(F)C(O)CC21C,1,train,42
4090,CCC(=O)OC1(C(=O)SCCl)C(C)CC2C3CC(F)C4=CC(=O)C=CC4(C)C3(F)C(O)CC21C,1,train,42
4091,CCC(=O)OC1(c2ccccc2)CCN(C)CC1CC,1,train,42
4092,CCC(=O)OCC(=O)C1(OC(=O)CC)C(C)CC2C3C(Cl)CC4=CC(=O)C=CC4(C)C3C(O)CC21C,1,train,42
4093,CCC(=O)OCC(=O)C1(OC(=O)CC)C(C)CC2C3CCC4=CC(=O)C=CC4(C)C3(Cl)C(O)CC21C,1,train,42
4094,CCC(=O)OCC(=O)C1(OC(=O)CC)C(C)CC2C3CCC4=CC(=O)C=CC4(C)C3(F)C(O)CC21C,1,train,42
4095,CCC(=O)OCC(=O)C12OC(C)(C)OC1CC1C3CC(F)C4=CC(=O)C=CC4(C)C3(F)C(O)CC12C,1,train,42
4096,CCC(C)C(=O)OC1CCC=C2C=CC(C)C(CCC3CC(O)CC(=O)O3)C21,1,train,42
4097,CCC(NC(=O)c1c(O)c(-c2ccccc2)nc2ccccc12)c1ccccc1,1,train,42
4098,CCC(NC(=O)c1c(OCCCN(C)C)c(-c2ccccc2)nc2ccccc12)c1ccccc1,1,test,42
4099,CCC1(CC)OC2CC3C4CCC5=CC(=O)C=CC5(C)C4(F)C(O)CC3(C)C2(C(=O)CO)O1,1,val,42
4100,CCC1CC(=O)C2Oc3c(OC)ccc4c3C23CCN(CC2CC2)C(C4)C13,1,train,42
4101,CCCC(=O)OC1(C(=O)CCl)C(C)CC2C3CCC4=CC(=O)C=CC4(C)C3(F)C(=O)CC21C,1,train,42
4102,CCCC(=O)OC1(C(=O)CO)CCC2C3CCC4=CC(=O)CCC4(C)C3C(O)CC21C,1,val,42
4103,CCCC(=O)OC1(C(=O)COC(=O)CC)CCC2C3CCC4=CC(=O)CCC4(C)C3C(O)CC21C,1,train,42
4104,CCCC(=O)OC1(C(=O)COC(C)=O)C(C)CC2C3CCC4=CC(=O)C=CC4(C)C3(Cl)C(O)CC21C,1,train,42
4105,CCCC(=O)OC1(C(=O)COC(C)=O)CCC2C3CC(C)C4=CC(=O)CCC4(C)C3C(O)CC21C,1,train,42
4106,CCCC(=O)OC1(C(=O)COC(C)=O)CCC2C3CC(F)C4=CC(=O)C=CC4(C)C3(F)C(O)CC21C,1,train,42
4107,CCCC(=O)OC1(C(C)=O)CCCC2C3CCC4=CC(=O)C=CC4(C)C3C(O)CC21C,1,train,42
4108,CCCC(=O)OCC(=O)C1(OC(=O)CCC)C(C)CC2C3CCC4=CC(=O)C=CC4(C)C3(Cl)C(Cl)CC21C,1,train,42
4109,CCCC(C)(O)C1CC23C=CC1(OC)C1Oc4c(OC(C)=O)ccc5c4C12CCN(C)C3C5,1,train,42
4110,CCCC1(c2cccc(O)c2)CCN(C)CC1C,1,val,42
4111,CCCC1OC2CC3C4CC(F)C5=CC(=O)C=CC5(C)C4(F)C(O)CC3(C)C2(C(=O)OC(C)OC(=O)OCC)O1,1,train,42
4112,CCCC1OC2CC3C4CC(F)C5=CC(=O)CCC5(C)C4(F)C(O)CC3(C)C2(C(=O)CO)O1,1,train,42
4113,CCCCC(=O)OC1(C(=O)CO)C(C)CC2C3CCC4=CC(=O)C=CC4(C)C3(F)C(O)CC21C,1,train,42
4114,CCCCC(=O)OC1(C(=O)CO)CCC2C3CC(F)C4=CC(=O)C=CC4(C)C3C(O)CC21C,1,train,42
4115,CCCCC(=O)OC1(C(=O)CO)CCC2C3CCC4=CC(=O)CCC4(C)C3C(O)CC21C,1,val,42
4116,CCCCCC(=O)CCC1(C)C2Cc3ccc(O)cc3C1(C)CCN2C,1,train,42
4117,CCCCCCC(C)(C)c1cc(O)c2c(c1)OC(C)(C)C1CCC(=O)CC21,1,train,42
4118,CCCCCCCCCCCCCC(=O)OC1C=CC2C3Cc4ccc(OCc5ccccc5)c5c4C2(CCN3C)C1O5,1,train,42
4119,CCCCCCCCCCCCCCCCCC(=O)OCC(=O)OCC(=O)C1(O)CCC2C3CCC4=CC(=O)C=CC4(C)C3C(O)CC21C,1,test,42
4120,CCCCCCCNC(=O)Oc1ccc2c(c1)C1(C)CCN(C)C1N2C,1,train,42
4121,CCCNC(=O)c1ccc2c(c1)N(C(C)CN1CCCC1)c1ccccc1S2,1,train,42
4122,CCCOC(=O)N1CCN(C(=O)Cc2ccc(Cl)c(Cl)c2)C(CN2CCCC2)C1,1,train,42
4123,CCN(CC)C(=O)C1(c2ccccc2)CC1CN,1,train,42
4124,CCN(CC)C(=O)NC1C=C2c3cccc4[nH]cc(c34)CC2N(C)C1,1,train,42
4125,CCN(CC)C(=O)NC1CC2c3cccc4[nH]cc(c34)CC2N(C)C1,1,train,42
4126,CCN(CC)CC(=O)OCC(=O)C1(O)CCC2C3CCC4=CC(=O)CCC4(C)C3C(O)CC21C,1,train,42
4127,CCN(CC)S(=O)(=O)NC1CC2c3cccc4[nH]cc(c34)CC2N(C)C1,1,train,42
4128,CCN1CCCC1CNC(=O)c1c(OC)ccc(Br)c1OC,1,val,42
4129,CCNC(Cc1ccccc1)C1CCCO1,1,train,42
4130,CCOC(=O)CC(O)CC(O)C=CC1=C(c2ccc(F)cc2)c2ccccc2OC12CCCC2,1,test,42
4131,CCOC(=O)N1CCN(C(=O)Cc2ccc(Cl)c(Cl)c2)C(CN2CCCC2)C1,1,train,42
4132,CCOC(=O)OC1(C(=O)COC(=O)CC)CCC2C3CCC4=CC(=O)C=CC4(C)C3C(O)CC21C,1,val,42
4133,CCOC1CC2(C)C(CCC3C4CCC(C(C)=O)C4(C)CC(N(C)C)C32)CC1O,1,train,42
4134,CCOC1CCN(C(=O)c2cc(-c3ccccc3)c(=O)n3c2-c2cc(Cl)ccc2CC3)C1,1,train,42
4135,CCOc1ccccc1OC(c1ccccc1)C1CNCCO1,1,train,42
4136,CCSC1(SC)CCC2C3CCC4=CC(=O)C=CC4(C)C3(F)C(O)CC21C,1,train,42
4137,CCc1c(C)[nH]c2c1C(=O)C1CN(C)CCC1C2,1,train,42
4138,CCn1nnn(CCN2CCC(N(C(=O)COC)c3ccccc3F)C(C)C2)c1=O,1,train,42
4139,CN(C(=O)CNC(=O)C(N)CCCCN)c1ccc(Cl)cc1C(=O)c1ccccc1,1,train,42
4140,CN(C(=O)Cc1ccc(Cl)c(Cl)c1)C(CN1CCCC1)c1ccccc1,1,val,42
4141,CN(C(=O)Cc1ccc(Cl)c(Cl)c1)C1CCC2(CCCO2)CC1N1CCCC1,1,train,42
4142,CN(C(=O)Cc1ccc(Cl)c(Cl)c1)C1CCCCC1N1CCCC1,1,train,42
4143,CN(C)C(CCOc1cccc2ccccc12)c1ccccc1,1,train,42
4144,CN(C)CC(O)C(c1ccccc1)c1cccc(Cl)c1,1,train,42
4145,CN(C)CC=C(c1ccc(Br)cc1)c1cccnc1,1,train,42
4146,CN(C)CCC=C1c2ccccc2CNc2cc(Cl)ccc21,1,train,42
4147,CN(C)CCC=C1c2ccccc2CSc2ccccc21,1,train,42
4148,CN(C)CCC=C1c2ccccc2Sc2ccc(Cl)cc21,1,test,42
4149,CN(CC=Cc1ccccc1)CCOC(c1ccccc1)c1ccccc1,1,train,42
4150,CN1C2CCC1CC(NC(=O)N1CC(C)(C)c3ccccc31)C2,1,train,42
4151,CN1C2CCC1CC(NC(=O)c1cn(C3CCCCC3)c3ccccc3c1=O)C2,1,test,42
4152,CN1CC(CC#N)CC2c3cccc4[nH]cc(c34)CC21,1,train,42
4153,CN1CC(CN2CC(=O)NC(=O)C2)C=C2c3cccc4[nH]cc(c34)CC21,1,val,42
4154,CN1CC(NS(=O)(=O)N(C)C)CC2c3cccc4c3c(cn4C)CC21,1,train,42
4155,CN1CC2Cc3ccc(Cl)cc3C(c3ccccc3)C2C1,1,train,42
4156,CN1CCC2(C)c3cc(OC(=O)N4CCc5ccccc5C4)ccc3N(C)C12,1,val,42
4157,CN1CCC23c4c5ccc(O)c4OC2(C)C(=O)CCC3C1C5,1,test,42
4158,CN1CCC23c4c5ccc(O)c4OC2C(=O)CCC3C1C5,1,train,42
4159,CN1CCC23c4c5ccc(O)c4OC2C(O)CCC3(O)C1C5,1,train,42
4160,CN1CCN(C(=O)Cc2ccc(Cl)c(Cl)c2)C(CN2CCCC2)C1,1,train,42
4161,CN1CCN(C2=Cc3cc(Cl)ccc3C(=CC#N)c3ccccc32)CC1,1,train,42
4162,CN1CCN(C2=Nc3cscc3C(=CC#N)c3cscc32)CC1,1,val,42
4163,CN1CCN(CC(=O)C2(O)CCC3C4CCC5=CC(=O)C=CC5(C)C4C(O)CC32C)CC1,1,train,42
4164,CN1CCN(CCC=C2c3ccccc3Sc3ccc(S(=O)(=O)N(C)C)cc32)CC1,1,train,42
4165,CN1CCc2cc(Cl)c(O)cc2C(c2cc(Br)cc3c2OCC3)C1,1,train,42
4166,CN1CCc2cc(Cl)c(O)cc2C(c2cccc3c2OCC3)C1,1,train,42
4167,CN1CCc2cccc3c2C1Cc1ccc(O)c(O)c1-3,1,train,42
4168,CN1c2ccc(Cl)cc2C(c2ccccc2Cl)=NCC1CO,1,train,42
4169,CNC1CC(c2ccc(Cl)c(Cl)c2)c2ccccc21,1,val,42
4170,CNCC(O)CC12CCC(c3ccccc31)c1ccccc12,1,train,42
4171,CNCC1CN(c2ccc(OCc3cccc(Cl)c3)cc2)C(=O)O1,1,train,42
4172,CNCC=C(c1ccc(Br)cc1)c1cccnc1,1,train,42
4173,CNCCC(Oc1ccccc1C)c1ccccc1,1,train,42
4174,CNc1cc(OC)c(C(=O)NC2CCN(Cc3ccccc3)C2C)cc1Cl,1,train,42
4175,COC(=O)C1C2CC3c4[nH]c5ccc(Cl)cc5c4CCN3CC2CC(OC(=O)c2cc(OC)c(OC)c(OC)c2)C1OC,1,train,42
4176,COC(=O)N1CCN(C(=O)Cc2ccc(Cl)c(Cl)c2)C(CN2CCCC2)C1,1,train,42
4177,COC(C(=O)C(O)C(C)O)C1Cc2cc3cc(OC4CC(OC5CC(O)C(O)C(C)O5)C(O)C(C)O4)c(C)c(O)c3c(O)c2C(=O)C1OC1CC(OC2CC(O)C(OC3CC(C)(O)C(O)C(C)O3)C(C)O2)C(O)C(C)O1,1,train,42
4178,COC(OC)C(=O)C12OC(C)(C)OC1CC1C3CC(F)C4=CC(=O)C=CC4(C)C3(F)C(O)CC12C,1,train,42
4179,COC12C=CC3(CC1C(C)(C)O)C1Cc4ccc(O)c5c4C3(CCN1CC1CC1)C2O5,1,train,42
4180,COC12CCC3(CC1C(C)(C)O)C1Cc4ccc(O)c5c4C3(CCN1CC1CC1)C2O5,1,train,42
4181,COC12CCC3(CC1C(C)(O)C(C)(C)C)C1Cc4ccc(O)c5c4C3(CCN1CC1CC1)C2O5,1,train,42
4182,COC1OC2OC3(CN4CCCCC4)C(O)CC(C2C)C13,1,train,42
4183,COCC1CN(c2ccc(OCCC(O)C(F)(F)F)cc2)C(=O)O1,1,train,42
4184,COCc1c(C(C)C)nc(C(C)C)c(C=CC(O)CC(O)CC(=O)O)c1-c1ccc(F)cc1,1,train,42
4185,COc1cc(C(=O)C=CN2CC=CC2)cc(OC)c1OC,1,test,42
4186,COc1cc(C=CC(=O)N2CCCCCCC2)cc(OC)c1OC,1,train,42
4187,COc1cc2c(cc1OC)C(c1ccccc1)CN(C)CC2,1,train,42
4188,COc1ccc(C(O)CN2CCN(c3cccccc3=O)CC2)cc1OC,1,train,42
4189,COc1ccc(N2CC(CN3CCC(O)(c4ccc5c(c4)OCO5)CC3)OC2=O)cc1,1,test,42
4190,COc1ccc2c(c1)C(=CCCN(C)C)c1ccccc1O2,1,val,42
4191,COc1ccc2c(c1)C13CCCCC1C(C2)N(C)CC3,1,train,42
4192,COc1ccc2c(c1)N(CC(C)CN(C)C)c1ccccc1S2,1,test,42
4193,COc1ccc2c(c1OC)C(=O)OC2C1c2c(cc3c(c2OC)OCO3)CCN1C,1,test,42
4194,COc1ccc2c(c1OC)C13CCN(C)C(C2)C1(O)CCC(O)C3,1,train,42
4195,COc1ccc2c3c([nH]c2c1)C1CC2C(CC(OC(=O)c4cc(OC)c(OC)c(OC)c4)C(OC)C2OC(C)=O)CN1CC3,1,train,42
4196,COc1ccc2c3c1OC1C(=O)CCC4C(C2)N(C)CCC314,1,test,42
4197,COc1ccc2c3c1OC1C(O)CCC4C(C2)N(C)CCC341,1,train,42
4198,COc1cccc(C(=O)NC2CC3CCC(C2)N3Cc2ccccc2)c1OC,1,train,42
4199,COc1cccc(C2(O)CCCCC2CN(C)C)c1,1,train,42
4200,COc1cccc2c1CC(CCCNCCCCN1C(=O)CC3(CCCC3)CC1=O)CO2,1,train,42
4201,COc1ccccc1N1CCN(CCCCN2C(=O)C3C(=O)N(C(C)(C)C)C(=O)C(C2=O)C3(C)C)CC1,1,test,42
4202,CS(=O)(=O)c1ccc(C(O)C(CF)NC(=O)C(Cl)Cl)cc1,1,train,42
4203,CSC(=O)C1(OC(C)=O)C(C)CC2C3CCC4=CC(=O)C=CC4(C)C3(F)C(O)CC21C,1,train,42
4204,C[N+](C)([O-])CCC=C1c2ccccc2C=Cc2c(Cl)cccc21,1,train,42
4205,Cc1cc(N(C)C)ccc1CC(C)N,1,val,42
4206,Cc1ccc2c(c1)C13CCCCC1C(C2)N(C)CC3,1,train,42
4207,Cc1cccc(Cl)c1NC(=O)C=C1SCC(=O)N1C,1,train,42
4208,Cc1cccc(OC2CCNCC2O)c1C,1,train,42
4209,Cc1ccccc1-n1c(C=Cc2ccccn2)nc2ccccc2c1=O,1,val,42
4210,Cc1ccsc1C(=CCCN1CCCC(C(=O)O)C1)c1sccc1C,1,train,42
4211,ClC(=Cn1cncn1)c1ccc(Cl)cc1Cl,1,train,42
4212,Clc1ccc(N2CCN(CC=Cc3ccccc3)CC2)nn1,1,train,42
4213,Clc1ccc2c(c1)C(=CC1CN3CCC1CC3)c1ccccc1S2,1,train,42
4214,FC(F)(F)c1cccc(N2CCN(CCc3nnc4n3CC3CCCC43)CC2)c1,1,train,42
4215,Fc1ccc(C2CCNCC2COc2ccc3c(c2)OCO3)cc1,1,test,42
4216,N#CCNC1CCc2ccccc21,1,train,42
4217,NC(=O)c1ccc(F)c2c1CC(N(C1CCC1)C1CCC1)CO2,1,train,42
4218,NC(Cc1c[nH]c2ccccc12)C(=O)O,1,train,42
4219,NC1CC1c1ccccc1,1,train,42
4220,Nc1ccn(C2OC(CO)C(O)C2O)c(=O)n1,1,test,42
4221,Nc1nc(Cl)nc2c1ncn2C1CC(O)C(CO)O1,1,train,42
4222,Nc1nc2c(ncn2CCC(O)CO)c(=O)[nH]1,1,test,42
4223,O=C(C=Cc1ccc2c(c1)OCO2)N1CCCCC1,1,train,42
4224,O=C(CN1CCC(c2ccc(F)cc2)C(COc2ccc3c(c2)OCO3)C1)c1ccc(F)cc1,1,train,42
4225,O=C(Cc1ccc(C(F)(F)F)cc1)N1CCCCC1CN1CCCC1,1,train,42
4226,O=C(Cc1ccc(Cl)c(Cl)c1)N1CCCCC1CN1CCCC1,1,train,42
4227,O=C(Cc1ccc(Cl)c(Cl)c1)N1CCc2ccccc2C1CN1CCCC1,1,train,42
4228,O=C(Cc1ccc(Cl)c(Cl)c1)N1CCc2ccsc2C1CN1CCCC1,1,val,42
4229,O=C(Cc1ccc(Cl)c(Cl)c1)N1CCc2occc2C1CN1CCC(O)C1,1,train,42
4230,O=C(Cc1ccc(Cl)c(Cl)c1)N1CCc2sccc2C1CN1CCCC1,1,train,42
4231,O=C(Cc1ccc(Cl)c(Cl)c1)N1CCn2ccnc2C1CN1CCCC1,1,train,42
4232,O=C(Cc1ccc(Cl)c(Cl)c1)N1CCn2ncnc2C1CN1CCCC1,1,train,42
4233,O=C1C2C3C=CC(C4C=CC43)C2C(=O)N1CCCCN1CCN(c2ncccn2)CC1,1,train,42
4234,O=C1C2CCCCC2C(=O)N1CCCCN1CCN(c2nsc3ccccc23)CC1,1,train,42
4235,O=C1CC2c3cc(Cl)ccc3OC3(CCNCC23)N1,1,train,42
4236,O=C1CCC(C(=O)N2CCCCC2)N1,1,train,42
4237,O=C1CCC(c2ccccc2)(C2CCN(CC=Cc3ccccc3)CC2)C(=O)N1,1,train,42
4238,O=C1CCC2C3Cc4cccc(O)c4C2(CCN3CC2CC2)C1,1,val,42
4239,O=c1[nH]c2ccccc2c(=O)n1CCN1CC2CC(c3ccc(F)cc3)C2C1,1,test,42
4240,OCC(O)C1OC2OC(C(Cl)(Cl)Cl)OC2C1O,1,train,42
4241,OCCC1CCN(CCC=C2c3ccc(F)cc3Sc3ccc(C(F)(F)F)cc32)CC1,1,train,42
4242,OCCN1CCN(CCC=C2c3ccccc3COc3ccc(Cl)cc32)CC1,1,train,42
4243,OCCN1CCN(CCC=C2c3ccccc3Sc3ccc(C(F)(F)F)cc32)CC1,1,train,42
4244,OCCN1CCN(CCC=C2c3ccccc3Sc3ccc(Cl)cc32)CC1,1,train,42
4245,OCc1ccccc1OC1OC(CO)C(O)C(O)C1O,1,train,42
4246,c1ccc(C2(c3ccccc3)OCC(C3CCCCN3)O2)cc1,1,val,42
4247,CC(C)(ON=C(C(=O)NC1C(=O)N2C(C(=O)O)=C(C[n+]3ccccc3)CSC12)c1csc(N)n1)C(=O)O,1,train,42
4248,CCOc1cccc(F)c1B(O)O,1,val,42
4249,COC(C(=O)C(O)C(C)O)C1Cc2cc3cc(OC4CC(OC5CC(O)C(O)C(C)O5)C(O)C(C)O4)c(C)c(O)c3c(O)c2C(=O)C1OC1CC(OC2CC(OC3CC(C)(O)C(O)C(C)O3)C(O)C(C)O2)C(O)C(C)O1,1,train,42
4250,C#C[C@]1(O)CC[C@H]2[C@@H]3CCC4=Cc5c(cnn5-c5ccc(F)cc5)C[C@]4(C)[C@H]3CC[C@@]21C,1,test,42
4251,C/C(=C1\CCOC(=O)S1)N(C=O)Cc1cnc(C)nc1N,1,train,42
4252,C=C1CC2C3C=CC4=CC(=O)CC[C@]4(C)C3[C@@H](O)C[C@]2(C)[C@@]1(O)C(=O)CO,1,train,42
4253,C=C1CC2C3CCC4=CC(=O)C=C[C@]4(C)C3[C@@H](O)C[C@]2(C)[C@@]1(O)C(=O)CO,1,train,42
4254,C=C1CC2C3CCC4=CC(=O)C=C[C@]4(C)[C@@]3(F)[C@@H](O)C[C@]2(C)[C@@]1(O)C(=O)CO,1,test,42
4255,C=CC1O[C@@H]2C[C@H]3[C@@H]4CCC5=CC(=O)C=C[C@]5(C)[C@@]4(F)[C@@H](O)C[C@]3(C)[C@]2(C(=O)CO)O1,1,train,42
4256,C=CCN1CCC23c4c5ccc(O)c4O[C@H]2C2(OC)C=CC3(C[C@@H]2C(C)(O)CCC)C1C5,1,train,42
4257,C=C[C@H]1CNCC[C@H]1CCCc1ccnc2ccc(OC)cc12,1,train,42
4258,CC(=O)Nc1ccc(S(=O)(=O)c2ccc(NC(C)=O)cc2)cc1,1,train,42
4259,CC(=O)OCC(=O)[C@@]1(O)CCC2C3CCC4=CC(=O)C=C[C@]4(C)[C@@]3(Cl)[C@@H](Cl)C[C@@]21C,1,train,42
4260,CC(=O)OCC(=O)[C@@]1(O)CCC2C3CCC4=CC(=O)CC[C@]4(C)[C@@]3(F)[C@@H](O)C[C@@]21C,1,train,42
4261,CC(=O)OCC(=O)[C@@]1(O)CCC2C3C[C@H](Cl)C4=CC(=O)C=C[C@]4(C)C3C(=O)C[C@@]21C,1,train,42
4262,CC(=O)OCC(=O)[C@@]1(O)CC[C@H]2C3CCC4=CC(=O)CC[C@]4(C)[C@H]3C(=O)C[C@@]21C,1,val,42
4263,CC(=O)OCC(=O)[C@@]1(O)[C@H](C)CC2C3CCC4=CC(=O)C=C[C@]4(C)[C@@]3(F)[C@@H](O)C[C@@]21C,1,train,42
4264,CC(=O)OCC(=O)[C@@]1(O)[C@H](C)C[C@H]2C3C=C(C)C4=Cc5c(cnn5-c5ccccc5)C[C@]4(C)[C@H]3[C@@H](O)C[C@@]21C,1,train,42
4265,CC(=O)OCC(=O)[C@@]1(O)[C@H](C)C[C@H]2C3CC(F)(F)C4=CC(=O)C=C[C@]4(C)[C@@]3(F)[C@@H](O)C[C@@]21C,1,train,42
4266,CC(=O)OCC(=O)[C@@]1(O)[C@H](C)C[C@H]2C3C[C@H](F)C4=CC(=O)C=C[C@]4(C)[C@H]3[C@@H](O)C[C@@]21C,1,train,42
4267,CC(=O)OCC(=O)[C@@]1(O)[C@H](OC(C)=O)C[C@H]2C3CCC4=CC(=O)C=C[C@]4(C)[C@@]3(F)[C@@H](O)C[C@@]21C,1,val,42
4268,CC(=O)OCC(=O)[C@@]1(OC(=O)c2ccco2)[C@H](C)C[C@H]2C3CCC4=CC(=O)C=C[C@]4(C)[C@@]3(F)[C@@H](O)C[C@@]21C,1,train,42
4269,CC(=O)OCC(=O)[C@@]1(OC(C)=O)CC[C@H]2C3C[C@@H](F)C4=CC(=O)C(Br)=CC4(C)[C@@]3(F)[C@@H](O)C[C@@]21C,1,train,42
4270,CC(=O)OCC(=O)[C@@]1(OC(C)=O)[C@@H](C)C[C@H]2C3C[C@H](F)C4=CC(=O)C=C[C@]4(C)[C@@]3(F)[C@@H](O)C[C@@]21C,1,val,42
4271,CC(=O)OCC(=O)[C@@]12N=C(C)O[C@@H]1CC1C3CCC4=CC(=O)C=C[C@]4(C)C3[C@@H](O)C[C@@]12C,1,train,42
4272,CC(=O)OCC(=O)[C@@]12N=C(C)O[C@@H]1C[C@H]1[C@@H]3CCC4=CC(=O)C=C[C@]4(C)[C@@]3(F)[C@@H](O)C[C@@]12C,1,train,42
4273,CC(=O)OCC(=O)[C@@]12OC(C)(C)O[C@@H]1CC1C3CC(C=O)=C4C=C(OCCCl)CC[C@]4(C)[C@@]3(F)[C@@H](O)C[C@@]12C,1,train,42
4274,CC(=O)OCC(=O)[C@@]12OC(C)(C)O[C@@H]1CC1C3C[C@H](F)C4=CC(=O)C=C[C@]4(C)C3[C@@H](O)C[C@@]12C,1,train,42
4275,CC(=O)OCC(=O)[C@@]12OC(C)(C)O[C@@H]1CC1C3C[C@H](F)C4=CC(=O)C=C[C@]4(C)[C@@]3(F)[C@@H](O)C[C@@]12C,1,train,42
4276,CC(=O)OCC(=O)[C@@]12OC(C)(C)O[C@@H]1C[C@H]1C3CC(C#N)=C4C=C(OCCCl)CC[C@]4(C)[C@@]3(F)[C@@H](O)C[C@@]12C,1,train,42
4277,CC(=O)OCC(=O)[C@H]1[C@H](C)C[C@H]2C3C[C@H](F)C4=CC(=O)C=C[C@]4(C)[C@@]3(Cl)[C@@H](O)C[C@@]21C,1,train,42
4278,CC(=O)OCC/C(SC(C)=O)=C(\C)N(C=O)Cc1cnc(C)nc1N,1,train,42
4279,CC(=O)O[C@H]1CC[C@]2(C)C3CC[C@@]4(C)C(CC[C@@H]4[C@H](C)CCCC(C)C)C3C[C@@H](Br)[C@@]2(Br)C1,1,test,42
4280,CC(=O)O[C@]1(C(C)=O)CCC2C3C[C@H](C)C4=CC(=O)C=C[C@]4(C)[C@@]3(F)[C@@H](O)C[C@@]21C,1,train,42
4281,CC(=O)[C@@]1(O)CCC2C3CCC4=CC(=O)C=C[C@]4(C)C3[C@@H](O)C[C@@]21C,1,val,42
4282,CC(=O)[C@@]1(O)[C@@H](C)CC2C3CCC4=CC(=O)C=C[C@]4(C)[C@@]3(F)[C@@H](O)C[C@@]21C,1,train,42
4283,CC(=O)[C@@]12OC(C)(C)O[C@@H]1C[C@H]1[C@@H]3CCC4=CC(=O)C=C[C@]4(C)[C@@]3(F)[C@@H](O)C[C@@]12C,1,train,42
4284,CC(=O)[C@@]12OC(C)(C)O[C@@H]1C[C@H]1[C@@H]3CCC4=CC(=O)CC[C@]4(C)[C@H]3CC[C@@]12C,1,test,42
4285,CC(=O)[C@H]1CCC2C3CC[C@@H]4C[C@H](O)CC[C@]4(C)C3C(=O)C[C@@]21C,1,train,42
4286,CC(=O)[C@H]1CCC2C3CC[C@H]4C[C@](C)(O)CC[C@]4(C)C3CC[C@@]21C,1,train,42
4287,CC(=O)[C@H]1CCC2C3C[C@@H](O)C45C[C@H]4CC[C@]5(C)C3CC[C@@]21C,1,train,42
4288,CC(=O)[C@H]1CC[C@H]2[C@@H]3CC=C4C[C@@H](O)CC[C@]4(C)[C@H]3CC[C@]12C,1,train,42
4289,CC(=O)[C@H]1CC[C@H]2[C@@H]3CC=C4C[C@@H](OC(=O)CCC(=O)O)CC[C@]4(C)[C@H]3CC[C@]12C,1,train,42
4290,CC(=O)[C@H]1CC[C@H]2[C@@H]3C[C@H](C)C4=CC(=O)C=C[C@]4(C)[C@H]3[C@@H](O)C[C@]12C,1,train,42
4291,CC(=O)c1ccc([C@@H](O)[C@@H](CO)NC(=O)C(Cl)Cl)cc1,1,test,42
4292,CC(C)(C)C(=O)O[C@]1(C(=O)CS)CC[C@H]2[C@@H]3CCC4=CC(=O)CC[C@]4(C)[C@H]3[C@@H](O)C[C@@]21C,1,train,42
4293,CC(C)CCC(=O)C[C@@H]1c2ccccc2C(=O)N1c1ccc2ccc(Cl)nc2n1,1,train,42
4294,CC(C)n1cc2c3c(cccc31)[C@H]1C[C@@H](C(=O)NC3CCCCC3)CN(C)[C@@H]1C2,1,train,42
4295,CC(O)C(=O)[C@@]1(O)CC[C@H]2[C@@H]3CCC4=CC(=O)C=C[C@]4(C)[C@@]3(F)[C@@H](O)C[C@@]21C,1,test,42
4296,CC1(C)NC(=O)C(/C=C\c2ccccc2)O1,1,train,42
4297,CC1(C)O[C@@H]2CC3C4CCC5=CC(=O)CC[C@]5(C)[C@@]4(F)[C@@H](O)C[C@]3(C)[C@]2(C(=O)CCl)O1,1,train,42
4298,CC1(C)O[C@@H]2CC3C4CC[C@H]5CC(=O)CC[C@]5(C)[C@@]4(F)[C@@H](O)C[C@]3(C)[C@]2(C(=O)CO)O1,1,train,42
4299,CC1(C)O[C@@H]2CC3C4C[C@H](F)C5=CC(=O)C=C[C@]5(C)C4[C@@H](O)C[C@]3(C)[C@]2(C(=O)CO)O1,1,train,42
4300,CC1(C)O[C@@H]2CC3C4C[C@H](F)C5=CC(=O)C=C[C@]5(C)[C@@]4(Cl)[C@@H](Cl)C[C@]3(C)[C@]2(C(=O)CO)O1,1,train,42
4301,CC1(C)O[C@@H]2CC3C4C[C@H](F)C5=CC(=O)C=C[C@]5(C)[C@@]4(F)[C@@H](O)C[C@]3(C)[C@]2(C(=O)CO)O1,1,val,42
4302,CC1(C)O[C@@H]2CC3C4C[C@H](F)C5=CC(=O)CC[C@]5(C)C4[C@@H](O)C[C@]3(C)[C@]2(C(=O)CO)O1,1,train,42
4303,CC1(C)O[C@@H]2C[C@H]3C4C[C@H](F)C5=CC(=O)C=C[C@]5(C)[C@@]4(Cl)[C@@H](Cl)C[C@]3(C)[C@]2(C(=O)CF)O1,1,val,42
4304,CC1(C)O[C@@H]2C[C@H]3[C@@H]4CCC5=CC(=O)C=C[C@]5(C)[C@H]4[C@@H](O)C[C@]3(C)[C@]2(C(=O)CO)O1,1,train,42
4305,CC1(C)O[C@@H]2C[C@H]3[C@@H]4C[C@H](F)C5=CC(=O)C=C[C@]5(C)[C@@]4(Cl)[C@@H](Cl)C[C@]3(C)[C@]2(C(=O)CCl)O1,1,train,42
4306,CC1(C)[C@@H]2CC[C@@]1(C)C(=O)C2,1,train,42
4307,CC1(c2ccccc2)O[C@@H]2C[C@H]3[C@@H]4CCC5=CC(=O)C=C[C@]5(C)[C@@]4(F)[C@@H](O)C[C@]3(C)[C@]2(C(=O)CO)O1,1,train,42
4308,CC12C=C(Br)C(=O)C=C1[C@H](F)CC1[C@@H]3CC[C@](O)(C(=O)CO)[C@@]3(C)C[C@H](O)[C@@]12F,1,train,42
4309,CC1=CC2[C@H]([C@@H](O)C[C@@]3(C)[C@H]2C[C@@H](C)[C@]3(O)C(=O)COC(=O)c2cccc(S(=O)(=O)O)c2)[C@@]2(C)Cc3cnn(-c4ccccc4)c3C=C12,1,train,42
4310,CC1=CC[C@H]2[C@H]3Cc4ccc(O)c5c4[C@@]2(CCN3C)[C@H]1O5,1,train,42
4311,CCC(=O)N(c1ccccc1)[C@@]1(C(=O)OC)CCN(CCc2ccccc2)C[C@H]1C,1,train,42
4312,CCC(=O)OCC(=O)[C@@]1(OC(=O)CC)[C@H](C)CC2C3CCC4=CC(=O)C=C[C@]4(C)[C@@]3(F)[C@@H](O)C[C@@]21C,1,train,42
4313,CCC(=O)OCC(=O)[C@@]12OC(C)(C)O[C@@H]1C[C@H]1[C@@H]3C[C@H](F)C4=CC(=O)C=C[C@]4(C)[C@@]3(F)[C@@H](O)C[C@@]12C,1,train,42
4314,CCC(=O)O[C@@](Cc1ccccc1)(c1ccccc1)[C@@H](C)CN(C)C,1,train,42
4315,CCC(=O)O[C@]1(C(=O)CCl)[C@@H](C)CC2C3C[C@H](F)C4=CC(=O)C=C[C@]4(C)[C@@]3(F)[C@@H](O)C[C@@]21C,1,train,42
4316,CCC(=O)O[C@]1(C(=O)SC)[C@H](C)C[C@H]2[C@@H]3C[C@H](F)C4=CC(=O)C=C[C@]4(C)[C@@]3(F)[C@@H](O)C[C@@]21C,1,train,42
4317,CCC(=O)O[C@]1(C(=O)SCCl)[C@H](C)C[C@H]2[C@@H]3C[C@H](F)C4=CC(=O)C=C[C@]4(C)[C@@]3(F)[C@@H](O)C[C@@]21C,1,train,42
4318,CCC(=O)O[C@]1(c2ccccc2)CCN(C)C[C@@H]1C,1,train,42
4319,CCC(=O)[C@@]1(C)[C@H](C)CC2C3CCC4=CC(=O)C=C[C@]4(C)C3[C@@H](O)C[C@@]21C,1,train,42
4320,CCC(=O)[C@@]1(O)CC[C@H]2[C@@H]3CCC4=CC(=O)CC[C@]4(C)[C@H]3[C@@H](O)C[C@@]21C,1,train,42
4321,CCC1(CC)O[C@@H]2C[C@H]3[C@@H]4CCC5=CC(=O)C=C[C@]5(C)[C@@]4(F)[C@@H](O)C[C@]3(C)[C@]2(C(=O)CO)O1,1,train,42
4322,CCCC(=O)OCC(=O)[C@@]1(OC(=O)CC)CC[C@H]2[C@@H]3CCC4=CC(=O)CC[C@]4(C)[C@H]3[C@@H](O)C[C@@]21C,1,train,42
4323,CCCC(=O)OCC(=O)[C@@]1(OC(=O)CCC)[C@H](C)C[C@H]2[C@@H]3CCC4=CC(=O)C=C[C@]4(C)[C@@]3(Cl)[C@@H](Cl)C[C@@]21C,1,train,42
4324,CCCC(=O)O[C@]1(C(=O)COC(C)=O)CC[C@H]2C3C[C@H](F)C4=CC(=O)C=C[C@]4(C)[C@@]3(F)[C@@H](O)C[C@@]21C,1,train,42
4325,CCCC1O[C@H]2CC3C4CCC5=CC(=O)C=C[C@]5(C)C4[C@@H](O)C[C@]3(C)[C@]2(C(=O)CO)O1,1,train,42
4326,CCCCC(=O)O[C@]1(C(=O)CO)CC[C@H]2[C@@H]3CCC4=CC(=O)C=C[C@]4(C)[C@H]3[C@@H](O)C[C@@]21C,1,train,42
4327,CCCCC(=O)O[C@]1(C(=O)CO)CC[C@H]2[C@@H]3CCC4=CC(=O)CC[C@]4(C)[C@H]3[C@@H](O)C[C@@]21C,1,train,42
4328,CCCCC(=O)O[C@]1(C(=O)CO)CC[C@H]2[C@@H]3C[C@H](F)C4=CC(=O)C=C[C@]4(C)[C@H]3[C@@H](O)C[C@@]21C,1,test,42
4329,CCCCCC(=O)CCC1(C)[C@@H]2Cc3ccc(O)cc3[C@@]1(C)CCN2C,1,train,42
4330,CCCCCC(=O)OCC(=O)[C@H]1[C@H](C)CC2C3C[C@H](F)C4=CC(=O)C=C[C@]4(C)C3[C@@H](O)C[C@@]21C,1,train,42
4331,CCCCCCCCCCCCCC(=O)OC1C=C[C@H]2[C@H]3Cc4ccc(OCc5ccccc5)c5c4[C@@]2(CCN3C)[C@H]1O5,1,train,42
4332,CCCCCCCCCCCCCCCCCC(=O)OCC(=O)OCC(=O)[C@@]1(O)CCC2C3CCC4=CC(=O)C=C[C@]4(C)C3[C@@H](O)C[C@@]21C,1,test,42
4333,CCCCOC(=O)C(=O)[C@H]1[C@H](C)CC2C3C[C@H](F)C4=CC(=O)C=C[C@]4(C)C3[C@@H](O)C[C@@]21C,1,val,42
4334,CCCN1C[C@@H](NS(=O)(=O)N(CC)CC)C[C@@H]2Cc3c(O)cccc3CC21,1,train,42
4335,CCC[C@@H]1O[C@@H]2CC3C4C[C@H](F)C5=CC(=O)C=C[C@]5(C)[C@@]4(F)[C@@H](O)C[C@]3(C)[C@]2(C(=O)O[C@H](C)OC(=O)OCC)O1,1,val,42
4336,CCC[C@](C)(O)C1C[C@@]23C=C[C@]1(OC)[C@@H]1Oc4c(O)ccc5c4[C@@]12CCN(C)[C@@H]3C5,1,train,42
4337,CCN(CC)C(=O)[C@@H]1C2C=CC(C2)[C@H]1C(=O)N(CC)CC,1,train,42
4338,CCN(CC)CC(=O)OCC(=O)[C@@]1(O)CCC2C3CCC4=CC(=O)C=C[C@]4(C)C3[C@@H](O)C[C@@]21C,1,train,42
4339,CCN(CC)CC(=O)OCC(=O)[C@@]1(O)CCC2C3CCC4=CC(=O)CC[C@]4(C)C3[C@@H](O)C[C@@]21C,1,test,42
4340,CCOC(=O)CC(O)CC(O)/C=C/C1=C(c2ccc(F)cc2)c2ccccc2OC12CCCC2,1,train,42
4341,CCOC(=O)O[C@]1(C(=O)OCCl)CC[C@H]2[C@@H]3CCC4=CC(=O)C=C[C@]4(C)[C@H]3[C@@H](O)C[C@@]21C,1,train,42
4342,CCOC(=O)[C@]1(c2ccccc2)CCC=C[C@H]1N(C)C,1,train,42
4343,CC[C@H](O)C(C[C@@H](C)N(C)C)(c1ccccc1)c1ccccc1,1,train,42
4344,CC[C@H](OC(C)=O)C(C[C@@H](C)N(C)C)(c1ccccc1)c1ccccc1,1,test,42
4345,CC[C@H]1CC(=O)[C@@H]2Oc3c(OC)ccc4c3[C@@]23CCN(CC2CC2)[C@H](C4)[C@H]13,1,test,42
4346,CN(C)CCOC1(Cc2ccccc2)C[C@H]2CC[C@]1(C)C2(C)C,1,train,42
4347,CN1CC[C@@]2(C)c3cc(OC(=O)N4CCc5ccccc5C4)ccc3N(C)C12,1,val,42
4348,CN1CC[C@@]23NC(=O)C[C@@H](c4cc(Cl)ccc4O2)[C@H]3C1,1,train,42
4349,CN1CC[C@]2(C)C[C@@H](Cc3ccc(O)cc32)C1,1,train,42
4350,CN1CC[C@]23c4c5ccc(O)c4O[C@H]2C(=O)C=C[C@@]3(CCCCCN)[C@H]1C5,1,train,42
4351,CN1CC[C@]23c4c5ccc(O)c4O[C@H]2CCC[C@H]3[C@H]1C5,1,train,42
4352,CN1CC[C@]23c4c5ccc(O)c4O[C@H]2[C@@](C)(O)CC[C@H]3[C@H]1C5,1,test,42
4353,CN1C[C@@H](CC#N)C[C@@H]2c3cccc4[nH]cc(c34)C[C@H]21,1,train,42
4354,CN1C[C@H](CSc2ccccn2)C=C2c3cccc4[nH]cc(c34)C[C@H]21,1,train,42
4355,CN1[C@@H]2CC[C@@H]1CC(OC(=O)C(O)c1ccccc1)C2,1,train,42
4356,CNC(=O)O[C@@H]1OC(=O)[C@@H]2[C@H]1[C@H]1C=C[C@@H]2C1,1,train,42
4357,CNC1CCCC(=O)C1c1ccccc1Cl,1,train,42
4358,CO/N=C(/C#N)[C@H]1CN2CCC1CC2,1,train,42
4359,COC(=O)[C@H]1[C@H]2C[C@@H]3c4[nH]c5cc(OC)ccc5c4CCN3C[C@H]2C[C@H](OC)[C@@H]1OC,1,train,42
4360,COC(=O)[C@H]1[C@H]2C[C@@H]3c4[nH]c5ccccc5c4CCN3C[C@@H]2C[C@@H](OC(=O)c2cc(OC)c(OC)c(OC)c2)[C@@H]1OC,1,train,42
4361,COC(OC)C(=O)[C@@]12OC(C)(C)O[C@@H]1CC1C3C[C@H](F)C4=CC(=O)C=C[C@]4(C)[C@@]3(F)[C@@H](O)C[C@@]12C,1,train,42
4362,CO[C@@]12C=C[C@@]3(CC1C(C)(C)O)[C@H]1Cc4ccc(O)c5c4[C@@]3(CCN1CC1CC1)[C@H]2O5,1,val,42
4363,CO[C@@]12CC[C@@]3(C[C@@H]1C(C)(C)O)[C@H]1Cc4ccc(O)c5c4[C@@]3(CCN1CC1CC1)[C@H]2O5,1,train,42
4364,CO[C@H]1O[C@H]2O[C@]3(CN4CCCCC4)[C@H]1[C@H](C[C@H]3O)C2C,1,train,42
4365,COc1ccc(OC[C@H]2CN(C)CCC2c2ccccc2)cc1,1,train,42
4366,COc1ccc2c3c1OC1[C@@H](O)CCC4C(C2)N(C)CC[C@@]341,1,test,42
4367,COc1ccc2c3c1O[C@H]1C(OC(C)=O)=CC[C@H]4[C@@H](C2)N(C)CCC314,1,test,42
4368,COc1ccc2c3c1O[C@H]1[C@@H](O)C=C[C@H]4[C@@H](C2)NCC[C@@]341,1,train,42
4369,COc1ccc2c3c1O[C@H]1[C@@H](OC(=O)c4cccnc4)CC[C@H]4[C@@H](C2)N(C)CC[C@@]341,1,train,42
4370,CSC(=O)[C@@]1(O)[C@@H](C)C[C@H]2[C@@H]3CCC4=CC(=O)C=C[C@]4(C)[C@@]3(F)[C@@H](O)C[C@@]21C,1,train,42
4371,CSC(=O)[C@@]1(O)[C@H](C)C[C@H]2[C@@H]3C[C@H](F)C4=CC(=O)C=C[C@]4(C)[C@@]3(F)[C@@H](O)C[C@@]21C,1,train,42
4372,CSC(=O)[C@@]1(OC(C)=O)[C@@H](C)C[C@H]2[C@@H]3CCC4=CC(=O)C=C[C@]4(C)[C@@]3(F)[C@@H](O)C[C@@]21C,1,val,42
4373,C[C@@H](CN1CCOCC1)C(C(=O)N1CCCC1)(c1ccccc1)c1ccccc1,1,test,42
4374,C[C@@H]1CC2C3CCC4=CC(=O)C=C[C@]4(C)[C@@]3(Cl)[C@@H](O)C[C@]2(C)[C@@]1(OC(=O)c1ccco1)C(=O)CCl,1,test,42
4375,C[C@@H]1CC2C3CCC4=CC(=O)C=C[C@]4(C)[C@@]3(F)[C@@H](O)C[C@]2(C)[C@@]1(C)C(=O)CO,1,train,42
4376,C[C@@H]1CC2C3C[C@H](F)C4=CC(=O)C=C[C@]4(C)C3[C@@H](O)C[C@]2(C)[C@H]1C(=O)C(=O)O,1,train,42
4377,C[C@@H]1CC2C3C[C@H](F)C4=CC(=O)C=C[C@]4(C)C3[C@@H](O)C[C@]2(C)[C@H]1C(=O)CO,1,train,42
4378,C[C@@H]1CC2C3C[C@H](F)C4=CC(=O)C=C[C@]4(C)[C@@]3(F)[C@@H](O)C[C@]2(C)[C@@]1(O)C(=O)CO,1,train,42
4379,C[C@@H]1CC2C3C[C@H](F)C4=CC(=O)C=C[C@]4(C)[C@@]3(F)[C@@H](O)C[C@]2(C)[C@@]1(O)C(=O)COC(=O)C(C)(C)C,1,val,42
4380,C[C@@H]1C[C@H]2C3CC(F)(F)C4=CC(=O)C=C[C@]4(C)[C@@]3(F)[C@@H](O)C[C@]2(C)[C@@]1(O)C(=O)CO,1,train,42
4381,C[C@@H]1C[C@H]2C3C[C@H](F)C4=CC(=O)C=C[C@]4(C)[C@@]3(Cl)[C@@H](F)C[C@]2(C)[C@H]1C(=O)CO,1,train,42
4382,C[C@@H]1C[C@H]2C3C[C@H](F)C4=CC(=O)C=C[C@]4(C)[C@@]3(Cl)[C@@H](O)C[C@]2(C)[C@H]1C(=O)COC(=O)C(C)(C)C,1,train,42
4383,C[C@@H]1C[C@H]2C3C[C@H](F)C4=CC(=O)C=C[C@]4(C)[C@@]3(F)[C@@H](O)C[C@]2(C)[C@H]1C(=O)CO,1,train,42
4384,C[C@@H]1C[C@H]2C3C[C@H](F)C4=CC(=O)C=C[C@]4(C)[C@@]3(F)[C@@H](O)C[C@]2(C)[C@H]1C(=O)COC(=O)C(C)(C)C,1,train,42
4385,C[C@@H]1C[C@H]2[C@@H]3CCC4=CC(=O)C=C[C@]4(C)[C@@]3(Cl)[C@@H](Cl)C[C@]2(C)[C@@]1(O)C(=O)CO,1,train,42
4386,C[C@@H]1C[C@H]2[C@@H]3C[C@H](F)C4=CC(=O)C(Cl)=C[C@]4(C)[C@@]3(F)[C@@H](O)C[C@]2(C)[C@@]1(O)C(=O)CO,1,val,42
4387,C[C@@H]1C[C@H]2[C@@H]3C[C@H](F)C4=CC(=O)C=C[C@]4(C)[C@@]3(Cl)[C@@H](O)C[C@]2(C)[C@H]1C(=O)CO,1,train,42
4388,C[C@@H]1C[C@H]2[C@@H]3C[C@H](F)C4=CC(=O)C=C[C@]4(C)[C@@]3(F)[C@@H](O)C[C@]2(C)[C@@]1(O)C(=O)SCCl,1,train,42
4389,C[C@@H]1C[C@H]2[C@@H]3C[C@H](F)C4=CC(=O)C=C[C@]4(C)[C@@]3(F)[C@@H](O)C[C@]2(C)[C@@]1(O)C(=O)SCF,1,train,42
4390,C[C@@]12CCCCCC(Cc3ccc(O)cc31)[C@@H]2N,1,train,42
4391,C[C@H]1CC2[C@H]([C@@H](O)C[C@@]3(C)[C@H]2CC[C@]3(O)C(=O)COC(=O)CCC(=O)O)[C@@]2(C)C=CC(=O)C=C12,1,train,42
4392,C[C@H]1C[C@@H](OC(=O)[C@@H]2CCC(=O)N2)CC(C)(C)C1,1,train,42
4393,C[C@H]1C[C@H]2C3CCC4=CC(=O)C=C[C@]4(C)[C@@]3(F)C(=O)C[C@]2(C)[C@@]1(O)C(=O)CCl,1,val,42
4394,C[C@H]1C[C@H]2C3CCC4=CC(=O)C=C[C@]4(C)[C@@]3(F)[C@@H](O)C[C@]2(C)[C@@]1(O)C(=O)CCl,1,train,42
4395,C[C@H]1C[C@H]2C3C[C@H](F)C4=CC(=O)C=C[C@]4(C)[C@@]3(F)[C@@H](O)C[C@]2(C)[C@@]1(O)C(=O)CO,1,train,42
4396,C[C@H]1OC2(CCCC[C@H]2Oc2cccc(Cl)c2)NC1=O,1,train,42
4397,C[C@H]1[C@H]2C(=O)c3ccc(O)cc3[C@]1(C)CCN2CC1CC1,1,train,42
4398,C[C@]12C=CC(=O)C=C1[C@@H](Cl)CC1C2C(=O)C[C@@]2(C)C1CC[C@]2(O)C(=O)CO,1,train,42
4399,C[C@]12CC[C@@H](O)C[C@@H]1CC[C@H]1[C@@H]3CC[C@H](C(=O)CO)[C@@]3(C)CC(=O)[C@@H]12,1,train,42
4400,C[C@]12CCC(=O)C=C1CC[C@@H]1[C@@H]2CC[C@@]2(C)[C@H]1CC[C@]2(O)C(=O)CO,1,train,42
4401,C[C@]12C=CC(=O)C=C1CCC1C3CC[C@](O)(C(=O)CO)[C@@]3(C)C[C@H](Cl)[C@@]12Cl,1,train,42
4402,C[C@]12C=CC(=O)C=C1[C@@H](F)CC1C3C[C@@H](O)[C@](O)(C(=O)CO)[C@@]3(C)C[C@H](O)[C@@]12F,1,train,42
4403,C[C@]12C=CC(=O)C=C1CC[C@H]1[C@@H]3CC[C@](O)(C(=O)CO)[C@@]3(C)C[C@H](O)[C@@]12F,1,train,42
4404,C[C@]12C=CC(=O)C=C1C(Cl)=CC1[C@@H]2[C@@H](O)C[C@@]2(C)[C@H]1CC[C@]2(O)C(=O)CO,1,train,42
4405,C[C@]12C=CC(=O)C1C(=O)CC[C@@H]1[C@@H]2[C@@H](O)C[C@@]2(C)[C@H]1CC[C@]2(O)C(=O)CO,1,train,42
4406,C[C@]12C=CC(=O)C=C1CC[C@@H]1[C@@H]2[C@@H](O)C[C@@]2(C)[C@H]1CC[C@]2(O)C(=O)OCCl,1,train,42
4407,C[C@]12CCC(=O)C=C1CC[C@@H]1[C@@H]2[C@@H](O)C[C@@]2(C)[C@H]1CC[C@]2(O)C(=O)COC(=O)CCC1CCCC1,1,val,42
4408,C[N+]1([O-])[C@@H]2CC[C@H]1CC(OC(=O)C(CO)c1ccccc1)C2,1,train,42
4409,Cc1nc2n(n1)C(N1CCN(C)CC1)=Nc1cc(I)ccc1C2,1,train,42
4410,Cc1ncc(COC(=O)CCC(=O)OCCN(C)C)c(CO)c1O,1,train,42
4411,Clc1ccc2c(c1)/C(=C\C1CN3CCC1CC3)c1ccccc1S2,1,train,42
4412,FC(F)(F)c1cccc(N2CCN(CCc3nnc4n3C[C@@H]3CCC[C@H]43)CC2)c1,1,train,42
4413,NC(=O)Nc1ccc(S(=O)(=O)c2ccc(N)cc2)cc1,1,train,42
4414,O=C(O)CCCC[C@@H]1SC[C@@H]2NC(=O)N[C@@H]21,1,train,42
4415,O=C1CC=C2CCC(=O)N12,1,train,42
4416,O=C1CCNC1C(=O)N[C@H]1CC1c1ccccc1,1,train,42
4417,O=C1[C@@H]2[C@@H]3C=C[C@@H]([C@@H]4C=C[C@@H]43)[C@@H]2C(=O)N1CCCCN1CCN(c2ncccn2)CC1,1,val,42
4418,OC(OCCOCCOC[C@@H]1C[C@H](OC(O)C(Cl)(Cl)Cl)[C@@H](O)[C@H](O[C@H]2[C@H](OCCOCCOC(O)C(Cl)(Cl)Cl)[C@@H](O)[C@H](O)O[C@@H]2COCCOC(O)C(Cl)(Cl)Cl)O1)C(Cl)(Cl)Cl,1,train,42
4419,OCC(O)[C@H]1O[C@@H]2O[C@H](C(Cl)(Cl)Cl)O[C@@H]2[C@H]1O,1,train,42
4420,OCCC1CCC(CC/C=C2\c3ccccc3Sc3ccc(Cl)cc32)CC1,1,train,42
4421,Oc1ccc2c3c1O[C@H]1[C@@H](O)C=C[C@H]4[C@@H](C2)NCC[C@@]341,1,train,42
4422,Oc1ccc2c3c1O[C@H]1[C@@H](O)CC[C@@]4(O)[C@@H](C2)N(CC2CCC2)CC[C@]314,1,train,42
4423,[N-]=[N+]=NCC(=O)NC(CO)C(O)c1ccc([N+](=O)[O-])cc1,1,train,42
4424,CC1(C)S[C@@H]2[C@@H](NC(=O)[C@H](C(=O)O)c3ccsc3)C(=O)N2C1C(=O)O,1,train,42
4425,CN1CCCC[C@H]1CCN1c2ccccc2Sc2ccc([S@@+](C)[O-])cc21,1,train,42
4426,CN1CCN2c3ccccc3Cc3ccccc3[C@@H]2C1,1,train,42
4427,Nc1nc2c(c(=O)[nH]1)N(C=O)[C@H](CNc1ccc(C(=O)N[C@@H](CCC(=O)O)C(=O)O)cc1)CN2,1,train,42
4428,OC[C@H]1O[C@@H](n2cnc3c2NC=NC[C@H]3O)CC1O,1,test,42
4429,COc1ccc(C2C(S(=O)(=O)c3ccc(Cl)cc3)C2(CN)CN)cc1,1,test,42
4430,C(=C/c1ccccc1)\CN1CCN(C(c2ccccc2)c2ccccc2)CC1,1,train,42
4431,C=CCN1CCc2nc(N)sc2CC1,1,train,42
4432,CC(=O)c1ccc2c(c1)Sc1ccccc1N2CCCN1CCN(CCO)CC1,1,train,42
4433,CC(C)(N)Cc1ccccc1,1,train,42
4434,CC(C)CC1C(=O)N2CCCC2C2(O)OC(NC(=O)C3CC4c5cccc6[nH]cc(c56)CC4N(C)C3)(C(C)C)C(=O)N12,1,train,42
4435,CC(Oc1c(Cl)cccc1Cl)C1=NCCN1,1,train,42
4436,CC1CC2C3CCC4=CC(=O)C=CC4(C)C3(F)C(O)CC2(C)C1(O)C(=O)CO,1,train,42
4437,CCC(=O)C(CC(C)N1CCCCC1)(c1ccccc1)c1ccccc1,1,train,42
4438,CCC(CO)NC(=O)C1C=C2c3cccc4c3c(cn4C)CC2N(C)C1,1,train,42
4439,CCC1(c2cccc(O)c2)CCCCN(C)C1,1,train,42
4440,CCCN1CCCCC1C(=O)Nc1c(C)cccc1C,1,train,42
4441,CCCNC1CCc2nc(N)sc2C1,1,val,42
4442,CCN(CC)C(=O)/C(C#N)=C/c1cc(O)c(O)c([N+](=O)[O-])c1,1,train,42
4443,CCN(CC)Cc1nccn1-c1ccc([N+](=O)[O-])cc1C(=O)c1ccccc1Cl,1,train,42
4444,CCNC(C)Cc1cccc(C(F)(F)F)c1,1,train,42
4445,CCOC(=O)C1(c2ccccc2)CCN(CCC(O)c2ccccc2)CC1,1,train,42
4446,CCOC(=O)Nc1ccc(NCc2ccc(F)cc2)nc1N,1,train,42
4447,CCOC(=O)c1ncn2c1CN(C)C(=O)c1c(I)cccc1-2,1,train,42
4448,CN(C)CCC(c1ccc(Br)cc1)c1ccccn1,1,train,42
4449,CN(C)CCN(Cc1ccccc1)c1ccccn1,1,train,42
4450,CN(C)CCOC1=Cc2cc(Cl)ccc2Sc2ccccc21,1,val,42
4451,CN(C)CCc1c[nH]c2ccc(CS(=O)(=O)N3CCCC3)cc12,1,train,42
4452,CN(C)CCc1c[nH]c2ccc(Cn3cncn3)cc12,1,train,42
4453,CN1C(=O)CC(C(=O)NC(Cc2cnc[nH]2)C(=O)N2CCCC2C(N)=O)NC1=O,1,train,42
4454,CN1C(=O)CNC(C2=CCCCC2)c2cc(Cl)ccc21,1,train,42
4455,CN1C2CCC1CC(OC(=O)c1c[nH]c3ccccc13)C2,1,train,42
4456,CN1CCC(=C2c3ccccc3C=Cc3ccccc32)CC1,1,train,42
4457,CN1CCC(=C2c3ccccc3CCc3cccnc32)CC1,1,train,42
4458,CN1CCC(CN2c3ccccc3Sc3ccccc32)C1,1,train,42
4459,CN1CCC(OC(c2ccccc2)c2ccccc2)CC1,1,test,42
4460,CN1CCC2=C(C1)C(c1ccccc1)c1ccccc12,1,train,42
4461,CN1CCCC(CC2c3ccccc3Sc3ccccc32)C1,1,test,42
4462,CN1CCCC1CCOC(C)(c1ccccc1)c1ccc(Cl)cc1,1,train,42
4463,CN1CCN(C(c2ccccc2)c2ccccc2)CC1,1,val,42
4464,CNC(C)C(O)c1ccccc1,1,val,42
4465,COC(=O)C1C(c2ccc(I)cc2)CC2CCC1N2CCCF,1,train,42
4466,COC12CC(COC(=O)c3cncc(Br)c3)CN(C)C1Cc1cn(C)c3cccc2c13,1,val,42
4467,COC1=C(OC)C(=O)C(CCCCCCCCCCO)=C(C)C1=O,1,train,42
4468,Cc1cccc(C(C)c2cnc[nH]2)c1C,1,train,42
4469,Cc1cccc(CN2CCN(C(c3ccccc3)c3ccc(Cl)cc3)CC2)c1,1,val,42
4470,ClCCc1cncs1,1,train,42
4471,Fc1ccc(C(c2ccc(F)cc2)N2CCN(C/C=C/c3ccccc3)CC2)cc1,1,train,42
4472,NC(C(=O)O)C(O)c1ccc(O)c(O)c1,1,train,42
4473,O=C(O)C1N=C(c2ccccc2)c2cc(Cl)ccc2NC1=O,1,train,42
4474,O=C(OC1CC2CC3CC(C1)N2CC3=O)c1c[nH]c2ccccc12,1,train,42
4475,O=C1c2cccc3c2C(CCC3)CN1C1CN2CCC1CC2,1,train,42
4476,OCC(O)COc1ccc(Cl)cc1,1,train,42
4477,Brc1c(NC2=NCCN2)ccc2nccnc12,1,train,42
4478,CC(C)(C)NC[C@H](O)COc1cccc2c1CCCC2=O,1,train,42
4479,CC(C)(C)NC[C@H](O)COc1nsnc1N1CCOCC1,1,train,42
4480,CCCN[C@H]1CCc2nc(N)sc2C1,1,train,42
4481,CN1CCC[C@@H]1CCO[C@](C)(c1ccccc1)c1ccc(Cl)cc1,1,train,42
4482,CNC[C@H](O)c1cccc(O)c1,1,train,42
4483,COc1cc(C(=O)NCc2ccc(OCCN(C)C)cc2)cc(OC)c1OC,1,train,42
4484,COc1ccc(C[C@@H](C)NC[C@H](O)c2ccc(O)c(NC=O)c2)cc1,1,train,42
4485,C[C@@H]1CN(C2CCC(C#N)(c3ccc(F)cc3)CC2)CC[C@]1(C(=O)O)c1ccccc1,1,train,42
4486,Cc1cccc(C2(C(=O)N3CCCC3)CCN(CCCC(=O)c3ccc(F)cc3)CC2)c1,1,val,42
4487,O=C(OC1C[C@@H]2CC3C[C@H](C1)N2CC3=O)c1c[nH]c2ccccc12,1,train,42
4488,c1ccc(CC2=NCCN2)cc1,1,train,42
4489,C#CCNC1CCc2ccccc21,1,val,42
4490,CC(C)C(=O)Oc1ccc(CO)cc1C(CCN(C(C)C)C(C)C)c1ccccc1,1,train,42
4491,CC(Cc1ccccc1)NC(=O)C(N)CCCCN,1,train,42
4492,CC(OC1OCCN(Cc2n[nH]c(=O)[nH]2)C1c1ccc(F)cc1)c1cc(C(F)(F)F)cc(C(F)(F)F)c1,1,train,42
4493,CC1=C(CC(=O)O)c2cc(F)ccc2/C1=C/c1ccc([S+](C)[O-])cc1,1,train,42
4494,CCC(=O)NCCC1CCc2ccc3c(c21)CCO3,1,train,42
4495,CCC(c1cccc(O)c1)C(C)CN(C)C,1,train,42
4496,CCCC(C)(COC(N)=O)COC(=O)NC(C)C,1,train,42
4497,CCCCC(C)(O)C/C=C/C1C(O)CC(=O)C1CCCCCCC(=O)OC,1,train,42
4498,CCCCN1CC(O)C(O)C(O)C1CO,1,train,42
4499,CCCN(CCc1cccs1)C1CCc2c(O)cccc2C1,1,train,42
4500,CCN(CCC(c1ccccc1)c1cc(C)ccc1O)C(C)C,1,train,42
4501,CN(C)CC(c1ccc(O)cc1)C1(O)CCCCC1,1,train,42
4502,CN1CC(C(=O)NC2(C)OC3(O)C4CCCN4C(=O)C(Cc4ccccc4)N3C2=O)C=C2c3cccc4[nH]cc(c34)CC21,1,test,42
4503,CN1CCCC1Cc1c[nH]c2ccc(CCS(=O)(=O)c3ccccc3)cc12,1,test,42
4504,CNC(C)CCC=C(C)C,1,train,42
4505,COC(=O)C1=COC(C)C2CN3CCc4c([nH]c5ccccc45)C3CC12,1,train,42
4506,COc1ccc2cc(C(C)C(=O)O)ccc2c1,1,train,42
4507,Clc1ccc2nsnc2c1NC1=NCCN1,1,train,42
4508,Nc1ccncc1,1,train,42
4509,Nc1nc(CC(=O)Nc2ccc(CCNCC(O)c3ccccc3)cc2)cs1,1,train,42
4510,O=C(O)CCCO,1,val,42
4511,O=C(OC1CC2CCC(C1)[N+]21CCCC1)C(O)(c1ccccc1)c1ccccc1,1,train,42
4512,O=C(OC1CN2CCC1CC2)N1CCc2ccccc2C1c1ccccc1,1,train,42
4513,O=C1CC=NN1c1ccccc1,1,val,42
4514,O=C1CN(/N=C\c2ccc(-c3ccc([N+](=O)[O-])cc3)o2)C(=O)N1,1,train,42
4515,CCC[C@]1(O)[C@H]2C[C@]34C=C[C@@]2(OC)[C@H]1[C@@]31CCN(C)[C@@H]4Cc2ccc(OC(C)=O)c(OC)c21,1,train,42
4516,CCN=C1NC(=O)[C@@H](c2ccccc2)O1,1,test,42
4517,CCN=C1Nc2ccc(Cl)cc2[C@@H](c2ccccc2)S1,1,train,42
4518,CCN=C1Nc2ccc(Cl)cc2[C@](C)(c2ccccc2)O1,1,train,42
4519,CC[C@](C)(O)[C@@H]1[C@H]2[C@@H]3C[C@@]34[C@@H]3Cc5ccc(OC)c6c5[C@@]4(CCN3CC3CC3)[C@@H](O6)[C@]21OC,1,test,42
4520,CN1CCCC[C@@H]1CCN1c2ccccc2Sc2ccc([S@@+](C)[O-])cc21,1,train,42
4521,CN=C1CN(O)[C@@H](c2ccccc2)c2cc(Cl)ccc2N1,1,test,42
4522,CNCCC=C1c2ccccc2[C@H]2C[C@H]2c2ccccc21,1,train,42
4523,COC1=C[C@@]23C[C@@]24CCCC[C@H]4[C@@H]2C[C@@]3(C=C1)CN2C,1,train,42
4524,CO[C@@]12CC[C@]3(C[C@@H]1C(C)(C)O)[C@@H]1Cc4ccc(O)c5c4[C@]3(CCN1CC1CC1)[C@H]2O5,1,train,42
4525,N=C1NC(=O)[C@@H](c2ccccc2)O1,1,train,42
4526,NC(=O)C[S@@+]([O-])C(c1ccccc1)c1ccccc1,1,train,42
4527,O=C1NC(=NC2CC2)O[C@@H]1c1ccccc1,1,train,42
4528,OC[C@H]1O[C@@H](n2cnc3c2NC=NC[C@H]3O)C[C@H]1O,1,test,42
4529,C#Cc1cccc(Nc2ncnc3cc(OCCOC)c(OCCOC)cc23)c1,1,train,42
4530,CCC(=O)NCC[C@@H]1CCc2ccc3c(c21)CCO3,1,train,42
4531,CCCN1C[C@@H](CSC)CC2c3cccc4[nH]cc(c34)C[C@@H]21,1,train,42
4532,CCN(CC)CCNC(=O)c1c(C)[nH]c(/C=C2\C(=O)Nc3ccc(F)cc32)c1C,1,train,42
4533,CCOC(=O)c1cncn1[C@H](C)c1ccccc1,1,val,42
4534,CCSCc1ccc2c(c1)c1c3c(c4c5cc(CSCC)ccc5n5c4c1n2C1C[C@](O)(C(=O)OC)C5(C)O1)CNC3=O,1,test,42
4535,CN(C)CCOC(c1ccc(Cl)cc1)c1ccccn1,1,val,42
4536,CN1CCC(c2c(O)cc(O)c3c(=O)cc(-c4ccccc4Cl)oc23)C(O)C1,1,train,42
4537,CN1CC[C@]23c4c5ccc(O)c4O[C@@H]2C(=O)CCC3(O)[C@H]1C5,1,val,42
4538,CN1CC[C@]23c4c5ccc(O)c4O[C@@H]2C(=O)CC[C@H]3[C@H]1C5,1,train,42
4539,CN1C[C@H](C(=O)N[C@]2(C)O[C@@]3(O)[C@@H]4CCCN4C(=O)[C@H](Cc4ccccc4)N3C2=O)C=C2c3cccc4[nH]cc(c34)C[C@H]21,1,val,42
4540,CNC(=O)c1cc(Oc2ccc(NC(=O)Nc3ccc(Cl)c(C(F)(F)F)c3)cc2)ccn1,1,val,42
4541,COC(=O)[C@H](c1ccccc1)[C@H]1CCCCN1,1,train,42
4542,COC1CC(CC(C)C2CC(=O)[C@H](C)C=C(C)[C@H](O)C(OC)C(=O)C(C)CC(C)/C=C/C=C/C=C(\C)[C@@H](OC)CC3CC[C@@H](C)[C@@](O)(O3)C(=O)C(=O)N3CCCCC3C(=O)O2)CC[C@H]1O,1,train,42
4543,COC1CC(CC(C)C2CC(=O)[C@H](C)C=C(C)[C@H](O)C(OC)C(=O)C(C)CC(C)/C=C/C=C/C=C(\C)[C@@H](OC)CC3CC[C@@H](C)[C@@](O)(O3)C(=O)C(=O)N3CCCCC3C(=O)O2)CC[C@H]1OCCO,1,train,42
4544,COC1CC(CC(C)C2CC(=O)[C@H](C)C=C(C)[C@H](O)C(OC)C(=O)C(C)CC(C)/C=C/C=C/C=C(\C)[C@@H](OC)CC3CC[C@@H](C)[C@@](O)(O3)C(=O)C(=O)N3CCCCC3C(=O)O2)CC[C@@H]1OC(=O)C(C)(CO)CO,1,train,42
4545,Cc1cc(C)c(/C=C2\C(=O)Nc3ccccc32)[nH]1,1,train,42
4546,NC(=O)N1c2ccccc2CCc2ccccc21,1,train,42
4547,O=C(O)C(Cl)Cl,1,train,42
4548,O=C1CNC(=O)N1,1,train,42
4549,O=S(=O)(c1cccc2cnccc12)N1CCCNCC1,1,test,42
4550,Oc1ccc2c3c1O[C@@H]1[C@@H](O)CCC4(O)[C@@H](C2)N(CC2CCC2)CC[C@]314,1,train,42
4551,C#C[C@@]1(O)C=C[C@@H]2[C@@H]3CCC4=CC(=O)CC[C@@H]4[C@@H]3CC[C@@]21CC,1,train,42
4552,C#C[C@@]1(O)CC[C@@H]2[C@@H]3CCC4=CC(=O)CC[C@@H]4[C@@H]3C=C[C@@]21CC,1,train,42
4553,C#C[C@@]1(O)CC[C@@H]2[C@@H]3CCC4=CC(=O)CC[C@@H]4[C@@H]3CC[C@@]21C,1,test,42
4554,C#C[C@@]1(O)CC[C@@H]2[C@@H]3CCC4=CC(=O)CC[C@@H]4[C@@H]3CC[C@@]21CC,1,train,42
4555,C#C[C@@]1(O)CC[C@@H]2[C@@H]3CCC4=CCCC[C@@H]4[C@@H]3CC[C@@]21C,1,train,42
4556,C#C[C@@]1(O)CC[C@@H]2[C@@H]3CC[C@@H]4CC(=O)CCC4=C3[C@H](c3ccc(N(C)C)cc3)C[C@@]21C,1,train,42
4557,C#C[C@@]1(O)CC[C@@H]2[C@@H]3CCc4cc(O)ccc4[C@@H]3CC[C@@]21C,1,train,42
4558,C#C[C@@]1(O)CC[C@@H]2[C@@H]3CCc4cc(OC)ccc4[C@@H]3CC[C@@]21C,1,train,42
4559,C#C[C@@]1(O)CC[C@@H]2[C@H]3[C@@H](C)CC4=C(CCC(=O)C4)[C@@H]3CC[C@@]21C,1,train,42
4560,C#C[C@@]1(O)CC[C@H]2[C@@H]3CCC4=CCCC[C@@H]4[C@@H]3C(=C)C[C@]21CC,1,val,42
4561,C#C[C@@]1(OC(C)=O)CC[C@@H]2[C@@H]3CCC4=CC(=NO)CC[C@@H]4[C@@H]3CC[C@@]21CC,1,val,42
4562,C1=Cc2cccc(OC[C@@H]3CNCCO3)c2C1,1,val,42
4563,C=C1/C(=C\C=C2/CCC[C@]3(C)[C@@H]2CC[C@H]3[C@@H](C)CCCC(C)C)C[C@H](O)C[C@H]1O,1,train,42
4564,C=CCC1([C@@H](C)CC)C(=O)NC(=O)NC1=O,1,train,42
4565,C=CCN1C(=O)[C@@H](CC(C)C)NC1=S,1,val,42
4566,C=CCN1CCC[C@@H]1CNC(=O)c1cc(S(=O)(=O)NC)c(N)cc1OC,1,train,42
4567,C=CCN1CC[C@@]23c4c5ccc(O)c4O[C@H]2C(=O)CC[C@@]3(O)[C@@H]1C5,1,train,42
4568,C=CCN1CC[C@]23c4c5ccc(O)c4O[C@@H]2[C@]2(OC)C=C[C@]3(C[C@@H]2[C@](C)(O)CCC)[C@H]1C5,1,val,42
4569,C=CCOc1ccccc1OC[C@@H](O)CNC(C)C,1,train,42
4570,C=CC[C@@]1([C@@H](C)CCC)C(=C)NC(O)=NC1=O,1,train,42
4571,C=C[C@@H]1CN2CC[C@@H]1C[C@@H]2[C@@H](O)c1ccnc2ccc(OC)cc12,1,train,42
4572,C=C[C@@H]1CN2CC[C@@H]1C[C@H]2[C@@H](O)c1ccnc2ccccc12,1,val,42
4573,C=C[C@@]12CC[C@@H](O[C@H]3C[C@@H](OC)[C@@H](O)[C@H](C)O3)C[C@]1(O)CC[C@@H]1[C@@H]2CC[C@]2(C)[C@H](C3=CC(=O)OC3)CC[C@@]12O,1,train,42
4574,C=C[C@H]1CN2CC[C@@H]1C[C@@H]2[C@@H](O)c1ccnc2ccc(OC)cc12,1,test,42
4575,CC(=CC(=O)O)/C=C/C=C(C)\C=C/C1=C(C)CCCC1(C)C,1,val,42
4576,CC(=CCO)/C=C/C=C(C)\C=C\C1=C(C)CCCC1(C)C,1,train,42
4577,CC(=O)N1CCN(c2ccc(OC[C@@H]3CO[C@@](Cn4ccnc4)(c4ccc(Cl)cc4Cl)O3)cc2)CC1,1,train,42
4578,CC(=O)NCCC[C@@H](NC(C)=O)C(=O)O,1,train,42
4579,CC(=O)Nc1ccc(OC(=O)[C@H]2CCC(=O)N2)cc1,1,train,42
4580,CC(=O)Nc1ccc([C@H](O)CNC(C)C)cc1,1,test,42
4581,CC(=O)Nc1ccccc1,1,train,42
4582,CC(=O)OCC(=O)[C@@]1(O)CC[C@@H]2[C@@H]3CCC4=CC(=O)CC[C@]4(C)[C@]3(F)[C@@H](O)C[C@@]21C,1,train,42
4583,CC(=O)OCC(=O)[C@@]1(O)CC[C@H]2[C@H]3C[C@H](Cl)C4=CC(=O)C=C[C@@]4(C)[C@H]3C(=O)C[C@]21C,1,train,42
4584,CC(=O)OCC1=CO[C@@H](OC(=O)CC(C)(C)OC(C)=O)[C@@H]2C1=C[C@H](OC(=O)CC(C)C)[C@]21CO1,1,train,42
4585,CC(=O)O[C@@H](c1ccccc1)[C@H]1CCCCN1,1,train,42
4586,CC(=O)O[C@@H]1CC[C@@]2(C)[C@H]3CC[C@@]4(C)[C@@H]([C@@H](C)CCCC(C)C)CC[C@H]4[C@H]3C[C@H](Br)[C@@]2(Br)C1,1,train,42
4587,CC(=O)O[C@@H]1C[C@H]2C(COC(=O)CC(C)C)=CO[C@@H](OC(=O)CC(C)C)[C@@H]2[C@]12CO2,1,train,42
4588,CC(=O)O[C@H]1C[C@@]2(C)[C@@H](C[C@@H](O)[C@@H]3[C@]4(C)CC[C@@H](O)[C@@H](C)[C@@H]4CC[C@]32C)/C1=C(/CCC=C(C)C)C(=O)O,1,test,42
4589,CC(=O)O[C@]1(C(C)=O)CC[C@@H]2[C@@H]3C=C(Cl)C4=CC(=O)[C@H]5C[C@@H]5[C@]4(C)[C@@H]3CC[C@@]21C,1,train,42
4590,CC(=O)O[C@]1(C(C)=O)CC[C@@H]2[C@H]3C=C(C)C4=CC(=O)CC[C@@]4(C)[C@H]3CC[C@]21C,1,train,42
4591,CC(=O)Oc1ccc2c3c1O[C@H]1[C@H](OC(C)=O)C=C[C@H]4[C@H](C2)N(C)CCC[C@@]341,1,train,42
4592,CC(=O)[C@@H]1CC[C@@H]2[C@@H]3CCC4=CC(=O)CC[C@]4(C)[C@@H]3CC[C@]21C,1,train,42
4593,CC(=O)[C@H]1CC[C@H]2[C@H]3CC[C@H]4C[C@@](C)(O)CC[C@@]4(C)[C@H]3CC[C@@]12C,1,train,42
4594,CC(=O)[C@H]1CC[C@H]2[C@H]3C[C@H](O)[C@@]45C[C@H]4CC[C@@]5(C)[C@H]3CC[C@@]12C,1,train,42
4595,CC(C)(C)C(=O)O[C@H]1N=C(c2ccccc2)c2cc(Cl)ccc2NC1=O,1,train,42
4596,CC(C)(C)NC(=O)[C@@H]1CC[C@@H]2[C@@H]3CC[C@@H]4NC(=O)C=C[C@@]4(C)[C@@H]3CC[C@]21C,1,train,42
4597,CC(C)(C)NC[C@@H](O)c1cc(O)cc(O)c1,1,val,42
4598,CC(C)(C)NC[C@@H](O)c1ccc(O)c(C(=O)O)c1,1,val,42
4599,CC(C)(C)NC[C@@H](O)c1ccc(O)c(CO)n1,1,train,42
4600,CC(C)(C)[C@@]1(O)CCN2C[C@H]3c4ccccc4CCc4cccc(c43)[C@H]2C1,1,train,42
4601,CC(C)(Oc1ccc(CCNC(=O)c2ccccc2)cc1)C(=O)O,1,test,42
4602,CC(C)(Oc1ccc([C@@H]2CC2(Cl)Cl)cc1)C(=O)O,1,val,42
4603,CC(C)=CCC1C(=O)N(c2ccccc2)N(c2ccccc2)C1=O,1,train,42
4604,CC(C)=CCN1CC[C@]2(C)c3cc(O)ccc3C[C@@H]1[C@H]2C,1,train,42
4605,CC(C)CCC[C@H](C)[C@@H]1CC[C@@H]2[C@@H]3CC=C4C[C@@H](O)CC[C@]4(C)[C@@H]3CC[C@@]21C,1,train,42
4606,CC(C)COC[C@@H](CN1CCCC1)N(Cc1ccccc1)c1ccccc1,1,train,42
4607,CC(C)C[C@@H](CN)CC(=O)O,1,val,42
4608,CC(C)C[C@@H](N(C)C)C1(c2ccc(Cl)cc2)CCC1,1,val,42
4609,CC(C)N(CC[C@](C(N)=O)(c1ccccc1)c1cccnc1)C(C)C,1,val,42
4610,CC(C)NC[C@@H](O)c1cc(O)cc(O)c1,1,val,42
4611,CC(C)NC[C@@H]1CCc2cc(CO)c([N+](=O)[O-])cc2N1,1,train,42
4612,CC(C)NC[C@H](O)COc1ccc(COCCOC(C)C)cc1,1,train,42
4613,CC(C)NC[C@H](O)COc1cccc(NS(C)(=O)=O)c1,1,test,42
4614,CC(C)N[C@@H](C)[C@@H](O)c1cccc2ccccc12,1,test,42
4615,CC(C)N[C@@H](O)c1ccc(O)c(O)c1,1,train,42
4616,CC(C)[C@@H](CCCCCC(=O)O)NCc1ccc(F)cc1,1,train,42
4617,CC(C)n1c(/C=C/[C@H](O)C[C@@H](O)CC(=O)O)c(-c2ccc(F)cc2)c2ccccc21,1,train,42
4618,CC(C)n1c(/C=C/[C@H](O)C[C@H](O)CC(=O)O)c(-c2ccc(F)cc2)c2ccccc21,1,train,42
4619,CC([C@H](C)OC(N)=O)[C@@H](C)OC(N)=O,1,train,42
4620,CC1(C)NC(=O)[C@H](C=Cc2ccccc2)O1,1,train,42
4621,CC1(C)O[C@@H]2[C@H](CO[C@]3(COS(N)(=O)=O)OC(C)(C)O[C@@H]23)O1,1,train,42
4622,CC1(C)O[C@H]2C[C@H]3[C@@H]4CCC5=CC(=O)C=C[C@H]5[C@]4(F)[C@H](O)C[C@]3(C)[C@@]2(C(=O)CO)O1,1,train,42
4623,CC1(C)O[C@H]2C[C@H]3[C@@H]4C[C@H](F)C5=CC(=O)C=C[C@]5(C)[C@H]4[C@H](O)C[C@@]3(C)[C@@]2(C(=O)CO)O1,1,val,42
4624,CC1(C)[C@H]2CC[C@@]1(C)C(=O)C2,1,train,42
4625,CC1=NNC2=CN=C(c3ccccc3Cl)c3cc(Cl)ccc3N21,1,test,42
4626,CCC#CC[C@H](C)[C@@H](O)C#C[C@@H]1[C@H]2C/C(=C\COCC(=O)O)C[C@@H]2C[C@@H]1O,1,test,42
4627,CCC(=O)C(=O)c1ccc(OCC(=O)O)c(Cl)c1Cl,1,train,42
4628,CCC(=O)C(c1ccccc1)(c1ccccc1)[C@H](C)CN(C)C,1,train,42
4629,CCC(=O)N1CCN(C(=O)O[C@@H]2C3=C(SCCS3)C(=O)N2c2ccc3ccc(Cl)nc3n2)CC1,1,train,42
4630,CCC(=O)O[C@@](Cc1ccccc1)(c1ccccc1)[C@H](C)CN(C)C,1,train,42
4631,CCC(=O)O[C@@]1(CCN(C)CCCc2nc3ccccc3[nH]2)CCc2cc(F)ccc2[C@@H]1C(C)C,1,val,42
4632,CCC1(CC)O[C@H]2C[C@H]3[C@H]4CCC5=CC(=O)C=C[C@@]5(C)[C@@]4(F)[C@H](O)C[C@@]3(C)[C@]2(C(=O)CO)O1,1,train,42
4633,CCCC(=O)[C@]1(c2ccccc2)CCC=C[C@@H]1N(C)C,1,train,42
4634,CCCC(CCC)CCC[C@@H]1COCCN1CCO,1,train,42
4635,CCCCC(=O)O[C@]1(C(=O)CO)CC[C@H]2[C@H]3CCC4=CC(=O)CC[C@@]4(C)[C@H]3[C@H](O)C[C@]21C,1,train,42
4636,CCCCCC(=O)O[C@]1(C(C)=O)CC[C@@H]2[C@@H]3C=CC4=CC(=O)CC[C@]4(C)[C@@H]3CC[C@@]21C,1,train,42
4637,CCCCCCCCC[C@@]1(C)OC[C@@H](COC(N)=O)O1,1,train,42
4638,CCCCCCCN(CC)CCC[C@@H](O)c1ccc(NS(C)(=O)=O)cc1,1,train,42
4639,CCCCCOC(=O)Nc1nc(=O)n([C@@H]2O[C@@H](C)[C@@H](O)[C@H]2O)cc1F,1,train,42
4640,CCCCC[C@H](C)[C@H](C)c1cc(OC(=O)CCCN2CCCCCC2)c2c(c1)OC(C)(C)C1=C2C[C@H](C)CC1,1,train,42
4641,CCCCNC(=O)OC[C@@](C)(CCC)COC(N)=O,1,train,42
4642,CCCCOC[C@@H](CN1C(=O)NC(=O)[C@](CC)(c2ccccc2)C1=O)OC(N)=O,1,train,42
4643,CCCCOC[C@H](CN1C(=O)N(C[C@H](COCCCC)OC(N)=O)C(=O)C(CC)(c2ccccc2)C1=O)OC(N)=O,1,train,42
4644,CCCC[C@@H](CC)CNC(=O)C[C@@H](C)O,1,train,42
4645,CCCC[C@@H]1C(=O)C(=O)N(c2ccccc2)N1c1ccccc1,1,test,42
4646,CCCC[C@@H]1C(=O)N(c2ccccc2)N(c2ccc(O)cc2)C1=O,1,train,42
4647,CCCC[C@](C)(O)C/C=C/[C@H]1[C@H](O)CC(=O)[C@H]1CCCCCCC(=O)OC,1,train,42
4648,CCCN(CCC)C(=O)Cc1c(-c2ccc(C)cc2)nc2ccc(C)cn12,1,train,42
4649,CCCN1C[C@@H](CSC)C[C@H]2c3cccc4[nH]cc(c34)C[C@H]21,1,test,42
4650,CCCN1C[C@H](NS(=O)(=O)N(CC)CC)C[C@H]2Cc3c(O)cccc3C[C@H]21,1,train,42
4651,CCCNC(Cc1cccc2c1CC(=O)N2)NCCC,1,train,42
4652,CCCN[C@@H]1CCc2nc(N)sc2C1,1,train,42
4653,CCCOC(=O)c1cncn1[C@H](C)c1ccccc1,1,train,42
4654,CCC[C@@H](N[C@H](C)C(=O)N1[C@H](C(=O)O)C[C@@H]2CCCC[C@@H]21)C(=O)OCC,1,train,42
4655,CCC[C@@H]1C[C@H](C(=O)N[C@H]([C@@H]2O[C@@H](SC)[C@@H](O)[C@@H](O)[C@@H]2O)[C@H](C)Cl)N(C)C1,1,train,42
4656,CCC[C@@H]1O[C@@H]2C[C@@H]3[C@@H]4CCC5=CC(=O)C=C[C@]5(C)[C@@H]4[C@@H](O)C[C@]3(C)[C@]2(C(=O)CO)O1,1,train,42
4657,CCC[C@@](C)(O)[C@H]1C[C@]23C=C[C@@]1(OC)[C@H]1Oc4c(O)ccc5c4[C@@]12CCN(C)[C@@H]3C5,1,val,42
4658,CCC[C@H]1O[C@@]1(CC)C(N)=O,1,train,42
4659,CCCc1cc(C(N)=S)ccn1,1,train,42
4660,CCCc1nc2c(n1Cc1ccc(-c3ccccc3C(=O)O)cc1)=C[C@H](c1nc3ccccc3n1C)CC=2C,1,train,42
4661,CCN(C)C(=O)Oc1cccc([C@@H](C)N(C)C)c1,1,train,42
4662,CCN(CC)C(=O)N[C@@H]1C=C2c3cccc4[nH]cc(c34)C[C@@H]2N(C)C1,1,train,42
4663,CCN(CC)C(=O)[C@H]1CN2CCc3cc(OC)c(OC)cc3[C@H]2C[C@H]1OC(C)=O,1,train,42
4664,CCN(CC)C(=O)[C@]1(c2ccccc2)C[C@H]1CN,1,train,42
4665,CCN(CC)CC#CCOC(=O)[C@](O)(c1ccccc1)C1CCCCC1,1,val,42
4666,CCN(CC)CCCCN(C)c1ccnc2cc(Cl)ccc12,1,train,42
4667,CCN(CC)CCCOC(=O)[C@@]1(c2ccccc2)C[C@@H]2CC[C@@H]1C2,1,train,42
4668,CCN(CC)CCOC(=O)[C@H](Cc1ccc2ccccc2c1)C[C@H]1CCCO1,1,train,42
4669,CCN(CC)CC[C@]1(c2ccccc2)CCC(=O)NC1=O,1,train,42
4670,CCN(CC)[C@H](C)C(=O)c1ccccc1,1,train,42
4671,CCN(CCCCOC(=O)c1ccc(OC)c(OC)c1)[C@@H](C)Cc1ccc(OC)cc1,1,test,42
4672,CCN(CCO)CC[C@H](C)Nc1ccnc2cc(Cl)ccc12,1,train,42
4673,CCN1C(=O)N[C@H](c2ccccc2)C1=O,1,train,42
4674,CCN1CCC[C@@H]1CNC(=O)c1c(OC)ccc(Br)c1OC,1,train,42
4675,CCN1CC[C@H](CNC(=O)c2cc(S(N)(=O)=O)ccc2OC)C1,1,train,42
4676,CCN1CC[C@]23[C@@H]4C=C[C@H](O)[C@@H]2OC2=C(O)C=C[C@H](C[C@@H]41)[C@@H]23,1,train,42
4677,CCN1C[C@@H](C(=O)O)C(=O)c2ccc(C)nc21,1,train,42
4678,CCNC[C@H](C)c1cccc(C(F)(F)F)c1,1,train,42
4679,CCN[C@H]1[C@H]2CC[C@@H](C2)[C@H]1c1ccccc1,1,train,42
4680,CCOC(=O)C1=C(C)NC(C)=C(C(=O)OCC)C1c1ccccc1/C=C/C(=O)OC(C)(C)C,1,train,42
4681,CCOC(=O)C1=C[C@H](OC(CC)CC)[C@H](NC(C)=O)[C@@H](N)C1,1,val,42
4682,CCOC(=O)[C@@H](CCc1ccccc1)N[C@H](C)C(=O)N1[C@H](C(=O)O)C[C@@H]2CCCC[C@@H]21,1,train,42
4683,CCOC(=O)[C@@H](CCc1ccccc1)N[C@H](C)C(=O)N1[C@H](C(=O)O)C[C@@H]2CCC[C@@H]21,1,train,42
4684,CCOC(=O)[C@H](CCc1ccccc1)N[C@@H]1CCCN2CCC[C@@H](C(=O)O)N2C1=O,1,train,42
4685,CCO[C@H](Cc1ccc(OCCc2ccc(OS(C)(=O)=O)cc2)cc1)C(=O)O,1,train,42
4686,CCOc1cc(CC(=O)N[C@H](CC(C)C)c2ccccc2N2CCCCC2)ccc1C(=O)O,1,val,42
4687,CCOc1ccccc1OCCN[C@@H](C)Cc1ccc(OC)c(S(N)(=O)=O)c1,1,train,42
4688,CCOc1ccccc1OC[C@H]1COCCN1,1,train,42
4689,CC[C@@H](C(=O)NC(N)=O)c1ccccc1,1,train,42
4690,CC[C@@H](C(=O)O)c1ccc(N2Cc3ccccc3C2=O)cc1,1,train,42
4691,CC[C@@H](C)[C@H]1[C@H](C)[C@H]2C[C@]3(C[C@@H]4C[C@H](C/C=C(/C)[C@@H](O[C@@H]5C[C@@H](OC)[C@@H](O[C@H]6C[C@@H](OC)[C@@H](O)[C@H](C)O6)[C@H](C)O5)[C@@H](C)C=CC=C5CO[C@@H]6[C@@H](O)C(C)=C[C@H](C(=O)O4)[C@]56O)O3)O[C@H]21,1,train,42
4692,CC[C@H](CO)NCCN[C@@H](CC)CO,1,train,42
4693,CC[C@@H](OC(C)=O)C(C[C@H](C)N(C)C)(c1ccccc1)c1ccccc1,1,train,42
4694,CC[C@@H](OC(N)=O)C1CCCCC1,1,train,42
4695,CC[C@@H]1OC(=O)[C@@H](C)C(=O)[C@H](C)[C@@H](O[C@@H]2O[C@@H](C)C[C@@H](N(C)C)[C@@H]2O)[C@](C)(OC)C[C@H](C)C(=O)[C@H](C)[C@H]2N(CCCCn3cnc(-c4cccnc4)c3)C(=O)O[C@]12C,1,val,42
4696,CC[C@@H]1OC(=O)[C@H](C)[C@@H](O[C@H]2C[C@@](C)(OC)[C@H](O)[C@H](C)O2)[C@H](C)[C@@H](O[C@@H]2O[C@@H](C)C[C@@H](N(C)C)[C@@H]2O)[C@](C)(O)C[C@@H](C)C(=O)[C@@H](C)[C@H](O)[C@]1(C)O,1,val,42
4697,CC[C@@](C)(O)[C@H]1C[C@]23C=C[C@@]1(OC)[C@H]1Oc4c(OC)ccc5c4[C@@]12CCN(CC1CC1)[C@@H]3C5,1,train,42
4698,CC[C@@](O)(COC(N)=O)c1ccccc1,1,train,42
4699,CC[C@@]1(C)CC(=O)NC1=O,1,train,42
4700,CC[C@@]1(O)CCN2CCc3ccc(C)cc3[C@H]2C1,1,train,42
4701,CC[C@@]1(c2ccc(N)cc2)CCC(=O)NC1=O,1,train,42
4702,CC[C@@]12CCN(CC3(O)CC3)[C@@H](Cc3ccc(O)cc31)C2(C)C,1,val,42
4703,CC[C@@]12CCN(CC3CC3)[C@@H](Cc3ccc(O)cc31)C2(C)C,1,train,42
4704,CC[C@@]12CCN(CC3CCC3)[C@@H](Cc3ccc(O)cc31)C2(C)C,1,test,42
4705,CC[C@H](C)C1(CC)C(=O)NC(=O)NC1=O,1,train,42
4706,CC[C@H](C)[C@@H](CC)C(=O)NC(N)=O,1,train,42
4707,CC[C@H](C)[C@@H](CC)C(N)=O,1,test,42
4708,CC[C@H](C)[C@@](C)(COC(N)=O)COC(=O)NC(C)C,1,val,42
4709,CC[C@H](C)n1ncn(-c2ccc(N3CCN(c4ccc(OC[C@@H]5CO[C@@](Cn6cncn6)(c6ccc(Cl)cc6Cl)O5)cc4)CC3)cc2)c1=O,1,train,42
4710,CC[C@H](CO)NC(=O)[C@H]1C=C2c3cccc4[nH]cc(c34)C[C@@H]2N(C)C1,1,test,42
4711,CC[C@H](CO)NC(=O)[C@H]1C=C2c3cccc4c3c(cn4C)C[C@@H]2N(C)C1,1,train,42
4712,CC[C@H](c1ccccc1)c1c(O)c2ccccc2oc1=O,1,train,42
4713,CC[C@H]1C(=O)NC(=O)[C@@]1(C)c1ccccc1,1,train,42
4714,CC[C@H]1C(C)=NN=C(c2ccc(OC)c(OC)c2)c2cc(OC)c(OC)cc21,1,train,42
4715,CC[C@]1(c2cccc(O)c2)CCCCN(C)C1,1,train,42
4716,CC[C@]1(c2ccccc2)C(=O)NC(=O)N(C(=O)c2ccccc2)C1=O,1,train,42
4717,CC[C@]1(c2ccccc2)C(=O)NC(=O)N(C)C1=O,1,train,42
4718,CC[C@]1(c2ccccc2)CCC(=O)NC1=O,1,train,42
4719,CC[C@]1(c2ccccc2)NC(=O)N(C)C1=O,1,train,42
4720,CC[C@]1(c2ccccc2)NCC(=O)NC1=O,1,train,42
4721,CCc1[nH]c(=O)[nH]c1C(=O)c1ccncc1,1,train,42
4722,CCc1cccc2c1N[C@@H]1[C@H]2CCOC1(CC(=O)O)CC(=O)O,1,train,42
4723,CN(C(=O)CNC(=O)[C@H](N)CCCCN)c1ccc(Cl)cc1C(=O)c1ccccc1,1,train,42
4724,CN(C)CCCOc1nn(Cc2ccccc2)c2ccccc12,1,train,42
4725,CN(C)CCC[C@@H]1c2ccccc2COc2ccccc21,1,val,42
4726,CN(C)CCN(c1ccc(Cl)cc1)c1ccccn1,1,train,42
4727,CN(C)CCN1C(=O)C[C@H](c2ccccc2)Sc2ccccc21,1,train,42
4728,CN(C)CCO[C@@](C)(c1ccccc1)c1ccc(Cl)cc1,1,train,42
4729,CN(C)CCO[C@]1(Cc2ccccc2)C[C@H]2CC[C@@]1(C)C2(C)C,1,train,42
4730,CN(C)CC[C@H](c1ccccc1)c1ccccn1,1,test,42
4731,CN(C)CC[C@]1(c2ccccc2)C=Cc2ccccc21,1,train,42
4732,CN(C)C[C@H]1CO[C@@]2(O1)c1ccccc1COc1ccccc12,1,train,42
4733,CN(C)[C@@](C)(CO)Cc1ccc(Cl)c(Cl)c1,1,train,42
4734,CN(C)[C@H]1C(=O)C(C(N)=O)=C(O)[C@@]2(O)C(=O)C3=C(O)c4c(O)cccc4[C@@](C)(O)[C@@H]3[C@H](O)[C@@H]12,1,train,42
4735,CN1C(=O)C[C@](C)(c2ccccc2)C1=O,1,train,42
4736,CN1C(=O)NC(=O)[C@](C)(C2=CCCCC2)C1=O,1,train,42
4737,CN1C(=O)[C@@H](O)N=C(c2ccccc2Cl)c2cc(Cl)ccc21,1,train,42
4738,CN1C(C(=O)Nc2ccccn2)=C(O)c2sc(Cl)cc2S1(=O)=O,1,test,42
4739,CN1C(C(=O)Nc2ccccn2)=Cc2sccc2S1(=O)=O,1,train,42
4740,CN1C(C(=O)Nc2nccs2)=C(O)c2ccccc2S1(=O)=O,1,val,42
4741,CN1CCC[C@@H](N2N[C@@H](Cc3ccc(Cl)cc3)c3ccccc3C2=O)CC1,1,train,42
4742,CN1CCC[C@@H]1c1cccnc1,1,test,42
4743,CN1CCN(CCCCN2C(=O)CN(/N=C\c3ccc(-c4ccc(Cl)cc4)o3)C2=O)CC1,1,train,42
4744,CN1CC[C@@]23c4c5ccc(O)c4O[C@H]2[C@@H](O)C=C[C@@H]3[C@@H]1C5,1,train,42
4745,CN1CC[C@@]23c4c5ccc(O)c4O[C@H]2[C@@](C)(O)CC[C@H]3[C@H]1C5,1,train,42
4746,CN1CC[C@](C)(CN2c3ccccc3Sc3ccccc32)C1,1,train,42
4747,CN1CCc2cc(Cl)c(O)cc2[C@H](c2cc(Br)cc3c2OCC3)C1,1,train,42
4748,CN1C[C@@H](C(=O)N[C@]2(C)O[C@@]3(O)[C@@H]4CCCN4C(=O)[C@@H](Cc4ccccc4)N3C2=O)C=C2c3cccc4[nH]cc(c34)C[C@@H]21,1,train,42
4749,CN1C[C@@H](C(=O)N[C@]2(C)O[C@@]3(O)[C@@H]4CCCN4C(=O)[C@@H](Cc4ccccc4)N3C2=O)C[C@@H]2c3cccc4[nH]cc(c34)C[C@@H]21,1,train,42
4750,CN1[C@@H]2CC[C@@H]1CC(OC(=O)c1cn(C)c3ccccc13)C2,1,train,42
4751,CN1[C@H](CSCC(F)(F)F)Nc2cc(Cl)c(S(N)(=O)=O)cc2S1(=O)=O,1,train,42
4752,CN1[C@@H]2CC(OC(=O)[C@@H](CO)c3ccccc3)C[C@H]1[C@@H]1O[C@H]12,1,train,42
4753,CN1[C@H]2CC[C@H]1CC(OC(=O)[C@@](C)(CO)c1ccccc1)C2,1,train,42
4754,CN1[C@H]2CC[C@H]1CC(OC(=O)[C@H](O)c1ccccc1)C2,1,train,42
4755,CN1c2ccccc2N(CCCCCCC(=O)O)c2ccc(Cl)cc2S1(=O)=O,1,train,42
4756,CN1c2ccccc2[C@@H](NCCCCCCC(=O)O)c2ccc(Cl)cc2S1(=O)=O,1,train,42
4757,CNC(=O)O[C@H]1OC(=O)[C@@H]2[C@H]1[C@@H]1C=C[C@@H]2C1,1,train,42
4758,CNCCC[C@]1(c2ccccc2)SC(C)(C)c2ccccc21,1,train,42
4759,CNCC[C@@H](Oc1ccccc1OC)c1ccccc1,1,test,42
4760,CNS(=O)(=O)CCc1ccc2[nH]c(C3CCN(C)CC3)cc2c1,1,train,42
4761,CNc1cc(OC)c(C(=O)N[C@H]2CCN(Cc3ccccc3)[C@@H]2C)cc1Cl,1,train,42
4762,CO/N=C(/C(=O)N[C@@H]1C(=O)N2C(C(=O)O)=CCS[C@@H]12)c1csc(N)n1,1,train,42
4763,CO/N=C(\C#N)[C@H]1CN2CCC1CC2,1,train,42
4764,COC(=O)C1=C(C#N)NC(C)=C(C(=O)OC(C)C)[C@H]1c1cccc([N+](=O)[O-])c1,1,train,42
4765,COC(=O)C1=C(C)NC(C)=C(C(=O)OC(C)C)[C@H]1c1cccc2nonc12,1,train,42
4766,COC(=O)C1=C(C)NC(C)=C(C(=O)OCC(C)C)[C@H]1c1ccccc1[N+](=O)[O-],1,val,42
4767,COC(=O)C1=C(C)NC(C)=C(OC(C)=O)[C@H]1c1ccccc1[N+](=O)[O-],1,train,42
4768,COC(=O)[C@@H](c1ccccc1)[C@H]1CCCCN1,1,train,42
4769,COC(=O)[C@H](c1ccccc1)[C@@H]1CCCCN1,1,train,42
4770,COC(=O)c1c(C)cc([N+](=O)[O-])c(C(=O)OCCN(C)Cc2ccccc2)c1C1C=C(C)NC(C)=C1,1,train,42
4771,COC1=CC(=O)O[C@H]1[C@H](O)c1ccccc1Cl,1,test,42
4772,COCC1=C(C(=O)O[C@H](C)OC(=O)OC(C)C)N2C(=O)[C@H](NC(=O)C(=NOC)c3csc(N)n3)[C@@H]2SC1,1,val,42
4773,COC[C@H]1CN=C(c2ccccc2Cl)c2cc(Br)ccc2N1C,1,train,42
4774,COP(=O)(C[C@H](c1ccc(Cl)cc1)P(=O)(OC)OC)OC,1,train,42
4775,CO[C@@]1(F)C(F)(F)[C@@]1(F)Cl,1,train,42
4776,CO[C@@]12CC[C@@]3(C[C@H]1C(C)(C)O)[C@H]1Cc4ccc(O)c5c4[C@]3(CCN1CC1CC1)[C@@H]2O5,1,train,42
4777,CO[C@@]12CC[C@@]3(C[C@H]1[C@@](C)(O)C(C)(C)C)[C@H]1Cc4ccc(O)c5c4[C@]3(CCN1CC1CC1)[C@@H]2O5,1,train,42
4778,COc1c(N2CCN[C@@H](C)C2)c(F)cc2c(=O)c(C(=O)O)cn(C3CC3)c12,1,train,42
4779,COc1c2c(cc(F)c1N1C[C@@H]3CCCN[C@@H]3C1)C(=O)C(C(=O)O)=C[C@@H]2NC1CC1,1,train,42
4780,COc1cc(C)c(/C=C/C(C)=C/C=C/C(C)=CC(=O)O)c(C)c1C,1,train,42
4781,COc1cc(C)c([S+](C)[O-])cc1OC,1,train,42
4782,COc1cc2c(cc1OC)S(=O)(=O)O[C@@H](C(=O)N[C@H](C)CC(C)(C)N(C)C)C2,1,train,42
4783,COc1cc2nc(N3CCN(C(=O)[C@@H]4CCCO4)CC3)nc(N)c2cc1OC,1,test,42
4784,COc1cc2nc(N3CCN(C(=O)[C@@H]4COc5ccccc5O4)CC3)nc(N)c2cc1OC,1,train,42
4785,COc1ccc(C2(C#N)CCC(C(=O)O)CC2)cc1OC1CCCC1,1,train,42
4786,COc1ccc(CCN(C)CCC[C@](C#N)(c2cc(OC)c(OC)c(OC)c2)C(C)C)cc1OC,1,train,42
4787,COc1ccc(Cl)c2c1CCC[C@H]2N(C)C,1,test,42
4788,COc1ccc(OC[C@H]2CN(C)CC[C@H]2c2ccccc2)cc1,1,train,42
4789,COc1ccc2c(C(=S)N(C)CC(=O)O)ccc(C(F)(F)F)c2c1,1,test,42
4790,COc1ccc2c(c1)N(CC[C@H]1CCCCN1C)c1ccccc1S2,1,train,42
4791,COc1ccc2c(c1)[C@](O)(CCCN(C)C)c1ccccc1S2,1,train,42
4792,COc1ccc2c(c1)c(CC(=O)O)cn2C(=O)c1ccccc1,1,train,42
4793,COc1ccc2c3c1O[C@@H]1C(=O)CC[C@]4(O)[C@H](C2)N(C)CC[C@@]314,1,test,42
4794,COc1ccc2c3c1O[C@@H]1C[C@@H](O)C=C[C@]31CCN(C)C2,1,train,42
4795,COc1ccc2c3c1O[C@H]1C(OC(C)=O)=CC[C@H]4[C@@H](C2)N(C)CC[C@@]314,1,train,42
4796,COc1ccc2c3c1O[C@H]1[C@@H](O)C=C[C@@H]4[C@H](C2)N(C)CC[C@]341,1,train,42
4797,COc1ccc2c3c1O[C@H]1[C@@H](O)CC[C@@H]4[C@H](C2)N(C)CC[C@]341,1,train,42
4798,COc1cccc(C(=O)CCN[C@@H](C)[C@@H](O)c2ccccc2)c1,1,train,42
4799,COc1cccc(C[C@H](C)N)c1,1,train,42
4800,COc1cccc([C@@]2(O)CCCC[C@H]2CN(C)C)c1,1,test,42
4801,COc1ccccc1OCCNC[C@@H](O)OCc1cccc2[nH]c3ccccc3c12,1,test,42
4802,COc1ccccc1OCCNC[C@@H](O)c1ccc(C)cc1S(N)(=O)=O,1,val,42
4803,COc1nc(C)nc(Cl)c1NC1=NCCN1,1,val,42
4804,CSc1ccc2c(c1)N(C[C@H](C)CN(C)C)c1ccccc1S2,1,train,42
4805,C[C@@H](Cc1ccc(O)cc1)N[C@@H](O)Cc1cc(O)cc(O)c1,1,train,42
4806,C[C@@H](Cc1ccccc1)[N@@+](C)([O-])Cc1ccccc1,1,train,42
4807,C[C@@H](NC(C)(C)C)C(=O)c1ccc(Cl)cc1,1,train,42
4808,C[C@@H](NC(C)(C)C)C(=O)c1cccc(Cl)c1,1,train,42
4809,C[C@@H](NCCn1cnc2c1c(=O)n(C)c(=O)n2C)[C@H](O)c1ccccc1,1,train,42
4810,C[C@@H](NN)c1ccccc1,1,train,42
4811,C[C@@H](NNC(=O)c1ccccc1)c1ccccc1,1,train,42
4812,C[C@@H](Oc1cccc2ccccc12)C(N)=NO,1,val,42
4813,C[C@@H]([C@](O)(Cn1cncn1)c1ccc(F)cc1F)S(C)(=O)=O,1,val,42
4814,C[C@@H]1C[C@@H]2[C@@H]3CCC4=CC(=O)C=C[C@]4(C)[C@]3(F)[C@@H](O)C[C@]2(C)[C@@]1(O)C(=O)CO,1,train,42
4815,C[C@@H]1[C@H](c2ccccc2)OCCN1C,1,train,42
4816,C[C@@](O)(CS(=O)(=O)c1ccc(F)cc1)C(=O)Nc1ccc(C#N)c(C(F)(F)F)c1,1,train,42
4817,C[C@@]12C=CC(=O)C=C1CC[C@@H]1[C@H]3C[C@@H](O)[C@@](O)(C(=O)CO)[C@]3(C)C[C@@H](O)[C@@]12F,1,val,42
4818,C[C@@]12C=CC(=O)C=C1CC[C@H]1[C@H]2[C@H](O)C[C@]2(C)[C@@H]1CC[C@@]2(O)C(=O)CO,1,train,42
4819,C[C@@]12CC[C@@H]3[C@H](CCC4=CC(=O)CC[C@]43C)[C@H]1CC[C@H]2O,1,test,42
4820,C[C@@]12C[C@@H](O)[C@@H]3[C@H](CCC4=CC(=O)CC[C@]43C)[C@H]1CC[C@@H]2C(=O)CO,1,train,42
4821,C[C@@]12CCC(=O)C=C1CC[C@H]1[C@H]2[C@H](O)C[C@]2(C)[C@@H]1CC[C@@]2(O)C(=O)CO,1,train,42
4822,C[C@@]12CCC3=C4CCC(=O)C=C4CC[C@@H]3[C@H]1CC[C@]2(O)CC#N,1,test,42
4823,C[C@@]12CC[C@@H]3c4ccc(OC(=O)N(CCCl)CCCl)cc4CC[C@@H]3[C@H]1CC[C@@H]2O,1,train,42
4824,C[C@@]12C=CC(=O)C=C1CC[C@H]1[C@H]3C[C@H]4Cc5ccccc5C[C@@]4(C(=O)CO)[C@]3(C)C[C@H](O)[C@@]12F,1,val,42
4825,C[C@@]12N[C@@H](Cc3ccccc31)c1ccccc12,1,test,42
4826,C[C@H](C(=O)O)c1ccc(-c2cccc(F)c2)cc1,1,test,42
4827,C[C@H](C(=O)O)c1ccc(N2Cc3ccccc3C2=O)cc1,1,train,42
4828,C[C@H](C(=O)O)c1ccc([C@@H]2CCCC(=NO)C2)cc1,1,train,42
4829,C[C@H](C(=O)O)c1cccc(Oc2ccccc2)c1,1,train,42
4830,C[C@H](C(=O)c1ccccc1)N(C)C,1,train,42
4831,C[C@H](N)[C@@H](O)c1ccccc1,1,train,42
4832,C[C@H](NCCc1ccc(O)cc1)[C@@H](O)c1ccc(O)cc1,1,val,42
4833,C[C@H](c1cc2ccccc2s1)N(O)C(N)=O,1,test,42
4834,C[C@H]1CC(=O)NN=C1c1ccc(NN=C(C#N)C#N)cc1,1,train,42
4835,C[C@H]1CO[C@@]2(c3ccccc3Cl)c3cc(Cl)ccc3NC(=O)CN12,1,train,42
4836,C[C@H]1C[C@H](OC(=O)[C@H]2CCC(=O)N2)CC(C)(C)C1,1,val,42
4837,C[C@H]1C[C@H]2[C@H]([C@H](O)C[C@]3(C)[C@@H]2CC[C@@]3(O)C(=O)CO)[C@]2(C)C=CC(=O)C=C12,1,train,42
4838,C[C@H]1C[C@H]2[C@H]3CC(F)(F)C4=CC(=O)C=C[C@@]4(C)[C@@]3(F)[C@H](O)C[C@@]2(C)[C@@]1(O)C(=O)CO,1,train,42
4839,C[C@H]1C[C@H]2[C@H]3CCC4=CC(=O)C=C[C@@]4(C)[C@@]3(Cl)[C@H](O)C[C@@]2(C)[C@@]1(O)C(=O)CO,1,train,42
4840,C[C@H]1C[C@H]2[C@H]3C[C@H](F)C4=CC(=O)C=C[C@@]4(C)[C@@]3(F)[C@H](O)C[C@@]2(C)[C@@]1(O)C(=O)SCF,1,train,42
4841,C[C@H]1NCCO[C@H]1c1ccccc1,1,train,42
4842,C[C@H]1O[C@@]2(CCCC[C@H]2Oc2cccc(Cl)c2)NC1=O,1,val,42
4843,C[C@H]1O[C@H]1P(=O)(O)O,1,test,42
4844,C[C@H]1Oc2ccccc2C[C@H]1N(C)C,1,train,42
4845,C[C@H]1[C@@H]2C(=O)c3ccc(O)cc3[C@]1(C)CCN2CC1CC1,1,train,42
4846,C[C@H]1[C@H]2Cc3ccc(O)cc3[C@@]1(C)CCN2C,1,train,42
4847,C[C@H]1[C@H]2Cc3ccc(O)cc3[C@@]1(C)CCN2CC1CC1,1,val,42
4848,C[C@H]1[C@H]2Cc3ccc(O)cc3[C@@]1(C)CCN2CCc1ccccc1,1,val,42
4849,C[C@]1(c2ccccc2)CC(=O)N(CN2CCOCC2)C1=O,1,train,42
4850,Cc1c(N(C)C)c(=N)n(-c2ccccc2)n1C,1,train,42
4851,Cc1cc(C)cc(OC[C@H]2CNC(=O)O2)c1,1,test,42
4852,Cc1cc(NC(=O)C2=C(O)c3ccccc3S(=O)(=O)[C@@H]2C)no1,1,train,42
4853,Cc1cc(NS(=O)(=O)c2ccc(N)cc2)nc(C)n1,1,train,42
4854,Cc1cc2nc3c(=O)[nH]c(=O)nc-3n(C[C@@H](O)[C@H](O)[C@H](O)CO)c2cc1C,1,train,42
4855,Cc1ccc(-c2c(-c3ccc(S(C)(=O)=O)cc3)cc(Cl)c[n+]2[O-])cn1,1,train,42
4856,Cc1ccc(C(=CCN2CCCC2)c2cccc(/C=C/C(=O)O)n2)cc1,1,train,42
4857,Cc1ccc(O)c([C@@H](CCN(C(C)C)C(C)C)c2ccccc2)c1,1,train,42
4858,Cc1ccc(S(=O)(=O)NC(=O)NN2C[C@H]3CCC[C@H]3C2)cc1,1,train,42
4859,Cc1ccc(S(=O)(=O)NC(=O)N[C@@H]2[C@H]3CC[C@](C)([C@H]2O)C3(C)C)cc1,1,train,42
4860,Cc1ccc2c(c1)[C@H]1CN(C)CC[C@H]1N2,1,train,42
4861,Cc1cccc(C)c1NC(=O)[C@@H](C)N,1,train,42
4862,Cc1ccccc1N1C(=O)c2cc(S(N)(=O)=O)c(Cl)cc2N[C@@H]1C,1,test,42
4863,Cc1cn([C@H]2C=C[C@H](CO)O2)c(=O)nc1N,1,train,42
4864,Cc1cnc(C(=O)O)c[n+]1[O-],1,train,42
4865,Cc1cnc(C[S+]([O-])c2nc3ccccc3[nH]2)cc1OCC(F)(F)F,1,train,42
4866,Cc1nc(NCc2cccnc2)c(C#N)c(=O)[nH]1,1,train,42
4867,Cc1onc(-c2c(F)cccc2Cl)c1C(=O)N[C@@H]1C(=O)N2[C@H]1SC(C)(C)[C@H]2C(=O)O,1,train,42
4868,Cn1c(=O)c2c(ncn2CCCNC[C@@H](O)c2cc(O)cc(O)c2)n(C)c1=O,1,train,42
4869,Cn1c2c(c3ccccc31)C(=O)[C@@H](Cn1ccnc1)CC2,1,train,42
4870,FC(F)O[C@H](F)C(F)(F)F,1,test,42
4871,Fc1ccc(C(c2ccc(F)cc2)N2CCN(CCCc3ccccc3)CC2)cc1,1,val,42
4872,N=c1nc(N2CCCCC2)ccn1O,1,train,42
4873,N=c1nc2n(cc1F)[C@H]1O[C@@H](CO)[C@H](O)[C@H]1O2,1,train,42
4874,NC(=O)CN1C[C@H](O)CC1=O,1,train,42
4875,NC(=O)N1C(=O)[C@@H](C(=O)c2cccs2)c2cc(Cl)ccc21,1,train,42
4876,NC(N)=NC[C@@H]1COC2(CCCCC2)O1,1,train,42
4877,NC(N)=NC[C@@H]1COc2ccccc2O1,1,test,42
4878,NC1=NC(=O)N([C@H]2CS[C@H](CO)O2)CC1,1,train,42
4879,NCC(=O)O,1,train,42
4880,NCCC[C@](N)(C(=O)O)C(F)F,1,train,42
4881,NS(=O)(=O)c1cc(C(=O)O)cc(N2CCCC2)c1Oc1ccccc1,1,train,42
4882,NS(=O)(=O)c1cc(Cl)cc(NCc2ccco2)c1C(=O)O,1,train,42
4883,NS(=O)(=O)c1cc([C@@]2(O)NC(=O)c3ccccc32)ccc1Cl,1,val,42
4884,NS(=O)(=O)c1cc2c(cc1C(F)(F)F)N[C@H](Cc1ccccc1)NS2(=O)=O,1,train,42
4885,NS(=O)(=O)c1cc2c(cc1Cl)N[C@H](CN1CCCC1)NS2(=O)=O,1,train,42
4886,N[C@H](CCC(=O)O)c1ccc(Cl)cc1,1,train,42
4887,Nc1ccc(S(=O)(=O)c2ccc(O)cc2)cc1,1,train,42
4888,Nc1ccn([C@H]2CC[C@H](CO)O2)c(=O)n1,1,train,42
4889,O=C(C1CCCCC1)N1CC(=O)N2CCc3ccccc3[C@@H]2C1,1,val,42
4890,O=C(CCCN1CCC(O)(c2cccc(Cl)c2)CC1)c1ccc(F)cc1,1,train,42
4891,O=C(NC[C@@H]1CCCCN1)c1cc(OCC(F)(F)F)ccc1OCC(F)(F)F,1,train,42
4892,O=C(N[C@H](CO)[C@@H](O)c1ccc([N+](=O)[O-])cc1)C(Cl)Cl,1,train,42
4893,O=C(O)Cc1ccc2c(c1)C(=O)c1ccccc1CO2,1,train,42
4894,O=C(O)Cc1ccccc1Nc1ccc(Cl)cc1Cl,1,test,42
4895,O=C(O)Cc1ccccc1Oc1ccc(Cl)cc1Cl,1,train,42
4896,O=C(O)[C@@H]1C(=CCO)O[C@H]2CC(=O)N12,1,train,42
4897,O=C(O)[C@H]1CCN1C12CC3CC(CC(C3)C1)C2,1,train,42
4898,O=C(O[C@H]1CN2CCC1CC2)c1ccccc1,1,train,42
4899,O=C(c1ccc(F)cc1)C1CCN(CCn2c(=O)[nH]c3ccccc3c2=O)CC1,1,train,42
4900,O=C1CC[C@@H](N2C(=O)[C@@H]3[C@H]4CC[C@@H](C4)[C@@H]3C2=O)C(=O)N1,1,val,42
4901,O=C1CC[C@@H](N2C(=O)c3ccccc3C2=O)C(=O)N1,1,val,42
4902,O=C1CC[C@H](C(=O)N[C@H]2C[C@H]2c2ccccc2)N1,1,train,42
4903,O=C1CC[C@]2(O)[C@H]3Cc4ccc(O)c5c4[C@]2(CCN3CC2CC2)[C@@H]1O5,1,train,42
4904,O=C1CN(/N=C\c2ccc([N+](=O)[O-])o2)C(=O)N1,1,train,42
4905,O=C1CN2CCO[C@@]2(c2ccccc2F)c2cc(Br)ccc2N1,1,train,42
4906,O=C1CN2CCO[C@@]2(c2ccccc2F)c2cc(Cl)ccc2N1CCO,1,test,42
4907,O=C1C[C@H](c2cccc(Br)c2)C(=O)N1,1,train,42
4908,O=C1C[C@H]2c3cc(Cl)ccc3O[C@]3(CCNC[C@@H]23)N1,1,val,42
4909,O=C1N([C@H](O)C(Cl)(Cl)Cl)CNC1(c1ccccc1)c1ccccc1,1,train,42
4910,O=C1NC(=O)C(C[C@H]2CCCCN2)(c2ccccc2)C(=O)N1,1,train,42
4911,O=C1NC(=O)N([C@H]2O[C@@H](CO)[C@@H](O)[C@@H]2O)C[C@H]1C=CBr,1,train,42
4912,O=C1NNC(=O)C1(c1ccccc1)c1ccccc1,1,train,42
4913,O=C1NS(=O)(=O)c2ccccc21,1,test,42
4914,O=C1Nc2ccc(Cl)cc2C(c2ccccc2Cl)=N[C@@H]1O,1,train,42
4915,O=[N+]([O-])O[C@@H]1CO[C@H]2[C@H]1OC[C@H]2O[N+](=O)[O-],1,train,42
4916,O=[N+]([O-])O[C@H]1CO[C@H]2[C@H]1OC[C@H]2O,1,train,42
4917,O=[P@@]1(N(CCCl)CCCl)OCCCN1CCCl,1,train,42
4918,O=c1[nH]c2ccccc2n1C1CCN(CCC(c2ccc(F)cc2)c2ccc(F)cc2)CC1,1,val,42
4919,O=c1[nH]c2ccccc2n1CCCN1CCC(Nn2c(=O)[nH]c3cc(Cl)ccc32)CC1,1,train,42
4920,O=c1[nH]c2ccccc2n1CCCN1CCN(C(c2ccccc2)c2ccccc2)CC1,1,train,42
4921,OC(c1ccccc1)(c1ccccc1)[C@H]1C[C@H]1c1ccncc1,1,train,42
4922,OC[C@H](O)COc1ccc(Cl)cc1,1,val,42
4923,O[C@@](C1=NCCN1)(c1ccc(Cl)cc1)c1ccccn1,1,train,42
4924,O[C@@](CCN1CCCC1)(c1ccccc1)C1CCCCC1,1,train,42
4925,O[C@@]1(c2ccc(Cl)cc2)c2ccccc2C2=NCCN21,1,train,42
4926,O[C@](CCN1CCCCC1)(c1ccccc1)C1CCCCC1,1,train,42
4927,O[C@](CCN1CCCCC1)(c1ccccc1)[C@@H]1C[C@H]2C=C[C@H]1C2,1,train,42
4928,Oc1ccc([C@H](O)[C@@H]2CCCCN2)cc1O,1,train,42
4929,Oc1ccc2c3c1O[C@@H]1[C@@H](O)C=C[C@H]4[C@@H](C2)NCC[C@@]314,1,train,42
4930,Oc1ccc2c3c1O[C@@H]1[C@@H](O)CC[C@]4(O)[C@@H](C2)N(CC2CCC2)CC[C@@]314,1,train,42
4931,c1ccc([C@H]2CCN(C[C@H]3CCCc4c3ccc3c4OCO3)C2)cc1,1,train,42
4932,c1ccc2c(c1)CCc1cccc3c1[C@@H]2CN1CCCC[C@@H]31,1,test,42
4933,c1ccc2c(c1)Sc1ccccc1N2C[C@@H]1CN2CCC1CC2,1,train,42
4934,C/C(=C\C(N)C(=O)O)CP(=O)(O)O,1,test,42
4935,CN1CCc2cc(Cl)c(O)cc2C(c2ccccc2)C1,1,train,42
4936,Clc1cccc(N2CCNCC2)c1,1,val,42
4937,O=C(O)[C@@H]1C[C@H](CP(=O)(O)O)CCN1,1,train,42
4938,CC(C)c1nc(N(C)S(C)(=O)=O)nc(-c2ccc(F)cc2)c1/C=C/[C@@H](O)C[C@@H](O)CC(=O)O,1,test,42
4939,CCC(C)(C)C(=O)O[C@H]1C[C@@H](C)C=C2C=C[C@H](C)[C@H](CC[C@@H](O)C[C@@H](O)CC(=O)O)[C@H]21,1,train,42
4940,CCOc1ccccc1O[C@H](c1ccccc1)[C@H]1CNCCO1,1,train,42
4941,CN1[C@@H]2CC[C@H]1CC(OC(=O)c1c[nH]c3ccccc13)C2,1,train,42
4942,C[C@@H](O[C@H]1OCCN(Cc2n[nH]c(=O)[nH]2)[C@H]1c1ccc(F)cc1)c1cc(C(F)(F)F)cc(C(F)(F)F)c1,1,test,42
4943,c1cnc2cc3c(cc2n1)C1CNCC3C1,1,train,42
4944,CC1COc2c(N3CCN(C)CC3)c(F)c(C(=O)O)c3c(=O)ccn1c23,1,train,42
4945,COC(=O)C1C2CC3c4[nH]c5cc(OC)ccc5c4CCN3CC2CC(OC(=O)c2cc(OC)c(OC)c(OC)c2)C1OC,1,train,42
4946,COc1cc(C2c3cc4c(cc3C(OC3OC5COC(c6cccs6)OC5C(O)C3O)C3COC(=O)C23)OCO4)cc(O)c1O,1,train,42
4947,Cc1ccc(C(=O)NCC2CN=C(c3ccc(F)cc3)c3ccc(C)cc3N2C)cc1,1,test,42
4948,CCN(CC)C(=O)N[C@H]1CC2c3cccc4[nH]cc(c34)C[C@H]2N(C)C1,1,train,42
4949,CCOC(=O)C1=C[C@]2(CC)CCCN3CCc4c(n1c1ccccc41)[C@@H]32,1,test,42
4950,CN1CC[C@@]23c4c5ccc(O)c4O[C@@H]2[C@H](O)C=C[C@@H]3[C@@H]1C5,1,train,42
4951,COC12CC[C@@]3(C[C@@H]1C(C)(O)C(C)(C)C)[C@@H]1Cc4ccc(O)c5c4[C@@]3(CCN1CC1CC1)[C@H]2O5,1,train,42
4952,CO[C@]12C[C@@H](COC(=O)c3cncc(Br)c3)CN(C)[C@@H]1Cc1cn(C)c3cccc2c13,1,val,42
4953,COc1ccc2c3c1O[C@H]1C(=O)CCC4[C@@H](C2)N(C)CC[C@@]341,1,train,42
4954,COc1ccc2c3c1O[C@H]1C[C@@H](O)C=C[C@@]31CCCC2,1,train,42
4955,Cc1c(C(=O)NN2CCCCC2)nn(-c2ccc(Cl)cc2Cl)c1-c1ccc(Cl)cc1,1,test,42
4956,Oc1cc2cc(CCN3CCN(c4nsc5ccccc45)CC3)c(Cl)cc2[nH]1,1,train,42
4957,CC(C1=C(CCN(C)C)Cc2ccccc21)c1ccccn1,1,test,42
4958,CCCCCOC(=O)Nc1nc(=O)n([C@@H]2O[C@H](C)[C@@H](O)[C@H]2O)cc1F,1,train,42
4959,CCOc1ccc(/C=C2\NCCc3cc(OCC)c(OCC)cc32)cc1OCC,1,train,42
4960,CN1CCN(CCCN2c3ccccc3Sc3ccccc32)CC1,1,train,42
4961,COc1ccc2[nH]ccc2c1,1,train,42
4962,Oc1cc(Cl)ccc1Oc1ccc(Cl)cc1Cl,1,train,42
4963,CCCCCc1cc(O)c2c(c1)OC(C)(C)C1CCC(C)=CC21,1,test,42
4964,CNC1CCc2[nH]c3ccc(C(N)=O)cc3c2C1,1,train,42
4965,CCOCCn1c(N2CCCN(C)CC2)nc2ccccc21,1,train,42
4966,CN1CCC(=C2c3ccccc3CC(=O)c3sccc32)CC1,1,train,42
4967,CC(C)NCC(O)COc1cccc2ccccc12,1,train,42
4968,CC(C)(C)OC(=O)CCCc1ccc(N(CCCl)CCCl)cc1,1,train,42
4969,CC1COc2c(N3CCN(C)CC3)c(F)cc3c(=O)c(C(=O)O)cn1c23,1,train,42
4970,CC(=O)NCCCOc1cccc(CN2CCCCC2)c1,1,train,42
4971,Cc1onc(-c2ccccc2Cl)c1C(=O)N[C@@H]1C(=O)N2[C@@H]1SC(C)(C)[C@@H]2C(=O)O,1,train,42
4972,CCN1CCN(C(=O)N[C@@H](C(=O)N[C@@H]2C(=O)N3C(C(=O)O)=C(CSc4nnnn4C)CS[C@H]23)c2ccc(O)cc2)C(=O)C1=O,1,train,42
4973,CN(C)[C@@H]1C(=O)/C(=C(/O)NCN2CCCC2)C(=O)[C@@]2(O)C(=O)C3=C(O)c4c(O)cccc4[C@@](C)(O)[C@H]3C[C@@H]12,1,train,42
4974,Cc1nccn1CC1CCc2c(c3ccccc3n2C)C1=O,1,train,42
4975,COc1ccc([C@@H]2Sc3ccccc3N(CCN(C)C)C(=O)[C@@H]2OC(C)=O)cc1,1,train,42
4976,NC(N)=NC(=O)c1nc(Cl)c(N)nc1N,1,train,42
4977,Cc1cn([C@H]2C[C@H](F)[C@@H](CO)O2)c(=O)[nH]c1=O,1,test,42
4978,CC(C)(C)NC(=O)C1CC2CCCCC2CN1CC(O)C(Cc1ccccc1)NC(=O)C(CC(N)=O)NC(=O)c1ccc2ccccc2n1,1,train,42
4979,COc1ccc(Cl)cc1C(=O)NCCc1ccc(S(=O)(=O)NC(=O)NC2CCCCC2)cc1,1,train,42
4980,Nc1nnc(-c2cccc(Cl)c2Cl)c(N)n1,1,train,42
4981,CC(C)(C)NCC(O)COc1cccc2c1C[C@H](O)[C@H](O)C2,1,train,42
4982,CCC(=O)N(c1ccccc1)C1(COC)CCN(CCc2cccs2)CC1,1,val,42
4983,Cc1ccc(-c2nc3ccc(C)cn3c2CC(=O)N(C)C)cc1,1,val,42
4984,CN1CCN(C2=c3ccccc3=Nc3ccc(Cl)cc3N2)CC1,1,train,42
4985,FC(F)(F)c1ccc(N2CCNCC2)nc1Cl,1,val,42
4986,CCN1CCN(C(=O)N[C@@H](C(=O)N[C@@H]2C(=O)N3[C@@H]2SC(C)(C)[C@@H]3C(=O)O)c2ccccc2)C(=O)C1=O,1,train,42
4987,O=C(NCCCOc1cccc(CN2CCCCC2)c1)c1ccccc1,1,train,42
4988,CN1Cc2c(C(=O)OC(C)(C)C)ncn2-c2ccsc2C1=O,1,train,42
4989,CCC(=O)N(c1ccccc1)C1CCN(CCc2ccccc2)CC1,1,train,42
4990,Nc1ccc(-c2nc3ccc(O)cc3s2)cc1I,1,train,42
4991,Cc1cccc(C)c1OCC(C)N,1,train,42
4992,CNCCCN1c2ccccc2Sc2ccc(Cl)cc21,1,train,42
4993,CN(C)Cc1ccc(-c2cccc(NC3N=CC=C3[N+](=O)[O-])c2)o1,1,train,42
4994,Cn1nnnc1SCC1=C(C(=O)O)N2C(=O)[C@@H](NC(=O)[C@H](O)c3ccccc3)[C@H]2SC1,1,train,42
4995,C=C[C@H]1CN2CC[C@H]1C[C@@H]2[C@@H](O)c1ccnc2ccc(OC)cc12,1,train,42
4996,CCc1ccccc1,1,train,42
4997,NC(N)=Nc1nc(-c2cccc(N)c2)cs1,1,train,42
4998,CC[C@]1(O)C[C@H]2CN(CCc3c([nH]c4ccccc34)[C@@](C(=O)OC)(c3cc4c(cc3OC)N(C)[C@H]3[C@@](O)(C(=O)OC)[C@H](OC(C)=O)[C@]5(CC)C=CCN6CC[C@]43[C@@H]65)C2)C1,1,train,42
4999,CCCC(=O)Nc1ccc(OCC(O)CNC(C)C)c(C(C)=O)c1,1,train,42
5000,NCCCN1c2ccccc2Sc2ccc(Cl)cc21,1,train,42
5001,CN(C)Cc1ccc(CSCCNc2[nH]cc(Cc3ccccc3)c2[N+](=O)[O-])o1,1,train,42
5002,CNCCc1ccccn1,1,train,42
5003,CN[C@H]1CC[C@@H](c2ccc(Cl)c(Cl)c2)c2ccccc21.[H+],1,train,42
5004,CC[C@]1(O)C[C@H]2CN(CCc3c([nH]c4ccccc34)[C@@](C(=O)OC)(c3cc4c(cc3OC)N(C=O)[C@H]3[C@@](O)(C(=O)OC)[C@H](OC(C)=O)[C@]5(CC)C=CCN6CC[C@]43[C@@H]65)C2)C1,1,train,42
5005,CCC(NC(=O)c1c(C)c(-c2ccccc2)nc2ccccc12)c1ccccc1,1,train,42
5006,O=S(=O)(c1ccc2cc[nH]c2c1)N1CCCC1CCN1CCC(Oc2cccc(Cl)c2)CC1,1,train,42
5007,CN(C)Cc1ccnc(-c2cccc(NC3N=CC=C3[N+](=O)[O-])c2)c1,1,train,42
5008,CNCCCC12CCC(c3ccccc31)c1ccccc12,1,train,42
5009,c1cc(CN2CCCCC2)cc(OCCCNc2nccs2)c1,1,val,42
5010,CO/N=C(\C(=O)N[C@H]1C(=O)N2C(C(=O)[O-])=C(COC(C)=O)CS[C@@H]12)c1csc(N)n1,1,train,42
5011,NC(=O)N1c2ccccc2C2OC2c2ccccc21,1,val,42
5012,CCCN(CCC)CCc1ccc(O)c2c1CC(=O)N2,1,val,42
5013,CN1CC2c3ccccc3Oc3ccc(Cl)cc3C2C1,1,train,42
5014,CO/N=C(\C(=O)N[C@@H]1C(=O)N2C(C(=O)O)=C(COC(N)=O)CS[C@H]12)c1ccco1,1,train,42
5015,c1cc(CN2CCCCC2)cc(OCCCNc2nc3ccccc3o2)c1,1,test,42
5016,Cc1cccc2c1Oc1ccccc1C1(O)CCN(C)CC21,1,train,42
5017,O=[N+]([O-])C1=CC=NC1NCCSCc1ccccn1,1,train,42
5018,CCCSc1ccc2[nH]c(NC(=O)OC)nc2c1,1,val,42
5019,Clc1ccc2c(c1)C1CNCC1c1ccccc1O2,1,train,42
5020,CO/N=C(\C(=O)N[C@@H]1C(=O)N2C(C(=O)O)=C(CSc3nc(=O)c(=O)[nH]n3C)CS[C@H]12)c1csc(N)n1,1,val,42
5021,c1ccc(NCCCOc2cccc(CN3CCCCC3)c2)nc1,1,train,42
5022,Cc1cccc2c1Oc1ccccc1C1(O)CCNCC21,1,train,42
5023,O=[N+]([O-])C1=CC=NC1NCCSCc1ncccc1Br,1,train,42
5024,COc1cc2c(c(OC)c1OC)-c1ccc(OC)c(=O)cc1C(NC(C)=O)CC2,1,train,42
5025,OCCCOc1cccc(CN2CCCCC2)c1,1,train,42
5026,Cc1ncsc1CCCl,1,train,42
5027,CCN(CC)C(=O)Nc1ccc(OCC(O)CNC(C)(C)C)c(C(C)=O)c1,1,val,42
5028,CC(C)c1nc(-c2ncn3c2CN(C)C(=O)c2c(Cl)cccc2-3)no1,1,train,42
5029,CO[C@@]1(NC(=O)Cc2cccs2)C(=O)N2C(C(=O)O)=C(COC(N)=O)CS[C@@H]21,1,train,42
5030,C=CCC(N)c1ccccc1-c1noc2ccccc12,1,train,42
5031,Cc1nc2n(c(=O)c1CCN1CCC(c3noc4cc(F)ccc34)CC1)CCCC2O,1,train,42
5032,FC(F)(F)c1ccc2c(c1)N(CCCN1CCN(CCC3OCCCO3)CC1)c1ccccc1S2.O=C(O)CCC(=O)O,1,train,42
5033,O=C1Nc2ccc(Cl)cc2C(c2ccccc2)=NC1O,1,train,42
5034,COc1ccc2c3c1O[C@H]1C(=O)CC[C@@]4(O)[C@@H](C2)N(C)CC[C@]314,1,test,42
5035,CN1CC[C@]23c4c5ccc(O)c4O[C@H]2C(=O)CC[C@@]3(O)[C@H]1C5,1,train,42
5036,NC1=NC(=O)C(c2ccccc2)O1,1,train,42
5037,NC(N)=Nc1nc(CSCCC(N)=NS(N)(=O)=O)cs1,1,train,42
5038,O=C([O-])P(=O)([O-])[O-],1,train,42
5039,c1ccc(C2(N3CCCCC3)CCCCC2)cc1,1,train,42
5040,NC(=O)OCCCc1ccccc1,1,train,42
5041,CCC1(c2ccccc2)C(=O)NCNC1=O,1,train,42
5042,CCN(CC)CCOC(=O)c1ccc(N)cc1,1,train,42
5043,CN(C)CCCN1c2ccccc2Sc2ccccc21,1,train,42
5044,CC(C)NCC(O)COc1cccc2[nH]ccc12,1,train,42
5045,O=C(C1CCCCC1)N1CC(=O)N2CCc3ccccc3C2C1,1,train,42
5046,C=CCC1(C(C)CCC)C(=O)NC(=O)NC1=O,1,train,42
5047,O=C1CSC2(CCN(CCCN3c4ccccc4Sc4ccc(Cl)cc43)CC2)N1.[H+],1,train,42
5048,CCCCCc1cc(O)c2c(c1)OC(C)(C)[C@@H]1CCC(C)=C[C@@H]21,1,val,42
5049,CSc1ccc2c(c1)N(CCC1CCCCN1C)c1ccccc1S2,1,train,42
5050,N[C@@H]1C[C@H]1c1ccccc1.[H+],1,train,42
5051,O=c1n(CCCN2CCN(c3cccc(Cl)c3)CC2)nc2ccccn12,1,train,42
5052,CCN(CC)CCCC(C)Nc1ccnc2cc(Cl)ccc12,1,train,42
5053,COc1cc(N)c(Cl)cc1C(=O)NC1CCN(CCCOc2ccc(F)cc2)CC1OC,1,test,42
5054,CN(C)CCCN1c2ccccc2Sc2ccc(C(F)(F)F)cc21,1,train,42
5055,OC(CCN1CCCCC1)(c1ccccc1)C1CCCCC1,1,train,42
5056,CC(CN(C)C)CN1c2ccccc2CCc2ccccc21,1,train,42
5057,CCCC(CCC)C(=O)O,1,train,42
5058,CC(C(=O)O)c1cccc(C(=O)c2ccccc2)c1,1,test,42
5059,Clc1cccc(Cl)c1NC1=NCCN1,1,train,42
5060,COCCc1ccc(OCC(O)CNC(C)C)cc1,1,train,42
5061,CN(C)c1ccc(O)c2c1C[C@H]1C[C@H]3[C@H](N(C)C)C(O)=C(C(N)=O)C(=O)[C@@]3(O)C(O)=C1C2=O,1,train,42
5062,CN1CCN2c3ccccc3Cc3ccccc3C2C1,1,train,42
5063,CC(C)NCC(O)c1ccc(NS(C)(=O)=O)cc1,1,train,42
5064,Cc1noc(NS(=O)(=O)c2ccc(N)cc2)c1C,1,train,42
5065,CN1CCN2c3ncccc3Cc3ccccc3C2C1,1,train,42
5066,Cc1ccnc2c1NC(=O)c1cccnc1N2C1CC1,1,train,42
5067,CC/C(=C(\c1ccccc1)c1ccc(OCCN(C)C)cc1)c1ccccc1,1,train,42
5068,CC1(C)S[C@@H]2[C@H](NC(=O)[C@H](C(=O)[O-])c3ccsc3)C(=O)N2[C@H]1C(=O)[O-],1,train,42
5069,Nc1nc(=O)c2c([nH]1)NCC(CNc1ccc(C(=O)N[C@@H](CCC(=O)[O-])C(=O)[O-])cc1)N2C=O,1,train,42
5070,Cc1nc2n(c(=O)c1CCN1CCC(c3noc4cc(F)ccc34)CC1)CCCC2,1,train,42
5071,C#C[C@]1(O)CC[C@H]2[C@@H]3[C@H](C)CC4=C(CCC(=O)C4)[C@H]3CC[C@@]21C,1,val,42
5072,CC(C)(O/N=C(\C(=O)N[C@@H]1C(=O)N2C(C(=O)[O-])=C(C[n+]3ccccc3)CS[C@H]12)c1csc(N)n1)C(=O)O,1,train,42
5073,Nc1[nH]c(=O)ncc1F,1,train,42
5074,CN=C(NC#N)NCCSCc1csc(N=C(N)N)n1,1,val,42
5075,OCc1ncc2n1-c1ccc(Cl)cc1C(c1ccccc1F)=NC2,1,train,42
5076,Nc1ncnc2c1ncn2C1OC(CO)C(O)C1O,1,train,42
5077,S=C(NC1CCCCC1)N1CCC(c2cnc[nH]2)CC1,1,train,42
5078,Cc1ncc2n1-c1ccc(Cl)cc1C(c1ccccc1F)=NC2O,1,train,42
5079,Cc1c(N(C)C)c(=O)n(-c2ccccc2)n1C,1,val,42
5080,c1ccccc1,1,train,42
5081,O=C(CCCN1CCC(O)(c2ccc(Br)cc2)CC1)c1ccc(F)cc1,1,train,42
5082,OC(c1cc(C(F)(F)F)nc2c(C(F)(F)F)cccc12)C1CCCCN1,1,train,42
5083,NCCCN1c2ccccc2CCc2ccccc21,1,train,42
5084,CC(=O)Nc1nnc(S(N)(=O)=O)s1,1,train,42
5085,NC12CC3CC(CC(C3)C1)C2.[H+],1,train,42
5086,CC(N)Cc1ccccc1,1,train,42
5087,CCOC(=O)c1ncn2c1CN(C)C(=O)c1cc(F)ccc1-2,1,train,42
5088,CN1C(=O)CN=C(c2ccccc2F)c2cc([N+](=O)[O-])ccc21,1,train,42
5089,C=COCC(F)(F)F,1,train,42
5090,Cc1c(O)c(=O)ccn1C,1,train,42
5091,CCN(CC)CCOC(=O)C(O)(c1ccccc1)c1ccccc1.[H+],1,train,42
5092,CCOC(=O)c1ccc(N)cc1,1,train,42
5093,CCN(CC)C(=O)C1CN2CCc3cc(OC)c(OC)cc3C2CC1OC(C)=O,1,train,42
5094,OC(CCN1CCCCC1)(c1ccccc1)C1CC2C=CC1C2,1,train,42
5095,CN1C(=O)NC(=O)C(C)(C2=CCCCC2)C1=O,1,train,42
5096,CC(C)(C)NC(=O)[C@@H]1CN(Cc2cccnc2)CCN1C[C@@H](O)C[C@@H](Cc1ccccc1)C(=O)N[C@H]1c2ccccc2C[C@H]1O,1,train,42
5097,C=CCC1(C(C)C#CCC)C(=O)NC(=O)N(C)C1=O,1,train,42
5098,CN(C)CCOC(C)(c1ccccc1)c1ccccn1,1,val,42
5099,CN(C)CCc1c[nH]c2ccc(O)cc12,1,train,42
5100,CC(NC(C)(C)C)C(=O)c1cccc(Cl)c1,1,train,42
5101,CSc1ccc2c(c1)N(CCC1CCCNC1)c1ccccc1S2,1,train,42
5102,Cn1c(=O)[nH]c2ncn(C)c2c1=O,1,train,42
5103,CN(C)CCCN1c2ccccc2Sc2ccc(Cl)cc21,1,train,42
5104,CN1C(=O)CC(=O)N(c2ccccc2)c2cc(Cl)ccc21,1,train,42
5105,O=C(O)CNC(=O)c1ccccc1O,1,train,42
5106,CN1CCCCC1CCN1c2ccccc2Sc2ccc(S(C)(=O)=O)cc21,1,train,42
5107,Cn1cnc2c1c(=O)[nH]c(=O)n2C,1,train,42
5108,Cc1ccccc1,1,train,42
5109,Cc1nnc2n1-c1ccc(Cl)cc1C(c1ccccc1Cl)=NC2,1,train,42
5110,COC(=O)[C@@H]1C2CCC(C[C@@H]1OC(=O)c1ccccc1)N2C,1,train,42
5111,COc1ccc2c3c1O[C@H]1[C@@H](O)C=C[C@H]4[C@@H](C2)N(C)CC[C@@]341,1,train,42
5112,CCOC(=O)C1(c2ccccc2)CCN(C)CC1.[H+],1,test,42
5113,Cc1cccc(C)c1,1,train,42
5114,CNCCCN1c2ccccc2CCc2ccccc21,1,train,42
5115,CN1C(=O)CN=C(c2ccccc2)c2cc(Cl)ccc21,1,train,42
5116,COc1ccc2c3c1O[C@H]1[C@@H](O)CC[C@H]4[C@@H](C2)N(C)CC[C@@]341,1,train,42
5117,Cc1ccccc1C,1,train,42
5118,Cc1ccc(C)cc1,1,test,42
5119,CN1CCN(CC(=O)N2c3ccccc3C(=O)Nc3cccnc32)CC1,1,train,42
5120,CN(C)CC/C=C1/c2ccccc2COc2ccccc21.[H+],1,train,42
5121,CN(C)CCOC(C)(c1ccccc1)c1ccccn1.O=C(O)CCC(=O)O,1,train,42
5122,C#CC1(OC(N)=O)CCCCC1,1,train,42
5123,S=C(NC1CCCCC1)N1CCC(c2c[nH]cn2)CC1,1,train,42
5124,OCCN1CCN(CCCN2c3ccccc3Sc3ccc(C(F)(F)F)cc32)CC1,1,train,42
5125,O=C(CCCN1CCC(O)(c2ccc(Cl)cc2)CC1)c1ccc(F)cc1,1,train,42
5126,O=[N+]([O-])c1cc[nH]c1NCCSCc1ccccn1,1,train,42
5127,C[NH+]O.Cc1oc(C(C)(C)N(C(C)(C)N)C(C)(C)N)c(C)c1C,1,train,42
5128,Cc1c[nH+][o+]c(C([NH])CC(C)C(C)(C)N(C(C)(C)C)C(C)(N)N)c1[O-],1,val,42
5129,OCCN1CCCN(CCCN2c3ccccc3Sc3cc(C(F)(F)F)ccc32)CC1.[H+].[H+],1,train,42
5130,COc1ccc2c3c1O[C@H]1C(=O)CC[C@H]4[C@@H](C2)N(C)CC[C@]314,1,train,42
5131,CCC(O)(COC(N)=O)c1ccccc1,1,train,42
5132,OCCOCCN1CCN(C(c2ccccc2)c2ccc(Cl)cc2)CC1,1,train,42
5133,Cn1c(=O)c2nc[nH]c2n(C)c1=O,1,train,42
5134,CN1CC[C@]23CCCC[C@H]2[C@H]1Cc1ccc(O)cc13,1,train,42
5135,CCN(CC)CC(=O)Nc1c(C)cccc1C,1,val,42
5136,O=C1Nc2ccc(Cl)cc2C(c2ccccc2Cl)=NC1O,1,train,42
5137,CC(C)N1CCC(N(C(=O)Cc2ccccc2)c2ccc(Cl)cc2)CC1,1,train,42
5138,CN(C)CCOC(=O)COc1ccc(Cl)cc1,1,train,42
5139,Nc1nc(=O)c2ncn(COCCO)c2[nH]1,1,train,42
5140,CCCSc1ccc2nc(NC(=O)OC)[nH]c2c1,1,train,42
5141,COc1cc(CCN)cc(OC)c1OC,1,train,42
5142,CN1CCCCC1CCN1c2ccccc2Sc2ccc(S(C)=O)cc21,1,train,42
5143,CN[C@@H](C)Cc1ccccc1,1,train,42
5144,COc1ccccc1OCC(O)COC(N)=O,1,test,42
5145,COC(=O)C(c1ccccc1)C1CCCCN1,1,val,42
5146,Nc1ccn([C@@H]2O[C@H](CO)[C@@H](O)[C@@H]2O)c(=O)n1,1,train,42
5147,CN(C)N/N=C1/N=CN=C1C(N)=O,1,train,42
5148,O=C1CC(=O)N(c2ccccc2)c2cc(Cl)ccc2N1,1,train,42
5149,CNCCCN1c2ccccc2Sc2ccccc21,1,train,42
5150,C=CCN1CC[C@]23c4c5ccc(O)c4O[C@H]2C(=O)CC[C@@]3(O)[C@H]1C5,1,train,42
5151,O=C1CN=C(c2ccccc2)c2cc([N+](=O)[O-])ccc2N1,1,train,42
5152,CNCCC=C1c2ccccc2CCc2ccccc21,1,train,42
5153,Cc1ccccc1C(OCCN(C)C)c1ccccc1,1,train,42
5154,COc1ccc2c(c1)[C@]13CCCC[C@@H]1[C@H](C2)N(C)CC3,1,train,42
5155,CC(Cc1ccccc1)NCCn1cnc2c1c(=O)n(C)c(=O)n2C.[H+],1,val,42
5156,CC(=O)SCC(Cc1ccccc1)C(=O)NCC(=O)OCc1ccccc1,1,test,42
5157,CC(N)C(=O)OC(C)(C)Cc1ccc(Cl)cc1,1,train,42
5158,CC(=O)NCCn1c(C)cc(C=O)c1C,1,train,42
5159,O=C(O)CCCCCC[NH2+]C1c2ccccc2CCc2ccccc21,1,val,42
5160,CN(C)c1cnccn1,1,train,42
5161,O=C1C(O)=C(O)OC1C(O)CO,1,train,42
5162,CCN(CCO)CCn1c(Cc2ccccc2)nc2c1c(=O)n(C)c(=O)n2C,1,train,42
5163,C[C@H]1C[C@H]2[C@@H]3CCC4=CC(=O)C=C[C@]4(C)[C@@]3(Cl)[C@@H](O)C[C@]2(C)[C@@]1(O)C(=O)CO,1,train,42
5164,CC(=O)Nc1ccc(OC(=O)c2ccccc2OC(C)=O)cc1,1,train,42
5165,O=C1CNC(c2ccccc2)=c2c3c(sc2=N1)CCCC3,1,test,42
5166,OCc1ccccc1,1,train,42
5167,Cc1cc(Br)cc(C(N)=O)c1O,1,train,42
5168,Nc1nc(=O)c2ncn(CC[C@@H](O)CO)c2[nH]1,1,train,42
5169,CC(=O)Nc1ccc(OC(C)(C)C)cc1,1,train,42
5170,CC(C)(C)[C@]1(O)CCN2C[C@H]3c4ccccc4CCc4cccc(c43)[C@@H]2C1.[H+],1,train,42
5171,CCCC(=O)c1ccc2c(c1)N(CCCN1CCN(C)CC1)c1ccccc1S2,1,test,42
5172,Cc1cc(C)c(=O)[nH]n1,1,train,42
5173,COc1cc(N)c(Cl)cc1C(=O)NC1CCN(Cc2ccccc2)CC1,1,train,42
5174,CCc1cc2c(s1)N(C)C(=O)CN=C2c1ccccc1Cl,1,train,42
5175,CN(C)C1CCc2[nH]c3ccccc3c2C1,1,train,42
5176,CCC1(C2=CCCCC2)C(=O)NC(=O)NC1=O,1,train,42
5177,CN(C)CCC=C1c2ccccc2C=Cc2ccccc21,1,train,42
5178,CCN(CC)CCNC(=O)c1cc(Cl)cc(Cl)c1OC,1,train,42
5179,CC12NC(Cc3ccccc31)c1ccccc12,1,train,42
5180,COc1cc2c(cc1OC)C(=O)C(CC1CCN(Cc3ccccc3)CC1)C2.[H+],1,train,42
5181,CCC(CC)(CNC(=O)CCCO)c1cccc(OC)c1,1,test,42
5182,CCNC1=Nc2ccc(Cl)cc2C(c2ccccc2)S1,1,train,42
5183,CCCCNCC1COc2cccc(OCC)c2O1.[H+],1,train,42
5184,CCNC1=Nc2ccc(Cl)cc2C(C)(c2ccccc2)O1.[H+],1,train,42
5185,CC(=O)OCC(CCn1cnc2cnc(N)nc21)COC(C)=O,1,train,42
5186,NC(=O)OCC(COC(N)=O)c1ccccc1,1,train,42
5187,CCNC1C2CCC(C2)C1c1ccccc1,1,train,42
5188,CCCCN/C(=C1/C=C(Cl)C=CC1=O)c1ccccc1Cl,1,train,42
5189,CCNC1=NC(=O)C(c2ccccc2)O1,1,train,42
5190,CC(C)(O)CC(C)(O)c1ccc(Cl)cc1,1,val,42
5191,CC(C)(C)NCC(O)c1ccccc1F,1,train,42
5192,C[C@]12CCC(=O)C=C1CC[C@H]1[C@@H]3CC[C@](O)(C(=O)CO)[C@@]3(C)C[C@H](O)[C@@]12F,1,val,42
5193,Cc1cc2c(s1)=Nc1ccc(F)cc1NC=2N1CCN(C)CC1,1,val,42
5194,CCS(=O)(=O)c1ccc(F)cc1,1,train,42
5195,CNCCC(Oc1ccc(C(F)(F)F)cc1)c1ccccc1,1,train,42
5196,C[C@@H]1O[C@@H]1P(=O)(O)O,1,test,42
5197,CC1(C)CC(=O)N(CCCCN2CCN(c3ncccn3)CC2)C(=O)C1.[H+],1,val,42
5198,CC12CCC(=O)C=C1CCC1C2C(O)CC2(C)C1CCC2(O)C(=O)COC(=O)CCC1CCCC1,1,train,42
5199,CN[C@@H]1C[C@@H](c2ccc(Cl)c(Cl)c2)c2ccccc21.[H+],1,train,42
5200,CC(C)NNC(=O)COc1ccc(Cl)cc1,1,train,42
5201,O=C1c2ccccc2S(=O)(=O)N1CCCCN1CCN(c2ncccn2)CC1.[H+],1,train,42
5202,CN(CCCN1c2ccccc2CCc2ccccc21)CC(=O)c1ccc(Cl)cc1.[H+],1,train,42
5203,CN1CCN(C2=Nc3ccccc3Oc3ccc(Cl)cc32)CC1,1,train,42
5204,CC(NN)c1ccccc1,1,val,42
5205,CCN(CC)CCNC(=O)COc1ccc(OC)cc1.[H+],1,train,42
5206,CC1CCN(CCCC(=O)c2ccc(F)cc2)CC1,1,train,42
5207,CC(=O)Nc1cccc(O)c1,1,train,42
5208,CC(C)(O)C(C)(O)c1cccc(Cl)c1,1,train,42
5209,Cc1cc(-c2ccccc2)nnc1NCCN1CCOCC1,1,train,42
5210,NC(=O)CS(=O)C(c1ccccc1)c1ccccc1,1,test,42
5211,CN(C)CCC=C1c2ccccc2COc2ccccc21,1,val,42
5212,N=C(N)NCCCOc1ccccc1,1,train,42
5213,CN1CCC23c4c5ccc(O)c4OC2C(O)C=CC3C1C5,1,train,42
5214,CNC1CCC(c2ccc(Cl)c(Cl)c2)c2ccccc21,1,train,42
5215,CN1C(=O)C[NH+]=C(c2ccccc2F)c2cc([N+](=O)[O-])ccc21,1,val,42
5216,FC(Br)CC(F)(F)F,1,train,42
5217,ClC=C(Cl)Cl,1,train,42
5218,Nc1nc(NC2CC2)c2ncn(C3C=CC(CO)C3)c2n1,1,train,42
5219,NCCC(O)C(=O)NC1CC(N)C(OC2OC(CN)C(O)C(O)C2O)C(O)C1OC1OC(CO)C(O)C(N)C1O,1,train,42
5220,CN(C)N=Nc1[nH]cnc1C(N)=O,1,train,42
5221,CC1c2cccc(O)c2C(=O)C2=C(O)C3(O)C(=O)C(C(N)=O)=C(O)C(N(C)C)C3C(O)C21,1,train,42
5222,CCC1(C)CC(=O)NC1=O,1,train,42
5223,CC(C)=CCN1CCC2(C)c3cc(O)ccc3CC1C2C,1,train,42
5224,OCC1OC(n2cnc3c2N=CNCC3O)CC1O,1,test,42
5225,NC1C2CN(c3nc4c(cc3F)c(=O)c(C(=O)O)cn4-c3ccc(F)cc3F)CC12,1,train,42
5226,NC1CONC1=O,1,train,42
5227,CN(C)c1ccc(O)c2c1CC1CC3C(N(C)C)C(O)=C(C(N)=O)C(=O)C3(O)C(O)=C1C2=O,1,val,42
5228,NC(=O)c1cnn(C2OC(CO)C(O)C2O)n1,1,test,42
5229,Cc1cn(C2C=CC(CO)O2)c(=O)[nH]c1=O,1,train,42
5230,CC1(C)SC2C(NC(=O)C(C(=O)O)c3ccsc3)C(=O)N2C1C(=O)O,1,train,42
5231,CCC1(O)C(=O)OCc2c1cc1n(c2=O)Cc2cc3c(CN(C)C)c(O)ccc3nc2-1,1,test,42
5232,Nc1ccn(C2CCC(CO)O2)c(=O)n1,1,train,42
5233,Nc1nc(O)c2c(n1)NCC(CNc1ccc(C(=O)NC(CCC(=O)[O-])C(=O)[O-])cc1)N2C=O,1,train,42
5234,NC(Cc1ccc(O)c(O)c1)C(=O)O,1,test,42
5235,CC12CCC3c4ccc(O)cc4CCC3C1CCC2O,1,val,42
5236,CC(=O)C1CCC2C3CCC4=CC(=O)CCC4(C)C3CCC12C,1,train,42
5237,CC12CCC(=O)C=C1CCC1C2CCC2(C)C(O)CCC12,1,train,42
5238,Brc1cccc(Br)c1N=C1NCCN1,1,train,42
5239,Brc1cc(Br)c(N=C2NCCN2)c(Br)c1,1,val,42
5240,CN/C(=N\C#N)NCCSCc1csc(N=C(N)N)n1,1,train,42
5241,C=C,1,train,42
5242,CC(=O)Cn1nc(-c2c(-c3ccccc3)nn3ccccc23)ccc1=O,1,train,42
5243,CC(C)(C)c1nc(N2CCN(CCCSc3nccc(=O)[nH]3)CC2)cc(C(F)(F)F)n1,1,train,42
5244,CC(C)O,1,val,42
5245,CC(C)=O,1,train,42
5246,Cc1ccc(N=C2NCCN2)c(Cl)c1,1,train,42
5247,Cc1cc(Br)cc(C)c1N=C1NCCN1,1,train,42
5248,Cc1cc(Cl)ccc1N=C1NCCN1,1,train,42
5249,CC1CCN(CCCN2c3ccccc3Sc3ccc(C(F)(F)F)cc32)CC1,1,train,42
5250,CCC(C)(C)C,1,train,42
5251,CCC(C)CC,1,train,42
5252,CCC(C)=O,1,train,42
5253,CCc1ccc(C(=O)C(C)CN2CCCC2)cc1,1,train,42
5254,CCc1cccc(/N=C(\C)Nc2cccc(CC)c2)c1,1,train,42
5255,CCCCC(C)C,1,train,42
5256,CCCCC1C(=O)N(c2ccccc2)N(c2ccccc2)C1=O,1,train,42
5257,CCCCCC,1,val,42
5258,CCCCCC1(CC)C(=O)NC(=O)NC1=O,1,train,42
5259,O=C(O)c1cc[nH]c1NCCSCc1ncccc1Br,1,train,42
5260,O=C(O)COc1ccc(Cl)cc1Cl,1,train,42
5261,O=c1[nH]cnc2n[nH]cc12,1,val,42
5262,OC[C@@H]1O[C@H](n2cnc3c2N=CNC[C@@H]3O)C[C@@H]1O,1,train,42
5263,CCCCCCCC,1,train,42
5264,CC(C)Br,1,train,42
5265,CCCBr,1,test,42
5266,C=CC=C,1,test,42
5267,C=CCCCCCC,1,train,42
5268,CCCCCCCCC,1,train,42
5269,C=CC,1,test,42
5270,CCCCCC(C)C,1,val,42
5271,CCCCCCCC(C)C,1,train,42
5272,C=CCCCCCCCC,1,train,42
5273,CCCCCCCCCC,1,val,42
5274,CC(C)(C)C1CCCCC1,1,train,42
5275,CCCCCCC(C)C,1,train,42
5276,C=CCCCCCCC,1,train,42
5277,O=C(CCCN1CCC2(CC1)C(=O)NCN2c1ccc(Br)cc1)c1ccc(F)cc1,1,train,42
5278,O=[N+]([O-])c1cc[nH]c1NCCSCc1ncccc1Br,1,train,42
5279,CO/N=C(\C(=O)N[C@H]1C(=O)N2C(C(=O)O)=C(COC(C)=O)CS[C@@H]12)c1csc(N)n1,1,train,42
5280,CO/N=C(\C(=O)NC1C(=O)N2C(C(=O)O)=C(COC(N)=O)CS[C@@H]12)c1ccco1,1,train,42
5281,CO/N=C(\C(=O)NC1C(=O)N2C(C(=O)O)=C(CSc3nc(=O)c(O)nn3C)CS[C@@H]12)c1csc(N)n1,1,test,42
5282,NC(N)=Nc1nc(CSCC/C(N)=N\S(N)(=O)=O)cs1,1,train,42
5283,CCN(CC)CCC[C@H](C)Nc1ccnc2cc(Cl)ccc12,1,train,42
5284,CCCCNC(=O)OCC(C)(CCC)COC(N)=O,1,train,42
5285,CC(C)(O/N=C(\C(=O)N[C@@H]1C(=O)N2C(C(=O)O)=C(C[n+]3ccccc3)CS[C@H]12)c1csc(N)n1)C(=O)O,1,train,42
5286,CC(C)CO,1,train,42
5287,NC12CC3C[C@H](C1)C[C@H](C3)C2,1,train,42
5288,COC(=O)C1=CCCN(C)C1,1,train,42
5289,CCC(C)C1(CC)C(=O)NC(=O)NC1=O,1,train,42
5290,C[N+](C)(C)CCO,1,val,42
5291,CN(C)CCO,1,train,42
5292,CCC(C)(CC)OC(N)=O,1,val,42
5293,CCCC(C)(COC(N)=O)COC(N)=O,1,train,42
5294,CCc1cccc(N/C(C)=[NH+]/c2cccc(CC)c2)c1,1,train,42
5295,Cc1ccccc1[C@@H](OCCN(C)C)c1ccccc1,1,train,42
5296,FC(F)(Cl)C(F)(F)Cl,1,train,42
5297,CCC(Br)(CC)C(=O)NC(=O)NC(C)=O,1,train,42
5298,O=C(COc1ccc(Cl)cc1)OCCNC12CC3C[C@H](C1)C[C@@H](C3)C2,1,test,42
5299,O=C(NCCN1CCN(c2ncccn2)CC1)C12CC3C[C@H](C1)C[C@@H](C3)C2,1,train,42
5300,COC1(F)C(F)(F)C1(F)Cl,1,train,42
5301,CCC(C)(C)O,1,train,42
5302,CCCCC1(CCOC(N)=O)C(=O)NC(=O)NC1=O,1,train,42
5303,O=C(O)C1CCN1C12CC3C[C@H](C1)C[C@@H](C3)C2,1,train,42
5304,Clc1cccc(Cl)c1/N=C1/NCCO1,1,val,42
5305,CN(C)CCOC(=O)CCC1CCCCC1,1,train,42
5306,CC1(C)OC(=O)NC1=O,1,train,42
5307,O=C(NCCc1ccc(O)c(O)c1)C12CC3C[C@H](C1)C[C@@H](C3)C2,1,train,42
5308,CCNC1=Nc2ccc(Cl)cc2[C@H](c2ccccc2)S1,1,train,42
5309,CCC1(CC)C(=O)NC=C(C)C1=O,1,train,42
5310,CC[C@@H](C(N)=O)N1CCCC1=O,1,train,42
5311,CCCC/N=C(\c1cc(Cl)ccc1O)c1ccccc1Cl,1,train,42
5312,CCNC1=NC(=O)[C@H](c2ccccc2)O1,1,train,42
5313,COc1ccc2c(c1)c(CC(=O)O)c(C)n2C(=O)c1ccc(Cl)cc1,1,train,42
5314,CCOC(=O)N1CCC(=C2c3ccc(Cl)cc3CCc3cccnc32)CC1,1,val,42
5315,c1ccc2c(c1)Sc1ccccc1N2CC1CN2CCC1CC2,1,train,42
5316,CCC1(CC)C(=O)NC(=O)N(C)C1=O,1,train,42
5317,CCCCCNCC(N)=O,1,train,42
5318,C/N=C(/Cc1ccc2ccccc2c1)NC,1,train,42
5319,C1=N[C@@H](CC2=Cc3ccccc3CC2)CN1,1,train,42
5320,C[C@H]1O[C@H](C)O[C@@H](C)O1,1,train,42
5321,O=C(O)c1ccccc1Oc1ccccc1,1,train,42
5322,NC(=O)CCC/N=C(/c1ccc(Cl)cc1)c1cc(F)ccc1O,1,train,42
5323,Fc1cccc(Br)c1N=C1NCCN1,1,test,42
5324,C=CCO/N=C1/CN=C(c2ccccc2Cl)c2cc(Cl)ccc2N1,1,train,42
5325,O=C1N=C(NC2CC2)O[C@H]1c1ccccc1,1,val,42
5326,O=C(CCCN1C[C@H]2CC[C@H](CC2)C1)c1ccc(F)cc1,1,train,42
5327,Nc1nc2c(ncn2CCC(CO)CO)c(=O)[nH]1,1,train,42
5328,ClCCCl,1,val,42
5329,CCCCO,1,train,42
5330,C,1,train,42
5331,c1cncc([C@@H]2CCCN2)c1,1,train,42
5332,CO,1,train,42
5333,[N-]=[NH+][O-],1,train,42
5334,CCCCOC(=O)c1ccc(N)cc1,1,train,42
5335,COc1ccc(CCN(C)CCCC(C#N)(c2ccc(OC)c(OC)c2)C(C)C)cc1OC,1,train,42
5336,O=C(O)COCCN1CCN([C@@H](c2ccccc2)c2ccc(Cl)cc2)CC1,1,train,42
5337,CN/C(=N/C#N)NCCSCc1nc[nH]c1C,1,train,42
5338,Clc1cccc(Cl)c1N=C1NCCN1,1,train,42
5339,O=c1[nH]cnc2c1ncn2[C@@H]1CC[C@@H](CO)O1,1,test,42
5340,O=c1[nH]c2ccccc2n1CCCN1CCC(n2c(=O)[nH]c3cc(Cl)ccc32)CC1,1,train,42
5341,CCOc1ccccc1C(N)=O,1,train,42
5342,O=C(O)c1cc(O)ccc1O,1,train,42
5343,OCCOCCN1CCN([C@@H](c2ccccc2)c2ccc(Cl)cc2)CC1,1,train,42
5344,CN1CCCC[C@H]1CCN1c2ccccc2Sc2ccc(S(C)=O)cc21,1,train,42
5345,COC(F)(F)C(Cl)Cl,1,train,42
5346,COc1ccc2nc(S(=O)Cc3ncc(C)c(OC)c3C)[nH]c2c1,1,train,42
5347,O=C1Nc2ccc(Cl)cc2C(c2ccccc2)=N[C@H]1O,1,train,42
5348,CSC(=N)N,1,train,42
5349,CN(C/C=C/C#CC(C)(C)C)Cc1cccc2ccccc12,1,train,42
5350,[Kr],1,test,42
5351,CC1=C(/C=C/C(C)=C/C=C/C(C)=C/C(=O)O)C(C)(C)CCC1,1,train,42
5352,CCCCCO,1,train,42
5353,S=C=S,1,train,42
5354,C1CO1,1,train,42
5355,CC(Cl)Cl,1,train,42
5356,CC(C)(C)O,1,test,42
5357,CCCCC1(CC)C(=O)NC(=O)NC1=O,1,train,42
5358,ClCC(Cl)Cl,1,val,42
5359,COC(C)=O,1,test,42
5360,CC(C)(c1ccc(O)cc1)c1ccc(O)cc1,1,train,42
5361,CCCOC(=O)c1ccc(N)cc1,1,train,42
5362,Cc1ccc(C)c(C)c1,1,val,42
5363,FC(F)(F)c1ccc(Cl)cc1,1,test,42
5364,C=Cc1ccccc1,1,train,42
5365,C=CC#N,1,train,42
5366,C#CCO,1,train,42
5367,CCCC(C)=O,1,train,42
5368,CC(=O)OC(C)C,1,train,42
5369,CCCOC(C)=O,1,train,42
5370,CC(=O)OCC(C)C,1,train,42
5371,Cc1c(I)c(=O)n(-c2ccccc2)n1C,1,train,42
5372,CCC(C)CO,1,train,42
5373,CCOC(C)=O,1,train,42
5374,CCCCCCC1(CC)C(=O)NC(=O)NC1=O,1,train,42
5375,FC(F)=CCl,1,val,42
5376,CCCCCOC(C)=O,1,test,42
5377,ClCC(Cl)(Cl)Cl,1,train,42
5378,CCOC(C)(C)C,1,train,42
5379,COC(C)(C)C,1,train,42
5380,FS(F)(F)(F)(F)F,1,train,42
5381,CCCCOC(C)=O,1,train,42
5382,CC(=O)OCCC(C)C,1,train,42
5383,ClC(Cl)=C(Cl)Cl,1,train,42
5384,c1cc2ccc3cccc4ccc(c1)c2c34,1,train,42
5385,COn1cc(C(=O)O)c(=O)c2cc3c(cc21)OCO3,1,train,42
5386,CCCCCCCC1(CC)C(=O)NC(=O)NC1=O,1,val,42
5387,CCCC1(CC)C(=O)NC(=O)NC1=O,1,train,42
5388,CN/C(=N/C#N)NCCSCc1csc(N=C(N)N)n1,1,train,42
5389,O=C(NCCN1CCN(c2cccc3c2OC[C@H](CO)O3)CC1)c1ccc(F)cc1,1,test,42
5390,CCC(C)(C)OC,1,train,42
5391,CCC(O)(CC(N)=O)c1ccccc1,1,train,42
5392,c1ccc2c(c1)CCCN2,1,train,42
5393,C=COCCCCOC=C,1,train,42
5394,Clc1ccc(N=C2NCCN2)c(Cl)c1,1,train,42
5395,CC(C)(C)[N+](=O)C=C1C=CN(O)C=C1,1,train,42
5396,Cc1cc(=O)n(-c2ccc(F)cc2)n1C,1,train,42
5397,CCC1(C)C(=O)NC(=O)NC1=O,1,test,42
5398,COc1ccc(CCNCCCC(C#N)(c2ccc(OC)c(OC)c2)C(C)C)cc1OC,1,train,42
5399,C[C@@H]1NC(=O)C2(CCCC2)NC1=O,1,train,42
5400,CN1CN(c2ccccc2)C2(CCN(CCCC(=O)c3ccc(F)cc3)CC2)C1=O,1,train,42
5401,CNCCCN1c2ccccc2CCc2cc(O)ccc21,1,train,42
5402,CCOC(=O)c1ncn2c1CN(CCF)C(=O)c1cc(F)ccc1-2,1,val,42
5403,NC(=O)C(c1ccccc1)(c1ccccc1)[C@@H]1CCN(CCc2ccc3c(c2)CCO3)C1,1,train,42
5404,CN(C)CCCN1c2ccccc2S(=O)c2ccccc21,1,train,42
5405,Cl/C=C/Cl,1,train,42
5406,O=c1c(-c2ccc(O)cc2)coc2cc(O)ccc12,1,test,42
5407,N#Cc1ccc(OCC2CCN(C/C=C/I)CC2)cc1,1,train,42
5408,N=C(N)SCCF,1,train,42
5409,O=[N+]([O-])c1nccn1CCCF,1,train,42
5410,O=[N+]([O-])c1nccn1CCCCCCCCF,1,train,42
5411,Ic1ccc(CN2CCCCC2)cc1CN1CCCCC1,1,train,42
5412,CCCCCCN1CCN(c2ccc(I)cc2)CC1,1,train,42
5413,CCCCCCCCC1(CC)C(=O)NC(=O)NC1=O,1,train,42
5414,O=[N+]([O-])c1c(Cc2ccccc2)c[nH]c1NCCSCc1ccccn1,1,train,42
5415,OC(O)C(Cl)(Cl)Cl,1,train,42
5416,Nc1ccc(S(=O)(=O)c2ccc(N)cc2)cc1,1,train,42
5417,Cc1cccc(Cc2c[nH]cn2)c1C,1,val,42
5418,Cc1cc(O)n(-c2ccccc2)n1,1,train,42
5419,CCCC/N=C(/c1cc(Cl)ccc1O)c1ccccc1Cl,1,test,42
5420,Oc1noc2c1CCNC2,1,train,42
5421,CCN(CC)CCNC(=O)COc1ccc(OC)cc1,1,val,42
5422,CCOc1ccc(NC(C)=O)cc1,1,test,42
5423,CC(C)CC(CN)CC(=O)O,1,train,42
5424,CCCOC(=O)Cc1ccc(OCC(=O)N(CC)CC)c(OC)c1,1,test,42
5425,Cc1nc(C)c2c(n1)N(Cc1ccc(-c3ccccc3-c3nnn[nH]3)cc1)C(=O)CC2,1,train,42
5426,Cc1cccc(N2CCN(CCc3cc(C)n[nH]3)CC2)c1,1,test,42
5427,N=C(NO)C1=NNc2ccccc2N(Cc2ccccc2)C1=O,1,val,42
5428,Cc1c(C)c2c(c(C)c1O)CCC(C)(CCCC(C)CCCC(C)CCCC(C)C)O2,1,val,42
5429,NC12CC3C[C@H](C1)C[C@@H](C3)C2,1,train,42
5430,CN(C)C(C)(CO)Cc1ccc(Cl)c(Cl)c1,1,train,42
5431,CC(C)(O)C(Cl)(Cl)Cl,1,test,42
5432,Nc1nc2c(ncn2COC(CO)CO)c(=O)[nH]1,1,train,42
5433,Cc1cc(CCN2CCN(c3cccc(Cl)c3)CC2)[nH]n1,1,train,42
5434,Nc1nc2ccc(OC(F)(F)F)cc2s1,1,test,42
5435,CC(C)(C(=O)[O-])c1ccc(C(O)CCC[NH+]2CCC(C(O)(c3ccccc3)c3ccccc3)CC2)cc1,1,train,42
5436,CC(C)(C(=O)O)c1ccc(C(O)CCCN2CCC(C(O)(c3ccccc3)c3ccccc3)CC2)cc1,1,val,42
5437,CC(C)(C)NC(=O)[C@@H]1C[C@@H]2CCCC[C@@H]2C[N@H+]1C[C@@H](O)[C@H](Cc1ccccc1)NC(=O)[C@H](CC(N)=O)NC(=O)c1ccc2ccccc2n1,1,train,42
5438,CC(C)(C)NCC(O)COc1cccc2c1CC(O)C(O)C2,1,train,42
5439,CC(C)(C)NC(=O)[C@@H]1C[C@@H]2CCCC[C@@H]2CN1C[C@@H](O)[C@H](Cc1ccccc1)NC(=O)[C@H](CC(N)=O)NC(=O)c1ccc2ccccc2n1,1,train,42
5440,COC(=O)C1C(=O)C=C(Nc2ccc(Cl)cc2)CC1C,1,train,42
5441,COC(=O)[C@H]1C(=O)C=C(Nc2ccc(Cl)cc2)C[C@H]1C,1,train,42
5442,Cc1c(O)cccc1C(=O)N[C@@H](CSc1ccccc1)[C@H](O)C[N@H+]1C[C@@H]2CCCC[C@@H]2C[C@@H]1C(=O)NC(C)(C)C,1,train,42
5443,Cc1c(O)cccc1C(=O)NC(CSc1ccccc1)C(O)CN1CC2CCCCC2CC1C(=O)NC(C)(C)C,1,train,42
5444,Cc1c(O)cccc1C(=O)N[C@@H](CSc1ccccc1)[C@@H](O)CN1CC2CCCCC2C[C@H]1C(=O)CNC(C)(C)C,1,train,42
5445,CC(C)[NH2+]C[C@@H](O)COc1ccc(CC(N)=O)cc1,1,train,42
5446,COn1cc(C(=O)[O-])c(=O)c2cc3c(cc21)OCO3,1,train,42
5447,CC(C)NCC(O)COc1ccc(CC(N)=O)cc1,1,val,42
5448,CCS(=O)(=O)c1ccc(-c2ccc3cc(O)ccc3c2Oc2ccc(OCCN3CCCCC3)cc2)cc1,1,train,42
5449,COc1cc2nc(N3CCN(C(=O)c4ccco4)CC3)nc(N)c2cc1OC,1,train,42
5450,C[C@]12C=CC(=O)C=C1CC[C@@H]1[C@@H]2C(=O)C[C@@]2(C)[C@H]1CCC2(O)C(=O)CO,1,train,42
5451,Nc1cccc(CN2CCC(NC(=O)C(O)(c3ccccc3)C3CCC(F)(F)C3)CC2)n1,1,train,42
5452,Nc1cccc(CN2CCC(NC(=O)[C@](O)(c3ccccc3)[C@@H]3CCC(F)(F)C3)CC2)n1,1,train,42
5453,CC1CCN(CCC2CCN2S(=O)(=O)C2=CC(O)=CCC2)CC1,1,train,42
5454,COc1ccc(C(C)(C)O)cc1CNC1C2CCN(CC2)C1C(c1ccccc1)c1ccccc1,1,train,42
5455,Nc1cccc(C[NH+]2CCC(NC(=O)[C@](O)(c3ccccc3)[C@@H]3CCC(F)(F)C3)CC2)[nH+]1,1,train,42
5456,COc1ccc(C(C)(C)O)cc1C[NH2+][C@@H]1C2CC[NH+](CC2)[C@@H]1C(c1ccccc1)c1ccccc1,1,train,42
5457,COc1ccc(C(C)(C)O)cc1C[NH2+]C1C2CC[NH+](CC2)C1C(c1ccccc1)c1ccccc1,1,train,42
5458,O=c1[nH]c2ccccc2n1CCC[NH+]1CCC(n2c(=O)[nH]c3cc(Cl)ccc32)CC1,1,train,42
5459,[NH3+]CCc1nc(-c2ccccc2)cs1,1,val,42
5460,Cc1cc(Cl)ccc1NC1=[NH+]CCN1,1,train,42
5461,Cc1cc(Cl)ccc1NC1=NCCN1,1,test,42
5462,CCCCNC(=O)NS(=O)(=O)c1ccc(C)cc1,1,train,42
5463,CN(C)CCOc1ccc(-c2nc(-c3ccc4c(c3)CC/C4=N\CO)c(-c3ccncc3)[nH]2)cc1,1,train,42
5464,Nc1ccccc1NC(=O)c1ccc(CNC(=O)OCc2ccccc2)cc1,1,train,42
5465,COc1cccc2c1C(=O)c1c(O)c3c(c(O)c1C2=O)CC(O)(C(=O)CO)CC3OC1CC(N)C(O)C(C)O1,1,val,42
5466,COc1cccc2c1C(=O)c1c(O)c3c(c(O)c1C2=O)C[C@@](O)(C(=O)CO)C[C@@H]3O[C@H]1C[C@H](N)[C@H](O)[C@H](C)O1,1,train,42
5467,COc1cccc2c1C(=O)c1c(O)c3c(c(O)c1C2=O)C[C@@](O)(C(=O)CO)C[C@@H]3O[C@H]1C[C@H]([NH3+])[C@H](O)[C@H](C)O1,1,train,42
5468,COc1cccc2c1C(=O)c1c(O)c3c(c(O)c1C2=O)CC(O)(C(=O)CO)CC3OC1CC([NH3+])C(O)C(C)O1,1,train,42
5469,CNC(=NC#N)NCCSCc1csc(N=C(N)N)n1,1,train,42
5470,CNC(NC#N)NCCSCc1csc(NC(N)N)n1,1,test,42
5471,CS(=O)(=O)c1ccc(-c2ccc3cc(O)ccc3c2Oc2ccc(OCCN3CCCCC3)cc2)cc1,1,test,42
5472,CCc1ccc(-n2cnc3c(sc4nccc(N(C)CCc5ccccn5)c43)c2=O)cc1,1,train,42
5473,N[C@H](Cc1ccccc1)C(=O)ON1CCC[C@H]1C(=O)O,1,train,42
5474,CN/C(=N\CCSCc1csc(NC(=N)N)n1)NC#N,1,val,42
5475,CCn1nnc(NC(=O)C2c3ccccc3Oc3ccccc32)n1,1,train,42
5476,CN1CCN(Cc2ccc(Nc3ncc(Cl)c(Nc4ccccc4S(=O)(=O)N(C)C)n3)cc2)CC1,1,train,42
5477,C=C(C)C(=O)/C(=C/C(=O)O)OC,1,train,42
5478,Cc1nc2n(c(=O)c1CCN1CCC(c3coc4cc(F)ccc34)CC1)CCCC2O,1,train,42
5479,Nc1ccn([C@H]2C[C@H](CO)[C@H](CO)O2)c(=O)n1,1,val,42
5480,Nc1ccn(C2CC(CO)C(CO)O2)c(=O)n1,1,train,42
5481,Nc1ccn([C@@H]2CC(CO)C(CO)O2)c(=O)n1,1,train,42
5482,C=C(C)C(=O)/C(=C\C(=O)O)OC,1,train,42
5483,CNC(=O)c1c(NCC2CCC3(CCC3)CC2)nc(C#N)nc1OCC1CCN(C(C)=O)CC1,1,train,42
5484,C/C=C/[C@@H](C)[C@@H](O)[C@@H]1C(=O)N[C@H](CC)C(=O)N(C)CC(=O)N(C)[C@H](CC(C)C)C(=O)N[C@H](C(C)C)C(=O)N(C)[C@H](CC(C)C)C(=O)N[C@H](C)C(=O)N[C@H](C)C(=O)N(C)[C@H](CC(C)C)C(=O)N(C)[C@H](CC(C)C)C(=O)N(C)[C@H](CC(C)C)C(=O)N1C,1,train,42
5485,C/C=C/C(C)C(O)C1C(=O)NC(CC)C(=O)N(C)CC(=O)N(C)C(CC(C)C)C(=O)NC(C(C)C)C(=O)N(C)C(CC(C)C)C(=O)NC(C)C(=O)NC(C)C(=O)N(C)C(CC(C)C)C(=O)N(C)C(CC(C)C)C(=O)N(C)C(CC(C)C)C(=O)N1C,1,train,42
5486,Cc1c(CCOC(=O)c2cc(=O)c3c(Cl)cc(Cl)cc3[nH]2)sc[n+]1C,1,train,42
5487,OC1Nc2ccccc2N1CCCN1CCC(N2c3ccc(Cl)cc3NC2O)CC1,1,train,42
5488,CC=CC(C)C(O)C1C(=O)NC(CC)C(=O)N(C)CC(=O)N(C)C(CC(C)C)C(=O)NC(C(C)C)C(=O)N(C)C(CC(C)C)C(=O)NC(C)C(=O)NC(C)C(=O)N(C)C(CC(C)C)C(=O)N(C)C(CC(C)C)C(=O)N(C)C(CC(C)C)C(=O)N1C,1,train,42
5489,Oc1ccc(-c2ccc3cc(O)ccc3c2Oc2ccc(OCCN3CCCCC3)cc2)cc1,1,val,42
5490,[NH3+][C@H](Cc1ccc(O)c(O)c1)C(=O)[O-],1,train,42
5491,[NH3+]C(Cc1ccc(O)c(O)c1)C(=O)[O-],1,train,42
5492,CC(C)(C)NC(=O)C1CN(Cc2cccnc2)CCN1CC(O)CC(Cc1ccccc1)C(=O)NC1c2ccccc2CC1O,1,val,42
5493,CC(C)(C)NC(=O)C1C[NH+](Cc2cccnc2)CCN1CC(O)CC(Cc1ccccc1)C(=O)NC1c2ccccc2CC1O,1,train,42
5494,CC(C)(C)NC(=O)[C@@H]1C[N@H+](Cc2cccnc2)CC[N@H+]1C[C@@H](O)C[C@@H](Cc1ccccc1)C(=O)N[C@H]1c2ccccc2C[C@H]1O,1,train,42
5495,CC(C)(C)NC(=O)C1C[NH+](Cc2cccnc2)CC[NH+]1CC(O)CC(Cc1ccccc1)C(=O)NC1c2ccccc2CC1O,1,train,42
5496,Cc1cn(C2CC([N-][N+]#N)C(CO)O2)c(=O)[nH]c1=O,1,val,42
5497,C[NH+](C)Cc1ccc(CSCCNc2[nH]cc(Cc3ccccc3)c2[N+](=O)[O-])o1,1,train,42
5498,CN(C)Cc1ccc(CSCCNc2cc(Cc3ccccc3)c[nH]2)o1,1,train,42
5499,CN(C)Cc1ccc(CSCCNc2[nH]ccc2Cc2ccccc2)o1,1,train,42
5500,Cc1cn(C2CC(N=[N+]=[N-])C(CO)O2)c(=O)[nH]c1=O,1,train,42
5501,Cc1cn(C2CC(N=[N+]=N)C(CO)O2)c(=O)[nH]c1=O,1,train,42
5502,CCC(CO)Nc1nc(NCc2ccccc2)c2ncn(C(C)C)c2n1,1,train,42
5503,Cc1cn(C2CC(NN=N)C(CO)O2)c(=O)[nH]c1=O,1,train,42
5504,Cc1cn(C2CC(N[NH+]=[N-])C(CO)O2)c(=O)[nH]c1=O,1,test,42
5505,Cc1cn([C@@H]2C[C@H](N=[N+]=[N-])[C@H](CO)O2)c(=O)[nH]c1=O,1,train,42
5506,CCCC(=O)N(c1ccccc1)C1(COC)CCN(CCn2nnn(CC)c2=O)CC1,1,val,42
5507,S=c1nc[nH]c2nc[nH]c12,1,train,42
5508,CC1NC(N)=Nc2cccc(Cl)c21,1,val,42
5509,CCCCCCCCCCCCCCCCCCOCC(COP(=O)(O)OCC[N+](C)(C)C)OC,1,train,42
5510,CC1CN(C2CCC(C#N)(c3ccc(F)cc3)CC2)CCC1(C(=O)O)c1ccccc1,1,train,42
5511,Cc1cn([C@H]2C[C@H](N=[N+]=[N-])[C@@H](CO)O2)c(=O)[nH]c1=O,1,train,42
5512,C/C=C/CC(C)C(O)C1C(=O)NC(CC)C(=O)N(C)CC(=O)N(C)C(CC(C)C)C(=O)NC(C(C)C)C(=O)N(C)C(CC(C)C)C(=O)NC(C)C(=O)NC(C)C(=O)N(C)C(CC(C)C)C(=O)N(C)C(CC(C)C)C(=O)N(C)C(C(C)C)C(=O)N1C,1,train,42
5513,CC(C)c1nc(CN(C)C(=O)NC(C(=O)NC(Cc2ccccc2)CC(O)C(Cc2ccccc2)NC(=O)OCc2cncs2)C(C)C)cs1,1,train,42
5514,CC1N=C(N)Nc2cccc(Cl)c21,1,train,42
5515,COc1ccc(CCN(C)CCC[C@](C#N)(c2ccc(OC)c(OC)c2)C(C)C)cc1OC,1,test,42
5516,N#Cc1ccc(C(=O)N2CCN(c3ccc(OC4CCN(C5CCC5)CC4)cc3)C(=O)C2)cc1,1,val,42
5517,C=CC1C[C@@H]2CC[C@H]1C[C@@H]2[C@@H](O)c1ccnc2ccc(OC)cc12,1,train,42
5518,CC[C@@H](C)n1ncn(-c2ccc(N3CCN(c4ccc(OC[C@@H]5CO[C@@](CSc6nncn6C)(c6ccc(Cl)cc6)O5)cc4)CC3)cc2)c1=O,1,train,42
5519,Cc1cn([C@H]2C[C@H](N=[N+]=[N])[C@@H](CO)O2)c(=O)[nH]c1=O,1,train,42
5520,CN1C2CCCC1CC(NC(=O)c1nn(C)c3ccccc13)C2,1,train,42
5521,O=C1CC=[N+](C2CC(F)C(CO)O2)C(=O)N1,1,train,42
5522,Cc1nc2n(c(=O)c1CC[NH+]1CCC(c3noc4cc(F)ccc34)CC1)C[C@H](O)CC2,1,train,42
5523,Cc1nc2n(c(=O)c1CC[NH+]1CCC(c3noc4cc(F)ccc34)CC1)CC(O)CC2,1,train,42
5524,CNC(=O)c1c(NCC2CCC3(CCC3)CC2)nc(C#N)nc1OCC1CCNCC1,1,train,42
5525,Cc1nc2n(c(=O)c1CCN1CCC(c3noc4cc(F)ccc34)CC1)CC(O)CC2,1,train,42
5526,Nc1cc(N)c(N)cc1N,1,train,42
5527,NC(=O)c1ncn([C@@H]2O[C@H](CO)[C@@H](O)[C@H]2O)n1,1,train,42
5528,CCn1cc(C(=O)O)c(=O)c2ccc(C)nc21,1,train,42
5529,O=C1NCC(c2ccccc2)C2(CCN(C(=O)c3cc(C(F)(F)F)cc(C(F)(F)F)c3)CC2)O1,1,val,42
5530,COc1cc2nc(N3CCN(C(=O)c4ccco4)CC3)nc(C)c2cc1OC,1,train,42
5531,CCn1cc(C(=O)[O-])c(=O)c2ccc(C)nc21,1,train,42
5532,NCCc1nc(-c2ccccc2)cs1,1,train,42
5533,Cc1ccc(NC2=NCCN2)c(Cl)c1,1,train,42
5534,Cc1ccc(NC2=[NH+]CCN2)c(Cl)c1,1,train,42
5535,CCC(C)n1ncn(-c2ccc(N3CCN(c4ccc(OCC5COC(Cn6cncn6)(c6ccc(Cl)cc6Cl)O5)cc4)CC3)cc2)c1=O,1,train,42
5536,CCC(C)n1ncn(-c2ccc(N3CCN(c4ccc(OC[C@H]5CO[C@](Cn6cncn6)(c6ccc(Cl)cc6Cl)O5)cc4)CC3)cc2)c1=O,1,train,42
5537,COc1ccc(CC[NH2+]CCC[C@@](C#N)(c2ccc(OC)c(OC)c2)C(C)C)cc1OC,1,train,42
5538,COc1ccc(CC[NH2+]CCCC(C#N)(c2ccc(OC)c(OC)c2)C(C)C)cc1OC,1,val,42
5539,CC(=O)N1CCN(c2ccc(OCC3CO[C@@](Cn4ccnc4)(c4ccc(Cl)cc4Cl)O3)cc2)CC1,1,train,42
5540,CC(=O)N1CCc2ccc(N(C(=O)/C=C/c3cccc(C#N)c3)N3CCN(CCC4CCCC4)CC3)cc21,1,train,42
5541,NC(=O)C(c1ccccc1)(c1ccccc1)[C@H]1CC[N@H+](CCc2ccc3c(c2)CCO3)C1,1,train,42
5542,NC(=O)C(c1ccccc1)(c1ccccc1)C1CC[NH+](CCc2ccc3c(c2)CCO3)C1,1,train,42
5543,NC(=O)C(c1ccccc1)(c1ccccc1)C1CCN(CCc2ccc3c(c2)CCO3)C1,1,train,42
5544,CC(=O)Cc1ccc(C(=O)Nc2cc(-c3cccs3)ccc2N)cc1,1,train,42
5545,COc1ccc2c3c1O[C@@H]1C(O)CC[C@@]4(O)C(C2)NCC[C@]314,1,train,42
5546,Cc1cn(C2CC(F)C(CO)O2)c(=O)[nH]c1=O,1,train,42
5547,C[C@@H]1CCCN1CCCOc1ccc(N2CCN(C(=O)c3ccc(F)cc3F)CC2=O)cc1,1,train,42
5548,O=S1(=O)N[C@H]2CCCN2c2ccccc21,1,train,42
5549,COc1ccc2c3c1O[C@H]1[C@H](O)CC[C@@]4(O)C(C2)N(C)CC[C@]314,1,test,42
5550,CC(C)CC1C(=O)N2CCC[C@H]2C2O[C@](NC(=O)[C@@H]3C=C4c5cccc6[nH]c(Br)c(c56)C[C@H]4N(C)C3)(C(C)C)C(=O)N12,1,train,42
5551,NC(=O)N1c2ccccc2CC(O)c2ccccc21,1,train,42
5552,O=C(Cc1ccc(OCc2ccccc2)cc1)Nc1ccc2ccn(CCN3CCCC3)c2c1,1,test,42
5553,Cc1nc(N2CCc3ccccc3CC2)c([N+](=O)[O-])c(=O)[nH]1,1,train,42
5554,Cc1cn([C@@H]2C[C@@H](F)[C@H](CO)O2)c(=O)[nH]c1=O,1,train,42
5555,CC(=O)Nc1ccc(C(=O)Nc2ccccc2N)cc1,1,train,42
5556,C/C(=C(\CCOC(=O)c1cc(=O)c2c(Cl)cc(Cl)cc2[nH]1)SSC(C)C)N(C=O)Cc1cnc(C)nc1N,1,train,42
5557,Oc1cccc(-c2ccc3cc(O)ccc3c2Oc2ccc(OCCN3CCCCC3)cc2)c1,1,train,42
5558,CC(C)CN(CC(O)C(Cc1ccccc1)NC(=O)OC1CCOC1)S(=O)(=O)c1ccc(N)cc1,1,train,42
5559,CC(C)CN(C[C@@H](O)[C@@H](Cc1ccccc1)NC(=O)O[C@@H]1CCOC1)S(=O)(=O)c1ccc(N)cc1,1,test,42
5560,CC(C)CN(C[C@@H](O)[C@H](Cc1ccccc1)NC(=O)O[C@@H]1CCOC1)S(=O)(=O)c1ccc(N)cc1,1,train,42
5561,CC(C)CN(C[C@@H](O)[C@H](Cc1ccccc1)NC(=O)O[C@H]1CCOC1)S(=O)(=O)c1ccc(N)cc1,1,test,42
5562,CN1CN(c2ccc(Br)cc2)C2(CC[NH+](CCCC(=O)c3ccc(F)cc3)CC2)C1=O,1,train,42
5563,CN1CN(c2ccc(Br)cc2)C2(CCN(CCCC(=O)c3ccc(F)cc3)CC2)C1=O,1,val,42
5564,CC(=O)Nc1ccc(OC[C@@H](O)CNC(C)C)cc1,1,train,42
5565,CC(=O)OC1C(=O)[C@@]2(C)[C@H](C(OC(=O)c3ccccc3)[C@]3(O)C[C@H](OC(=O)[C@H](O)C(NC(=O)c4ccccc4)c4ccccc4)C(C)=C1C3(C)C)C1(OC(C)=O)CO[C@@H]1C[C@@H]2O,1,train,42
5566,CC1=CN2C(CC(=O)N(C)C)=C(c3ccc(C)cc3)NC2C=C1,1,train,42
5567,ONN(CCCl)C(O)NCCCl,1,train,42
5568,Cc1ccc(C(=O)NC2CC2)cc1-c1ccc(C(=O)NCC2CC2)cc1,1,train,42
5569,CN(C)c1ccc(O)c2c1C[C@H]1C[C@H]3[C@@H](N(C)C)C(=O)C(C(N)=O)=C(O)[C@@]3(O)C(=O)C1=C2O,1,train,42
5570,CN(C)c1ccc(O)c2c1C[C@H]1C[C@H]3[C@H](N(C)C)C(=O)C(C(N)=O)=C(O)[C@@]3(O)C(=O)C1=C2O,1,val,42
5571,COc1cc(/C=C/C(=O)NCCn2c(C)cc3ccccc32)cc(OC)c1OC,1,train,42
5572,COc1ccc(S(=O)(=O)Nc2cc(Br)cc(F)c2Br)cc1N1CCNCC1,1,train,42
5573,O=c1[nH]c2ccc([S+]([O-])CCN3CCC(Cc4ccc(F)cc4)CC3)cc2o1,1,val,42
5574,CCCCc1c(O)n(-c2ccccc2)n(-c2ccccc2)c1=O,1,train,42
5575,O=c1[nH]c2ccc(S(=O)CCN3CCC(Cc4ccc(F)cc4)CC3)cc2o1,1,train,42
5576,CN1CCC[C@H]1Cc1c[nH]c2ccc(CCS(=O)(=O)c3ccccc3)cc12,1,train,42
5577,CN(C(=O)C(c1ccccc1)c1ccccc1)C(CN1CCC(O)C1)c1ccccc1,1,train,42
5578,O=C(CF)NCCCCCC(=O)Nc1ccccc1,1,train,42
5579,C[C@]12C[C@@H](O)[C@H]3[C@@H](CCC4=CC(=O)CC[C@@]43C)[C@@H]1CC[C@@H]2C(=O)CO,1,train,42
5580,COc1cc2ncnc(Nc3ccc(F)c(Cl)c3)c2cc1OCCCN1CCOCC1,1,train,42
5581,NC(Cc1ccc(N(CCCl)CCCl)cc1)C(=O)O,1,train,42
5582,CC(O)Oc1ccccc1C(O)O,1,train,42
5583,CC(=O)Oc1ccccc1C(=O)[O-],1,test,42
5584,C=C[C@@H]1CN2CC[C@@H]1C[C@@H]2[C@H](O)c1ccnc2ccc(OC)cc12,1,train,42
5585,CC1=C(/C=C/C(C)=C\C=C\C(C)=C/C(=O)[O-])C(C)(C)CCC1,1,train,42
5586,CC1=C(/C=C/C(C)=C/C=C/C(C)=C\C(=O)[O-])C(C)(C)CCC1,1,train,42
5587,CC(C=CC1=C(C)CCCC1(C)C)=CC=CC(C)=CC(=O)O,1,train,42
5588,CC1=C(/C=C/C(C)=C/C=C/C(C)=C\C(=O)O)C(C)(C)CCC1,1,train,42
5589,CN(C)CCCN1c2ccccc2[S+]([O-])c2ccccc21,1,train,42
5590,C[NH+](C)CCCN1c2ccccc2S(=O)c2ccccc21,1,train,42
5591,CCc1ccc(-n2cnc3c(sc4nccc(N(C)C)c43)c2=O)cc1,1,train,42
5592,Cn1nnc2c(C(N)=O)ncn2c1=O,1,train,42
5593,NC(=O)c1ccc(S(=O)(=O)C2CCN(CCc3ccc(F)cc3F)CC2)cc1,1,train,42
5594,COc1ccc(CC[N@@H+](C)CCC[C@](C#N)(c2ccc(OC)c(OC)c2)C(C)C)cc1OC,1,train,42
5595,COc1ccc(CC[NH+](C)CCCC(C#N)(c2ccc(OC)c(OC)c2)C(C)C)cc1OC,1,train,42
5596,CC(=O)NCCCOc1cccc(C[NH+]2CCCCC2)c1,1,train,42
5597,CC(O)NCCCOc1cccc(CN2CCCCC2)c1,1,train,42
5598,CC(C)(C)NC(=O)[C@@]1(c2c(C(=O)O)[nH]c3cc(Cl)ccc23)N2C(=O)[C@]21c1ccc(OCc2ccc(Cl)cc2)cc1,1,train,42
5599,CNS(=O)(=O)CCc1ccc2[nH]cc(C3CCN(C)CC3)c2c1,1,train,42
5600,O=C(c1ccc(F)cc1)N1CCN(c2ccc(OCCCN3CCCCC3)cc2)C(=O)C1,1,train,42
5601,O=C(NCCN1CCN(c2cccc3c2OCC(CO)O3)CC1)c1ccc(F)cc1,1,train,42
5602,O=C(NCC[NH+]1CCN(c2cccc3c2OC[C@H](CO)O3)CC1)c1ccc(F)cc1,1,train,42
5603,O=C([O-])CNC(=O)c1ccccc1O,1,test,42
5604,CCN1CN(c2ccc(Br)cc2)C2(CC[NH+](CCCC(=O)c3ccc(F)cc3)CC2)C1=O,1,train,42
5605,CCN1CN(c2ccc(Br)cc2)C2(CCN(CCCC(=O)c3ccc(F)cc3)CC2)C1=O,1,train,42
5606,CN1CCN(c2c(F)cc3c(=O)c(C(=O)O)cn(CCF)c3c2F)CC1,1,train,42
5607,CCCN(CCC)CCc1ccc(O)c2c1CC(O)N2,1,train,42
5608,CCCN(CCC)CCc1cc(O)c2c(c1)CC(=O)N2,1,train,42
5609,NC1(C(=O)O)CCCC1,1,test,42
5610,CC1=C(C(=O)OC(C)(C)C)C(c2cccc([N+](=O)[O-])c2)C(C(=O)OC(C)(C)C)=C(C)N1,1,train,42
5611,COc1cc2c(cc1CNC1CCCNC1c1ccccc1)N(S(C)(=O)=O)C(C)C2,1,train,42
5612,CC[S@@]1(O)C(=O)OCc2c1cc1n(c2=O)Cc2cc3cc(CN(C)C)c(O)cc3nc2-1,1,train,42
5613,CNCC(C)c1nc(-c2cccs2)c(C)s1,1,train,42
5614,COc1cc2c(cc1C[NH2+][C@@H]1CCC[NH2+][C@@H]1c1ccccc1)N(S(C)(=O)=O)[C@H](C)C2,1,val,42
5615,[NH3+]CCc1nccs1,1,train,42
5616,N[C@@]1(C(=O)O)CC(=O)[C@@H]2[C@H]1[C@@]2(F)C(=O)O,1,train,42
5617,C[N@H+]1CC[C@]23c4c5ccc(O)c4O[C@H]2[C@H](O)C=C[C@@H]3[C@H]1C5,1,train,42
5618,C[NH+]1CCC23c4c5ccc(O)c4OC2C(O)C=CC3C1C5,1,train,42
5619,CC(C)(C)[NH2+]CC(O)COc1cccc2c1CCC(=O)N2,1,train,42
5620,CNS(=O)(=O)Cc1ccc2[nH]cc(CCN(C)C)c2c1,1,train,42
5621,CC(C)(C)NCC(O)COc1cccc2c1CCC(=O)N2,1,train,42
5622,CC1CN(Cc2ncccn2)CC1c1nc2c(cnn2C2CCOCC2)c(=O)[nH]1,1,train,42
5623,CCCN(CCC)S(=O)(=O)c1ccc(C(=O)O)cc1,1,train,42
5624,CN1CCCCC1CCN1c2ccccc2Sc2ccc([S+](C)[O-])cc21,1,train,42
5625,Cc1nc(NC(=O)C2c3ccccc3Oc3ccccc32)no1,1,train,42
5626,O=C(c1ccc(Cl)cc1)N1CCN(c2ccc(OC3CCN(C4CCC4)CC3)cc2)C(=O)C1,1,train,42
5627,CN1CCCC[C@H]1CCN1c2ccccc2Sc2ccc([S@](C)=O)cc21,1,val,42
5628,COc1cc(Nc2nn3c(NC(CO)C(C)C)cc(C4CC4)nc3c2C(N)=O)cc(OC)c1,1,test,42
5629,Cc1ccc2c(OCCN3CCC(Cc4ccc5c(c4)NC(=O)CO5)CC3)cccc2n1,1,val,42
5630,CC(C)(C)[N+](=O)C=C1C=CN([O-])C=C1,1,train,42
5631,CC(C)(C)/[N+]([O-])=C\c1cc[n+]([O-])cc1,1,train,42
5632,CC(C)(C)[N+]([O-])=Cc1cc[n+]([O-])cc1,1,val,42
5633,CC(C)(C)/[N+]([O-])=C/c1cc[n+]([O-])cc1,1,train,42
5634,COc1ccc(N(c2nc(C)c(C)s2)S(C)(=O)=O)cc1C[NH2+][C@@H]1CCC[NH2+][C@@H]1c1ccccc1,1,train,42
5635,COc1ccc(N(c2nc(C)c(C)s2)S(C)(=O)=O)cc1C[NH2+]C1CCC[NH2+]C1c1ccccc1,1,val,42
5636,COc1ccc(N(c2nc(C)c(C)s2)S(C)(=O)=O)cc1CNC1CCCNC1c1ccccc1,1,train,42
5637,CC(C)Oc1cccc(CC(=O)N2CCC[C@](CC[N+]34CCC(c5ccccc5)(CC3)CC4)(c3ccc(Cl)c(Cl)c3)C2)c1,1,train,42
5638,CN(C)S(=O)(=O)c1ccc(-c2ccc3cc(O)ccc3c2Oc2ccc(OCCN3CCCCC3)cc2)cc1,1,train,42
5639,O=C(OCc1ccccc1)N1CCC(CNc2ncccn2)CC1,1,test,42
5640,CN(C)CCC[C@@]1(c2ccc(F)cc2)OCc2cc(C#N)ccc21,1,val,42
5641,CC(=O)C1CSc2ccccc2N1CCC1CCCCN1C,1,test,42
5642,C[NH2+]CCc1ccccn1,1,train,42
5643,Cn1c(=O)c2[nH]cnc2n(C)c1=O,1,train,42
5644,ClCCl,1,train,42
5645,NC(=O)N1c2ccccc2C2CC2c2ccccc21,1,train,42
5646,NC(=O)C1c2ccccc2C2OC2c2ccccc21,1,test,42
5647,CC1c2ccccc2N(C(N)=O)c2ccccc2C1C,1,train,42
5648,CC(=O)O[C@H]1Cc2ccccc2[C@@H](C(N)=O)c2ccccc21,1,test,42
5649,NC(=O)[C@H]1c2ccccc2[C@H]2O[C@H]2c2ccccc21,1,train,42
5650,NC(O)N1c2ccccc2C2OC2c2ccccc21,1,val,42
5651,Cc1nc2n(c(=O)c1CCN1CCC(c3coc4cc(F)ccc34)CC1)CCCC2,1,train,42
5652,CC(O)Nc1ccc(O)cc1,1,train,42
5653,C[C@]12CC[C@H]3c4ccc(O)cc4CC[C@H]3[C@H]1C[C@H](F)[C@@H]2O,1,train,42
5654,CC(C)c1nc(-c2ncn3c2CN(C)C(O)c2c(Cl)cccc2-3)no1,1,train,42
5655,CC(=O)OC1C(=O)C2(C)C(O)CC3OCC3(OC(C)=O)C2C(OC(=O)c2ccccc2)C2(O)CC(OC(=O)C(O)C(NC(=O)c3ccccc3)c3ccccc3)C(C)=C1C2(C)C,1,train,42
5656,CC(C)c1nc(-c2ncn3c2CNC(=O)c2c(Cl)cccc2-3)no1,1,train,42
5657,CC1(C)SSC(C)(C)[C@@H](NC(=O)C(N)Cc2ccc(O)cc2)C(=O)NCC(=O)NC(Cc2ccccc2)C(=O)N[C@@H]1C(=O)O,1,val,42
5658,CC1(C)SSC(C)(C)[C@@H](NC(=O)[C@@H](N)Cc2ccc(O)cc2)C(=O)NCC(=O)N[C@@H](Cc2ccccc2)C(=O)N[C@H]1C(=O)O,1,train,42
5659,N#Cc1cc(C2=Nc3ccc(-c4ccccc4F)cc3NC(=O)C2)ccn1,1,train,42
5660,O=C(Nc1cc(Cl)ccc1O)Nc1cc(C(F)(F)F)ccc1Cl,1,test,42
5661,C[C@]12CC[C@@H]3c4ccc(O)cc4CC[C@H]3[C@@H]1C[C@H](F)[C@@H]2O,1,train,42
5662,CC1C=Nc2c1c(=O)[nH]c(=O)n2C,1,test,42
5663,CN1CC[C@]23c4c5ccc(O)c4O[C@H]2[C@@H](O)C=C[C@H]3[C@H]1C5,1,train,42
5664,CC(C)c1nc(C2=NN3c4cccc(Cl)c4C(=O)N(C)CC23)no1,1,test,42
5665,CN1c2nc[nH]c2C(O)N(C)C1O,1,train,42
5666,CC[C@@]1(O)C(=O)OCc2c1cc1n(c2=O)Cc2cc3ccccc3nc2-1,1,test,42
5667,CN1C(=O)C2N=CN=C2N(C)C1=O,1,train,42
5668,CN1C(=O)C2NC=NC2N(C)C1=O,1,train,42
5669,CC[S@@]1(O)C(=O)OCc2c1cc1n(c2=O)Cc2cc3ccccc3nc2-1,1,train,42
5670,CCC[NH+](CCC)CCc1ccc(O)c2c1CC(=O)N2,1,train,42
5671,C[NH+](C)Cc1ccnc(-c2cccc(Nc3[nH]ccc3[N+](=O)[O-])c2)c1,1,train,42
5672,CC(C)[NH2+]C[C@H](O)c1ccc(NS(C)(=O)=O)cc1,1,train,42
5673,Cc1cc(Br)cc(C)c1NC1=[NH+]CCN1,1,train,42
5674,CN(C)Cc1ccnc(-c2cccc(Nc3[nH]ccc3[N+](=O)[O-])c2)c1,1,test,42
5675,CC(=O)N1CCN(c2ccc(OC[C@H]3CO[C@](Cn4ccnc4)(c4ccc(Cl)cc4Cl)O3)cc2)CC1,1,train,42
5676,Cc1cc(Br)cc(C)c1NC1=NCCN1,1,val,42
5677,CN(C)Cc1ccnc(-c2cccc(NC3NC=CC3[N+](=O)[O-])c2)c1,1,train,42
5678,C[NH+](C)Cc1ccc(-c2cccc(Nc3[nH]ccc3[N+](=O)[O-])c2)o1,1,train,42
5679,CN(C)Cc1ccc(-c2cccc(Nc3[nH]ccc3[N+](=O)[O-])c2)o1,1,train,42
5680,CN(C)c1ccc(-c2cccc(Nc3[nH]ccc3[N+](=O)[O-])c2)o1,1,val,42
5681,CC1NC(=O)C2(CCCC2)NC1=O,1,train,42
5682,Cc1nc(Nc2ccc(F)cc2)nc(N2CCc3ccccc3C2C)c1C,1,train,42
5683,CN1CN(c2ccccc2)C2(CCN(CCCC(=O)c3csc(I)c3)CC2)C1=O,1,train,42
5684,CN1CN(c2ccccc2)C2(CC[NH+](CCCC(=O)c3csc(I)c3)CC2)C1=O,1,train,42
5685,CN(C)C(=O)C(CCCN1CCC(O)(c2ccc(Cl)cc2)CC1)(c1ccccc1)c1ccccc1,1,train,42
5686,CN1CN(c2ccccc2)C2(CCN(CCCC(=O)c3ccc(I)s3)CC2)C1=O,1,train,42
5687,CN1Cc2c(C(=O)OC(C)(C)C)ncn2-c2ccsc2C1C=O,1,train,42
5688,CNC(=O)c1c(NCC2CCC3(CCC3)CC2)nc(C#N)nc1OC1CC(C)(C)NC(C)(C)C1,1,val,42
5689,NC(=O)c1ccccc1,1,train,42
5690,O=C(NCCCOc1cccc(C[NH+]2CCCCC2)c1)c1ccccc1,1,train,42
5691,C=CCc1ccccc1OCC(O)CNC(C)C,1,train,42
5692,C=CCc1ccccc1OC[C@H](O)C[NH2+]C(C)C,1,train,42
5693,C=CCc1ccccc1OCC(O)C[NH2+]C(C)C,1,train,42
5694,CC(C)(O)Cn1nc(-c2c(-c3ccccc3)nn3ccccc23)ccc1=O,1,test,42
5695,CCCC(CCC)C(=O)[O-],1,val,42
5696,COc1ccc2c3c1OC1C(O)C=CC4C(C2)[NH+](C)CCC341,1,train,42
5697,COc1ccc(N2CCCC2=O)cc1C[NH2+][C@@H]1CCC[NH2+][C@@H]1c1ccccc1,1,val,42
5698,COc1ccc2c3c1OC1C(O)C=CC4C(C2)N(C)CCC341,1,test,42
5699,COc1ccc(N2CCCC2=O)cc1CNC1CCCNC1c1ccccc1,1,train,42
5700,Nc1nc(NC2CC2)c2ncn([C@H]3C=C[C@H](CO)C3)c2n1,1,train,42
5701,C=CCC1(CC=C)C(=O)NC(=O)NC1=O,1,train,42
5702,COc1cc(N)c(Cl)cc1C(=O)NC1CCNCC1OC,1,train,42
5703,CCCC(CCC)C(O)O,1,train,42
5704,CCCN(CC1CC1)c1nc(C)nc2c1CCN2c1ccc(Cl)cc1Cl,1,train,42
5705,COc1cc(N)c(Cl)cc1C(=O)N[C@@H]1CCNC[C@@H]1OC,1,train,42
5706,C[C@]12CCC(=O)C=C1CC[C@H]1[C@@H]2[C@@H](O)C[C@@]2(C)[C@H]1CC[C@]2(O)C(=O)CO,1,test,42
5707,Cc1cccc(Cl)c1Nc1nc2ccc(N3CCNC(C)C3)nc2n2cncc12,1,train,42
5708,C[C@]12CCC(=O)C=C1CC[C@@H]1[C@@H]2[C@@H](O)C[C@@]2(C)[C@H]1CC[C@]2(O)C(=O)CO,1,train,42
5709,C=CC1CN2CCC1CC2C(O)c1ccnc2ccc(OC)cc12,1,train,42
5710,OCC(O)CO,1,train,42
5711,C=C[C@H]1CN2CCC1C[C@@H]2[C@@H](O)c1ccnc2ccc(OC)cc12,1,train,42
5712,CCCC(C)C1(CC)C(=O)NC(=S)NC1=O,1,train,42
5713,Fc1cccc(F)c1NC1=[NH+]CCN1,1,train,42
5714,Fc1cccc(F)c1N=C1NCCN1,1,train,42
5715,Fc1cccc(F)c1NC1=NCCN1,1,train,42
5716,SC(=NC1CCCCC1)N1CCC(c2cnc[nH]2)CC1,1,train,42
5717,Cn1ncnc1COc1nn2c(-c3cc(F)ccc3F)nnc2cc1C(C)(C)C,1,train,42
5718,Clc1ccc(C(Cn2ccnc2)OCc2ccsc2Cl)c(Cl)c1,1,train,42
5719,O=C(Cc1ccc(OCc2ccccc2)cc1)Nc1ccc2cnn(CCN3CCCC3)c2c1,1,test,42
5720,O=C(OCc1ccccc1)N1CCC(CNc2ccncn2)CC1,1,train,42
5721,Fc1cccc(F)c1[NH+]=C1NCCN1,1,train,42
5722,CCO,1,train,42
5723,CC(C)Cc1ccc(C(C)C(=O)O)cc1,1,train,42
5724,CN1CC[C@]23c4c5ccc(O)c4O[C@H]2[C@@H](O)C=C[C@H]3[C@@H]1C5,1,train,42
5725,S/C(=N\C1CCCCC1)N1CCC(c2cnc[nH]2)CC1,1,train,42
5726,CCNC(=O)C(C(N)=O)c1ccccc1,1,train,42
5727,C[N@@H+]1CCCC[C@H]1CCN1c2ccccc2Sc2ccc(S(C)=O)cc21,1,val,42
5728,C[NH+]1CCCCC1CCN1c2ccccc2Sc2ccc(S(C)=O)cc21,1,train,42
5729,CC(C)Cc1ccc([C@@H](C)C(=O)[O-])cc1,1,val,42
5730,CC(C)Cc1ccc(C(C)C(=O)[O-])cc1,1,train,42
5731,N=C(N)Nc1nc(-c2ccccc2)cs1,1,train,42
5732,C[C@]12C=CC(=O)C=C1CC[C@@H]1[C@@H]2C(O)C[C@@]2(C)[C@H]1CC[C@]2(O)C(=O)CO,1,train,42
5733,NC(N)Nc1nc(-c2ccccc2)cs1,1,train,42
5734,CC(C)Cc1ccc(C(C)C(O)O)cc1,1,train,42
5735,O=[N+](O)c1cc[nH]c1NCCSCc1ccccn1,1,train,42
5736,CC(C)Cc1ccc([C@@H](C)C(=O)O)cc1,1,train,42
5737,CCCC(C)(COC(N)=O)COC(=O)NC,1,train,42
5738,C[C@]12C=CC(=O)C=C1CC[C@@H]1[C@@H]2[C@@H](O)C[C@@]2(C)[C@H]1CC[C@]2(O)C(=O)CO,1,train,42
5739,COC(=O)C1C(=O)C=C(Nc2cccc(OC(F)(F)F)c2)CC1C,1,train,42
5740,C[n+]1ccccc1/C=N/O,1,test,42
5741,CC1CCN(CC[C@H]2CCCN2S(=O)(=O)c2cccc(O)c2)CC1,1,val,42
5742,COC(=O)[C@@H]1C(=O)C=C(Nc2cccc(OC(F)(F)F)c2)C[C@H]1C,1,train,42
5743,CC(N)C(=O)O,1,train,42
5744,SC(NC1CCCCC1)N1CCC(c2c[nH]cn2)CC1,1,train,42
5745,NC1=NCC2c3ccccc3Cc3ccccc3N12,1,train,42
5746,CCn1cc(C(=O)O)c(=O)c2cc(F)c(N3CCN(C)CC3)cc21,1,train,42
5747,Cn1nnc2ccc(C(c3ccc(Cl)cc3)n3cncn3)cc21,1,train,42
5748,Cn1nnc2ccc([C@H](c3ccc(Cl)cc3)n3cncn3)cc21,1,train,42
5749,CCCC(=O)Nc1ccc(OC[C@H](O)C[NH2+]C(C)C)c(C(C)=O)c1,1,train,42
5750,COc1ccc(S(C)(=O)=O)cc1C[NH2+][C@@H]1CCC[NH2+][C@@H]1c1ccccc1,1,train,42
5751,CCCC(=O)Nc1ccc(OCC(O)C[NH2+]C(C)C)c(C(C)=O)c1,1,train,42
5752,COc1ccc(S(C)(=O)=O)cc1C[NH2+]C1CCC[NH2+]C1c1ccccc1,1,train,42
5753,CCCO,1,train,42
5754,COc1ccc(S(C)(=O)=O)cc1CNC1CCCNC1c1ccccc1,1,train,42
5755,c1ccc(-c2nnc(N3CCN(c4ncccn4)CC3)cc2-c2ccncc2)cc1,1,train,42
5756,C[C@@H]1C[C@H]2[C@@H]3CCC4=CC(=O)C=C[C@]4(C)[C@@]3(F)[C@@H](O)C[C@]2(C)[C@@]1(O)C(=O)CO,1,train,42
5757,CCC=O,1,train,42
5758,CCC1(CC)C(=O)NC(=O)NC1=O,1,train,42
5759,O=c1cc(NC2CCN(Cc3ccc4c(c3)CCO4)CC2)c2cc(Cl)ccc2o1,1,train,42
5760,CC(C)Nc1cccnc1N1CCNCC1,1,train,42
5761,N#Cc1ccsc1C1=Nc2ccc(Cl)cc2NC(=O)C1,1,train,42
5762,CC(=O)/C=C/c1cccs1,1,train,42
5763,CCOC(=O)c1ncn2c1CN(CC[18F])C(=O)c1cc(F)ccc1-2,1,test,42
5764,CC(C)[NH2+]C[C@H](O)COc1cccc2[nH]ccc12,1,train,42
5765,CC(C)[NH2+]CC(O)COc1cccc2[nH]ccc12,1,train,42
5766,C=CCn1c2c(c3cc(C(=O)N4CCC(C)CC4)ccc31)CN(CC1CC1)CC2,1,train,42
5767,CC(C)NCCCOc1cccc(CN2CCCCC2)c1,1,val,42
5768,Cl/C=C\Cl,1,train,42
5769,[Rn],1,val,42
5770,CC(C)n1nnc(NC(=O)C2c3ccccc3Oc3ccccc32)n1,1,val,42
5771,CN1C[C@H](CCn2c3c(c4ccccc42)C(=O)NCC3)CC1=O,1,train,42
5772,CN(C)C1CCN(Cc2ccc(C(=O)Nc3cc(-c4ccccc4)ccc3N)cc2)CC1,1,train,42
5773,COCCCN1CCC(NC(=O)c2cc(Cl)c(N)c3c2OCC3)CC1,1,train,42
5774,CS(=O)(=O)c1ccc(C2=C(c3ccccc3)C(=O)OC2)cc1,1,train,42
5775,OCc1ncc2n1-c1ccc(Cl)cc1C(c1ccccc1)=NC2,1,test,42
5776,CCC1(O)CC2CN(CCc3c([nH]c4ccccc34)C(C(=O)OC)(c3cc4c(cc3OC)N(C)C3C(O)(C(=O)OC)C(OC(C)=O)C5(CC)C=CCN6CCC43C65)C2)C1,1,train,42
5777,CC(F)OC(=O)c1ncn2c1CN(C)C(=O)c1cc(F)ccc1-2,1,train,42
5778,Cc1cc(-c2cc(N)n3nc(-c4ccccn4)nc3c2)ccn1,1,train,42
5779,O=S(=O)(c1ccc2cc[nH]c2c1)N1CCCC1CCN1CCC(Oc2ccc(Cl)cc2)CC1,1,train,42
5780,CN(C)Cc1ccc(-c2c[nH]c(=O)c3cccc(O)c23)cc1,1,train,42
5781,Cc1nc(C)c(C)nc1C,1,test,42
5782,CC1CC(O)N(c2ccccc2)N1C,1,train,42
5783,CC(C)(C)OC(=O)c1ncn2c1[C@H]1CCCN1C(=O)c1c(Br)cccc1-2,1,train,42
5784,CC(C)(C)OC(=O)c1ncn2c1C1CCCN1C(=O)c1c(Br)cccc1-2,1,train,42
5785,CC(C)(C)OC(=O)c1ncn2c1C1CCCN1C(=O)c1cc(Br)ccc1-2,1,train,42
5786,COC1/C=C\C=C(\C)C(=O)NC2=CC(=O)C(NCCN(C)C)=C(CC(C)CC(OC)C(O)C(C)/C=C(/C)C1OC(N)=O)C2=O,1,train,42
5787,CCC(C)O,1,train,42
5788,Cn1nc(CC(=O)NC2CC[N+]3(C)CCCC2C3)c2ccccc21,1,train,42
5789,CC1CCN(CCC2CCN2S(=O)(=O)c2cccc(O)c2)CC1,1,train,42
5790,CCCC=O,1,train,42
5791,COc1cc2c(cc1OC)[C@@H]1Cc3ccc(OC)c(OC)c3CN1CC2,1,train,42
5792,CC1(O)NC=C2CN=C(c3ccccc3F)c3cc(Cl)ccc3N21,1,train,42
5793,CC[C@]1(O)C[C@@H]2CN(CCc3c([nH]c4ccccc34)[C@@](C(=O)OC)(c3cc4c(cc3OC)N(C)[C@H]3[C@@](O)(C(=O)OC)[C@H](OC(C)=O)[C@]5(CC)C=CCN6CC[C@]43[C@@H]65)C2)C1,1,train,42
5794,COc1cc2c(cc1OC)[C@H]1Cc3ccc(OC)c(OC)c3CN1CC2,1,val,42
5795,CC[C@H](C)C(=O)O[C@H]1C[C@@H](C)C=C2C=C[C@H](C)[C@H](CC[C@@H]3C[C@@H](O)CC(=O)O3)[C@H]21,1,train,42
5796,CC[C@]1(O)C[C@@H]2C[N@@H+](CCc3c([nH]c4ccccc34)[C@@](C(=O)OC)(c3cc4c(cc3OC)N(C)[C@H]3[C@@](O)(C(=O)OC)[C@H](OC(C)=O)[C@]5(CC)C=CC[N@@H+]6CC[C@]43[C@@H]65)C2)C1,1,train,42
5797,CCC1(O)CC2C[NH+](CCc3c([nH]c4ccccc34)C(C(=O)OC)(c3cc4c(cc3OC)N(C)C3C(O)(C(=O)OC)C(OC(C)=O)C5(CC)C=CC[NH+]6CCC43C65)C2)C1,1,train,42
5798,C[NH+](C)CCc1ccccn1,1,train,42
5799,C=CCC1(C(C)CCCC)C(=O)NC(=O)N(C)C1=O,1,test,42
5800,CN1[C@@H]2CC[C@H]1CC(OC(=O)C(CO)c1ccccc1)C2,1,train,42
5801,Cn1cc(-c2ccncc2)c(-c2ccc(OCc3ccc4ccccc4n3)cc2)n1,1,train,42
5802,CN1C(=O)C2C(N=CN2C)N(C)C1=O,1,train,42
5803,C[NH+]1[C@@H]2CC[C@H]1CC(OC(=O)[C@H](CO)c1ccccc1)C2,1,test,42
5804,C=CC[C@@]1([C@@H](C)C#CCC)C(=O)NC(=O)N(C)C1=O,1,train,42
5805,C[NH+]1C2CCC1CC(OC(=O)C(CO)c1ccccc1)C2,1,train,42
5806,CN1c2ncn(C)c2C(O)N(C)C1O,1,train,42
5807,Cc1c(F)c(=O)n(-c2ccccc2)n1C,1,train,42
5808,O=c1c(Br)ccc2n1C[C@@H]1C[NH2+]C[C@H]2C1,1,train,42
5809,O=c1c(Br)ccc2n1CC1CNCC2C1,1,val,42
5810,O=c1cccc2n1CC1CNC(Br)C2C1,1,train,42
5811,CCNCc1ccc(C(=O)Nc2cc(C)n(Cc3cc(Cl)ccc3OCC(C)C)n2)cc1,1,train,42
5812,CNCc1ccc(C(=O)Nc2cc(-c3ccccc3)ccc2N)cc1,1,train,42
5813,CO[C@@H]1CN(CC2Cc3ccc(C#N)cc3C2)CCC1n1c(C(C)(C)O)nc2cc(C)ccc21,1,test,42
5814,Cc1cccc(C)c1Nc1ncc(-c2cccc(OCCN3CCCC3)c2)n2cncc12,1,test,42
5815,CC1C=[N+](C2CC(N=[N+]=N)C(CO)O2)C(=O)NC1=O,1,train,42
5816,Cc1c([18F])c(=O)n(-c2ccccc2)n1C,1,train,42
5817,O=c1cccc2n1C[C@H]1CNC(Br)[C@@H]2C1,1,train,42
5818,Cc1cnc(N=C(N)N)s1,1,train,42
5819,Cc1nc(-c2csc(NC(=N)N)n2)c[nH]1,1,val,42
5820,Cc1ncc(-c2csc(N=C(N)N)n2)[nH]1,1,test,42
5821,Oc1ccc2c(c1)OCO2,1,train,42
5822,CN1CCCC12CCN(Cc1ccc(C(=O)Nc3cc(-c4ccccc4)ccc3N)cc1)CC2,1,val,42
5823,O=c1[nH]c(CCCN2CCC(c3ccccc3)CC2)nc2c(Cl)cccc12,1,train,42
5824,Cc1nc2n(c(=O)c1CC[NH+]1CCC(c3noc4cc(F)ccc34)CC1)CCCC2,1,train,42
5825,OCCCOc1cccc(C[NH+]2CCCCC2)c1,1,train,42
5826,CC1NC2CCCCN2C(O)C1CCN1CCC(c2noc3cc(F)ccc23)CC1,1,test,42
5827,O=C(OCc1ccccc1)N1CCC(CNc2ccccn2)CC1,1,train,42
5828,O=[N+]([O-])c1nccn1CC(O)CF,1,train,42
5829,CCOCC,1,test,42
5830,O=[N+]([O-])c1nccn1CC(O)COCF,1,test,42
5831,c1ccc2c(c1)CCC(CNCCCNC1=NCCCN1)O2,1,val,42
5832,CC(C)(C)c1cnc(CSc2cnc(NC(=O)C3CCNCC3)s2)o1,1,train,42
5833,CC(=O)N1CCN(C2CCN(C(=O)N(C)C(C)c3cc(C(F)(F)F)cc(C(F)(F)F)c3)C(c3ccc(F)cc3C)C2)CC1,1,train,42
5834,CCCN1CN(c2ccc(Br)cc2)C2(CCN(CCCC(=O)c3ccc(F)cc3)CC2)C1=O,1,train,42
5835,CCN1CN(c2ccccc2)C2(CCN(CCCC(=O)c3ccc(F)cc3)CC2)C1=O,1,train,42
5836,CCNc1cccnc1N1CCN(C(=O)c2cc3cc(OC)ccc3[nH]2)CC1,1,train,42
5837,O=[N+](O)c1nccn1CC(O)CF,1,train,42
5838,CCCN1CN(c2ccc(Br)cc2)C2(CC[NH+](CCCC(=O)c3ccc(F)cc3)CC2)C1=O,1,val,42
5839,C=CC1C[NH+]2CCC1CC2C(O)c1ccnc2ccc(OC)cc12,1,train,42
5840,C[N@@H+]1CC[C@@]23CCCC[C@H]2[C@@H]1Cc1ccc(O)cc13,1,train,42
5841,C[NH+]1CCC23CCCCC2C1Cc1ccc(O)cc13,1,train,42
5842,C=CCC([NH3+])c1ccccc1-c1noc2ccccc12,1,train,42
5843,CN1CCC23CCCCC2C1Cc1ccc(O)cc13,1,train,42
5844,COC(=O)[C@@H]1C(=O)C=C(Nc2ccc(Cl)cc2)C[C@@H]1C,1,train,42
5845,NC(O)N1c2ccccc2CCc2ccccc21,1,train,42
5846,CCCC(N)c1ccccc1-c1noc2ccccc12,1,val,42
5847,Cc1ccnc2c1NC(O)c1cccnc1N2C1CC1,1,train,42
5848,C=C1C(N(C)C)=C(O)N(c2ccccc2)N1C,1,val,42
5849,CC(C)(C)/[N+]([O-])=C/c1ccccc1,1,train,42
5850,CC(C)CC(N)C(=O)O,1,train,42
5851,N#Cc1c(COc2ccccn2)nc(N)nc1-c1ccco1,1,train,42
5852,NC(=Nc1ccccc1)Nc1ccccc1,1,test,42
5853,OCCN(CCO)c1nc(N2CCCCC2)c2nc(N(CCO)CCO)nc(N3CCCCC3)c2n1,1,train,42
5854,CC(=O)[C@]1(O)Cc2c(O)c3c(c(O)c2[C@@H](O[C@H]2C[C@H](N)[C@H](O)[C@H](C)O2)C1)C(=O)c1ccccc1C3=O,1,train,42
5855,N#Cc1c(N2CCc3ccccc3CC2)ncn(CCO)c1=O,1,train,42
5856,C=CCOc1ccccc1OCC(O)CNC(C)C,1,train,42
5857,O=C(CC1=NC2NN(c3ccccc3)C(=O)C2=C1CC(=O)c1cccc2ccccc12)c1cccc2ccccc12,1,train,42
5858,CCC[NH+](CCC)CCc1cccc2c1CC(=O)N2,1,train,42
5859,N#[N+][O-],1,train,42
5860,N#N,1,train,42
5861,C1CC1,1,train,42
5862,[Ar],1,val,42
5863,[N][N],1,train,42
5864,CCCCNC(=S)Nc1ccccc1,1,train,42
5865,N#[N+]O,1,train,42
5866,NN,1,train,42
5867,CCC1(CCC(C)C)C(=O)NC(=O)NC1=O,1,train,42
5868,CC[C@@](O)(CC(N)=O)c1ccccc1,1,train,42
5869,ClC=CCl,1,train,42
5870,CC(C)CCO,1,train,42
5871,CCn1c(C)nc(N2CCc3ccccc3CC2)c([N+](=O)[O-])c1=O,1,train,42
5872,CCC1(CCC(C)C)CNC(=O)NC1=O,1,train,42
5873,Cc1nnc2n1-c1ccc(Cl)cc1C(c1ccccc1)NC2,1,train,42
5874,CC(C)(C)[N+]([O-])=Cc1ccccc1,1,val,42
5875,CC(C)(C)/[N+]([O-])=C\c1ccccc1,1,test,42
5876,N[C@@H](Cc1ccc(B(O)O)cc1)C(=O)O,1,train,42
5877,CC[NH+](CC)CCOC(=O)c1ccc(N)cc1,1,train,42
5878,CCCC(C)C1(CC)C(=O)NC(=O)NC1=O,1,train,42
5879,C[NH+]1CCC(n2nc(-c3c(-c4ccccc4)nn4ccccc34)ccc2=O)CC1,1,train,42
5880,CN1CCC(n2nc(-c3c(-c4ccccc4)nn4ccccc34)ccc2=O)CC1,1,train,42
5881,CN1C(=O)NC2N=CN(C)C2C1=O,1,train,42
5882,CN1C(=O)NC2=NCN(C)C2C1=O,1,val,42
5883,[Xe],1,train,42
5884,O=C(CCC[NH+]1CCC2(CC1)C(=O)NCN2c1ccc(Br)cc1)c1ccc(F)cc1,1,train,42
5885,CCCN(CCC)c1cc(C)nc2c(-c3cnc(N(C)C)cc3C)c(C)nn12,1,train,42
5886,CC[C@@]1(O)C[C@@H]2C[N@@](CCc3c([nH]c4ccccc34)[C@](C(=O)OC)(c3cc4c(cc3OC)N(C)C3[C@]45CCN4CC=C[C@](CC)(C45)[C@@H](OC(C)=O)[C@]3(O)C(=O)OC)C2)C1,1,train,42
5887,CNC(O)Oc1ccc2c(c1)C1(C)CCN(C)C1N2C,1,train,42
5888,CNC(=O)Oc1ccc2c(c1)C1(C)CCN(C)C1N2C,1,train,42
5889,CNC(=O)Oc1ccc2c(c1)[C@]1(C)CC[N@H+](C)[C@H]1N2C,1,train,42
5890,CNC(=O)Oc1ccc2c(c1)C1(C)CC[NH+](C)C1N2C,1,train,42
5891,O=C([O-])c1cc(O)ccc1O,1,train,42
5892,CN(CC=CC#CC(C)(C)C)Cc1cccc2ccccc12,1,train,42
5893,CCOc1cc(OCCCCOc2ccc(C(=O)CC(C)C)c(O)c2)ccc1CCC(=O)O,1,train,42
5894,CNC(=O)Oc1ccc2c(c1)[C@@]1(C)CCN(C)[C@@H]1N2C,1,train,42
5895,FCC(Cl)(Cl)Cl,1,train,42
5896,CNC(=O)c1c(NCC2CCC3(CCC3)CC2)nc(C#N)nc1OCC1CCN(C(C)C)CC1,1,test,42
5897,C[N@H+](C/C=C/C#CC(C)(C)C)Cc1cccc2ccccc12,1,train,42
5898,C[NH+](C/C=C/C#CC(C)(C)C)Cc1cccc2ccccc12,1,train,42
5899,CCN(CC)CCCC(=O)c1cc(Cl)c(N)cc1OC,1,train,42
5900,COc1ccccc1N1CCN(CCN(C(=O)c2ccc(F)cc2)c2ccccn2)CC1,1,train,42
5901,O=C(O)c1ccccc1C(=O)OC1CCc2ccccc2C1,1,train,42
5902,COc1ccc2cc([C@H](C)C(=O)O)ccc2c1,1,train,42
5903,C=CC1CC2CCC1CC2C(O)c1ccnc2ccc(OC)cc12,1,test,42
5904,CNC(=O)Oc1ccc2c(c1)[C@]1(C)CCN(C)C1N2C,1,train,42
5905,CN1CC(C)(C2=CCCCC2)C(=O)NC1=O,1,train,42
5906,O=C(O)c1cc(O)ccc1[O-],1,train,42
5907,COc1ccc(-n2nc(C)cc2C)cc1C[NH2+][C@@H]1CCC[NH2+][C@@H]1c1ccccc1,1,train,42
5908,COc1ccc(-n2nc(C)cc2C)cc1C[NH2+]C1CCC[NH2+]C1c1ccccc1,1,train,42
5909,Clc1cccc(Cl)c1NC1N=CCN1,1,test,42
5910,COc1ccc(-n2nc(C)cc2C)cc1CNC1CCCNC1c1ccccc1,1,train,42
5911,Clc1cccc(Cl)c1NC1NCCN1,1,train,42
5912,CN1C2=C3N=c4ccccc4=C3CCN2C(=O)c2ccccc21,1,train,42
5913,C[n+]1c2n(c(=O)c3ccccc31)CCC1c3ccccc3NC21,1,train,42
5914,Clc1cccc(Cl)c1N[C@@H]1N=CCN1,1,train,42
5915,Cc1ccc2c(OCCN3CCC(Cc4ccc5c(c4)N(C)C(=O)CO5)CC3)cccc2n1,1,train,42
5916,CCCC(C)C1(CC)C(O)NC(O)NC1O,1,train,42
5917,CCC[C@@H](C)C1(CC)C(=O)NC(=O)NC1=O,1,train,42
5918,F/C=C/O/C=C/F,1,test,42
5919,CCOCC(F)(F)F,1,train,42
5920,FC=COC=CF,1,train,42
5921,O=C(OCc1ccccc1)N1CCC(CNc2ccncc2)CC1,1,train,42
5922,F/C=C\O/C=C/F,1,train,42
5923,c1cc(C[NH+]2CCCCC2)cc(OCCCNc2nc3ccccc3s2)c1,1,train,42
5924,FC(F)OC(F)(F)C(F)Cl,1,train,42
5925,CCN(CC)CCNC(=O)c1ccc(N)c(Cl)c1,1,train,42
5926,FC(F)(F)C(Cl)Br,1,train,42
5927,CNCc1ccc(NC(=O)c2cc(C)n(Cc3cc(Cl)ccc3OCc3ccccc3)n2)cc1,1,test,42
5928,OC[C@H]1OC(OC2=C(c3ccc(O)c(O)c3)OC3C=C(O)C=C(O)C3=C2)[C@H](O)[C@@H](O)[C@@H]1O,1,train,42
5929,OC[C@H]1O[C@@H](Oc2cc3c(O)cc(O)cc3[o+]c2-c2ccc(O)c(O)c2)[C@H](O)[C@@H](O)[C@@H]1O,1,train,42
5930,Clc1cccc(Cl)c1NC1=[NH+]CCN1,1,train,42
5931,ClC(Cl)Cl,1,train,42
5932,O=C1CCCN1CCCC[NH+]1CCN(c2cc(C(F)(F)F)cc[nH+]2)CC1,1,train,42
5933,Clc1ccc(NC2=[NH+]CCN2)c(Cl)c1,1,train,42
5934,Clc1ccc(NC2=NCCN2)c(Cl)c1,1,train,42
5935,OC1CCCN1CCCCN1CCN(c2cc(C(F)(F)F)ccn2)CC1,1,train,42
5936,CC(O)C(=O)O,1,train,42
5937,N#Cc1cccc(-c2ccc3cc(O)ccc3c2Oc2ccc(OCCN3CCCCC3)cc2)c1,1,train,42
5938,Cc1cc(-c2ccccc2)nnc1N1CCN(c2ncccn2)CC1,1,train,42
5939,CCOc1ccc(-c2nn3ncccc3c2-c2ccc(S(C)(=O)=O)cc2)cc1,1,train,42
5940,COc1ccc2c3c1O[C@H]1C[C@@H](O)C=C[C@@]31CCNC2,1,val,42
5941,O=C1c2ccccc2S(=O)(=O)N1CCCCN[C@H]1CCc2ccccc2O1,1,train,42
5942,C[N@@H+]1CCCC[C@@H]1CCN1c2ccccc2Sc2ccc(S(C)(=O)=O)cc21,1,train,42
5943,FC(F)OC(Cl)C(F)(F)F,1,train,42
5944,CC(=O)O[C@H]1C(=O)[C@]2(C)[C@H]([C@@H](OC(=O)c3ccccc3)[C@]3(O)C[C@H](OC(=O)[C@@H](O)[C@H](NC(=O)c4ccc(F)cc4)c4ccccc4)C(C)=C1C3(C)C)[C@]1(OC(C)=O)CO[C@@H]1C[C@@H]2O,1,train,42
5945,CC(=O)O[C@H]1C(=O)[C@@]2(C)[C@H]([C@H](OC(=O)c3ccccc3)[C@]3(O)C[C@H](OC(=O)[C@H](O)[C@@H](NC(=O)c4ccc(F)cc4)c4ccccc4)C(C)=C1C3(C)C)[C@]1(OC(C)=O)CO[C@@H]1C[C@@H]2O,1,train,42
5946,[Ne],1,train,42
5947,CN(C)Cc1ccccc1Sc1ccc(F)cc1N,1,train,42
5948,COc1ccc2c3c1OC1CC(O)C=C(CN(C)C2)C31,1,train,42
5949,Clc1ccc(Nc2nnc(Cc3ccncc3)c3ccccc23)cc1,1,train,42
5950,CN(C)Cc1ccccc1Sc1cc(F)c(Cl)cc1N,1,train,42
5951,FC(F)OC(F)(F)[C@H](F)Cl,1,train,42
5952,c1cc(C[NH+]2CCCCC2)cc(OCCCNc2nc3ccccc3o2)c1,1,train,42
5953,CN1C2CC(OC(=O)C(CO)c3ccccc3)CC1C1OC12,1,train,42
5954,C[NH+]1C2CC(OC(=O)C(CO)c3ccccc3)CC1C1OC12,1,train,42
5955,CN1C2CC(OC(=O)[C@@H](CO)c3ccccc3)CC1C1OC12,1,train,42
5956,CN1[C@H]2CC(OC(=O)C(CO)c3ccccc3)C[C@H]1[C@H]1O[C@H]12,1,train,42
5957,COc1cc(/C=C/C(=O)NCCn2c(C(F)(F)F)cc3ccccc32)cc(OC)c1OC,1,test,42
5958,CN1CCCC1c1cccnc1,1,test,42
5959,COc1ccc(-n2nnnc2C(F)(F)F)cc1CNC1CCCNC1c1ccccc1,1,train,42
5960,CSc1ccc2c(c1)N(CC[C@H]1CCCCN1C)c1ccccc1S2,1,train,42
5961,[NH3+]CCc1cn2ccccc2n1,1,train,42
5962,CCCN(CCC)CCc1ccc2c(c1)CC(=O)N2,1,train,42
5963,NCCc1cn2ccccc2n1,1,train,42
5964,CCCN(CCC)CCc1cccc2c1CC(O)N2,1,test,42
5965,CCCN1CCC[C@@H]2Cc3nc(N)ncc3C[C@H]21,1,train,42
5966,O=C(CCC[NH+]1CCC2(CC1)C(=O)NCN2c1ccccc1)c1ccc(F)cc1,1,train,42
5967,CCCN1CCOC2c3cc(O)ccc3CCC21,1,val,42
5968,FC(Br)C(F)(F)F,1,train,42
5969,F[C@H](Br)C(F)(F)F,1,test,42
5970,CCOC(=O)Cc1cc2c(c(N)n1)N=C(c1ccccc1)C(C)N2,1,train,42
5971,Cc1cccc(OC[C@@H](O)C[NH2+]C(C)C)c1,1,train,42
5972,Cc1cccc(OCC(O)C[NH2+]C(C)C)c1,1,train,42
5973,CC1=C(CC2CCc3c(c4ccccc4n3C)C2=O)CC=N1,1,train,42
5974,CC(C)=CCN1Cc2cc(Cl)cc3[nH]c(=S)n(c23)CC1C,1,test,42
5975,Cc1cccc(OCC(O)CNC(C)C)c1,1,train,42
5976,CC(C)=CCN1Cc2cc(Cl)cc3[nH]c(=S)n(c23)C[C@@H]1C,1,train,42
5977,OCCOCC[NH+]1CC[NH+]([C@H](c2ccccc2)c2ccc(Cl)cc2)CC1,1,train,42
5978,OCCOCC[NH+]1CC[NH+](C(c2ccccc2)c2ccc(Cl)cc2)CC1,1,train,42
5979,CSc1ccc2c(c1)N(CC[C@@H]1CCCC[N@@H+]1C)c1ccccc1S2,1,train,42
5980,CCCN1CC(CSC)CC2c3cccc4[nH]cc(c34)CC21,1,train,42
5981,CCC(NC(O)c1c(C)c(-c2ccccc2)nc2ccccc12)c1ccccc1,1,train,42
5982,CCCN1C[C@H](CSC)CC2c3cccc4[nH]cc(c34)CC21,1,train,42
5983,CCC(NC(=O)c1c(C)c(-c2ccccc2)cc2ccccc12)c1ccccc1,1,test,42
5984,COc1ccc(C2Sc3ccccc3N(CCN(C)C)C(=O)C2OC(C)=O)cc1,1,train,42
5985,Cc1cc(NC(=O)c2ccc(CN3CCCC3)cc2)nn1Cc1cc(Cl)ccc1OCC(C)C,1,train,42
5986,Cc1cn(-c2cccc(Nc3ncnc4c3CCc3ccccc3-4)c2)cn1,1,train,42
5987,Cc1nc2sccn2c(=O)c1CCN1CCC(=C(c2ccc(F)cc2)c2ccc(F)cc2)CC1,1,train,42
5988,N#Cc1cccc(C2=Nc3ccc(C#Cc4ccccc4)cc3NC(=O)C2)c1,1,train,42
5989,CC(C)(C)c1nc(N2CC[NH+](CCCSc3nccc(=O)[nH]3)CC2)cc(C(F)(F)F)n1,1,train,42
5990,CCC[N@H+]1C[C@H](CSC)C[C@H]2c3cccc4[nH]cc(c34)C[C@H]21,1,train,42
5991,CC[C@@H](NC(=O)c1c(C)c(-c2ccccc2)nc2ccccc12)c1ccccc1,1,train,42
5992,CCCCN1CC2Cc3cc(OC)c(OC)cc3C2C1,1,val,42
5993,COc1ccc2c3c1O[C@@H]1C[C@@H](O)C=C[C@]31CC[N@@H+](C)C2,1,test,42
5994,c1cncc([C@H]2CCC[NH2+]2)c1,1,test,42
5995,Cc1nc2cc(C[NH2+][C@@H]3CCC[NH2+][C@@H]3c3ccccc3)c(OC(C)C)cc2s1,1,train,42
5996,c1cncc(C2CCC[NH2+]2)c1,1,train,42
5997,Cc1nc2cc(C[NH2+]C3CCC[NH2+]C3c3ccccc3)c(OC(C)C)cc2s1,1,train,42
5998,COc1ccc2c3c1OC1CC(O)C=CC31CCN(C)C2,1,train,42
5999,Cc1nc2cc(CNC3CCCNC3c3ccccc3)c(OC(C)C)cc2s1,1,train,42
6000,c1cncc(C2CCCN2)c1,1,test,42
6001,OC1CNCc2ccccc21,1,val,42
6002,Brc1cccc(Br)c1NC1=NCCN1,1,train,42
6003,CCc1cc2cc(C(=O)C3CCC(OC)CC3)ccc2nc1C,1,train,42
6004,Brc1cccc(Br)c1NC1=[NH+]CCN1,1,train,42
6005,CC[NH+](CC)CC(=O)Nc1c(C)cccc1C,1,train,42
6006,Cc1ccccc1-c1ccc(N)cc1N(C)C(=O)C(C)(C)c1cc(C(F)(F)F)cc(C(F)(F)F)c1,1,train,42
6007,C[N@H+]1CCC[C@H]1c1cccnc1,1,train,42
6008,C[NH+]1CCCC1c1cccnc1,1,train,42
6009,FC(F)(F)CC(Cl)Br,1,train,42
6010,FC(F)(F)CCC(Cl)Br,1,train,42
6011,Cc1ccc(Cn2c([C@H]3CNCCO3)nc3ccccc32)cc1,1,train,42
6012,Cc1ncc2n1-c1ccc(Cl)cc1C(c1ccccc1F)NC2,1,train,42
6013,CCOC(=O)Nc1cc2c(c(N)n1)N=C(CN(C)c1ccc(OC)cc1)CN2,1,test,42
6014,Cc1nc2c(c(-n3ccc(C(F)(F)F)n3)n1)CCN2c1ccc(Cl)cc1Cl,1,train,42
6015,O=c1[nH]c(C2=CC(N3CCC(c4ccccc4)CC3)CC2)nc2c(Cl)cccc12,1,train,42
6016,COc1ccc(-c2nccs2)cc1C[NH2+]C1CCC[NH2+]C1c1ccccc1,1,train,42
6017,COc1ccccc1C[NH2+][C@@H]1C2CC[NH+](CC2)[C@@H]1C(c1ccccc1)c1ccccc1,1,test,42
6018,COc1ccccc1C[NH2+]C1C2CC[NH+](CC2)C1C(c1ccccc1)c1ccccc1,1,train,42
6019,COc1ccccc1CNC1C2CCN(CC2)C1C(c1ccccc1)c1ccccc1,1,train,42
6020,CNC(=O)c1c(NCC2CCC3(CCC3)CC2)nc(C#N)nc1OCC1CCN(C)CC1,1,train,42
6021,CC(C)(C)NCC(O)COc1ccccc1C#N,1,train,42
6022,CC(C)(C)[NH2+]C[C@H](O)COc1ccccc1C#N,1,val,42
6023,Clc1ccc(Cl)c(NC2=[NH+]CCN2)c1,1,train,42
6024,CC(C)(C)[NH2+]CC(O)COc1ccccc1C#N,1,train,42
6025,O=c1ccc(-c2c(-c3ccccc3)nn3ccccc23)nn1CC[NH+]1CCCCC1,1,test,42
6026,O=c1ccc(-c2c(-c3ccccc3)nn3ccccc23)nn1CCN1CCCCC1,1,train,42
6027,Clc1ccc(Cl)c(N=C2NCCN2)c1,1,train,42
6028,Clc1ccc(Cl)c(NC2=NCCN2)c1,1,train,42
6029,CN(C)c1ccc(O)c(CNc2cccc3ccc(CO)nc23)c1,1,val,42
6030,Clc1ccc(Cl)c([NH+]=C2NCCN2)c1,1,val,42
6031,Clc1ccc2c(c1)[C@H]1C[NH2+]C[C@H]1c1ccccc1O2,1,train,42
6032,CC(C)[NH2+]CC(O)COc1ccc(CCOCC2CC2)cc1,1,train,42
6033,Clc1ccc2c(c1)C1C[NH2+]CC1c1ccccc1O2,1,train,42
6034,CC(C)NCC(O)COc1ccc(CCOCC2CC2)cc1,1,train,42
6035,Fc1ccc(Cn2c([C@@H]3CCCNC3)nc3ccccc32)cc1,1,train,42
6036,COc1cc2c(c(CNC3CCCNC3c3ccccc3)c1)OCC2,1,train,42
6037,Clc1ccc2c(c1)[C@H]1CNC[C@@H]1c1ccccc1O2,1,train,42
6038,COc1cc2c(c(CN[C@H]3CCCN[C@@H]3c3ccccc3)c1)OCC2,1,train,42
6039,Cc1cccc2c1Oc1ccccc1C1(O)CNCC21,1,train,42
6040,Clc1ccc2c(c1)C1CCNCC1c1ccccc1O2,1,train,42
6041,Clc1ccc2c(c1)[C@H]1CNC[C]1c1ccccc1O2,1,train,42
6042,C#CC1(O)CCC2C3C(C)CC4=C(CCC(=O)C4)C3CCC21C,1,train,42
6043,C#CC1(O)CCC2C3C(C)CC4=C(CCC(=O)C4)C3CCC21,1,train,42
6044,CC[C@H](C)[C@H]1O[C@@]2(CC[C@H]1C)C[C@@H]1C[C@@H](CC=C(C)[C@@H](O[C@H]3C[C@H](OC)[C@@H](O[C@H]4C[C@H](OC)[C@H](O)[C@H](C)O4)[C@H](C)O3)[C@H](C)C=CC=C3COC4[C@H](O)C(C)=C[C@@H](C(=O)O1)[C@]34O)O2,1,train,42
6045,CC(Cl)(Cl)Cl,1,train,42
6046,CC(C)Oc1ccc(OC(F)(F)F)cc1C[NH2+][C@@H]1CCC[NH2+][C@@H]1c1ccccc1,1,train,42
6047,Clc1cc(Br)cc(Cl)c1NC1=[NH+]CCN1,1,train,42
6048,CC(C)Oc1ccc(OC(F)(F)F)cc1CNC1CCCNC1c1ccccc1,1,train,42
6049,Clc1cc(Br)cc(Cl)c1N=C1NCCN1,1,train,42
6050,C[C@@H]1CN(c2c(F)c(N)c3c(=O)c(C(=O)O)cn(C4CC4)c3c2F)C[C@H](C)N1,1,train,42
6051,Clc1cc(Br)cc(Cl)c1NC1=NCCN1,1,val,42
6052,CCN(CCC#N)c1ccccc1,1,train,42
6053,N#CCCNCCc1ccccc1,1,val,42
6054,COc1ccc(C=C2CCCN=C2c2cccnc2)c(OC)c1,1,test,42
6055,CC(C)(C)c1ccccc1,1,train,42
6056,CN1CCC[C@@H](c2nc3ccccc3n2Cc2ccc(F)cc2)C1,1,train,42
6057,CN(C)c1ccnc2sc3c(=O)n(N4CCCCCC4)cnc3c12,1,train,42
6058,CN(C)c1ccnc2sc3c(=O)n(C4CCCCCC4)cnc3c12,1,test,42
6059,c1cc(C[NH+]2CCCCC2)cc(OCCCNc2nccs2)c1,1,train,42
6060,O=C(Nc1ccc(Cl)nc1)c1ccc(F)c(F)c1,1,train,42
6061,CCCCCCC,1,train,42
6062,CCC(=O)OC(Cc1ccccc1)(c1ccccc1)[C@H](C)CN(C)C,1,train,42
6063,COc1ccc(C(C)(C)C)cc1CNC1C2CCN(CC2)C1C(c1ccccc1)c1ccccc1,1,train,42
6064,CN1CN(c2ccccc2)C2(CC[NH+](CCCC(=O)c3ccc(F)cc3)CC2)C1=O,1,train,42
6065,COc1ccc(C(C)(C)C)cc1C[NH2+][C@@H]1C2CC[NH+](CC2)[C@@H]1C(c1ccccc1)c1ccccc1,1,train,42
6066,COc1ccc(C(C)(C)C)cc1C[NH2+]C1C2CC[NH+](CC2)C1C(c1ccccc1)c1ccccc1,1,train,42
6067,Clc1cc(Cl)c(NC2=[NH+]CCN2)c(Cl)c1,1,train,42
6068,Clc1cc(Cl)c(N=C2NCCN2)c(Cl)c1,1,train,42
6069,Clc1cc(Cl)c(NC2=NCCN2)c(Cl)c1,1,train,42
6070,O=C1CC2(CCCC2)CC(=O)N1CCCC[NH+]1CCN(c2ncccn2)CC1,1,test,42
6071,COc1ccc(C(C)C)cc1C[NH2+][C@@H]1C2CC[NH+](CC2)[C@@H]1C(c1ccccc1)c1ccccc1,1,val,42
6072,COc1cc2sc(C)nc2cc1C[NH2+][C@@H]1CCC[NH2+][C@@H]1c1ccccc1,1,train,42
6073,COc1ccc(C(C)C)cc1C[NH2+]C1C2CC[NH+](CC2)C1C(c1ccccc1)c1ccccc1,1,test,42
6074,COc1cc2sc(C)nc2cc1C[NH2+]C1CCC[NH2+]C1c1ccccc1,1,train,42
6075,COc1ccc(C(C)C)cc1CNC1C2CCN(CC2)C1C(c1ccccc1)c1ccccc1,1,train,42
6076,COc1cc2sc(C)nc2cc1CNC1CCCNC1c1ccccc1,1,train,42
6077,CCN(CC)Cc1ccc2c(c1)CCC(N1CCN(CCc3ccc(F)cc3)CC1=O)C2,1,test,42
6078,c1ccc2c(c1)[nH]c1cnccc12,1,train,42
6079,O=C(NCCCCN1CCC(Oc2cccc(C(F)(F)F)c2)CC1)c1ccnc2ccccc12,1,train,42
6080,O=S(=O)(c1cccc(Cl)c1)n1ccc2c(N3CCNCC3)c(Cl)ccc21,1,train,42
6081,COc1ccc(CN(CCN(C)C)c2ccccn2)cc1,1,train,42
6082,COc1cc2oc(C)nc2cc1CNC1CCCNC1c1ccccc1,1,train,42
6083,COc1cc2oc(C)nc2cc1C[NH2+]C1CCC[NH2+]C1c1ccccc1,1,train,42
6084,COc1ccc(CN(CC[NH+](C)C)c2cccc[nH+]2)cc1,1,train,42
6085,O=C1CN=C(c2ccccc2)c2c(Cl)cccc2N1,1,train,42
6086,CC(C)=CCN1CC[C@@]2(C)c3cc(O)ccc3CC1C2C,1,train,42
6087,Cc1cccc2c1Oc1ccccc1[C@@]1(O)CC[NH2+]C[C@H]21,1,val,42
6088,Cc1cccc2c1Oc1ccccc1C1(O)CC[NH2+]CC21,1,val,42
6089,c1ccc(C2([NH+]3CCCCC3)CCCCC2)cc1,1,train,42
6090,C/C=C/C[C@@H](C)[C@@H](O)[C@H]1C(=O)N[C@@H](CC)C(=O)N(C)CC(=O)N(C)[C@@H](CC(C)C)C(=O)N[C@@H](C(C)C)C(=O)N(C)[C@@H](CC(C)C)C(=O)N[C@@H](C)C(=O)N[C@H](C)C(=O)N(C)[C@@H](CC(C)C)C(=O)N(C)[C@@H](CC(C)C)C(=O)N(C)[C@@H](C(C)C)C(=O)N1C,1,train,42
6091,Fc1ccc([C@@H]2CCNCC2COc2ccc3c(c2)OCO3)cc1,1,train,42
6092,C[NH2+]CCCN1c2ccccc2CCc2cc(O)ccc21,1,train,42
6093,C[N@@H+]1CCN2c3[nH+]cccc3Cc3ccccc3[C@@H]2C1,1,train,42
6094,C[NH+]1CCN2c3[nH+]cccc3Cc3ccccc3C2C1,1,train,42
6095,C/C(=C(\CCOC(=O)C(N)Cc1ccc(OC(=O)C(C)(C)C)c(OC(=O)C(C)(C)C)c1)SSC(C)C)N(C)C=O,1,val,42
6096,COc1ccc2c3c1O[C@H]1[C@@H](O)C=C[C@H]4[C@@H](C2)[N@@H+](C)CC[C@@]341,1,train,42
6097,CC(C)=CC[NH+]1CCC2(C)c3cc(O)ccc3CC1C2C,1,train,42
6098,CN(C)c1ccccc1Sc1ccc(CCF)cc1N,1,train,42
6099,COc1ccc(C)c2c1O[C@H]1[C@@H](O)C=C[C@H]3CN(C)CC[C@@]231,1,train,42
6100,COc1ccc2c3c1O[C@H]1[C@H](O)C=C[C@H]4[C@@H](C2)N(C)CC[C@@]341,1,train,42
6101,COc1ccc2c3c1O[C@H]1[C@@H](O)C=C[C@H]4C(C2)N(C)CCC341,1,train,42
6102,COc1ccc2c3c1O[C@H]1[C@@H](O)C=C[C@H]4[C@H]5C2[C@@H](CN5C)[C@@]341,1,train,42
6103,CCC1(O)CC(OC2CC(N3CCOCC3)C(O)C(C)O2)c2c(O)c3c(c(O)c2C1O)C(=O)c1cccc(O)c1C3=O,1,train,42
6104,CC[C@@]1(O)C[C@H](O[C@H]2C[C@H](N3CCOCC3)[C@H](O)[C@H](C)O2)c2c(O)c3c(c(O)c2[C@H]1O)C(=O)c1cccc(O)c1C3=O,1,test,42
6105,CN1CCN(Cc2ccc(C(=O)Nc3cc(-c4ccccc4)ccc3N)cc2)CC1,1,val,42
6106,N#Cc1ccc2c(c1)CCN(CCC1CCC(NC(=O)c3ccnc4ccccc34)CC1)C2,1,train,42
6107,c1ccc2c(c1)CCNC2,1,train,42
6108,COc1cccc(CN)c1O,1,train,42
6109,OC(CNCC(O)C1CCc2cc(F)ccc2O1)C1CCc2cc(F)ccc2O1,1,val,42
6110,Cc1nnc2n1C1CCC(Cl)CC1C(c1ccccc1Cl)=NC2,1,test,42
6111,COC1=C2O[C@H]3C(=O)C=C[C@H]4[C@H]5CC(C=C1)C2[C@@]34CCN5C,1,train,42
6112,Cc1ccn(CCCCN2CCN(c3cc(C(F)(F)F)nc(C(C)(C)C)n3)CC2)c(=O)c1,1,train,42
6113,COc1ccc2[nH]nc(NC3CCN(Cc4ccc5c(c4)OCO5)CC3)c2c1,1,test,42
6114,CCC(=O)N(c1ccccc1)C1CC[NH+](CCc2ccccc2)CC1,1,test,42
6115,Brc1cc(Br)c(NC2=[NH+]CCN2)c(Br)c1,1,train,42
6116,CC(CF)NC[C@H](O)COc1cccc2[nH]c3ccccc3c12,1,train,42
6117,Brc1cc(Br)c(NC2=NCCN2)c(Br)c1,1,train,42
6118,C[NH2+]CCCN1c2ccccc2Sc2ccccc21,1,test,42
6119,CN(c1nc2ccccc2s1)C1CCN(CC(O)COc2ccc(F)c(F)c2)CC1,1,train,42
6120,CN(c1nc2ccccc2s1)C1CCN(C[C@H](O)COc2ccc(F)c(F)c2)CC1,1,train,42
6121,COC(=O)C1C(OC(=O)c2ccccc2)CC2CCC1N2C,1,train,42
6122,CCC12CCN(CC3(O)CC3)C(Cc3ccc(O)cc31)C2(C)C,1,train,42
6123,SCS,1,train,42
6124,CC1NC(=NCC(F)F)Nc2cccc(Cl)c21,1,train,42
6125,CCCCC1CCN(CCCN2C(=O)CCc3ccccc32)CC1,1,test,42
6126,CN(C)Cc1ccc(C(=O)Nc2ccccc2N)cc1,1,train,42
6127,Cc1nc(N2CCc3ccccc3CC2)c(C#N)c(=O)n1CC(F)(F)F,1,test,42
6128,c1cnc(N2CCNCC2)nc1,1,train,42
6129,COC(=O)C1C(OC(=O)c2ccccc2)CC2CCC1[NH+]2C,1,train,42
6130,OC1Nc2ccc(Cl)cc2C(c2ccccc2)NC1O,1,train,42
6131,CC1=NC(O)C(=O)Nc2ccc(Cl)cc21,1,train,42
6132,COc1cc2sc(C3CC3)nc2cc1C[NH2+][C@@H]1CCC[NH2+][C@@H]1c1ccccc1,1,train,42
6133,COc1cc2sc(C3CC3)nc2cc1C[NH2+]C1CCC[NH2+]C1c1ccccc1,1,train,42
6134,COc1cc2sc(C3CC3)nc2cc1CNC1CCCNC1c1ccccc1,1,train,42
6135,O[C@@H](c1cc(C(F)(F)F)nc2c(C(F)(F)F)cccc12)[C@H]1CCCC[NH2+]1,1,train,42
6136,COc1ccc(OC(F)(F)F)cc1C[NH2+][C@@H]1CCC[NH2+][C@@H]1c1ccccc1,1,train,42
6137,COc1ccc(OC(F)(F)F)cc1C[NH2+]C1CCC[NH2+]C1c1ccccc1,1,train,42
6138,COc1ccc(OC(F)(F)F)cc1CNC1CCCNC1c1ccccc1,1,train,42
6139,Cc1ccc(O)c(Cn2c(NC3CCN(CCN)CC3)nc3c(C)cccc32)n1,1,train,42
6140,CCCCC,1,train,42
6141,CC[C@@H](C)Nc1ccc(I)c(N[C@@H](C)CC)c1,1,val,42
6142,C[NH+](C)CCO[C@@](C)(c1ccccc1)c1ccccn1,1,train,42
6143,CC(C)(C)c1ccc([C@H](O)CCC[NH+]2CCC(C(O)(c3ccccc3)c3ccccc3)CC2)cc1,1,test,42
6144,C[NH+](C)CCOC(C)(c1ccccc1)c1ccccn1,1,train,42
6145,CC(C)(C)c1ccc(C(O)CCC[NH+]2CCC(C(O)(c3ccccc3)c3ccccc3)CC2)cc1,1,val,42
6146,CC(C)(C)c1ccc(C(O)CCCN2CCC(C(O)(c3ccccc3)c3ccccc3)CC2)cc1,1,train,42
6147,CCC(C)Nc1ccc(I)c(NC(C)CC)c1,1,train,42
6148,Clc1ccc(N2CCN(Cc3cnn4ccccc34)CC2)cc1,1,val,42
6149,CCc1nc(N)nc(N)c1-c1ccc(Cl)c(Cl)c1,1,train,42
6150,Cc1ccccc1-c1ccncc1C(=O)N(C)Cc1cc(C(F)(F)F)cc(C(F)(F)F)c1,1,train,42
6151,c1ccc(NCCCOc2cccc(C[NH+]3CCCCC3)c2)[nH+]c1,1,test,42
6152,CNC(=O)c1c(NCC2CCC3(CCC3)CC2)nc(C#N)nc1OCCO,1,val,42
6153,COc1ccc(-c2nc(-c3cccc(CN(C)C)c3)n(CCO)n2)cc1,1,train,42
6154,C[NH2+]CC[C@H](Oc1ccc(C(F)(F)F)cc1)c1ccccc1,1,train,42
6155,C[NH2+]CCC(Oc1ccc(C(F)(F)F)cc1)c1ccccc1,1,train,42
6156,Oc1ccc2c(Oc3ccc(OCCN4CCCCC4)cc3)c(-c3cccc(F)c3)ccc2c1,1,test,42
6157,CCCCCCNC(=O)C(c1ccccc1)c1ccccc1,1,train,42
6158,CCCCN1C2CC[C@@H]1C[C@@H](OC(c1ccc(F)cc1)c1ccc(F)cc1)C2,1,train,42
6159,COc1cccc(CC2CCN(C3CCC(OC)(c4ccc5c(c4)OCO5)CC3)CC2)c1,1,val,42
6160,NCc1cccc(NC(=O)c2ccc3ccccc3c2)c1,1,train,42
6161,COc1cccc(CC2CC[NH+](C3CCC(OC)(c4ccc5c(c4)OCO5)CC3)CC2)c1,1,val,42
6162,CSc1ccc2c(c1)N(CC[C@@H]1CCC[NH2+]C1)c1ccccc1S2,1,train,42
6163,CSc1ccc2c(c1)N(CCC1CCC[NH2+]C1)c1ccccc1S2,1,train,42
6164,CCCCN1[C@@H]2CC[C@H]1CC(OC(c1ccc(F)cc1)c1ccc(F)cc1)C2,1,train,42
6165,CN(C)C(=O)C(CC[NH+]1CCC(O)(c2ccc(Cl)cc2)CC1)(c1ccccc1)c1ccccc1,1,train,42
6166,Fc1ccc(Cn2c([C@H]3CNCCO3)nc3ccccc32)cc1,1,train,42
6167,CN(C)Cc1ccc(C(=O)Nc2cc(-c3cccs3)ccc2N)cc1,1,train,42
6168,Cc1ccc(/C(=C/CN2CCCC2)c2ccccn2)cc1,1,train,42
6169,Cc1cc2c(s1)Nc1ccccc1N=C2N1CC[NH+](C)CC1,1,val,42
6170,Cc1cc2c(s1)Nc1ccccc1N=C2N1CCN(C)CC1,1,val,42
6171,COc1cc(-n2cnc3cc(-c4ccc(Cl)cc4)sc3c2=O)ccc1OCCN1CCCC1,1,train,42
6172,COc1ccccc1N1CCN(CCCCNC(=O)c2ccc3ccccc3c2)CC1,1,train,42
6173,COCCCCC(=NOCCN)c1ccc(C(F)(F)F)cc1,1,train,42
6174,COCCCC/C(=N/OCC[NH3+])c1ccc(C(F)(F)F)cc1,1,train,42
6175,CSc1ccc2c(c1)N(CCC1CCCCN1)c1ccccc1S2,1,train,42
6176,N[C@H]1C[C@@H]1c1ccc(F)cc1,1,train,42
6177,CCc1ccc(-c2ccc(C(=O)N(C)C3CCN(C(=O)N4CCC(N5CCCCC5)C4)C3)cc2)cc1,1,train,42
6178,Cc1nc(N)nc(N)c1-c1ccc(Cl)c(Cl)c1,1,train,42
6179,N[C@@H]1C[C@H]1c1ccc(F)cc1,1,test,42
6180,Cc1cccc2c1Oc1ccccc1[C@@]1(O)CC[N@@H+](C)C[C@@H]21,1,train,42
6181,Cc1cccc2c1Oc1ccccc1C1(O)CC[NH+](C)CC21,1,train,42
6182,CCCC(=O)c1ccc2c(c1)N(CCC[NH+]1CC[NH+](C)CC1)c1ccccc1S2,1,train,42
6183,CN(C)CCCN1c2ccccc2Cc2ccccc21,1,train,42
6184,Clc1ccc2[nH]nc(NC3CCN(Cc4ccc5c(c4)OCO5)CC3)c2c1,1,train,42
6185,CN(C)CCCN1c2ccccc2CCC2CCCCCC21,1,train,42
6186,O[C@@](CC[NH+]1CCCCC1)(c1ccccc1)[C@@H]1C[C@@H]2C=C[C@H]1C2,1,train,42
6187,OC(CC[NH+]1CCCCC1)(c1ccccc1)C1CC2C=CC1C2,1,test,42
6188,CC[C@H](C)C(=O)O[C@H]1C[C@H](C)C=C2C=C[C@H](C)[C@H](CC[C@@H]3C[C@@H](O)CC(=O)O3)[C@H]21,1,val,42
6189,COc1cc2sc(C(C)(C)C)nc2cc1C[NH2+][C@@H]1CCC[NH2+][C@@H]1c1ccccc1,1,train,42
6190,COc1cc2sc(C(C)(C)C)nc2cc1C[NH2+]C1CCC[NH2+]C1c1ccccc1,1,train,42
6191,COc1ccccc1C[NH2+][C@@H]1CCC[NH2+][C@@H]1c1ccccc1,1,train,42
6192,COc1ccccc1C[NH2+]C1CCC[NH2+]C1c1ccccc1,1,val,42
6193,COc1ccccc1CNC1CCCNC1c1ccccc1,1,train,42
6194,CCN(C)C(=O)Oc1cccc(C(C)N(C)C)c1,1,train,42
6195,FC(F)Oc1ccc(OC(F)(F)F)cc1C[NH2+][C@@H]1CCC[NH2+][C@@H]1c1ccccc1,1,train,42
6196,C[NH+](C)CCCN1c2ccccc2Sc2ccccc21,1,val,42
6197,CCN(C)C(=O)Oc1cccc([C@@H](C)[NH+](C)C)c1,1,train,42
6198,CCN(C)C(=O)Oc1cccc(C(C)[NH+](C)C)c1,1,train,42
6199,FC(F)Oc1ccc(OC(F)(F)F)cc1CNC1CCCNC1c1ccccc1,1,test,42
6200,CN(C)Cc1ccc(C(=O)Nc2cc(-c3ccccc3)ccc2N)cc1,1,test,42
6201,C[NH+](C)CCC=C1c2ccccc2CCc2ccccc21,1,train,42
6202,COc1cc2c(cc1OC)C(=O)[C@H](CC1CC[NH+](Cc3ccccc3)CC1)C2,1,test,42
6203,COc1cc2c(cc1OC)C(=O)C(CC1CC[NH+](Cc3ccccc3)CC1)C2,1,train,42
6204,COc1cc2c(cc1OC)C(=O)C(CC1CCN(Cc3ccccc3)CC1)C2,1,train,42
6205,Fc1ccc(Cn2c([C@H]3CNCCS3)nc3ccccc32)cc1,1,train,42
6206,CN(C)CCCC1c2ccccc2CCc2ccccc21,1,train,42
6207,CN(Cc1cc(C(F)(F)F)cc(C(F)(F)F)c1)C(=O)c1cnccc1-c1ccccc1Cl,1,train,42
6208,CCCC(C)CC,1,train,42
6209,[CH2][C]([CH]CC)CC,1,train,42
6210,CNC(C)Cc1ccccc1,1,train,42
6211,C=C([CH]CC)CC,1,train,42
6212,CCN(CC)CCNC(=O)c1cc(Cl)c(N)cc1OC,1,train,42
6213,COc1ccc(-c2cc(NCCO)c3ccccc3n2)cc1,1,train,42
6214,COc1ccc(CCN2CCN(CCCc3ccccc3I)CC2)cc1OC,1,train,42
6215,CC1CCCC1,1,train,42
6216,CC(C)(C)c1cc(CN2CCN(CC(O)c3ccc(Cl)cc3)CC2)cc(C(C)(C)C)c1O,1,train,42
6217,CCC(=C(c1ccccc1)c1ccc(OCCN(C)C)cc1)c1ccccc1,1,train,42
6218,COc1ccc(C(C)C)cc1CNC1CCCNC1c1ccccc1,1,train,42
6219,O=[SH](O)(c1ccc2cc[nH]c2c1)N1CCCC1CCN1CCC(Oc2cccc(Cl)c2)CC1,1,train,42
6220,Oc1ccc2c(Oc3ccc(OCCN4CCCCC4)cc3)c(-c3ccc(F)c(F)c3)ccc2c1,1,train,42
6221,COc1ccc(C(C)C)cc1C[NH2+][C@@H]1CCC[NH2+][C@@H]1c1ccccc1,1,train,42
6222,COc1ccc(C(C)C)cc1C[NH2+]C1CCC[NH2+]C1c1ccccc1,1,train,42
6223,C[C@H]([NH3+])Cc1ccccc1,1,train,42
6224,C[NH2+][C@@H](C)Cc1ccccc1,1,train,42
6225,CC([NH3+])Cc1ccccc1,1,val,42
6226,C[NH2+]C(C)Cc1ccccc1,1,val,42
6227,C[NH+](C)CCCN1c2ccccc2Sc2ccc(Cl)cc21,1,val,42
6228,CC(C)(C)c1ccc(OC(F)(F)F)c(C[NH2+][C@@H]2CCC[NH2+][C@@H]2c2ccccc2)c1,1,train,42
6229,CC(C)(C)c1ccc(OC(F)(F)F)c(C[NH2+]C2CCC[NH2+]C2c2ccccc2)c1,1,train,42
6230,CC1CCCCC1,1,train,42
6231,C1CCCCC1,1,test,42
6232,CC(C)(C)c1ccc(OC(F)(F)F)c(CNC2CCCNC2c2ccccc2)c1,1,train,42
6233,CCCC(C)C,1,train,42
6234,CNCCCN1c2ccccc2S(=O)c2ccc(Cl)cc21,1,train,42
6235,[NH3+]CCCN1c2ccccc2Sc2ccc(Cl)cc21,1,train,42
6236,COc1ccc(C(C)(C)C)cc1CNC1CCCNC1c1ccccc1,1,train,42
6237,COc1ccc(C(C)(C)C)cc1CN[C@H]1CCCN[C@H]1c1ccccc1,1,train,42
6238,Ic1ccc(C[NH+]2CCCCC2)cc1C[NH+]1CCCCC1,1,train,42
6239,COc1ccc(C(C)(C)C)cc1C[NH2+][C@@H]1CCC[NH2+][C@@H]1c1ccccc1,1,test,42
6240,COc1ccc(C(C)(C)C)cc1C[NH2+]C1CCC[NH2+]C1c1ccccc1,1,train,42
6241,C[N@@H+]1CCN2c3ccccc3Cc3ccccc3[C@@H]2C1,1,train,42
6242,C[NH+]1CCN2c3ccccc3Cc3ccccc3C2C1,1,val,42
6243,CN1CCC2(C)c3cc(OC(=O)Nc4ccccc4)ccc3N(C)C12,1,test,42
6244,CN1c2ccc(OC(=O)Nc3ccccc3)cc2[C@]2(C)CC[N@@H+](C)[C@H]12,1,train,42
6245,CN1c2ccc(OC(=O)Nc3ccccc3)cc2C2(C)CC[NH+](C)C12,1,test,42
6246,CN1CCC2(C)c3cc(OC(O)Nc4ccccc4)ccc3N(C)C12,1,train,42
6247,CC(C)(C)OC(O)CCCc1ccc(N(CCCl)CCCl)cc1,1,val,42
6248,CS(=O)(=O)NC1CCC(CCN2CCN(c3cccc(Cl)c3Cl)CC2)CC1,1,test,42
6249,N#Cc1ccc(S(=O)(=O)C2CCN(CCc3ccc(F)cc3F)CC2)cc1,1,test,42
6250,CCCCCC[NH+]1CCN(c2ccc(I)cc2)CC1,1,train,42
6251,[NH3+]CCCN1c2ccccc2CCc2ccccc21,1,train,42
6252,CC1CCC(C)C(C)C1,1,test,42
6253,C[N@H+]1C[C@@H]2c3ccccc3Oc3ccc(Cl)cc3[C@H]2C1,1,train,42
6254,C[NH+]1CC2c3ccccc3Oc3ccc(Cl)cc3C2C1,1,train,42
6255,CN1CCC2(O)c3ccccc3Oc3ccc(Cl)cc3C2C1,1,train,42
6256,C[NH+](C)CCCN1c2ccccc2CCc2ccccc21,1,train,42
6257,C[NH2+]CCCN1c2ccccc2CCc2ccccc21,1,train,42
6258,COc1ccc(Cl)cc1[C@]1(F)C(=O)Nc2cc(C(F)(F)F)ccc21,1,train,42
6259,O=C(NCCCCN1CCC(Oc2cccc(C(F)(F)F)c2)CC1)c1ccc(Br)cc1,1,train,42
6260,CN1CCC2c3cc(Cl)ccc3Oc3ccccc3C2C1,1,val,42
6261,Cc1ccc2c(c1)N(CCCN(C)C)c1ccccc1S2,1,train,42
6262,CC1CCCCC1C,1,train,42
6263,CNC(C)CC1CCCCC1,1,train,42
6264,C[NH2+][C@H](C)CC1CCCCC1,1,train,42
6265,C[NH2+]C(C)CC1CCCCC1,1,train,42
6266,CC(=O)NC1CCC(CCN2CCN(c3cccc(Cl)c3Cl)CC2)CC1,1,val,42
6267,CN[C@H](C)CC1CCCCC1,1,train,42
6268,COc1ccc(CCN2CCC(Nc3nc4ccccc4n3Cc3ccc(F)cc3)CC2)cc1,1,train,42
6269,C[C@]12[NH2+][C@H](Cc3ccccc31)c1ccccc12,1,train,42
6270,CC12[NH2+]C(Cc3ccccc31)c1ccccc12,1,test,42
6271,CC(C)[NH2+]CC(O)COc1cccc2ccccc12,1,train,42
6272,COc1ccc(OC(F)(F)F)cc1CN[C@H]1CCCN[C@@H]1c1ccccc1,1,train,42
6273,COc1ccc(OC(F)(F)F)cc1CN[C@H]1CCCN[C@H]1c1ccccc1,1,train,42
6274,O=C(O)C=C1C=CC(=O)O1,1,train,42
6275,N#Cc1ccc(OCC2CCN(CC=CI)CC2)cc1,1,val,42
6276,N#Cc1ccc(OCC2CC[NH+](C/C=C/I)CC2)cc1,1,train,42
6277,O=C(CCC1CC[NH+](Cc2ccccc2)CC1)c1ccc2c(c1)NCCCC2,1,train,42
6278,COCCc1ccc(OC[C@H](O)C[NH2+]C(C)C)cc1,1,train,42
6279,COCCc1ccc(OCC(O)C[NH2+]C(C)C)cc1,1,train,42
6280,CCc1cccc(N=C(C)Nc2cccc(CC)c2)c1,1,train,42
6281,Oc1ccc2c(Oc3ccc(OCCN4CCCCC4)cc3)c(-c3ccc(F)cc3)ccc2c1,1,train,42
6282,COc1cc2sc(-c3ccccc3)nc2cc1C[NH2+][C@@H]1CCC[NH2+][C@@H]1c1ccccc1,1,train,42
6283,C[NH+](C)CCOC(c1ccccc1)c1ccccc1,1,train,42
6284,COc1cc2sc(-c3ccccc3)nc2cc1C[NH2+]C1CCC[NH2+]C1c1ccccc1,1,train,42
6285,COc1cc2sc(-c3ccccc3)nc2cc1CNC1CCCNC1c1ccccc1,1,train,42
6286,COc1ccc(-c2nc(-c3cccc(CN(C)C)c3)n(C)n2)cc1,1,train,42
6287,O=C(CCC[NH+]1CCC(O)(c2ccc(Cl)cc2)CC1)c1ccc(F)cc1,1,train,42
6288,C[NH2+]CCCN1c2ccccc2Sc2ccc(Cl)cc21,1,train,42
6289,CNCCCN1c2ccccc2Sc2cccc(Cl)c21,1,train,42
6290,O=C(CC[NH+]1CCC(O)(c2ccc(Br)cc2)CC1)c1ccc(F)cc1,1,train,42
6291,CCC(C)[NH+]1CCN(c2ccc(I)cc2)CC1,1,val,42
6292,CCC(C)N1CCN(c2ccc(I)cc2)CC1,1,val,42
6293,CC(C)CN1CCN(c2ccc(I)cc2)CC1,1,train,42
6294,COCn1nc(-c2ccc(OC)cc2)nc1-c1cccc(CN(C)C)c1,1,train,42
6295,O=C(CCN1CCC(O)(c2ccc(Br)cc2)CC1)c1ccc(F)cc1,1,train,42
6296,C[C@@H]([NH2+]C(C)(C)C)C(=O)c1cccc(Cl)c1,1,val,42
6297,CC([NH2+]C(C)(C)C)C(=O)c1cccc(Cl)c1,1,val,42
6298,C[NH+]1CC[NH+](CCCN2c3ccccc3Sc3ccc(C(F)(F)F)cc32)CC1,1,train,42
6299,CN1CCN(CCCN2c3ccccc3Sc3cccc(C(F)(F)F)c32)CC1,1,train,42
6300,C[NH+](C)CCCN1c2ccccc2Sc2ccc(C(F)(F)F)cc21,1,train,42
6301,O=C(CCCN1CCCN(c2ccc(Cl)cc2)CC1)c1ccc(F)cc1,1,train,42
6302,OCC[NH+]1CC[NH+](CCCN2c3ccccc3Sc3ccc(C(F)(F)F)cc32)CC1,1,train,42
6303,CN(C)CCC(c1ccc(Cl)cc1)c1ccccn1,1,train,42
6304,C[NH2+][C@@H]1CC[C@H](c2ccc(Cl)c(Cl)c2)c2ccccc21,1,train,42
6305,C[NH2+]C1CCC(c2ccc(Cl)c(Cl)c2)c2ccccc21,1,train,42
6306,FC(F)(F)c1ccc(N2CC[NH2+]CC2)[nH+]c1Cl,1,train,42
6307,CC(C)c1ccc(SCCCC2CCN2C)cc1,1,val,42
6308,O=C1OC(C(O)CO)C(O)=C1O,1,train,42
6309,CCC1(C)CC(=O)NC(=O)C1,1,test,42
6310,CC(C)C(Br)C(=O)NC(N)=O,1,val,42
6311,BrC(Br)Br,1,test,42
6312,CCCCC(CC)CNC(=O)CC(C)O,1,train,42
6313,CCCCCC(=NOCCN)c1ccc(C)c(N)c1,1,train,42
6314,CCC(C)C(CC)C(=O)NC(N)=O,1,val,42
6315,CC(N)C(=O)c1ccccc1,1,train,42
6316,OC1OC(COCCOC(O)C(Cl)(Cl)Cl)C(OC2OC(COCCOCCOC(O)C(Cl)(Cl)Cl)CC(OC(O)C(Cl)(Cl)Cl)C2O)C(OCCOCCOC(O)C(Cl)(Cl)Cl)C1O,1,train,42
6317,O=C(NC(CO)C(O)c1ccc([N+](=O)[O-])cc1)C(Cl)Cl,1,train,42
6318,CC(CC(C)(C)O)OC(O)C(Cl)(Cl)Cl,1,train,42
6319,NNCC1CCCCC1,1,val,42
6320,CC(C)C(O)C1CCCCC1,1,train,42
6321,Clc1cccc(Cl)c1N=C1NCCO1,1,train,42
6322,CC1CC2C3CC(F)(F)C4=CC(=O)C=C[C@]4(C)C3(F)C(O)CC2(C)C1(O)C(=O)CO,1,train,42
6323,COC(=O)C1C2CC3c4[nH]c5ccccc5c4CCN3CC2CC(OC(=O)c2cc(OC)c(OC)c(OC)c2)C1OC,1,train,42
6324,c1ccc(C2CN3CCSC3=N2)cc1,1,train,42
6325,CCCCCCCCCC1(C)OCC(COC(N)=O)O1,1,train,42
6326,Nc1nc(=O)[nH]cc1F,1,test,42
6327,CC12CCC(=O)C=C1CCC1C3CCC(O)(C(=O)CO)C3(C)CC(O)C12F,1,train,42
6328,CCC(=O)OC1(C(=O)SCF)C(C)CC2C3CC(F)C4=CC(=O)C=CC4(C)C3(F)C(O)CC21C,1,train,42
6329,CC(C)n1c(C=CC(O)CC(O)CC(=O)O)c(-c2ccc(F)cc2)c2ccccc21,1,train,42
6330,Nc1nc(=O)c2nc(CNc3ccc(C(=O)NC(CCC(=O)O)C(=O)O)cc3)cnc2[nH]1,1,val,42
6331,CCC(C)C(C)(COC(N)=O)COC(N)=O,1,train,42
6332,CNC(=O)NC(O)C(Cl)(Cl)Cl,1,val,42
6333,CCCC(C)C1(CCSC)C(=O)NC(=S)NC1=O,1,train,42
6334,Clc1ccc(COC(Cn2ccnc2)c2ccc(Cl)cc2Cl)c(Cl)c1,1,train,42
6335,CC(Oc1cccc2ccccc12)C(N)=NO,1,train,42
6336,NC(=O)CCCN=C(c1ccc(Cl)cc1)c1cc(F)ccc1O,1,train,42
6337,CCC(=O)C1(O)CCC2C3CCC4=CC(=O)CCC4(C)C3C(O)CC21C,1,train,42
6338,CON=C(C#N)C1CN2CCC1CC2,1,train,42
6339,CCC(C)(C)C(=O)OC1CC(C)C=C2C=CC(C)C(CCC3CC(O)CC(=O)O3)C21,1,train,42
6340,CSCCC(NC(C)=O)C(=O)Oc1ccc(NC(C)=O)cc1,1,train,42
6341,O=C1C2C3CCC(C3)C2C(=O)N1CCCCN1CCN(c2ncccn2)CC1,1,train,42
6342,CS(=O)(=O)c1ccc(C(O)C(CO)NC(=O)C(Cl)Cl)cc1,1,train,42
6343,CC12C=CC(=O)C=C1CCC1C3CC(O)C(O)(C(=O)CO)C3(C)CC(O)C12F,1,train,42
6344,OCC(Br)(Br)Br,1,train,42
6345,NC(=NO)C1=NNc2ccccc2N(Cc2ccccc2)C1=O,1,train,42
6346,CC(C)C(N)C(=O)OCCOCn1cnc2c(=O)[nH]c(N)nc21,1,train,42
6347,CC(C)C(N)C(=O)OCC(CO)OCn1cnc2c(=O)[nH]c(N)nc21,1,test,42
6348,CCCC1OC2CC3C4CCC5=CC(=O)C=CC5(C)C4C(O)CC3(C)C2(C(=O)CO)O1,1,val,42
6349,COCCCCC(=NOCCN)c1ccc(Cl)cc1,1,test,42
6350,CC12CCC(=O)C=C1CCC1C2C(=O)CC2(C)C1CCC2(O)C(=O)CO,1,train,42
6351,CCCl,1,val,42
6352,CC1CC2C3CC(F)C4=CC(=O)C=CC4(C)C3C(O)CC2(C)C1C(=O)CO,1,train,42
6353,CC12C=CC(=O)C=C1C(F)CC1C2C(O)CC2(C)C1CCC2(O)C(=O)CO,1,train,42
6354,CCC1(CC)C(=O)NCC(C)C1=O,1,train,42
6355,CCCC1OC1(CC)C(N)=O,1,train,42
6356,CC1CC2C3CC(F)C4=CC(=O)C=CC4(C)C3C(O)CC2(C)C1(O)C(=O)CO,1,train,42
6357,CC12C=CC(=O)C=C1CCC1C2C(O)CC2(C)C1CCC2(O)C(=O)CO,1,train,42
6358,Cc1n[nH]c2c1N(c1ccccc1)C(=O)CC(=O)N2C,1,val,42
6359,CCC=C(C)C1(CC)C(=O)NC(=O)NC1=O,1,train,42
6360,O=c1[nH]cnc2[nH]ncc12,1,train,42
6361,NC(=O)NO,1,train,42
6362,C=C[C@H]1C[N@@]2CC[C@H]1C[C@@H]2[C@@H](O)c1ccnc2ccc(OC)cc12,1,train,42
6363,CC(=O)[C@H]1CC[C@H]2[C@@H]3CC[C@@H]4C[C@H](O)CC[C@]4(C)[C@H]3CC[C@]12C,1,train,42
6364,CC(C)(C(=O)[O-])c1ccc([C@H](O)CCC[NH+]2CCC(C(O)(c3ccccc3)c3ccccc3)CC2)cc1,1,val,42
6365,CC(C)(C)NC(=O)C1CC2CCCCC2C[NH+]1CC(O)C(Cc1ccccc1)NC(=O)C(CC(N)=O)NC(=O)c1ccc2ccccc2n1,1,train,42
6366,CC(C)[NH2+]CC(O)COc1ccc(CC(N)=O)cc1,1,train,42
6367,Nc1cccc(C[NH+]2CCC(NC(=O)C(O)(c3ccccc3)C3CCC(F)(F)C3)CC2)[nH+]1,1,test,42
6368,COc1ccc(NS(=O)(=O)c2ccc(N)cc2)nn1,1,train,42
6369,COc1ccc2nc([S+]([O-])Cc3ncc(C)c(OC)c3C)[nH]c2c1,1,train,42
6370,C/C=C/[C@@H](C)[C@@H](O)[C@H]1C(=O)N[C@@H](CC)C(=O)N(C)CC(=O)N(C)[C@@H](CC(C)C)C(=O)N[C@@H](C(C)C)C(=O)N(C)[C@@H](CC(C)C)C(=O)N[C@@H](C)C(=O)N[C@H](C)C(=O)N(C)[C@@H](CC(C)C)C(=O)N(C)[C@@H](CC(C)C)C(=O)N(C)[C@@H](CC(C)C)C(=O)N1C,1,train,42
6371,CCCCCCCCCCCCCCCCCCOCC(COP(=O)([O-])OCC[N+](C)(C)C)OC,1,train,42
6372,CC1NC2C(O)CCCN2C(O)C1CCN1CCC(c2noc3cc(F)ccc23)CC1,1,train,42
6373,O=[N+]([O-])c1[nH]ccc1NCCSCc1ncccc1Br,1,train,42
6374,O=C(NCC[NH+]1CCN(c2cccc3c2OCC(CO)O3)CC1)c1ccc(F)cc1,1,train,42
6375,CC(C)(C)[NH2+]C[C@H](O)COc1cccc2c1CCC(=O)N2,1,train,42
6376,NCCCS(=O)(=O)O,1,train,42
6377,O=c1[nH]cnc2c1ncn2[C@H]1CC[C@@H](CO)O1,1,train,42
6378,CC(C)[NH2+]CC(O)c1ccc(NS(C)(=O)=O)cc1,1,test,42
6379,CN1CN(c2ccccc2)C2(CCN(CCCC(=O)c3ccc([123I])s3)CC2)C1=O,1,train,42
6380,COc1ccc(N2CCCC2=O)cc1C[NH2+]C1CCC[NH2+]C1c1ccccc1,1,train,42
6381,CCC(=O)N[C@@H]1C(=O)NC(=O)NC1=NC[C@H](O)[C@H](O)[C@H](O)CO,1,train,42
6382,O=C(O)c1ccccc1O,1,train,42
6383,C[C@@H](F)OC(=O)c1ncn2c1CN(C)C(=O)c1cc(F)ccc1-2,1,train,42
6384,O=c1c(Br)ccc2n1CC1C[NH2+]CC2C1,1,train,42
6385,Cc1csc(NC(N)N)n1,1,train,42
6386,Cc1csc(NC(=N)N)n1,1,train,42
6387,CS(=O)(=O)CCNCc1ccc(-c2ccc3ncnc(Nc4ccc(OCc5cccc(F)c5)c(Cl)c4)c3c2)o1,1,train,42
6388,C=C[C@H]1C[N@@H+]2CC[C@H]1C[C@@H]2[C@@H](O)c1ccnc2ccc(OC)cc12,1,train,42
6389,C=CC[C@H]([NH3+])c1ccccc1-c1noc2ccccc12,1,train,42
6390,N=[N+]=O,1,train,42
6391,CC[C@@]1(O)C[C@@H]2CN(CCc3c([nH]c4ccccc34)[C@](C(=O)OC)(c3cc4c(cc3OC)N(C)C3[C@]45CCN4CC=C[C@](CC)(C45)[C@@H](OC(C)=O)[C@]3(O)C(=O)OC)C2)C1,1,test,42
6392,COCCOC(=O)C1=C(C)NC(C)=C(C(=O)OC(C)C)C1c1cccc([N+](=O)[O-])c1,1,train,42
6393,C[NH+]1CCCCC1CCN1c2ccccc2Sc2ccc(S(C)(=O)=O)cc21,1,train,42
6394,C[NH+]1[C@@H]2CC(OC(=O)[C@@H](CO)c3ccccc3)C[C@H]1[C@H]1O[C@H]12,1,train,42
6395,Cc1cccc(C)c1Nc1ncc(-c2ccc(OCCN3CCCC3)cc2)n2cncc12,1,train,42
6396,CSc1ccc2c(c1)N(CCC1CCCC[NH+]1C)c1ccccc1S2,1,train,42
6397,ClC(Cl)(Cl)Cl,1,train,42
6398,CCC[NH+]1CC(CSC)CC2c3cccc4[nH]cc(c34)CC21,1,train,42
6399,COc1ccc2c3c1OC1CC(O)C=CC31CC[NH+](C)C2,1,train,42
6400,COc1ccc(-c2nccs2)cc1C[NH2+][C@@H]1CCC[NH2+][C@@H]1c1ccccc1,1,train,42
6401,CC(C)[NH2+]C[C@@H](O)COc1ccc(CCOCC2CC2)cc1,1,train,42
6402,C#CC1(O)CCC2C3C(C)CC4CC(O)CCC4C3CCC21C,1,train,42
6403,CC(C)Oc1ccc(OC(F)(F)F)cc1C[NH2+]C1CCC[NH2+]C1c1ccccc1,1,test,42
6404,CC(C)=CC[N@@H+]1CC[C@@]2(C)c3cc(O)ccc3C[C@@H]1[C@@H]2C,1,train,42
6405,CC1NC(NCC(F)F)=Nc2cccc(Cl)c21,1,train,42
6406,COC(=O)[C@H]1[C@@H](OC(=O)c2ccccc2)C[C@@H]2CC[C@H]1[N@@H+]2C,1,train,42
6407,OC(c1cc(C(F)(F)F)nc2c(C(F)(F)F)cccc12)C1CCCC[NH2+]1,1,val,42
6408,FC(F)Oc1ccc(OC(F)(F)F)cc1C[NH2+]C1CCC[NH2+]C1c1ccccc1,1,train,42
6409,CCC(=O)NC1CCC(CCN2CCN(c3cccc(Cl)c3Cl)CC2)CC1,1,train,42
6410,CC(C)[NH2+]C[C@@H](O)COc1cccc2ccccc12,1,train,42
6411,CC[C@@H](C)[NH+]1CCN(c2ccc(I)cc2)CC1,1,train,42
6412,CC(C)N1CCN(c2ccc(I)cc2)CC1,1,train,42
6413,Cc1c(O)cccc1C(=O)NC(CSc1ccccc1)C(O)C[NH+]1CC2CCCCC2CC1C(=O)NC(C)(C)C,1,train,42
6414,CC=CCC(C)C(O)C1C(=O)NC(CC)C(=O)N(C)CC(=O)N(C)C(CC(C)C)C(=O)NC(C(C)C)C(=O)N(C)C(CC(C)C)C(=O)NC(C)C(=O)NC(C)C(=O)N(C)C(CC(C)C)C(=O)N(C)C(CC(C)C)C(=O)N(C)C(C(C)C)C(=O)N1C,1,train,42
6415,CCC1(O)CC(OC2CC(N(C)C)C(OC3CC(O)C(OC4CCC(=O)C(C)O4)C(C)O3)C(C)O2)c2c(cc3c(c2O)C(=O)c2c(O)cccc2C3=O)C1C(=O)OC,0,train,42
6416,CC1(C)SC2C(NC(=O)CCCC(N)C(=O)O)C(=O)N2C1C(=O)O,0,train,42
6417,CNCC(O)c1ccc(O)c(O)c1,0,train,42
6418,COc1cccc2c1C(=O)c1c(O)c3c(c(O)c1C2=O)CC(O)(C(O)CO)CC3O,0,val,42
6419,CC12CCC(=O)C=C1CCC1C2C2CC3(C(O)O2)C(C(=O)CO)CCC13,0,val,42
6420,C=CCSCC(=O)NC1C(=O)N2C1SC(C)(C)C2C(=O)O,0,train,42
6421,CC1(C)SC2C(NC(=O)C34CC5CC(CC(N)(C5)C3)C4)C(=O)N2C1C(=O)O,0,train,42
6422,N=C(N)NC(=O)c1nc(Cl)c(N)nc1N,0,train,42
6423,CCCCc1oc2ccccc2c1C(=O)c1cc(I)c(OCCN(CC)CC)c(I)c1,0,train,42
6424,CC1C=CC=CC=CC=CC=CC=CC=CC(OC2OC(C)C(O)C(N)C2O)CC2OC(O)(CC(O)C(O)CCC(O)CC(O)CC(O)CC(=O)OC(C)C(C)C1O)CC(O)C2C(=O)O,0,test,42
6425,CC1(C)SC2C(NC(=O)C(NC(=O)c3cnc4cccnc4c3O)c3ccccc3)C(=O)N2C1C(=O)O,0,val,42
6426,CN(C)C1C(O)=C(C(=O)NC(C(=O)O)N2CCN(CCO)CC2)C(=O)C2(O)C(O)=C3C(=O)c4c(O)cccc4C(C)(O)C3CC12,0,test,42
6427,CNC1C(OC2OC(CO)C(N)C(O)C2O)OC2CC(N)C(OC3C(N)CC(N)C(O)C3O)OC2C1O,0,train,42
6428,NCCC(O)C(=O)NC1CC(N)C(OC2OC(CN)CCC2N)C(O)C1OC1OC(CO)C(O)C(N)C1O,0,train,42
6429,CNC(=O)CC(N)C(=O)NC(C(=O)NC1C(=O)N2C1SC(C)(C)C2C(=O)O)c1ccc(O)cc1,0,train,42
6430,COC1C(O)C(N)C(OC2OC(C(C)N)CCC2N)C(O)C1N(C)C(=O)CN,0,train,42
6431,CCC1OC(=O)C(C)C(OC2CC(C)(OC)C(O)C(C)O2)C(C)C(OC2OC(C)CC(N(C)C)C2O)C(C)(O)CC(C)CN(C)C(C)C(O)C1(C)O,0,test,42
6432,CC1C(NC(=O)C(=NOC(C)(C)C(=O)O)c2csc(N)n2)C(=O)N1S(=O)(=O)O,0,train,42
6433,CCOC(=O)OC(C)OC(=O)C1N2C(=O)C(N=CN3CCCCCC3)C2SC1(C)C,0,train,42
6434,NCC1OC(OC2C(N)CC(N)C(OC3OC(CO)C(O)C(N)C3O)C2O)C(N)C(O)C1O,0,test,42
6435,NC(CO)C(=O)NNCc1ccc(O)c(O)c1O,0,val,42
6436,CC(C)COCC(CN(Cc1ccccc1)c1ccccc1)N1CCCC1,0,val,42
6437,CCC1OC(=O)C(C)C(OC2CC(C)(OC)C(O)C(C)O2)C(C)C(OC2OC(C)CC(N(C)C)C2O)C(C)(O)CC(C)C(=O)C(C)C(O)C1C,0,train,42
6438,CC1(C)SC2C(NC(=O)C(C(=O)O)c3ccccc3)C(=O)N2C1C(=O)O,0,val,42
6439,CC(Cc1ccc(O)c(O)c1)(NN)C(=O)O,0,train,42
6440,CC(C)(C)NCC(O)c1ccc(O)c(NC(N)=O)c1,0,train,42
6441,CC1(C)SC2C(NC(=O)C(C(=O)Oc3ccccc3)c3ccccc3)C(=O)N2C1C(=O)O,0,train,42
6442,CC1(C)SC2C(NC(=O)C(C(=O)Oc3ccc4c(c3)CCC4)c3ccccc3)C(=O)N2C1C(=O)O,0,train,42
6443,CC(=O)C1(O)Cc2c(O)c3c(c(O)c2C(OC2CC(N)C(O)C(C)O2)C1)C(=O)c1c(O)cccc1C3=O,0,train,42
6444,NC(=O)OCC1C(NC(=O)C(=NOCC(=O)O)c2csc(N)n2)C(=O)N1S(=O)(=O)O,0,train,42
6445,NC(C(=O)NC1C(=O)N2C(C(=O)O)=C(Cl)CSC12)c1ccccc1,0,train,42
6446,CC1=C(C(=O)O)N2C(=O)C(NC(=O)C(N)c3ccc(O)cc3)C2SC1,0,train,42
6447,Cn1nnnc1SCC1=C(C(=O)O)N2C(=O)C(NC(=O)C(O)c3ccccc3)C2SC1,0,train,42
6448,Cc1nnc(SCC2=C(C(=O)O)N3C(=O)C(NC(=O)C(N)c4ccc(O)cc4)C3SC2)s1,0,train,42
6449,NC(C(=O)NC1C(=O)N2C(C(=O)O)=C(CSc3c[nH]nn3)CSC12)c1ccc(O)cc1,0,val,42
6450,Cn1nnnc1SCC1=C(C(=O)O)N2C(=O)C(NC(=O)CSC(F)(F)F)C2SC1,0,train,42
6451,Cc1nnc(SCC2=C(C(=O)O)N3C(=O)C(NC(=O)Cn4cc(Cl)c(=O)c(Cl)c4)C3SC2)s1,0,train,42
6452,Cc1nnc(SCC2=C(C(=O)O)N3C(=O)C(NC(=O)C(O)c4ccccc4)C3SC2)s1,0,test,42
6453,Cc1nnc(SCC2=C(C(=O)OCc3oc(=O)oc3C)N3C(=O)C(NC(=O)C(OC(=O)C(C)N)c4ccccc4)C3SC2)s1,0,test,42
6454,COCC1=C(C(=O)O)N2C(=O)C(NC(=O)C(=NO)c3csc(N)n3)C2SC1,0,train,42
6455,C=CC1=C(C(=O)O)N2C(=O)C(NC(=O)C(=NO)c3csc(N)n3)C2SC1,0,test,42
6456,CON=C(C(=O)NC1C(=O)N2C(C(=O)O)=C(C=Cc3scnc3C)CSC12)c1csc(N)n1,0,train,42
6457,CON=C(C(=O)NC1C(=O)N2C(C(=O)O)=C(C)CSC12)c1csc(N)n1,0,train,42
6458,O=C(Cc1cccs1)NC1C(=O)N2C(C(=O)O)=C(CSc3nc[nH]n3)CSC12,0,train,42
6459,Cn1nnnc1SCC1=C(C(=O)O)N2C(=O)C(NC(=O)CSC=CC#N)C2SC1,0,train,42
6460,C=CC1=C(C(=O)O)N2C(=O)C(NC(=O)C(=NOCC(=O)O)c3csc(N)n3)C2SC1,0,train,42
6461,CON=C(C(=O)NC1C(=O)N2C(C(=O)O)=C(CSc3nnnn3C)CSC12)c1csc(N)n1,0,train,42
6462,COC1(NC(=O)CSCC#N)C(=O)N2C(C(=O)O)=C(CSc3nnnn3C)CSC21,0,train,42
6463,COC1(NC(=O)CSCC(N)C(=O)O)C(=O)N2C(C(=O)O)=C(CSc3nnnn3C)CSC21,0,val,42
6464,CON=C(C(=O)NC1C(=O)N2C(C(=O)O)=C(CSc3nc(C)c(CC(=O)O)s3)CSC12)c1csc(N)n1,0,train,42
6465,O=C(O)C1=C(CSc2nnnn2CS(=O)(=O)O)CSC2C(NC(=O)C(O)c3ccccc3)C(=O)N12,0,train,42
6466,CCN1CCN(C(=O)NC(C(=O)NC2C(=O)N3C(C(=O)O)=C(CSc4nnnn4C)CSC23)c2ccc(O)cc2)C(=O)C1=O,0,val,42
6467,NCc1ccccc1CC(=O)NC1C(=O)N2C(C(=O)O)=C(CSc3nnnn3CC(=O)O)CSC12,0,train,42
6468,CON=C(C(=O)NC1C(=O)N2C(C(=O)O)=C(COC(C)=O)CSC12)c1csc(N)n1,0,train,42
6469,COC1(NC(=O)C2SC(=C(C(N)=O)C(=O)O)S2)C(=O)N2C(C(=O)O)=C(CSc3nnnn3C)CSC21,0,train,42
6470,CN(C)CCn1nnnc1SCC1=C(C(=O)O)N2C(=O)C(NC(=O)Cc3csc(N)n3)C2SC1,0,train,42
6471,Cc1cc(O)c(C(=O)NC(C(=O)NC2C(=O)N3C(C(=O)O)=C(CSc4nnnn4C)CSC23)c2ccc(O)cc2)cn1,0,train,42
6472,COCC1=C(C(=O)O)N2C(=O)C(NC(=O)C(=NOC)c3csc(N)n3)C2SC1,0,train,42
6473,CC=CC1=C(C(=O)O)N2C(=O)C(NC(=O)C(N)c3ccc(O)cc3)C2SC1,0,train,42
6474,CC1=C(C(=O)O)N2C(=O)C(NC(=O)Cc3ccc(C4=NCCCN4)cc3)C2SC1,0,train,42
6475,COC1=C(C(=O)O)N2C(=O)C(NC(=O)C(N)C3C=CCC=C3)C2SC1,0,test,42
6476,CC1=C(C(=O)O)N2C(=O)C(NC(=O)C(N)c3cccc(NS(C)(=O)=O)c3)C2SC1,0,val,42
6477,CON=C(C(=O)NC1C(=O)N2C(C(=O)O)=C(Cn3nnc(C)n3)CSC12)c1csc(N)n1,0,train,42
6478,O=C(Cn1cnnn1)NC1C(=O)N2C(C(=O)O)=C(CSc3nncs3)CSC12,0,train,42
6479,Nc1nc(C(=CCC(=O)O)C(=O)NC2C(=O)N3C(C(=O)O)=CCSC23)cs1,0,train,42
6480,CON=C(C(=O)NC1C(=O)N2C(C(=O)O)=C(CSC(=O)c3ccco3)CSC12)c1csc(N)n1,0,train,42
6481,CON=C(C(=O)NC1C(=O)N2C(C(=O)O)=C(C=CSc3n[nH]c(=O)c(=O)n3CC=O)CSC12)c1csc(N)n1,0,train,42
6482,CON=C(C(=O)NC1C(=O)N2C(C(=O)O)=C(COC(C)=O)CS(=O)C12)c1csc(N)n1,0,val,42
6483,CON=C(C(=O)NC1C(=O)N2C(C(=O)O)=CCSC12)c1csc(=N)[nH]1,0,val,42
6484,CON=C(C(=O)NC1C(=O)N2C(C(=O)OCOC(=O)C(C)(C)C)=CCSC12)c1csc(NC(=O)C(C)N)n1,0,train,42
6485,CON=C(C(=O)NC1C(=O)N2C(C(=O)O)=C(CSc3nc(=O)c(=O)[nH]n3C)CSC12)c1csc(N)n1,0,train,42
6486,CON=C(C(=O)NC1C(=O)N2C(C(=O)O)=C(COC(C)=O)CSC12)c1ccco1,0,train,42
6487,CON=C(C(=O)NC1C(=O)N2C(C(=O)O)=C(COC(N)=O)CSC12)c1ccco1,0,test,42
6488,CON=C(C(=O)NC1C(=O)N2C(C(=O)OC(C)OC(C)=O)=C(COC(N)=O)CSC12)c1ccco1,0,train,42
6489,CON=C(C(=O)NC1C(=O)N2C(C(=O)OC(C)OC(=O)C(C)(C)OC)=C(COC(N)=O)CSC12)c1ccco1,0,train,42
6490,CON=C(C(=O)NC1C(=O)N2C(C(=O)O)=C(CSc3cnns3)CSC12)c1csc(N)n1,0,train,42
6491,CC(=O)OCC1=C(C(=O)O)N2C(=O)C(NC(=O)CC#N)C2SC1,0,val,42
6492,CC(=O)OCC1=C(C(=O)O)N2C(=O)C(NC(=O)C(N)c3ccccc3)C2SC1,0,val,42
6493,COC1(NC(=O)C2SC(=C(C#N)C(=O)O)S2)C(=O)N2C(C(=O)O)=C(CSc3nnnn3C)CSC21,0,train,42
6494,CC(=O)OCC1=C(C(=O)O)N2C(=O)C(NC(=O)Cc3cccs3)C2SC1,0,train,42
6495,CC(=O)OCC1=C(C(=O)O)N2C(=O)C(NC(=O)CSc3ccncc3)C2SC1,0,train,42
6496,CC1=C(C(=O)O)N2C(=O)C(NC(=O)C(N)C3=CCC=CC3)C2SC1,0,val,42
6497,O=C(O)COCCN1CCN(C(c2ccccc2)c2ccc(Cl)cc2)CC1,0,train,42
6498,CNC(=NC#N)NCCSCc1nc[nH]c1C,0,val,42
6499,CCC1OC(=O)C(C)C(OC2CC(C)(OC)C(O)C(C)O2)C(C)C(OC2OC(C)CC(N(C)C)C2O)C(C)(OC)CC(C)C(=O)C(C)C(O)C1(C)O,0,test,42
6500,CCCC1CC(C(=O)NC(C(C)Cl)C2OC(SC)C(O)C(O)C2O)N(C)C1,0,train,42
6501,CN(C)C1C(O)=C(C(=O)NCO)C(=O)C2(O)C(O)=C3C(=O)c4c(O)ccc(Cl)c4C(C)(O)C3CC12,0,test,42
6502,Cc1onc(-c2ccccc2Cl)c1C(=O)NC1C(=O)N2C1SC(C)(C)C2C(=O)O,0,train,42
6503,CC1(C)SC2C(NC(=O)C3(N)CCCCC3)C(=O)N2C1C(=O)O,0,train,42
6504,Cc1c2oc3c(C)ccc(C(=O)NC4C(=O)NC(C(C)C)C(=O)N5CCCC5C(=O)N(C)CC(=O)N(C)C(C(C)C)C(=O)OC4C)c3nc-2c(C(=O)NC2C(=O)NC(C(C)C)C(=O)N3CCCC3C(=O)N(C)CC(=O)N(C)C(C(C)C)C(=O)OC2C)c(N)c1=O,0,test,42
6505,COc1cccc2c1C(=O)c1c(O)c3c(c(O)c1C2=O)CC(O)(C(C)=O)CC3OC1CC(N)C(O)C(C)O1,0,val,42
6506,CN(C)C1C(O)=C(C(N)=O)C(=O)C2(O)C(O)=C3C(=O)c4c(O)cccc4C(O)C3CC12,0,train,42
6507,CCOC(OCC)C(=O)OCC(=O)C1(O)Cc2c(O)c3c(c(O)c2C(OC2CC(N)C(O)C(C)O2)C1)C(=O)c1c(OC)cccc1C3=O,0,val,42
6508,NCC1CCC(N)C(OC2C(N)CC(N)C(OC3OC(CO)C(O)C(N)C3O)C2O)O1,0,train,42
6509,CC1OC(OC2C(O)CC(OC3C(O)CC(OC4CCC5(C)C(CCC6C5CC(O)C5(C)C(C7=CC(=O)OC7)CCC65O)C4)OC3C)OC2C)CC(O)C1O,0,train,42
6510,CNC1C(OC2C(OC3C(O)C(O)C(NC(=N)N)C(O)C3NC(=N)N)OC(C)C2(O)CO)OC(CO)C(O)C1O,0,train,42
6511,COc1ccc(-c2cc(=O)c3c(O)cc(OC4OC(COC5OC(C)C(O)C(O)C5O)C(O)C(O)C4O)cc3o2)cc1O,0,train,42
6512,CNCC(O)c1ccc(OC(=O)C(C)(C)C)c(OC(=O)C(C)(C)C)c1,0,val,42
6513,CCC(=O)OC1C(C)OC(OC2C(C)C(=O)OC(C)C(C)C(OC(=O)CC)C(C)C(=O)C3(CO3)CC(C)C(OC3OC(C)CC(N(C)C)C3O)C2C)CC1OC,0,train,42
6514,CCC1OC(=O)C(C)C(OC2CC(C)(OC)C(O)C(C)O2)C(C)C(OC2OC(C)CC(N(C)C)C2O)C(C)(O)CC(C)C2NC(COCCOC)OC(C2C)C1(C)O,0,train,42
6515,CC(=O)OC12COC1CC(O)C1(C)C(=O)C(O)C3=C(C)C(OC(=O)C(O)C(NC(=O)OC(C)(C)C)c4ccccc4)CC(O)(C(OC(=O)c4ccccc4)C21)C3(C)C,0,train,42
6516,NCCc1ccc(O)c(O)c1,0,train,42
6517,CC=CC=CC1OC(O)(C(CC)C(=O)NCC=CC=C(C)C(OC)C(C)C2OC(C=CC=CC=C(C)C(=O)c3c(O)ccn(C)c3=O)C(O)C2O)C(O)C(OC2OC(C)C(OC3OC(C)C(OC)C(O)C3OC)C(OC)C2O)C1(C)C,0,train,42
6518,CCn1cc(C(=O)O)c(=O)c2cc(F)c(N3CCNCC3)nc21,0,test,42
6519,COC1CC(OC2C(C)OC(OC3C(C)=CCC4CC(CC5(CCC(C)C(C(C)C)O5)O4)OC(=O)C4C=C(C)C(O)C5OCC(=CC=CC3C)C45O)CC2OC)OC(C)C1O,0,train,42
6520,CCC1OC(=O)C(C)C(OC2CC(C)(OC)C(O)C(C)O2)C(C)C(OC2OC(C)CC(N(C)C)C2O)C(C)(O)CC(C)C(=O)C(C)C(O)C1(C)O,0,test,42
6521,CCOC(=O)OC1C(OC2C(C)C(OC3CC(C)(OC)C(O)C(C)O3)C(C)C(=O)OC(CC)C(C)(O)C(O)C(C)C(=O)C(C)CC2(C)O)OC(C)CC1N(C)C,0,train,42
6522,CCOC(=O)CCC(=O)OC1C(OC2C(C)C(OC3CC(C)(OC)C(O)C(C)O3)C(C)C(=O)OC(CC)C(C)(O)C(O)C(C)C(=O)C(C)CC2(C)O)OC(C)CC1N(C)C,0,train,42
6523,CCC(=O)OC1C(OC2C(C)C(OC3CC(C)(OC)C(O)C(C)O3)C(C)C(=O)OC(CC)C(C)(O)C(O)C(C)C(=O)C(C)CC2(C)O)OC(C)CC1N(C)C,0,train,42
6524,CN(CCN(C)CNC(=O)C1=C(O)C(N(C)C)C2CC3C(=C(O)C2(O)C1=O)C(=O)c1c(O)cccc1C3(C)O)CNC(=O)C1=C(O)C(N(C)C)C2CC3C(=C(O)C2(O)C1=O)C(=O)c1c(O)cccc1C3(C)O,0,train,42
6525,COc1cc(C2c3cc4c(cc3C(OC3OC5COC(C)OC5C(O)C3O)C3COC(=O)C23)OCO4)cc(OC)c1O,0,train,42
6526,CCOC(=O)C1=C(C)NC(C)=C(C(=O)OC)C1c1cccc(Cl)c1Cl,0,train,42
6527,CC1(C)SC2C(NC(=O)C(Oc3ccccc3)c3ccccc3)C(=O)C2C1C(=O)O,0,train,42
6528,CC(C)(Oc1ccc(Cl)cc1)C(=O)NC(C(=O)NC1C(=O)N2C1SC(C)(C)C2C(=O)O)c1ccccc1,0,train,42
6529,COC1(NC(=O)CSC(F)F)C(=O)N2C(C(=O)O)=C(CSc3nnnn3CCO)COC21,0,train,42
6530,CC(O)C1C(=O)N2C(C(=O)O)=C(C3CCCO3)SC12,0,train,42
6531,CC1(C)SC2C(NC(=O)C(N=Cc3ccco3)c3ccc(O)cc3)C(=O)N2C1C(=O)O,0,train,42
6532,CC(C)CC(OC(=O)c1ccco1)C(=O)NC1C(=O)N2C1SC(C)(C)C2C(=O)O,0,train,42
6533,CC(=O)OC1CC2(C)C(CC(O)C3C4(C)CCC(O)C(C)C4CCC32C)C1=C(CCC=C(C)C)C(=O)O,0,train,42
6534,CNC1C(O)C(OC2C(N)CC(N)C(OC3OC(CN)CCC3N)C2O)OCC1(C)O,0,train,42
6535,CON=C(C(=O)NC1C(=O)N(OCC(=O)OCC(=O)OC(C)(C)C)C1C)c1csc(N)n1,0,train,42
6536,CC(C)CC(N)C(=O)NC(CCCN)C(=O)NC(C(=O)NC(CCCN)C(=O)N1CCCC1C(=O)NC(C=O)Cc1ccccc1)C(C)C,0,test,42
6537,CC(C)CC1NC(=O)C(CCCN)NC(=O)C(C(C)C)NC(=O)C2CCCN2C(=O)C(Cc2ccccc2)NC(=O)C(CC(C)C)NC(=O)C(CCCN)NC(=O)C(C(C)C)NC(=O)C2CCCN2C(=O)C(Cc2ccccc2)NC1=O,0,val,42
6538,CCC(NC(=O)C1CCCN1C(=O)C(Cc1ccccc1)NC(=O)C(N)CC(C)C)C(=O)NC(CCCN)C(=O)NC(CC(C)C)C(=O)NC(Cc1ccccc1)C(=O)N1CCCC1C(=O)NC(CC)C(=O)NC(C=O)CCCN,0,train,42
6539,CC12CC(N)C1CN(c1nc3c(cc1F)c(=O)c(C(=O)O)cn3C1CC1)C2,0,test,42
6540,CN(C)C1C(O)=C(C(=O)NCN2CCN(C(=N)NC(=N)N)CC2)C(=O)C2(O)C(O)=C3C(=O)c4c(O)cccc4C(C)(O)C3CC12,0,train,42
6541,CC1(C)SC2C(N3C(=O)C(c4ccccc4)NC3(C)C)C(=O)N2C1C(=O)O,0,train,42
6542,CNC(C)C(O)c1ccc(O)cc1,0,train,42
6543,Cc1cc(=O)oc2cc(O)ccc12,0,train,42
6544,CC(=O)C1(O)Cc2c(O)c3c(c(O)c2C(OC2CC(N)C(O)C(C)O2)C1)C(=O)c1ccccc1C3=O,0,train,42
6545,CC(O)C1C(=O)N2C(C(=O)O)=C(SCCNC=N)CC12,0,train,42
6546,CNC1C(O)C(OC2C(NC(=O)C(O)CN)CC(N)C(OC3OC(CN)C(O)C(O)C3O)C2O)OCC1(C)O,0,train,42
6547,CC(=O)N1CCN(c2ccc(OCC3COC(Cn4ccnc4)(c4ccc(Cl)cc4Cl)O3)cc2)CC1,0,train,42
6548,COC1C(O)CC(=O)OC(C)CC=CC=CC(O)C(C)CC(CC=O)C1OC1OC(C)C(OC2CC(C)(O)C(O)C(C)O2)C(N(C)C)C1O,0,train,42
6549,Cc1oc(=O)oc1COC(=O)C1N2C(=O)C(NC(=O)C(N)c3ccccc3)C2SC1(C)C,0,train,42
6550,CNCCC(O)C1CC(SC2=C(C(=O)O)N3C(=O)C(C(C)O)C3C2C)CN1,0,val,42
6551,COc1cccc2c1C(=O)c1c(O)c3c(c(O)c1C2=O)CC(O)(C(=O)CO)CC3OC1CC(NC(=O)C(N)CC(C)C)C(O)C(C)O1,0,val,42
6552,CCC1OC(=O)C(C)C(OC2CC(C)(OC)C(O)C(C)O2)C(C)C(OC2OC(C)CC(N(C)C)C2O)C(C)(O)CC(C)C(=NOC)C(C)C(O)C1(C)O,0,train,42
6553,CCCC1CC(C(=O)NC(C(C)O)C2OC(SC)C(O)C(O)C2O)N(C)C1,0,train,42
6554,NC(C(=O)NC1C(=O)N2C(C(=O)O)=C(Cl)CCC12)c1ccccc1,0,train,42
6555,CCCCc1nc(Cl)c(CO)n1Cc1ccc(-c2ccccc2-c2nnn[nH]2)cc1,0,train,42
6556,CN(C)C1C(O)=C(C(=O)NCNCCCCC(N)C(=O)O)C(=O)C2(O)C(O)=C3C(=O)c4c(O)cccc4C(C)(O)C3CC12,0,train,42
6557,CC1(C)SC2C(N=CN3CCCCCC3)C(=O)N2C1C(=O)O,0,train,42
6558,C=C1c2c(Cl)ccc(O)c2C(=O)C2=C(O)C3(O)C(=O)C(C(N)=O)=C(O)C(N(C)C)C3C(O)C12,0,train,42
6559,CC(CN(C)C)OC(C)(c1ccccc1)c1ccc(Cl)cc1,0,train,42
6560,CC1OC(OC2CC(O)(C(=O)CO)Cc3c(O)c4c(c(O)c32)C(=O)c2ccccc2C4=O)CC(N)C1O,0,test,42
6561,CC(O)C1C(=O)N2C(C(=O)O)=C(SC3CNC(C(=O)N(C)C)C3)C(C)C12,0,train,42
6562,C=NC(C(=O)NC1C(=O)N2C1SC(C)(C)C2C(=O)O)c1ccccc1,0,train,42
6563,CCN(CC)CCOC(=O)C1N2C(=O)C(NC(=O)c3c(OC)cccc3OC)C2SC1(C)C,0,train,42
6564,CC1(C)SC2C(NC(=O)C(NC(=O)N3CCN(S(C)(=O)=O)C3=O)c3ccccc3)C(=O)N2C1C(=O)O,0,train,42
6565,COCC(=O)OC1(CCN(C)CCCc2nc3ccccc3[nH]2)CCc2cc(F)ccc2C1C(C)C,0,train,42
6566,CCC(=O)OC1CC(=O)OC(C)CC=CC=CC(O)C(C)CC(CC=O)C(OC2OC(C)C(OC3CC(C)(O)C(OC(=O)CC)C(C)O3)C(N(C)C)C2O)C1OC,0,train,42
6567,CCC1NC(=O)C(NC(=O)c2ncccc2O)C(C)OC(=O)C(c2ccccc2)NC(=O)C2CC(=O)CCN2C(=O)C(Cc2ccc(N(C)C)cc2)N(C)C(=O)C2CCCN2C1=O,0,val,42
6568,CCCCCC1CNC(C(=O)NC(C(C)Cl)C2OC(SC)C(O)C(O)C2O)C1,0,test,42
6569,COC12C(COC(N)=O)C3=C(C(=O)C(C)=C(N)C3=O)N1CC1NC12,0,val,42
6570,COC1(NC(=O)C(C(=O)O)c2ccc(O)cc2)C(=O)N2C(C(=O)O)=C(CSc3nnnn3C)COC21,0,train,42
6571,NCC1OC(OC2C(N)CC(N)C(O)C2O)C(N)C(O)C1O,0,train,42
6572,NCC1OC(OC2C(CO)OC(OC3C(O)C(N)CC(N)C3OC3OC(CN)C(O)C(O)C3N)C2O)C(N)C(O)C1O,0,train,42
6573,CCNC1CC(N)C(OC2OC(CN)=CCC2N)C(O)C1OC1OCC(C)(O)C(NC)C1O,0,train,42
6574,COC(=O)C1=C(C)NC(C)=C(C(=O)OCCN(C)Cc2ccccc2)C1c1cccc([N+](=O)[O-])c1,0,train,42
6575,COC(=O)C1=C(C)NC(C)=C(C(=O)OC)C1c1ccccc1[N+](=O)[O-],0,train,42
6576,CN(C)C1C(O)=C(C(N)=O)C(=O)C2(O)C(O)=C3C(=O)c4c(O)ccc([N+](=O)[O-])c4CC3CC12,0,val,42
6577,NCC(O)c1cccc(O)c1,0,train,42
6578,COC1C(OC(N)=O)C(O)C(Oc2ccc3c(O)c(NC(=O)c4ccc(O)c(CC=C(C)C)c4)c(=O)oc3c2C)OC1(C)C,0,train,42
6579,COC1CC(OC2C(C)C(=O)OC(C)C(C)C(O)C(C)C(=O)C3(CO3)CC(C)C(OC3OC(C)CC(N(C)C)C3O)C2C)OC(C)C1O,0,train,42
6580,CON=C(C(=O)NC1C(=O)N(OCC(=O)O)C1C)c1csc(N)n1,0,test,42
6581,CN(C)C1C(O)=C(C(N)=O)C(=O)C2(O)C(O)=C3C(=O)c4c(O)cccc4C(C)(O)C3C(O)C12,0,train,42
6582,CN(C)C1C(O)=C(C(=O)NCN2CCCC(C(=O)O)C2)C(=O)C2(O)C(O)=C3C(=O)c4c(O)cccc4C(C)(O)C3CC12,0,train,42
6583,CC(=O)OCOC(=O)C1N2C(=O)C(NC(=O)Cc3ccccc3)C2SC1(C)C,0,train,42
6584,CC1(C)SC2C(NC(=O)Cc3ccccc3)C(=O)N2C1C(=O)O,0,test,42
6585,CN(C)C1C(O)=C(C(=O)NCNC(C(=O)NC2C(=O)N3C2SC(C)(C)C3C(=O)O)c2ccccc2)C(=O)C2(O)C(O)=C3C(=O)c4c(O)cccc4C(C)(O)C3CC12,0,train,42
6586,CN(C)C1C(O)=C(C(=O)NCN2CCN(CCO)CC2)C(=O)C2(O)C(O)=C3C(=O)c4c(O)cccc4C(C)(O)C3CC12,0,train,42
6587,CCN1CCN(C(=O)NC(C(=O)NC2C(=O)N3C2SC(C)(C)C3C(=O)O)c2ccccc2)C(=O)C1=O,0,train,42
6588,COc1cccc2c1C(=O)c1c(O)c3c(c(O)c1C2=O)CC(O)(C(=O)CO)CC3OC1CC(N)C(OC2CCCCO2)C(C)O1,0,train,42
6589,CC1(C)SC2C(NC(=O)C(NC(=O)CNC(=N)c3ccncc3)c3ccccc3)C(=O)N2C1C(=O)O,0,train,42
6590,CC1(C)SC2C(NC(=O)C(NC(=O)c3ccc(-c4ccc(S(=O)(=O)N(CCO)CCO)cc4)[nH]c3=O)c3ccc(O)cc3)C(=O)N2C1C(=O)O,0,train,42
6591,CC1(C)SC2C(NC(=O)C(NC(=O)Nc3cnc(Nc4ccc(S(N)(=O)=O)cc4)nc3O)c3ccc(O)cc3)C(=O)N2C1C(=O)O,0,train,42
6592,CC(C)(C)C(=O)OCOC(=O)C1N2C(=O)C(NC(=O)C(N)c3ccccc3)C2SC1(C)C,0,train,42
6593,CNCC(O)c1cccc(OC(=O)C(C)(C)C)c1,0,train,42
6594,Cc1cnn(-c2c(Cl)cccc2Cl)c1C(=O)NC1C(=O)N2C1SC(C)(C)C2C(=O)O,0,train,42
6595,NCC1OC(OC2C(N)CC(NC(CO)CO)C(OC3OC(CO)C(O)C(N)C3O)C2O)C(N)C(O)C1O,0,train,42
6596,CC1(C)SC2C(NC(=O)c3nc4ccccc4nc3C(=O)O)C(=O)N2C1C(=O)O,0,train,42
6597,COC1C=COC2(C)Oc3c(C)c(O)c4c(c3C2=O)C2=NC3(CCN(CC(C)C)CC3)NC2=C(NC(=O)C(C)=CC=CC(C)C(O)C(C)C(O)C(C)C(OC(C)=O)C1C)C4=O,0,val,42
6598,CCN(CC)C(C)=NN=Cc1c2c(O)c3c(O)c(C)c4c(c3c1O)C(=O)C(C)(OC=CC(OC)C(C)C(OC(C)=O)C(C)C(O)C(C)C(O)C(C)C=CC=C(C)C(=O)N2)O4,0,train,42
6599,CCN(CC)c1nc2c(s1)c1c(O)c3c(O)c(C)c4c(c32)C(=O)C(C)(OC=CC(OC)C(C)C(OC(C)=O)C(C)C(O)C(C)C(O)C(C)C=CC=C(C)C(=O)N1)O4,0,test,42
6600,CCN(CC)C(=O)COc1cc2c(O)c3c(O)c(C)c4c(c13)C(=O)C(C)(OC=CC(OC)C(C)C(OC(C)=O)C(C)C(O)C(C)C(O)C(C)C=CC=C(C)C(=O)N2)O4,0,train,42
6601,COC1C=COC2(C)Oc3c(C)c(O)c4c(O)c(c(C=NN5CCN(C)CC5)c(O)c4c3C2=O)NC(=O)C(C)=CC=CC(C)C(O)C(C)C(O)C(C)C(OC(C)=O)C1C,0,train,42
6602,COC1C=COC2(C)Oc3c(C)c(O)c4c(O)c(cc(O)c4c3C2=O)NC(=O)C(C)=CC=CC(C)C(O)C(C)C(O)C(C)C(OC(C)=O)C1C,0,train,42
6603,COC1C=COC2(C)Oc3c(C)c(O)c4c(O)c(c(C=NN5CCN(C6CCCC6)CC5)c(O)c4c3C2=O)NC(=O)C(C)=CC=CC(C)C(O)C(C)C(O)C(C)C(OC(C)=O)C1C,0,train,42
6604,COC1C=COC2(C)Oc3c(C)c(O)c4c(O)c(c5c(nc6cc(C)ccn65)c4c3C2=O)NC(=O)C(C)=CC=CC(C)C(O)C(C)C(O)C(C)C(OC(C)=O)C1C,0,train,42
6605,CC(O)C1C(=O)N2C(C(=O)O)=C(COC(N)=O)SC12,0,test,42
6606,CCC1(O)CC(OC2CC(N(C)C)C(OC3CC4OC5CC(=O)C(C)OC5OC4C(C)O3)C(C)O2)c2c(O)c3c(c(O)c2C1OC1CC(N(C)C)C(O)C(C)O1)C(=O)c1cccc(O)c1C3=O,0,train,42
6607,CN(C)C1C(O)=C(C(=O)NCN2CCCC2)C(=O)C2(O)C(O)=C3C(=O)c4c(O)cccc4C(C)(O)C3CC12,0,train,42
6608,CC1(C)SC2C(NC(=O)C(NC(=O)Cc3ccc(C4=NCCCN4)cc3)c3ccccc3)C(=O)N2C1C(=O)O,0,train,42
6609,CCC1OC(=O)C(C)C(OC2CC(C)(OC)C(O)C(C)O2)C(C)C(OC2OC(C)CC(N(C)C)C2O)C(C)(O)CC(C)C(=NOCOCCOC)C(C)C(O)C1(C)O,0,train,42
6610,COCOC(=O)C1N2C(=O)C(N3C(=O)C(c4ccc(O)cc4)NC3(C)C)C2SC1(C)C,0,train,42
6611,COCOC(=O)C1N2C(=O)C(N3C(=O)C(c4ccccc4)NC3(C)C)C2SC1(C)C,0,val,42
6612,CC(=O)OC1C=CC(C)=CCC(O)C=CC(C)=CC(NC(=O)C(C)=O)C2(C)C(=O)OC(C1)C(C)C2=O,0,train,42
6613,CNC1C(O)C(OC2C(N)CC(N)C(OC3OC(CN)=CCC3N)C2O)OCC1(C)O,0,train,42
6614,COC1C(O)CC(=O)OC(C)CC=CC=CC(OC2CCC(N(C)C)C(C)O2)C(C)CC(CC=O)C1OC1OC(C)C(OC2CC(C)(O)C(O)C(C)O2)C(N(C)C)C1O,0,train,42
6615,CNC1C(OC2C(OC3C(O)C(O)C(NC(=N)N)C(O)C3NC(=N)N)OC(C)C2(O)C=O)OC(CO)C(O)C1O,0,train,42
6616,CC1(C)SC2C(NC(=O)C(c3ccccc3)S(=O)(=O)O)C(=O)N2C1C(=O)O,0,train,42
6617,CC(O)C1C(=O)N2C(C(=O)O)=C(F)SC12,0,train,42
6618,CC1(C)SC2C(NC(=O)C(N)c3ccccc3)C(=O)N2C1C(=O)OCOC(=O)C1N2C(=O)CC2S(=O)(=O)C1(C)C,0,train,42
6619,CC1(C)SC2C(NC(=O)C(NS(=O)(=O)O)c3ccccc3)C(=O)N2C1C(=O)O,0,train,42
6620,C=CCC1C=C(C)CC(C)CC(OC)C2OC(O)(C(=O)C(=O)N3CCCCC3C(=O)OC(C(C)=CC3CCC(O)C(OC)C3)C(C)C(O)CC1=O)C(C)CC2OC,0,train,42
6621,CC1(C)SC2C(NC(=O)C(N)c3ccccc3)C(=O)N2C1C(=O)OC1OC(=O)c2ccccc21,0,train,42
6622,CC1(Cn2ccnn2)C(C(=O)O)N2C(=O)CC2S1(=O)=O,0,train,42
6623,COC(=O)C1NC(=O)C2NC(=O)C(NC(=O)C3NC(=O)C4NC(=O)C(NC(=O)C(N)c5ccc(O)c(c5)Oc5cc4cc(O)c5C)C(O)c4ccc(c(Cl)c4)Oc4cc3cc(c4O)Oc3ccc(cc3Cl)C2OC2OC(CO)C(O)C(O)C2NC(C)=O)c2ccc(O)c(c2)-c2c(O)cc(O)cc21,0,train,42
6624,COc1cc(C2c3cc4c(cc3C(OC3OC5COC(c6cccs6)OC5C(O)C3O)C3COC(=O)C23)OCO4)cc(OC)c1OC,0,test,42
6625,Cn1c(=O)c2c(ncn2CCNCC(O)c2ccc(O)c(O)c2)n(C)c1=O,0,train,42
6626,CC1(C)SC2C(NC(=O)CSc3ccccc3)C(=O)N2C1C(=O)O,0,train,42
6627,CC1(C)C(NCC(=NOCC(=O)O)c2csc(N)n2)C(=O)N1OS(=O)(=O)O,0,train,42
6628,CC(C)C(=O)OCc1cccc(OC(=O)C2N3C(=O)C(NC(=O)Cc4ccccc4)C3SC2(C)C)c1,0,train,42
6629,NCC1OC(OC2C(N)CC(N)C(OC3OC(CO)C(O)C(N)C3O)C2O)C(N)CC1O,0,train,42
6630,Cc1ccc(C(=O)c2cc(O)c(O)c([N+](=O)[O-])c2)cc1,0,train,42
6631,COC1CC(OC2C(C)C(=O)OC(C)C(C)C(OC(C)=O)C(C)C(=O)C3(CO3)CC(C)C(OC3OC(C)CC(N(C)C)C3OC(C)=O)C2C)OC(C)C1OC(C)=O,0,val,42
6632,CCCCC1CC(=O)C2(O)OC3C(NC)C(O)C(NC)C(O)C3OC2O1,0,val,42
6633,Cc1ccc(C(C)C)c(OCC2=NCCN2)c1,0,train,42
6634,CC1COC(=O)C(C(C)C)NC(=O)C(C)OC(=O)C(C(C)C)NC(=O)C(C(C)C)OC(=O)C(C(C)C)NC(=O)C(C)OC(=O)C(C(C)C)NC(=O)C(C)COC(=O)C(C(C)C)NC(=O)C(C)OC(=O)C(C(C)C)NC1=O,0,test,42
6635,CNC(CC(C)C)C(=O)NC1C(=O)NC(CC(N)=O)C(=O)NC2C(=O)NC3C(=O)NC(C(=O)NC(C(=O)O)c4cc(O)cc(O)c4-c4cc3ccc4O)C(O)c3ccc(c(Cl)c3)Oc3cc2cc(c3OC2OC(CO)C(O)C(O)C2OC2CC(C)(N)C(O)C(C)O2)Oc2ccc(cc2Cl)C1O,0,train,42
6636,CCC1(O)CC2CN(CCc3c([nH]c4ccccc34)C(C(=O)OC)(c3cc4c(cc3OC)N(C=O)C3C(O)(C(=O)OC)C(OC(C)=O)C5(CC)C=CCN6CCC43C65)C2)C1,0,train,42
6637,CCC1(O)CC2CN(CCc3c([nH]c4ccccc34)C(C(=O)OC)(c3cc4c(cc3OC)N(C)C3C(O)(C(N)=O)C(O)C5(CC)C=CCN6CCC43C65)C2)C1,0,train,42
6638,CC1=CC(O)CC(=O)Cc2nc(co2)C(=O)N2CCC=C2C(=O)OC(C(C)C)C(C)C=CC(=O)NCC=C1,0,train,42
6639,CCC1NC(=O)C(NC(=O)c2ncccc2O)C(C)OC(=O)C(c2ccccc2)NC(=O)C2CC(=O)CCN2C(=O)C(Cc2ccccc2)N(C)C(=O)C2CCCN2C1=O,0,train,42
6640,N#CC(=Cc1ccc(O)cc1)C(C#N)=Cc1ccc(O)cc1,0,train,42
6641,COc1cccc2c1C(=O)c1c(O)c3c(c(O)c1C2=O)CC(O)(C(C)=NNC(=O)c1ccccc1)CC3OC1CC(N)C(O)C(C)O1,0,train,42
6642,CC(C)(C)C(=O)OCOC(=O)C1N2C(=O)C(N=CN3CCCCCC3)C2SC1(C)C,0,train,42
6643,CN(C)C1C(O)=C(C(N)=O)C(=O)C2(O)C(O)=C3C(=O)c4c(ccc(N)c4O)CC3CC12,0,train,42
6644,CC1(C)SC2C(NC(=O)C(N)c3ccc(O)cc3)C(=O)N2C1C(=O)O,0,train,42
6645,CC1(C)SC2C(NC(=O)C(N)c3ccccc3)C(=O)N2C1C(=O)O,0,train,42
6646,CC(=O)C1(N)Cc2c(O)c3c(c(O)c2C(OC2CC(O)C(O)CO2)C1)C(=O)c1ccccc1C3=O,0,train,42
6647,NCCC(O)CNC1CC(N)C(OC2OC(CN)C(O)C(O)C2O)C(O)C1OC1OC(CO)C(O)C(N)C1O,0,test,42
6648,CC1=C(C(=O)OCC(=O)OC(C)(C)C)N2C(=O)C(NC(=O)C(N)c3ccccc3)C2SC1,0,train,42
6649,CC(=O)OCC1=C(C(=O)O)N2C(=O)C(NC(=O)Cc3ccccc3)C2SC1,0,val,42
6650,Cc1nnc(SCC2=C(C(=O)O)N3C(=O)C(NC(=O)Cn4cnnn4)C3SC2)s1,0,val,42
6651,CCC=C(C(=O)NC1C(=O)N2C(C(=O)O)=C(COC(N)=O)CSC12)c1csc(N)n1,0,train,42
6652,CC1=C(C(=O)O)N2C(=O)C(NC(=O)C(N)c3ccc(O)c(Cl)c3)C2SC1,0,train,42
6653,CC(=O)OCC1=C(C(=O)O)N2C(=O)C(NC(=O)c3c(-c4ccccc4Cl)noc3C)C2SC1,0,train,42
6654,COC1(NC(=O)Cc2cccs2)C(=O)N2C(C(=O)O)=C(COC(N)=O)CSC21,0,train,42
6655,CC(=O)C1=C(O)C(N)C2Cc3c(c(O)c4c(O)c(C)ccc4c3C)C(=O)C2(O)C1=O,0,train,42
6656,CN(C)C1C(O)=C(C(N)=O)C(=O)C2(O)C(O)=C3C(=O)c4c(O)ccc(Cl)c4C(C)(O)C3CC12,0,train,42
6657,COC(C(=O)NC1C(=O)N2C1SC(C)(C)C2C(=O)O)c1ccc(Cl)c(Cl)c1,0,train,42
6658,CN(C)C1C(O)=C(C(N)=O)C(=O)C2(O)C(O)=C3C(=O)c4c(O)ccc(Cl)c4C(O)C3CC12,0,val,42
6659,Cc1onc(-c2c(Cl)cccc2Cl)c1C(=O)NC1C(=O)N2C1SC(C)(C)C2C(=O)O,0,train,42
6660,CC1(C)SC2C(NC(=O)C(N)C3=CCC=CC3)C(=O)N2C1C(=O)O,0,train,42
6661,COc1cccc2c1C(=O)c1c(O)c3c(c(O)c1C2=O)CC(O)(C(=O)CO)CC3OC1CC(N)CC(C)O1,0,test,42
6662,CCNCC(O)c1cccc(O)c1,0,train,42
6663,CC(C)c1ccccc1OCC1=NCCN1,0,test,42
6664,Cc1onc(-c2c(F)cccc2Cl)c1C(=O)NC1C(=O)N2C1SC(C)(C)C2C(=O)O,0,train,42
6665,CCC1OC(=O)C(C)C(OC2CC(C)(OC)C(O)C(C)O2)C(C)C(OC2OC(C)CC(N(C)C)C2O)C(C)(O)CC(C)(F)C(=O)C(C)C(O)C1(C)O,0,train,42
6666,CCC1NC(=O)C2CCCN2C(=O)C(Cc2ccccc2)NC(=O)C(CC(C)C)NC(=O)C(CCCN)NC(=O)C(C(C)C)NC(=O)C2CCCN2C(=O)C(Cc2ccccc2)NC(=O)C(CC(C)C)NC(=O)C(CCCN)NC1=O,0,train,42
6667,CC(N)Cc1ccc(O)cc1,0,train,42
6668,CC(C)(Oc1ccccc1)C(=O)NC1C(=O)N2C1SC(C)(C)C2C(=O)O,0,train,42
6669,COC1C(OC(C)=O)CC(=O)OC(C)CC=CC=CC(O)C(C)CC(CC=O)C1OC1OC(C)C(OC2CC(C)(O)C(OC(=O)CC(C)C)C(C)O2)C(N(C)C)C1O,0,train,42
6670,NCC1OC(OC2C(N)CC(N)C(OC3OC(CO)C(O)C(N)C3O)C2O)C(O)C(O)C1O,0,val,42
6671,C=C1c2cccc(O)c2C(=O)C2=C(O)C3(O)C(=O)C(C(N)=O)=C(O)C(N(C)C)C3C(O)C12,0,train,42
6672,CN(Cc1cnc2nc(N)nc(N)c2n1)c1ccc(C(=O)NC(CCC(=O)O)C(=O)O)cc1,0,train,42
6673,CNC(C)C(=O)c1ccc(OC)cc1,0,test,42
6674,CCOc1ccc2ccccc2c1C(=O)NC1C(=O)N2C1SC(C)(C)C2C(=O)O,0,train,42
6675,CCOC(=O)C1=C(C)NC(C)=C(C(=O)OC)C1c1cccc([N+](=O)[O-])c1,0,train,42
6676,CCn1cc(C(=O)O)c(=O)c2cc(F)c(N3CCNCC3)cc21,0,train,42
6677,Cc1onc(-c2ccccc2)c1C(=O)NC1C(=O)N2C1SC(C)(C)C2C(=O)O,0,train,42
6678,CC1(C)SC2C(N3C(=O)C(c4ccc(O)cc4)NC3(C)C)C(=O)N2C1C(=O)O,0,val,42
6679,CC(Oc1ccccc1)C(=O)NC1C(=O)N2C1SC(C)(C)C2C(=O)O,0,train,42
6680,CC1NC(=O)C(NC(=O)c2ncccc2O)C(C)OC(=O)C(c2ccccc2)NC(=O)C2CC(=O)CCN2C(=O)C(Cc2ccc(N(C)C)cc2)N(C)C(=O)C2CCCN2C1=O,0,train,42
6681,CCCNCC(O)COc1ccccc1C(=O)CCc1ccccc1,0,train,42
6682,CCC(Oc1ccccc1)C(=O)NC1C(=O)N2C1SC(C)(C)C2C(=O)O,0,train,42
6683,COC1CCCC2C1=C(C=O)N1C(=O)C(C(C)O)C21,0,train,42
6684,COC1(NC(=O)C(C(=O)O)c2ccsc2)C(=O)N2C(C(=O)O)C(C)(C)SC21,0,train,42
6685,CN(C)C1C(O)=C(C(N)=O)C(=O)C2(O)C(O)=C3C(=O)c4c(O)cccc4C(C)(O)C3CC12,0,train,42
6686,CC(=O)Nc1cccc(-c2csc(N=C(N)N)n2)c1,0,val,42
6687,CC(C)(C(=O)O)c1ccc(C(=O)CCCN2CCC(OC(c3ccccc3)c3ccccc3)CC2)cc1,0,train,42
6688,CC(C)Nc1cccnc1N1CCN(C(=O)c2cc3cc(NS(C)(=O)=O)ccc3[nH]2)CC1,0,train,42
6689,Cc1ccccc1N=C1NCCN1,0,train,42
6690,Cc1ccc(N=C2NCCN2)c(C)c1,0,train,42
6691,Cc1ccc(CC2=CN=C(NCCSCc3ccc(CN(C)C)o3)NC2)cn1,0,train,42
6692,CN1CCN(c2c(F)cc3c(=O)c(C(=O)O)cn4c3c2SCC4)CC1,0,train,42
6693,CN1CCN(c2cc3c(cc2F)c(=O)c(C(=O)O)cn3-c2ccc(F)cc2)CC1,0,val,42
6694,CN1C(C(=O)Nc2ccccn2)=C(O)c2ccccc2S1(=O)=O,0,train,42
6695,Cc1cnc(NC(=O)C2=C(O)c3ccccc3S(=O)(=O)N2C)s1,0,train,42
6696,Cc1cc(NC(=O)C2=C(O)c3ccccc3S(=O)(=O)N2C)no1,0,train,42
6697,C/N=C(/C[N+](=O)[O-])NCCSc1ccc(CN(C)C)o1,0,train,42
6698,COc1ccc2[nH]c(S(=O)Cc3ncc(C)c(OC)c3C)nc2c1,0,train,42
6699,COC(=O)/N=c1\[nH]c2ccc(C(=O)N3CCN(c4ccccn4)CC3)cc2[nH]1,0,train,42
6700,COc1ccc2c(c1)[C@H](CC(=O)O)[C@H](C)N2C(=O)c1ccc(Cl)cc1,0,train,42
6701,CCN/C(=N\C#N)NCCSCc1ncccc1Br,0,train,42
6702,Nc1ccc(C(=O)O)c(O)c1,0,train,42
6703,CN(C)c1cc(-c2n[nH]c(N)n2)ccn1,0,train,42
6704,CN/C(=N\C#N)Nc1cccc(-c2csc(N=C(N)N)n2)c1,0,train,42
6705,NS(=O)(=O)c1cc(C(=O)O)c(NCc2ccco2)cc1Cl,0,train,42
6706,NS(=O)(=O)c1cc2c(cc1Cl)NCNS2(=O)=O,0,train,42
6707,O=C1C(=O)C([C@H]2CC[C@H](c3ccc(Cl)cc3)CC2)=C(O)c2ccccc21,0,train,42
6708,O=C(O)c1cn(C2CC2)c2cc(N3CCNCC3)c(F)cc2c1=O,0,train,42
6709,O=C(O)CCCc1ccc(N(CCCl)CCCl)cc1,0,train,42
6710,O=C(O)CCCCCCCC(=O)O,0,train,42
6711,C=C(CC)C(=O)c1ccc(OCC(=O)O)c(Cl)c1Cl,0,train,42
6712,CN1Cc2c(-c3noc(C(C)(C)O)n3)ncn2-c2cccc(Cl)c2C1=O,0,val,42
6713,NC(CO)(CO)CO,0,train,42
6714,CCc1c(O)c(=O)ccn1CCCCO,0,train,42
6715,Cc1c(O)c(=O)ccn1CCCO,0,test,42
6716,CCc1c(O)c(=O)ccn1CCO,0,train,42
6717,CN1Cc2c(-c3noc(C(C)(O)CO)n3)ncn2-c2cccc(Cl)c2C1=O,0,test,42
6718,O=C1Nc2ccc(Cl)cc2C(C#CC2CC2)(C(F)(F)F)O1,0,train,42
6719,CN/C(C[N+](=O)[O-])=N\CCSCc1ccc(CN(C)C)o1,0,val,42
6720,CN(C)Cc1ccc(CSCCN[C@H]2N=CC=C2[N+](=O)[O-])o1,0,train,42
6721,CCCCC[C@H](O)/C=C/[C@@H]1C(O)CC(=O)[C@H]1CCCCCCC(=O)O,0,train,42
6722,CC12CCC(=O)C=C1CC[C@H]1[C@@H]2CCC2(C)[C@H]1CCC2(C)O,0,train,42
6723,C[C@H]1C[C@H]2[C@@H]3CCC4=CC(=O)C=CC4(C)C3(F)[C@@H](O)CC2(C)C1(O)C(=O)CO,0,val,42
6724,CCCNC(=O)NS(=O)(=O)c1ccc(Cl)cc1,0,train,42
6725,CN(C)[C@@H]1C(=O)C(C(N)=O)=C(O)C2(O)C(=O)C3=C(O)c4c(O)ccc(Cl)c4C(C)(O)[C@H]3C[C@@H]12,0,train,42
6726,NS(=O)(=O)c1cc(C2(O)NC(=O)c3ccccc32)ccc1Cl,0,train,42
6727,CCOC(=O)C(C)(C)Oc1ccc(Cl)cc1,0,train,42
6728,CC(C)(Oc1ccc(Cl)cc1)C(=O)O,0,train,42
6729,Clc1ccccc1C(c1ccccc1)(c1ccccc1)n1ccnc1,0,train,42
6730,O=c1ccc2ccccc2o1,0,val,42
6731,CC(CCC(=O)O)[C@@H]1CC[C@H]2[C@H]3C(=O)C[C@@H]4CC(=O)CCC4(C)[C@H]3CC(=O)C12C,0,train,42
6732,O=c1c(Cc2c(O)oc3ccccc3c2=O)c(O)oc2ccccc12,0,train,42
6733,CCN(CC)CCOC(=O)C1(C2CCCCC2)CCCCC1,0,train,42
6734,CC/C(=C(/CC)c1ccc(O)cc1)c1ccc(O)cc1,0,train,42
6735,C[C@@H]1O[C@@H](O[C@@H]2[C@H](C)O[C@@H](O[C@@H]3[C@H](C)O[C@H](O[C@H]4CCC5(C)[C@@H](CC[C@H]6[C@@H]5CCC5(C)[C@H](C7=CC(=O)OC7)CCC65O)C4)C[C@@H]3O)C[C@@H]2O)C[C@H](O)[C@@H]1O,0,train,42
6736,CC(C[N+](C)(C)C)OC(N)=O,0,train,42
6737,CC[N+](C)(C)Cc1ccccc1Br,0,train,42
6738,C[C@@H]1c2cccc(O)c2C(O)=C2C(=O)C3(O)C(=O)C(C(N)=O)=C(O)[C@@H](N(C)C)[C@H]3[C@@H](O)[C@H]21,0,train,42
6739,CCCCOc1ccc(C(=O)CCN2CCCCC2)cc1,0,train,42
6740,Clc1ccc(CO[C@H](Cn2ccnc2)c2ccc(Cl)cc2Cl)cc1,0,train,42
6741,CC(C)[C@H](NC(=O)[C@H](Cc1ccccc1)NC(=O)CNC(=O)[C@H](C)NC(=O)[C@@H](N)Cc1ccc(O)cc1)C(N)=O,0,train,42
6742,CN[C@@H](C)[C@@H](O)c1ccccc1,0,train,42
6743,C[N+]12CCC(CC1)C(OC(=O)C(O)(c1ccccc1)c1ccccc1)C2,0,train,42
6744,CC12CC[C@@H]3c4ccc(O)cc4CC[C@@H]3[C@@H]1CCC2=O,0,train,42
6745,C#CC1(O)CC[C@H]2[C@H]3CCc4cc(O)ccc4[C@H]3CCC21C,0,train,42
6746,C[C@@H](Cc1ccc(O)cc1)NC[C@@H](O)c1cc(O)cc(O)c1,0,train,42
6747,O=c1[nH]c(=O)n([C@@H]2C[C@H](O)[C@H](CO)O2)cc1F,0,train,42
6748,O=c1[nH]cc(F)c(=O)[nH]1,0,train,42
6749,C[N+]1(C)CCC(OC(=O)C(O)(c2ccccc2)C2CCCC2)C1,0,test,42
6750,O=C(O)c1cc(=O)c2cc(OC[C@H](O)COc3cccc4oc(C(=O)O)cc(=O)c34)ccc2o1,0,test,42
6751,CC(C)[N+]1(C)C2CCC1CC(OC(=O)C(CO)c1ccccc1)C2,0,val,42
6752,NC(N)=N/N=C/c1c(Cl)cccc1Cl,0,train,42
6753,N=C(N)NCCN1CCCCCCC1,0,train,42
6754,NNc1nncc2ccccc12,0,val,42
6755,NS(=O)(=O)c1cc2c(cc1C(F)(F)F)NCNS2(=O)=O,0,test,42
6756,CC(C)NC[C@@H](O)c1ccc(O)c(O)c1,0,train,42
6757,O=c1c(O[C@@H]2O[C@@H](CO)[C@@H](O)[C@H](O)[C@@H]2O)c(-c2ccc(O)c(O)c2)oc2cc(O)cc(O)c12,0,train,42
6758,C[C@@H](CCc1ccccc1)NC[C@@H](O)c1ccc(O)c(C(N)=O)c1,0,train,42
6759,C=C1c2c(Cl)ccc(O)c2C(O)=C2C(=O)C3(O)C(O)=C(C(N)=O)C(=O)[C@@H](N(C)C)[C@H]3[C@@H](O)[C@@H]12,0,train,42
6760,Cc1ccc(Cl)c(Nc2ccccc2C(=O)O)c1Cl,0,train,42
6761,Cc1cccc(Nc2ccccc2C(=O)O)c1C,0,train,42
6762,CC(C)[N+](C)(CCOC(=O)C1c2ccccc2Oc2ccccc21)C(C)C,0,train,42
6763,N[C@@H](Cc1ccc(N(CCCl)CCCl)cc1)C(=O)O,0,train,42
6764,C[N+]1(C)CCCC(OC(=O)C(O)(c2ccccc2)c2ccccc2)C1,0,train,42
6765,C#CC1(O)CC[C@H]2[C@H]3CCc4cc(OC)ccc4[C@H]3CCC21C,0,test,42
6766,CC[N+](C)(CC)CCOC(=O)C1c2ccccc2Oc2ccccc21,0,train,42
6767,CN1[C@@H](CCl)Nc2cc(Cl)c(S(N)(=O)=O)cc2S1(=O)=O,0,train,42
6768,CC(N)(Cc1ccc(O)c(O)c1)C(=O)O,0,train,42
6769,CC(=O)Nc1c(I)c(NC(C)=O)c(I)c(C(=O)O)c1I,0,train,42
6770,CC12CC[C@H]3[C@H](CCC4=CC(=O)CC[C@H]43)[C@@H]1CCC2O,0,train,42
6771,CCOC(=O)C(c1c(O)oc2ccccc2c1=O)c1c(O)oc2ccccc2c1=O,0,train,42
6772,OCc1cccnc1,0,test,42
6773,C#CC1(O)CC[C@H]2[C@H]3CCC4=CC(=O)CC[C@H]4[C@H]3CCC21C,0,test,42
6774,C[C@H](N[C@@H](C)CCc1ccccc1)[C@@H](O)c1ccc(O)cc1,0,train,42
6775,CC12COC(=O)C[C@@H]1CC[C@H]1[C@@H]2CCC2(C)[C@H]1CCC2(C)O,0,train,42
6776,O=C(O)CCc1nc(-c2ccccc2)c(-c2ccccc2)o1,0,train,42
6777,C[C@H]1[C@@H](O)[C@@H](C)/C=C\C=C/C=C\C=C/C=C\C=C/C=C\[C@@H](O[C@H]2O[C@@H](C)[C@@H](O)[C@H](N)[C@@H]2O)C[C@@H]2OC(O)(C[C@@H](O)C[C@H](O)[C@@H](O)CC[C@H](O)C[C@H](O)CC(=O)O[C@H]1C)C[C@H](O)[C@@H]2C(=O)O,0,train,42
6778,CN(C)[C@@H]1C(=O)C(C(N)=O)=C(O)C2(O)C(=O)C3=C(O)c4c(O)cccc4C(C)(O)[C@@H]3[C@H](O)[C@H]12,0,train,42
6779,COc1ccc(Cc2nccc3cc(OC)c(OC)cc23)cc1OC,0,train,42
6780,CN(C)CC[C@@H](c1ccccc1)c1ccccn1,0,train,42
6781,O=C1OC(c2ccc(O)cc2)(c2ccc(O)cc2)c2ccccc21,0,val,42
6782,C[C@@H](COc1ccccc1)N(CCCl)Cc1ccccc1,0,train,42
6783,CC(C)(C)NC[C@H](O)c1ccc(O)c(CO)n1,0,train,42
6784,O=S(=O)(O)CCS,0,train,42
6785,CN1[C@@H](CSCC(F)(F)F)Nc2cc(Cl)c(S(N)(=O)=O)cc2S1(=O)=O,0,train,42
6786,C[C@@H]1O[C@H](O[C@@H]2C=C3CC[C@H]4[C@H](CCC5(C)C(c6ccc(=O)oc6)CCC45O)C3(C)CC2)[C@@H](O)[C@@H](O)[C@@H]1O,0,val,42
6787,COc1ccc(C[C@H](N)C(=O)N[C@H]2[C@H](O)[C@@H](n3cnc4c(N(C)C)ncnc43)O[C@@H]2CO)cc1,0,train,42
6788,CN1Cc2c(-c3noc(C(C)(CO)CO)n3)ncn2-c2cccc(Cl)c2C1=O,0,train,42
6789,CO[C@H]1/C=C/OC2(C)Oc3c(C)c(O)c4c(c3C2=O)C(=O)/C(=C/NN2CCN(C)CC2)C(=C4O)NC(=O)/C(C)=C\C=C\[C@H](C)[C@H](O)[C@H](C)[C@H](O)[C@H](C)[C@H](OC(C)=O)[C@H]1C,0,train,42
6790,CC(=O)S[C@H]1CC2=CC(=O)CCC2(C)[C@H]2CCC3(C)[C@@H](CCC34CCC(=O)O4)[C@@H]12,0,train,42
6791,CC12Cc3c[nH]nc3C[C@@H]1CC[C@H]1[C@@H]2CCC2(C)[C@H]1CCC2(C)O,0,train,42
6792,O=C(O)C1=C/C(=N\Nc2ccc(S(=O)(=O)Nc3ccccn3)cc2)C=CC1=O,0,test,42
6793,CC(C)N1CCN(c2ccc(OC[C@H]3COC(Cn4cncn4)(c4ccc(Cl)cc4Cl)O3)cc2)CC1,0,train,42
6794,CC12CC[C@H]3[C@H](CCC4=CC(=O)C=CC43C)[C@@H]1CCC(=O)O2,0,train,42
6795,CN(C)[C@@H]1C(=O)C(C(N)=O)=C(O)C2(O)C(=O)C3=C(O)c4c(O)cccc4C(C)(O)[C@H]3C[C@@H]12,0,test,42
6796,CC12CCC(=O)C=C1CC[C@@H]1[C@@H]2C(O)CC2(C=O)[C@@H](C(=O)CO)CC[C@@H]12,0,train,42
6797,Nc1nc2nc[nH]c2c(=S)[nH]1,0,train,42
6798,Cc1ccc(S(=O)(=O)NC(=O)NN2CCCCCC2)cc1,0,test,42
6799,Nc1nc(N)c2nc(-c3ccccc3)c(N)nc2n1,0,train,42
6800,NS(=O)(=O)c1cc2c(cc1Cl)N[C@H](C(Cl)Cl)NS2(=O)=O,0,train,42
6801,CC(=O)C[C@@H](c1ccccc1)c1c(O)oc2ccccc2c1=O,0,train,42
6802,COC(=O)[C@H]1[C@H]2C[C@H]3c4[nH]c5ccccc5c4CCN3C[C@H]2CC[C@@H]1O,0,val,42
6803,COc1cccc(CC(=O)N2CCN(C(C)=O)C[C@@H]2CN2CC[C@H](O)C2)c1,0,train,42
6804,CC(C)(C)c1ccc(C(=O)CCCN2CCC(OC(c3ccccc3)c3ccccc3)CC2)cc1,0,train,42
6805,CN(C)[C@@H]1C(=O)C(C(N)=O)=C(O)C2(O)C(=O)C3=C(O)c4c(O)ccc(Cl)c4[C@@H](O)[C@H]3C[C@@H]12,0,train,42
6806,COc1cccc2c1C(=O)c1c(O)c3c(c(O)c1C2=O)CC(O)(C(=O)CO)C[C@@H]3O,0,train,42
6807,CN(C)[C@@H]1C(=O)C(C(N)=O)=C(O)C2(O)C(=O)C3=C(O)c4c(ccc(N)c4O)C[C@@H]3C[C@@H]12,0,train,42
6808,CN(C)[C@@H]1C(=O)C(C(=O)N[C@H](C(=O)O)N2CCN(CCO)CC2)=C(O)C2(O)C(=O)C3=C(O)c4c(O)cccc4C(C)(O)[C@H]3C[C@@H]12,0,train,42
6809,CC1=C(C(=O)O)N2C(=O)C(NC(=O)[C@@H](N)c3ccccc3)[C@@H]2SC1,0,train,42
6810,COCCCC(=O)O[C@H](C)OC(=O)C1=C(COC(N)=O)CS[C@H]2C(NC(=O)/C(=N\OC)c3ccco3)C(=O)N12,0,train,42
6811,CC(=O)OCC1=C(C(=O)O)N2C(=O)C(NC(=O)CCC[C@H](N)C(=O)O)[C@@H]2SC1,0,train,42
6812,C/C(O)=C1\C(=O)[C@@H](N)[C@@H]2Cc3c(c(O)c4c(O)c(C)ccc4c3C)C(=O)C2(O)C1=O,0,train,42
6813,CN(C)[C@@H]1C(=O)C(C(=O)NCO)=C(O)C2(O)C(=O)C3=C(O)c4c(O)ccc(Cl)c4C(C)(O)[C@H]3C[C@@H]12,0,train,42
6814,CN(C)[C@@H]1C(=O)C(C(N)=O)=C(O)C2(O)C(=O)C3=C(O)c4c(O)cccc4[C@@H](O)[C@H]3C[C@@H]12,0,val,42
6815,CC1(C)S[C@H]2C(NC(=O)[C@@H](Oc3ccccc3)c3ccccc3)C(=O)N2[C@H]1C(=O)O,0,train,42
6816,COC1(NC(=O)CSC(F)(F)F)C(=O)N2C(C(=O)O)=C(CSc3nnnn3CCO)CO[C@H]21,0,train,42
6817,CN[C@@H](C)[C@@H]1CC[C@H](N)[C@H](O[C@@H]2[C@H](O)[C@@H](O[C@@H]3OCC(C)(O)[C@@H](NC)[C@@H]3O)[C@@H](N)C[C@@H]2N)O1,0,train,42
6818,Cc1c(F)c(N2CCN[C@@H](C)C2)cc2c1c(=O)c(C(=O)O)cn2C1CC1,0,train,42
6819,CN(C)[C@@H]1C(=O)C(C(=O)NCN2CCN(/C(N)=N/C(=N)N)CC2)=C(O)C2(O)C(=O)C3=C(O)c4c(O)cccc4C(C)(O)[C@H]3C[C@@H]12,0,train,42
6820,C[C@@H](Cc1ccccc1)NO,0,train,42
6821,C=C1c2cccc(O)c2C(O)=C2C(=O)C3(O)C(O)=C(C(N)=O)C(=O)[C@@H](N(C)C)[C@H]3[C@@H](O)[C@@H]12,0,train,42
6822,COc1cccc(OC)c1C(=O)NC1C(=O)N2[C@@H](C(=O)O)C(C)(C)S[C@@H]12,0,train,42
6823,CN(C)[C@@H]1C(=O)C(C(N)=O)=C(O)C2(O)C(=O)C3=C(O)c4c(O)ccc([N+](=O)[O-])c4C[C@@H]3C[C@@H]12,0,train,42
6824,CO[C@H]1[C@@H](OC(N)=O)[C@H](O)[C@@H](Oc2ccc3c(=O)c(NC(=O)c4ccc(O)c(CC=C(C)C)c4)c(O)oc3c2C)OC1(C)C,0,train,42
6825,CN(C)[C@@H]1C(=O)C(C(=O)NCN2CCC[C@H](C(=O)O)C2)=C(O)C2(O)C(=O)C3=C(O)c4c(O)cccc4C(C)(O)[C@H]3C[C@@H]12,0,test,42
6826,CN(C)[C@@H]1C(=O)C(C(=O)NCN[C@H](C(=O)NC2C(=O)N3[C@@H](C(=O)O)C(C)(C)S[C@@H]23)c2ccccc2)=C(O)C2(O)C(=O)C3=C(O)c4c(O)cccc4C(C)(O)[C@H]3C[C@@H]12,0,train,42
6827,CN(C)[C@@H]1C(=O)C(C(=O)NCN2CCN(CCO)CC2)=C(O)C2(O)C(=O)C3=C(O)c4c(O)cccc4C(C)(O)[C@H]3C[C@@H]12,0,train,42
6828,CC1(C)S[C@H]2C(N(C(=N)c3ccncc3)[C@H](C(=O)NC(=O)CN)c3ccccc3)C(=O)N2[C@H]1C(=O)O,0,test,42
6829,C[C@H](O)C1C(=O)N2C(C(=O)O)=C(S[C@H]3CCS(=O)C3)S[C@@H]12,0,test,42
6830,CC1(C)C(NC(=O)/C(=N\OCC(=O)O)c2csc(N)n2)C(=O)N1OS(=O)(=O)O,0,val,42
6831,C[N]C(=C\c1ccc(O)cc1)/C(=C/c1ccc(O)cc1)[N]C,0,train,42
6832,CC1(C(=O)O)CCC2(C)CCC3(C)C(=CC(=O)[C@H]4C5(C)CC[C@H](O)C(C)(C)[C@H]5CCC43C)[C@H]2C1,0,train,42
6833,CCc1cccc2c3c([nH]c12)C(CC)(CC(=O)O)OCC3,0,train,42
6834,O=c1cccc2n1C[C@@H]1CNC[C@@H]2C1,0,train,42
6835,Cc1ccc(Cc2cnc(NCCSCc3ccc(C(C)(C)N)o3)[nH]c2=O)cn1,0,train,42
6836,CCCn1c(=O)c2[nH]c([C@H]3CCC(=O)C3)nc2n(CCC)c1=O,0,test,42
6837,O=C(O)c1ccc(-c2ccccc2)cc1,0,train,42
6838,OCc1nnc2n1-c1ccc(Cl)cc1C(c1ccccc1)=NC2,0,train,42
6839,Cc1nnc2n1-c1ccc(Cl)cc1C(c1ccccc1)=N[C@H]2O,0,train,42
6840,CN(C)Cc1ccc(CSCCNc2nc(=O)c(Cc3ccc4ccccc4c3)c[nH]2)o1,0,train,42
6841,O=C1C(O)=C(C2CCC(c3ccc(Cl)cc3)CC2)C(=O)c2ccccc21,0,train,42
6842,O=C(Cc1ccc(Cl)c(Cl)c1)N1CCc2[nH]cnc2C1CN1CCCC1,0,val,42
6843,CC(C)CC1C(=O)N2CCCC2C2(O)OC(NC(=O)C3C=C4c5cccc6[nH]c(Br)c(c56)CC4N(C)C3)(C(C)C)C(=O)N12,0,train,42
6844,NS(=O)(=O)c1cc2c(cc1Cl)N=CNS2(=O)=O,0,train,42
6845,CC12CCC(=O)C=C1CCC1C2C(O)CC2(C)C(C(=O)CO)CCC12,0,train,42
6846,CC12CCC(=O)C=C1CCC1C2C(O)CC2(C)C1CCC2(O)C(=O)CO,0,train,42
6847,CC(CN1CC(=O)NC(=O)C1)N1CC(=O)NC(=O)C1,0,train,42
6848,O=c1[nH]cnc2c1ncn2C1CCC(CO)O1,0,train,42
6849,CN1CC(C(=O)NC2(C)OC3(O)C4CCCN4C(=O)C(Cc4ccccc4)N3C2=O)CC2c3cccc4[nH]cc(c34)CC21,0,train,42
6850,CN(C(=O)Cc1ccccc1N)C(CN1CCC(O)C1)c1ccccc1,0,train,42
6851,CCOC(=O)C(CCc1ccccc1)NC(C)C(=O)N1CCCC1C(=O)O,0,train,42
6852,CCC(CO)NCCNC(CC)CO,0,train,42
6853,CC(=O)N1CCN(C(=O)Cc2ccc(Cl)c(Cl)c2)C(CN2CCC(O)C2)C1,0,train,42
6854,CC(=O)N1CCN(C(=O)Cc2ccc(C(F)(F)F)cc2)C(CN2CCC(O)C2)C1,0,test,42
6855,CSc1ccc(CC(=O)N2CCN(C(C)=O)CC2CN2CCC(O)C2)cc1,0,train,42
6856,CC(=O)N1CCN(C(=O)Cc2cc(F)cc(F)c2)C(CN2CCC(O)C2)C1,0,train,42
6857,CC(=O)N1CCN(C(=O)Cc2ccccc2)C(CN2CCC(O)C2)C1,0,train,42
6858,CC(=O)N1CCN(C(=O)Cc2ccc([N+](=O)[O-])cc2)C(CN2CCC(O)C2)C1,0,test,42
6859,COc1ccc(CC(=O)N2CCN(C(C)=O)CC2CN2CCC(O)C2)cc1,0,train,42
6860,CC(=O)N1CCN(C(=O)Cc2cccc([N+](=O)[O-])c2)C(CN2CCC(O)C2)C1,0,train,42
6861,CC(=O)N1CCN(C(=O)Cc2ccc(S(C)=O)cc2)C(CN2CCC(O)C2)C1,0,train,42
6862,CC(=O)N1CCN(C(=O)Cc2ccc(S(C)(=O)=O)cc2)C(CN2CCC(O)C2)C1,0,test,42
6863,N=C(N)NCC1COC2(CCCCC2)O1,0,train,42
6864,COc1cccnc1CCCCNc1nc(=O)c(Cc2ccc(C)nc2)c[nH]1,0,train,42
6865,O=C(c1ccccc1)c1ccc2n1CCC2C(=O)O,0,test,42
6866,CCn1cc(C(=O)O)c(=O)c2cc(F)c(N3CCNC(C)C3)c(F)c21,0,test,42
6867,Cc1ccc(Cc2c[nH]c(NCCSCc3ccc(CN(C)C)o3)nc2=O)cn1,0,train,42
6868,OCC(O)C(O)C(O)C(O)CO,0,train,42
6869,CC(N)C(O)c1cccc(O)c1,0,train,42
6870,CC#CC1(O)CCC2C3CCC4=CC(=O)CCC4=C3C(c3ccc(N(C)C)cc3)CC21C,0,test,42
6871,NCC(O)c1ccc(O)c(O)c1,0,test,42
6872,Nc1ccc(N=Nc2ccccc2)c(N)n1,0,train,42
6873,CC1(C)SC2C(NC(=O)COc3ccccc3)C(=O)N2C1C(=O)O,0,train,42
6874,CCC(C)C(=O)OC1CC(O)C=C2C=CC(C)C(CCC(O)CC(O)CC(=O)O)C21,0,train,42
6875,C=C[C@H]1C[N@@]2CC[C@H]1C[C@H]2[C@H](O)c1ccnc2ccc(OC)cc12,0,train,42
6876,CNC(=C[N+](=O)[O-])NCCSCc1ccc(CN(C)C)o1,0,test,42
6877,CC(C)(C)NCC(O)c1ccc(O)c(CO)c1,0,train,42
6878,O=C1NC(=O)C2(CCN(C(=O)Cc3ccc(Cl)c(Cl)c3)C(CN3CCCC3)C2)N1,0,train,42
6879,O=C(Cc1ccc(Cl)c(Cl)c1)N1CCn2ccnc2C1CN1CCC(O)C1,0,train,42
6880,O=C(Cc1ccc(Cl)c(Cl)c1)N1CCN(CCO)CC1CN1CCC(O)C1,0,train,42
6881,O=C(Cc1ccc(Cl)c(Cl)c1)N1CCc2[nH]cnc2C1CN1CCC(O)C1,0,train,42
6882,CCC(NC(=O)c1c(OCC(=O)O)c(-c2ccccc2)nc2ccccc12)c1ccccc1,0,train,42
6883,CCC(NC(=O)c1c(OCCCC(=O)O)c(-c2ccccc2)nc2ccccc12)c1ccccc1,0,val,42
6884,CCC(NC(=O)c1c(OCCNC(=O)Cc2ccccc2C(=O)O)c(-c2ccccc2)nc2ccccc12)c1ccccc1,0,train,42
6885,CCC(NC(=O)c1c(OCCNC(=O)Cc2ccccn2)c(-c2ccccc2)nc2ccccc12)c1ccccc1,0,val,42
6886,CCC(NC(=O)c1c(OCCNC(=O)C2CCCN2)c(-c2ccccc2)nc2ccccc12)c1ccccc1,0,train,42
6887,CCC(NC(=O)c1c(Cn2ccnc2)c(-c2ccccc2)nc2ccccc12)c1ccccc1,0,train,42
6888,CC1CN(c2c(F)c(N)c3c(=O)c(C(=O)O)cn(C4CC4)c3c2F)CC(C)N1,0,train,42
6889,Cc1ccc(Cc2c[nH]c(NCCCCc3ncc(Br)cc3C)nc2=O)cn1,0,train,42
6890,CN1C(C(=O)Nc2ccccn2)=C(O)c2sccc2S1(=O)=O,0,test,42
6891,CCNC(=NC#N)NCCSCc1ncccc1Br,0,train,42
6892,CN(C)c1cc(-c2nc(N)n[nH]2)ccn1,0,train,42
6893,CNC(=NC#N)Nc1cccc(-c2csc(N=C(N)N)n2)c1,0,train,42
6894,CN(C)Cc1ccc(CSCCNC2N=CC=C2[N+](=O)[O-])o1,0,train,42
6895,O=c1ncnc2[nH][nH]cc1-2,0,train,42
6896,CCCCC[C@H](O)/C=C/[C@H]1[C@H](O)CC(=O)[C@@H]1CCCCCCC(=O)O,0,train,42
6897,Cn1c(=O)c2[nH]cnc2n(C)c1=O.Cn1c(=O)c2[nH]cnc2n(C)c1=O.NCCN,0,train,42
6898,CC1(C)S[C@@H]2[C@H](NC(=O)[C@H](N)c3ccc(O)cc3)C(=O)N2[C@H]1C(=O)O,0,train,42
6899,CC1(C)S[C@@H]2[C@H](NC(=O)[C@H](N)c3ccccc3)C(=O)N2[C@H]1C(=O)O,0,train,42
6900,C[C@]12CCC(=O)C=C1CC[C@@H]1[C@@H]2CC[C@@]2(C)[C@H]1CC[C@]2(C)O,0,train,42
6901,COc1cc([C@@H]2c3cc4c(cc3[C@@H](O[C@@H]3O[C@@H]5CO[C@@H](C)O[C@H]5[C@H](O)[C@H]3O)C3COC(=O)[C@@H]32)OCO4)cc(OC)c1O,0,val,42
6902,CCOc1ccc2ccccc2c1C(=O)N[C@@H]1C(=O)N2[C@@H]1SC(C)(C)[C@@H]2C(=O)[O-],0,val,42
6903,Cc1c(O)cccc1C(=O)N[C@@H](CSc1ccccc1)[C@H](O)CN1C[C@H]2CCCC[C@H]2C[C@H]1C(=O)NC(C)(C)C,0,test,42
6904,CN(C)[C@@H]1C(=O)/C(=C(\N)O)C(=O)[C@@]2(O)C(=O)C3=C(O)c4c(O)ccc(Cl)c4[C@@](C)(O)[C@H]3C[C@@H]12.[H+],0,train,42
6905,C[C@H]1C[C@H]2[C@@H]3CCC4=CC(=O)C=C[C@]4(C)[C@@]3(F)[C@@H](O)C[C@]2(C)[C@@]1(O)C(=O)CO,0,train,42
6906,CC1(C)S[C@@H]2[C@H](NC(=O)C(C(=O)O)c3ccccc3)C(=O)N2[C@H]1C(=O)O,0,train,42
6907,C[C@@](Cc1ccc(O)c(O)c1)(NN)C(=O)O,0,train,42
6908,Cc1nnc(SCC2=C(C(=O)[O-])N3C(=O)[C@@H](NC(=O)Cn4cnnn4)[C@H]3SC2)s1,0,val,42
6909,CC(=O)OCC1=C(C(=O)O)N2C(=O)[C@@H](NC(=O)CSc3ccncc3)[C@H]2SC1,0,train,42
6910,Cc1onc(-c2ccccc2)c1C(=O)N[C@@H]1C(=O)N2[C@@H]1SC(C)(C)[C@@H]2C(=O)O,0,train,42
6911,CC1(C)S[C@@H]2[C@H](NC(=O)COc3ccccc3)C(=O)N2[C@H]1C(=O)[O-],0,train,42
6912,NS(=O)(=O)c1cc2c(cc1Cl)NC=NS2(=O)=O,0,train,42
6913,CN(C)[C@@H]1C(=O)/C(=C(\N)O)C(=O)[C@@]2(O)C(=O)C3=C(O)c4c(O)ccc(Cl)c4[C@@](C)(O)[C@H]3C[C@@H]12,0,train,42
6914,C[C@]12C[C@H](O)[C@H]3[C@@H](CCC4=CC(=O)CC[C@@]43C)[C@@H]1CC[C@@H]2C(=O)CO,0,train,42
6915,C[C@]12CCC(=O)C=C1CC[C@@H]1[C@@H]2C(=O)C[C@@]2(C)[C@H]1CC[C@]2(O)C(=O)CO,0,test,42
6916,CC[C@H](C)C(=O)O[C@H]1C[C@H](O)C=C2C=C[C@H](C)[C@H](CC[C@@H](O)C[C@@H](O)CC(=O)O)[C@H]21,0,train,42
6917,C[C@H](CCC(=O)O)[C@H]1CC[C@H]2[C@@H]3C(=O)C[C@@H]4CC(=O)CC[C@]4(C)[C@H]3CC(=O)[C@]12C,0,train,42
6918,C[C@H]1O[C@@H](O[C@H]2[C@@H](O)C[C@H](O[C@H]3[C@@H](O)C[C@H](O[C@H]4CC[C@@]5(C)[C@H](CC[C@@H]6[C@@H]5CC[C@]5(C)[C@H](C7=CC(=O)OC7)CC[C@]65O)C4)O[C@@H]3C)O[C@@H]2C)C[C@H](O)[C@@H]1O,0,train,42
6919,C[C@H]1O[C@@H](O[C@H]2[C@@H](O)C[C@H](O[C@H]3[C@@H](O)C[C@H](O[C@H]4CC[C@@]5(C)[C@H](CC[C@@H]6[C@@H]5C[C@@H](O)[C@]5(C)[C@@H](C7=CC(=O)OC7)CC[C@]65O)C4)O[C@@H]3C)O[C@@H]2C)C[C@H](O)[C@@H]1O,0,train,42
6920,CC[C@H]1OC(=O)[C@H](C)[C@@H](O[C@H]2C[C@@](C)(OC)[C@@H](O)[C@H](C)O2)C(C)[C@@H](O[C@@H]2O[C@H](C)C[C@H](N(C)C)[C@H]2O)[C@](C)(O)C[C@@H](C)CN(C)[C@H](C)[C@@H](O)[C@]1(C)O,0,val,42
6921,CCC(C)C(N)C1=NC(C(=O)N[C@@H](CC(C)C)C(=O)N[C@H](CCC(=O)O)C(=O)N[C@H](C(=O)NCCCC[C@@H]2NC(=O)[C@H](CC(N)=O)NC(=O)[C@@H](CC(=O)O)NC(=O)[C@H](Cc3cnc[nH]3)NC(=O)[C@@H](Cc3ccccc3)NC(=O)[C@H]([C@@H](C)CC)NC(=O)[C@@H](CCCN)NC2=O)[C@@H](C)CC)CS1,0,train,42
6922,CC(C)C[C@H]1C(=O)N2CCC[C@H]2[C@]2(O)O[C@](NC(=O)[C@@H]3C=C4c5cccc6[nH]c(Br)c(c56)C[C@H]4N(C)C3)(C(C)C)C(=O)N12,0,train,42
6923,C[C@H]1c2cccc(O)c2C(O)=C2C(=O)[C@]3(O)C(=O)/C(=C(/N)O)C(=O)[C@@H](N(C)C)[C@@H]3[C@@H](O)[C@@H]21,0,test,42
6924,Clc1ccc(COC(Cn2ccnc2)c2ccc(Cl)cc2Cl)cc1,0,train,42
6925,CC(C)[C@H](NC(=O)[C@H](Cc1ccccc1)NC(=O)CNC(=O)[C@@H](C)NC(=O)[C@@H](N)Cc1ccc(O)cc1)C(N)=O,0,val,42
6926,CN[C@@H](C)[C@H](O)c1ccccc1,0,val,42
6927,CNC[C@H](O)c1ccc(O)c(O)c1,0,test,42
6928,CC[C@H]1OC(=O)[C@H](C)[C@@H](O[C@H]2C[C@@](C)(OC)[C@@H](O)[C@H](C)O2)[C@H](C)[C@@H](O[C@@H]2O[C@H](C)C[C@H](N(C)C)[C@H]2O)[C@](C)(O)C[C@@H](C)C(=O)[C@H](C)[C@@H](O)[C@]1(C)O,0,train,42
6929,CC1=C(C(=O)O)N2C(=O)[C@@H](NC(=O)[C@H](N)C3=CCC=CC3)[C@H]2SC1,0,train,42
6930,C[C@]12CC[C@@H]3c4ccc(O)cc4CC[C@H]3[C@@H]1CCC2=O,0,train,42
6931,C#C[C@]1(O)CC[C@H]2[C@@H]3CCc4cc(O)ccc4[C@H]3CC[C@@]21C,0,train,42
6932,CC(Cc1ccc(O)cc1)NCC(O)c1cc(O)cc(O)c1,0,train,42
6933,O=c1[nH]c(=O)n([C@H]2C[C@H](O)[C@@H](CO)O2)cc1F,0,val,42
6934,Cc1onc(-c2c(F)cccc2Cl)c1C(=O)N[C@@H]1C(=O)N2[C@@H]1SC(C)(C)[C@@H]2C(=O)O,0,train,42
6935,Nc1nc(=O)c2ncn(COC(CO)CO)c2[nH]1,0,train,42
6936,COc1cc2c(c(OC)c1OC)-c1ccc(OC)c(=O)cc1[C@@H](NC(C)=O)CC2,0,train,42
6937,O=C(O)c1cc(=O)c2cc(OCC(O)COc3cccc4oc(C(=O)O)cc(=O)c34)ccc2o1,0,train,42
6938,NC(N)=NCCN1CCCCCCC1,0,train,42
6939,CN1Cc2c(-c3noc([C@](C)(O)CO)n3)ncn2-c2cccc(Cl)c2C1=O,0,train,42
6940,C[C@H](N)[C@H](O)c1cccc(O)c1,0,test,42
6941,CC(C)NCC(O)c1ccc(O)c(O)c1,0,train,42
6942,O=c1c(O[C@@H]2O[C@H](CO)[C@@H](O)[C@H](O)[C@H]2O)c(-c2ccc(O)c(O)c2)oc2cc(O)cc(O)c12,0,train,42
6943,CC(CCc1ccccc1)NCC(O)c1ccc(O)c(C(N)=O)c1,0,train,42
6944,C=C1c2c(Cl)ccc(O)c2C(O)=C2C(=O)C3(O)C(=O)/C(=C(/N)O)C(=O)C(N(C)C)C3C(O)C12,0,train,42
6945,CN=C(NC#N)NCCSCc1nc[nH]c1C,0,train,42
6946,O=c1nc[nH]c2c1ncn2[C@H]1CC[C@@H](CO)O1,0,test,42
6947,CC#C[C@]1(O)CC[C@H]2[C@@H]3CCC4=CC(=O)CCC4=C3[C@@H](c3ccc(N(C)C)cc3)C[C@@]21C,0,train,42
6948,C=C[C@H]1CN2CC[C@@H]1C[C@H]2[C@H](O)c1ccnc2ccc(OC)cc12,0,val,42
6949,C#C[C@]1(O)CC[C@H]2[C@@H]3CCc4cc(OC)ccc4[C@H]3CC[C@@]21C,0,train,42
6950,CN(Cc1cnc2nc(N)nc(N)c2n1)c1ccc(C(=O)N[C@@H](CCC(=O)O)C(=O)O)cc1,0,val,42
6951,CN1C(CCl)Nc2cc(Cl)c(S(N)(=O)=O)cc2S1(=O)=O,0,train,42
6952,C[C@](N)(Cc1ccc(O)c(O)c1)C(=O)O,0,train,42
6953,COc1cccnc1CCCCNc1ncc(Cc2ccc(C)nc2)c(=O)[nH]1.[H+].[H+].[H+],0,train,42
6954,CC(C)c1nc(CN(C)C(=O)N[C@H](C(=O)N[C@@H](Cc2ccccc2)C[C@H](O)[C@H](Cc2ccccc2)NC(=O)OCc2cncs2)C(C)C)cs1,0,train,42
6955,CC(=O)Nc1c(I)c(NC(C)=O)c(I)c(C(=O)[O-])c1I,0,train,42
6956,CN[C@@H]1[C@H](O[C@H]2[C@H](O[C@H]3[C@H](O)[C@@H](O)[C@H](N=C(N)N)[C@@H](O)[C@@H]3N=C(N)N)O[C@@H](C)[C@]2(O)C=O)O[C@@H](CO)[C@H](O)[C@H]1O,0,train,42
6957,C[C@]12CC[C@H]3[C@@H](CCC4=CC(=O)CC[C@@H]43)[C@@H]1CC[C@@H]2O,0,train,42
6958,C#C[C@]1(O)CC[C@H]2[C@@H]3CCC4=CC(=O)CC[C@@H]4[C@H]3CC[C@@]21C,0,test,42
6959,CC(CCc1ccccc1)NC(C)C(O)c1ccc(O)cc1,0,train,42
6960,C[C@]12COC(=O)C[C@@H]1CC[C@@H]1[C@@H]2CC[C@@]2(C)[C@H]1CC[C@]2(C)O,0,train,42
6961,CN/C(=C\[N+](=O)[O-])NCCSCc1ccc(CN(C)C)o1,0,train,42
6962,C[C@@H]1[C@H](O)[C@@H](C)/C=C\C=C/C=C\C=C/C=C\C=C/C=C\[C@H](O[C@@H]2O[C@H](C)[C@@H](O)[C@H](N)[C@@H]2O)C[C@@H]2O[C@](O)(C[C@@H](O)C[C@@H](O)[C@H](O)CC[C@@H](O)C[C@@H](O)CC(=O)O[C@H]1C)C[C@H](O)[C@H]2C(=O)O,0,train,42
6963,CN(C)[C@@H]1C(=O)/C(=C(\N)O)C(=O)[C@@]2(O)C(=O)C3=C(O)c4c(O)cccc4[C@@](C)(O)[C@H]3[C@H](O)[C@@H]12,0,train,42
6964,CC1(C)S[C@@H]2[C@H](NC(=O)Cc3ccccc3)C(=O)N2[C@H]1C(=O)O,0,train,42
6965,CN(C)CCC(c1ccccc1)c1ccccn1,0,train,42
6966,CC(COc1ccccc1)N(CCCl)Cc1ccccc1,0,train,42
6967,CC(C)(C)NCC(O)c1ccc(O)c(CO)n1,0,test,42
6968,Cc1ccc(Cc2cnc(NCCCCc3ncc(Br)cc3C)[nH]c2=O)cn1,0,val,42
6969,NC(N)=NCC1COC2(CCCCC2)O1,0,test,42
6970,O=S(=O)([O-])CCS,0,train,42
6971,CN(N=O)C(=O)N[C@@H]1[C@@H](O)[C@H](O)[C@@H](CO)O[C@@H]1O,0,train,42
6972,CN[C@H](CC(C)C)C(=O)NC1C(=O)N[C@@H](CC(N)=O)C(=O)N[C@H]2C(=O)N[C@H]3C(=O)N[C@H](C(=O)N[C@@H](C(=O)O)c4cc(O)cc(O)c4-c4cc3ccc4O)[C@H](O)c3ccc(c(Cl)c3)Oc3cc2cc(c3O[C@@H]2O[C@H](CO)[C@@H](O)[C@H](O)[C@H]2O[C@H]2C[C@](C)(N)[C@H](O)[C@H](C)O2)Oc2ccc(cc2Cl)[C@H]1O,0,train,42
6973,CN1C(CSCC(F)(F)F)Nc2cc(Cl)c(S(N)(=O)=O)cc2S1(=O)=O,0,test,42
6974,C[C@]12C=CC(=O)C=C1CC[C@@H]1[C@@H]2C(=O)C[C@@]2(C)[C@H]1CC[C@]2(O)C(=O)CO,0,train,42
6975,CC1OC(O[C@@H]2C=C3CC[C@@H]4[C@H](CC[C@]5(C)[C@@H](c6ccc(=O)oc6)CC[C@]45O)[C@@]3(C)CC2)C(O)C(O)C1O,0,train,42
6976,COc1ccc(C[C@H](N)C(=O)NC2[C@@H](O)[C@H](n3cnc4c(N(C)C)ncnc43)O[C@@H]2CO)cc1,0,train,42
6977,COC1C=COC2(C)Oc3c(C)c(O)c4c(c3C2=O)C(=O)C(=CNN2CCN(C)CC2)C(=C4O)NC(=O)C(C)=CC=CC(C)C(O)C(C)C(O)C(C)C(OC(C)=O)C1C,0,train,42
6978,CN1[C@@H]2CC(OC(=O)[C@H](CO)c3ccccc3)C[C@H]1[C@@H]1O[C@@H]12,0,val,42
6979,CC(=O)S[C@@H]1CC2=CC(=O)CC[C@]2(C)[C@H]2CC[C@@]3(C)[C@@H](CC[C@@]34CCC(=O)O4)[C@H]12,0,train,42
6980,C[C@]12Cc3cn[nH]c3C[C@@H]1CC[C@@H]1[C@@H]2CC[C@@]2(C)[C@H]1CC[C@]2(C)O,0,train,42
6981,CC(C)N1CCN(c2ccc(OC[C@H]3CO[C@](Cn4cncn4)(c4ccc(Cl)cc4Cl)O3)cc2)CC1,0,train,42
6982,C[C@]12C=CC(=O)C=C1CC[C@@H]1[C@@H]2CC[C@]2(C)OC(=O)CC[C@@H]12,0,val,42
6983,CN(C)[C@@H]1C(=O)/C(=C(\N)O)C(=O)[C@@]2(O)C(=O)C3=C(O)c4c(O)cccc4[C@@](C)(O)[C@H]3C[C@@H]12,0,test,42
6984,C[C@]12CCC(=O)C=C1CC[C@@H]1[C@@H]2[C@@H](O)C[C@]2(C=O)[C@@H](C(=O)CO)CC[C@@H]12,0,test,42
6985,Nc1nc(=S)c2[nH]cnc2[nH]1,0,train,42
6986,C[C@]12C=CC(=O)C=C1CC[C@H]1[C@@H]3C[C@@H](O)[C@](O)(C(=O)CO)[C@@]3(C)C[C@H](O)[C@@]12F,0,train,42
6987,NS(=O)(=O)c1cc2c(cc1Cl)NC(C(Cl)Cl)NS2(=O)=O,0,train,42
6988,CC(C)C1NC(=O)[C@@H](C(C)C)OC(=O)[C@H](C(C)C)NC(=O)[C@H](C)OC(=O)[C@@H](C(C)C)NC(=O)[C@@H](C(C)C)OC(=O)[C@H](C(C)C)NC(=O)[C@H](C)OC(=O)[C@@H](C(C)C)NC(=O)[C@@H](C(C)C)OC(=O)[C@H](C(C)C)NC(=O)[C@H](C)OC1=O,0,train,42
6989,CC(=O)CC(c1ccccc1)c1c(O)oc2ccccc2c1=O,0,train,42
6990,O=C(Cc1ccc(Cl)c(Cl)c1)N1CCc2[nH]cnc2[C@H]1CN1CCCC1,0,train,42
6991,COC(=O)[C@@H]1[C@H]2C[C@H]3c4[nH]c5ccccc5c4CCN3C[C@@H]2CC[C@@H]1O,0,test,42
6992,CN(C(=O)Cc1ccccc1N)[C@@H](CN1CC[C@@H](O)C1)c1ccccc1,0,train,42
6993,CC(=O)N1CCN(C(=O)Cc2ccc(Cl)c(Cl)c2)[C@@H](CN2CC[C@@H](O)C2)C1,0,train,42
6994,CC(=O)N1CCN(C(=O)Cc2ccc(C(F)(F)F)cc2)[C@@H](CN2CC[C@@H](O)C2)C1,0,train,42
6995,CSc1ccc(CC(=O)N2CCN(C(C)=O)C[C@@H]2CN2CC[C@@H](O)C2)cc1,0,train,42
6996,CC(=O)N1CCN(C(=O)Cc2cc(F)cc(F)c2)[C@@H](CN2CC[C@@H](O)C2)C1,0,train,42
6997,COc1cccc(CC(=O)N2CCN(C(C)=O)C[C@@H]2CN2CC[C@@H](O)C2)c1,0,val,42
6998,CC(=O)N1CCN(C(=O)Cc2ccc([N+](=O)[O-])cc2)[C@@H](CN2CC[C@H](O)C2)C1,0,val,42
6999,COc1ccc(CC(=O)N2CCN(C(C)=O)C[C@@H]2CN2CC[C@@H](O)C2)cc1,0,train,42
7000,CC(=O)N1CCN(C(=O)Cc2cccc([N+](=O)[O-])c2)[C@@H](CN2CC[C@H](O)C2)C1,0,train,42
7001,CC(=O)N1CCN(C(=O)Cc2ccccc2)[C@@H](CN2CC[C@@H](O)C2)C1,0,train,42
7002,CC(=O)N1CCN(C(=O)Cc2ccc([S@@](C)=O)cc2)[C@@H](CN2CC[C@H](O)C2)C1,0,train,42
7003,CC(=O)N1CCN(C(=O)Cc2ccc(S(C)(=O)=O)cc2)[C@@H](CN2CC[C@H](O)C2)C1,0,train,42
7004,Cc1cc(N/C(O)=C2\C(=O)c3ccccc3S(=O)(=O)N2C)no1,0,train,42
7005,Cc1cnc(N/C(O)=C2/C(=O)c3ccccc3S(=O)(=O)N2C)s1,0,train,42
7006,CN1/C(=C(/O)Nc2ccccn2)C(=O)c2ccccc2S1(=O)=O,0,train,42
7007,O=C1NC(=O)[C@@]2(CCN(C(=O)Cc3ccc(Cl)c(Cl)c3)[C@@H](CN3CCCC3)C2)N1,0,train,42
7008,O=C(Cc1ccc(Cl)c(Cl)c1)N1CCN(CCO)C[C@@H]1CN1CC[C@@H](O)C1,0,train,42
7009,O=C(Cc1ccc(Cl)c(Cl)c1)N1CCc2[nH]cnc2[C@H]1CN1CC[C@@H](O)C1,0,train,42
7010,CC[C@H](NC(=O)c1c(OCC(=O)O)c(-c2ccccc2)nc2ccccc12)c1ccccc1,0,train,42
7011,CC[C@H](NC(=O)c1c(OCCNC(=O)Cc2ccccc2C(=O)O)c(-c2ccccc2)nc2ccccc12)c1ccccc1,0,train,42
7012,CC[C@H](NC(=O)c1c(OCCNC(=O)Cc2ccccn2)c(-c2ccccc2)nc2ccccc12)c1ccccc1,0,train,42
7013,CC[C@H](NC(=O)c1c(OCCNC(=O)[C@@H]2CCCN2)c(-c2ccccc2)nc2ccccc12)c1ccccc1,0,train,42
7014,CC[C@H](NC(=O)c1c(Cn2ccnc2)c(-c2ccccc2)nc2ccccc12)c1ccccc1,0,train,42
7015,CN1/C(=C(\O)Nc2ccccn2)C(=O)c2sccc2S1(=O)=O,0,train,42
7016,Cc1ccc(CC2=CNC(NCCSCc3ccc(CN(C)C)o3)=NC2)cn1,0,train,42
7017,COc1cccc2c1C(=O)c1c(O)c3c(c(O)c1C2=O)C[C@@](O)(C(C)=O)C[C@@H]3O[C@H]1C[C@H](N)[C@H](O)[C@H](C)O1,0,test,42
7018,CN(C)[C@@H]1C(=O)/C(=C(\N)O)C(=O)[C@@]2(O)C(=O)C3=C(O)c4c(O)ccc(Cl)c4[C@@H](O)[C@H]3C[C@@H]12,0,test,42
7019,C[C@@H](CN1CC(=O)NC(=O)C1)N1CC(=O)NC(=O)C1,0,train,42
7020,CN1C[C@H](C(=O)N[C@]2(C)O[C@@]3(O)[C@@H]4CCCN4C(=O)[C@H](Cc4ccccc4)N3C2=O)C[C@@H]2c3cccc4[nH]cc(c34)C[C@H]21,0,train,42
7021,O=C1Nc2ccc(Cl)cc2[C@@](C#CC2CC2)(C(F)(F)F)O1,0,train,42
7022,CCOC(=O)[C@H](CCc1ccccc1)N[C@@H](C)C(=O)N1CCC[C@H]1C(=O)O,0,train,42
7023,CC[C@@H](CO)NCCN[C@@H](CC)CO,0,train,42
7024,CC[C@@]1(O)C[C@H](OC2CC(N(C)C)C(OC3CC(O)C(OC4CCC(=O)C(C)O4)C(C)O3)C(C)O2)c2c(cc3c(c2O)C(=O)c2c(O)cccc2C3=O)[C@H]1C(=O)OC,0,train,42
7025,CC1(C)S[C@@H]2[C@H](NC(=O)CCC[C@@H](N)C(=O)O)C(=O)N2[C@H]1C(=O)O,0,train,42
7026,COc1cccc2c1C(=O)c1c(O)c3c(c(O)c1C2=O)CC(O)(C(=O)CO)CC3O,0,train,42
7027,C=CCSCC(=O)NC1C(=O)N2C1SC(C)(C)C2C(=O)[O-],0,train,42
7028,CC1(C)S[C@@H]2[C@H](NC(=O)C34C[C@@H]5C[C@@H](CC(N)(C5)C3)C4)C(=O)N2[C@H]1C(=O)O,0,train,42
7029,CC(C)(C)C(=O)OCOC(=O)C1N2C(=O)[C@@H](N=CN3CCCCCC3)[C@H]2SC1(C)C,0,train,42
7030,CN(C)[C@@H]1C(=O)/C(=C(\N)O)C(=O)[C@@]2(O)C(=O)C3=C(O)c4c(ccc(N)c4O)C[C@H]3C[C@@H]12,0,train,42
7031,CC(=O)[C@]1(N)Cc2c(O)c3c(c(O)c2[C@@H](O[C@H]2C[C@H](O)[C@H](O)CO2)C1)C(=O)c1ccccc1C3=O.[H+],0,train,42
7032,CC1(C)S[C@@H]2C(NC(=O)[C@H](NC(=O)c3c[nH]c4cccnc4c3=O)c3ccccc3)C(=O)N2[C@H]1C(=O)O,0,train,42
7033,CN(C)[C@@H]1C(=O)/C(=C(/O)NC(C(=O)O)N2CCN(CCO)CC2)C(=O)[C@@]2(O)C(=O)C3=C(O)c4c(O)cccc4[C@@](C)(O)[C@H]3C[C@@H]12,0,train,42
7034,CN[C@@H]1[C@@H](O[C@H]2O[C@H](CO)[C@@H](N)[C@H](O)[C@H]2O)O[C@H]2C[C@@H](N)[C@H](O[C@H]3[C@H](O)[C@@H](O)[C@H](N)C[C@@H]3N)O[C@@H]2[C@@H]1O,0,val,42
7035,NCC[C@H](O)C(=O)N[C@@H]1C[C@H](N)[C@@H](O[C@H]2O[C@H](CN)CC[C@H]2N)[C@H](O)[C@H]1O[C@H]1O[C@H](CO)[C@@H](O)[C@H](N)[C@H]1O,0,train,42
7036,CNC(=O)C[C@@H](N)C(=O)N[C@@H](C(=O)N[C@@H]1C(=O)N2[C@@H]1SC(C)(C)[C@@H]2C(=O)O)c1ccc(O)cc1,0,train,42
7037,CO[C@H]1[C@@H](O)[C@H](N)[C@@H](O[C@H]2O[C@H](C(C)N)CC[C@H]2N)[C@H](O)[C@@H]1N(C)C(=O)CN,0,train,42
7038,C[C@H]1[C@H](NC(=O)/C(=N\OC(C)(C)C(=O)O)c2csc([NH3+])n2)C(=O)N1S(=O)(=O)[O-],0,train,42
7039,CCOC(=O)OC(C)OC(=O)[C@@H]1N2C(=O)[C@@H](N=CN3CCCCCC3)[C@H]2SC1(C)C,0,train,42
7040,CC[C@H]1OC(=O)[C@H](C)[C@@H](OC2CC(C)(OC)C(O)C(C)O2)C(C)[C@@H](OC2OC(C)CC(N(C)C)C2O)[C@](C)(O)C[C@@H](C)C(=O)[C@H](C)[C@@H](O)[C@H]1C,0,train,42
7041,CC1(C)S[C@@H]2[C@H](NC(=O)C(C(=O)Oc3ccccc3)c3ccccc3)C(=O)N2[C@H]1C(=O)O,0,train,42
7042,CC1(C)S[C@@H]2[C@H](NC(=O)C(C(=O)Oc3ccc4c(c3)CCC4)c3ccccc3)C(=O)N2[C@H]1C(=O)O,0,train,42
7043,CC(=O)[C@]1(O)Cc2c(O)c3c(c(O)c2C(OC2CC(N)C(O)C(C)O2)C1)C(=O)c1c(O)cccc1C3=O,0,train,42
7044,NC(=O)OCC1[C@H](NC(=O)/C(=N\OCC(=O)O)c2csc(N)n2)C(=O)N1S(=O)(=O)O,0,train,42
7045,N[C@@H](C(=O)N[C@@H]1C(=O)N2C(C(=O)O)=C(Cl)CS[C@H]12)c1ccccc1,0,train,42
7046,CC1=C(C(=O)O)N2C(=O)[C@@H](NC(=O)[C@H](N)c3ccc(O)cc3)[C@H]2SC1,0,train,42
7047,CC1=C(C(=O)O)N2C(=O)[C@@H](NC(=O)[C@H](N)c3ccccc3)[C@H]2SC1,0,train,42
7048,CC(=O)OCC1=C(C(=O)O)N2C(=O)[C@@H](NC(=O)Cc3ccccc3)[C@H]2SC1,0,val,42
7049,Cc1nnc(SCC2=C(C(=O)O)N3C(=O)[C@@H](NC(=O)C(N)c4ccc(O)cc4)[C@H]3SC2)s1,0,train,42
7050,NC(C(=O)N[C@@H]1C(=O)N2C(C(=O)O)=C(CSc3cn[nH]n3)CS[C@H]12)c1ccc(O)cc1,0,train,42
7051,Cn1nnnc1SCC1=C(C(=O)[O-])N2C(=O)[C@@H](NC(=O)CSC(F)(F)F)[C@H]2SC1,0,test,42
7052,Cc1nnc(SCC2=C(C(=O)O)N3C(=O)[C@@H](NC(=O)Cn4cc(Cl)c(=O)c(Cl)c4)[C@H]3SC2)s1,0,train,42
7053,Cc1nnc(SCC2=C(C(=O)O)N3C(=O)[C@@H](NC(=O)[C@H](O)c4ccccc4)[C@H]3SC2)s1,0,train,42
7054,CC/C=C(\C(=O)N[C@@H]1C(=O)N2C(C(=O)O)=C(COC(N)=O)CS[C@H]12)c1csc(N)n1,0,train,42
7055,COCC1=C(C(=O)O)N2C(=O)[C@@H](NC(=O)/C(=N\O)c3csc(N)n3)[C@H]2SC1,0,train,42
7056,C=CC1=C(C(=O)O)N2C(=O)[C@@H](NC(=O)/C(=N\O)c3csc(N)n3)[C@H]2SC1,0,train,42
7057,CO/N=C(\C(=O)NC1C(=O)N2C(C(=O)O)=C(/C=C\c3scnc3C)CS[C@H]12)c1csc(N)n1,0,train,42
7058,CC1=C(C(=O)O)N2C(=O)[C@@H](NC(=O)[C@H](N)c3ccc(O)c(Cl)c3)[C@H]2SC1,0,train,42
7059,CO/N=C(\C(=O)N[C@@H]1C(=O)N2C(C(=O)O)=C(C)CS[C@H]12)c1csc(N)n1,0,train,42
7060,Cn1nnnc1SCC1=C(C(=O)O)N2C(=O)[C@@H](NC(=O)CS/C=C\C#N)[C@H]2SC1,0,train,42
7061,C=CC1=C(C(=O)O)N2C(=O)[C@@H](NC(=O)/C(=N\OCC(=O)O)c3csc(N)n3)[C@H]2SC1,0,train,42
7062,CO/N=C(\C(=O)N[C@@H]1C(=O)N2C(C(=O)O)=C(CSc3nnnn3C)CS[C@H]12)c1csc(N)n1,0,train,42
7063,CO[C@@]1(NC(=O)CSCC#N)C(=O)N2C(C(=O)O)=C(CSc3nnnn3C)CS[C@@H]21,0,train,42
7064,CO[C@@]1(NC(=O)CSC[C@@H](N)C(=O)O)C(=O)N2C(C(=O)O)=C(CSc3nnnn3C)CS[C@@H]21,0,train,42
7065,CO/N=C(/C(=O)N[C@@H]1C(=O)N2C(C(=O)O)=C(CSc3nc(C)c(CC(=O)O)s3)CS[C@H]12)c1csc(N)n1,0,train,42
7066,O=C(O)C1=C(CSc2nnnn2CS(=O)(=O)O)CS[C@@H]2[C@H](NC(=O)C(O)c3ccccc3)C(=O)N12,0,train,42
7067,NCc1ccccc1CC(=O)N[C@@H]1C(=O)N2C(C(=O)O)=C(CSc3nnnn3CC(=O)O)CS[C@H]12,0,train,42
7068,CO[C@@]1(NC(=O)C2SC(=C(C(N)=O)C(=O)O)S2)C(=O)N2C(C(=O)O)=C(CSc3nnnn3C)CS[C@@H]21,0,train,42
7069,CN(C)CCn1nnnc1SCC1=C(C(=O)O)N2C(=O)[C@@H](NC(=O)Cc3csc(N)n3)[C@H]2SC1,0,train,42
7070,CC(=O)OCC1=C(C(=O)O)N2C(=O)[C@@H](NC(=O)c3c(-c4ccccc4Cl)noc3C)[C@H]2SC1,0,train,42
7071,Cc1cc(=O)c(C(=O)N[C@@H](C(=O)NC2C(=O)N3C(C(=O)O)=C(CSc4nnnn4C)CS[C@H]23)c2ccc(O)cc2)c[nH]1,0,train,42
7072,COCC1=C(C(=O)[O-])N2C(=O)[C@@H](NC(=O)/C(=N\OC)c3csc(N)n3)[C@H]2SC1,0,train,42
7073,C/C=C/C1=C(C(=O)O)N2C(=O)[C@@H](NC(=O)[C@H](N)c3ccc(O)cc3)[C@H]2SC1,0,train,42
7074,CC1=C(C(=O)O)N2C(=O)[C@@H](NC(=O)Cc3ccc(C4=NCCCN4)cc3)[C@H]2SC1,0,val,42
7075,CC1=C(C(=O)O)N2C(=O)[C@@H](NC(=O)[C@H](N)c3cccc(NS(C)(=O)=O)c3)[C@H]2SC1,0,train,42
7076,CO/N=C(\C(=O)N[C@@H]1C(=O)N2C(C(=O)O)=C(Cn3nnc(C)n3)CS[C@H]12)c1csc(N)n1,0,val,42
7077,O=C(Cn1cnnn1)N[C@@H]1C(=O)N2C(C(=O)O)=C(CSc3nncs3)CS[C@H]12,0,train,42
7078,Nc1nc(/C(=C/CC(=O)O)C(=O)N[C@@H]2C(=O)N3C(C(=O)O)=CCS[C@H]23)cs1,0,train,42
7079,CO/N=C(\C(=O)N[C@@H]1C(=O)N2C(C(=O)O)=C(CSC(=O)c3ccco3)CS[C@H]12)c1csc(N)n1,0,train,42
7080,CO/N=C(\C(=O)N[C@@H]1C(=O)N2C(C(=O)O)=C(/C=C/Sc3n[nH]c(=O)c(=O)n3CC=O)CS[C@H]12)c1csc(N)n1,0,train,42
7081,CO/N=C(\C(=O)N[C@@H]1C(=O)N2C(C(=O)O)=C(COC(C)=O)CS(=O)[C@H]12)c1csc(N)n1,0,val,42
7082,CO/N=C(\C(=O)N[C@@H]1C(=O)N2C(C(=O)O)=CCS[C@H]12)c1csc(N)n1,0,train,42
7083,CO/N=C(\C(=O)N[C@@H]1C(=O)N2C(C(=O)O)=C(COC(C)=O)CS[C@H]12)c1ccco1,0,train,42
7084,CO/N=C(\C(=O)N[C@@H]1C(=O)N2C(C(=O)OC(C)OC(C)=O)=C(COC(N)=O)CS[C@H]12)c1ccco1,0,train,42
7085,COCCCC(=O)OC(C)OC(=O)C1=C(COC(N)=O)CS[C@@H]2[C@H](NC(=O)/C(=N\OC)c3ccco3)C(=O)N12,0,train,42
7086,CO/N=C(\C(=O)N[C@@H]1C(=O)N2C(C(=O)O)=C(CSc3cnns3)CS[C@H]12)c1csc(N)n1,0,train,42
7087,CC(=O)OCC1=C(C(=O)[O-])N2C(=O)[C@H](NC(=O)CC#N)[C@@H]2SC1,0,train,42
7088,CC(=O)OCC1=C(C(=O)O)N2C(=O)[C@@H](NC(=O)[C@H](N)c3ccccc3)[C@H]2SC1,0,train,42
7089,CC(=O)OCC1=C(C(=O)O)N2C(=O)[C@@H](NC(=O)CCC[C@@H](N)C(=O)O)[C@H]2SC1,0,val,42
7090,CC(=O)OCC1=C(C(=O)O)N2C(=O)[C@@H](NC(=O)Cc3cccs3)[C@H]2SC1,0,train,42
7091,CC(=O)C1=C(O)[C@@]2(O)C(=O)c3c(c(C)c4ccc(C)c(O)c4c3O)C[C@H]2[C@@H](N)C1=O,0,train,42
7092,CC[C@H]1OC(=O)[C@H](C)[C@@H](O[C@H]2C[C@@](C)(OC)[C@@H](O)[C@H](C)O2)[C@H](C)[C@@H](O[C@@H]2O[C@H](C)C[C@H](N(C)C)[C@H]2O)[C@](C)(OC)C[C@@H](C)C(=O)[C@H](C)[C@@H](O)[C@]1(C)O,0,test,42
7093,CCC[C@@H]1C[C@@H](C(=O)NC(C(C)Cl)[C@H]2O[C@H](SC)[C@H](O)[C@@H](O)[C@H]2O)N(C)C1,0,train,42
7094,COC(C(=O)N[C@@H]1C(=O)N2[C@@H]1SC(C)(C)[C@@H]2C(=O)O)c1ccc(Cl)c(Cl)c1,0,train,42
7095,CN(C)[C@@H]1C(=O)/C(=C(/O)NCO)C(=O)[C@@]2(O)C(=O)C3=C(O)c4c(O)ccc(Cl)c4[C@@](C)(O)[C@H]3C[C@@H]12,0,train,42
7096,CC1(C)S[C@@H]2[C@H](NC(=O)C3(N)CCCCC3)C(=O)N2[C@H]1C(=O)O,0,train,42
7097,CN(C)[C@@H]1C(=O)/C(=C(\N)O)C(=O)[C@@]2(O)C(=O)C3=C(O)c4c(O)cccc4[C@@H](O)[C@H]3C[C@@H]12,0,train,42
7098,Cc1onc(-c2c(Cl)cccc2Cl)c1C(=O)N[C@@H]1C(=O)N2[C@@H]1SC(C)(C)[C@@H]2C(=O)O,0,train,42
7099,CN[C@@H]1[C@H](O[C@H]2[C@H](O[C@@H]3[C@@H](O)[C@H](O)[C@@H](N=C(N)N)[C@H](O)[C@H]3N=C(N)N)O[C@@H](C)[C@]2(O)CO)O[C@@H](CO)[C@H](O)[C@H]1O,0,train,42
7100,COc1ccc(-c2cc(=O)c3c(O)cc(O[C@@H]4O[C@H](CO[C@@H]5O[C@@H](C)[C@H](O)[C@@H](O)[C@H]5O)[C@@H](O)[C@H](O)[C@H]4O)cc3o2)cc1O,0,test,42
7101,CCC(=O)O[C@H]1[C@H](C)O[C@@H](O[C@@H]2C(C)C(=O)O[C@H](C)[C@H](C)[C@H](OC(=O)CC)[C@@H](C)C(=O)[C@]3(CO3)CC(C)[C@H](O[C@@H]3O[C@H](C)C[C@H](N(C)C)[C@H]3O)[C@H]2C)C[C@@H]1OC,0,train,42
7102,CC[C@H]1OC(=O)[C@H](C)[C@@H](O[C@H]2C[C@@](C)(OC)[C@@H](O)[C@H](C)O2)[C@H](C)[C@@H](O[C@@H]2O[C@H](C)C[C@H](N(C)C)[C@H]2O)[C@](C)(O)C[C@@H](C)[C@@H]2N[C@@H](COCCOC)O[C@H]([C@H]2C)[C@]1(C)O,0,train,42
7103,CC(=O)O[C@@]12CO[C@@H]1C[C@H](O)[C@@]1(C)C(=O)[C@H](O)C3=C(C)[C@@H](OC(=O)[C@H](O)[C@@H](NC(=O)OC(C)(C)C)c4ccccc4)C[C@@](O)([C@@H](OC(=O)c4ccccc4)[C@H]21)C3(C)C,0,train,42
7104,C/C=C/C=C/C1OC(O)(C(CC)C(=O)NC/C=C/C=C(\C)C(OC)C(C)C2OC(/C=C/C=C/C=C(\C)C(=O)c3c(O)n(C)ccc3=O)C(O)C2O)C(O)C(OC2OC(C)C(OC3OC(C)C(OC)C(O)C3OC)C(OC)C2O)C1(C)C,0,train,42
7105,CC[C@H]1CN2CCc3cc(OC)c(OC)cc3[C@@H]2C[C@@H]1C[C@H]1NCCc2cc(OC)c(OC)cc21,0,train,42
7106,CC1(C)S[C@@H]2[C@H](NC(=O)[C@H](N)C3=CCC=CC3)C(=O)N2[C@H]1C(=O)O,0,train,42
7107,CCC(C)[C@H]1O[C@]2(CC[C@@H]1C)CC1C[C@@H](C/C=C(\C)[C@@H](O[C@H]3C[C@H](OC)[C@@H](OC4C[C@H](OC)[C@@H](O)[C@H](C)O4)[C@H](C)O3)[C@@H](C)/C=C/C=C3\CO[C@@H]4[C@H](O)C(C)=C[C@@H](C(=O)O1)[C@]34O)O2.CO[C@H]1CC(O[C@H]2[C@H](C)O[C@@H](O[C@@H]3/C(C)=C/C[C@@H]4CC(C[C@]5(CC[C@H](C)[C@@H](C(C)C)O5)O4)OC(=O)[C@@H]4C=C(C)[C@@H](O)[C@H]5OC/C(=C\C=C\[C@@H]3C)[C@]54O)C[C@@H]2OC)O[C@@H](C)[C@@H]1O,0,test,42
7108,COc1cccc2c1C(=O)c1c(O)c3c(c(O)c1C2=O)C[C@](O)(C(=O)CO)C[C@H]3OC1CC(N)CC(C)O1,0,train,42
7109,CN(CCN(C)CN/C(O)=C1\C(=O)[C@@H](N(C)C)[C@@H]2C[C@H]3C(=C(O)c4c(O)cccc4[C@@]3(C)O)C(=O)[C@]2(O)C1=O)CN/C(O)=C1\C(=O)[C@@H](N(C)C)[C@@H]2C[C@H]3C(=C(O)c4c(O)cccc4[C@@]3(C)O)C(=O)[C@]2(O)C1=O,0,train,42
7110,CC1(C)S[C@@H]2[C@H](NC(=O)C(Oc3ccccc3)c3ccccc3)C(=O)N2[C@H]1C(=O)O,0,train,42
7111,CC(C)(Oc1ccc(Cl)cc1)C(=O)N[C@@H](C(=O)N[C@@H]1C(=O)N2[C@@H]1SC(C)(C)[C@@H]2C(=O)O)c1ccccc1,0,test,42
7112,CO[C@@]1(NC(=O)CSC(F)(F)F)C(=O)N2C(C(=O)O)=C(CSc3nnnn3CCO)CO[C@@H]21,0,train,42
7113,CC[C@H]1OC(=O)[C@H](C)[C@@H](O[C@H]2C[C@@](C)(OC)[C@@H](O)[C@H](C)O2)[C@H](C)[C@@H](O[C@@H]2O[C@H](C)C[C@H](N(C)C)[C@H]2O)[C@](C)(O)C[C@](C)(F)C(=O)[C@H](C)[C@@H](O)[C@]1(C)O,0,test,42
7114,CC1(C)S[C@@H]2[C@H](NC(=O)[C@@H](N=Cc3ccco3)c3ccc(O)cc3)C(=O)N2[C@H]1C(=O)O,0,train,42
7115,CC(C)CC(OC(=O)c1ccco1)C(=O)N[C@@H]1C(=O)N2[C@@H]1SC(C)(C)[C@@H]2C(=O)O,0,train,42
7116,CC(=O)O[C@H]1C[C@@]2(C)[C@@H](C[C@@H](O)[C@H]3[C@@]4(C)CC[C@@H](O)[C@@H](C)[C@@H]4CC[C@@]32C)/C1=C(\CCC=C(C)C)C(=O)O,0,val,42
7117,CNC(C)C1CCC(N)C(OC2C(N)CC(N)C(OC3OCC(C)(O)C(NC)C3O)C2O)O1,0,train,42
7118,CO/N=C(\C(=O)N[C@@H]1C(=O)N(OCC(=O)OCC(=O)OC(C)(C)C)[C@H]1C)c1csc(N)n1,0,train,42
7119,Cc1c(F)c(N2CCNC(C)C2)cc2c1c(=O)c(C(=O)O)cn2C1CC1,0,train,42
7120,CN(C)C1C(=O)/C(=C(/O)NCN2CCN(C(=N)N=C(N)N)CC2)C(=O)C2(O)C(=O)C3=C(O)c4c(O)cccc4C(C)(O)C3CC12,0,train,42
7121,CC1(C)S[C@@H]2[C@H](N3C(=O)[C@@H](c4ccccc4)NC3(C)C)C(=O)N2[C@H]1C(=O)O,0,train,42
7122,CC(Cc1ccccc1)NO,0,test,42
7123,C[C@H](O)[C@H]1C(=O)N2C(C(=O)O)=C(SCCN=CN)C[C@H]12,0,train,42
7124,CC(C)(Oc1ccccc1)C(=O)N[C@@H]1C(=O)N2[C@@H]1SC(C)(C)[C@@H]2C(=O)O,0,train,42
7125,CO[C@@H]1[C@@H](O[C@@H]2O[C@H](C)[C@@H](O[C@H]3C[C@@](C)(O)[C@@H](OC(=O)CC(C)C)[C@H](C)O3)[C@H](N(C)C)[C@H]2O)[C@@H](CC=O)C[C@@H](C)[C@@H](O)/C=C/C=C/C[C@@H](C)OC(=O)C[C@H]1OC(C)=O,0,train,42
7126,Cc1oc(=O)oc1COC(=O)[C@@H]1N2C(=O)[C@@H](NC(=O)[C@H](N)c3ccccc3)[C@H]2SC1(C)C,0,train,42
7127,CNCC[C@@H](O)[C@@H]1C[C@H](SC2=C(C(=O)O)N3C(=O)[C@H]([C@@H](C)O)[C@H]3[C@H]2C)CN1,0,train,42
7128,COc1cccc2c1C(=O)c1c(O)c3c(c(O)c1C2=O)C[C@@](O)(C(=O)CO)C[C@@H]3O[C@H]1C[C@H](NC(=O)[C@@H](N)CC(C)C)[C@H](O)[C@H](C)O1,0,train,42
7129,CC[C@H]1OC(=O)[C@H](C)[C@@H](OC2CC(C)(OC)C(O)C(C)O2)C(C)[C@@H](OC2OC(C)CC(N(C)C)C2O)[C@](C)(O)C[C@@H](C)/C(=N\OC)[C@H](C)[C@@H](O)[C@]1(C)O,0,val,42
7130,N[C@@H](C(=O)NC1C(=O)N2C(C(=O)O)=C(Cl)CCC12)c1ccccc1,0,train,42
7131,CCCCc1nc(Cl)c(CO)n1Cc1ccc(-c2ccccc2-c2nn[nH]n2)cc1,0,test,42
7132,CN(C)[C@@H]1C(=O)/C(=C(/N)O)C(=O)[C@@]2(O)C(=O)C3=C(O)c4c(O)ccc(Cl)c4[C@@](C)(O)[C@H]3C[C@@H]12.[H+],0,train,42
7133,CC1(C)S[C@@H]2[C@H](N=CN3CCCCCC3)C(=O)N2[C@H]1C(=O)O,0,train,42
7134,C[C@H](O)C1C(=O)N2C(C(=O)O)=C(S[C@@H]3CN[C@H](C(=O)N(C)C)C3)[C@H](C)C12,0,train,42
7135,C=C1c2cccc(O)c2C(O)=C2C(=O)[C@]3(O)C(=O)/C(=C(/N)O)C(=O)[C@@H](N(C)C)[C@@H]3[C@@H](O)[C@H]12,0,train,42
7136,COc1cccc(OC)c1C(=O)N[C@@H]1C(=O)N2[C@@H]1SC(C)(C)[C@@H]2C(=O)O,0,train,42
7137,CC1(C)S[C@@H]2[C@H](NC(=O)[C@H](NC(=O)N3CCN(S(C)(=O)=O)C3=O)c3ccccc3)C(=O)N2[C@H]1C(=O)O,0,train,42
7138,COCC(=O)O[C@]1(CCN(C)CCCc2nc3ccccc3[nH]2)CCc2cc(F)ccc2[C@@H]1C(C)C,0,train,42
7139,CCC(=O)OC1CC(=O)OC(C)C/C=C/C=C\C(O)C(C)CC(CC=O)C(O[C@@H]2O[C@H](C)[C@@H](O[C@H]3C[C@@](C)(O)[C@H](OC(=O)CC)[C@@H](C)O3)[C@H](N(C)C)[C@H]2O)C1OC,0,val,42
7140,CO[C@@]12[C@H](COC(N)=O)C3=C(C(=O)C(C)=C(N)C3=O)N1C[C@@H]1N[C@@H]12,0,train,42
7141,CO[C@@]1(NC(=O)C(C(=O)O)c2ccc(O)cc2)C(=O)N2C(C(=O)O)=C(CSc3nnnn3C)CO[C@@H]21,0,train,42
7142,NC[C@H]1O[C@H](O[C@H]2[C@H](O)[C@@H](O)[C@H](N)C[C@@H]2N)[C@H](N)[C@@H](O)[C@@H]1O,0,test,42
7143,CCN[C@@H]1C[C@H](N)[C@@H](O[C@H]2OC(CN)=CC[C@H]2N)[C@H](O)[C@H]1O[C@H]1OC[C@](C)(O)[C@H](NC)[C@H]1O,0,val,42
7144,CN(C)[C@@H]1C(=O)/C(=C(\N)O)C(=O)[C@@]2(O)C(=O)C3=C(O)c4c(O)ccc([N+](=O)[O-])c4C[C@H]3C[C@@H]12,0,train,42
7145,CO[C@@H]1[C@@H](OC(N)=O)[C@@H](O)[C@H](Oc2ccc3c(=O)c(NC(=O)c4ccc(O)c(CC=C(C)C)c4)c(O)oc3c2C)OC1(C)C,0,train,42
7146,COC1CC(O[C@H]2[C@H](C)[C@@H](OC3OC(C)CC(N(C)C)C3O)[C@@H](C)C[C@]3(CO3)C(=O)[C@H](C)[C@@H](O)[C@@H](C)[C@@H](C)OC(=O)[C@@H]2C)OC(C)C1O,0,test,42
7147,CC1(C)S[C@@H]2[C@H]([NH+]3C(=O)C(c4ccc(O)cc4)NC3(C)C)C(=O)N2[C@H]1C(=O)O,0,train,42
7148,CO/N=C(\C(=O)NC1C(=O)N(OCC(=O)O)[C@H]1C)c1csc(N)n1,0,test,42
7149,CC(=O)O[C@H]1C(=O)[C@@]2(C)C([C@H](OC(=O)c3ccccc3)[C@]3(O)C[C@H](OC(=O)[C@H](O)[C@@H](NC(=O)c4ccccc4)c4ccccc4)C(C)=C1C3(C)C)[C@]1(OC(C)=O)CO[C@@H]1C[C@@H]2O,0,train,42
7150,CN(C)[C@@H]1C(=O)/C(=C(/O)NCN2CCCC(C(=O)O)C2)C(=O)[C@@]2(O)C(=O)C3=C(O)c4c(O)cccc4[C@@](C)(O)[C@H]3C[C@@H]12,0,train,42
7151,CN(C)[C@@H]1C(=O)/C(=C(/O)NCNC(C(=O)NC2C(=O)N3C2SC(C)(C)C3C(=O)O)c2ccccc2)C(=O)[C@@]2(O)C(=O)C3=C(O)c4c(O)cccc4[C@@](C)(O)[C@H]3C[C@@H]12,0,train,42
7152,COc1cccc2c1C(=O)c1c(O)c3c(c(O)c1C2=O)C[C@@](O)(C(=O)CO)C[C@@H]3O[C@H]1C[C@H](N)[C@H](O[C@H]2CCCCO2)[C@H](C)O1,0,val,42
7153,CC1(C)SC2C(N(C(=N)c3ccncc3)[C@H](C(=O)NC(=O)CN)c3ccccc3)C(=O)N2C1C(=O)O,0,train,42
7154,CC1(C)S[C@@H]2[C@H](NC(=O)[C@H](NC(=O)c3ccc(-c4ccc(S(=O)(=O)N(CCO)CCO)cc4)[nH]c3=O)c3ccc(O)cc3)C(=O)N2[C@H]1C(=O)[O-],0,train,42
7155,CC1(C)S[C@@H]2[C@H](NC(=O)[C@H](NC(=O)Nc3cnc(Nc4ccc(S(N)(=O)=O)cc4)[nH]c3=O)c3ccc(O)cc3)C(=O)N2[C@H]1C(=O)O,0,train,42
7156,CC(C)(C)C(=O)OCOC(=O)[C@@H]1N2C(=O)[C@@H](NC(=O)[C@H](N)c3ccccc3)[C@H]2SC1(C)C,0,test,42
7157,Cc1cnn(-c2c(Cl)cccc2Cl)c1C(=O)N[C@@H]1C(=O)N2[C@@H]1SC(C)(C)[C@@H]2C(=O)O,0,train,42
7158,CC1(C)S[C@@H]2[C@H](NC(=O)c3nc4ccccc4nc3C(=O)O)C(=O)N2[C@H]1C(=O)O,0,train,42
7159,CO[C@H]1/C=C/O[C@@]2(C)Oc3c(C)c(O)c4c(c3C2=O)C2=NC3(CCN(CC(C)C)CC3)NC2=C(NC(=O)/C(C)=C\C=C\[C@H](C)[C@H](O)[C@@H](C)[C@@H](O)[C@@H](C)[C@H](OC(C)=O)[C@@H]1C)C4=O,0,train,42
7160,CCN(CC)c1nc2c(s1)c1c(O)c3c(O)c(C)c4c(c32)C(=O)[C@@](C)(O/C=C/[C@H](OC)[C@@H](C)[C@@H](OC(C)=O)[C@H](C)[C@H](O)[C@H](C)[C@@H](O)[C@@H](C)/C=C/C=C(/C)C(=O)N1)O4,0,train,42
7161,CCN(CC)C(=O)COc1cc2c(O)c3c(O)c(C)c4c(c13)C(=O)[C@@](C)(O/C=C/[C@H](OC)[C@@H](C)[C@@H](OC(C)=O)[C@H](C)[C@H](O)[C@H](C)[C@@H](O)[C@@H](C)/C=C/C=C(/C)C(=O)N2)O4,0,test,42
7162,CO[C@H]1/C=C/O[C@@]2(C)Oc3c(C)c(O)c4c(O)c(cc(O)c4c3C2=O)NC(=O)/C(C)=C\C=C\[C@H](C)[C@H](O)[C@@H](C)[C@@H](O)[C@@H](C)[C@H](OC(C)=O)[C@@H]1C,0,train,42
7163,CO[C@H]1/C=C/O[C@@]2(C)Oc3c(C)c(O)c4c(c3C2=O)C(=O)/C(=C/NN2CCN(C3CCCC3)CC2)C(=C4O)NC(=O)/C(C)=C\C=C\[C@H](C)[C@H](O)[C@@H](C)[C@@H](O)[C@@H](C)[C@H](OC(C)=O)[C@@H]1C,0,train,42
7164,CO[C@H]1/C=C/O[C@@]2(C)Oc3c(C)c(O)c4c(O)c(c5c(nc6cc(C)ccn65)c4c3C2=O)NC(=O)/C(C)=C\C=C\[C@H](C)[C@H](O)[C@@H](C)[C@@H](O)[C@@H](C)[C@H](OC(C)=O)[C@@H]1C,0,train,42
7165,C[C@@H](O)[C@H]1C(=O)N2C(C(=O)[O-])=C(COC(N)=O)S[C@H]12,0,train,42
7166,CC[C@@]1(O)C[C@H](O[C@H]2C[C@H](N(C)C)[C@H](O[C@H]3C[C@@H]4O[C@H]5CC(=O)[C@H](C)O[C@H]5O[C@@H]4[C@H](C)O3)[C@H](C)O2)c2c(O)c3c(c(O)c2[C@H]1O[C@H]1C[C@H](N(C)C)[C@H](O)[C@H](C)O1)C(=O)c1cccc(O)c1C3=O,0,train,42
7167,CC1(C)S[C@@H]2[C@H](NC(=O)[C@H](NC(=O)Cc3ccc(C4=NCCCN4)cc3)c3ccccc3)C(=O)N2[C@H]1C(=O)O,0,train,42
7168,CC[C@H]1OC(=O)[C@H](C)[C@@H](O[C@H]2C[C@@](C)(OC)[C@@H](O)[C@H](C)O2)[C@H](C)[C@@H](O[C@@H]2O[C@H](C)C[C@H](N(C)C)[C@H]2O)[C@](C)(O)C[C@@H](C)/C(=N/OCOCCOC)[C@H](C)[C@@H](O)[C@]1(C)O,0,train,42
7169,COC1CCCC2C1=C(C(=O)[O-])N1C(=O)C(C(C)O)C21,0,val,42
7170,COCOC(=O)[C@@H]1N2C(=O)[C@@H](N3C(=O)C(c4ccccc4)NC3(C)C)[C@H]2SC1(C)C,0,train,42
7171,CC(=O)OC1/C=C/C(C)=C/CC(O)/C=C/C(C)=C/C(NC(=O)C(C)=O)C2(C)C(=O)OC(C1)C(C)C2=O,0,train,42
7172,CN[C@@H]1[C@@H](O)[C@@H](O[C@@H]2[C@@H](O)[C@H](O[C@H]3OC(CN)=CC[C@H]3N)[C@@H](N)C[C@H]2N)OC[C@]1(C)O,0,train,42
7173,COC1C(O)CC(=O)OC(C)C/C=C/C=C/C(OC2CCC(N(C)C)C(C)O2)C(C)CC(CC=O)C1OC1OC(C)C(OC2CC(C)(O)C(O)C(C)O2)C(N(C)C)C1O,0,train,42
7174,CC1(C)S[C@@H]2[C@H](NC(=O)C(c3ccccc3)S(=O)(=O)O)C(=O)N2[C@H]1C(=O)O,0,train,42
7175,C[C@@H](O)[C@H]1C(=O)N2C(C(=O)O)=C(SC3CCS(=O)C3)S[C@H]12,0,train,42
7176,CC1(C)S[C@@H]2[C@H](NC(=O)[C@H](N)c3ccccc3)C(=O)N2[C@H]1C(=O)O.CC1(C)[C@H](C(=O)O)N2C(=O)C[C@H]2S1(=O)=O,0,train,42
7177,CC1(C)S[C@@H]2[C@H](NC(=O)[C@H](NS(=O)(=O)[O-])c3ccccc3)C(=O)N2[C@H]1C(=O)[O-],0,train,42
7178,C=CC[C@@H]1/C=C(\C)C[C@H](C)C[C@H](OC)[C@H]2O[C@@](O)(C(=O)C(=O)N3CCCC[C@H]3C(=O)O[C@H](/C(C)=C/[C@@H]3CC[C@@H](O)[C@H](OC)C3)[C@H](C)[C@@H](O)CC1=O)[C@H](C)C[C@@H]2OC,0,train,42
7179,CC1(C)S[C@@H]2[C@H](NC(=O)[C@H](N)c3ccccc3)C(=O)N2[C@H]1C(=O)OC1OC(=O)c2ccccc21,0,train,42
7180,C[C@]1(Cn2ccnn2)[C@H](C(=O)O)N2C(=O)C[C@H]2S1(=O)=O,0,train,42
7181,CCCCCCCCCC(=O)N[C@H]1[C@H](Oc2c3cc4cc2Oc2ccc(cc2Cl)[C@@H](O[C@@H]2O[C@H](CO)[C@@H](O)[C@H](O)[C@H]2NC(C)=O)[C@@H]2NC(=O)[C@H](NC(=O)[C@@H]4NC(=O)[C@H]4NC(=O)[C@@H](Cc5ccc(c(Cl)c5)O3)NC(=O)[C@H](N)c3ccc(O)c(c3)Oc3cc(O)cc4c3)c3ccc(O)c(c3)-c3c(O[C@H]4O[C@H](CO)[C@@H](O)[C@H](O)[C@@H]4O)cc(O)cc3[C@H](C(=O)O)NC2=O)O[C@H](CO)[C@@H](O)[C@@H]1O,0,val,42
7182,CO[C@@]1(NC(=O)C(C(=O)O)c2ccsc2)C(=O)N2[C@@H](C(=O)O)C(C)(C)S[C@@H]21,0,train,42
7183,CC1(C)[C@H](NC(=O)/C(=N\OCC(=O)O)c2csc(N)n2)C(=O)N1OS(=O)(=O)O,0,train,42
7184,CC(C)C(=O)OCc1cccc(OC(=O)[C@@H]2N3C(=O)[C@@H](NC(=O)Cc4ccccc4)[C@H]3SC2(C)C)c1,0,train,42
7185,NC[C@H]1O[C@H](O[C@H]2[C@H](O)[C@@H](O[C@H]3O[C@H](CO)[C@@H](O)[C@H](N)[C@H]3O)[C@H](N)C[C@@H]2N)[C@H](N)C[C@@H]1O,0,test,42
7186,CO[C@H]1C[C@H](O[C@H]2[C@H](C)[C@@H](O[C@@H]3O[C@H](C)C[C@H](N(C)C)[C@H]3OC(C)=O)[C@@H](C)C[C@@]3(CO3)C(=O)[C@H](C)[C@@H](OC(C)=O)[C@@H](C)[C@@H](C)OC(=O)[C@@H]2C)O[C@@H](C)[C@@H]1OC(C)=O,0,train,42
7187,CCCC[C@@H]1CC(=O)[C@]2(O)O[C@@H]3[C@@H](NC)[C@@H](O)[C@@H](NC)[C@H](O)[C@H]3O[C@@H]2O1,0,train,42
7188,CC[C@]1(O)C[C@H]2CN(CCc3c([nH]c4ccccc34)[C@@](C(=O)OC)(c3cc4c(cc3OC)N(C)[C@H]3[C@@](O)(C(N)=O)[C@H](O)[C@]5(CC)C=CCN6CC[C@]43[C@@H]65)C2)C1,0,train,42
7189,CC1=C/C(O)CC(=O)Cc2nc(co2)C(=O)N2CCC=C2C(=O)OC(C(C)C)C(C)/C=C\C(=O)NC/C=C\1,0,train,42
7190,[C-]#[N+]C(=C\c1ccc(O)cc1)/C(=C/c1ccc(O)cc1)[N+]#[C-],0,train,42
7191,COc1cccc2c1C(=O)c1c(O)c3c(c(O)c1C2=O)C[C@@](O)(/C(C)=N/NC(=O)c1ccccc1)C[C@@H]3O[C@H]1C[C@H](N)[C@H](O)[C@H](C)O1.[H+],0,val,42
7192,O=C(O)COCCN1CCN([C@H](c2ccccc2)c2ccc(Cl)cc2)CC1,0,train,42
7193,CC(C)(C)NC[C@@H](O)c1ccc(O)c(CO)c1,0,train,42
7194,CC[C@H](CO)NCCN[C@H](CC)CO,0,train,42
7195,CSc1ccc2c(c1)N(CC[C@@H]1CCCCN1)c1ccccc1S2,0,train,42
7196,COc1c(C)cnc(C[S@@](=O)c2nc3cc(O)ccc3[nH]2)c1C,0,train,42
7197,Nc1ccc(/N=N/c2ccccc2)c(N)n1,0,test,42
7198,CC1(C)S[C@H]2C(NC(=O)[C@@H](C(=O)O)c3ccsc3)C(=O)N2[C@H]1C(=O)O,0,train,42
7199,O=C(O)c1cc(=O)c2c(Cl)cc(Cl)cc2[nH]1,0,train,42
7200,C[N+](C)(C)C[C@H](O)CC(=O)[O-],0,train,42
7201,C[N+](C)(C)CCOP(=O)([O-])OC[C@H](O)CO,0,train,42
7202,O=C(O)c1cc(/N=N/c2ccc(S(=O)(=O)Nc3ccccn3)cc2)ccc1O,0,train,42
7203,O=C(O)c1cc(N=Nc2ccc(S(=O)(=O)Nc3ccccn3)cc2)ccc1O,0,train,42
7204,Oc1c(I)cc(Cl)c2cccnc12,0,train,42
7205,O=C([O-])COCC[NH+]1CC[NH+]([C@H](c2ccccc2)c2ccc(Cl)cc2)CC1,0,train,42
7206,CCN/C(=N/C#N)NCCSCc1ncccc1Br,0,train,42
7207,O=C([O-])COCC[NH+]1CC[NH+](C(c2ccccc2)c2ccc(Cl)cc2)CC1,0,train,42
7208,CCN=C(NC#N)NCCSCc1ncccc1Br,0,train,42
7209,CCNC(=NCCSCc1ncccc1Br)NC#N,0,train,42
7210,CCNC(NC#N)NCCSCc1ncccc1Br,0,train,42
7211,CN1CC[C@]23c4c5ccc(O)c4O[C@H]2[C@@H](OC2O[C@H](C(=O)O)[C@@H](O)[C@H](O)[C@H]2O)C=C[C@H]3[C@H]1C5,0,train,42
7212,O=C1CN(/N=C/c2ccc([N+](=O)[O-])o2)C(=O)N1,0,train,42
7213,COc1cccnc1CCCCNc1ncc(Cc2ccc(C)nc2)c(=O)[nH]1,0,val,42
7214,COc1cc([C@@H]2c3cc4c(cc3[C@@H](O[C@@H]3O[C@@H]5CO[C@@H](C)O[C@H]5[C@H](O)[C@H]3O)[C@H]3COC(=O)[C@H]23)OCO4)cc(OC)c1O,0,train,42
7215,COc1cccnc1CCCCNC1NCC(Cc2ccc(C)nc2)C(O)N1,0,train,42
7216,CCC(CC)O[C@@H]1C=C(C(=O)O)C[C@H](N)[C@@H]1NCOC,0,train,42
7217,CO[C@]1(NC(=O)C2SC(=C(C(N)=O)C(=O)[O-])S2)C(=O)N2C(C(=O)[O-])=C(CSc3nnnn3C)CS[C@@H]21,0,train,42
7218,c1ccc(NC2=[NH+]CCN2)cc1,0,train,42
7219,COC1(NC(=O)C2SC(=C(C(N)=O)C(=O)[O-])S2)C(=O)N2C(C(=O)[O-])=C(CSc3nnnn3C)CSC21,0,val,42
7220,c1ccc(NC2=NCCN2)cc1,0,train,42
7221,CO[C@@]1(NC(=O)C2SC(=C(C(N)=O)C(=O)[O-])S2)C(=O)N2C(C(=O)[O-])=C(CSc3nnnn3C)CS[C@@H]21,0,train,42
7222,Cc1ccc(CC2CNC(NCCCCc3ncc(Br)cc3C)NC2O)cn1,0,train,42
7223,Cc1ccc(CC2CNC(NCCCCc3ncc(Br)cc3C)NC2=O)cn1,0,train,42
7224,CN1Cc2c(-c3noc([C@@](C)(O)CO)n3)ncn2-c2cccc(Cl)c2C1=O,0,train,42
7225,CN1Cc2c(-c3noc(C(C)(O)CO)n3)ncn2-c2cccc(Cl)c2C1O,0,train,42
7226,CC(C)c1nc(CN(C)C(=O)N[C@@H](C)C(=O)C[C@@H](Cc2ccccc2)C[C@H](O)[C@H](Cc2ccccc2)NC(=O)OCc2cncs2)cs1,0,train,42
7227,CN1Cc2c(-c3noc(C(C)(O)O)n3)ncn2-c2cccc(Cl)c2C1=O,0,train,42
7228,CN1Cc2c(-c3noc(CC(C)(O)CO)n3)ncn2-c2cccc(Cl)c2C1=O,0,val,42
7229,O=C(c1ccc(OCCN2CCCCC2)cc1)c1c(-c2ccc(O)cc2)sc2cc(O)ccc12,0,train,42
7230,O=C([O-])CCCc1ccc(N(CCCl)CCCl)cc1,0,train,42
7231,O=C1c2c(O)cc(O)cc2CC(c2ccc(O)c(O)c2)C1O,0,train,42
7232,OC(O)CCCc1ccc(N(CCCl)CCCl)cc1,0,train,42
7233,OC[C@H]1O[C@@](CO)(O[C@H]2O[C@H](CO)[C@@H](O)[C@H](O)[C@H]2O)[C@@H](O)[C@@H]1O,0,train,42
7234,CC[C@H]1OC(=O)[C@@H](C)[C@H](O[C@@H]2C[C@@](C)(OC)[C@@H](O)[C@H](C)O2)[C@@H](C)[C@H](O[C@@H]2O[C@H](C)C[C@H](N(C)C)[C@H]2O)[C@](C)(O)C[C@@H](C)CN(C)[C@H](C)C(O)[C@@]1(C)O,0,test,42
7235,CC[C@@H](C)[C@@H](N)C1=N[C@H](C(=O)N[C@@H](CC(C)C)C(=O)N[C@H](CCC(=O)O)C(=O)N[C@H](C(=O)NCCCC[C@@H]2NC(=O)[C@H](CC(N)=O)NC(=O)[C@@H](CC(=O)O)NC(=O)[C@H](Cc3c[nH]cn3)NC(=O)[C@@H](Cc3ccccc3)NC(=O)[C@H]([C@@H](C)CC)NC(=O)[C@@H](CCCN)NC2=O)[C@@H](C)CC)CS1,0,train,42
7236,C[C@@H](C[N+](C)(C)C)OC(N)=O,0,test,42
7237,CC(C)C[C@H]1C(=O)N2CCCC2[C@]2(O)O[C@](NC(=O)[C@@H]3C=C4c5cccc6[nH]c(Br)c(c56)C[C@H]4N(C)C3)(C(C)C)C(=O)N12,0,test,42
7238,CC1=C(C(=O)O)N2C(=O)[C@H](NC(=O)[C@@H](N)C3=CCC=CC3)[C@@H]2SC1,0,train,42
7239,C[N+]12CCC(CC1)[C@@H](OC(=O)C(O)(c1ccccc1)[C+]1CCCCC1)C2,0,train,42
7240,CC(C)/N=c1/cc2n(-c3ccc(Cl)cc3)c3ccccc3nc-2cc1Nc1ccc(Cl)cc1,0,train,42
7241,CC(C)[N+]1(C)[C@@H]2CC[C@H]1CC(OC(=O)[C@@H](CO)c1ccccc1)C2,0,train,42
7242,CC[C@@H](C)n1ncn(-c2ccc(N3CCN(c4ccc(OC[C@@H]5CO[C@@](Cn6cncn6)(c6ccc(Cl)cc6Cl)O5)cc4)CC3)cc2)c1=O,0,val,42
7243,NC[C@H]1O[C@H](O[C@H]2C(O)[C@@H](O[C@H]3O[C@H](CO)[C@@H](O)[C@H](N)[C@H]3O)[C@H](N)C[C@@H]2N)[C@H](O)[C@@H](O)[C@@H]1O,0,train,42
7244,O=C(c1ccccc1)c1ccc2n1CC[C@H]2C(=O)O,0,test,42
7245,OC[C@@H](O)[C@@H](O)[C@H](O)[C@H](O)CO,0,train,42
7246,C[C@@H]1[C@H](O)[C@@H](C)C=CC=CC=CC=CC=CC=CC=C[C@H](O[C@H]2O[C@@H](C)[C@H](O)[C@@H](N)[C@@H]2O)C[C@H]2O[C@@](O)(C[C@H](O)C[C@H](O)[C@H](O)CC[C@H](O)C[C@@H](O)CC(=O)O[C@@H]1C)C[C@@H](O)[C@@H]2C(=O)O,0,train,42
7247,CN(N=O)C(=O)N[C@@H]1[C@@H](O)[C@H](O)[C@@H](CO)O[C@H]1O,0,train,42
7248,CCCC1CC(C(=O)NC(C(C)Cl)C2OC(SC)C(OP(=O)(O)O)C(O)C2O)N(C)C1,0,train,42
7249,NCCCNCCSP(=O)(O)O,0,val,42
7250,CNCNCCSCc1nc[nH]c1C.N#CN,0,val,42
7251,C[C@@H](O)[C@H]1C(=O)N2C(C(=O)O)=C(SCCNC=N)C[C@H]12,0,train,42
7252,Cc1nnc(SCC2=C(C(=O)OCc3oc(=O)oc3C)N3C(=O)[C@@H](NC(=O)[C@H](OC(=O)[C@H](C)N)c4ccccc4)[C@H]3SC2)s1,0,val,42
7253,Cc1nnc(SCC2=C(C(=O)O)N3C(=O)[C@H](NC(=O)Cn4cnnn4)[C@@H]3SC2)s1,0,train,42
7254,Cn1nnnc1SCC1=C(C(=O)O)N2C(=O)[C@H](NC(=O)[C@H](O)c3ccccc3)[C@H]2SC1,0,val,42
7255,CCN1CCN(C(=O)N[C@H](C(=O)N[C@H]2C(=O)N3C(C(=O)O)=C(CSc4nnnn4C)CS[C@H]23)c2ccc(O)cc2)C(=O)C1=O,0,train,42
7256,CO/N=C(/C(=O)N[C@H]1C(=O)N2C(C(=O)O)=C(CSc3nc(C)c(CC(=O)O)s3)CS[C@H]12)c1csc(N)n1,0,train,42
7257,CO/N=C(/C(=O)N[C@H]1C(=O)N2C(C(=O)O)=C(CSc3nnnn3C)CS[C@H]12)c1csc(N)n1,0,val,42
7258,CO/N=C(/C(=O)N[C@H]1C(=O)N2C(C(=O)O)=C(CSc3nc(=O)c(=O)[nH]n3C)CS[C@H]12)c1csc(N)n1,0,train,42
7259,CO/N=C(/C(=O)N[C@H]1C(=O)N2C(C(=O)O)=C(CSc3cnns3)CS[C@@H]12)c1csc(N)n1,0,train,42
7260,CO[C@]1(NC(=O)C2SC(=C(C#N)C(=O)O)S2)C(=O)N2C(C(=O)O)=C(CSc3nnnn3C)CS[C@@H]21,0,train,42
7261,O=C(Cn1cnnn1)N[C@@H]1C(=O)N2C(C(=O)O)=C(CSc3nncs3)CS[C@@H]12,0,train,42
7262,O=C(Cc1cccs1)N[C@@H]1C(=O)N2C(C(=O)O)=C(CSC3=NCNN3)CS[C@@H]12,0,train,42
7263,CN(C)CCn1nnnc1SCC1=C(C(=O)O)N2C(=O)[C@@H](NC(=O)Cc3csc(N)n3)[C@@H]2SC1,0,train,42
7264,NCc1ccccc1CC(=O)N[C@@H]1C(=O)N2C(C(=O)O)=C(CSc3nnnn3CC(=O)O)CS[C@@H]12,0,train,42
7265,Cc1cc(O)c(C(=O)N[C@@H](C(=O)N[C@@H]2C(=O)N3C(C(=O)O)=C(CSc4nnnn4C)CS[C@@H]23)c2ccc(O)cc2)cn1,0,train,42
7266,N[C@@H](C(=O)N[C@@H]1C(=O)N2C(C(=O)O)=C(CSc3c[nH]nn3)CS[C@@H]12)c1ccc(O)cc1,0,train,42
7267,Cc1nnc(SCC2=C(C(=O)O)N3C(=O)[C@@H](NC(=O)[C@@H](O)c4ccccc4)[C@H]3SC2)s1,0,train,42
7268,CO[C@@]1(NC(=O)[C@@H](C(=O)O)c2ccc(O)cc2)C(=O)N2C(C(=O)O)=C(CSc3nnnn3C)CO[C@H]21,0,train,42
7269,CC1(C)S[C@@H]2[C@@H](NC(=O)CSc3ccccc3)C(=O)N2[C@@H]1C(=O)O,0,train,42
7270,C=CCSCC(=O)N[C@@H]1C(=O)N2[C@H]1SC(C)(C)[C@H]2C(=O)O,0,train,42
7271,CO[C@@]1(NC(=O)CSCC#N)C(=O)N2C(C(=O)O)=C(CSc3nnnn3C)CS[C@H]21,0,train,42
7272,Cc1c(O)cccc1C(=O)N[C@@H](CSc1ccccc1)[C@H](O)CN1C[C@H]2CCCC[C@H]2C[C@H]1C(=O)NC(C)C,0,train,42
7273,CO[C@]1(NC(=O)CSC[C@H](N)C(=O)O)C(=O)N2C(C(=O)O)=C(CSc3nnnn3C)CS[C@@H]21,0,train,42
7274,Cc1c(O)cccc1C(=O)N[C@H](CSc1ccccc1)[C@@H](O)CN1C[C@H]2CCCC[C@@H]2C[C@@H]1C(=O)NC(C)(C)C,0,train,42
7275,CCC[C@H]1C[C@H](C(=O)N[C@@H]([C@@H]2O[C@@H](SC)[C@@H](O)[C@H](O)[C@H]2O)[C@H](C)O)N(C)C1,0,train,42
7276,CO[C@@]1(NC(=O)CSC(F)F)C(=O)N2C(C(=O)O)=C(CSc3nnnn3CCO)CO[C@H]21,0,train,42
7277,Cn1nnnc1SCC1=C(C(=O)O)N2C(=O)[C@@H](NC(=O)CSC(F)(F)F)[C@@H]2SC1,0,train,42
7278,CO/N=C(/C(=O)N[C@H]1C(=O)N2C(C(=O)O)=C(CSC(=O)c3ccco3)CS[C@H]12)c1csc(N)n1,0,train,42
7279,CC1(C)[C@H](NC/C(=N\OCC(=O)O)c2csc(N)n2)C(=O)N1OS(=O)(=O)O,0,train,42
7280,C[C@@H]1[C@H](NC(=O)/C(=N\OC(C)(C)C(=O)O)c2csc(N)n2)C(=O)N1S(=O)(=O)O,0,train,42
7281,NC(=O)OC[C@H]1[C@@H](NC(=O)/C(=N\OCC(=O)O)c2csc(N)n2)C(=O)N1S(=O)(=O)O,0,train,42
7282,CC1(C)S[C@H]2[C@@H](NC(=O)[C@H](NS(=O)(=O)O)c3ccccc3)C(=O)N2[C@H]1C(=O)O,0,train,42
7283,O=C(O)C1=C(CSc2nnnn2CS(=O)(=O)O)CS[C@@H]2[C@H](NC(=O)[C@@H](O)c3ccccc3)C(=O)N12,0,train,42
7284,O=C(O)C1=C(CN2C=CC(CCS(=O)(=O)O)C=C2)CS[C@H]2[C@H](NC(=O)[C@H](NC(=O)c3nc[nH]c3C(=O)O)c3ccccc3)C(=O)N12,0,train,42
7285,NC(=O)C1C=CN(C[C@H]2CS[C@@H]3[C@@H](NC(=O)[C@H](c4ccccc4)S(=O)(=O)O)C(=O)N3[C@H]2C(=O)O)C=C1,0,train,42
7286,CC1(C)S[C@@H]2[C@H](NC(=O)[C@@H](c3ccccc3)S(=O)(=O)O)C(=O)N2[C@@H]1C(=O)O,0,train,42
7287,CC1=C(C(=O)O)N2C(=O)[C@@H](NC(=O)[C@H](N)c3cccc(NS(C)(=O)=O)c3)[C@@H]2SC1,0,train,42
7288,CC1(C)S[C@H]2[C@@H](NC(=O)[C@@H](NC(=O)Nc3cnc(Nc4ccc(S(N)(=O)=O)cc4)nc3O)c3ccc(O)cc3)C(=O)N2[C@@H]1C(=O)O,0,train,42
7289,CC1(C)S[C@@H]2[C@@H](NC(=O)[C@H](NC(=O)c3ccc(-c4ccc(S(=O)(=O)N(CCO)CCO)cc4)[nH]c3=O)c3ccc(O)cc3)C(=O)N2[C@H]1C(=O)O,0,train,42
7290,C[C@H](O)[C@@H]1C(=O)N2C(C(=O)O)=C(S[C@@H]3CN[C@H](C(=O)N(C)C)C3)[C@@H](C)[C@H]12,0,train,42
7291,C[C@@H]1C(S[C@@H]2CN3C=NCN3C2)=C(C(=O)O)N2C(=O)[C@@H]([C@@H](C)O)[C@H]12,0,train,42
7292,CNCC[C@H](O)[C@H]1C[C@@H](SC2=C(C(=O)O)N3C(=O)[C@@H]([C@@H](C)O)[C@H]3[C@@H]2C)CN1,0,test,42
7293,CO/N=C(/C(=O)N[C@@H]1C(=O)N2C(C(=O)O)=C(/C=C/Sc3n[nH]c(=O)c(=O)n3CC=O)CS[C@@H]12)c1csc(N)n1,0,train,42
7294,Cn1nnnc1SCC1=C(C(=O)O)N2C(=O)[C@H](NC(=O)CS/C=C/C#N)[C@H]2SC1,0,train,42
7295,C[C@@H](N)Cc1ccc(O)cc1,0,train,42
7296,N#CC(=C\c1ccc(O)cc1)/C(C#N)=C/c1ccc(O)cc1,0,train,42
7297,OC[C@H]1CC[C@H](n2cnc3c(O)ncnc32)O1,0,train,42
7298,O=C(Cc1cccs1)N[C@@H]1C(=O)N2C(C(=O)O)=C(CSc3nc[nH]n3)CS[C@H]12,0,train,42
7299,CO[C@@H]1CCC[C@@H]2C1=C(C=O)N1C(=O)[C@@H]([C@@H](C)O)[C@@H]21,0,train,42
7300,CO[C@@H]1[C@@H](O[C@@H]2O[C@@H](C)[C@H](O[C@H]3C[C@](C)(O)[C@H](O)[C@@H](C)O3)[C@H](N(C)C)[C@H]2O)[C@H](CC=O)C[C@@H](C)[C@H](O)/C=C/C=C\C[C@H](C)OC(=O)C[C@H]1O,0,train,42
7301,CO[C@@H]1[C@@H](O[C@H]2O[C@@H](C)[C@@H](O[C@@H]3C[C@@](C)(O)[C@H](O)[C@@H](C)O3)[C@@H](N(C)C)[C@@H]2O)[C@H](CC=O)C[C@@H](C)[C@@H](O[C@@H]2CC[C@@H](N(C)C)[C@H](C)O2)/C=C/C=C/C[C@H](C)OC(=O)C[C@@H]1O,0,val,42
7302,CC[C@@H](C)[C@H](NC(=O)[C@H](CCC(=O)O)NC(=O)[C@H](CC(C)C)NC(=O)[C@@H]1CSC([C@H](N)[C@H](C)CC)=N1)C(=O)NCCCC[C@@H]1NC(=O)[C@H](CC(N)=O)NC(=O)[C@H](CC(=O)O)NC(=O)[C@H](Cc2c[nH]cn2)NC(=O)[C@H](Cc2ccccc2)NC(=O)[C@@H]([C@H](C)CC)NC(=O)[C@H](CCCN)NC1=O,0,train,42
7303,CC1=C/[C@@H](O)CC(=O)Cc2nc(co2)C(=O)N2CCC=C2C(=O)O[C@@H](C(C)C)[C@H](C)/C=C/C(=O)NC\C=C\1,0,train,42
7304,Cn1c(=O)c2c(ncn2CCNC[C@H](O)c2ccc(O)c(O)c2)n(C)c1=O,0,train,42
7305,C/C=C/C[C@H](C)[C@@H](O)[C@@H]1C(=O)N[C@@H](CC)C(=O)N(C)CC(=O)N(C)[C@H](CC(C)C)C(=O)N[C@@H](C(C)C)C(=O)N(C)[C@H](CC(C)C)C(=O)N[C@@H](C)C(=O)N[C@H](C)C(=O)N(C)[C@H](CC(C)C)C(=O)N(C)[C@H](CC(C)C)C(=O)N(C)[C@@H](C(C)C)C(=O)N1C,0,train,42
7306,CC(C)C[C@@H]1NC(=O)[C@H](CCCN)NC(=O)[C@H](C(C)C)NC(=O)[C@H]2CCCN2C(=O)[C@H](Cc2ccccc2)NC(=O)[C@@H](CC(C)C)NC(=O)[C@@H](CCCN)NC(=O)[C@H](C(C)C)NC(=O)[C@@H]2CCCN2C(=O)[C@H](Cc2ccccc2)NC1=O,0,train,42
7307,CC[C@@H]1NC(=O)[C@H]2CCCN2C(=O)[C@@H](Cc2ccccc2)NC(=O)[C@H](CC(C)C)NC(=O)[C@@H](CCCN)NC(=O)[C@H](C(C)C)NC(=O)[C@@H]2CCCN2C(=O)[C@@H](Cc2ccccc2)NC(=O)[C@@H](CC(C)C)NC(=O)[C@H](CCCN)NC1=O,0,train,42
7308,CC(C)[C@@H]1NC(=O)[C@@H](C(C)C)OC(=O)[C@@H](C(C)C)NC(=O)[C@@H](C)OC(=O)[C@@H](C(C)C)NC(=O)[C@@H](C)COC(=O)[C@@H](C(C)C)NC(=O)[C@@H](C)OC(=O)[C@H](C(C)C)NC(=O)[C@@H](C)COC(=O)[C@@H](C(C)C)NC(=O)[C@H](C)OC1=O,0,train,42
7309,CCCC[C@@H]1CC(=O)[C@@]2(O)O[C@@H]3[C@@H](NC)[C@H](O)[C@@H](NC)[C@H](O)[C@H]3O[C@@H]2O1,0,test,42
7310,COCOC(=O)[C@@H]1N2C(=O)[C@H](N3C(=O)[C@@H](c4ccc(O)cc4)NC3(C)C)[C@@H]2SC1(C)C,0,test,42
7311,COCOC(=O)[C@H]1N2C(=O)[C@@H](N3C(=O)[C@H](c4ccccc4)NC3(C)C)[C@H]2SC1(C)C,0,train,42
7312,CC(C)(C)C(=O)OCOC(=O)[C@H]1N2C(=O)[C@H](/N=C/N3CCCCCC3)[C@@H]2SC1(C)C,0,train,42
7313,CCN(CC)CCOC(=O)[C@H]1N2C(=O)[C@H](NC(=O)c3c(OC)cccc3OC)[C@@H]2SC1(C)C,0,train,42
7314,CC(C)c1nc(CN(C)C(=O)N[C@@H](C(=O)N[C@H](Cc2ccccc2)C[C@H](O)[C@@H](Cc2ccccc2)NC(=O)OCc2cncs2)C(C)C)cs1,0,train,42
7315,CC(C)C(=O)OCc1cccc(OC(=O)[C@@H]2N3C(=O)[C@H](NC(=O)Cc4ccccc4)[C@@H]3SC2(C)C)c1,0,val,42
7316,CO/N=C(/C(=O)N[C@H]1C(=O)N2C(C(=O)O)=C(COC(N)=O)CS[C@@H]12)c1ccco1,0,train,42
7317,CC/C=C(/C(=O)N[C@H]1C(=O)N2C(C(=O)O)=C(COC(N)=O)CS[C@H]12)c1csc(N)n1,0,train,42
7318,CO[C@]1(NC(=O)Cc2cccs2)C(=O)N2C(C(=O)O)=C(COC(N)=O)CS[C@@H]21,0,train,42
7319,C[C@H](O)[C@@H]1C(=O)N2C(C(=O)O)=C(COC(N)=O)S[C@@H]12,0,train,42
7320,CCOC(=O)O[C@@H]1[C@@H](O[C@@H]2[C@@H](C)[C@@H](O[C@H]3C[C@@](C)(OC)[C@@H](O)[C@H](C)O3)[C@H](C)C(=O)O[C@H](CC)[C@@](C)(O)[C@H](O)[C@@H](C)C(=O)[C@H](C)C[C@]2(C)O)O[C@@H](C)C[C@H]1N(C)C,0,train,42
7321,CCOC(=O)CCC(=O)O[C@H]1[C@H](O[C@@H]2[C@H](C)[C@H](O[C@@H]3C[C@](C)(OC)[C@H](O)[C@@H](C)O3)[C@@H](C)C(=O)O[C@@H](CC)[C@](C)(O)[C@@H](O)[C@@H](C)C(=O)[C@H](C)C[C@@]2(C)O)O[C@H](C)C[C@@H]1N(C)C,0,train,42
7322,CCOC(OCC)C(=O)OCC(=O)[C@@]1(O)Cc2c(O)c3c(c(O)c2[C@@H](O[C@@H]2C[C@@H](N)[C@H](O)[C@@H](C)O2)C1)C(=O)c1c(OC)cccc1C3=O,0,train,42
7323,CC1(C)S[C@@H]2[C@@H](NC(=O)[C@@H](C(=O)Oc3ccccc3)c3ccccc3)C(=O)N2[C@H]1C(=O)O,0,train,42
7324,CC1(C)S[C@H]2[C@H](NC(=O)[C@@H](C(=O)Oc3ccc4c(c3)CCC4)c3ccccc3)C(=O)N2[C@@H]1C(=O)O,0,test,42
7325,CNC[C@H](O)c1cccc(OC(=O)C(C)(C)C)c1,0,train,42
7326,CNC[C@H](O)c1ccc(OC(=O)C(C)(C)C)c(OC(=O)C(C)(C)C)c1,0,train,42
7327,CO[C@]12[C@H](COC(N)=O)C3=C(C(=O)C(C)=C(N)C3=O)N1C[C@@H]1N[C@@H]12,0,train,42
7328,CC[C@@]1(O)C[C@H](O[C@@H]2C[C@H](N(C)C)[C@@H](O[C@@H]3C[C@H](O)[C@H](O[C@@H]4CCC(=O)[C@H](C)O4)[C@H](C)O3)[C@@H](C)O2)c2c(cc3c(c2O)C(=O)c2c(O)cccc2C3=O)[C@H]1C(=O)OC,0,train,42
7329,CC(=O)O[C@]12CO[C@H]1C[C@H](O)[C@]1(C)C(=O)[C@H](O)[C@H]3[C@@H](C)[C@@H](OC(=O)[C@H](O)[C@H](NC(=O)OC(C)(C)C)c4ccccc4)C[C@@](O)([C@@H](OC(=O)c4ccccc4)[C@H]21)C3(C)C,0,train,42
7330,CCC(=O)O[C@H]1[C@H](O[C@H]2[C@H](C)[C@H](O[C@@H]3C[C@](C)(OC)[C@H](O)[C@@H](C)O3)[C@@H](C)C(=O)O[C@@H](CC)[C@](C)(O)[C@@H](O)[C@H](C)C(=O)[C@@H](C)C[C@@]2(C)O)O[C@H](C)C[C@@H]1N(C)C,0,train,42
7331,CO[C@@H]1C[C@H](O[C@@H]2[C@@H](C)[C@H](O[C@@H]3O[C@@H](C)C[C@H](N(C)C)[C@H]3OC(C)=O)[C@H](C)C[C@@]3(CO3)C(=O)[C@@H](C)[C@@H](OC(C)=O)[C@H](C)[C@@H](C)OC(=O)[C@@H]2C)O[C@H](C)[C@H]1OC(C)=O,0,train,42
7332,CO[C@H]1[C@H](O[C@@H]2O[C@H](C)[C@H](O[C@@H]3C[C@@](C)(O)[C@@H](OC(=O)CC(C)C)[C@@H](C)O3)[C@@H](N(C)C)[C@H]2O)[C@@H](CC=O)C[C@@H](C)[C@@H](O)/C=C\C=C\C[C@H](C)OC(=O)C[C@@H]1OC(C)=O,0,test,42
7333,CC(=O)O[C@H]1C(=O)[C@]2(C)[C@H](O)C[C@H]3OC[C@]3(OC(C)=O)[C@H]2[C@H](OC(=O)c2ccccc2)[C@@]2(O)C[C@@H](OC(=O)[C@@H](O)[C@@H](NC(=O)c3ccccc3)c3ccccc3)[C@@H](C)[C@@H]1C2(C)C,0,val,42
7334,CO[C@@H]1/C=C/O[C@]2(C)Oc3c(C)c(O)c4c(c3C2=O)C2=C(NC3(CCN(CC(C)C)CC3)N2)[C@@H](NC(=O)/C(C)=C/C=C/[C@@H](C)[C@@H](O)[C@@H](C)[C@@H](O)[C@H](C)[C@H](OC(C)=O)[C@@H]1C)C4=O,0,train,42
7335,CO[C@H]1/C=C/O[C@@]2(C)Oc3c(C)c(O)c4c(O)c(c(/C=N/N5CCN(C)CC5)c(O)c4c3C2=O)NC(=O)/C(C)=C\C=C/[C@@H](C)[C@@H](O)[C@H](C)[C@@H](O)[C@H](C)[C@H](OC(C)=O)[C@@H]1C,0,train,42
7336,CO[C@@H]1/C=C/O[C@@]2(C)Oc3c(C)c(O)c4c(O)c(c(/C=N/N5CCN(C6CCCC6)CC5)c(O)c4c3C2=O)NC(=O)/C(C)=C\C=C/[C@@H](C)[C@H](O)[C@H](C)[C@@H](O)[C@H](C)[C@H](OC(C)=O)[C@@H]1C,0,train,42
7337,CO[C@H]1/C=C/O[C@@]2(C)Oc3c(C)c(O)c4c(O)c(cc(O)c4c3C2=O)NC(=O)/C(C)=C\C=C/[C@H](C)[C@H](O)[C@@H](C)[C@H](O)[C@H](C)[C@H](OC(C)=O)[C@@H]1C,0,train,42
7338,CCN(CC)/C(C)=N/N=C/c1c2c(O)c3c(O)c(C)c4c(c3c1O)C(=O)[C@@](C)(O/C=C/[C@@H](OC)[C@@H](C)[C@@H](OC(C)=O)[C@@H](C)[C@@H](O)[C@H](C)[C@@H](O)[C@@H](C)/C=C/C=C(\C)C(=O)N2)O4,0,train,42
7339,CCN(CC)c1nc2c(s1)c1c(O)c3c(O)c(C)c4c(c32)C(=O)[C@](C)(O/C=C/[C@H](OC)[C@H](C)[C@H](OC(C)=O)[C@H](C)[C@H](O)[C@@H](C)[C@@H](O)[C@H](C)/C=C/C=C(/C)C(=O)N1)O4,0,train,42
7340,CCC(=O)O[C@@H]1[C@H](C)[C@H](C)OC(=O)[C@@H](C)[C@@H](O[C@@H]2C[C@@H](OC)[C@H](OC(=O)CC)[C@H](C)O2)[C@@H](C)[C@@H](O[C@@H]2O[C@@H](C)C[C@H](N(C)C)[C@H]2O)[C@H](C)C[C@@]2(CO2)C(=O)[C@H]1C,0,train,42
7341,CO[C@H]1[C@H](OC(N)=O)[C@@H](O)[C@@H](Oc2ccc3c(O)c(NC(=O)c4ccc(O)c(CC=C(C)C)c4)c(=O)oc3c2C)OC1(C)C,0,train,42
7342,CCC(=O)O[C@@H]1[C@@H](C)O[C@H](O[C@H]2[C@H](N(C)C)[C@@H](O)[C@@H](O[C@H]3[C@H](CC=O)C[C@H](C)[C@H](O)/C=C\C=C\C[C@@H](C)OC(=O)C[C@@H](OC(=O)CC)[C@@H]3OC)O[C@H]2C)C[C@@]1(C)O,0,train,42
7343,CO[C@@H]1/C=C\O[C@]2(C)Oc3c(C)c(O)c4c(O)c(c5c(nc6cc(C)ccn65)c4c3C2=O)NC(=O)/C(C)=C/C=C/[C@@H](C)[C@H](O)[C@@H](C)[C@@H](O)[C@H](C)[C@@H](OC(C)=O)[C@@H]1C,0,train,42
7344,CC[C@@]1(O)C[C@H]2C[N@@](CCc3c([nH]c4ccccc34)[C@](C(=O)OC)(c3cc4c(cc3OC)N(C=O)[C@H]3[C@](O)(C(=O)OC)[C@@H](OC(C)=O)[C@@]5(CC)C=CCN6CC[C@]43[C@H]65)C2)C1,0,train,42
7345,CC[C@@]1(O)C[C@H]2C[N@@](CCc3c([nH]c4ccccc34)[C@](C(=O)OC)(c3cc4c(cc3OC)N(C)[C@H]3[C@](O)(C(=O)OC)[C@@H](OC(C)=O)[C@@]5(CC)C=CCN6CC[C@]43[C@H]65)C2)C1,0,train,42
7346,C[C@H](O)[C@@H]1C(=O)N2C(C(=O)O)=C([C@@H]3CCCO3)S[C@H]12,0,train,42
7347,CC(C)(C(=O)O)c1ccc([C@@H](O)CCCN2CCC(C(O)(c3ccccc3)c3ccccc3)CC2)cc1,0,train,42
7348,CCOc1ccc2ccccc2c1C(=O)N[C@@H]1C(=O)N2[C@@H](C(=O)O)C(C)(C)S[C@@H]12,0,train,42
7349,Cc1onc(-c2ccccc2)c1C(=O)N[C@@H]1C(=O)N2[C@@H](C(=O)O)C(C)(C)S[C@@H]12,0,test,42
7350,CC1(C)S[C@H]2[C@@H](N3C(=O)[C@H](c4ccccc4)NC3(C)C)C(=O)N2[C@H]1C(=O)O,0,train,42
7351,CC1(C)S[C@H]2[C@@H](N3C(=O)[C@@H](c4ccc(O)cc4)NC3(C)C)C(=O)N2[C@H]1C(=O)O,0,train,42
7352,CCOc1ccc2ccccc2c1C(=O)N[C@H]1C(=O)N2[C@@H]1SC(C)(C)[C@@H]2C(=O)O,0,train,42
7353,CC1(C)S[C@@H]2[C@@H](/N=C/N3CCCCCC3)C(=O)N2[C@H]1C(=O)O,0,train,42
7354,C[C@@H]1[C@H](O)[C@@H](C)/C=C/C=C/C=C/C=C/C=C\C=C\C=C\[C@H](O[C@H]2O[C@@H](C)[C@H](O)[C@@H](N)[C@@H]2O)C[C@H]2O[C@@](O)(C[C@H](O)C[C@H](O)[C@H](O)CC[C@H](O)C[C@@H](O)CC(=O)O[C@@H]1C)C[C@@H](O)[C@@H]2C(=O)O,0,val,42
7355,C[C@H]1[C@H](O)[C@@H](C)/C=C/C=C/C=C\C=C\C=C\C=C\C=C/[C@@H](O[C@@H]2O[C@@H](C)[C@@H](O)[C@H](N)[C@H]2O)C[C@@H]2O[C@](O)(C[C@H](O)[C@@H]2C(=O)O)C[C@H](O)[C@@H](O)CC[C@@H](O)C[C@@H](O)C[C@H](O)CC(=O)O[C@@H]1C,0,test,42
7356,CN(Cc1cnc2nc(N)nc(N)c2n1)c1ccc(C(=O)N[C@H](CCC(=O)O)C(=O)O)cc1,0,train,42
7357,CN(C)[C@@H]1C(O)=C(C(=O)N[C@@H](C(=O)O)N2CCN(CCO)CC2)C(=O)[C@]2(O)C(O)=C3C(=O)c4c(O)cccc4[C@@](C)(O)[C@H]3C[C@@H]12,0,train,42
7358,CC1(C)S[C@@H]2[C@@H](NC(=O)CCC[C@@H](N)C(=O)O)C(=O)N2[C@@H]1C(=O)O,0,train,42
7359,N[C@H](Cc1ccc(O)c(O)c1)C(=O)O,0,train,42
7360,CC1(C)S[C@@H]2[C@@H](NC(=O)[C@@H](C(=O)O)c3ccccc3)C(=O)N2[C@H]1C(=O)O,0,train,42
7361,CO[C@]1(NC(=O)[C@@H](C(=O)O)c2ccsc2)C(=O)N2[C@H](C(=O)O)C(C)(C)S[C@@H]21,0,train,42
7362,CN(C)[C@@H]1C(O)=C(C(=O)NCN2CCC[C@H](C(=O)O)C2)C(=O)[C@@]2(O)C(O)=C3C(=O)c4c(O)cccc4[C@](C)(O)[C@H]3C[C@@H]12,0,train,42
7363,CC1(C)S[C@@H]2[C@H](NC(=O)c3nc4ccccc4nc3C(=O)O)C(=O)N2[C@@H]1C(=O)O,0,test,42
7364,CC1(C)S[C@@H]2[C@@H](NC(=O)C3(N)CCCCC3)C(=O)N2[C@@H]1C(=O)O,0,train,42
7365,C[C@@]1(Cn2ccnn2)[C@@H](C(=O)O)N2C(=O)C[C@@H]2S1(=O)=O,0,train,42
7366,CN(C)[C@@H]1C(O)=C(C(=O)NCNCCCC[C@H](N)C(=O)O)C(=O)[C@]2(O)C(O)=C3C(=O)c4c(O)cccc4[C@@](C)(O)[C@H]3C[C@@H]12,0,train,42
7367,CC1(C)S[C@@H]2[C@@H](NC(=O)[C@H](C(=O)O)c3ccsc3)C(=O)N2[C@@H]1C(=O)O,0,val,42
7368,CC(=O)O[C@H]1C[C@@]2(C)[C@H](C[C@H](O)[C@@H]3[C@]4(C)CC[C@H](O)[C@@H](C)[C@@H]4CC[C@@]32C)/C1=C(\CCC=C(C)C)C(=O)O,0,train,42
7369,N[C@H](CO)C(=O)NNCc1ccc(O)c(O)c1O,0,train,42
7370,CN(C)[C@@H]1C(O)=C(C(=O)NCN2CCN(CCO)CC2)C(=O)[C@]2(O)C(O)=C3C(=O)c4c(O)cccc4[C@](C)(O)[C@@H]3C[C@H]12,0,train,42
7371,CN(C)[C@H]1C(O)=C(C(=O)NCN2CCCC2)C(=O)[C@]2(O)C(O)=C3C(=O)c4c(O)cccc4[C@](C)(O)[C@@H]3C[C@H]12,0,train,42
7372,CN(CCN(C)CNC(=O)C1=C(O)[C@@H](N(C)C)[C@@H]2C[C@H]3C(=C(O)[C@@]2(O)C1=O)C(=O)c1c(O)cccc1[C@]3(C)O)CNC(=O)C1=C(O)[C@@H](N(C)C)[C@H]2C[C@@H]3C(=C(O)[C@@]2(O)C1=O)C(=O)c1c(O)cccc1[C@]3(C)O,0,test,42
7373,CC[C@H](NC(=O)c1c(OCCNC(=O)[C@H]2CCCN2)c(-c2ccccc2)nc2ccccc12)c1ccccc1,0,train,42
7374,CC[C@@H](C)[C@@H](N)[C@@H]1N[C@H](C(=O)N[C@@H](CC(C)C)C(=O)N[C@H](CCC(=O)O)C(=O)N[C@H](C(=O)NCCCC[C@@H]2NC(=O)[C@H](CC(N)=O)NC(=O)[C@@H](CC(=O)O)NC(=O)[C@H](Cc3c[nH]cn3)NC(=O)[C@@H](Cc3ccccc3)NC(=O)[C@H]([C@@H](C)CC)NC(=O)[C@@H](CCCN)NC2=O)[C@@H](C)CC)CS1,0,train,42
7375,CO/N=C(/C(=O)N[C@H]1C(=O)N2C(C(=O)OCOC(=O)C(C)(C)C)=CCS[C@H]12)c1csc(NC(=O)[C@@H](C)N)n1,0,train,42
7376,CCCC(=O)Nc1ccc(OC[C@@H](O)CNC(C)C)c(C(C)=O)c1,0,test,42
7377,CC(C)(C)NC[C@@H](O)c1ccc(O)c(NC(N)=O)c1,0,val,42
7378,C/C=C/C=C/[C@H]1O[C@@](O)([C@@H](CC)C(=O)NC/C=C/C=C(\C)[C@@H](OC)[C@@H](C)[C@H]2O[C@@H](/C=C/C=C/C=C(\C)C(=O)c3c(O)ccn(C)c3=O)[C@@H](O)[C@@H]2O)[C@H](O)[C@@H](O[C@H]2O[C@H](C)[C@H](O[C@H]3O[C@@H](C)[C@H](OC)[C@@H](O)[C@@H]3OC)[C@@H](OC)[C@@H]2O)C1(C)C,0,train,42
7379,COc1cc2c(c(OC)c1OC)-c1ccc(OC)c(=O)cc1[C@H](NC(C)=O)CC2,0,val,42
7380,COC1=C(C(=O)O)N2C(=O)[C@H](NC(=O)[C@H](N)C3C=CCC=C3)[C@H]2SC1,0,train,42
7381,CC(=O)OCC1=C(C(=O)O)N2C(=O)[C@H](NC(=O)Cc3cccs3)[C@H]2SC1,0,val,42
7382,CC(=O)OCC1=C(C(=O)O)N2C(=O)[C@H](NC(=O)Cc3ccccc3)[C@H]2SC1,0,train,42
7383,CC(=O)OCC1=C(C(=O)O)N2C(=O)[C@H](NC(=O)CC#N)[C@H]2SC1,0,train,42
7384,CC(=O)OCC1=C(C(=O)O)N2C(=O)[C@H](NC(=O)[C@@H](N)c3ccccc3)[C@H]2SC1,0,train,42
7385,CO/N=C(/C(=O)N[C@H]1C(=O)N2C(C(=O)O)=C(COC(C)=O)CS[C@H]12)c1ccco1,0,train,42
7386,CO/N=C(/C(=O)N[C@H]1C(=O)N2C(C(=O)O)=C(CN3CC=C(N)N3CCO)CS[C@@H]12)c1csc(N)n1,0,train,42
7387,CO/N=C(/C(=O)N[C@H]1C(=O)N2C(C(=O)O)=C(CN3C=CCC4=C3CCCC4)CS[C@H]12)c1csc(N)n1,0,train,42
7388,NC(=O)C1C=CN(CC2=C(C(=O)O)N3C(=O)[C@H](NC(=O)Cc4cccs4)[C@H]3SC2)C=C1,0,train,42
7389,C=CC1=C(C(=O)O)N2C(=O)[C@H](NC(=O)/C(=N/OCC(=O)O)c3csc(N)n3)[C@H]2SC1,0,train,42
7390,CC1=C(C(=O)O)N2C(=O)[C@H](NC(=O)Cc3ccc(C4=NCCCN4)cc3)[C@H]2SC1,0,train,42
7391,CC1=C(C(=O)O)N2C(=O)[C@H](NC(=O)[C@@H](N)c3ccc(O)cc3)[C@H]2SC1,0,train,42
7392,CO/N=C(/C(=O)N[C@H]1C(=O)N2C(C(=O)O)=C(/C=C/c3scnc3C)CS[C@@H]12)c1csc(N)n1,0,train,42
7393,CC1(C)S[C@@H]2[C@@H](NC(=O)[C@H](N)c3ccccc3)C(=O)N2[C@@H]1C(=O)O[C@@H]1OC(=O)c2ccccc21,0,train,42
7394,C=N[C@@H](C(=O)N[C@H]1C(=O)N2[C@@H]1SC(C)(C)[C@H]2C(=O)O)c1ccccc1,0,train,42
7395,CC1(C)S[C@@H]2[C@@H](NC(=O)[C@@H](/N=C/c3ccco3)c3ccc(O)cc3)C(=O)N2[C@@H]1C(=O)O,0,train,42
7396,CC(C)(C)C(=O)OCOC(=O)[C@@H]1N2C(=O)[C@H](NC(=O)[C@H](N)c3ccccc3)[C@@H]2SC1(C)C,0,train,42
7397,CC1(C)S[C@H]2[C@@H](NC(=O)[C@H](N)c3ccccc3)C(=O)N2[C@H]1C(=O)OCOC(=O)[C@@H]1N2C(=O)C[C@@H]2S(=O)(=O)C1(C)C,0,train,42
7398,CC1(C)S[C@@H]2[C@@H](NC(=O)COc3ccccc3)C(=O)N2[C@H]1C(=O)O,0,train,42
7399,CC1(C)S[C@@H]2[C@@H](NC(=O)Cc3ccccc3)C(=O)N2[C@H]1C(=O)O,0,train,42
7400,CC1(C)S[C@@H]2[C@@H](NC(=O)[C@H](N)c3ccccc3)C(=O)N2[C@H]1C(=O)O,0,train,42
7401,CC1(C)S[C@@H]2[C@@H](NC(=O)[C@H](N)c3ccc(O)cc3)C(=O)N2[C@H]1C(=O)O,0,train,42
7402,CC[C@@H](Oc1ccccc1)C(=O)N[C@H]1C(=O)N2[C@@H](C(=O)O)C(C)(C)S[C@@H]12,0,train,42
7403,CN(C)[C@@H]1C(O)=C(C(=O)NCN[C@@H](C(=O)N[C@H]2C(=O)N3[C@@H](C(=O)O)C(C)(C)S[C@@H]23)c2ccccc2)C(=O)[C@@]2(O)C(O)=C3C(=O)c4c(O)cccc4[C@@](C)(O)[C@@H]3C[C@H]12,0,test,42
7404,CCN1CCN(C(=O)N[C@H](C(=O)N[C@H]2C(=O)N3[C@@H](C(=O)O)C(C)(C)S[C@@H]23)c2ccccc2)C(=O)C1=O,0,train,42
7405,CN[C@H]1[C@H](O)[C@@H](O[C@@H]2[C@@H](O)[C@@H](O[C@H]3O[C@@H](CN)[C@@H](O)[C@H](O)[C@H]3O)[C@H](N)C[C@H]2NC(=O)[C@@H](O)CN)OC[C@]1(C)O,0,val,42
7406,NCC[C@H](O)C(=O)N[C@@H]1C[C@H](N)[C@@H](O[C@@H]2O[C@H](CN)[C@H](O)[C@@H](O)[C@H]2O)[C@H](O)[C@H]1O[C@H]1O[C@@H](CO)[C@@H](O)[C@H](N)[C@@H]1O,0,train,42
7407,CC[C@@H]1NC(=O)[C@@H](NC(=O)c2ncccc2O)[C@H](C)OC(=O)[C@@H](c2ccccc2)NC(=O)[C@H]2CC(=O)CCN2C(=O)[C@H](Cc2ccccc2)N(C)C(=O)[C@H]2CCCN2C1=O,0,train,42
7408,COc1cccc2c1C(=O)c1c(O)c3c(c(O)c1C2=O)C[C@](O)(C(=O)CO)C[C@@H]3O[C@@H]1C[C@@H](NC(=O)[C@@H](N)CC(C)C)[C@@H](O)[C@H](C)O1,0,train,42
7409,CO/N=C(\C(=O)N[C@@H]1C(=O)N(OCC(=O)OCC(=O)OC(C)(C)C)[C@@H]1C)c1csc(N)n1,0,train,42
7410,CC(=O)O[C@@H]1/C=C\C(C)=C/C[C@H](O)/C=C/C(C)=C\[C@@H](NC(=O)C(C)=O)[C@]2(C)C(=O)O[C@H](C1)[C@@H](C)C2=O,0,train,42
7411,CC[C@H](NC(=O)[C@@H]1CCCN1C(=O)[C@@H](Cc1ccccc1)NC(=O)[C@@H](N)CC(C)C)C(=O)N[C@@H](CCCN)C(=O)N[C@H](CC(C)C)C(=O)N[C@@H](Cc1ccccc1)C(=O)N1CCC[C@@H]1C(=O)N[C@H](CC)C(=O)N[C@@H](C=O)CCCN,0,train,42
7412,CNC(=O)C[C@H](N)C(=O)N[C@H](C(=O)N[C@H]1C(=O)N2[C@@H](C(=O)O)C(C)(C)S[C@@H]12)c1ccc(O)cc1,0,train,42
7413,CC1=C(C(=O)OCC(=O)OC(C)(C)C)N2C(=O)[C@@H](NC(=O)[C@@H](N)c3ccccc3)[C@H]2SC1,0,train,42
7414,CO/N=C(/C(=O)N[C@@H]1C(=O)N2C(C(=O)O)=CCS[C@H]12)c1csc(=N)[nH]1,0,train,42
7415,Nc1nc(/C(=C\CC(=O)O)C(=O)N[C@@H]2C(=O)N3C(C(=O)O)=CCS[C@@H]23)cs1,0,train,42
7416,COCC1=C(C(=O)O)N2C(=O)[C@@H](NC(=O)/C(=N/OC)c3csc(N)n3)[C@H]2SC1,0,train,42
7417,COCC1=C(C(=O)O)N2C(=O)[C@@H](NC(=O)/C(=N/O)c3csc(N)n3)[C@@H]2SC1,0,train,42
7418,CO/N=C(/C(=O)N[C@@H]1C(=O)N2C(C(=O)O)=C(COC(C)=O)CS[C@@H]12)c1csc(N)n1,0,train,42
7419,CO/N=C(/C(=O)N[C@@H]1C(=O)N2C(C(=O)O)=C(CN3NN=C(C)N3)CS[C@@H]12)c1csc(N)n1,0,train,42
7420,CO/N=C(/C(=O)N[C@@H]1C(=O)N2C(C(=O)O)=C(CN3C=CCC4=C3CCC4)CS[C@H]12)c1csc(N)n1,0,train,42
7421,O=C(Cc1cccs1)N[C@@H]1C(=O)N2C(C(=O)O)=C(CN3C=CCC=C3)CS[C@@H]12,0,train,42
7422,Nc1ncc(/C(=N\O[C@H]2CCNC2=O)C(=O)N[C@@H]2C(=O)N3C(C(=O)O)=C(CN4C=CCC=C4)CS[C@@H]23)s1,0,train,42
7423,CO/N=C(/C(=O)N[C@@H]1C(=O)N2C(C(=O)O)=C(CN3C=CN4N=CC=C[C@@H]34)CS[C@H]12)c1nsc(N)n1,0,train,42
7424,C=CC1=C(C(=O)O)N2C(=O)[C@@H](NC(=O)/C(=N/O)c3csc(N)n3)[C@@H]2SC1,0,train,42
7425,CC1=C(C(=O)O)N2C(=O)[C@@H](NC(=O)[C@H](N)C3=CCC=CC3)[C@@H]2SC1,0,test,42
7426,CO/N=C(/C(=O)N[C@@H]1C(=O)N2C(C(=O)O)=C(C)CS[C@@H]12)c1csc(N)n1,0,train,42
7427,CC(=O)OCOC(=O)[C@H]1N2C(=O)[C@@H](NC(=O)Cc3ccccc3)[C@@H]2SC1(C)C,0,train,42
7428,Cc1oc(=O)oc1COC(=O)[C@H]1N2C(=O)[C@@H](NC(=O)[C@@H](N)c3ccccc3)[C@@H]2SC1(C)C,0,val,42
7429,CC1(C)S[C@@H]2[C@H](NC(=O)[C@H](NC(=O)CNC(=N)c3ccncc3)c3ccccc3)C(=O)N2[C@@H]1C(=O)O,0,val,42
7430,CC1(C)S[C@@H]2[C@H](NC(=O)[C@@H](NC(=O)c3cnc4cccnc4c3O)c3ccccc3)C(=O)N2[C@@H]1C(=O)O,0,train,42
7431,C[C@@H](Oc1ccccc1)C(=O)N[C@@H]1C(=O)N2[C@H]1SC(C)(C)[C@H]2C(=O)O,0,train,42
7432,CC1(C)S[C@H]2[C@H](NC(=O)[C@@H](NC(=O)Cc3ccc(C4=NCCCN4)cc3)c3ccccc3)C(=O)N2[C@@H]1C(=O)O,0,train,42
7433,CC1(C)S[C@H]2[C@H](NC(=O)[C@@H](N)C3=CCC=CC3)C(=O)N2[C@@H]1C(=O)O,0,train,42
7434,CC1(C)S[C@H]2[C@H](C(=O)[C@H]2NC(=O)[C@@H](Oc2ccccc2)c2ccccc2)[C@H]1C(=O)O,0,test,42
7435,NCC[C@@H](O)C(=O)N[C@H]1C[C@@H](N)[C@H](O[C@H]2O[C@@H](CN)CC[C@@H]2N)[C@H](O)[C@H]1O[C@@H]1O[C@@H](CO)[C@H](O)[C@@H](N)[C@@H]1O,0,train,42
7436,CO/N=C(\C(=O)N[C@H]1C(=O)N(OCC(=O)O)[C@H]1C)c1csc(N)n1,0,train,42
7437,CC(C)(C)NC(=O)[C@H]1CN(Cc2cccnc2)CCN1C[C@@H](O)C[C@@H](Cc1ccccc1)C(=O)N[C@H]1c2ccccc2C[C@@H]1O,0,train,42
7438,CC[C@H]1NC(=O)[C@H](NC(=O)c2ncccc2O)[C@@H](C)OC(=O)[C@H](c2ccccc2)NC(=O)[C@@H]2CC(=O)CCN2C(=O)[C@@H](Cc2ccc(N(C)C)cc2)N(C)C(=O)[C@@H]2CCCN2C1=O,0,train,42
7439,C[C@H]1NC(=O)[C@H](NC(=O)c2ncccc2O)[C@@H](C)OC(=O)[C@H](c2ccccc2)NC(=O)[C@@H]2CC(=O)CCN2C(=O)[C@@H](Cc2ccc(N(C)C)cc2)N(C)C(=O)[C@@H]2CCCN2C1=O,0,train,42
7440,CC(C)C[C@@H](N)C(=O)N[C@H](CCCN)C(=O)N[C@@H](C(=O)N[C@H](CCCN)C(=O)N1CCC[C@H]1C(=O)N[C@@H](C=O)Cc1ccccc1)C(C)C,0,val,42
7441,CC(C)C[C@@H](NC(=O)[C@H](Cc1c[nH]c2ccccc12)NC(=O)[C@@H](CC(C)C)NC(=O)[C@H](Cc1c[nH]c2ccccc12)NC(=O)[C@@H](CC(C)C)NC(=O)[C@H](Cc1c[nH]c2ccccc12)NC(=O)[C@H](NC(=O)[C@@H](NC(=O)[C@H](NC(=O)[C@H](C)NC(=O)[C@@H](CC(C)C)NC(=O)[C@@H](C)NC(=O)CNC(=O)[C@@H](NC=O)C(C)C)C(C)C)C(C)C)C(C)C)C(=O)N[C@@H](Cc1c[nH]c2ccccc12)C(=O)NCCO,0,train,42
7442,CC(C)C[C@H](NC(=O)[C@@H](Cc1c[nH]c2ccccc12)NC(=O)[C@@H](CC(C)C)NC(=O)[C@H](Cc1ccccc1)NC(=O)[C@@H](CC(C)C)NC(=O)[C@H](Cc1c[nH]c2ccccc12)NC(=O)[C@H](NC(=O)[C@H](NC(=O)[C@H](NC(=O)[C@@H](C)NC(=O)[C@@H](CC(C)C)NC(=O)[C@H](C)NC(=O)CNC(=O)[C@H](NC=O)C(C)C)C(C)C)C(C)C)C(C)C)C(=O)N[C@@H](Cc1c[nH]c2ccccc12)C(=O)NCCO,0,train,42
7443,CC(C)(C)NC(=O)[C@H]1C[C@@H]2CCCC[C@H]2CN1C[C@H](O)[C@@H](Cc1ccccc1)NC(=O)[C@H](CC(N)=O)NC(=O)c1ccc2ccccc2n1,0,val,42
7444,COc1cccc2c1C(=O)c1c(O)c3c(c(O)c1C2=O)C[C@@](O)(/C(C)=N/NC(=O)c1ccccc1)C[C@H]3O[C@H]1C[C@H](N)[C@@H](O)[C@@H](C)O1,0,train,42
7445,CC(C)NC[C@@H](O)COc1ccc(CC(N)=O)cc1,0,test,42
7446,C=C1c2cccc(O)c2C(=O)C2=C(O)[C@@]3(O)C(=O)C(C(N)=O)=C(O)[C@H](N(C)C)[C@@H]3[C@H](O)[C@H]12,0,train,42
7447,C[C@H]1c2cccc(O)c2C(=O)C2=C(O)[C@@]3(O)C(=O)C(C(N)=O)=C(O)[C@@H](N(C)C)[C@H]3[C@@H](O)[C@H]21,0,val,42
7448,CN(C)[C@H]1C(O)=C(C(N)=O)C(=O)[C@]2(O)C(O)=C3C(=O)c4c(O)cccc4[C@](C)(O)[C@@H]3C[C@H]12,0,train,42
7449,CN(C)[C@@H]1C(O)=C(C(N)=O)C(=O)[C@]2(O)C(O)=C3C(=O)c4c(O)cccc4[C@](C)(O)[C@@H]3[C@H](O)[C@H]12,0,train,42
7450,CN(C)c1ccc(O)c2c1C[C@H]1C[C@H]3[C@@H](N(C)C)C(O)=C(C(N)=O)C(=O)[C@]3(O)C(O)=C1C2=O,0,train,42
7451,CN(C)[C@@H]1C(O)=C(C(N)=O)C(=O)[C@]2(O)C(O)=C3C(=O)c4c(ccc(N)c4O)C[C@H]3C[C@@H]12,0,train,42
7452,CN(C)[C@H]1C(O)=C(C(N)=O)C(=O)[C@@]2(O)C(O)=C3C(=O)c4c(O)cccc4[C@H](O)[C@@H]3C[C@H]12,0,train,42
7453,CCN(CC)C(=O)Nc1ccc(OC[C@@H](O)CNC(C)(C)C)c(C(C)=O)c1,0,train,42
7454,CCN(CC)C(=O)COc1cc2c(O)c3c(O)c(C)c4c(c13)C(=O)[C@](C)(O/C=C/[C@@H](OC)[C@H](C)[C@@H](OC(C)=O)[C@H](C)[C@@H](O)[C@H](C)[C@H](O)[C@@H](C)/C=C\C=C(\C)C(=O)N2)O4,0,train,42
7455,CO[C@@H]1[C@@H](O)[C@H](N)[C@@H](O[C@H]2O[C@H]([C@H](C)N)CC[C@@H]2N)[C@H](O)[C@H]1N(C)C(=O)CN,0,train,42
7456,CN(C(=O)Cc1ccccc1N)[C@@H](CN1CC[C@H](O)C1)c1ccccc1,0,train,42
7457,COc1cccc2c1C(=O)c1c(O)c3c(c(O)c1C2=O)C[C@](O)(C(=O)CO)C[C@@H]3O[C@@H]1C[C@H](N)[C@@H](O[C@@H]2CCCCO2)[C@@H](C)O1,0,val,42
7458,COc1cccc2c1C(=O)c1c(O)c3c(c(O)c1C2=O)C[C@](O)(C(=O)CO)C[C@@H]3O[C@@H]1C[C@H](N)C[C@H](C)O1,0,test,42
7459,C[C@@]12CCC(=O)C=C1CC[C@H]1[C@H]2[C@@H]2C[C@@]3([C@@H](C(=O)CO)CC[C@H]13)[C@@H](O)O2,0,train,42
7460,C[C@]12CCC(=O)C=C1CC[C@@H]1[C@@H]2[C@@H](O)C[C@@]2(C=O)[C@@H](C(=O)CO)CC[C@H]12,0,train,42
7461,COc1cccc2c1C(=O)c1c(O)c3c(c(O)c1C2=O)C[C@@](O)(C(=O)CO)C[C@@H]3O[C@@H]1C[C@@H](N)[C@H](O)[C@@H](C)O1,0,train,42
7462,C[C@H]1O[C@@H](O[C@@H]2C[C@](O)(C(=O)CO)Cc3c(O)c4c(c(O)c32)C(=O)c2ccccc2C4=O)C[C@@H](N)[C@@H]1O,0,train,42
7463,CCCNC[C@H](O)COc1ccccc1C(=O)CCc1ccccc1,0,train,42
7464,CC(=O)N1CCN(C(=O)Cc2ccc([N+](=O)[O-])cc2)[C@H](CN2CC[C@H](O)C2)C1,0,train,42
7465,CC(=O)N1CCN(C(=O)Cc2ccc(C(F)(F)F)cc2)[C@H](CN2CC[C@H](O)C2)C1,0,train,42
7466,CC(=O)N1CCN(C(=O)Cc2ccc(S(C)=O)cc2)[C@H](CN2CC[C@H](O)C2)C1,0,val,42
7467,CC(=O)N1CCN(C(=O)Cc2ccc(S(C)(=O)=O)cc2)[C@H](CN2CC[C@H](O)C2)C1,0,test,42
7468,COc1ccc(CC(=O)N2CCN(C(C)=O)C[C@H]2CN2CC[C@H](O)C2)cc1,0,val,42
7469,CC(=O)N1CCN(C(=O)Cc2cccc([N+](=O)[O-])c2)[C@H](CN2CC[C@H](O)C2)C1,0,train,42
7470,CC(=O)N1CCN(C(=O)Cc2cc(F)cc(F)c2)[C@H](CN2CC[C@H](O)C2)C1,0,train,42
7471,CC(=O)C1=C(O)[C@@H](N)[C@@H]2Cc3c(c(O)c4c(O)c(C)ccc4c3C)C(=O)[C@@]2(O)C1=O,0,train,42
7472,COc1cccc2c1C(=O)c1c(O)c3c(c(O)c1C2=O)C[C@](O)(C(C)=O)C[C@@H]3O[C@@H]1C[C@@H](N)[C@H](O)[C@@H](C)O1,0,train,42
7473,CC(=O)[C@]1(O)Cc2c(O)c3c(c(O)c2[C@@H](O[C@H]2C[C@H](N)[C@@H](O)[C@H](C)O2)C1)C(=O)c1c(O)cccc1C3=O,0,train,42
7474,CC(=O)[C@]1(O)Cc2c(O)c3c(c(O)c2[C@@H](O[C@H]2C[C@H](N)[C@@H](O)[C@H](C)O2)C1)C(=O)c1ccccc1C3=O,0,test,42
7475,CC(=O)[C@]1(N)Cc2c(O)c3c(c(O)c2[C@H](O[C@H]2C[C@@H](O)[C@@H](O)CO2)C1)C(=O)c1ccccc1C3=O,0,train,42
7476,CN[C@@H](C)C(=O)c1ccc(OC)cc1,0,val,42
7477,COC(=O)C1=C(C)NC(C)=C(C(=O)OCCN(C)Cc2ccccc2)[C@H]1c1cccc([N+](=O)[O-])c1,0,train,42
7478,CCOC(=O)C1=C(C)NC(C)=C(C(=O)OC)[C@@H]1c1cccc([N+](=O)[O-])c1,0,train,42
7479,CN(C)[C@H]1C(O)=C(C(N)=O)C(=O)[C@]2(O)C(O)=C3C(=O)c4c(O)ccc([N+](=O)[O-])c4C[C@H]3C[C@@H]12,0,train,42
7480,C[C@]12CC[C@H]3c4ccc(O)cc4CC[C@H]3[C@@H]1CC[C@H]2O,0,train,42
7481,CCNC[C@@H](O)c1cccc(O)c1,0,test,42
7482,CC(C)(C)c1ccc([C@H](O)CCCN2CCC(C(O)(c3ccccc3)c3ccccc3)CC2)cc1,0,train,42
7483,CN[C@H](C)[C@@H](O)c1ccc(O)cc1,0,train,42
7484,NC[C@H](O)c1cccc(O)c1,0,val,42
7485,O=C(O)C1=C(CSc2nnnn2CS(=O)(=O)O)CS[C@H]2[C@@H](NC(=O)[C@H](O)c3ccccc3)C(=O)N12,0,train,42
7486,CC[C@@H]1OC(=O)[C@H](C)[C@@H](O[C@H]2C[C@](C)(OC)[C@@H](O)[C@@H](C)O2)[C@H](C)[C@@H](O[C@H]2O[C@@H](C)C[C@H](N(C)C)[C@H]2O)[C@@](C)(O)C[C@@H](C)[C@H]2N[C@@H](COCCOC)O[C@@H]([C@H]2C)[C@]1(C)O,0,train,42
7487,COc1ccc(-c2cc(=O)c3c(O)cc(O[C@@H]4O[C@@H](CO[C@@H]5O[C@H](C)[C@H](O)[C@@H](O)[C@H]5O)[C@H](O)[C@@H](O)[C@@H]4O)cc3o2)cc1O,0,val,42
7488,CC(C)NC[C@@H](O)COc1cccc2ccccc12,0,train,42
7489,CC(C)(C)NC[C@@H](O)COc1cccc2c1C[C@H](O)[C@@H](O)C2,0,train,42
7490,CC(C)COC[C@H](CN(Cc1ccccc1)c1ccccc1)N1CCCC1,0,train,42
7491,COc1cccc2c1C(=O)c1c(O)c3c(c(O)c1C2=O)C[C@](O)([C@@H](O)CO)C[C@H]3O,0,train,42
7492,COc1ccc(CCN(C)CCC[C@@](C#N)(c2ccc(OC)c(OC)c2)C(C)C)cc1OC,0,val,42
7493,CC[C@H]1CN2CCc3cc(OC)c(OC)cc3[C@@H]2C[C@@H]1C[C@@H]1NCCc2cc(OC)c(OC)cc21,0,train,42
7494,COc1cccnc1CCCCNC1=NC(=O)[C@H](Cc2ccc(C)nc2)C=N1,0,train,42
7495,CO[C@H]1C[C@@H](O[C@@H]2[C@@H](C)O[C@@H](O[C@H]3/C(C)=C\C[C@@H]4C[C@@H](C[C@@]5(CC[C@H](C)[C@@H](C(C)C)O5)O4)OC(=O)[C@@H]4C=C(C)[C@@H](O)[C@@H]5OC/C(=C\C=C\[C@H]3C)[C@@]45O)C[C@H]2OC)O[C@@H](C)[C@@H]1O,0,test,42
7496,CO[C@@H]1C[C@H](O[C@@H]2[C@H](C)[C@@H](O[C@@H]3O[C@H](C)C[C@@H](N(C)C)[C@@H]3O)[C@@H](C)C[C@@]3(CO3)C(=O)[C@@H](C)[C@@H](O)[C@H](C)[C@@H](C)OC(=O)[C@@H]2C)O[C@@H](C)[C@H]1O,0,train,42
7497,C=CC[C@@H]1/C=C(/C)C[C@@H](C)C[C@H](OC)[C@@H]2O[C@](O)(C(=O)C(=O)N3CCCC[C@@H]3C(=O)O[C@H](/C(C)=C/[C@H]3CC[C@H](O)[C@@H](OC)C3)[C@@H](C)[C@H](O)CC1=O)[C@H](C)C[C@@H]2OC,0,train,42
7498,CN[C@H]1[C@H](O)[C@H](O[C@H]2[C@@H](O)[C@H](O[C@@H]3OC(CN)=CC[C@@H]3N)[C@H](N)C[C@H]2N)OC[C@@]1(C)O,0,train,42
7499,CN[C@@H]1[C@H](O[C@H]2O[C@@H](CO)[C@@H](N)[C@H](O)[C@H]2O)O[C@@H]2C[C@@H](N)[C@H](O[C@H]3[C@H](O)[C@H](O)[C@@H](N)C[C@H]3N)O[C@@H]2[C@H]1O,0,train,42
7500,NC[C@H]1CC[C@@H](N)[C@H](O[C@@H]2[C@@H](O)[C@H](O[C@H]3O[C@H](CO)[C@@H](O)[C@H](N)[C@@H]3O)[C@@H](N)C[C@@H]2N)O1,0,train,42
7501,CC[C@]1(O)C[C@H](O[C@@H]2C[C@H](N(C)C)[C@@H](O[C@H]3C[C@H]4O[C@H]5CC(=O)[C@@H](C)O[C@H]5O[C@@H]4[C@@H](C)O3)[C@H](C)O2)c2c(O)c3c(c(O)c2[C@H]1O[C@H]1C[C@H](N(C)C)[C@@H](O)[C@H](C)O1)C(=O)c1cccc(O)c1C3=O,0,val,42
7502,CC[C@H]1OC(=O)[C@@H](C)[C@H](O[C@H]2C[C@@](C)(OC)[C@@H](O)[C@H](C)O2)[C@@H](C)[C@H](O[C@H]2O[C@H](C)C[C@H](N(C)C)[C@@H]2O)[C@](C)(OC)C[C@H](C)C(=O)[C@H](C)[C@@H](O)[C@@]1(C)O,0,train,42
7503,CC[C@H]1OC(=O)[C@@H](C)[C@H](O[C@H]2C[C@@](C)(OC)[C@@H](O)[C@H](C)O2)[C@@H](C)[C@H](O[C@H]2O[C@@H](C)C[C@@H](N(C)C)[C@@H]2O)[C@@](C)(O)C[C@H](C)C(=O)[C@H](C)[C@@H](O)[C@@]1(C)O,0,train,42
7504,CC[C@@H]1OC(=O)[C@H](C)[C@H](O[C@H]2C[C@](C)(OC)[C@H](O)[C@@H](C)O2)[C@H](C)[C@H](O[C@H]2O[C@H](C)C[C@@H](N(C)C)[C@@H]2O)[C@](C)(O)C[C@H](C)C(=O)[C@@H](C)[C@H](O)[C@H]1C,0,train,42
7505,CO/N=C(/C(=O)N[C@@H]1C(=O)N2C(C(=O)O[C@H](C)OC(=O)C(C)(C)OC)=C(COC(N)=O)CS[C@@H]12)c1ccco1,0,val,42
7506,CC(C)C[C@H](OC(=O)c1ccco1)C(=O)N[C@@H]1C(=O)N2[C@@H]1SC(C)(C)[C@H]2C(=O)O,0,train,42
7507,CCN[C@@H]1C[C@@H](N)[C@H](O[C@H]2OC(CN)=CC[C@H]2N)[C@H](O)[C@@H]1O[C@@H]1OC[C@@](C)(O)[C@@H](NC)[C@@H]1O,0,val,42
7508,NC[C@H]1O[C@H](O[C@@H]2[C@@H](O)[C@@H](O[C@H]3O[C@H](CO)[C@H](O)[C@@H](N)[C@@H]3O)[C@@H](N)C[C@@H]2N)[C@@H](N)C[C@@H]1O,0,train,42
7509,COc1cc([C@@H]2c3cc4c(cc3[C@@H](O[C@H]3O[C@H]5CO[C@H](C)O[C@@H]5[C@H](O)[C@H]3O)[C@@H]3COC(=O)[C@@H]23)OCO4)cc(OC)c1O,0,train,42
7510,COc1cc([C@H]2c3cc4c(cc3[C@H](O[C@H]3O[C@H]5CO[C@H](c6cccs6)O[C@H]5[C@H](O)[C@H]3O)[C@@H]3COC(=O)[C@@H]23)OCO4)cc(OC)c1OC,0,train,42
7511,C[C@@H]1O[C@H](O[C@H]2[C@H](C)O[C@H](O[C@H]3[C@H](O)C[C@H](O[C@H]4CC[C@]5(C)[C@@H](CC[C@@H]6[C@@H]5C[C@H](O)[C@@]5(C)[C@@H](C7=CC(=O)OC7)CC[C@@]65O)C4)O[C@H]3C)C[C@@H]2O)C[C@H](O)[C@H]1O,0,train,42
7512,CC[C@H]1OC(=O)[C@@H](C)[C@H](O[C@H]2C[C@@](C)(OC)[C@@H](O)[C@@H](C)O2)[C@@H](C)[C@@H](O[C@H]2O[C@@H](C)C[C@H](N(C)C)[C@H]2O)[C@](C)(O)C[C@@H](C)CN(C)[C@H](C)[C@@H](O)[C@@]1(C)O,0,train,42
7513,NC[C@H]1O[C@@H](O[C@H]2[C@H](O)[C@@H](O[C@H]3[C@H](O)[C@@H](N)C[C@@H](N)[C@@H]3O[C@@H]3O[C@H](CN)[C@@H](O)[C@H](O)[C@H]3N)O[C@@H]2CO)[C@@H](N)[C@H](O)[C@H]1O,0,train,42
7514,NC[C@@H]1O[C@@H](O[C@H]2[C@H](O)[C@@H](O[C@@H]3O[C@@H](CO)[C@H](O)[C@@H](N)[C@@H]3O)[C@H](NC(CO)CO)C[C@@H]2N)[C@H](N)[C@@H](O)[C@@H]1O,0,train,42
7515,CN[C@H]1[C@H](O)[C@H](O[C@H]2[C@H](O)[C@@H](O[C@@H]3O[C@@H](CN)CC[C@@H]3N)[C@H](N)C[C@@H]2N)OC[C@@]1(C)O,0,train,42
7516,NCC[C@H](O)CN[C@@H]1C[C@H](N)[C@@H](O[C@@H]2O[C@@H](CN)[C@H](O)[C@H](O)[C@@H]2O)[C@H](O)[C@H]1O[C@H]1O[C@@H](CO)[C@H](O)[C@@H](N)[C@@H]1O,0,train,42
7517,NC[C@H]1O[C@H](O[C@H]2[C@H](O)[C@@H](O[C@H]3O[C@@H](CO)[C@@H](O)[C@H](N)[C@H]3O)[C@H](N)C[C@@H]2N)[C@H](N)[C@@H](O)[C@@H]1O,0,val,42
7518,NC[C@@H]1O[C@H](O[C@@H]2[C@@H](O)[C@H](O[C@H]3O[C@H](CO)[C@@H](O)[C@H](N)[C@@H]3O)[C@@H](N)C[C@@H]2N)[C@H](O)[C@H](O)[C@@H]1O,0,train,42
7519,CO/N=C(/C(=O)N[C@@H]1C(=O)N2C(C(=O)O[C@@H](C)OC(C)=O)=C(COC(N)=O)CS[C@@H]12)c1ccco1,0,train,42
7520,CCOC(=O)O[C@H](C)OC(=O)[C@H]1N2C(=O)[C@H](/N=C/N3CCCCCC3)[C@@H]2SC1(C)C,0,train,42
7521,CC[C@H]1OC(=O)[C@@H](C)[C@H](O[C@H]2C[C@@](C)(OC)[C@@H](O)[C@H](C)O2)[C@@H](C)[C@H](O[C@H]2O[C@@H](C)C[C@@H](N(C)C)[C@@H]2O)[C@@](C)(O)C[C@H](C)/C(=N/OCOCCOC)[C@H](C)[C@@H](O)[C@@]1(C)O,0,train,42
7522,CC[C@@H]1OC(=O)[C@H](C)[C@@H](O[C@@H]2C[C@](C)(OC)[C@H](O)[C@@H](C)O2)[C@H](C)[C@@H](O[C@@H]2O[C@H](C)C[C@H](N(C)C)[C@H]2O)[C@](C)(O)C[C@@H](C)/C(=N/OC)[C@@H](C)[C@H](O)[C@]1(C)O,0,test,42
7523,CC(C)(O/N=C(/C(=O)N[C@H]1C(=O)N2C(C(=O)O)=C(CN3C=CCC=C3)CS[C@H]12)c1csc(N)n1)C(=O)O,0,val,42
7524,NCN.Nc1cccc(-c2csc(N)n2)c1,0,test,42
7525,NCC[C@H](O)CN[C@H]1C[C@H](N)[C@@H](O[C@H]2O[C@@H](CN)[C@H](O)[C@H](O)[C@@H]2O)[C@H](O)[C@H]1O[C@H]1O[C@@H](CO)[C@H](O)[C@H](N)[C@@H]1O,0,train,42
7526,NCC[C@H](O)C(=O)N[C@H]1C[C@H](N)[C@@H](O[C@H]2O[C@@H](CN)CC[C@@H]2N)[C@H](O)[C@H]1O[C@H]1O[C@@H](CO)[C@H](O)[C@H](N)[C@@H]1O,0,train,42
7527,NCC[C@H](O)C(=O)N[C@H]1C[C@H](N)[C@@H](O[C@H]2O[C@@H](CN)[C@H](O)[C@H](O)[C@@H]2O)[C@H](O)[C@H]1O[C@H]1O[C@@H](CO)[C@H](O)[C@H](N)[C@@H]1O,0,train,42
7528,NC[C@@H]1O[C@H](O[C@H]2[C@@H](O[C@@H]3O[C@H](CO)[C@H](O[C@@H]4O[C@H](CN)[C@@H](O)[C@@H](O)[C@H]4N)[C@H]3O)[C@H](O)[C@H](N)C[C@@H]2N)[C@@H](N)[C@@H](O)[C@H]1O,0,val,42
7529,NC[C@H]1O[C@@H](O[C@@H]2[C@@H](O)[C@H](O[C@H]3O[C@@H](CO)[C@H](O)[C@H](N)[C@@H]3O)[C@@H](N)C[C@H]2N)[C@H](O)[C@H](O)[C@@H]1O,0,val,42
7530,NC[C@H]1O[C@@H](O[C@@H]2[C@@H](O)[C@H](O[C@H]3O[C@@H](CO)[C@H](O)[C@H](N)[C@@H]3O)[C@@H](N)C[C@H]2N)[C@H](N)C[C@@H]1O,0,train,42
7531,NC[C@H]1O[C@@H](O[C@@H]2[C@@H](O)[C@H](O[C@H]3O[C@@H](CO)[C@H](O)[C@H](N)[C@@H]3O)[C@@H](N)C[C@H]2N)[C@H](N)[C@H](O)[C@@H]1O,0,val,42
7532,NC[C@H]1O[C@@H](O[C@@H]2[C@@H](O)[C@H](O[C@H]3O[C@@H](CO)[C@H](O)[C@H](N)[C@@H]3O)[C@H](NC(CO)CO)C[C@H]2N)[C@H](N)[C@H](O)[C@@H]1O,0,train,42
7533,NC[C@H]1O[C@@H](O[C@@H]2[C@@H](O)[C@@H](O)[C@@H](N)C[C@H]2N)[C@H](N)[C@H](O)[C@@H]1O,0,train,42
7534,NC[C@H]1CC[C@H](N)[C@H](O[C@@H]2[C@@H](O)[C@H](O[C@H]3O[C@@H](CO)[C@H](O)[C@H](N)[C@@H]3O)[C@@H](N)C[C@H]2N)O1,0,train,42
7535,NC[C@H](O)c1ccc(O)c(O)c1,0,train,42
7536,NCc1ccccc1CC(=O)N[C@H]1C(=O)N2C(C(=O)O)=C(CSc3nnnn3CC(=O)O)CS[C@@H]12,0,train,42
7537,NC(=O)OC[C@@H]1[C@H](NC(=O)C(=NOCC(=O)O)c2csc(N)n2)C(=O)N1S(=O)(=O)O,0,test,42
7538,N[C@@H](C(=O)N[C@H]1C(=O)N2C(C(=O)O)=C(CSc3c[nH]nn3)CS[C@@H]12)c1ccc(O)cc1,0,train,42
7539,N[C@@H](C(=O)N[C@H]1C(=O)N2C(C(=O)O)=C(Cl)CC[C@@H]12)c1ccccc1,0,train,42
7540,N[C@@H](C(=O)N[C@H]1C(=O)N2C(C(=O)O)=C(Cl)CS[C@@H]12)c1ccccc1,0,train,42
7541,Nc1nc(C(=CCC(=O)O)C(=O)N[C@H]2C(=O)N3C(C(=O)O)=CCS[C@@H]23)cs1,0,train,42
7542,CN(C)c1cc(C2=N[C@H](N)NN2)ccn1,0,train,42
7543,CNCNc1cccc(-c2csc(N)n2)c1.N#CN.NCN,0,train,42
7544,COCC(=O)O[C@@]1(CCN(C)CCCc2nc3ccccc3[nH]2)CCc2cc(F)ccc2[C@@H]1C(C)C,0,train,42
7545,CCn1cc(C(=O)O)c(=O)c2cc(F)c(N3CCN[C@H](C)C3)c(F)c21,0,train,42
7546,C[C@@]12C[C@H](N)[C@@H]1CN(c1nc3c(cc1F)c(=O)c(C(=O)O)cn3C1CC1)C2,0,train,42
7547,C[C@H](O)[C@H]1C(=O)N2C(C(=O)O)=C(F)S[C@H]12,0,val,42
7548,CC[C@@H]1OC(=O)[C@H](C)[C@H](O[C@@H]2C[C@@](C)(OC)[C@@H](O)[C@H](C)O2)[C@@H](C)[C@H](O[C@@H]2O[C@@H](C)C[C@H](N(C)C)[C@@H]2O)[C@@](C)(O)C[C@@](C)(F)C(=O)[C@@H](C)[C@H](O)[C@@]1(C)O,0,train,42
7549,COCC1=C(C(=O)O)N2C(=O)[C@@H](NC(=O)C(=NO)c3csc(N)n3)[C@H]2SC1,0,train,42
7550,COCC(=O)O[C@@]1(CCN(C)CCCc2nc3ccccc3[nH]2)CCc2cc(F)ccc2[C@H]1C(C)C,0,train,42
7551,COC1=C(C(=O)O)N2C(=O)[C@@H](NC(=O)[C@H](N)C3C=CCC=C3)[C@H]2SC1,0,train,42
7552,CO[C@H]1[C@@H](OC(N)=O)[C@H](O)[C@@H](Oc2ccc3c(O)c(NC(=O)c4ccc(O)c(CC=C(C)C)c4)c(=O)oc3c2C)OC1(C)C,0,test,42
7553,CO[C@@]1(NC(=O)Cc2cccs2)C(=O)N2C(C(=O)O)=C(COC(N)=O)CS[C@H]21,0,train,42
7554,CO[C@@]1(NC(=O)C2SC(=C(C(N)=O)C(=O)O)S2)C(=O)N2C(C(=O)O)=C(CSc3nnnn3C)CS[C@H]21,0,train,42
7555,CO[C@@]1(NC(=O)C2SC(=C(C#N)C(=O)O)S2)C(=O)N2C(C(=O)O)=C(CSc3nnnn3C)CS[C@H]21,0,train,42
7556,CO[C@@]1(NC(=O)[C@@H](C(=O)O)c2ccsc2)C(=O)N2[C@H]1SC(C)(C)[C@H]2C(=O)O,0,train,42
7557,CO[C@H]1[C@H](O)[C@H](N)[C@@H](O[C@H]2O[C@H]([C@@H](C)N)CC[C@@H]2N)[C@H](O)[C@H]1N(C)C(=O)CN,0,test,42
7558,CO[C@@]12[C@H](COC(N)=O)C3=C(C(=O)C(C)=C(N)C3=O)N1C[C@H]1N[C@H]12,0,train,42
7559,CO[C@@]1(NC(=O)CSC[C@H](N)C(=O)O)C(=O)N2C(C(=O)O)=C(CSc3nnnn3C)CS[C@H]21,0,train,42
7560,CO[C@H]1CCC[C@H]2C1=C(C=O)N1C(=O)[C@H]([C@@H](C)O)[C@@H]21,0,train,42
7561,CO[C@H]1C=CO[C@@]2(C)Oc3c(C)c(O)c4c(O)c(cc(O)c4c3C2=O)NC(=O)C(C)=CC=C[C@H](C)[C@H](O)[C@H](C)[C@H](O)[C@H](C)[C@@H](OC(C)=O)[C@@H]1C,0,train,42
7562,CO[C@H]1C[C@H](O[C@H]2[C@H](C)O[C@H](O[C@H]3C(C)=CC[C@H]4C[C@H](C[C@]5(CC[C@H](C)[C@H](C(C)C)O5)O4)OC(=O)[C@H]4C=C(C)[C@H](O)[C@H]5OCC(=CC=C[C@@H]3C)[C@]45O)C[C@H]2OC)O[C@H](C)[C@@H]1O,0,train,42
7563,C=CC[C@@H]1C=C(C)C[C@@H](C)C[C@@H](OC)[C@@H]2O[C@](O)(C(=O)C(=O)N3CCCC[C@@H]3C(=O)O[C@H](C(C)=C[C@@H]3CC[C@H](O)[C@@H](OC)C3)[C@@H](C)[C@@H](O)CC1=O)[C@@H](C)C[C@H]2OC,0,train,42
7564,CO[C@@H]1[C@H](O[C@H]2O[C@H](C)[C@@H](O[C@H]3C[C@@](C)(O)[C@H](O)[C@H](C)O3)[C@@H](N(C)C)[C@@H]2O)[C@H](CC=O)C[C@@H](C)[C@@H](O)C=CC=CC[C@@H](C)OC(=O)C[C@H]1O,0,train,42
7565,CO[C@@H](C(=O)N[C@H]1C(=O)N2[C@H]1SC(C)(C)[C@H]2C(=O)O)c1ccc(Cl)c(Cl)c1,0,test,42
7566,CO/N=C(/C(=O)N[C@H]1C(=O)N2C(C(=O)O[C@H](C)OC(C)=O)=C(COC(N)=O)CS[C@@H]12)c1ccco1,0,train,42
7567,CO/N=C(/C(=O)N[C@H]1C(=O)N2C(C(=O)O[C@H](C)OC(=O)C(C)(C)OC)=C(COC(N)=O)CS[C@@H]12)c1ccco1,0,test,42
7568,CO/N=C(/C(=O)N[C@H]1C(=O)N2C(C(=O)O)=C(COC(C)=O)CS[C@@H]12)c1ccco1,0,train,42
7569,COc1cccc2c1C(=O)c1c(O)c3c(c(O)c1C2=O)C[C@](O)(C(=O)CO)C[C@H]3O[C@H]1C[C@H](N)C[C@H](C)O1,0,train,42
7570,COc1cccc2c1C(=O)c1c(O)c3c(c(O)c1C2=O)C[C@](O)(C(C)=O)C[C@H]3O[C@H]1C[C@H](N)[C@H](O)[C@H](C)O1,0,train,42
7571,COc1cccc2c1C(=O)c1c(O)c3c(c(O)c1C2=O)C[C@](O)(C(=O)CO)C[C@H]3O[C@H]1C[C@H](N)[C@H](O)[C@H](C)O1,0,train,42
7572,COc1cccc2c1C(=O)c1c(O)c3c(c(O)c1C2=O)C[C@](O)(C(=O)CO)C[C@H]3O[C@H]1C[C@@H](NC(=O)[C@H](N)CC(C)C)[C@H](O)[C@H](C)O1,0,test,42
7573,COc1cccc2c1C(=O)c1c(O)c3c(c(O)c1C2=O)C[C@](O)([C@H](O)CO)C[C@@H]3O,0,train,42
7574,COc1ccc(-c2cc(=O)c3c(O)cc(O[C@H]4O[C@@H](CO[C@H]5O[C@H](C)[C@H](O)[C@H](O)[C@@H]5O)[C@H](O)[C@H](O)[C@@H]4O)cc3o2)cc1O,0,train,42
7575,COc1cc([C@H]2c3cc4c(cc3[C@@H](O[C@H]3O[C@H]5CO[C@H](C)O[C@H]5[C@H](O)[C@@H]3O)[C@H]3COC(=O)[C@@H]23)OCO4)cc(OC)c1O,0,train,42
7576,CNCC[C@H](O)[C@H]1C[C@H](SC2=C(C(=O)O)N3C(=O)[C@H]([C@@H](C)O)[C@H]3[C@@H]2C)CN1,0,train,42
7577,CNC(=O)C[C@H](N)C(=O)N[C@@H](C(=O)N[C@H]1C(=O)N2[C@H]1SC(C)(C)[C@H]2C(=O)O)c1ccc(O)cc1,0,train,42
7578,Cn1nnnc1SCC1=C(C(=O)O)N2C(=O)[C@@H](NC(=O)CSC(F)(F)F)[C@H]2SC1,0,test,42
7579,Cn1nnnc1SCC1=C(C(=O)O)N2C(=O)[C@@H](NC(=O)CS/C=C/C#N)[C@H]2SC1,0,train,42
7580,CN[C@@H]1[C@H](O[C@H]2O[C@@H](CO)[C@H](N)[C@H](O)[C@@H]2O)O[C@@H]2C[C@@H](N)[C@H](O[C@@H]3[C@@H](O)[C@@H](O)[C@@H](N)C[C@H]3N)O[C@@H]2[C@H]1O,0,train,42
7581,CN[C@@H]1[C@H](O[C@H]2[C@H](O[C@H]3[C@H](O)[C@H](O)[C@@H](NC(=N)N)[C@H](O)[C@H]3NC(=N)N)O[C@H](C)[C@@]2(O)CO)O[C@H](CO)[C@@H](O)[C@H]1O,0,train,42
7582,CN[C@@H]1[C@H](O[C@H]2[C@H](O[C@H]3[C@H](O)[C@H](O)[C@@H](NC(=N)N)[C@H](O)[C@H]3NC(=N)N)O[C@H](C)[C@@]2(O)C=O)O[C@H](CO)[C@@H](O)[C@H]1O,0,train,42
7583,CN[C@H]1[C@H](O)[C@H](O[C@@H]2[C@@H](O)[C@H](O[C@H]3OC(CN)=CC[C@@H]3N)[C@@H](N)C[C@H]2N)OC[C@@]1(C)O,0,train,42
7584,CN(C)[C@H]1C(O)=C(C(N)=O)C(=O)[C@@]2(O)C(O)=C3C(=O)c4c(O)cccc4[C@@](C)(O)[C@H]3C[C@@H]12,0,train,42
7585,CN(C)[C@H]1C(O)=C(C(=O)NCN2CCN(CCO)CC2)C(=O)[C@@]2(O)C(O)=C3C(=O)c4c(O)cccc4[C@@](C)(O)[C@H]3C[C@@H]12,0,train,42
7586,CN(C)[C@H]1C(O)=C(C(=O)NCN2CCN(C(=N)NC(=N)N)CC2)C(=O)[C@@]2(O)C(O)=C3C(=O)c4c(O)cccc4[C@@](C)(O)[C@H]3C[C@@H]12,0,val,42
7587,CN(C)[C@H]1C(O)=C(C(=O)NCN2CCCC2)C(=O)[C@@]2(O)C(O)=C3C(=O)c4c(O)cccc4[C@@](C)(O)[C@H]3C[C@@H]12,0,train,42
7588,CN(C)[C@H]1C(O)=C(C(=O)NCN2CCC[C@H](C(=O)O)C2)C(=O)[C@@]2(O)C(O)=C3C(=O)c4c(O)cccc4[C@@](C)(O)[C@H]3C[C@@H]12,0,train,42
7589,CN(C)[C@H]1C(O)=C(C(=O)NCN[C@@H](C(=O)N[C@H]2C(=O)N3[C@H]2SC(C)(C)[C@H]3C(=O)O)c2ccccc2)C(=O)[C@@]2(O)C(O)=C3C(=O)c4c(O)cccc4[C@@](C)(O)[C@H]3C[C@@H]12,0,train,42
7590,CN(CCN(C)CNC(=O)C1=C(O)[C@H](N(C)C)[C@@H]2C[C@H]3C(=C(O)[C@]2(O)C1=O)C(=O)c1c(O)cccc1[C@@]3(C)O)CNC(=O)C1=C(O)[C@@H](N(C)C)[C@H]2C[C@H]3C(=C(O)[C@@]2(O)C1=O)C(=O)c1c(O)cccc1[C@@]3(C)O,0,test,42
7591,CN(C)[C@H]1C(O)=C(C(=O)N[C@H](C(=O)O)N2CCN(CCO)CC2)C(=O)[C@@]2(O)C(O)=C3C(=O)c4c(O)cccc4[C@@](C)(O)[C@H]3C[C@@H]12,0,train,42
7592,CN(C)[C@H]1C(O)=C(C(N)=O)C(=O)[C@@]2(O)C(O)=C3C(=O)c4c(O)cccc4[C@@](C)(O)[C@H]3[C@H](O)[C@@H]12,0,train,42
7593,CN(C)[C@H]1C(O)=C(C(N)=O)C(=O)[C@@]2(O)C(O)=C3C(=O)c4c(O)ccc(Cl)c4[C@@](C)(O)[C@H]3C[C@@H]12,0,train,42
7594,CN(C)[C@H]1C(O)=C(C(=O)NCO)C(=O)[C@@]2(O)C(O)=C3C(=O)c4c(O)ccc(Cl)c4[C@@](C)(O)[C@H]3C[C@@H]12,0,train,42
7595,C=C1c2cccc(O)c2C(=O)C2=C(O)[C@]3(O)C(=O)C(C(N)=O)=C(O)[C@H](N(C)C)[C@@H]3[C@@H](O)[C@H]12,0,train,42
7596,CN(C)[C@H]1C(O)=C(C(N)=O)C(=O)[C@@]2(O)C(O)=C3C(=O)c4c(O)cccc4[C@H](O)[C@H]3C[C@@H]12,0,test,42
7597,CN(C)[C@H]1C(O)=C(C(N)=O)C(=O)[C@@]2(O)C(O)=C3C(=O)c4c(O)ccc(Cl)c4[C@H](O)[C@H]3C[C@@H]12,0,val,42
7598,CN(C)[C@H]1C(O)=C(C(N)=O)C(=O)[C@@]2(O)C(O)=C3C(=O)c4c(ccc(N)c4O)C[C@H]3C[C@@H]12,0,train,42
7599,CN(C)c1ccc(O)c2c1C[C@H]1C[C@H]3[C@@H](N(C)C)C(O)=C(C(N)=O)C(=O)[C@@]3(O)C(O)=C1C2=O,0,train,42
7600,CN(C)[C@H]1C(O)=C(C(N)=O)C(=O)[C@@]2(O)C(O)=C3C(=O)c4c(O)ccc([N+](=O)[O-])c4C[C@H]3C[C@@H]12,0,train,42
7601,C=C1c2c(Cl)ccc(O)c2C(=O)C2=C(O)[C@]3(O)C(=O)C(C(N)=O)=C(O)[C@H](N(C)C)[C@@H]3[C@@H](O)[C@H]12,0,train,42
7602,CC(C)(Oc1ccc(Cl)cc1)C(=O)N[C@H](C(=O)N[C@@H]1C(=O)N2[C@@H]1SC(C)(C)[C@H]2C(=O)O)c1ccccc1,0,train,42
7603,CC(C)/N=C1\C=C2C(=C[C@@H]1Nc1ccc(Cl)cc1)Nc1ccccc1N2c1ccc(Cl)cc1,0,train,42
7604,C=C1c2c(Cl)ccc(O)c2C(=O)C2=C(O)[C@@]3(O)C(=O)C(C(N)=O)=C(O)[C@H](N(C)C)[C@@H]3[C@H](O)[C@H]12,0,train,42
7605,CN(C)[C@@H]1C(O)=C(C(N)=O)C(=O)[C@@]2(O)C(O)=C3C(=O)c4c(O)ccc(Cl)c4[C@@](C)(O)[C@@H]3C[C@H]12,0,test,42
7606,CN(C)[C@@H]1C(O)=C(C(N)=O)C(=O)[C@]2(O)C(O)=C3C(=O)c4c(O)ccc(Cl)c4[C@@H](O)[C@H]3C[C@@H]12,0,test,42
7607,CN(C)[C@H]1C(O)=C(C(=O)NCO)C(=O)[C@@]2(O)C(O)=C3C(=O)c4c(O)ccc(Cl)c4[C@](C)(O)[C@@H]3C[C@H]12,0,train,42
7608,CC1=C(C(=O)O)N2C(=O)[C@@H](NC(=O)[C@H](N)c3ccc(O)c(Cl)c3)[C@@H]2SC1,0,val,42
7609,CCOC(=O)C1=C(C)NC(C)=C(C(=O)OC)[C@@H]1c1cccc(Cl)c1Cl,0,val,42
7610,CO[C@H](C(=O)N[C@H]1C(=O)N2[C@@H]1SC(C)(C)[C@H]2C(=O)O)c1ccc(Cl)c(Cl)c1,0,train,42
7611,CC(=O)OCC1=C(C(=O)O)N2C(=O)[C@H](NC(=O)c3c(-c4ccccc4Cl)noc3C)[C@H]2SC1,0,train,42
7612,Cc1onc(-c2c(F)cccc2Cl)c1C(=O)N[C@H]1C(=O)N2[C@@H]1SC(C)(C)[C@@H]2C(=O)O,0,train,42
7613,Cc1onc(-c2ccccc2Cl)c1C(=O)N[C@@H]1C(=O)N2[C@@H](C(=O)O)C(C)(C)S[C@@H]12,0,train,42
7614,Cc1onc(-c2c(Cl)cccc2Cl)c1C(=O)N[C@@H]1C(=O)N2[C@@H](C(=O)O)C(C)(C)S[C@@H]12,0,train,42
7615,N[C@@H](C(=O)N[C@@H]1C(=O)N2C(C(=O)O)=C(Cl)CS[C@@H]12)c1ccccc1,0,test,42
7616,N[C@@H](C(=O)N[C@@H]1C(=O)N2C(C(=O)O)=C(Cl)CC[C@@H]12)c1ccccc1,0,train,42
7617,CCC[C@H]1C[C@@H](C(=O)N[C@@H]([C@H]2O[C@H](SC)[C@H](O)[C@@H](O)[C@@H]2O)[C@H](C)Cl)N(C)C1,0,train,42
7618,CCCCC[C@@H]1CN[C@@H](C(=O)N[C@@H]([C@@H]2O[C@H](SC)[C@@H](O)[C@H](O)[C@H]2O)[C@H](C)Cl)C1,0,train,42
7619,CCOC(=O)O[C@@H]1[C@H](O[C@H]2[C@H](C)[C@@H](O[C@H]3C[C@@](C)(OC)[C@H](O)[C@H](C)O3)[C@H](C)C(=O)O[C@@H](CC)[C@@](C)(O)[C@H](O)[C@H](C)C(=O)[C@H](C)C[C@@]2(C)O)O[C@@H](C)C[C@H]1N(C)C,0,train,42
7620,CCOC(=O)O[C@H](C)OC(=O)[C@H]1N2C(=O)[C@@H](N=CN3CCCCCC3)[C@H]2SC1(C)C,0,val,42
7621,CCOC(=O)CCC(=O)O[C@@H]1[C@H](O[C@H]2[C@H](C)[C@@H](O[C@H]3C[C@@](C)(OC)[C@H](O)[C@H](C)O3)[C@H](C)C(=O)O[C@@H](CC)[C@@](C)(O)[C@H](O)[C@H](C)C(=O)[C@H](C)C[C@@]2(C)O)O[C@@H](C)C[C@H]1N(C)C,0,train,42
7622,CCOC(OCC)C(=O)OCC(=O)[C@]1(O)Cc2c(O)c3c(c(O)c2[C@H](O[C@H]2C[C@H](N)[C@H](O)[C@H](C)O2)C1)C(=O)c1c(OC)cccc1C3=O,0,train,42
7623,CCOc1ccc2ccccc2c1C(=O)N[C@H]1C(=O)N2[C@H]1SC(C)(C)[C@H]2C(=O)O,0,train,42
7624,CCNC[C@H](O)c1cccc(O)c1,0,train,42
7625,CCN1CCN(C(=O)N[C@@H](C(=O)N[C@H]2C(=O)N3[C@H]2SC(C)(C)[C@H]3C(=O)O)c2ccccc2)C(=O)C1=O,0,train,42
7626,CCN[C@H]1C[C@H](N)[C@@H](O[C@H]2OC(CN)=CC[C@@H]2N)[C@H](O)[C@H]1O[C@H]1OC[C@@](C)(O)[C@@H](NC)[C@@H]1O,0,train,42
7627,CCN(CC)CCOC(=O)[C@H]1N2C(=O)[C@@H](NC(=O)c3c(OC)cccc3OC)[C@H]2SC1(C)C,0,train,42
7628,CCN(CC)c1nc2c(s1)c1c(O)c3c(O)c(C)c4c(c32)C(=O)[C@@](C)(OC=C[C@H](OC)[C@@H](C)[C@H](OC(C)=O)[C@@H](C)[C@@H](O)[C@@H](C)[C@@H](O)[C@@H](C)C=CC=C(C)C(=O)N1)O4,0,train,42
7629,CCN(CC)C(=O)COc1cc2c(O)c3c(O)c(C)c4c(c13)C(=O)[C@@](C)(OC=C[C@H](OC)[C@@H](C)[C@H](OC(C)=O)[C@@H](C)[C@@H](O)[C@@H](C)[C@@H](O)[C@@H](C)C=CC=C(C)C(=O)N2)O4,0,train,42
7630,CCCC[C@H]1CC(=O)[C@@]2(O)O[C@H]3[C@@H](NC)[C@H](O)[C@@H](NC)[C@H](O)[C@H]3O[C@H]2O1,0,train,42
7631,CCC[C@H]1C[C@H](C(=O)N[C@H]([C@H]2O[C@@H](SC)[C@H](O)[C@H](O)[C@@H]2O)[C@@H](C)O)N(C)C1,0,val,42
7632,CC1(C)S[C@@H]2[C@H](NC(=O)[C@@H](NC(=O)Nc3cnc(Nc4ccc(S(N)(=O)=O)cc4)nc3O)c3ccc(O)cc3)C(=O)N2[C@H]1C(=O)O,0,test,42
7633,CC1(C)S[C@@H]2[C@H](NC(=O)[C@@H](NC(=O)c3cnc4cccnc4c3O)c3ccccc3)C(=O)N2[C@H]1C(=O)O,0,train,42
7634,CC1(C)S[C@@H]2[C@H](NC(=O)[C@@H](NC(=O)c3ccc(-c4ccc(S(=O)(=O)N(CCO)CCO)cc4)[nH]c3=O)c3ccc(O)cc3)C(=O)N2[C@H]1C(=O)O,0,train,42
7635,CC1(C)S[C@@H]2[C@H](NC(=O)[C@@H](NC(=O)Cc3ccc(C4=NCCCN4)cc3)c3ccccc3)C(=O)N2[C@H]1C(=O)O,0,train,42
7636,CC1(C)S[C@@H]2[C@H](NC(=O)[C@@H](C(=O)Oc3ccc4c(c3)CCC4)c3ccccc3)C(=O)N2[C@H]1C(=O)O,0,test,42
7637,CC1(C)S[C@@H]2[C@@H](C(=O)[C@@H]2NC(=O)[C@@H](Oc2ccccc2)c2ccccc2)[C@H]1C(=O)O,0,train,42
7638,CC1(C)S[C@@H]2[C@H](NC(=O)[C@@H](NC(=O)CNC(=N)c3ccncc3)c3ccccc3)C(=O)N2[C@H]1C(=O)O,0,train,42
7639,CC(C)(Oc1ccc(Cl)cc1)C(=O)N[C@H](C(=O)N[C@@H]1C(=O)N2[C@@H]1SC(C)(C)[C@@H]2C(=O)O)c1ccccc1,0,val,42
7640,CC1(C)S[C@@H]2[C@H](NC(=O)[C@@H](C(=O)Oc3ccccc3)c3ccccc3)C(=O)N2[C@H]1C(=O)O,0,train,42
7641,CC1(C)S[C@@H]2[C@H](N3C(=O)[C@H](c4ccccc4)NC3(C)C)C(=O)N2[C@H]1C(=O)O,0,train,42
7642,CC1(C)S[C@@H]2[C@H](N3C(=O)[C@H](c4ccc(O)cc4)NC3(C)C)C(=O)N2[C@H]1C(=O)O,0,test,42
7643,CC1(C)S[C@@H]2[C@H](NC(=O)COc3ccccc3)C(=O)N2[C@H]1C(=O)O,0,train,42
7644,CC1(C)S[C@@H]2[C@H](NC(=O)CSc3ccccc3)C(=O)N2[C@H]1C(=O)O,0,test,42
7645,CC1(C)S[C@@H]2[C@H](NC(=O)[C@H](N)c3ccccc3)C(=O)N2[C@H]1C(=O)OCOC(=O)[C@H]1N2C(=O)C[C@H]2S(=O)(=O)C1(C)C,0,train,42
7646,CC1(C)S[C@@H]2[C@H](NC(=O)[C@H](N)c3ccccc3)C(=O)N2[C@H]1C(=O)O[C@H]1OC(=O)c2ccccc21,0,train,42
7647,C=N[C@H](C(=O)N[C@@H]1C(=O)N2[C@@H]1SC(C)(C)[C@@H]2C(=O)O)c1ccccc1,0,train,42
7648,CC1(C)S[C@@H]2[C@H](NC(=O)[C@@H](NS(=O)(=O)O)c3ccccc3)C(=O)N2[C@H]1C(=O)O,0,train,42
7649,CC1(C)S[C@@H]2[C@H](NC(=O)[C@@H](C(=O)O)c3ccccc3)C(=O)N2[C@H]1C(=O)O,0,test,42
7650,CC1(C)S[C@@H]2[C@H](NC(=O)[C@@H](C(=O)O)c3ccsc3)C(=O)N2[C@H]1C(=O)O,0,train,42
7651,CC1(C)S[C@@H]2[C@H](NC(=O)CCC[C@H](N)C(=O)O)C(=O)N2[C@H]1C(=O)O,0,train,42
7652,C=CCSCC(=O)N[C@@H]1C(=O)N2[C@@H]1SC(C)(C)[C@@H]2C(=O)O,0,test,42
7653,CC(=O)C1(O)Cc2c(O)c3c(c(O)c2C(OC2CC([NH3+])C(O)C(C)O2)C1)C(=O)c1c(O)cccc1C3=O,0,test,42
7654,CC1OC(=O)C(C(C)C)NC(=O)C(C(C)C)OC(=O)C(C(C)C)NC(=O)C(C)OC(=O)C(C(C)C)NC(=O)C(C(C)C)OC(=O)C(C(C)C)NC(=O)C(C)OC(=O)C(C(C)C)NC(=O)C(C(C)C)OC(=O)C(C(C)C)NC1=O,0,train,42
7655,CC1(C)C(NC(=O)C(=NOCC(=O)O)c2csc(N)n2)C(=O)N1OS(=O)(=O)O,0,train,42
7656,Cc1onc(-c2ccccc2)c1C(=O)N[C@H]1C(=O)N2[C@H]1SC(C)(C)[C@H]2C(=O)O,0,train,42
7657,Cc1onc(-c2ccccc2Cl)c1C(=O)N[C@H]1C(=O)N2[C@H]1SC(C)(C)[C@H]2C(=O)O,0,train,42
7658,Cc1onc(-c2c(Cl)cccc2Cl)c1C(=O)N[C@H]1C(=O)N2[C@H]1SC(C)(C)[C@H]2C(=O)O,0,train,42
7659,Cc1oc(=O)oc1COC(=O)[C@H]1N2C(=O)[C@@H](NC(=O)[C@H](N)c3ccccc3)[C@H]2SC1(C)C,0,train,42
7660,CC1=C(C(=O)OCC(=O)OC(C)(C)C)N2C(=O)[C@@H](NC(=O)[C@H](N)c3ccccc3)[C@H]2SC1,0,train,42
7661,CC[C@@]1(O)C[C@@H](O[C@H]2C[C@@H](N(C)C)[C@@H](O[C@H]3C[C@H]4O[C@H]5CC(=O)[C@H](C)O[C@H]5O[C@H]4[C@H](C)O3)[C@H](C)O2)c2c(O)c3c(c(O)c2[C@H]1O[C@H]1C[C@@H](N(C)C)[C@H](O)[C@H](C)O1)C(=O)c1cccc(O)c1C3=O,0,train,42
7662,CC[C@@]1(O)C[C@@H](O[C@H]2C[C@@H](N(C)C)[C@@H](O[C@H]3C[C@H](O)[C@@H](O[C@H]4CCC(=O)[C@H](C)O4)[C@H](C)O3)[C@H](C)O2)c2c(cc3c(c2O)C(=O)c2c(O)cccc2C3=O)[C@H]1C(=O)OC,0,val,42
7663,CC[C@H]1NC(=O)[C@H]2CCCN2C(=O)[C@@H](Cc2ccccc2)NC(=O)[C@@H](CC(C)C)NC(=O)[C@@H](CCCN)NC(=O)[C@H](C(C)C)NC(=O)[C@H]2CCCN2C(=O)[C@@H](Cc2ccccc2)NC(=O)[C@@H](CC(C)C)NC(=O)[C@@H](CCCN)NC1=O,0,train,42
7664,CC[C@H]1NC(=O)[C@@H](NC(=O)c2ncccc2O)[C@H](C)OC(=O)[C@H](c2ccccc2)NC(=O)[C@H]2CC(=O)CCN2C(=O)[C@@H](Cc2ccccc2)N(C)C(=O)[C@H]2CCCN2C1=O,0,train,42
7665,CC[C@H]1NC(=O)[C@@H](NC(=O)c2ncccc2O)[C@H](C)OC(=O)[C@H](c2ccccc2)NC(=O)[C@H]2CC(=O)CCN2C(=O)[C@@H](Cc2ccc(N(C)C)cc2)N(C)C(=O)[C@H]2CCCN2C1=O,0,train,42
7666,CC[C@H]1OC(=O)[C@H](C)[C@@H](O[C@H]2C[C@@](C)(OC)[C@H](O)[C@H](C)O2)[C@H](C)[C@@H](O[C@H]2O[C@H](C)C[C@@H](N(C)C)[C@@H]2O)[C@@](C)(O)C[C@H](C)CN(C)[C@H](C)[C@H](O)[C@@]1(C)O,0,test,42
7667,CC[C@H]1OC(=O)[C@H](C)[C@@H](O[C@H]2C[C@@](C)(OC)[C@H](O)[C@H](C)O2)[C@H](C)[C@@H](O[C@H]2O[C@H](C)C[C@@H](N(C)C)[C@@H]2O)[C@@](C)(O)C[C@H](C)C(=O)[C@H](C)[C@H](O)[C@@]1(C)O,0,train,42
7668,CC[C@H]1OC(=O)[C@H](C)[C@@H](O[C@H]2C[C@@](C)(OC)[C@H](O)[C@H](C)O2)[C@H](C)[C@@H](O[C@H]2O[C@H](C)C[C@@H](N(C)C)[C@@H]2O)[C@@](C)(O)C[C@H](C)C(=O)[C@H](C)[C@H](O)[C@@H]1C,0,train,42
7669,CC[C@H]1OC(=O)[C@H](C)[C@@H](O[C@H]2C[C@@](C)(OC)[C@H](O)[C@H](C)O2)[C@H](C)[C@@H](O[C@H]2O[C@H](C)C[C@@H](N(C)C)[C@@H]2O)[C@@](C)(O)C[C@@](C)(F)C(=O)[C@H](C)[C@H](O)[C@@]1(C)O,0,test,42
7670,CC[C@H]1OC(=O)[C@H](C)[C@@H](O[C@H]2C[C@@](C)(OC)[C@H](O)[C@H](C)O2)[C@H](C)[C@@H](O[C@H]2O[C@H](C)C[C@@H](N(C)C)[C@@H]2O)[C@](C)(OC)C[C@H](C)C(=O)[C@H](C)[C@H](O)[C@@]1(C)O,0,val,42
7671,CCC(=O)O[C@H]1[C@@H](O[C@@H]2[C@@H](C)[C@H](O[C@H]3C[C@@](C)(OC)[C@H](O)[C@H](C)O3)[C@@H](C)C(=O)O[C@H](CC)[C@](C)(O)[C@@H](O)[C@@H](C)C(=O)[C@@H](C)C[C@]2(C)O)O[C@H](C)C[C@H]1N(C)C,0,train,42
7672,CC[C@H]1CN2CCc3cc(OC)c(OC)cc3[C@H]2C[C@H]1C[C@H]1NCCc2cc(OC)c(OC)cc21,0,test,42
7673,C/C=C/C[C@@H](C)[C@@H](O)[C@H]1C(=O)N[C@H](CC)C(=O)N(C)CC(=O)N(C)[C@H](CC(C)C)C(=O)N[C@@H](C(C)C)C(=O)N(C)[C@H](CC(C)C)C(=O)N[C@@H](C)C(=O)N[C@@H](C)C(=O)N(C)[C@H](CC(C)C)C(=O)N(C)[C@H](CC(C)C)C(=O)N(C)[C@@H](C(C)C)C(=O)N1C,0,train,42
7674,CC[C@H](C)C(=O)O[C@H]1C[C@H](O)C=C2C=C[C@H](C)[C@@H](CC[C@H](O)C[C@H](O)CC(=O)O)[C@H]21,0,train,42
7675,CC[C@@H](Oc1ccccc1)C(=O)N[C@H]1C(=O)N2[C@H]1SC(C)(C)[C@H]2C(=O)O,0,train,42
7676,CC[C@@H](NC(=O)c1c(OCCCC(=O)O)c(-c2ccccc2)nc2ccccc12)c1ccccc1,0,val,42
7677,CC[C@@H](NC(=O)c1c(OCC(=O)O)c(-c2ccccc2)nc2ccccc12)c1ccccc1,0,train,42
7678,CC[C@@H](NC(=O)c1c(Cn2ccnc2)c(-c2ccccc2)nc2ccccc12)c1ccccc1,0,train,42
7679,CC[C@@H](NC(=O)c1c(OCCNC(=O)Cc2ccccc2C(=O)O)c(-c2ccccc2)nc2ccccc12)c1ccccc1,0,train,42
7680,CC[C@@H](NC(=O)[C@H]1CCCN1C(=O)[C@@H](Cc1ccccc1)NC(=O)[C@@H](CC(C)C)NC(=O)[C@@H](CCCN)NC(=O)[C@@H](CC)NC(=O)[C@H]1CCCN1C(=O)[C@@H](Cc1ccccc1)NC(=O)[C@H](N)CC(C)C)C(=O)N[C@H](C=O)CCCN,0,train,42
7681,CC/C=C(/C(=O)N[C@H]1C(=O)N2C(C(=O)O)=C(COC(N)=O)CS[C@@H]12)c1csc(N)n1,0,train,42
7682,CC(C)(C)NC[C@H](O)COc1cccc2c1C[C@@H](O)[C@@H](O)C2,0,train,42
7683,CC(C)(C)NC(=O)[C@H]1C[C@H]2CCCC[C@H]2CN1C[C@H](O)[C@@H](Cc1ccccc1)NC(=O)[C@@H](CC(N)=O)NC(=O)c1ccc2ccccc2n1,0,train,42
7684,CC(C)(C)NC(=O)[C@H]1CN(Cc2cccnc2)CCN1C[C@H](O)C[C@@H](Cc1ccccc1)C(=O)N[C@H]1c2ccccc2C[C@@H]1O,0,test,42
7685,CC(C)(C)C(=O)OCOC(=O)[C@H]1N2C(=O)[C@@H](NC(=O)[C@H](N)c3ccccc3)[C@H]2SC1(C)C,0,train,42
7686,CC(C)(C)C(=O)OCOC(=O)[C@H]1N2C(=O)[C@@H](N=CN3CCCCCC3)[C@H]2SC1(C)C,0,train,42
7687,CC(C)C[C@@H]1C(=O)N2CCC[C@@H]2[C@]2(O)O[C@@](NC(=O)[C@@H]3C=C4c5cccc6[nH]c(Br)c(c56)C[C@@H]4N(C)C3)(C(C)C)C(=O)N12,0,train,42
7688,CC(C)C[C@H]1NC(=O)[C@@H](CCCN)NC(=O)[C@H](C(C)C)NC(=O)[C@H]2CCCN2C(=O)[C@@H](Cc2ccccc2)NC(=O)[C@@H](CC(C)C)NC(=O)[C@@H](CCCN)NC(=O)[C@H](C(C)C)NC(=O)[C@H]2CCCN2C(=O)[C@@H](Cc2ccccc2)NC1=O,0,train,42
7689,CC(C)C[C@H](N)C(=O)N[C@@H](CCCN)C(=O)N[C@@H](C(=O)N[C@@H](CCCN)C(=O)N1CCC[C@H]1C(=O)N[C@H](C=O)Cc1ccccc1)C(C)C,0,train,42
7690,CC(C)C[C@@H](OC(=O)c1ccco1)C(=O)N[C@H]1C(=O)N2[C@H]1SC(C)(C)[C@H]2C(=O)O,0,train,42
7691,CC(C)C(=O)OCc1cccc(OC(=O)[C@H]2N3C(=O)[C@@H](NC(=O)Cc4ccccc4)[C@H]3SC2(C)C)c1,0,train,42
7692,CC1=C[C@@H](O)CC(=O)Cc2nc(co2)C(=O)N2CCC=C2C(=O)O[C@H](C(C)C)[C@@H](C)C=CC(=O)NCC=C1,0,train,42
7693,CC(=O)OCOC(=O)[C@H]1N2C(=O)[C@@H](NC(=O)Cc3ccccc3)[C@H]2SC1(C)C,0,train,42
7694,CC(=O)OCC1=C(C(=O)O)N2C(=O)[C@@H](NC(=O)CC#N)[C@H]2SC1,0,train,42
7695,CC(=O)O[C@@]12CO[C@H]1C[C@H](O)[C@@]1(C)C(=O)[C@H](O)C3=C(C)[C@H](OC(=O)[C@H](O)[C@@H](NC(=O)OC(C)(C)C)c4ccccc4)C[C@@](O)([C@@H](OC(=O)c4ccccc4)[C@@H]21)C3(C)C,0,train,42
7696,CC(=O)N1CCN(C(=O)Cc2ccccc2)[C@@H](CN2CC[C@H](O)C2)C1,0,train,42
7697,CC(=O)C1=C(O)[C@H](N)[C@H]2Cc3c(c(O)c4c(O)c(C)ccc4c3C)C(=O)[C@@]2(O)C1=O,0,train,42
7698,CC(=O)[C@]1(N)Cc2c(O)c3c(c(O)c2[C@H](O[C@H]2C[C@H](O)[C@H](O)CO2)C1)C(=O)c1ccccc1C3=O,0,train,42
7699,CC#C[C@@]1(O)CC[C@H]2[C@H]3CCC4=CC(=O)CCC4=C3[C@H](c3ccc(N(C)C)cc3)C[C@]21C,0,train,42
7700,CSc1ccc(CC(=O)N2CCN(C(C)=O)C[C@H]2CN2CC[C@H](O)C2)cc1,0,train,42
7701,C[C@@H](O)[C@H]1C(=O)N2C(C(=O)O)=C(S[C@H]3CC[S@@](=O)C3)S[C@H]12,0,val,42
7702,C[C@@]12CC[C@H]3c4ccc(O)cc4CC[C@H]3[C@H]1CC[C@@H]2O,0,train,42
7703,C[C@@]12C[C@H](O)[C@H]3[C@@H](CCC4=CC(=O)CC[C@]43C)[C@H]1CC[C@H]2C(=O)CO,0,train,42
7704,C[C@@]1(Cn2ccnn2)[C@H](C(=O)O)N2C(=O)C[C@H]2S1(=O)=O,0,train,42
7705,C[C@H]1c2cccc(O)c2C(=O)C2=C(O)[C@@]3(O)C(=O)C(C(N)=O)=C(O)[C@@H](N(C)C)[C@H]3[C@H](O)[C@H]21,0,train,42
7706,C[C@H]1[C@@H](O)[C@@H](C)C=CC=CC=CC=CC=CC=CC=C[C@H](O[C@H]2O[C@H](C)[C@H](O)[C@H](N)[C@@H]2O)C[C@H]2O[C@@](O)(C[C@@H](O)[C@@H](O)CC[C@@H](O)C[C@@H](O)C[C@@H](O)CC(=O)O[C@@H]1C)C[C@H](O)[C@H]2C(=O)O,0,train,42
7707,C[C@@]12CCC(=O)C=C1CC[C@@H]1[C@H]2[C@H]2C[C@]3([C@@H]1CC[C@H]3C(=O)CO)[C@@H](O)O2,0,train,42
7708,C[C@]12C[C@H](O)[C@@H]3[C@@H](CCC4=CC(=O)CC[C@]43C)[C@H]1CC[C@@]2(O)C(=O)CO,0,train,42
7709,C[C@@]12C[C@H](N)[C@H]1CN(c1nc3c(cc1F)c(=O)c(C(=O)O)cn3C1CC1)C2,0,train,42
7710,C[C@H]1O[C@H](O[C@H]2[C@H](O)C[C@H](O[C@H]3[C@H](O)C[C@@H](O[C@H]4CC[C@@]5(C)[C@@H](CC[C@H]6[C@H]5C[C@H](O)[C@@]5(C)[C@H](C7=CC(=O)OC7)CC[C@@]65O)C4)O[C@@H]3C)O[C@@H]2C)C[C@H](O)[C@@H]1O,0,train,42
7711,CC(=O)[C@]1(O)Cc2c(O)c3c(c(O)c2[C@@H](O[C@@H]2C[C@H](N)[C@H](O)[C@@H](C)O2)C1)C(=O)c1ccccc1C3=O,0,train,42
7712,C[C@H]1O[C@H](O[C@H]2C[C@](O)(C(=O)CO)Cc3c(O)c4c(c(O)c32)C(=O)c2ccccc2C4=O)C[C@H](N)[C@@H]1O,0,train,42
7713,CC(=O)O[C@@H]1C[C@]2(C)[C@@H](C[C@@H](O)[C@H]3[C@@]4(C)CC[C@@H](O)[C@H](C)[C@@H]4CC[C@@]32C)C1=C(CCC=C(C)C)C(=O)O,0,val,42
7714,C[C@H](O)[C@H]1C(=O)N2C(C(=O)O)=C(S[C@H]3CN[C@H](C(=O)N(C)C)C3)[C@H](C)[C@@H]12,0,train,42
7715,C[C@H](O)[C@H]1C(=O)N2C(C(=O)O)=C(COC(N)=O)S[C@@H]12,0,train,42
7716,C[C@H](O)[C@H]1C(=O)N2C(C(=O)O)=C([C@H]3CCCO3)S[C@@H]12,0,train,42
7717,C[C@@H](Oc1ccccc1)C(=O)N[C@H]1C(=O)N2[C@H]1SC(C)(C)[C@H]2C(=O)O,0,train,42
7718,Cc1nnc(SCC2=C(C(=O)O)N3C(=O)[C@@H](NC(=O)Cn4cnnn4)[C@H]3SC2)s1,0,train,42
7719,Cc1nnc(SCC2=C(C(=O)O)N3C(=O)[C@@H](NC(=O)[C@H](N)c4ccc(O)cc4)[C@H]3SC2)s1,0,train,42
7720,Cc1cc(O)c(C(=O)N[C@@H](C(=O)N[C@H]2C(=O)N3C(C(=O)O)=C(CSc4nnnn4C)CS[C@@H]23)c2ccc(O)cc2)cn1,0,train,42
7721,CCNCNCCSCc1ncccc1Br.N#CN,0,train,42
7722,CC(C)C[C@H]1C(=O)N2CCC[C@@H]2[C@]2(O)O[C@](NC(=O)[C@@H]3C=C4c5cccc6[nH]c(Br)c(c56)C[C@H]4N(C)C3)(C(C)C)C(=O)N12,0,train,42
7723,O=C1Nc2ccc(Cl)cc2[C@](C#CC2CC2)(C(F)(F)F)O1,0,train,42
7724,O=C(Cc1ccc(Cl)c(Cl)c1)N1CCN(CCO)C[C@H]1CN1CC[C@@H](O)C1,0,train,42
7725,O=C1NC(=O)[C@@]2(CCN(C(=O)Cc3ccc(Cl)c(Cl)c3)[C@H](CN3CCCC3)C2)N1,0,train,42
7726,[C-]#[N+]C(=Cc1ccc(O)cc1)C(=Cc1ccc(O)cc1)[N+]#[C-],0,train,42
7727,O=C(O)CCCC1=CC=C2CCCN2CCCC=C1,0,train,42
7728,C/C=C/C=C/C1OC(O)(C(CC)C(=O)NC/C=C/C=C(\C)C(OC)C(C)C2OC(/C=C/C=C/C=C(\C)C(=O)c3c(O)ccn(C)c3=O)C(O)C2O)C(O)C(OC2OC(C)C(OC3OC(C)C(OC)C(O)C3OC)C(OC)C2O)C1(C)C,0,train,42
7729,C=C1c2c(Cl)ccc(O)c2C(O)=C2C(=O)C3(O)C(O)=C(C(N)=O)C(=O)C(N(C)C)C3C(O)C12,0,train,42
7730,C=C1c2cccc(O)c2C(O)=C2C(=O)[C@]3(O)C(O)=C(C(N)=O)C(=O)[C@@H](N(C)C)[C@@H]3[C@@H](O)[C@H]12,0,train,42
7731,C=CC1=C(C(=O)O)N2C(=O)[C@@H](NC(=O)/C(=N/O)c3csc(N)n3)[C@H]2SC1,0,val,42
7732,C=CC1=C(C(=O)O)N2C(=O)[C@@H](NC(=O)/C(=N/OCC(=O)O)c3csc(N)n3)[C@H]2SC1,0,train,42
7733,CC(=O)N1CCN(C(=O)Cc2ccc([S@@+](C)[O-])cc2)[C@@H](CN2CC[C@H](O)C2)C1,0,train,42
7734,CC(=O)OCC1=C(C(=O)O)N2C(=O)[C@H](NC(=O)CC#N)[C@@H]2SC1,0,train,42
7735,CC(=O)[C@]1(N)Cc2c(O)c3c(c(O)c2[C@@H](O[C@H]2C[C@H](O)[C@H](O)CO2)C1)C(=O)c1ccccc1C3=O,0,val,42
7736,CC1(C)S[C@@H]2[C@@H](N3C(=O)C(c4ccc(O)cc4)NC3(C)C)C(=O)N2[C@H]1C(=O)O,0,train,42
7737,CC1(C)S[C@@H]2[C@H](NC(=O)[C@H](NC(=O)c3ccc(-c4ccc(S(=O)(=O)N(CCO)CCO)cc4)[nH]c3=O)c3ccc(O)cc3)C(=O)N2[C@H]1C(=O)O,0,train,42
7738,CC1(C)S[C@@H]2[C@H](NC(=O)[C@H](NS(=O)(=O)O)c3ccccc3)C(=O)N2[C@H]1C(=O)O,0,train,42
7739,CC1(C)[C@H](NC(=O)/C(=N/OCC(=O)O)c2csc(N)n2)C(=O)N1OS(=O)(=O)O,0,val,42
7740,CCC[C@@H]1C[C@@H](C(=O)NC(C(C)Cl)[C@H]2O[C@H](SC)[C@H](OP(=O)(O)O)[C@@H](O)[C@H]2O)N(C)C1,0,train,42
7741,CCOC(=O)C(c1c(O)c2ccccc2oc1=O)c1c(O)c2ccccc2oc1=O,0,train,42
7742,CCOc1ccc2ccccc2c1C(=O)N[C@@H]1C(=O)N2[C@@H]1SC(C)(C)[C@@H]2C(=O)O,0,train,42
7743,CC[C@H]1OC(=O)[C@H](C)[C@@H](OC2CC(C)(OC)C(O)C(C)O2)C(C)[C@@H](OC2OC(C)CC(N(C)C)C2O)[C@](C)(O)C[C@@H](C)/C(=N/OC)[C@H](C)[C@@H](O)[C@]1(C)O,0,test,42
7744,CC[C@H]1OC(=O)[C@H](C)[C@@H](O[C@H]2C[C@@](C)(OC)[C@@H](O)[C@H](C)O2)[C@H](C)[C@@H](O[C@@H]2O[C@H](C)C[C@H](N(C)C)[C@H]2O)[C@](C)(O)C[C@@H](C)/C(=N\OCOCCOC)[C@H](C)[C@@H](O)[C@]1(C)O,0,train,42
7745,CN(C)C1C(=O)C(C(=O)NCN2CCN(C(=N)N=C(N)N)CC2)=C(O)C2(O)C(=O)C3=C(O)c4c(O)cccc4C(C)(O)C3CC12,0,val,42
7746,CN(C)C1C(=O)C(C(=O)NCN2CCN(CCO)CC2)=C(O)C2(O)C(=O)C3=C(O)c4c(O)cccc4C(C)(O)C3CC12,0,test,42
7747,CN(C)[C@@H]1C(=O)C(C(=O)NC(C(=O)O)N2CCN(CCO)CC2)=C(O)[C@@]2(O)C(=O)C3=C(O)c4c(O)cccc4[C@@](C)(O)[C@H]3C[C@@H]12,0,val,42
7748,CN(C)[C@@H]1C(=O)C(C(=O)NCN2CCCC(C(=O)O)C2)=C(O)[C@@]2(O)C(=O)C3=C(O)c4c(O)cccc4[C@@](C)(O)[C@H]3C[C@@H]12,0,train,42
7749,CN(C)[C@@H]1C(=O)C(C(=O)NCNC(C(=O)NC2C(=O)N3C2SC(C)(C)C3C(=O)O)c2ccccc2)=C(O)[C@@]2(O)C(=O)C3=C(O)c4c(O)cccc4[C@@](C)(O)[C@H]3C[C@@H]12,0,train,42
7750,CN(C)[C@@H]1C(=O)C(C(=O)NCO)=C(O)[C@@]2(O)C(=O)C3=C(O)c4c(O)ccc(Cl)c4[C@@](C)(O)[C@H]3C[C@@H]12,0,train,42
7751,CN(C)[C@@H]1C(=O)C(C(N)=O)=C(O)[C@@]2(O)C(=O)C3=C(O)c4c(O)ccc(Cl)c4[C@@H](O)[C@H]3C[C@@H]12,0,train,42
7752,CN(C)[C@@H]1C(=O)C(C(N)=O)=C(O)[C@@]2(O)C(=O)C3=C(O)c4c(O)ccc(Cl)c4[C@@](C)(O)[C@H]3C[C@@H]12,0,val,42
7753,CN(C)[C@@H]1C(=O)C(C(N)=O)=C(O)[C@@]2(O)C(=O)C3=C(O)c4c(O)ccc([N+](=O)[O-])c4C[C@H]3C[C@@H]12,0,train,42
7754,CN(C)[C@@H]1C(=O)C(C(N)=O)=C(O)[C@@]2(O)C(=O)C3=C(O)c4c(O)cccc4[C@@H](O)[C@H]3C[C@@H]12,0,test,42
7755,CN(C)[C@@H]1C(=O)C(C(N)=O)=C(O)[C@@]2(O)C(=O)C3=C(O)c4c(O)cccc4[C@@](C)(O)[C@H]3C[C@@H]12,0,train,42
7756,CN(C)[C@@H]1C(=O)C(C(N)=O)=C(O)[C@@]2(O)C(=O)C3=C(O)c4c(O)cccc4[C@@](C)(O)[C@H]3[C@H](O)[C@@H]12,0,val,42
7757,CN(C)[C@@H]1C(=O)C(C(N)=O)=C(O)[C@@]2(O)C(=O)C3=C(O)c4c(ccc(N)c4O)C[C@H]3C[C@@H]12,0,train,42
7758,CN(CCN(C)CNC(=O)C1=C(O)[C@@]2(O)C(=O)C3=C(O)c4c(O)cccc4[C@@](C)(O)[C@H]3C[C@H]2[C@H](N(C)C)C1=O)CNC(=O)C1=C(O)[C@@]2(O)C(=O)C3=C(O)c4c(O)cccc4[C@@](C)(O)[C@H]3C[C@H]2[C@H](N(C)C)C1=O,0,train,42
7759,CO/N=C(/C(=O)NC1C(=O)N(OCC(=O)O)[C@H]1C)c1csc(N)n1,0,train,42
7760,CO/N=C(/C(=O)NC1C(=O)N2C(C(=O)O)=C(/C=C\c3scnc3C)CS[C@H]12)c1csc(N)n1,0,train,42
7761,CO/N=C(/C(=O)N[C@@H]1C(=O)N(OCC(=O)OCC(=O)OC(C)(C)C)[C@H]1C)c1csc(N)n1,0,train,42
7762,CO/N=C(/C(=O)N[C@@H]1C(=O)N2C(C(=O)O)=C(/C=C/Sc3n[nH]c(=O)c(=O)n3CC=O)CS[C@H]12)c1csc(N)n1,0,train,42
7763,CO/N=C(/C(=O)N[C@@H]1C(=O)N2C(C(=O)O)=C(C)CS[C@H]12)c1csc(N)n1,0,train,42
7764,CO/N=C(/C(=O)N[C@@H]1C(=O)N2C(C(=O)O)=C(COC(C)=O)CS[C@H]12)c1ccco1,0,train,42
7765,CO/N=C(/C(=O)N[C@@H]1C(=O)N2C(C(=O)O)=C(COC(C)=O)C[S+]([O-])[C@H]12)c1csc(N)n1,0,val,42
7766,CO/N=C(/C(=O)N[C@@H]1C(=O)N2C(C(=O)O)=C(CSC(=O)c3ccco3)CS[C@H]12)c1csc(N)n1,0,train,42
7767,CO/N=C(/C(=O)N[C@@H]1C(=O)N2C(C(=O)O)=C(CSc3cnns3)CS[C@H]12)c1csc(N)n1,0,test,42
7768,CO/N=C(/C(=O)N[C@@H]1C(=O)N2C(C(=O)O)=C(CSc3nnnn3C)CS[C@H]12)c1csc(N)n1,0,train,42
7769,CO/N=C(/C(=O)N[C@@H]1C(=O)N2C(C(=O)O)=C(Cn3nnc(C)n3)CS[C@H]12)c1csc(N)n1,0,train,42
7770,CO/N=C(/C(=O)N[C@@H]1C(=O)N2C(C(=O)O)=CCS[C@H]12)c1csc(N)n1,0,test,42
7771,CO/N=C(/C(=O)N[C@@H]1C(=O)N2C(C(=O)OC(C)OC(C)=O)=C(COC(N)=O)CS[C@H]12)c1ccco1,0,val,42
7772,CO/N=C(\C(=O)N[C@@H]1C(=O)N2C(C(=O)O)=C(CSc3nc(C)c(CC(=O)O)s3)CS[C@H]12)c1csc(N)n1,0,train,42
7773,COC1CCCC2C1=C(C(=O)O)N1C(=O)C(C(C)O)C21,0,train,42
7774,COCC1=C(C(=O)O)N2C(=O)[C@@H](NC(=O)/C(=N/O)c3csc(N)n3)[C@H]2SC1,0,test,42
7775,COCCCC(=O)OC(C)OC(=O)C1=C(COC(N)=O)CS[C@@H]2[C@H](NC(=O)/C(=N/OC)c3ccco3)C(=O)N12,0,test,42
7776,CO[C@@H]1[C@@H](OC(N)=O)[C@@H](O)[C@H](Oc2ccc3c(O)c(NC(=O)c4ccc(O)c(CC=C(C)C)c4)c(=O)oc3c2C)OC1(C)C,0,train,42
7777,CO[C@H]1/C=C/O[C@@]2(C)Oc3c(C)c(O)c4c(O)c(c(C=NN5CCN(C6CCCC6)CC5)c(O)c4c3C2=O)NC(=O)/C(C)=C\C=C\[C@H](C)[C@H](O)[C@@H](C)[C@@H](O)[C@@H](C)[C@H](OC(C)=O)[C@@H]1C,0,train,42
7778,CO[C@H]1/C=C/O[C@@]2(C)Oc3c(C)c(O)c4c(O)c(c5c(c4c3C2=O)NC2(CCN(CC(C)C)CC2)N=5)=NC(=O)/C(C)=C\C=C\[C@H](C)[C@H](O)[C@@H](C)[C@@H](O)[C@@H](C)[C@H](OC(C)=O)[C@@H]1C,0,train,42
7779,COc1cccc2c1C(=O)c1c(O)c3c(c(O)c1C2=O)C[C@@](O)(/C(C)=N/NC(=O)c1ccccc1)C[C@@H]3O[C@H]1C[C@H](N)[C@H](O)[C@H](C)O1,0,train,42
7780,C[C@@H](O)[C@H]1C(=O)N2C(C(=O)O)=C(COC(N)=O)S[C@H]12,0,val,42
7781,C[C@@H](O)[C@H]1C(=O)N2C(C(=O)O)=C(SC3CC[S+]([O-])C3)S[C@H]12,0,val,42
7782,C[C@H]1[C@H](NC(=O)/C(=N/OC(C)(C)C(=O)O)c2csc(N)n2)C(=O)N1S(=O)(=O)O,0,test,42
7783,NC(=O)OCC1[C@H](NC(=O)/C(=N/OCC(=O)O)c2csc(N)n2)C(=O)N1S(=O)(=O)O,0,train,42
7784,C=CCOc1ccc(CC(=O)O)cc1Cl,0,train,42
7785,CC(=O)C[C@@H](c1ccccc1)c1c(O)c2ccccc2oc1=O,0,train,42
7786,CC(=O)Nc1ccc(OCC(O)CNC(C)C)cc1,0,train,42
7787,CC(C)(C)NCC(O)c1cc(O)cc(O)c1,0,train,42
7788,CC1CN(c2cc3c(cc2F)c(=O)c(C(=O)O)cn3-c2ccc(F)cc2F)CCN1,0,train,42
7789,CCCCC(=O)O[C@H]1CC[C@H]2[C@@H]3CCc4cc(O)ccc4[C@H]3CC[C@]12C,0,train,42
7790,CCc1cccc2cc(C(O)CNC(C)(C)C)oc12,0,train,42
7791,CN(C(=O)Cc1ccc(Cl)c(Cl)c1)C(CN1CCCC1)c1cccc(OCC(=O)O)c1,0,train,42
7792,CO/N=C(\C(=O)N[C@@H]1C(=O)N2C(C(=O)OCOC(=O)C(C)(C)C)=C(C)CS[C@H]12)c1csc(N)n1,0,train,42
7793,COc1cc2c(cc1OC)CN(CCc1ccc(NC(=O)c3cccc4c(=O)c5cccc(OC)c5[nH]c34)cc1)CC2,0,val,42
7794,C[C@@H]1O[C@@H](O[C@@H]2C=C3CC[C@@H]4[C@H](CC[C@]5(C)[C@@H](c6ccc(=O)oc6)CC[C@]45O)[C@@]3(C)CC2)[C@H](O)[C@H](O)[C@H]1O,0,train,42
7795,C[C@H]1O[C@H](O[C@H]2[C@H](O)[C@@H](O)[C@@H](O[C@H]3[C@H](O)[C@@H](O)C(O)O[C@@H]3CO)O[C@@H]2CO)[C@H](O)[C@@H](O)[C@@H]1N[C@H]1C=C(CO)[C@@H](O)[C@H](O)[C@H]1O,0,train,42
7796,Cc1cccc(C)c1NC(=O)C(C)N,0,val,42
7797,Cc1ccccc1OCC(O)CNCCOc1ccc(C(N)=O)cc1,0,train,42
7798,N=C(N)N1CCC[C@@H](CNC(=O)C[C@H](NS(=O)(=O)c2ccc3ccccc3c2)C(=O)N(CC(=O)O)C2CC2)C1,0,train,42
7799,N=c1nc(N2CCCCC2)cc(N)n1O,0,train,42
7800,O=C(O)c1cc(N=Nc2ccc(O)c(C(=O)O)c2)ccc1O,0,train,42
7801,O=C(O)c1ccc2[nH]cc(CCCCN3CC=C(c4ccccc4)CC3)c2c1,0,val,42
7802,OCCN1C[C@H](O)[C@@H](O)[C@H](O)[C@H]1CO,0,train,42
7803,C/C(O)=C1/C(=O)[C@@H](N)[C@@H]2Cc3c(c(O)c4c(O)c(C)ccc4c3C)C(=O)C2(O)C1=O,0,train,42
7804,C/C=C/C1=C(C(=O)O)N2C(=O)C(NC(=O)[C@@H](N)c3ccc(O)cc3)[C@@H]2SC1,0,train,42
7805,C=C1c2c(Cl)ccc(O)c2C(=O)C2=C(O)C3(O)C(=O)C(C(N)=O)=C(O)[C@@H](N(C)C)[C@H]3[C@@H](O)[C@@H]12,0,train,42
7806,C=C1c2cccc(O)c2C(=O)C2=C(O)C3(O)C(=O)C(C(N)=O)=C(O)[C@@H](N(C)C)[C@H]3[C@@H](O)[C@@H]12,0,train,42
7807,C=CC1=C(C(=O)O)N2C(=O)C(NC(=O)/C(=N\O)c3csc(N)n3)[C@@H]2SC1,0,val,42
7808,C=CC1=C(C(=O)O)N2C(=O)C(NC(=O)/C(=N\OCC(=O)O)c3csc(N)n3)[C@@H]2SC1,0,train,42
7809,C=CC1CN2CCC1CC2[C@@H](O)c1ccnc2ccc(OC)cc12,0,train,42
7810,C=CCSCC(=O)NC1C(=O)N2[C@@H](C(=O)O)C(C)(C)S[C@@H]12,0,train,42
7811,C=CC[C@H]1/C=C(\C)C[C@H](C)C[C@H](OC)[C@@H]2OC(O)(C(=O)C(=O)N3CCCC[C@H]3C(=O)O[C@H](/C(C)=C/[C@H]3CC[C@H](O)[C@@H](OC)C3)[C@@H](C)[C@@H](O)CC1=O)[C@@H](C)C[C@@H]2OC,0,train,42
7812,C=N[C@H](C(=O)NC1C(=O)N2[C@@H](C(=O)O)C(C)(C)S[C@@H]12)c1ccccc1,0,train,42
7813,CC#CC1(O)CC[C@H]2[C@@H]3CCC4=CC(=O)CCC4=C3[C@H](c3ccc(N(C)C)cc3)CC21C,0,train,42
7814,CC(=O)C1(N)Cc2c(O)c3c(c(O)c2[C@@H](O[C@H]2C[C@H](O)[C@@H](O)CO2)C1)C(=O)c1ccccc1C3=O,0,train,42
7815,CC(=O)C1(O)Cc2c(O)c3c(c(O)c2[C@@H](O[C@@H]2C[C@H](N)[C@H](O)[C@H](C)O2)C1)C(=O)c1c(O)cccc1C3=O,0,train,42
7816,CC(=O)C1(O)Cc2c(O)c3c(c(O)c2[C@@H](O[C@@H]2C[C@H](N)[C@H](O)[C@H](C)O2)C1)C(=O)c1ccccc1C3=O,0,train,42
7817,CC(=O)N1CCN(C(=O)Cc2cc(F)cc(F)c2)[C@@H](CN2CC[C@H](O)C2)C1,0,train,42
7818,CC(=O)N1CCN(C(=O)Cc2ccc(C(F)(F)F)cc2)[C@@H](CN2CC[C@H](O)C2)C1,0,train,42
7819,CC(=O)N1CCN(C(=O)Cc2ccc(Cl)c(Cl)c2)[C@@H](CN2CC[C@H](O)C2)C1,0,train,42
7820,CC(=O)N1CCN(C(=O)Cc2ccc([S+](C)[O-])cc2)[C@@H](CN2CC[C@H](O)C2)C1,0,train,42
7821,CC(=O)N1CCN(c2ccc(OC[C@H]3COC(Cn4ccnc4)(c4ccc(Cl)cc4Cl)O3)cc2)CC1,0,test,42
7822,CC(=O)OC12CO[C@H]1C[C@H](O)C1(C)C(=O)[C@@H](O)C3=C(C)[C@@H](OC(=O)[C@@H](O)[C@@H](NC(=O)OC(C)(C)C)c4ccccc4)CC(O)([C@@H](OC(=O)c4ccccc4)[C@@H]21)C3(C)C,0,test,42
7823,CC(=O)OC1CC2(C)[C@H](C[C@H](O)[C@H]3C4(C)CC[C@H](O)[C@@H](C)[C@@H]4CCC32C)/C1=C(\CCC=C(C)C)C(=O)O,0,test,42
7824,CC(=O)OCC1=C(C(=O)O)N2C(=O)C(NC(=O)CC#N)[C@@H]2SC1,0,train,42
7825,CC(=O)OCC1=C(C(=O)O)N2C(=O)C(NC(=O)CSc3ccncc3)[C@@H]2SC1,0,train,42
7826,CC(=O)OCC1=C(C(=O)O)N2C(=O)C(NC(=O)Cc3ccccc3)[C@@H]2SC1,0,val,42
7827,CC(=O)OCC1=C(C(=O)O)N2C(=O)C(NC(=O)Cc3cccs3)[C@@H]2SC1,0,train,42
7828,CC(=O)OCC1=C(C(=O)O)N2C(=O)C(NC(=O)[C@@H](N)c3ccccc3)[C@@H]2SC1,0,train,42
7829,CC(=O)OCC1=C(C(=O)O)N2C(=O)C(NC(=O)c3c(-c4ccccc4Cl)noc3C)[C@@H]2SC1,0,train,42
7830,CC(=O)OCOC(=O)[C@@H]1N2C(=O)C(NC(=O)Cc3ccccc3)[C@@H]2SC1(C)C,0,train,42
7831,CC(=O)O[C@@H]1/C=C/C(C)=C/C[C@H](O)/C=C/C(C)=C/[C@H](NC(=O)C(C)=O)C2(C)C(=O)O[C@@H](C1)[C@H](C)C2=O,0,train,42
7832,CC(=O)O[C@@H]1C(=O)C2(C)[C@@H](O)C[C@@H]3OCC3(OC(C)=O)[C@@H]2[C@H](OC(=O)c2ccccc2)C2(O)C[C@H](OC(=O)[C@@H](O)[C@@H](NC(=O)c3ccccc3)c3ccccc3)C(C)=C1C2(C)C,0,train,42
7833,CC(=O)O[C@H]1CC2(C)[C@H](C[C@H](O)[C@H]3C4(C)CC[C@H](O)[C@@H](C)[C@@H]4CCC32C)/C1=C(/CCC=C(C)C)C(=O)O,0,train,42
7834,CC(C)(C)C(=O)OCOC(=O)[C@@H]1N2C(=O)C(/N=C/N3CCCCCC3)[C@@H]2SC1(C)C,0,train,42
7835,CC(C)(C)C(=O)OCOC(=O)[C@@H]1N2C(=O)C(NC(=O)[C@@H](N)c3ccccc3)[C@@H]2SC1(C)C,0,val,42
7836,CC(C)(Oc1ccc(Cl)cc1)C(=O)N[C@H](C(=O)NC1C(=O)N2[C@@H](C(=O)O)C(C)(C)S[C@@H]12)c1ccccc1,0,train,42
7837,CC(C)(Oc1ccccc1)C(=O)NC1C(=O)N2[C@@H](C(=O)O)C(C)(C)S[C@@H]12,0,train,42
7838,CC(C)C(=O)OCc1cccc(OC(=O)[C@@H]2N3C(=O)C(NC(=O)Cc4ccccc4)[C@@H]3SC2(C)C)c1,0,val,42
7839,CC(C)C[C@H](N)C(=O)N[C@@H](CCCN)C(=O)N[C@H](C(=O)N[C@@H](CCCN)C(=O)N1CCC[C@H]1C(=O)N[C@H](C=O)Cc1ccccc1)C(C)C,0,train,42
7840,CC(C)C[C@H](OC(=O)c1ccco1)C(=O)NC1C(=O)N2[C@@H](C(=O)O)C(C)(C)S[C@@H]12,0,train,42
7841,CC(C)C[C@H]1C(=O)N2CCC[C@H]2C2(O)OC(NC(=O)[C@H]3C=C4c5cccc6[nH]c(Br)c(c56)C[C@@H]4N(C)C3)(C(C)C)C(=O)N12,0,train,42
7842,CC(C)NC[C@H](O)COc1cccc2ccccc12,0,train,42
7843,CC/C=C(/C(=O)NC1C(=O)N2C(C(=O)O)=C(COC(N)=O)CS[C@@H]12)c1csc(N)n1,0,train,42
7844,CC/C=C(\C(=O)NC1C(=O)N2C(C(=O)O)=C(COC(N)=O)CS[C@@H]12)c1csc(N)n1,0,train,42
7845,CC1(C)C(NC(=O)/C(=N/OCC(=O)O)c2csc(N)n2)C(=O)N1OS(=O)(=O)O,0,test,42
7846,CC1(C)C(NC/C(=N/OCC(=O)O)c2csc(N)n2)C(=O)N1OS(=O)(=O)O,0,train,42
7847,CC1(C)S[C@@H]2C(NC(=O)[C@@H](Oc3ccccc3)c3ccccc3)C(=O)[C@@H]2[C@H]1C(=O)O,0,train,42
7848,CC1(C)S[C@H]2C(/N=C/N3CCCCCC3)C(=O)N2[C@H]1C(=O)O,0,train,42
7849,CC1(C)S[C@H]2C(N3C(=O)C(c4ccc(O)cc4)NC3(C)C)C(=O)N2[C@H]1C(=O)O,0,train,42
7850,CC1(C)S[C@H]2C(N3C(=O)C(c4ccccc4)NC3(C)C)C(=O)N2[C@H]1C(=O)O,0,train,42
7851,CC1(C)S[C@H]2C(N3C(=O)[C@H](c4ccc(O)cc4)NC3(C)C)C(=O)N2[C@H]1C(=O)O,0,train,42
7852,CC1(C)S[C@H]2C(NC(=O)C3(N)CCCCC3)C(=O)N2[C@H]1C(=O)O,0,test,42
7853,CC1(C)S[C@H]2C(NC(=O)C34C[C@@H]5C[C@H](CC(N)(C5)C3)C4)C(=O)N2[C@H]1C(=O)O,0,test,42
7854,CC1(C)S[C@H]2C(NC(=O)CCC[C@H](N)C(=O)O)C(=O)N2[C@H]1C(=O)O,0,train,42
7855,CC1(C)S[C@H]2C(NC(=O)COc3ccccc3)C(=O)N2[C@H]1C(=O)O,0,train,42
7856,CC1(C)S[C@H]2C(NC(=O)CSc3ccccc3)C(=O)N2[C@H]1C(=O)O,0,test,42
7857,CC1(C)S[C@H]2C(NC(=O)Cc3ccccc3)C(=O)N2[C@H]1C(=O)O,0,train,42
7858,CC1(C)S[C@H]2C(NC(=O)[C@@H](/N=C/c3ccco3)c3ccc(O)cc3)C(=O)N2[C@H]1C(=O)O,0,train,42
7859,CC1(C)S[C@H]2C(NC(=O)[C@@H](/N=C\c3ccco3)c3ccc(O)cc3)C(=O)N2[C@H]1C(=O)O,0,test,42
7860,CC1(C)S[C@H]2C(NC(=O)[C@@H](C(=O)O)c3ccccc3)C(=O)N2[C@H]1C(=O)O,0,train,42
7861,CC1(C)S[C@H]2C(NC(=O)[C@@H](C(=O)Oc3ccc4c(c3)CCC4)c3ccccc3)C(=O)N2[C@H]1C(=O)O,0,train,42
7862,CC1(C)S[C@H]2C(NC(=O)[C@@H](C(=O)Oc3ccccc3)c3ccccc3)C(=O)N2[C@H]1C(=O)O,0,train,42
7863,CC1(C)S[C@H]2C(NC(=O)[C@@H](N)C3=CCC=CC3)C(=O)N2[C@H]1C(=O)O,0,train,42
7864,CC1(C)S[C@H]2C(NC(=O)[C@@H](N)c3ccc(O)cc3)C(=O)N2[C@H]1C(=O)O,0,train,42
7865,CC1(C)S[C@H]2C(NC(=O)[C@@H](N)c3ccccc3)C(=O)N2[C@H]1C(=O)O,0,train,42
7866,CC1(C)S[C@H]2C(NC(=O)[C@@H](N)c3ccccc3)C(=O)N2[C@H]1C(=O)OCOC(=O)[C@@H]1N2C(=O)C[C@@H]2S(=O)(=O)C1(C)C,0,val,42
7867,CC1(C)S[C@H]2C(NC(=O)[C@@H](N)c3ccccc3)C(=O)N2[C@H]1C(=O)O[C@@H]1OC(=O)c2ccccc21,0,train,42
7868,CC1(C)S[C@H]2C(NC(=O)[C@@H](NC(=O)C/N=C(\N)c3ccncc3)c3ccccc3)C(=O)N2[C@H]1C(=O)O,0,train,42
7869,CC1(C)S[C@H]2C(NC(=O)[C@@H](NC(=O)Cc3ccc(C4=NCCCN4)cc3)c3ccccc3)C(=O)N2[C@H]1C(=O)O,0,train,42
7870,CC1(C)S[C@H]2C(NC(=O)[C@@H](NC(=O)N3CCN(S(C)(=O)=O)C3=O)c3ccccc3)C(=O)N2[C@H]1C(=O)O,0,train,42
7871,CC1(C)S[C@H]2C(NC(=O)[C@@H](NC(=O)Nc3cnc(Nc4ccc(S(N)(=O)=O)cc4)[nH]c3=O)c3ccc(O)cc3)C(=O)N2[C@H]1C(=O)O,0,train,42
7872,CC1(C)S[C@H]2C(NC(=O)[C@@H](NC(=O)c3c[nH]c4cccnc4c3=O)c3ccccc3)C(=O)N2[C@H]1C(=O)O,0,train,42
7873,CC1(C)S[C@H]2C(NC(=O)[C@@H](NC(=O)c3ccc(-c4ccc(S(=O)(=O)N(CCO)CCO)cc4)[nH]c3=O)c3ccc(O)cc3)C(=O)N2[C@H]1C(=O)O,0,train,42
7874,CC1(C)S[C@H]2C(NC(=O)[C@@H](NS(=O)(=O)O)c3ccccc3)C(=O)N2[C@H]1C(=O)O,0,train,42
7875,CC1(C)S[C@H]2C(NC(=O)[C@H](c3ccccc3)S(=O)(=O)O)C(=O)N2[C@H]1C(=O)O,0,train,42
7876,CC1(C)S[C@H]2C(NC(=O)c3nc4ccccc4nc3C(=O)O)C(=O)N2[C@H]1C(=O)O,0,train,42
7877,CC1(Cn2ccnn2)[C@H](C(=O)O)N2C(=O)C[C@@H]2S1(=O)=O,0,train,42
7878,CC12CC(N)[C@@H]1CN(c1nc3c(cc1F)c(=O)c(C(=O)O)cn3C1CC1)C2,0,train,42
7879,CC12CCC(=O)C=C1CC[C@@H]1[C@@H]2[C@@H](O)CC2(C)[C@@H](C(=O)CO)CC[C@@H]12,0,test,42
7880,CC12CCC(=O)C=C1CC[C@@H]1[C@@H]2[C@@H](O)CC2(C)[C@H]1CCC2(O)C(=O)CO,0,test,42
7881,CC12CCC(=O)C=C1CC[C@@H]1[C@@H]2[C@@H]2CC3(C(C(=O)CO)CC[C@@H]13)[C@@H](O)O2,0,train,42
7882,CC12CC[C@@H]3c4ccc(O)cc4CC[C@@H]3[C@@H]1CCC2O,0,train,42
7883,CC1=C(C(=O)O)N2C(=O)C(NC(=O)Cc3ccc(C4=NCCCN4)cc3)[C@@H]2SC1,0,train,42
7884,CC1=C(C(=O)O)N2C(=O)C(NC(=O)[C@@H](N)C3=CCC=CC3)[C@@H]2SC1,0,train,42
7885,CC1=C(C(=O)O)N2C(=O)C(NC(=O)[C@@H](N)c3ccc(O)c(Cl)c3)[C@@H]2SC1,0,test,42
7886,CC1=C(C(=O)O)N2C(=O)C(NC(=O)[C@@H](N)c3ccc(O)cc3)[C@@H]2SC1,0,test,42
7887,CC1=C(C(=O)O)N2C(=O)C(NC(=O)[C@@H](N)c3cccc(NS(C)(=O)=O)c3)[C@@H]2SC1,0,train,42
7888,CC1=C(C(=O)OCC(=O)OC(C)(C)C)N2C(=O)C(NC(=O)[C@@H](N)c3ccccc3)[C@@H]2SC1,0,train,42
7889,CC1=C/[C@@H](O)CC(=O)Cc2nc(co2)C(=O)N2CCC=C2C(=O)O[C@@H](C(C)C)[C@@H](C)/C=C\C(=O)NC/C=C\1,0,val,42
7890,CC1=C\[C@@H](O)CC(=O)Cc2nc(co2)C(=O)N2CCC=C2C(=O)O[C@@H](C(C)C)[C@@H](C)/C=C/C(=O)NC\C=C\1,0,train,42
7891,CC1C(NC(=O)/C(=N/OC(C)(C)C(=O)O)c2csc(N)n2)C(=O)N1S(=O)(=O)O,0,train,42
7892,CC1C(NC(=O)/C(=N\OC(C)(C)C(=O)O)c2csc(N)n2)C(=O)N1S(=O)(=O)O,0,train,42
7893,CCC(=O)O[C@@H]1[C@H](O[C@H]2C(C)[C@H](O[C@@H]3CC(C)(OC)[C@@H](O)[C@H](C)O3)[C@H](C)C(=O)O[C@@H](CC)C(C)(O)[C@@H](O)[C@H](C)C(=O)[C@@H](C)CC2(C)O)O[C@@H](C)C[C@@H]1N(C)C,0,train,42
7894,CCC(=O)O[C@H]1CC(=O)O[C@@H](C)C/C=C/C=C/[C@@H](O)[C@@H](C)C[C@@H](CC=O)[C@H](O[C@@H]2OC(C)[C@@H](O[C@H]3CC(C)(O)[C@@H](OC(=O)CC)[C@H](C)O3)[C@@H](N(C)C)[C@@H]2O)[C@H]1OC,0,train,42
7895,CCC(=O)O[C@H]1CC(=O)O[C@@H](C)C/C=C/C=C\[C@@H](O)[C@@H](C)C[C@@H](CC=O)[C@H](O[C@@H]2O[C@@H](C)[C@@H](O[C@H]3CC(C)(O)[C@@H](OC(=O)CC)[C@H](C)O3)[C@@H](N(C)C)[C@@H]2O)[C@H]1OC,0,train,42
7896,CCC(=O)O[C@H]1[C@H](C)O[C@H](O[C@H]2[C@@H](C)[C@@H](O[C@@H]3O[C@@H](C)C[C@H](N(C)C)[C@@H]3O)[C@@H](C)CC3(CO3)C(=O)[C@@H](C)[C@@H](OC(=O)CC)[C@@H](C)[C@H](C)OC(=O)[C@H]2C)C[C@@H]1OC,0,train,42
7897,CCC1(O)C[C@H](O[C@@H]2C[C@H](N(C)C)[C@H](O[C@H]3C[C@@H]4O[C@H]5CC(=O)[C@H](C)O[C@@H]5O[C@H]4[C@H](C)O3)[C@H](C)O2)c2c(O)c3c(c(O)c2[C@@H]1O[C@H]1C[C@H](N(C)C)[C@H](O)[C@H](C)O1)C(=O)c1cccc(O)c1C3=O,0,train,42
7898,CCC1(O)C[C@H](O[C@@H]2C[C@H](N(C)C)[C@H](O[C@H]3C[C@H](O)[C@H](O[C@@H]4CCC(=O)[C@H](C)O4)C(C)O3)[C@H](C)O2)c2c(cc3c(c2O)C(=O)c2c(O)cccc2C3=O)[C@@H]1C(=O)OC,0,train,42
7899,CCC1(O)C[C@H]2CN(CCc3c([nH]c4ccccc34)C(C(=O)OC)(c3cc4c(cc3OC)N(C)[C@@H]3C(O)(C(N)=O)[C@@H](O)C5(CC)C=CCN6CCC43[C@H]65)C2)C1,0,train,42
7900,CCC1(O)C[C@H]2CN(CCc3c([nH]c4ccccc34)C(C(=O)OC)(c3cc4c(cc3OC)N(C=O)[C@@H]3C(O)(C(=O)OC)[C@@H](OC(C)=O)C5(CC)C=CCN6CCC43[C@H]65)C2)C1,0,test,42
7901,CCCCC[C@@H]1CN[C@H](C(=O)N[C@@H]([C@@H]2O[C@@H](SC)[C@@H](O)[C@@H](O)[C@@H]2O)[C@H](C)Cl)C1,0,train,42
7902,CCCC[C@H]1CC(=O)C2(O)O[C@H]3[C@@H](NC)[C@@H](O)[C@H](NC)[C@H](O)[C@@H]3O[C@@H]2O1,0,train,42
7903,CCC[C@H]1C[C@@H](C(=O)N[C@@H]([C@H](C)O)[C@@H]2O[C@@H](SC)[C@@H](O)[C@@H](O)C2O)N(C)C1,0,train,42
7904,CCC[C@H]1C[C@@H](C(=O)N[C@H]([C@@H]2O[C@@H](SC)[C@@H](O)[C@@H](O)[C@@H]2O)[C@H](C)O)N(C)C1,0,train,42
7905,CCC[C@H]1C[C@@H](C(=O)N[C@@H]([C@@H]2O[C@@H](SC)[C@@H](O)[C@@H](O)[C@@H]2O)[C@H](C)Cl)N(C)C1,0,train,42
7906,CCC[C@H]1C[C@@H](C(=O)N[C@@H]([C@@H]2O[C@@H](SC)[C@@H](OP(=O)(O)O)[C@@H](O)[C@@H]2O)[C@H](C)Cl)N(C)C1,0,train,42
7907,CCN(CC)/C(C)=N/N=C/c1c2c(O)c3c(O)c(C)c4c(c3c1O)C(=O)C(C)(O/C=C/[C@H](OC)[C@H](C)[C@@H](OC(C)=O)[C@@H](C)[C@@H](O)[C@@H](C)[C@@H](O)[C@@H](C)/C=C/C=C(/C)C(=O)N2)O4,0,train,42
7908,CCN(CC)/C(C)=N\N=C\c1c2c(O)c3c(O)c(C)c4c(c3c1O)C(=O)C(C)(O/C=C/[C@H](OC)C(C)[C@@H](OC(C)=O)C(C)C(O)[C@@H](C)[C@@H](O)[C@@H](C)/C=C\C=C(\C)C(=O)N2)O4,0,train,42
7909,CCN(CC)C(=O)COc1cc2c(O)c3c(O)c(C)c4c(c13)C(=O)C(C)(O/C=C/[C@H](OC)[C@H](C)[C@@H](OC(C)=O)[C@@H](C)[C@@H](O)[C@@H](C)[C@@H](O)[C@@H](C)/C=C/C=C(/C)C(=O)N2)O4,0,train,42
7910,CCN(CC)CCOC(=O)[C@@H]1N2C(=O)C(NC(=O)c3c(OC)cccc3OC)[C@@H]2SC1(C)C,0,train,42
7911,CCN(CC)c1nc2c(s1)c1c(O)c3c(O)c(C)c4c(c32)C(=O)C(C)(O/C=C/[C@H](OC)[C@H](C)[C@@H](OC(C)=O)[C@@H](C)[C@@H](O)[C@@H](C)[C@@H](O)[C@@H](C)/C=C/C=C(/C)C(=O)N1)O4,0,val,42
7912,CCN1CCN(C(=O)N[C@H](C(=O)NC2C(=O)N3[C@@H](C(=O)O)C(C)(C)S[C@@H]23)c2ccccc2)C(=O)C1=O,0,train,42
7913,CCN[C@H]1C[C@H](N)[C@H](O[C@H]2OC(CN)=CC[C@@H]2N)[C@H](O)[C@H]1O[C@@H]1OCC(C)(O)[C@@H](NC)[C@@H]1O,0,test,42
7914,CCOC(=O)CCC(=O)O[C@@H]1[C@H](O[C@H]2[C@@H](C)[C@H](O[C@@H]3CC(C)(OC)[C@@H](O)[C@H](C)O3)[C@H](C)C(=O)O[C@@H](CC)C(C)(O)[C@@H](O)[C@H](C)C(=O)[C@@H](C)CC2(C)O)O[C@@H](C)C[C@@H]1N(C)C,0,train,42
7915,CCOC(=O)O[C@@H](C)OC(=O)[C@@H]1N2C(=O)C(/N=C/N3CCCCCC3)[C@@H]2SC1(C)C,0,train,42
7916,CCOC(=O)O[C@@H]1[C@H](O[C@H]2[C@@H](C)[C@H](O[C@@H]3CC(C)(OC)[C@@H](O)[C@H](C)O3)[C@H](C)C(=O)O[C@@H](CC)C(C)(O)[C@@H](O)[C@H](C)C(=O)[C@@H](C)CC2(C)O)O[C@@H](C)C[C@@H]1N(C)C,0,train,42
7917,CCOC(OCC)C(=O)OCC(=O)C1(O)Cc2c(O)c3c(c(O)c2[C@@H](O[C@@H]2C[C@H](N)[C@H](O)[C@H](C)O2)C1)C(=O)c1c(OC)cccc1C3=O,0,val,42
7918,CCOc1ccc2ccccc2c1C(=O)NC1C(=O)N2[C@@H](C(=O)O)C(C)(C)S[C@@H]12,0,train,42
7919,CC[C@@H]1CN2CCc3cc(OC)c(OC)cc3[C@@H]2C[C@@H]1C[C@@H]1NCCc2cc(OC)c(OC)cc21,0,val,42
7920,CC[C@@H]1NC(=O)[C@@H](NC(=O)c2ncccc2O)[C@H](C)OC(=O)[C@H](c2ccccc2)NC(=O)[C@@H]2CC(=O)CCN2C(=O)[C@H](Cc2ccc(N(C)C)cc2)N(C)C(=O)[C@@H]2CCCN2C1=O,0,test,42
7921,CC[C@@H]1NC(=O)[C@@H](NC(=O)c2ncccc2O)[C@H](C)OC(=O)[C@H](c2ccccc2)NC(=O)[C@@H]2CC(=O)CCN2C(=O)[C@H](Cc2ccccc2)N(C)C(=O)C2CCCN2C1=O,0,test,42
7922,CC[C@@H]1OC(=O)[C@@H](C)[C@@H](O[C@@H]2CC(C)(OC)[C@@H](O)[C@H](C)O2)C(C)[C@H](O[C@@H]2O[C@@H](C)C[C@H](N(C)C)[C@@H]2O)C(C)(O)CC(C)(F)C(=O)[C@@H](C)[C@H](O)C1(C)O,0,train,42
7923,CC[C@@H]1OC(=O)[C@@H](C)[C@@H](O[C@@H]2CC(C)(OC)[C@@H](O)[C@H](C)O2)C(C)[C@H](O[C@@H]2O[C@@H](C)C[C@H](N(C)C)[C@@H]2O)C(C)(O)C[C@H](C)C(=O)[C@@H](C)[C@@H](O)C1C,0,train,42
7924,CC[C@@H]1OC(=O)[C@@H](C)[C@@H](O[C@@H]2CC(C)(OC)[C@@H](O)[C@H](C)O2)C(C)[C@H](O[C@@H]2O[C@@H](C)C[C@H](N(C)C)[C@@H]2O)C(C)(O)C[C@H](C)C(=O)[C@@H](C)[C@H](O)C1(C)O,0,train,42
7925,CC[C@@H]1OC(=O)[C@@H](C)[C@@H](O[C@@H]2CC(C)(OC)[C@@H](O)[C@H](C)O2)[C@H](C)[C@H](O[C@@H]2O[C@@H](C)C[C@H](N(C)C)[C@@H]2O)C(C)(O)CC(C)CN(C)[C@@H](C)[C@H](O)C1(C)O,0,test,42
7926,CC[C@@H]1OC(=O)[C@@H](C)[C@@H](O[C@@H]2CC(C)(OC)[C@@H](O)[C@H](C)O2)[C@H](C)[C@H](O[C@@H]2O[C@@H](C)C[C@H](N(C)C)[C@@H]2O)C(C)(O)CC(C)[C@@H]2N[C@H](COCCOC)O[C@@H]([C@H]2C)C1(C)O,0,test,42
7927,CC[C@@H]1OC(=O)[C@@H](C)[C@@H](O[C@@H]2CC(C)(OC)[C@@H](O)[C@H](C)O2)[C@H](C)[C@H](O[C@@H]2O[C@@H](C)C[C@H](N(C)C)[C@@H]2O)C(C)(O)C[C@H](C)/C(=N/OCOCCOC)[C@H](C)[C@H](O)C1(C)O,0,train,42
7928,CC[C@@H]1OC(=O)[C@@H](C)[C@@H](O[C@@H]2CC(C)(OC)[C@@H](O)[C@H](C)O2)[C@H](C)[C@H](O[C@@H]2O[C@@H](C)C[C@H](N(C)C)[C@@H]2O)C(C)(O)C[C@H](C)/C(=N\OC)[C@H](C)[C@H](O)C1(C)O,0,train,42
7929,CC[C@@H]1OC(=O)[C@@H](C)[C@@H](O[C@@H]2CC(C)(OC)[C@@H](O)[C@H](C)O2)[C@H](C)[C@H](O[C@@H]2O[C@@H](C)C[C@H](N(C)C)[C@@H]2O)C(C)(O)C[C@H](C)/C(=N\OCOCCOC)[C@H](C)[C@H](O)C1(C)O,0,train,42
7930,CC[C@@H]1OC(=O)[C@@H](C)[C@@H](O[C@@H]2CC(C)(OC)[C@@H](O)[C@H](C)O2)[C@H](C)[C@H](O[C@@H]2O[C@@H](C)C[C@H](N(C)C)[C@@H]2O)C(C)(OC)C[C@H](C)C(=O)[C@@H](C)[C@H](O)C1(C)O,0,train,42
7931,CC[C@H](C)C(=O)O[C@H]1C[C@H](O)C=C2C=C[C@H](C)[C@H](CC[C@H](O)C[C@H](O)CC(=O)O)[C@@H]21,0,train,42
7932,CC[C@H](C)n1ncn(-c2ccc(N3CCN(c4ccc(OC[C@H]5COC(Cn6cncn6)(c6ccc(Cl)cc6Cl)O5)cc4)CC3)cc2)c1=O,0,train,42
7933,CC[C@H](Oc1ccccc1)C(=O)NC1C(=O)N2[C@@H](C(=O)O)C(C)(C)S[C@@H]12,0,train,42
7934,CN(C(=O)Cc1ccccc1N)[C@H](CN1CC[C@H](O)C1)c1ccccc1,0,train,42
7935,CN(C)CCn1nnnc1SCC1=C(C(=O)O)N2C(=O)C(NC(=O)Cc3csc(N)n3)[C@@H]2SC1,0,train,42
7936,CN(C)[C@@H]1C(O)=C(C(=O)NCN2CCCC2)C(=O)C2(O)C(O)=C3C(=O)c4c(O)cccc4C(C)(O)[C@H]3C[C@@H]12,0,train,42
7937,CN(C)[C@@H]1C(O)=C(C(=O)NCN2CCC[C@H](C(=O)O)C2)C(=O)C2(O)C(O)=C3C(=O)c4c(O)cccc4C(C)(O)[C@H]3C[C@@H]12,0,train,42
7938,CN(C)[C@@H]1C(O)=C(C(=O)NCN2CCN(/C(N)=N/C(=N)N)CC2)C(=O)C2(O)C(O)=C3C(=O)c4c(O)cccc4C(C)(O)[C@H]3C[C@@H]12,0,val,42
7939,CN(C)[C@@H]1C(O)=C(C(=O)NCN2CCN(CCO)CC2)C(=O)C2(O)C(O)=C3C(=O)c4c(O)cccc4C(C)(O)[C@H]3C[C@@H]12,0,train,42
7940,CN(C)[C@@H]1C(O)=C(C(=O)NCNCCCC[C@H](N)C(=O)O)C(=O)C2(O)C(O)=C3C(=O)c4c(O)cccc4C(C)(O)[C@H]3C[C@@H]12,0,train,42
7941,CN(C)[C@@H]1C(O)=C(C(=O)NCN[C@H](C(=O)NC2C(=O)N3[C@@H](C(=O)O)C(C)(C)S[C@@H]23)c2ccccc2)C(=O)C2(O)C(O)=C3C(=O)c4c(O)cccc4C(C)(O)[C@H]3C[C@@H]12,0,train,42
7942,CN(C)[C@@H]1C(O)=C(C(=O)NCO)C(=O)C2(O)C(O)=C3C(=O)c4c(O)ccc(Cl)c4C(C)(O)[C@H]3C[C@@H]12,0,train,42
7943,CN(C)[C@@H]1C(O)=C(C(=O)N[C@H](C(=O)O)N2CCN(CCO)CC2)C(=O)C2(O)C(O)=C3C(=O)c4c(O)cccc4C(C)(O)[C@H]3C[C@@H]12,0,train,42
7944,CN(C)[C@@H]1C(O)=C(C(N)=O)C(=O)C2(O)C(O)=C3C(=O)c4c(O)ccc(Cl)c4[C@@H](O)[C@H]3C[C@@H]12,0,train,42
7945,CN(C)[C@@H]1C(O)=C(C(N)=O)C(=O)C2(O)C(O)=C3C(=O)c4c(O)cccc4C(C)(O)[C@@H]3[C@H](O)[C@H]12,0,train,42
7946,CN(C)[C@@H]1C(O)=C(C(N)=O)C(=O)C2(O)C(O)=C3C(=O)c4c(O)cccc4C(C)(O)[C@H]3C[C@@H]12,0,train,42
7947,CN(C)[C@@H]1C(O)=C(C(N)=O)C(=O)C2(O)C(O)=C3C(=O)c4c(ccc(N)c4O)C[C@@H]3C[C@@H]12,0,train,42
7948,CN1C[C@@H](C(=O)NC2(C)OC3(O)[C@@H]4CCCN4C(=O)[C@H](Cc4ccccc4)N3C2=O)C[C@H]2c3cccc4[nH]cc(c34)C[C@@H]21,0,train,42
7949,CN1[C@H]2CC[C@H]1CC(OC(=O)[C@@H](O)c1ccccc1)C2,0,train,42
7950,CNC(=O)C[C@H](N)C(=O)N[C@H](C(=O)NC1C(=O)N2[C@@H](C(=O)O)C(C)(C)S[C@@H]12)c1ccc(O)cc1,0,train,42
7951,CNCC[C@H](O)[C@@H]1C[C@H](SC2=C(C(=O)O)N3C(=O)C([C@H](C)O)[C@H]3[C@@H]2C)CN1,0,train,42
7952,CNC[C@@H](O)c1ccc(O)c(O)c1,0,train,42
7953,CNC[C@@H](O)c1ccc(OC(=O)C(C)(C)C)c(OC(=O)C(C)(C)C)c1,0,train,42
7954,CNC[C@@H](O)c1cccc(OC(=O)C(C)(C)C)c1,0,train,42
7955,CN[C@@H](C)[C@@H](O)c1ccc(O)cc1,0,test,42
7956,CN[C@@H]1[C@H](O[C@@H]2C(O[C@@H]3[C@@H](O)[C@@H](O)[C@@H](NC(=N)N)[C@H](O)[C@@H]3NC(=N)N)O[C@@H](C)C2(O)CO)O[C@@H](CO)[C@@H](O)[C@H]1O,0,train,42
7957,CN[C@@H]1[C@H](O[C@@H]2O[C@H](CO)[C@@H](N)[C@H](O)[C@@H]2O)O[C@H]2C[C@H](N)[C@@H](O[C@@H]3[C@@H](O)[C@@H](O)[C@@H](N)C[C@@H]3N)O[C@H]2[C@H]1O,0,train,42
7958,CN[C@@H]1[C@H](O[C@@H]2[C@@H](O[C@@H]3[C@@H](O)[C@@H](O)[C@@H](NC(=N)N)[C@H](O)[C@@H]3NC(=N)N)OC(C)C2(O)C=O)O[C@@H](CO)[C@@H](O)[C@H]1O,0,train,42
7959,CN[C@@H]1[C@H](O[C@@H]2[C@@H](O[C@@H]3[C@@H](O)[C@@H](O)[C@@H](NC(=N)N)[C@H](O)[C@@H]3NC(=N)N)O[C@@H](C)C2(O)C=O)O[C@@H](CO)[C@@H](O)[C@H]1O,0,train,42
7960,CN[C@@H]1[C@H](O[C@@H]2[C@@H](O[C@@H]3[C@@H](O)[C@@H](O)[C@@H](NC(=N)N)[C@H](O)[C@@H]3NC(=N)N)O[C@@H](C)C2(O)CO)O[C@@H](CO)[C@@H](O)[C@H]1O,0,train,42
7961,CN[C@H]1[C@H](O)[C@H](O[C@@H]2[C@@H](O)[C@@H](O[C@@H]3O[C@H](CN)CC[C@@H]3N)[C@@H](N)C[C@@H]2N)OCC1(C)O,0,train,42
7962,CN[C@H]1[C@H](O)[C@H](O[C@@H]2[C@@H](O)[C@@H](O[C@H]3OC(CN)=CC[C@@H]3N)[C@@H](N)C[C@@H]2N)OCC1(C)O,0,train,42
7963,CN[C@H]1[C@H](O)[C@H](O[C@@H]2[C@@H](O)[C@@H](O[C@@H]3O[C@@H](CN)[C@@H](O)[C@H](O)[C@@H]3O)[C@@H](N)C[C@@H]2NC(=O)[C@@H](O)CN)OCC1(C)O,0,val,42
7964,CO/N=C(/C(=O)NC1C(=O)N(OCC(=O)O)C1C)c1csc(N)n1,0,train,42
7965,CO/N=C(/C(=O)NC1C(=O)N(OCC(=O)OCC(=O)OC(C)(C)C)[C@H]1C)c1csc(N)n1,0,val,42
7966,CO/N=C(/C(=O)NC1C(=O)N2C(C(=O)O)=C(/C=C/Sc3n[nH]c(=O)c(=O)n3CC=O)CS[C@@H]12)c1csc(N)n1,0,train,42
7967,CO/N=C(/C(=O)NC1C(=O)N2C(C(=O)O)=C(/C=C/c3scnc3C)CS[C@@H]12)c1csc(N)n1,0,train,42
7968,CO/N=C(/C(=O)NC1C(=O)N2C(C(=O)O)=C(COC(C)=O)CS[C@@H]12)c1ccco1,0,train,42
7969,CO/N=C(/C(=O)NC1C(=O)N2C(C(=O)O)=C(COC(C)=O)C[S+]([O-])[C@@H]12)c1csc(N)n1,0,test,42
7970,CO/N=C(/C(=O)NC1C(=O)N2C(C(=O)O)=C(CSC(=O)c3ccco3)CS[C@@H]12)c1csc(N)n1,0,train,42
7971,CO/N=C(/C(=O)NC1C(=O)N2C(C(=O)O)=C(CSc3nc(C)c(CC(=O)O)s3)CS[C@@H]12)c1csc(N)n1,0,train,42
7972,CO/N=C(/C(=O)NC1C(=O)N2C(C(=O)O)=C(CSc3nnnn3C)CS[C@@H]12)c1csc(N)n1,0,train,42
7973,CO/N=C(/C(=O)NC1C(=O)N2C(C(=O)O)=C(Cn3nnc(C)n3)CS[C@@H]12)c1csc(N)n1,0,train,42
7974,CO/N=C(/C(=O)NC1C(=O)N2C(C(=O)O)=CCS[C@@H]12)c1csc(N)n1,0,train,42
7975,CO/N=C(/C(=O)NC1C(=O)N2C(C(=O)OCOC(=O)C(C)(C)C)=CCS[C@@H]12)c1csc(NC(=O)[C@H](C)N)n1,0,train,42
7976,CO/N=C(/C(=O)NC1C(=O)N2C(C(=O)O[C@@H](C)OC(C)=O)=C(COC(N)=O)CS[C@@H]12)c1ccco1,0,test,42
7977,CO/N=C(/C(=O)NC1C(=O)N2C(C(=O)O[C@H](C)OC(=O)C(C)(C)OC)=C(COC(N)=O)CS[C@@H]12)c1ccco1,0,train,42
7978,CO/N=C(\C(=O)NC1C(=O)N(OCC(=O)O)C1C)c1csc(N)n1,0,train,42
7979,CO/N=C(\C(=O)NC1C(=O)N(OCC(=O)OCC(=O)OC(C)(C)C)C1C)c1csc(N)n1,0,train,42
7980,CO/N=C(\C(=O)NC1C(=O)N2C(C(=O)O)=C(/C=C/Sc3n[nH]c(=O)c(=O)n3CC=O)CS[C@@H]12)c1csc(N)n1,0,train,42
7981,CO/N=C(\C(=O)NC1C(=O)N2C(C(=O)O)=C(/C=C\c3scnc3C)CS[C@@H]12)c1csc(N)n1,0,train,42
7982,CO/N=C(\C(=O)NC1C(=O)N2C(C(=O)O)=C(C)CS[C@@H]12)c1csc(N)n1,0,train,42
7983,CO/N=C(\C(=O)NC1C(=O)N2C(C(=O)O)=C(COC(C)=O)CS[C@@H]12)c1csc(N)n1,0,val,42
7984,CO/N=C(\C(=O)NC1C(=O)N2C(C(=O)O)=C(COC(C)=O)C[S+]([O-])[C@@H]12)c1csc(N)n1,0,train,42
7985,CO/N=C(\C(=O)NC1C(=O)N2C(C(=O)O)=C(CSC(=O)c3ccco3)CS[C@@H]12)c1csc(N)n1,0,train,42
7986,CO/N=C(\C(=O)NC1C(=O)N2C(C(=O)O)=C(CSc3cnns3)CS[C@@H]12)c1csc(N)n1,0,val,42
7987,CO/N=C(\C(=O)NC1C(=O)N2C(C(=O)O)=C(CSc3nc(=O)c(=O)[nH]n3C)CS[C@@H]12)c1csc(N)n1,0,train,42
7988,CO/N=C(\C(=O)NC1C(=O)N2C(C(=O)O)=C(CSc3nnnn3C)CS[C@@H]12)c1csc(N)n1,0,train,42
7989,CO/N=C(\C(=O)NC1C(=O)N2C(C(=O)O)=C(Cn3nnc(C)n3)CS[C@@H]12)c1csc(N)n1,0,train,42
7990,CO/N=C(\C(=O)NC1C(=O)N2C(C(=O)O)=CCS[C@@H]12)c1csc(N)n1,0,train,42
7991,CO/N=C(\C(=O)NC1C(=O)N2C(C(=O)O[C@@H](C)OC(C)=O)=C(COC(N)=O)CS[C@@H]12)c1ccco1,0,train,42
7992,CO/N=C(\C(=O)N[C@H]1C(=O)N2C(C(=O)O)=C(C)CS[C@@H]12)c1csc(N)n1,0,train,42
7993,CO/N=C(\C(=O)N[C@H]1C(=O)N2C(C(=O)O)=C(COC(C)=O)CS[C@@H]12)c1ccco1,0,test,42
7994,COC(=O)C1=C(C)NC(C)=C(C(=O)OCCN(C)Cc2ccccc2)[C@@H]1c1cccc([N+](=O)[O-])c1,0,train,42
7995,COC1(NC(=O)C2SC(=C(C#N)C(=O)O)S2)C(=O)N2C(C(=O)O)=C(CSc3nnnn3C)CS[C@H]21,0,train,42
7996,COC1(NC(=O)C2SC(=C(C(N)=O)C(=O)O)S2)C(=O)N2C(C(=O)O)=C(CSc3nnnn3C)CS[C@H]21,0,train,42
7997,COC1(NC(=O)CSC(F)F)C(=O)N2C(C(=O)O)=C(CSc3nnnn3CCO)CO[C@H]21,0,train,42
7998,COC1(NC(=O)CSCC#N)C(=O)N2C(C(=O)O)=C(CSc3nnnn3C)CS[C@H]21,0,train,42
7999,COC1(NC(=O)CSC[C@@H](N)C(=O)O)C(=O)N2C(C(=O)O)=C(CSc3nnnn3C)CS[C@H]21,0,train,42
8000,COC1(NC(=O)Cc2cccs2)C(=O)N2C(C(=O)O)=C(COC(N)=O)CS[C@H]21,0,train,42
8001,COC1(NC(=O)[C@@H](C(=O)O)c2ccc(O)cc2)C(=O)N2C(C(=O)O)=C(CSc3nnnn3C)CO[C@H]21,0,test,42
8002,COC1(NC(=O)[C@@H](C(=O)O)c2ccsc2)C(=O)N2[C@@H](C(=O)O)C(C)(C)S[C@H]21,0,train,42
8003,COC12C(COC(N)=O)C3=C(C(=O)C(C)=C(N)C3=O)N1C[C@@H]1N[C@@H]12,0,train,42
8004,COCC(=O)OC1(CCN(C)CCCc2nc3ccccc3[nH]2)CCc2cc(F)ccc2[C@@H]1C(C)C,0,train,42
8005,COCC1=C(C(=O)O)N2C(=O)C(NC(=O)/C(=N\O)c3csc(N)n3)[C@@H]2SC1,0,train,42
8006,COCC1=C(C(=O)O)N2C(=O)C(NC(=O)/C(=N\OC)c3csc(N)n3)[C@@H]2SC1,0,train,42
8007,COCC1=C(C(=O)O)N2C(=O)[C@H](NC(=O)/C(=N\O)c3csc(N)n3)[C@@H]2SC1,0,train,42
8008,COCOC(=O)[C@@H]1N2C(=O)C(N3C(=O)C(c4ccccc4)NC3(C)C)[C@@H]2SC1(C)C,0,train,42
8009,COCOC(=O)[C@@H]1N2C(=O)[C@H](N3C(=O)C(c4ccc(O)cc4)NC3(C)C)[C@@H]2SC1(C)C,0,train,42
8010,CO[C@@H]1[C@@H](O)[C@H](N)[C@H](O[C@@H]2O[C@H]([C@H](C)N)CC[C@@H]2N)[C@@H](O)[C@@H]1N(C)C(=O)CN,0,train,42
8011,CO[C@H](C(=O)NC1C(=O)N2[C@@H](C(=O)O)C(C)(C)S[C@@H]12)c1ccc(Cl)c(Cl)c1,0,val,42
8012,CO[C@H]1/C=C/OC2(C)Oc3c(C)c(O)c4c(O)c(c(/C=N/N5CCN(C)CC5)c(O)c4c3C2=O)NC(=O)/C(C)=C/C=C/[C@H](C)[C@H](O)[C@H](C)[C@H](O)[C@H](C)[C@H](OC(C)=O)[C@H]1C,0,val,42
8013,CO[C@H]1/C=C/OC2(C)Oc3c(C)c(O)c4c(O)c(c(/C=N/N5CCN(C)CC5)c(O)c4c3C2=O)NC(=O)/C(C)=C\C=C\[C@H](C)[C@H](O)[C@H](C)[C@H](O)[C@H](C)[C@H](OC(C)=O)[C@H]1C,0,train,42
8014,CO[C@H]1/C=C/OC2(C)Oc3c(C)c(O)c4c(O)c(c(/C=N/N5CCN(C6CCCC6)CC5)c(O)c4c3C2=O)NC(=O)/C(C)=C\C=C\[C@H](C)[C@H](O)[C@H](C)[C@H](O)[C@H](C)[C@H](OC(C)=O)[C@H]1C,0,train,42
8015,CO[C@H]1/C=C/OC2(C)Oc3c(C)c(O)c4c(O)c(c5c(nc6cc(C)ccn65)c4c3C2=O)NC(=O)/C(C)=C\C=C\[C@H](C)[C@H](O)[C@H](C)[C@H](O)[C@H](C)[C@H](OC(C)=O)[C@H]1C,0,train,42
8016,CO[C@H]1/C=C/OC2(C)Oc3c(C)c(O)c4c(O)c(cc(O)c4c3C2=O)NC(=O)/C(C)=C/C=C/[C@H](C)[C@H](O)[C@H](C)[C@H](O)[C@H](C)[C@H](OC(C)=O)[C@H]1C,0,train,42
8017,CO[C@H]1/C=C/OC2(C)Oc3c(C)c(O)c4c(O)c(cc(O)c4c3C2=O)NC(=O)/C(C)=C\C=C\[C@H](C)[C@H](O)[C@H](C)[C@H](O)[C@H](C)[C@H](OC(C)=O)[C@H]1C,0,train,42
8018,CO[C@H]1/C=C/OC2(C)Oc3c(C)c(O)c4c(c3C2=O)C2=NC3(CCN(CC(C)C)CC3)NC2=C(NC(=O)/C(C)=C\C=C\[C@H](C)[C@H](O)[C@H](C)[C@H](O)[C@H](C)[C@H](OC(C)=O)[C@H]1C)C4=O,0,train,42
8019,CO[C@H]1CCC[C@H]2C1=C(C(=O)O)N1C(=O)C([C@H](C)O)[C@H]21,0,train,42
8020,CO[C@H]1CCC[C@H]2C1=C(C=O)N1C(=O)C([C@H](C)O)[C@H]21,0,train,42
8021,CO[C@H]1C[C@@H](O[C@H]2[C@@H](C)[C@@H](O[C@@H]3O[C@@H](C)C[C@H](N(C)C)[C@@H]3O)[C@@H](C)CC3(CO3)C(=O)[C@@H](C)[C@@H](O)[C@H](C)[C@H](C)OC(=O)[C@H]2C)O[C@@H](C)[C@@H]1O,0,train,42
8022,CO[C@H]1C[C@@H](O[C@H]2[C@@H](C)[C@@H](O[C@@H]3O[C@@H](C)C[C@H](N(C)C)[C@@H]3OC(C)=O)[C@@H](C)CC3(CO3)C(=O)[C@@H](C)[C@@H](OC(C)=O)[C@@H](C)[C@H](C)OC(=O)[C@H]2C)O[C@@H](C)[C@@H]1OC(C)=O,0,val,42
8023,CO[C@H]1C[C@H](O[C@H]2[C@H](C)O[C@H](O[C@@H]3/C(C)=C/C[C@H]4C[C@@H](CC5(CC[C@H](C)[C@H](C(C)C)O5)O4)OC(=O)[C@H]4C=C(C)[C@H](O)[C@@H]5OC/C(=C\C=C\[C@@H]3C)C45O)C[C@@H]2OC)O[C@@H](C)[C@@H]1O,0,train,42
8024,CO[C@@H]1[C@@H](O[C@@H]2O[C@@H](C)[C@@H](O[C@H]3CC(C)(O)[C@@H](O)[C@H](C)O3)[C@@H](N(C)C)[C@@H]2O)[C@H](CC=O)C[C@H](C)[C@H](O)/C=C/C=C/C[C@H](C)OC(=O)C[C@@H]1O,0,val,42
8025,CO[C@@H]1[C@@H](O[C@@H]2O[C@@H](C)[C@@H](O[C@H]3CC(C)(O)[C@@H](O)[C@H](C)O3)[C@@H](N(C)C)[C@@H]2O)[C@H](CC=O)C[C@H](C)[C@H](O[C@@H]2CC[C@H](N(C)C)[C@H](C)O2)/C=C/C=C/C[C@H](C)OC(=O)C[C@@H]1O,0,test,42
8026,CO[C@@H]1[C@@H](O[C@@H]2OC(C)[C@@H](O[C@H]3CC(C)(O)[C@@H](OC(=O)CC(C)C)[C@H](C)O3)[C@@H](N(C)C)[C@@H]2O)[C@H](CC=O)C[C@H](C)[C@H](O)/C=C/C=C/C[C@H](C)OC(=O)C[C@@H]1OC(C)=O,0,train,42
8027,COc1cc([C@H]2c3cc4c(cc3[C@@H](O[C@H]3O[C@H]5CO[C@H](C)O[C@H]5[C@@H](O)[C@@H]3O)[C@@H]3COC(=O)[C@@H]23)OCO4)cc(OC)c1O,0,train,42
8028,COc1cc([C@H]2c3cc4c(cc3[C@@H](O[C@H]3O[C@H]5CO[C@H](c6cccs6)O[C@H]5[C@@H](O)[C@@H]3O)[C@@H]3COC(=O)[C@@H]23)OCO4)cc(OC)c1OC,0,train,42
8029,COc1ccc(-c2cc(=O)c3c(O)cc(O[C@@H]4O[C@@H](CO[C@H]5O[C@@H](C)[C@@H](O)[C@H](O)[C@@H]5O)[C@@H](O)[C@H](O)[C@@H]4O)cc3o2)cc1O,0,train,42
8030,COc1ccc(CC(=O)N2CCN(C(C)=O)C[C@@H]2CN2CC[C@H](O)C2)cc1,0,val,42
8031,COc1cccc2c1C(=O)c1c(O)c3c(c(O)c1C2=O)CC(O)(/C(C)=N/NC(=O)c1ccccc1)C[C@@H]3O[C@@H]1C[C@H](N)[C@H](O)[C@H](C)O1,0,test,42
8032,COc1cccc2c1C(=O)c1c(O)c3c(c(O)c1C2=O)CC(O)(C(=O)CO)C[C@@H]3O[C@@H]1C[C@H](N)[C@H](O[C@H]2CCCCO2)[C@H](C)O1,0,train,42
8033,COc1cccc2c1C(=O)c1c(O)c3c(c(O)c1C2=O)CC(O)(C(=O)CO)C[C@@H]3O[C@@H]1C[C@H](NC(=O)[C@@H](N)CC(C)C)[C@H](O)[C@H](C)O1,0,test,42
8034,COc1cccc2c1C(=O)c1c(O)c3c(c(O)c1C2=O)CC(O)(C(=O)CO)C[C@@H]3O[C@H]1C[C@@H](N)C[C@H](C)O1,0,train,42
8035,COc1cccc2c1C(=O)c1c(O)c3c(c(O)c1C2=O)CC(O)(C(C)=O)C[C@@H]3O[C@@H]1C[C@H](N)[C@H](O)[C@H](C)O1,0,train,42
8036,COc1cccc2c1C(=O)c1c(O)c3c(c(O)c1C2=O)CC(O)([C@@H](O)CO)C[C@@H]3O,0,train,42
8037,CSc1ccc(CC(=O)N2CCN(C(C)=O)C[C@@H]2CN2CC[C@H](O)C2)cc1,0,val,42
8038,C[C@@H](CN(C)C)OC(C)(c1ccccc1)c1ccc(Cl)cc1,0,train,42
8039,C[C@@H]1NC(=O)[C@@H](NC(=O)c2ncccc2O)[C@H](C)OC(=O)[C@H](c2ccccc2)NC(=O)[C@@H]2CC(=O)CCN2C(=O)[C@H](Cc2ccc(N(C)C)cc2)N(C)C(=O)[C@@H]2CCCN2C1=O,0,train,42
8040,C[C@@H]1O[C@@H](O[C@@H]2[C@H](C)O[C@@H](O[C@@H]3[C@H](C)O[C@H](O[C@H]4CCC5(C)[C@@H](CC[C@H]6[C@@H]5C[C@H](O)C5(C)C(C7=CC(=O)OC7)CCC65O)C4)C[C@@H]3O)C[C@@H]2O)C[C@H](O)[C@@H]1O,0,val,42
8041,C[C@@H]1O[C@H](O[C@H]2CC(O)(C(=O)CO)Cc3c(O)c4c(c(O)c32)C(=O)c2ccccc2C4=O)C[C@H](N)[C@@H]1O,0,train,42
8042,C[C@@H]1c2cccc(O)c2C(=O)C2=C(O)C3(O)C(=O)C(C(N)=O)=C(O)[C@@H](N(C)C)[C@H]3[C@@H](O)[C@H]21,0,train,42
8043,C[C@H](N)Cc1ccc(O)cc1,0,train,42
8044,C[C@H](N)[C@@H](O)c1cccc(O)c1,0,train,42
8045,C[C@H](O)C1C(=O)N2C(C(=O)O)=C(COC(N)=O)S[C@@H]12,0,train,42
8046,C[C@H](O)C1C(=O)N2C(C(=O)O)=C(F)S[C@@H]12,0,val,42
8047,C[C@H](O)C1C(=O)N2C(C(=O)O)=C(SCC/N=C\N)C[C@@H]12,0,train,42
8048,C[C@H](O)C1C(=O)N2C(C(=O)O)=C(S[C@H]3CC[S+]([O-])C3)S[C@@H]12,0,train,42
8049,C[C@H](O)C1C(=O)N2C(C(=O)O)=C([C@@H]3CCCO3)S[C@@H]12,0,train,42
8050,C[C@H](O)[C@H]1C(=O)N2C(C(=O)O)=C(S[C@@H]3CN[C@H](C(=O)N(C)C)C3)[C@@H](C)[C@H]12,0,train,42
8051,C[C@H](Oc1ccccc1)C(=O)NC1C(=O)N2[C@@H](C(=O)O)C(C)(C)S[C@@H]12,0,train,42
8052,C[C@H]1[C@@H](O)[C@@H](C)/C=C/C=C/C=C/C=C/C=C/C=C/C=C/[C@@H](O[C@H]2O[C@@H](C)[C@@H](O)[C@H](N)[C@@H]2O)C[C@@H]2OC(O)(C[C@H](O)[C@@H]2C(=O)O)C[C@H](O)[C@@H](O)CC[C@H](O)C[C@H](O)C[C@H](O)CC(=O)O[C@H]1C,0,val,42
8053,Cc1c(O)cccc1C(=O)N[C@H](CSc1ccccc1)[C@@H](O)CN1C[C@H]2CCCC[C@H]2C[C@H]1C(=O)NC(C)(C)C,0,train,42
8054,Cc1cc(=O)c(C(=O)N[C@H](C(=O)NC2C(=O)N3C(C(=O)O)=C(CSc4nnnn4C)CS[C@@H]23)c2ccc(O)cc2)c[nH]1,0,train,42
8055,Cc1cc(=O)c(C(=O)N[C@H](C(=O)N[C@H]2C(=O)N3C(C(=O)O)=C(CSc4nnnn4C)CS[C@@H]23)c2ccc(O)cc2)c[nH]1,0,val,42
8056,Cc1cnn(-c2c(Cl)cccc2Cl)c1C(=O)NC1C(=O)N2[C@@H](C(=O)O)C(C)(C)S[C@@H]12,0,train,42
8057,Cc1nnc(SCC2=C(C(=O)O)N3C(=O)C(NC(=O)Cn4cc(Cl)c(=O)c(Cl)c4)[C@@H]3SC2)s1,0,val,42
8058,Cc1nnc(SCC2=C(C(=O)O)N3C(=O)C(NC(=O)Cn4cnnn4)[C@@H]3SC2)s1,0,train,42
8059,Cc1nnc(SCC2=C(C(=O)O)N3C(=O)C(NC(=O)[C@@H](N)c4ccc(O)cc4)[C@@H]3SC2)s1,0,train,42
8060,Cc1nnc(SCC2=C(C(=O)O)N3C(=O)C(NC(=O)[C@@H](O)c4ccccc4)[C@@H]3SC2)s1,0,train,42
8061,Cc1nnc(SCC2=C(C(=O)OCc3oc(=O)oc3C)N3C(=O)C(NC(=O)[C@@H](OC(=O)[C@H](C)N)c4ccccc4)[C@@H]3SC2)s1,0,train,42
8062,Cc1oc(=O)oc1COC(=O)[C@@H]1N2C(=O)C(NC(=O)[C@@H](N)c3ccccc3)[C@@H]2SC1(C)C,0,train,42
8063,Cc1onc(-c2c(Cl)cccc2Cl)c1C(=O)NC1C(=O)N2[C@@H](C(=O)O)C(C)(C)S[C@@H]12,0,train,42
8064,Cc1onc(-c2c(F)cccc2Cl)c1C(=O)NC1C(=O)N2[C@@H](C(=O)O)C(C)(C)S[C@@H]12,0,train,42
8065,Cc1onc(-c2ccccc2)c1C(=O)NC1C(=O)N2[C@@H](C(=O)O)C(C)(C)S[C@@H]12,0,train,42
8066,Cc1onc(-c2ccccc2Cl)c1C(=O)NC1C(=O)N2[C@@H](C(=O)O)C(C)(C)S[C@@H]12,0,train,42
8067,Cn1c(=O)c2c(ncn2CCNC[C@@H](O)c2ccc(O)c(O)c2)n(C)c1=O,0,train,42
8068,Cn1nnnc1SCC1=C(C(=O)O)N2C(=O)C(NC(=O)CS/C=C/C#N)[C@@H]2SC1,0,train,42
8069,Cn1nnnc1SCC1=C(C(=O)O)N2C(=O)C(NC(=O)CS/C=C\C#N)[C@@H]2SC1,0,train,42
8070,Cn1nnnc1SCC1=C(C(=O)O)N2C(=O)C(NC(=O)CSC(F)(F)F)[C@@H]2SC1,0,train,42
8071,Cn1nnnc1SCC1=C(C(=O)O)N2C(=O)C(NC(=O)[C@@H](O)c3ccccc3)[C@@H]2SC1,0,train,42
8072,N#CC(=C/c1ccc(O)cc1)/C(C#N)=C\c1ccc(O)cc1,0,train,42
8073,NC(=O)OCC1C(NC(=O)/C(=N/OCC(=O)O)c2csc(N)n2)C(=O)N1S(=O)(=O)O,0,train,42
8074,NC(=O)OCC1C(NC(=O)/C(=N\OCC(=O)O)c2csc(N)n2)C(=O)N1S(=O)(=O)O,0,train,42
8075,NC(N)=NC[C@H]1COC2(CCCCC2)O1,0,val,42
8076,NCC[C@H](O)C(=O)N[C@H]1C[C@H](N)[C@H](O[C@@H]2O[C@@H](CN)[C@@H](O)[C@H](O)[C@@H]2O)[C@H](O)[C@H]1O[C@H]1O[C@@H](CO)[C@@H](O)[C@H](N)[C@@H]1O,0,train,42
8077,NCC[C@H](O)C(=O)N[C@H]1C[C@H](N)[C@H](O[C@@H]2O[C@H](CN)CC[C@@H]2N)[C@H](O)[C@H]1O[C@H]1O[C@@H](CO)[C@@H](O)[C@H](N)[C@@H]1O,0,train,42
8078,NCC[C@H](O)CN[C@H]1C[C@H](N)[C@H](O[C@@H]2O[C@@H](CN)[C@@H](O)[C@H](O)[C@@H]2O)[C@H](O)[C@H]1O[C@H]1O[C@@H](CO)[C@@H](O)[C@H](N)[C@@H]1O,0,train,42
8079,NC[C@@H](O)c1ccc(O)c(O)c1,0,val,42
8080,NC[C@@H](O)c1cccc(O)c1,0,val,42
8081,NC[C@@H]1CC[C@H](N)[C@H](O[C@@H]2[C@H](O)[C@@H](O[C@H]3O[C@@H](CO)[C@@H](O)[C@H](N)[C@@H]3O)[C@@H](N)C[C@@H]2N)O1,0,val,42
8082,NC[C@@H]1O[C@@H](O[C@@H]2[C@@H](O[C@@H]3OC(CO)[C@@H](O[C@@H]4O[C@@H](CN)[C@@H](O)[C@@H](O)[C@@H]4N)[C@@H]3O)[C@@H](O)[C@@H](N)C[C@@H]2N)[C@@H](N)[C@H](O)[C@@H]1O,0,train,42
8083,NC[C@@H]1O[C@@H](O[C@@H]2[C@@H](O)[C@@H](O)[C@@H](N)C[C@@H]2N)[C@@H](N)[C@H](O)[C@@H]1O,0,train,42
8084,NC[C@@H]1O[C@@H](O[C@@H]2[C@@H](O)[C@@H](O[C@H]3O[C@@H](CO)[C@@H](O)[C@H](N)[C@@H]3O)[C@@H](N)C[C@@H]2N)[C@@H](O)[C@@H](O)[C@@H]1O,0,train,42
8085,NC[C@@H]1O[C@@H](O[C@@H]2[C@H](O)[C@@H](O[C@H]3O[C@@H](CO)[C@@H](O)[C@H](N)[C@@H]3O)[C@@H](N)C[C@@H]2N)[C@@H](N)C[C@@H]1O,0,train,42
8086,NC[C@@H]1O[C@@H](O[C@@H]2[C@H](O)[C@@H](O[C@H]3O[C@@H](CO)[C@@H](O)[C@H](N)[C@@H]3O)[C@@H](N)C[C@@H]2N)[C@@H](N)[C@H](O)[C@@H]1O,0,train,42
8087,NC[C@@H]1O[C@@H](O[C@@H]2[C@H](O)[C@@H](O[C@H]3O[C@@H](CO)[C@@H](O)[C@H](N)[C@@H]3O)[C@@H](NC(CO)CO)C[C@@H]2N)[C@@H](N)[C@H](O)[C@@H]1O,0,test,42
8088,NCc1ccccc1CC(=O)NC1C(=O)N2C(C(=O)O)=C(CSc3nnnn3CC(=O)O)CS[C@@H]12,0,test,42
8089,N[C@@H](CO)C(=O)NNCc1ccc(O)c(O)c1O,0,train,42
8090,N[C@H](C(=O)NC1C(=O)N2C(C(=O)O)=C(CSc3cnn[nH]3)CS[C@@H]12)c1ccc(O)cc1,0,val,42
8091,N[C@H](C(=O)NC1C(=O)N2C(C(=O)O)=C(Cl)CC[C@@H]12)c1ccccc1,0,train,42
8092,N[C@H](C(=O)NC1C(=O)N2C(C(=O)O)=C(Cl)CS[C@@H]12)c1ccccc1,0,train,42
8093,Nc1nc(/C(=C/CC(=O)O)C(=O)NC2C(=O)N3C(C(=O)O)=CCS[C@@H]23)cs1,0,val,42
8094,Nc1nc(/C(=C\CC(=O)O)C(=O)NC2C(=O)N3C(C(=O)O)=CCS[C@@H]23)cs1,0,train,42
8095,O=C(Cc1ccc(Cl)c(Cl)c1)N1CCN(CCO)C[C@@H]1CN1CC[C@H](O)C1,0,val,42
8096,O=C(Cc1ccc(Cl)c(Cl)c1)N1CCc2[nH]cnc2[C@@H]1CN1CCCC1,0,train,42
8097,O=C(Cc1ccc(Cl)c(Cl)c1)N1CCc2[nH]cnc2[C@@H]1CN1CC[C@H](O)C1,0,val,42
8098,O=C(Cc1ccc(Cl)c(Cl)c1)N1CCn2ccnc2[C@@H]1CN1CC[C@H](O)C1,0,train,42
8099,O=C(Cc1cccs1)NC1C(=O)N2C(C(=O)O)=C(CSc3ncn[nH]3)CS[C@@H]12,0,train,42
8100,O=C(Cn1cnnn1)NC1C(=O)N2C(C(=O)O)=C(CSc3nncs3)CS[C@@H]12,0,test,42
8101,O=C(N[C@@H](CO)[C@@H](O)c1ccc([N+](=O)[O-])cc1)C(Cl)Cl,0,train,42
8102,O=C(O)C1=C(CSc2nnnn2CS(=O)(=O)O)CS[C@H]2C(NC(=O)[C@@H](O)c3ccccc3)C(=O)N12,0,train,42
8103,O=C1NC(=O)C2(CCN(C(=O)Cc3ccc(Cl)c(Cl)c3)[C@H](CN3CCCC3)C2)N1,0,train,42
8104,OC[C@H](O)[C@H](O)[C@@H](O)[C@@H](O)CO,0,train,42
8105,CC(=O)c1c(C)nn(CCC(=O)N2CCC[C@H]2c2n[nH]c(C)n2)c1C,0,train,42
8106,CC(=O)c1c2c(c3oc(=O)cc(C)c3c1O)[C@@H](c1cc(F)c(F)c(F)c1)CC(=O)O2,0,train,42
8107,CC(=O)c1ccc2c(c1O)[C@@H](c1ccc(F)c(Cl)c1)CC(=O)O2,0,val,42
8108,CC(=O)c1ccc2c(c1O)[C@H](c1ccc(F)c(Cl)c1)CC(=O)O2,0,train,42
8109,CC(C)C1CCC(C(=O)N[C@@H](Cc2ccccc2)C(=O)N2CCCC[C@H]2c2cccnc2)CC1,0,train,42
8110,CC(C)c1nnc(N2CCn3nc([C@@H](O)c4nccn4C)cc3C2)s1,0,train,42
8111,CC(O)C1([SiH3])CCCCO1,0,val,42
8112,CC1Cc2ccccc2N(C(=O)c2ccnc(F)c2F)C1,0,val,42
8113,CCCO[C@H](C)c1ccc(C)c(N)c1,0,train,42
8114,CCCOc1ccccc1CCCNC(=O)CSCc1ccc(OC)cc1,0,test,42
8115,CCN(CCCNS(=O)(=O)N1C[C@H](C)O[C@@H](C)C1)c1ccccc1,0,test,42
8116,CCOC(=O)C1(C(=O)OCC)[C@H](c2ccc(OC)cc2)[C@H]1S(=O)(=O)c1ccccc1,0,test,42
8117,CCOC(=O)[C@@]1(N)[C@@H](c2ccccc2)[C@@H]1S(=O)(=O)c1ccc(C)cc1,0,train,42
8118,CCOC(=O)[C@@]1(N)[C@@H](c2ccc3c(c2)OCO3)[C@@H]1S(C)(=O)=O,0,train,42
8119,CCOC(=O)c1c[nH]c(=O)c2c1OC(=O)C[C@@H]2c1ccc2c(c1)n(C)c(=O)n2C,0,train,42
8120,CCOC[C@]1(C(N)=S)[C@@H](c2ccc(OC)cc2)[C@@H]1S(C)(=O)=O,0,train,42
8121,CCOC[C@@]1(C(N)=S)[C@H](c2ccc(OC)cc2)[C@@H]1S(=O)(=O)CC,0,train,42
8122,CCOC[C@]1(N)[C@@H](c2ccc(OC)cc2)[C@@H]1S(=O)(=O)c1ccccc1,0,test,42
8123,CCOC[C@@]1(CN)[C@@H](c2ccc3c(c2)OCO3)[C@@H]1S(C)(=O)=O,0,train,42
8124,CCOC[C@@]1(N)[C@@H](c2ccc3c(c2)OCO3)[C@@H]1S(=O)(=O)c1ccc(C)cc1,0,train,42
8125,CCOC[C@@]1(N)[C@@H](c2ccc(OC)cc2)[C@@H]1S(=O)(=O)c1ccccc1,0,train,42
8126,CCOc1ccc(CCCNC(=O)[C@@H](C)SCc2ccccc2)cc1,0,train,42
8127,CCS(=O)(=O)[C@@H]1[C@@H](CN)[C@@H]1c1ccc2c(c1)OCO2,0,train,42
8128,CC[C@H](C(=O)N[C@@H](C)c1ccc(C)c(C)c1)N(c1cc(C)ccc1C)S(C)(=O)=O,0,train,42
8129,CC[C@H](NC(=O)[C@H](C)Sc1ccc(C)cc1)c1ccc(S(C)(=O)=O)cc1,0,train,42
8130,CC[C@H](NC(=O)c1ccc(CSc2ccc(Cl)cc2)cc1)c1ccc(C)c(C)c1,0,train,42
8131,CN(Cc1nc(-c2ccccc2)no1)C(=O)CN(c1ccc(Cl)cc1)S(C)(=O)=O,0,train,42
8132,CN1CCC(NC(=O)c2ccc([C@H]3SCC(=O)N3Cc3ccccc3)cc2)CC1,0,train,42
8133,CN1CCC(Oc2ccc(N=[N+]=[N-])c(F)c2)CC1,0,train,42
8134,COC(=O)COc1ccc([C@H](CC(=O)OC)c2c3[nH]snc-3ccc2=O)cc1OC,0,test,42
8135,COC(=O)C[C@H](C1=C(O)C(=O)C([C@H](CC(=O)OC)c2cc3cccc4c3n(c2=O)CCC4)=C(O)C1=O)c1cc2cccc3c2n(c1=O)CCC3,0,train,42
8136,COC(=O)C[C@H](C1=C(O)C(=O)C([C@H](CC(=O)OC)c2ccsc2)=C(O)C1=O)c1ccsc1,0,train,42
8137,COC(=O)C[C@@H](c1ccccc1)c1c(O)c(C(=O)OC)c[nH]c1=O,0,train,42
8138,COC(=O)C[C@H](c1c(O)cc(C)n(CCc2ccc(O)cc2)c1=O)c1ccnc2ccccc12,0,val,42
8139,COC(=O)C[C@H](c1cc(Cl)c2c(c1)OCO2)c1c(O)c(C(=O)OC)c[nH]c1=O,0,train,42
8140,COC(=O)C[C@H](c1ccc(C(C)C)cc1)c1oc(CN2C[C@@H]3C[C@H](C2)c2cccc(=O)n2C3)cc(=O)c1O,0,test,42
8141,COC(=O)C[C@H](c1ccc2c(c1)OCO2)c1cc2c(cc1O)OCO2,0,test,42
8142,COC(=O)C[C@H](c1cnn(C)c1)c1oc(CN2CCCCC2)cc(=O)c1O,0,train,42
8143,COC(=O)c1ccc(COc2ccc3c(c2)O/C(=C\c2cccc(OC)c2OC)C3=O)o1,0,train,42
8144,COC[C@@]1(C#N)[C@H](c2ccc3c(c2)OCO3)[C@@H]1S(=O)(=O)c1ccccc1,0,train,42
8145,COC[C@@]1(CN)[C@H](c2ccc(OC)cc2)[C@@H]1S(C)(=O)=O,0,train,42
8146,COC[C@@]1(N)[C@H](c2ccccc2)[C@@H]1S(=O)(=O)c1ccc(C)cc1,0,val,42
8147,COC[C@]1(C#N)[C@H](c2ccccc2)[C@@H]1S(=O)(=O)c1ccc(Cl)cc1,0,val,42
8148,COC[C@@]1(C(=O)O)[C@@H](c2ccc(OC)cc2)[C@@H]1S(=O)(=O)c1ccc(C)cc1,0,train,42
8149,COC[C@]1(C(=O)O)[C@H](c2ccc(OC)cc2)[C@@H]1S(=O)(=O)c1ccc(Cl)cc1,0,train,42
8150,CO[C@H]1C(=O)N(c2cccc(F)c2)[C@@H]1C(=O)O,0,train,42
8151,COc1cc(CNC(=O)[C@@H](C)Sc2ccc(C)cc2)ccc1OC(C)C,0,test,42
8152,COc1cc(OC)c(OC)cc1/C=C1/Oc2c(ccc3c2[C@H](c2cc(OC)c(OC)c(OC)c2)CC(=O)O3)C1=O,0,train,42
8153,COc1cc2c(cc1OC)CN(C(=O)CC1NC(=O)N(c3ccc(C(C)C)cc3)C1=O)CC2,0,test,42
8154,COc1ccc(-c2noc(CNC(=O)CSCc3cccc(Cl)c3)n2)cc1,0,train,42
8155,COc1ccc(-c2noc(CNC(=O)CSCc3ccccc3C)n2)c(OC)c1,0,train,42
8156,COc1ccc(CN(C)C(=O)c2ccc(CN3CCc4ccccc4C3)cc2)cc1,0,train,42
8157,COc1ccc(CSCC(=O)N[C@H]2CC(C)(C)Oc3cc(OC)ccc32)cc1,0,train,42
8158,COc1ccc(NC(=O)C[C@@H]2OC(=O)c3c2ccc(OC)c3OC)cc1N1CCCS1(=O)=O,0,val,42
8159,COc1ccc([C@@H](NC(=O)c2cc(=O)c(OC)c[nH]2)C2CC(O)C2)cc1F,0,train,42
8160,COc1ccc([C@@H](NC(=O)c2cc3ncccn3n2)C2CC(O)C2)cn1,0,train,42
8161,COc1ccc([C@@H](NC(=O)c2cnoc2C)C2CC(O)C2)cn1,0,train,42
8162,COc1ccc([C@@H](Nc2ncccc2C(N)=O)C2CC(O)C2)cc1F,0,train,42
8163,COc1ccc([C@@H]2CC(=O)Oc3c(C(C)=O)c(O)c4c(C)cc(=O)oc4c32)cc1OCC(N)=O,0,train,42
8164,COc1ccc([C@@H]2CC(=O)Oc3ccc4c(c32)O/C(=C/c2cc(OC)c(OC)cc2OC)C4=O)cc1,0,train,42
8165,COc1ccc([C@@H]2[C@@H](S(=O)(=O)c3ccccc3)[C@@]2(CO)C(=O)O)cc1,0,train,42
8166,COc1ccc([C@@H]2[C@@H](S(=O)(=O)c3ccccc3)[C@@]2(N)CN)cc1,0,train,42
8167,COc1ccc([C@@H]2[C@H](C(N)=S)[C@@H]2S(=O)(=O)c2ccc(Cl)cc2)cc1,0,val,42
8168,COc1ccc([C@@H]2[C@H](C(N)=S)[C@@H]2S(=O)(=O)c2ccccc2)cc1,0,train,42
8169,COc1ccc([C@@H]2[C@H](S(=O)(=O)c3ccc(C)cc3)[C@@]2(C#N)C(=O)O)cc1,0,train,42
8170,COc1ccc([C@@H]2[C@H](S(=O)(=O)c3ccc(Cl)cc3)C2(CO)CO)cc1,0,train,42
8171,COc1ccc([C@@H]2[C@H](S(C)(=O)=O)[C@@]2(N)C#N)cc1,0,train,42
8172,COc1ccc([C@H]2[C@@H](C#N)[C@@H]2S(=O)(=O)c2ccc(Cl)cc2)cc1,0,train,42
8173,COc1ccc([C@H]2[C@@H](S(C)(=O)=O)[C@@]2(CN)CO)cc1,0,train,42
8174,COc1ccc([C@H]2[C@@H](S(C)(=O)=O)[C@]2(C#N)CO)cc1,0,train,42
8175,COc1ccc([C@H]2[C@H](CO)[C@@H]2S(=O)(=O)c2ccc(Cl)cc2)cc1,0,train,42
8176,COc1ccc([C@H]2[C@H](S(=O)(=O)c3ccc(Cl)cc3)[C@@]2(N)C(=O)O)cc1,0,train,42
8177,COc1ccc([C@H]2[C@H](S(=O)(=O)c3ccc(Cl)cc3)[C@]2(C#N)CO)cc1,0,train,42
8178,COc1ccc([C@H]2[C@H](S(=O)(=O)c3ccccc3)[C@@]2(N)CO)cc1,0,train,42
8179,COc1ccc2c(c1)CCC[C@@]2(O)CNC(=O)C(=O)Nc1cccc(Cl)c1C,0,train,42
8180,COc1cccc([C@H]2CC(=O)Oc3cc(C)oc(=O)c32)c1OCCc1ccccc1,0,train,42
8181,COc1ccccc1CCCNC(=O)[C@@H](C)SCc1ccccc1,0,train,42
8182,COc1ccccc1N1CCN(C(=O)COc2cc(C)cc(C)c2C)CC1,0,train,42
8183,CS(=O)(=O)[C@@H]1[C@H](c2ccc3c(c2)OCO3)[C@@]1(N)CO,0,test,42
8184,CS(=O)(=O)[C@H]1[C@H](c2ccccc2)[C@@]1(N)CO,0,train,42
8185,CSCC[C@@H](CO)NC(=O)C1CCN(c2ncccn2)CC1,0,test,42
8186,C[C@@H](CC(=O)N1CCc2[nH]ncc2C1)N1CCOCC1,0,train,42
8187,Cc1cc(C(=O)N(C)[C@@H](C)c2ccncn2)ccc1Cl,0,train,42
8188,Cc1cc(C(=O)NCCCN2CCCc3ccccc32)ccc1[N+](=O)[O-],0,train,42
8189,Cc1cc2c(c(=O)n1CCc1ccc(O)cc1)[C@@H](c1cc3cc4c(cc3[nH]c1=O)OCCO4)CC(=O)O2,0,train,42
8190,Cc1cc2c(c(=O)o1)[C@@H](c1ccc3c(c1)OCO3)CC(=O)O2,0,train,42
8191,Cc1ccc(-n2cccc2[C@H]2[C@H](c3ccccn3)NC(=S)N2CCN(C)C)cc1,0,train,42
8192,Cc1ccc(C(N)=NC=N)cc1,0,test,42
8193,Cc1ccc(C)c([C@H](C)NC(=O)[C@H](C)SCc2ccccc2)c1,0,train,42
8194,Cc1ccc(OC[C@@H](C)NC(=O)/C(=C/c2ccco2)c2ccccc2)cc1,0,train,42
8195,Cc1ccc(S(=O)(=O)[C@@H]2[C@H](c3ccccc3)[C@@]2(N)C(=O)O)cc1,0,train,42
8196,Cc1ccc(S(=O)(=O)[C@H]2[C@H](C=O)[C@@H]2c2ccccc2)cc1,0,train,42
8197,Cc1ccc(S[C@@H](C)C(=O)N(C)Cc2nc(-c3ccccc3Cl)no2)cc1,0,train,42
8198,Cc1ccc(S[C@H](C)C(=O)NCc2nc(-c3cccc(Br)c3)no2)cc1,0,train,42
8199,Cc1ccc([C@@H](C)NC(=O)CCSc2ccccc2)cc1C,0,test,42
8200,Cc1ccc([C@H](C)NC(=O)Cc2ccsc2)nc1,0,train,42
8201,Cc1ccc([C@H](C)NC(=O)[C@H](C)SCc2ccccc2)cc1C,0,train,42
8202,Cc1ccc2[nH]c(CCC(=O)N[C@H](C)Cc3cnccn3)nc2c1C,0,train,42
8203,Cc1cccc(CSCCNC(=O)/C(=C/c2ccco2)c2ccccc2)c1,0,val,42
8204,Cc1ccccc1OC[C@H](C)NC(=O)[C@H](C)Sc1ccccc1,0,train,42
8205,N#Cc1ccccc1C(=O)NCCC[C@@H]1CCOC1,0,train,42
8206,NC(=O)C[C@H](c1ccc(O)cc1)c1oc(CN2CCOCC2)cc(=O)c1O,0,train,42
8207,NC(=O)C[C@H](c1oc(CN2CCOCC2)cc(=O)c1O)c1ccnc2ccccc12,0,test,42
8208,NC(=S)[C@@H]1[C@@H](c2ccccc2)[C@@H]1S(=O)(=O)c1ccc(Cl)cc1,0,train,42
8209,NC(=S)[C@@H]1[C@H](c2ccccc2)[C@@H]1S(=O)(=O)c1ccc(Cl)cc1,0,train,42
8210,NC[C@]1(CO)[C@H](c2ccccc2)[C@@H]1S(=O)(=O)c1ccc(Cl)cc1,0,train,42
8211,N[C@@]1(CO)[C@@H](c2ccccc2)[C@@H]1S(=O)(=O)c1ccc(Cl)cc1,0,train,42
8212,Nc1nc(OC(C(F)(F)F)C(F)(F)F)ccc1[N+](=O)[O-],0,train,42
8213,O=C(/C=C\c1cccc2cccnc12)N(Cc1ccco1)C[C@@H]1CCCO1,0,train,42
8214,O=C(CN1CCOC1=O)N1CCC[C@H](Cc2nc(-c3ccsc3)no2)C1,0,val,42
8215,O=C(NCCCc1ccc(F)cc1)c1ccc([C@H]2SCC(=O)N2Cc2ccccc2)cc1,0,test,42
8216,O=C(N[C@@H](c1ccccn1)C1CC(O)C1)c1ncoc1C1CC1,0,train,42
8217,O=C(O)CC[C@@]1(CCC(=O)NCc2cc3cc(F)ccc3[nH]2)CCC(=O)N1,0,train,42
8218,O=C(O)[C@H]1C[C@H]1S(=O)(=O)c1ccc(Cl)cc1,0,val,42
8219,O=C(c1cc(-c2ccc(Br)s2)[nH]n1)N1C[C@@H]2C[C@H](C1)c1cccc(=O)n1C2,0,train,42
8220,O=C(c1cccc(-c2ccco2)c1)N(Cc1ccccn1)C[C@@H]1CCCO1,0,train,42
8221,O=C(c1n[nH]c2c1CCCCC2)N1CCCC[C@H]1c1cccnc1,0,test,42
8222,C=C1c2cccc(O)c2C(O)=C2C(=O)C3(O)C(O)=C(C(N)=O)C(=O)C(N(C)C)C3C(O)C12,0,train,42
8223,CC(=O)C1=C(O)C2(O)C(=O)c3c(c(C)c4ccc(C)c(O)c4c3O)CC2C(N)C1=O,0,train,42
8224,CC(=O)N1CCN(C(=O)Cc2ccc([S+](C)[O-])cc2)C(CN2CCC(O)C2)C1,0,train,42
8225,CC(O)C1C(=O)N2C(C(=O)O)=C(SCCN=CN)CC12,0,train,42
8226,CC1(C)SC2C(NC(=O)C(NC(=O)CN=C(N)c3ccncc3)c3ccccc3)C(=O)N2C1C(=O)O,0,train,42
8227,CC1(C)SC2C(NC(=O)C(NC(=O)Nc3cnc(Nc4ccc(S(N)(=O)=O)cc4)[nH]c3=O)c3ccc(O)cc3)C(=O)N2C1C(=O)O,0,train,42
8228,CC1(C)SC2C(NC(=O)C(NC(=O)c3c[nH]c4cccnc4c3=O)c3ccccc3)C(=O)N2C1C(=O)O,0,train,42
8229,CCC(C)C(N)C1=NC(C(=O)NC(CC(C)C)C(=O)NC(CCC(=O)O)C(=O)NC(C(=O)NCCCCC2NC(=O)C(CC(N)=O)NC(=O)C(CC(=O)O)NC(=O)C(Cc3cnc[nH]3)NC(=O)C(Cc3ccccc3)NC(=O)C(C(C)CC)NC(=O)C(CCCN)NC2=O)C(C)CC)CS1,0,train,42
8230,CN(C)C1C(=O)C(C(=O)NC(C(=O)O)N2CCN(CCO)CC2)=C(O)C2(O)C(=O)C3=C(O)c4c(O)cccc4C(C)(O)C3CC12,0,train,42
8231,CN(C)C1C(=O)C(C(=O)NCN2CCCC(C(=O)O)C2)=C(O)C2(O)C(=O)C3=C(O)c4c(O)cccc4C(C)(O)C3CC12,0,train,42
8232,CN(C)C1C(=O)C(C(=O)NCN2CCCC2)=C(O)C2(O)C(=O)C3=C(O)c4c(O)cccc4C(C)(O)C3CC12,0,train,42
8233,CN(C)C1C(=O)C(C(=O)NCNC(C(=O)NC2C(=O)N3C2SC(C)(C)C3C(=O)O)c2ccccc2)=C(O)C2(O)C(=O)C3=C(O)c4c(O)cccc4C(C)(O)C3CC12,0,train,42
8234,CN(C)C1C(=O)C(C(=O)NCNCCCCC(N)C(=O)O)=C(O)C2(O)C(=O)C3=C(O)c4c(O)cccc4C(C)(O)C3CC12,0,train,42
8235,CN(C)C1C(=O)C(C(=O)NCO)=C(O)C2(O)C(=O)C3=C(O)c4c(O)ccc(Cl)c4C(C)(O)C3CC12,0,train,42
8236,CN(C)C1C(=O)C(C(N)=O)=C(O)C2(O)C(=O)C3=C(O)c4c(O)ccc(Cl)c4C(C)(O)C3CC12,0,train,42
8237,CN(C)C1C(=O)C(C(N)=O)=C(O)C2(O)C(=O)C3=C(O)c4c(O)ccc(Cl)c4C(O)C3CC12,0,train,42
8238,CN(C)C1C(=O)C(C(N)=O)=C(O)C2(O)C(=O)C3=C(O)c4c(O)ccc([N+](=O)[O-])c4CC3CC12,0,train,42
8239,CN(C)C1C(=O)C(C(N)=O)=C(O)C2(O)C(=O)C3=C(O)c4c(O)cccc4C(C)(O)C3C(O)C12,0,train,42
8240,CN(C)C1C(=O)C(C(N)=O)=C(O)C2(O)C(=O)C3=C(O)c4c(O)cccc4C(C)(O)C3CC12,0,train,42
8241,CN(C)C1C(=O)C(C(N)=O)=C(O)C2(O)C(=O)C3=C(O)c4c(O)cccc4C(O)C3CC12,0,train,42
8242,CN(C)C1C(=O)C(C(N)=O)=C(O)C2(O)C(=O)C3=C(O)c4c(ccc(N)c4O)CC3CC12,0,train,42
8243,CN(CCN(C)CNC(=O)C1=C(O)C2(O)C(=O)C3=C(O)c4c(O)cccc4C(C)(O)C3CC2C(N(C)C)C1=O)CNC(=O)C1=C(O)C2(O)C(=O)C3=C(O)c4c(O)cccc4C(C)(O)C3CC2C(N(C)C)C1=O,0,train,42
8244,CNC1C(OC2C(OC3C(O)C(O)C(N=C(N)N)C(O)C3N=C(N)N)OC(C)C2(O)C=O)OC(CO)C(O)C1O,0,test,42
8245,CNC1C(OC2C(OC3C(O)C(O)C(N=C(N)N)C(O)C3N=C(N)N)OC(C)C2(O)CO)OC(CO)C(O)C1O,0,train,42
8246,COC1C=COC2(C)Oc3c(C)c(O)c4c(O)c(c5c(c4c3C2=O)NC2(CCN(CC(C)C)CC2)N=5)=NC(=O)C(C)=CC=CC(C)C(O)C(C)C(O)C(C)C(OC(C)=O)C1C,0,test,42
8247,CON=C(C(=O)NC1C(=O)N2C(C(=O)O)=C(COC(C)=O)C[S+]([O-])C12)c1csc(N)n1,0,train,42
8248,CON=C(C(=O)NC1C(=O)N2C(C(=O)O)=CCSC12)c1csc(N)n1,0,train,42
8249,Cc1cc(=O)c(C(=O)NC(C(=O)NC2C(=O)N3C(C(=O)O)=C(CSc4nnnn4C)CSC23)c2ccc(O)cc2)c[nH]1,0,train,42
8250,NC(C(=O)NC1C(=O)N2C(C(=O)O)=C(CSc3cn[nH]n3)CSC12)c1ccc(O)cc1,0,train,42
8251,O=C(Cc1cccs1)NC1C(=O)N2C(C(=O)O)=C(CSc3ncn[nH]3)CSC12,0,test,42
8252,CC(=O)NC1C(I)C(NC(C)=O)C(I)C(C(=O)O)C1I,0,test,42
8253,CC12CCC(=O)C=C1CCC1C2C(O)CC2(C=O)C(C(=O)CO)CCC12,0,train,42
8254,CC1C=CC=CC=CC=CC=CC=CC=CC(OC2OC(C)C(O)C(N)C2O)CC2OC(O)(CC(O)CC(O)C(O)CCC(O)CC(O)CC(=O)OC(C)C(C)C1O)CC(O)C2C(=O)O,0,train,42
8255,CCCc1ccc(Cl)cc1,0,val,42
8256,CN1Cc2c(-c3noc(C(C)(CO)CO)n3)ncn2-c2ccccc2C1=O,0,train,42
8257,N#Cc1ccc(N2CCC3(CCNCC3)CC2)cc1,0,test,42
8258,O=C(O)c1cc(=O)c2c(OCC(O)COc3cccc4oc(C(=O)O)cc(=O)c34)cccc2o1,0,train,42
8259,O=C(O)c1cc(=O)cco1,0,val,42
8260,O=C1NC(=O)[C@]2(CCN(C(=O)Cc3ccc(Cl)c(Cl)c3)[C@@H](CN3CCCC3)C2)N1,0,test,42
8261,C/C=C\C=C\[C@@H]1O[C@](O)([C@H](CC)C(=O)NC/C=C/C=C(\C)[C@@H](OC)[C@@H](C)C2O[C@H](/C=C/C=C/C=C(\C)C(=O)c3c(O)ccn(C)c3=O)[C@H](O)[C@@H]2O)[C@H](O)[C@H](O[C@@H]2O[C@H](C)[C@@H](O[C@@H]3O[C@@H](C)[C@H](OC)[C@@H](O)[C@H]3OC)[C@@H](OC)[C@H]2O)C1(C)C,0,train,42
8262,C=C1c2c(Cl)ccc(O)c2C(O)=C2C(=O)[C@]3(O)C(O)=C(C(N)=O)C(=O)[C@@H](N(C)C)[C@@H]3[C@@H](O)[C@H]12,0,train,42
8263,C=CC[C@@H]1C=C(C)C[C@H](C)C[C@H](OC)[C@H]2O[C@@](O)(C(=O)C(=O)N3CCCC[C@H]3C(=O)O[C@H](/C(C)=C/[C@@H]3CC[C@@H](O)[C@H](OC)C3)[C@H](C)[C@@H](O)CC1=O)[C@H](C)C[C@@H]2OC,0,train,42
8264,CC(=N)N1CC[C@@H](SC2=C(C(=O)O)N3C(=O)[C@H]([C@@H](C)O)[C@H]3C2)C1,0,train,42
8265,CC(=O)N1CCN(c2ccc(OCC3CO[C@](Cn4ccnc4)(c4ccc(Cl)cc4Cl)O3)cc2)CC1,0,val,42
8266,CC(=O)OCC1=C(C(=O)O)N2C(=O)C(NC(=O)CCCC(N)C(=O)O)C2SC1,0,val,42
8267,CC(=O)OCOC(=O)[C@@H]1N2C(=O)[C@@H](NC(=O)Cc3ccccc3)[C@H]2SC1(C)C,0,val,42
8268,CC(=O)O[C@@H]1C=CC(C)=CC[C@H](O)C=CC(C)=C[C@@H](NC(=O)C(C)=O)[C@]2(C)C(=O)O[C@H](C1)[C@@H](C)C2=O,0,val,42
8269,CC(=O)O[C@@]12CO[C@@H]1C[C@H](O)[C@@]1(C)C(=O)[C@H](O)C3=C(C)[C@@H](OC(=O)[C@H](O)[C@@H](NC(=O)OC(C)(C)C)c4ccccc4)C[C@@](O)([C@@H](OC(=O)c4ccccc4)C12)C3(C)C,0,train,42
8270,CC(=O)O[C@H]1C[C@@]2(C)[C@@H](C[C@@H](O)C3[C@]2(C)CC[C@H]2[C@H](C)[C@H](O)CC[C@]32C)/C1=C(/CCC=C(C)C)C(=O)O,0,train,42
8271,CC(=O)[C@]1(O)Cc2c(O)c3c(c(O)c2[C@@H](O[C@@H]2C[C@@H](N)[C@@H](O)[C@@H](C)O2)C1)C(=O)c1ccccc1C3=O,0,train,42
8272,CC(=O)[C@]1(O)Cc2c(O)c3c(c(O)c2[C@@H](O[C@H]2C[C@H](N)[C@H](O)[C@H](C)O2)C1)C(=O)c1c(O)cccc1C3=O,0,train,42
8273,CC(C)(Oc1ccc(Cl)cc1)C(=O)NC(C(=O)N[C@H]1C(=O)N2[C@H]1SC(C)(C)[C@H]2C(=O)O)c1ccccc1,0,val,42
8274,CC(C)CC(NC(=O)C(C)NC(=O)CNC(=O)C(NC=O)C(C)C)C(=O)NC(C)C(=O)NC(C(=O)NC(C(=O)NC(C(=O)NC(Cc1c[nH]c2ccccc12)C(=O)NC(CC(C)C)C(=O)NC(Cc1ccccc1)C(=O)NC(CC(C)C)C(=O)NC(Cc1c[nH]c2ccccc12)C(=O)NC(CC(C)C)C(=O)NC(Cc1c[nH]c2ccccc12)C(=O)NCCO)C(C)C)C(C)C)C(C)C,0,train,42
8275,CC(C)C[C@@H](NC(=O)[C@H](C)NC(=O)CNC(=O)[C@@H](NC=O)C(C)C)C(=O)N[C@@H](C)C(=O)N[C@@H](C(=O)N[C@H](C(=O)N[C@@H](C(=O)N[C@@H](Cc1c[nH]c2ccccc12)C(=O)N[C@H](CC(C)C)C(=O)N[C@@H](Cc1c[nH]c2ccccc12)C(=O)N[C@H](CC(C)C)C(=O)N[C@@H](Cc1c[nH]c2ccccc12)C(=O)N[C@H](CC(C)C)C(=O)N[C@@H](Cc1c[nH]c2ccccc12)C(=O)NCCO)C(C)C)C(C)C)C(C)C,0,train,42
8276,CC(C)C[C@@H](OC(=O)c1ccco1)C(=O)N[C@@H]1C(=O)N2[C@@H]1SC(C)(C)[C@@H]2C(=O)O,0,test,42
8277,CC(C)C[C@@H]1NC(=O)[C@H](CCCN)NC(=O)[C@H](C(C)C)NC(=O)[C@@H]2CCCN2C(=O)[C@@H](Cc2ccccc2)NC(=O)[C@H](CC(C)C)NC(=O)[C@H](CCCN)NC(=O)[C@H](C(C)C)NC(=O)[C@@H]2CCCN2C(=O)[C@@H](Cc2ccccc2)NC1=O,0,train,42
8278,CC(C)C[C@H](N)C(=O)N[C@@H](CCCN)C(=O)N[C@H](C(=O)N[C@@H](CCCN)C(=O)N1CCC[C@H]1C(=O)N[C@@H](C=O)Cc1ccccc1)C(C)C,0,train,42
8279,CC(Oc1ccccc1)C(=O)N[C@@H]1C(=O)N2[C@@H]1SC(C)(C)[C@@H]2C(=O)O,0,train,42
8280,CC1(C)SC2C(NC(=O)C(N=[N+]=[N-])c3ccccc3)C(=O)N2C1C(=O)O,0,test,42
8281,CC1(C)S[C@@H]2[C@H](N3C(=O)[C@@H](c4ccc(O)cc4)NC3(C)C)C(=O)N2[C@H]1C(=O)O,0,val,42
8282,CC1(C)S[C@@H]2[C@H](NC(=O)C(N=Cc3ccco3)c3ccc(O)cc3)C(=O)N2[C@H]1C(=O)O,0,val,42
8283,CC1(C)S[C@@H]2[C@H](NC(=O)C34CC5CC(CC(N)(C5)C3)C4)C(=O)N2[C@H]1C(=O)O,0,test,42
8284,CC1(C)S[C@@H]2[C@H](NC(=O)CCCC(N)C(=O)O)C(=O)N2[C@H]1C(=O)O,0,train,42
8285,CC1(C)S[C@@H]2[C@H](NC(=O)[C@H](N)c3ccccc3)C(=O)N2[C@H]1C(=O)OCOC(=O)[C@@H]1N2C(=O)C[C@H]2S(=O)(=O)C1(C)C,0,train,42
8286,CC1(C)S[C@@H]2[C@H](NC(=O)[C@H](NC(=O)CN=C(N)c3ccncc3)c3ccccc3)C(=O)N2[C@H]1C(=O)O,0,train,42
8287,CC1(C)S[C@@H]2[C@H](NC(=O)[C@H](NC(=O)c3c[nH]c4cccnc4c3=O)c3ccccc3)C(=O)N2[C@H]1C(=O)O,0,test,42
8288,CC1=C(C(=O)O)N2C(=O)[C@@H](NC(=O)C(N)c3cccc(NS(C)(=O)=O)c3)[C@H]2SC1,0,train,42
8289,CC1=C[C@@H](O)CC(=O)Cc2nc(co2)C(=O)N2CCC=C2C(=O)O[C@H](C(C)C)[C@H](C)C=CC(=O)NCC=C1,0,train,42
8290,CCC(=O)O[C@H]1[C@H](O[C@@H]2[C@@H](C)[C@H](O[C@H]3C[C@@](C)(OC)[C@@H](O)[C@H](C)O3)[C@@H](C)C(=O)O[C@H](CC)[C@@](C)(O)[C@H](O)[C@@H](C)C(=O)[C@H](C)C[C@@]2(C)O)O[C@H](C)C[C@@H]1N(C)C,0,train,42
8291,CCC(C)C(C(=O)OC1CC[N+](C)(C)CC1)c1ccccc1,0,train,42
8292,CCC(Oc1ccccc1)C(=O)N[C@@H]1C(=O)N2[C@@H]1SC(C)(C)[C@@H]2C(=O)O,0,train,42
8293,CCCCCC1CN[C@H](C(=O)NC(C(C)Cl)[C@H]2O[C@H](SC)[C@H](O)[C@@H](O)[C@H]2O)C1,0,train,42
8294,CCC[C@@H]1C[C@@H](C(=O)NC(C(C)O)[C@H]2O[C@H](SC)[C@H](O)[C@@H](O)[C@H]2O)N(C)C1,0,train,42
8295,CCN(CC)/C(C)=N/N=C/c1c2c(O)c3c(O)c(C)c4c(c3c1O)C(=O)[C@@](C)(OC=C[C@H](OC)[C@@H](C)[C@@H](OC(C)=O)[C@H](C)[C@H](O)[C@H](C)[C@@H](O)[C@@H](C)C=CC=C(C)C(=O)N2)O4,0,val,42
8296,CCN(CC)CCOC(=O)[C@@H]1N2C(=O)[C@@H](NC(=O)c3c(OC)cccc3OC)[C@H]2SC1(C)C,0,test,42
8297,CCN(CC)c1nc2c(s1)c1c(O)c3c(O)c(C)c4c(c32)C(=O)[C@@](C)(OC=C[C@H](OC)[C@@H](C)[C@@H](OC(C)=O)[C@H](C)[C@H](O)[C@H](C)[C@@H](O)[C@@H](C)C=CC=C(C)C(=O)N1)O4,0,train,42
8298,CCOC(=O)CCC(=O)O[C@H]1[C@H](O[C@@H]2[C@@H](C)[C@H](O[C@H]3C[C@@](C)(OC)[C@@H](O)[C@H](C)O3)[C@@H](C)C(=O)O[C@H](CC)[C@@](C)(O)[C@H](O)[C@@H](C)C(=O)[C@H](C)C[C@@]2(C)O)O[C@H](C)C[C@@H]1N(C)C,0,train,42
8299,CCOC(=O)O[C@H]1[C@H](O[C@@H]2[C@@H](C)[C@H](O[C@H]3C[C@@](C)(OC)[C@@H](O)[C@H](C)O3)[C@@H](C)C(=O)O[C@H](CC)[C@@](C)(O)[C@H](O)[C@@H](C)C(=O)[C@H](C)C[C@@]2(C)O)O[C@H](C)C[C@@H]1N(C)C,0,train,42
8300,CCOC(OCC)C(=O)OCC(=O)[C@]1(O)Cc2c(O)c3c(c(O)c2[C@@H](O[C@H]2C[C@H](N)[C@H](O)[C@H](C)O2)C1)C(=O)c1c(OC)cccc1C3=O,0,val,42
8301,CC[C@@H]1NC(=O)[C@@H]2CCCN2C(=O)[C@@H](Cc2ccccc2)NC(=O)[C@H](CC(C)C)NC(=O)[C@H](CCCN)NC(=O)[C@H](C(C)C)NC(=O)[C@@H]2CCCN2C(=O)[C@@H](Cc2ccccc2)NC(=O)[C@H](CC(C)C)NC(=O)[C@H](CCCN)NC1=O,0,train,42
8302,CC[C@@H]1OC(=O)[C@H](C)[C@H](O[C@H]2C[C@@](C)(OC)[C@@H](O)[C@H](C)O2)[C@H](C)[C@@H](O[C@@H]2O[C@H](C)C[C@H](N(C)C)[C@H]2O)[C@@](C)(OC)C[C@@H](C)C(=O)[C@@H](C)[C@@H](O)[C@]1(C)O,0,train,42
8303,CC[C@@]1(O)C[C@H](O[C@H]2C[C@H](N(C)C)[C@H](O[C@H]3C[C@H](O)[C@H](O[C@H]4CCC(=O)[C@H](C)O4)[C@H](C)O3)[C@H](C)O2)c2c(cc3c(c2O)C(=O)c2c(O)cccc2C3=O)[C@H]1C(=O)OC,0,train,42
8304,CC[C@H](NC(=O)[C@@H]1CCCN1C(=O)[C@@H](Cc1ccccc1)NC(=O)[C@H](CC(C)C)NC(=O)[C@H](CCCN)NC(=O)[C@H](CC)NC(=O)[C@@H]1CCCN1C(=O)[C@@H](Cc1ccccc1)NC(=O)[C@@H](N)CC(C)C)C(=O)N[C@H](C=O)CCCN,0,train,42
8305,CC[C@H]1OC(=O)[C@H](C)[C@@H](O[C@H]2C[C@@](C)(OC)[C@@H](O)[C@H](C)O2)[C@H](C)[C@@H](O[C@@H]2O[C@H](C)C[C@H](N(C)C)[C@H]2O)[C@](C)(O)C[C@@H](C)/C(=N/OC)[C@H](C)[C@@H](O)[C@]1(C)O,0,test,42
8306,CC[C@H]1OC(=O)[C@H](C)[C@@H](O[C@H]2C[C@@](C)(OC)[C@@H](O)[C@H](C)O2)[C@H](C)[C@@H](O[C@@H]2O[C@H](C)C[C@H](N(C)C)[C@H]2O)[C@](C)(O)C[C@@H](C)C(=O)[C@H](C)[C@@H](O)[C@H]1C,0,train,42
8307,CC[C@H]1OC(=O)[C@H](C)[C@@H](O[C@H]2C[C@@](C)(OC)[C@@H](O)[C@H](C)O2)[C@H](C)[C@@H](O[C@@H]2O[C@H](C)C[C@H](N(C)C)[C@H]2O)[C@](C)(O)C[C@@H](C)CN(C)[C@H](C)[C@@H](O)[C@]1(C)O,0,train,42
8308,CC[C@H]1OC(=O)[C@H](C)[C@@H](O[C@H]2C[C@@](C)(OC)[C@@H](O)[C@H](C)O2)[C@H](C)[C@@H](O[C@H]2O[C@@H](C)C[C@@H](N(C)C)[C@@H]2O)[C@](C)(O)C[C@@H](C)C(=O)[C@H](C)[C@@H](O)[C@]1(C)O,0,train,42
8309,CC[C@]1(O)C[C@H]2CN(CCc3c([nH]c4ccccc34)C(C(=O)OC)(c3cc4c(cc3OC)N(C)[C@@H]3C45CCN4CC=C[C@](CC)([C@H]45)[C@@H](OC(C)=O)[C@]3(O)C(=O)OC)C2)C1,0,train,42
8310,CC[N+](C)(C)C(C)CC(c1ccccc1)c1ccccc1,0,val,42
8311,CC[N+](C)(C/C=C/C1=C(C(=O)O)N2C(=O)[C@@H](NC(=O)/C(=N/OCF)c3nsc(N)n3)[C@H]2SC1)CC(N)=O,0,train,42
8312,CN(C)C1C(=O)C(C(=O)NCNC(C(=O)NC2C(=O)N3C2SC(C)(C)C3C(=O)O)c2ccccc2)=C(O)[C@@]2(O)C(=O)C3=C(O)c4c(O)cccc4C(C)(O)C3CC12,0,train,42
8313,CN(C)[C@@H]1C(=O)C(C(=O)NCN2CCN(C(=N)N=C(N)N)CC2)=C(O)[C@@]2(O)C(=O)C3=C(O)c4c(O)cccc4[C@@](C)(O)[C@H]3C[C@@H]12,0,train,42
8314,CN(C)[C@@H]1C(=O)C(C(=O)NCN2CCN(CCO)CC2)=C(O)[C@@]2(O)C(=O)C3=C(O)c4c(O)cccc4[C@@](C)(O)[C@H]3C[C@@H]12,0,train,42
8315,CN(C)[C@@H]1C(=O)C(C(=O)NCNCCCCC(N)C(=O)O)=C(O)[C@@]2(O)C(=O)C3=C(O)c4c(O)cccc4[C@@](C)(O)[C@H]3C[C@@H]12,0,train,42
8316,CN(C)[C@@H]1C(=O)C(C(N)=O)=C(O)[C@@]2(O)C(=O)C3=C(O)c4c(O)cccc4[C@@](C)(O)C3[C@H](O)[C@@H]12,0,train,42
8317,CNC(=O)C[C@H](N)C(=O)N[C@@H](C(=O)N[C@@H]1C(=O)N2[C@@H]1SC(C)(C)[C@@H]2C(=O)O)c1ccc(O)cc1,0,train,42
8318,CN[C@@H]1[C@@H](O[C@H]2O[C@H](CO)[C@@H](N)[C@H](O)[C@H]2O)OC2C[C@@H](N)[C@@H](O[C@H]3[C@H](O)[C@@H](O)[C@H](N)C[C@@H]3N)O[C@@H]2[C@@H]1O,0,train,42
8319,CN[C@@H]1[C@H](O)[C@@H](O[C@@H]2[C@H](O)[C@H](O[C@H]3O[C@H](CN)CC[C@H]3N)[C@@H](N)C[C@H]2N)OC[C@]1(C)O,0,train,42
8320,CN[C@@H]1[C@H](O[C@H]2[C@H](O[C@H]3[C@H](O)[C@@H](O)[C@H](N=C(N)N)[C@@H](O)[C@@H]3N=C(N)N)O[C@@H](C)[C@]2(O)CO)O[C@@H](CO)[C@H](O)[C@H]1O,0,train,42
8321,CN[C@H](CC(C)C)C(=O)N[C@H]1C(=O)N[C@@H](CC(N)=O)C(=O)N[C@H]2C(=O)N[C@H]3C(=O)N[C@H](C(=O)N[C@H](C(=O)O)c4cc(O)cc(O)c4-c4cc3ccc4O)[C@H](O)c3ccc(c(Cl)c3)Oc3cc2cc(c3O[C@@H]2O[C@H](CO)[C@@H](O)[C@H](O)[C@H]2O[C@H]2C[C@](C)(N)[C@H](O)[C@H](C)O2)Oc2ccc(cc2Cl)[C@H]1O,0,train,42
8322,CN[C@H]1[C@@H](O)C(O[C@@H]2[C@@H](O)[C@H](OC3O[C@H](CN)[C@@H](O)[C@H](O)[C@H]3O)[C@@H](N)C[C@@H]2NC(=O)C(O)CN)OC[C@]1(C)O,0,train,42
8323,CO/N=C(/C(=O)N[C@@H]1C(=O)N(OCC(=O)O)[C@H]1C)c1csc(N)n1,0,train,42
8324,CO/N=C(/C(=O)N[C@@H]1C(=O)N2C(C(=O)O)=C(/C=C\c3scnc3C)CS[C@H]12)c1csc(N)n1,0,train,42
8325,CO/N=C(/C(=O)N[C@@H]1C(=O)N2C(C(=O)O)=C(COC(C)=O)CS[C@H]12)c1csc(N)n1,0,train,42
8326,CO/N=C(/C(=O)N[C@@H]1C(=O)N2C(C(=O)O)=C(C[n+]3cccc4c3CCC4)CS[C@H]12)c1csc(N)n1,0,train,42
8327,CO/N=C(/C(=O)N[C@@H]1C(=O)N2C(C(=O)O)=C(C[n+]3ccn4ncccc43)CS[C@H]12)c1nsc(N)n1,0,test,42
8328,CO/N=C(/C(=O)N[C@@H]1C(=O)N2C(C(=O)OC(C)OC(=O)C(C)(C)OC)=C(COC(N)=O)CS[C@H]12)c1ccco1,0,train,42
8329,CO/N=C(/C(=O)N[C@@H]1C(=O)N2C(C(=O)OCOC(=O)C(C)(C)C)=CCS[C@H]12)c1csc(NC(=O)[C@H](C)N)n1,0,test,42
8330,CO/N=C(\C(=O)N[C@@H]1C(=O)N2C(C(=O)O)=C(C[N+]3(C)CCCC3)CS[C@H]12)c1csc(N)n1,0,train,42
8331,CO/N=C(\C(=O)N[C@@H]1C(=O)N2C(C(=O)O)=C(C[N+]34CCC(C(N)=O)(CC3)CC4)CS[C@H]12)c1nsc(N)n1,0,train,42
8332,CO/N=C(\C(=O)N[C@@H]1C(=O)N2C(C(=O)O)=C(C[n+]3ccc(N)n3CCO)CS[C@H]12)c1csc(N)n1,0,test,42
8333,CO/N=C(\C(=O)N[C@@H]1C(=O)N2C(C(=O)O)=C(C[n+]3cccc4c3CCCC4)CS[C@H]12)c1csc(N)n1,0,train,42
8334,COCOC(=O)[C@@H]1N2C(=O)[C@@H](N3C(=O)C(c4ccc(O)cc4)NC3(C)C)[C@H]2SC1(C)C,0,train,42
8335,CO[C@@H]1C(N(C)C(=O)CN)[C@@H](O)[C@H](O[C@H]2O[C@H](C(C)N)CC[C@H]2N)[C@@H](N)[C@@H]1O,0,train,42
8336,CO[C@@H]1[C@@H](OC(N)=O)[C@@H](O)[C@@H](Oc2ccc3c(O)c(NC(=O)c4ccc(O)c(CC=C(C)C)c4)c(=O)oc3c2C)OC1(C)C,0,train,42
8337,CO[C@@H]1[C@@H](OC2O[C@H](C)[C@@H](O[C@H]3C[C@@](C)(O)[C@@H](O)[C@H](C)O3)[C@H](N(C)C)[C@H]2O)[C@@H](CC=O)C[C@@H](C)[C@@H](O)C=CC=CC[C@@H](C)OC(=O)C[C@H]1O,0,test,42
8338,CO[C@@H]1[C@@H](OC2O[C@H](C)[C@@H](O[C@H]3C[C@@](C)(O)[C@@H](O)[C@H](C)O3)[C@H](N(C)C)[C@H]2O)[C@@H](CC=O)C[C@@H](C)[C@@H](OC2CC[C@H](N(C)C)[C@@H](C)O2)C=CC=CC[C@@H](C)OC(=O)C[C@H]1O,0,train,42
8339,CO[C@@H]1[C@@H](O[C@@H]2O[C@H](C)[C@@H](O[C@H]3C[C@@](C)(O)[C@@H](OC(=O)CC(C)C)[C@H](C)O3)[C@H](N(C)C)[C@H]2O)[C@@H](CC=O)C[C@@H](C)[C@@H](O)C=CC=CC[C@@H](C)OC(=O)C[C@H]1OC(C)=O,0,train,42
8340,CO[C@@]1(NC(=O)CSC(F)F)C(=O)N2C(C(=O)O)=C(CSc3nnnn3CCO)CO[C@@H]21,0,train,42
8341,CO[C@H]1C=CO[C@@]2(C)Oc3c(C)c(O)c4c(O)c(c(/C=N\N5CCN(C)CC5)c(O)c4c3C2=O)NC(=O)C(C)=CC=C[C@H](C)[C@H](O)[C@@H](C)[C@@H](O)[C@@H](C)[C@H](OC(C)=O)[C@@H]1C,0,val,42
8342,CO[C@H]1C=CO[C@@]2(C)Oc3c(C)c(O)c4c(O)c(c(/C=N\N5CCN(C6CCCC6)CC5)c(O)c4c3C2=O)NC(=O)C(C)=CC=C[C@H](C)[C@H](O)[C@@H](C)[C@@H](O)[C@@H](C)[C@H](OC(C)=O)[C@@H]1C,0,train,42
8343,CO[C@H]1C=CO[C@@]2(C)Oc3c(C)c(O)c4c(O)c(c5c(c4c3C2=O)NC2(CCN(CC(C)C)CC2)N=5)=NC(=O)C(C)=CC=C[C@H](C)[C@H](O)[C@@H](C)[C@@H](O)[C@@H](C)[C@H](OC(C)=O)[C@@H]1C,0,train,42
8344,CO[C@H]1C=CO[C@@]2(C)Oc3c(C)c(O)c4c(O)c(c5c(nc6cc(C)ccn65)c4c3C2=O)NC(=O)C(C)=CC=C[C@H](C)[C@H](O)[C@@H](C)[C@@H](O)[C@@H](C)[C@H](OC(C)=O)[C@@H]1C,0,train,42
8345,CO[C@H]1C=CO[C@@]2(C)Oc3c(C)c(O)c4c(O)c(cc(O)c4c3C2=O)NC(=O)C(C)=CC=C[C@H](C)[C@H](O)[C@@H](C)[C@@H](O)[C@@H](C)[C@H](OC(C)=O)[C@@H]1C,0,train,42
8346,CO[C@H]1CCC[C@H]2C1=C(C(=O)O)N1C(=O)[C@H]([C@@H](C)O)[C@@H]21,0,train,42
8347,CO[C@H]1C[C@H](O[C@H]2[C@H](C)[C@@H](O[C@@H]3O[C@H](C)C[C@H](N(C)C)[C@H]3O)[C@@H](C)C[C@@]3(CO3)C(=O)[C@H](C)[C@@H](O)[C@@H](C)[C@@H](C)OC(=O)[C@@H]2C)O[C@@H](C)[C@@H]1O,0,train,42
8348,CO[C@H]1C[C@H](O[C@H]2[C@H](C)O[C@@H](O[C@@H]3C(C)=CC[C@@H]4C[C@@H](C[C@]5(CC[C@H](C)[C@@H](C(C)C)O5)O4)OC(=O)[C@@H]4C=C(C)[C@@H](O)[C@H]5OCC(=CC=C[C@@H]3C)[C@]54O)C[C@@H]2OC)O[C@@H](C)[C@@H]1O,0,train,42
8349,CO[C@@]12[C@@H]3N[C@@H]3CN1C1=C(C(=O)C(N)=C(C)C1=O)[C@@H]2COC(N)=O,0,train,42
8350,COc1cc([C@@H]2c3cc4c(cc3[C@@H](O[C@@H]3O[C@@H]5CO[C@@H](c6cccs6)O[C@H]5[C@H](O)[C@H]3O)[C@H]3COC(=O)[C@H]23)OCO4)cc(OC)c1O,0,train,42
8351,COc1cc([C@@H]2c3cc4c(cc3[C@@H](O[C@@H]3O[C@@H]5CO[C@H](C)O[C@H]5[C@H](O)[C@H]3O)[C@H]3COC(=O)[C@H]23)OCO4)cc(OC)c1O,0,train,42
8352,COc1cccc2c1C(=O)c1c(O)c3c(c(O)c1C2=O)C[C@@](O)(C(=O)CO)C[C@@H]3O[C@H]1C[C@H](N)C[C@H](C)O1,0,train,42
8353,COc1cccc2c1C(=O)c1c(O)c3c(c(O)c1C2=O)C[C@@](O)(C(=O)CO)C[C@@H]3O[C@H]1C[C@H](N)[C@@H](O)[C@H](C)O1,0,train,42
8354,COc1cccc2c1C(=O)c1c(O)c3c(c(O)c1C2=O)C[C@@](O)(C(O)CO)C[C@@H]3O,0,val,42
8355,C[C@@H](O)[C@H]1C(=O)N2C(C(=O)O)=C(SC3Cn4cnc[n+]4C3)[C@H](C)[C@H]12,0,train,42
8356,C[C@@H](O)[C@H]1C(=O)N2C(C(=O)O)=C(SCCN=CN)C[C@H]12,0,train,42
8357,C[C@@H](O)[C@H]1C(=O)N2C(C(=O)O)=C(S[C@H]3CC[S+]([O-])C3)S[C@H]12,0,train,42
8358,C[C@@H]1[C@H](O)[C@@H](C)C=CC=CC=CC=CC=CC=CC=C[C@H](O[C@H]2O[C@@H](C)[C@H](O)[C@@H](N)[C@H]2O)C[C@@H]2O[C@](O)(C[C@@H](O)C[C@@H](O)[C@H](O)CC[C@@H](O)C[C@@H](O)CC(=O)O[C@H]1C)C[C@H](O)[C@H]2C(=O)O,0,val,42
8359,C[C@@H]1O[C@@H](O[C@H]2C[C@](O)(C(=O)CO)Cc3c(O)c4c(c(O)c32)C(=O)c2ccccc2C4=O)C[C@H](N)[C@@H]1O,0,train,42
8360,C[C@H](O)[C@H]1C(=O)N2C(C(=O)O)=C(S[C@@H]3CN[C@H](C(=O)N(C)C)C3)[C@H](C)[C@H]12,0,train,42
8361,C[C@H]1O[C@@H](O[C@H]2[C@@H](O)C[C@H](O[C@H]3[C@@H](O)C[C@H](O[C@H]4CC[C@@]5(C)C(CC[C@@H]6[C@@H]5C[C@@H](O)[C@]5(C)[C@@H](C7=CC(=O)OC7)CC[C@]65O)C4)O[C@@H]3C)O[C@@H]2C)C[C@H](O)[C@@H]1O,0,train,42
8362,C[C@]12CCC(=O)C=C1CC[C@H]1C3CC[C@H](C(=O)CO)C3(C=O)C[C@H](O)C12,0,train,42
8363,C[N+]1(C)CCCCC1COC(=O)C(O)(c1ccccc1)c1ccccc1,0,train,42
8364,C[N+]1(CCCS(=O)(=O)O)C2CCC1CC(OC(=O)C(CO)c1ccccc1)C2,0,train,42
8365,Cc1c2oc3c(C)ccc(C(=O)N[C@@H]4C(=O)N[C@H](C(C)C)C(=O)N5CCC[C@H]5C(=O)N(C)CC(=O)N(C)[C@@H](C(C)C)C(=O)O[C@@H]4C)c3nc-2c(C(=O)N[C@@H]2C(=O)N[C@H](C(C)C)C(=O)N3CCC[C@H]3C(=O)N(C)CC(=O)N(C)[C@@H](C(C)C)C(=O)O[C@@H]2C)c(N)c1=O,0,train,42
8366,Cc1cc(=O)c(C(=O)N[C@@H](C(=O)N[C@@H]2C(=O)N3C(C(=O)O)=C(CSc4nnnn4C)CS[C@H]23)c2ccc(O)cc2)c[nH]1,0,test,42
8367,NC(=O)OC[C@@H]1[C@H](NC(=O)/C(=N\OCC(=O)O)c2csc(N)n2)C(=O)N1S(=O)(=O)O,0,train,42
8368,NC(=O)c1cc[n+](CC2=C(C(=O)O)N3C(=O)[C@@H](NC(=O)Cc4cccs4)[C@H]3SC2)cc1,0,train,42
8369,NC(=O)c1cc[n+](CC2=C(C(=O)O)N3C(=O)[C@@H](NC(=O)[C@@H](c4ccccc4)S(=O)(=O)O)[C@H]3SC2)cc1,0,train,42
8370,NCC[C@@H](O)CN[C@@H]1C[C@H](N)[C@@H](O[C@H]2O[C@H](CN)[C@@H](O)[C@H](O)[C@H]2O)[C@H](O)[C@H]1O[C@H]1O[C@H](CO)[C@@H](O)[C@H](N)[C@H]1O,0,train,42
8371,NCC[C@H](O)C(=O)N[C@@H]1C[C@H](N)[C@@H](OC2O[C@H](CN)[C@@H](O)[C@H](O)[C@H]2O)[C@H](O)[C@H]1OC1O[C@H](CO)[C@@H](O)[C@H](N)[C@H]1O,0,test,42
8372,NC[C@@H]1CC[C@@H](N)[C@@H](O[C@H]2[C@H](O)[C@@H](O[C@H]3O[C@H](CO)[C@@H](O)[C@H](N)[C@H]3O)[C@H](N)C[C@@H]2N)O1,0,test,42
8373,NC[C@H]1O[C@H](O[C@H]2[C@H](O)C(O[C@H]3O[C@H](CO)[C@@H](O)[C@H](N)[C@H]3O)[C@H](N)C[C@@H]2N)[C@H](N)C[C@@H]1O,0,train,42
8374,NC[C@H]1O[C@H](O[C@H]2[C@H](O)[C@@H](OC3O[C@H](CO)[C@@H](O)[C@H](N)[C@H]3O)[C@H](N)C[C@@H]2N)[C@H](O)[C@@H](O)[C@@H]1O,0,test,42
8375,NC[C@H]1O[C@H](O[C@H]2[C@H](O)[C@@H](O[C@H]3O[C@H](CO)[C@@H](O)[C@H](N)[C@H]3O)[C@H](N)C[C@@H]2N)[C@H](N)[C@@H](O)[C@@H]1O,0,train,42
8376,NC[C@H]1O[C@H](O[C@H]2[C@H](O)[C@@H](O[C@H]3O[C@H](CO)[C@@H](O)[C@H](N)[C@H]3O)[C@H](NC(CO)CO)C[C@@H]2N)[C@H](N)[C@@H](O)[C@@H]1O,0,train,42
8377,N[C@@H](C(=O)N[C@@H]1C(=O)N2C(C(=O)O)=C(CSc3cn[nH]n3)CS[C@H]12)c1ccc(O)cc1,0,train,42
8378,N[C@@H](C(=O)N[C@@H]1C(=O)N2C(C(=O)O)=C(Cl)CC[C@H]12)c1ccccc1,0,train,42
8379,Nc1ncc(/C(=N\OC2CCNC2=O)C(=O)N[C@@H]2C(=O)N3C(C(=O)O)=C(C[n+]4ccccc4)CS[C@H]23)s1,0,train,42
8380,O=C(Cc1cccs1)N[C@@H]1C(=O)N2C(C(=O)O)=C(C[n+]3ccccc3)CS[C@H]12,0,test,42
8381,O=C(O)C1=C(CSc2nnnn2CS(=O)(=O)O)CS[C@@H]2[C@H](NC(=O)[C@H](O)c3ccccc3)C(=O)N12,0,test,42
8382,O=C(O)C1=C(C[n+]2ccc(CCS(=O)(=O)O)cc2)CS[C@@H]2[C@H](NC(=O)[C@H](NC(=O)c3nc[nH]c3C(=O)O)c3ccccc3)C(=O)N12,0,test,42
8383,CC[C@H](C)C(=O)O[C@H]1C[C@@H](O)C=C2C=C[C@H](C)[C@H](CC[C@@H](O)C[C@@H](O)CC(=O)O)[C@H]21,0,test,42
8384,CN1C[C@H](C(=O)NC2(C)O[C@@]3(O)[C@@H]4CCCN4C(=O)[C@H](Cc4ccccc4)N3C2=O)C[C@@H]2c3cccc4[nH]cc(c34)C[C@H]21,0,train,42
8385,CN[C@H](CC(C)C)C(=O)N[C@H]1C(=O)N[C@@H](CC(N)=O)C(=O)N[C@H]2C(=O)N[C@H]3C(=O)N[C@H](C(=O)N[C@H](C(=O)O)c4cc(O)cc(O)c4-c4cc3ccc4O)[C@H](O)c3ccc(c(Cl)c3)Oc3cc2cc(c3O[C@@H]2O[C@H](CO)[C@@H](O)[C@H](O)[C@H]2O[C@@H]2C[C@](C)(N)[C@@H](O)[C@H](C)O2)Oc2ccc(cc2Cl)[C@H]1O,0,train,42
8386,COc1ccc2nc([S@+]([O-])Cc3ncc(C)c(OC)c3C)[nH]c2c1,0,train,42
8387,CCOCC1(N)C(c2ccc(OC)cc2)C1S(=O)(=O)c1ccccc1,0,val,42
8388,COc1cc2c(cc1OC)CN(C(=O)C[C@@H]1NC(=O)N(c3ccc(C(C)C)cc3)C1=O)CC2,0,train,42
8389,C#CC1(O)CCC2C3CCC4=CC(=O)CCC4C3CCC21C,0,train,42
8390,C#CC1(O)CCC2C3CCC4=CC(=O)CCC4C3CCC21CC,0,val,42
8391,C#CC1(O)CCC2C3CCC4=Cc5oncc5CC4(C)C3CCC21C,0,train,42
8392,C#CC1(O)CCC2C3CCc4cc(O)ccc4C3CCC21C,0,train,42
8393,C#CC1(O)CCC2C3CCc4cc(OC5CCCC5)ccc4C3CCC21C,0,train,42
8394,C1CNCCN1,0,train,42
8395,C1COC(NC(C2CC2)C2CC2)=N1,0,train,42
8396,C=C(c1ccc(C(=O)O)cc1)c1cc2c(cc1C)C(C)(C)CCC2(C)C,0,train,42
8397,C=C1C(=CC=C2CCCC3(C)C2CCC3C(C)CCCC(C)(C)O)CC(O)CC1O,0,train,42
8398,C=C1C(=CC=C2CCCC3(C)C2CCC3C(C)CCCC(C)C)CC(O)CC1O,0,test,42
8399,C=C1CCC(O)CC1=CC=C1CCCC2(C)C1CCC2C(C)C=CC(C)C(C)C,0,train,42
8400,C=C1CCC(O)CC1=CC=C1CCCC2(C)C1CCC2C(C)CCCC(C)C,0,test,42
8401,CC(=CCC1=C(C)C(=O)c2ccccc2C1=O)CCCC(C)CCCC(C)CCCC(C)C,0,train,42
8402,CC(=Cc1ccccc1)C=C1SC(=S)N(CC(=O)O)C1=O,0,train,42
8403,CC(=O)C1(O)CCC2C3C=C(C)C4=CC(=O)CCC4(C)C3CCC21C,0,train,42
8404,CC(=O)C1(O)CCC2C3CC(C)C4=CC(=O)CCC4(C)C3CCC21C,0,train,42
8405,CC(=O)C1CCC2C3C=CC4=CC(=O)CCC4(C)C3CCC12C,0,train,42
8406,CC(=O)N(CC(C)C(=O)O)c1c(I)cc(I)c(N)c1I,0,train,42
8407,CC(=O)N(CC(O)CO)c1c(I)c(C(=O)NCC(O)CO)c(I)c(C(=O)NCC(O)CO)c1I,0,train,42
8408,CC(=O)N(c1onc(C)c1C)S(=O)(=O)c1ccc(N)cc1,0,train,42
8409,CC(=O)N=c1sc(S(N)(=O)=O)nn1C,0,train,42
8410,CC(=O)NC(CS)C(=O)O,0,train,42
8411,CC(=O)NO,0,train,42
8412,CC(=O)Nc1ccc(C=NNC(N)=S)cc1,0,train,42
8413,CC(=O)OCC(=O)C1(O)C(O)CC2C3CCC4=CC(=O)C=CC4(C)C3(F)C(O)CC21C,0,train,42
8414,CC(=O)OCC1OC(n2ncc(=O)[nH]c2=O)C(OC(C)=O)C1OC(C)=O,0,train,42
8415,CC(=O)O[C@H]1C[C@H](O[C@H]2[C@@H](O)C[C@H](O[C@H]3[C@@H](O)C[C@H](O[C@H]4CC[C@@]5(C)[C@H](CC[C@@H]6[C@@H]5CC[C@]5(C)[C@@H](C7=CC(=O)OC7)CC[C@]65O)C4)O[C@@H]3C)O[C@@H]2C)O[C@H](C)[C@H]1O,0,train,42
8416,CC(=O)Oc1cc(C)c(OC(C)=O)c2ccccc12,0,train,42
8417,CC(=O)Oc1ccc(C(=C2CCCCC2)c2ccc(OC(C)=O)cc2)cc1,0,train,42
8418,CC(=O)Oc1ccc(C(c2ccc(OC(C)=O)cc2)c2ccccn2)cc1,0,train,42
8419,CC(=O)Oc1cccc2c1C(=O)c1c(OC(C)=O)cc(C(=O)O)cc1C2=O,0,test,42
8420,CC(=O)Oc1ccccc1C(=O)Nc1ncc([N+](=O)[O-])s1,0,val,42
8421,CC(=O)SC1CC2=CC(=O)CCC2(C)C2CCC3(C)C(CCC34CCC(=O)O4)C12,0,train,42
8422,CC(=O)c1cc2cccc(OCC(O)CNC(C)C)c2o1,0,train,42
8423,CC(C(=O)O)c1ccc(C(=O)c2ccccc2)s1,0,train,42
8424,CC(C(=O)O)c1ccc2oc(-c3ccc(Cl)cc3)nc2c1,0,train,42
8425,CC(C)(C)C(=O)OCOP(=O)(COCCn1cnc2c(N)ncnc21)OCOC(=O)C(C)(C)C,0,train,42
8426,CC(C)(C)NC(=O)C1CCC2C3CCC4NC(=O)C=CC4(C)C3CCC12C,0,train,42
8427,CC(C)(C)NCC(O)COc1ccc(NC(=O)NC2CCCCC2)cc1,0,train,42
8428,CC(C)(C)NCC(O)COc1nsnc1N1CCOCC1,0,train,42
8429,CC(C)(C)NCC(O)c1cc(Br)no1,0,test,42
8430,CC(C)(C)NCC(O)c1cc(Cl)c(N)c(Cl)c1,0,train,42
8431,CC(C)(CO)C(O)C(=O)NCCC(=O)O,0,train,42
8432,CC(C)(CO)C(O)C(=O)NCCCO,0,train,42
8433,CC(C)(Oc1ccc(C2CC2(Cl)Cl)cc1)C(=O)O,0,train,42
8434,CC(C)(Oc1ccc(CCNC(=O)c2ccc(Cl)cc2)cc1)C(=O)O,0,train,42
8435,CC(C)(S)C(N)C(=O)O,0,val,42
8436,CC(C)(Sc1cc(C(C)(C)C)c(O)c(C(C)(C)C)c1)Sc1cc(C(C)(C)C)c(O)c(C(C)(C)C)c1,0,train,42
8437,CC(C)=CCCC(C)=CCCC(C)=CCCC(C)=CCC1=C(C)C(=O)c2ccccc2C1=O,0,test,42
8438,CC(C)C1CCC(C(=O)NC(Cc2ccccc2)C(=O)O)CC1,0,train,42
8439,CC(C)CC1Nc2cc(Cl)c(S(N)(=O)=O)cc2S(=O)(=O)N1,0,train,42
8440,CC(C)N(CCC(C(N)=O)(c1ccccc1)c1ccccn1)C(C)C,0,train,42
8441,CC(C)NCC(O)c1cc(O)cc(O)c1,0,train,42
8442,CC(C)NCC1CCc2cc(CO)c([N+](=O)[O-])cc2N1,0,train,42
8443,CC(C)NCCCC1(C(N)=O)c2ccccc2-c2ccccc21,0,train,42
8444,CC(C)OC(=O)C(C)(C)Oc1ccc(C(=O)c2ccc(Cl)cc2)cc1,0,train,42
8445,CC(C)Oc1ccc2c(=O)c(-c3ccccc3)coc2c1,0,train,42
8446,CC(C)[N+](C)(CCC(C(N)=O)(c1ccccc1)c1ccccc1)C(C)C,0,train,42
8447,CC(C)c1nc(N(C)S(C)(=O)=O)nc(-c2ccc(F)cc2)c1C=CC(O)CC(O)CC(=O)O,0,train,42
8448,CC(C=CC=C(C)C=CC1=C(C)CCCC1(C)C)=CC=CC=C(C)C=CC=C(C)C=CC1=C(C)CCCC1(C)C,0,train,42
8449,CC(CCC(=O)O)C1CCC2C3C(=O)CC4CC(=O)CCC4(C)C3CC(=O)C12C,0,train,42
8450,CC(CCC(=O)O)C1CCC2C3C(O)CC4CC(O)CCC4(C)C3CCC12C,0,test,42
8451,CC(CN(C)C)C(C)(O)Cc1ccc(Cl)cc1,0,train,42
8452,CC(COc1ccccc1)NC(C)C(O)c1ccc(O)cc1,0,test,42
8453,CC(Cc1ccc2c(c1)OCO2)NCC(O)c1ccc(O)c(O)c1,0,test,42
8454,CC(Cc1cccc(C(F)(F)F)c1)NCCOC(=O)c1ccccc1,0,train,42
8455,CC(Cn1cnc2c(N)ncnc21)OCP(=O)(O)O,0,val,42
8456,CC(N=C(NC#N)Nc1ccncc1)C(C)(C)C,0,test,42
8457,CC(NCCc1ccc(O)cc1)C(O)c1ccc(O)cc1,0,train,42
8458,CC(O)(CS(=O)(=O)c1ccc(F)cc1)C(=O)Nc1ccc(C#N)c(C(F)(F)F)c1,0,train,42
8459,CC(O)(P(=O)(O)O)P(=O)(O)O,0,train,42
8460,CC(O)C(O)C1CNc2nc(N)[nH]c(=O)c2N1,0,train,42
8461,CC(S)C(=O)NCC(=O)O,0,train,42
8462,CC(c1ccccc1)C1Nc2cc(Cl)c(S(N)(=O)=O)cc2S(=O)(=O)N1,0,test,42
8463,CC(c1ncncc1F)C(O)(Cn1cncn1)c1ccc(F)cc1F,0,train,42
8464,CC1(C)[C@@H](OC(=O)CCC(=O)O)CC[C@]2(C)[C@H]3C(=O)C=C4[C@@H]5C[C@@](C)(C(=O)O)CC[C@]5(C)CC[C@@]4(C)[C@]3(C)CC[C@@H]12,0,train,42
8465,CC1(O)CCC2C3CCC4=CC(=O)CCC4(C)C3(F)C(O)CC21C,0,train,42
8466,CC12C=CC(=O)NC1CCC1C2CCC2(C)C(C(=O)Nc3cc(C(F)(F)F)ccc3C(F)(F)F)CCC12,0,train,42
8467,CC12CCC(=O)C=C1C1CC1C1C2CCC2(C)C1C1CC1C21CCC(=O)O1,0,train,42
8468,CC12CCC(=O)C=C1CCC1C2CCC2(C)C1CCC2(C)O,0,train,42
8469,CC12CCC3C(CCC45OC4C(O)=C(C#N)CC35C)C1CCC2O,0,train,42
8470,CC12CCC3C(CCC4=C(O)C(=O)CCC43C)C1CCC2=O,0,train,42
8471,CC12CCC3C(CCC4=CC(=O)C=CC43C)C1CCC(=O)O2,0,train,42
8472,CC12CCC3c4ccc(OC(=O)N(CCCl)CCCl)cc4CCC3C1CCC2O,0,train,42
8473,CC12CCC3c4ccc(OS(=O)(=O)O)cc4CCC3C1CCC2=O,0,train,42
8474,CC12COC(=O)CC1CCC1C2CCC2(C)C1CCC2(C)O,0,train,42
8475,CC12Cc3cn[nH]c3CC1CCC1C2CCC2(C)C1CCC2(C)O,0,train,42
8476,CC1=C(C(=O)O)N2C(=O)C(NC(=O)C(N)c3ccccc3)C2SC1,0,train,42
8477,CC1=C(CC(=O)O)c2cc(F)ccc2C1=Cc1ccc([S+](C)[O-])cc1,0,train,42
8478,CC1C=CC=CCCC=CC=CC=CC=CC(OC2OC(C)C(O)C(N)C2O)CC(O)C(C(=O)O)C(O)CC(=O)CC(O)C(O)CCC(O)CC(O)CC(O)CC(=O)OC(C)C(C)C1O,0,train,42
8479,CC1CC(OC(=O)C(O)c2ccccc2)CC(C)(C)C1,0,val,42
8480,CC1CC2=CC(=O)CCC2(C)C2CCC3(C)C(CCC3(C)O)C12,0,train,42
8481,CC1CCC(O)CC1=CC=C1CCCC2(C)C1CCC2C(C)C=CC(C)C(C)C,0,train,42
8482,CC1CCCC(C)N1CCCC(O)(c1ccccc1)c1ccccn1,0,train,42
8483,CC1CCc2cc(F)cc3c(=O)c(C(=O)O)cn1c23,0,test,42
8484,CC1CS(=O)(=O)CCN1N=Cc1ccc([N+](=O)[O-])o1,0,train,42
8485,CC1Cc2ccccc2N1NC(=O)c1ccc(Cl)c(S(N)(=O)=O)c1,0,val,42
8486,CCC(=O)OC(OP(=O)(CCCCc1ccccc1)CC(=O)N1CC(C2CCCCC2)CC1C(=O)O)C(C)C,0,train,42
8487,CCC(C)C(=O)OC1CC(C)C=C2C=CC(C)C(CCC3CC(O)CC(=O)O3)C21,0,train,42
8488,CCC(C)CCCC(=O)NC(CCN)C(=O)NC(C(=O)NC(CCN)C(=O)NC1CCNC(=O)C(C(C)O)NC(=O)C(CCN)NC(=O)C(CCN)NC(=O)C(CC(C)C)NC(=O)C(CC(C)C)NC(=O)C(CCN)NC1=O)C(C)O,0,train,42
8489,CCC(CO)NC(=O)C1C=C2c3cccc4[nH]cc(c34)CC2N(C)C1,0,test,42
8490,CCC(Cc1c(I)cc(I)c(N)c1I)C(=O)O,0,test,42
8491,CCC(c1ccccc1)c1c(O)c2ccccc2oc1=O,0,train,42
8492,CCC1(O)C(=O)OCc2c1cc1n(c2=O)Cc2cc3ccccc3nc2-1,0,train,42
8493,CCC1(O)CCC2C3CCC4=CCCCC4C3CCC21C,0,train,42
8494,CCC12CCCN3CCc4c(n(c5ccccc45)C(O)(C(=O)OC)C1)C32,0,test,42
8495,CCC1NC(=O)c2cc(S(N)(=O)=O)c(Cl)cc2N1,0,train,42
8496,CCC1OC(=O)CC(O)C(C)C(OC2OC(C)CC(N(C)C)C2O)C(CC=O)CC(C)C(=O)C=CC2(C)OC2C1C,0,train,42
8497,CCCC(=O)N1CCCN(c2nc(N)c3cc(OC)c(OC)cc3n2)CC1,0,val,42
8498,CCCC(=O)Nc1c(I)cc(I)c(CC(CC)C(=O)O)c1I,0,train,42
8499,CCCC(CCC)C(=O)OC1CC2CCC(C1)[N+]2(C)C,0,train,42
8500,CCCC(NC(C)C(=O)N1C(C(=O)O)CC2CCCCC21)C(=O)O,0,train,42
8501,CCCC(NC(C)C(=O)N1C(C(=O)O)CC2CCCCC21)C(=O)OCC,0,train,42
8502,CCCC1(CCc2ccccc2)CC(O)=C(C(CC)c2cccc(NS(=O)(=O)c3ccc(C(F)(F)F)cn3)c2)C(=O)O1,0,train,42
8503,CCCCC(=O)N(Cc1ccc(-c2ccccc2-c2nn[nH]n2)cc1)C(C(=O)O)C(C)C,0,train,42
8504,CCCCC1C(=O)N(c2ccccc2)N(c2ccc(O)cc2)C1=O,0,train,42
8505,CCCCCCCCCCCC(CC1OC(=O)C1CCCCCC)OC(=O)C(CC(C)C)NC=O,0,train,42
8506,CCCCCCCCCCCCCCCC(=O)OCC(NC(=O)C(Cl)Cl)C(O)c1ccc([N+](=O)[O-])cc1,0,train,42
8507,CCCCCCCCCCCCCCCC(=O)OCC=C(C)C=CC=C(C)C=CC1=C(C)CCCC1(C)C,0,train,42
8508,CCCCCCCCOc1ccccc1C(=O)Nc1ccc(C(=O)OCC[N+](C)(CC)CC)cc1,0,train,42
8509,CCCCCN(C)CCC(O)(P(=O)(O)O)P(=O)(O)O,0,train,42
8510,CCCCCOC(=O)Nc1nc(=O)n(C2OC(C)C(O)C2O)cc1F,0,train,42
8511,CCCCN(CCCC)CCC(O)c1cc2c(Cl)cc(Cl)cc2c2cc(C(F)(F)F)ccc12,0,train,42
8512,CCCCNc1ccc(C(=O)OCCOCCOCCOCCOCCOCCOCCOCCOCCOC)cc1,0,train,42
8513,CCCCc1ncc(C=C(Cc2cccs2)C(=O)O)n1Cc1ccc(C(=O)O)cc1,0,train,42
8514,CCCN(CCC)C(=O)C(CCC(=O)O)NC(=O)c1ccccc1,0,train,42
8515,CCCN(CCC)C(=O)C(CCC(=O)OCCCN1CCN(CCOC(=O)Cc2c(C)n(C(=O)c3ccc(Cl)cc3)c3ccc(OC)cc23)CC1)NC(=O)c1ccccc1,0,train,42
8516,CCCc1nc(C(C)(C)O)c(C(=O)O)n1Cc1ccc(-c2ccccc2-c2nn[nH]n2)cc1,0,train,42
8517,CCCc1nc(C(C)(C)O)c(C(=O)OCc2oc(=O)oc2C)n1Cc1ccc(-c2ccccc2-c2nn[nH]n2)cc1,0,val,42
8518,CCCn1c(=O)[nH]c(=O)c2[nH]cnc21,0,train,42
8519,CCN(CC)C(=O)N1CCN(C)CC1,0,train,42
8520,CCN(CC)CCCC(C)Nc1c2ccc(Cl)cc2nc2ccc(OC)cc12,0,train,42
8521,CCN(CC)CCNC(=O)c1ccc(N)cc1,0,train,42
8522,CCN(CC)CCNC(=O)c1ccc(NC(C)=O)cc1,0,train,42
8523,CCN(CC)CCNC(=O)c1ccc(NS(C)(=O)=O)cc1,0,train,42
8524,CCN(CC)CCOCCOC(=O)C1(c2ccccc2)CCCC1,0,test,42
8525,CCN(CC)Cc1cc(Nc2ccnc3cc(Cl)ccc23)ccc1O,0,train,42
8526,CCOC(=O)C(CCc1ccccc1)NC(C)C(=O)N1C(C(=O)O)CC2CCCC21,0,train,42
8527,CCOC(=O)C(CCc1ccccc1)NC(C)C(=O)N1C(C(=O)O)CC2CCCCC21,0,train,42
8528,CCOC(=O)C(CCc1ccccc1)NC(C)C(=O)N1CC2(CC1C(=O)O)SCCS2,0,val,42
8529,CCOC(=O)C(CCc1ccccc1)NC(C)C(=O)N1Cc2cc(OC)c(OC)cc2CC1C(=O)O,0,train,42
8530,CCOC(=O)C(CCc1ccccc1)NC(C)C(=O)N1Cc2ccccc2CC1C(=O)O,0,train,42
8531,CCOC(=O)C(CCc1ccccc1)NC1CCCN2CCCC(C(=O)O)N2C1=O,0,train,42
8532,CCOC(=O)C(CCc1ccccc1)NC1CCc2ccccc2N(CC(=O)O)C1=O,0,train,42
8533,CCOC(=O)C1=C(C)NC(C)=C(C(=O)OCC)C1c1ccccc1C=CC(=O)OC(C)(C)C,0,train,42
8534,CCOC(=O)C1=C(COCCN)NC(C)=C(C(=O)OC)C1c1ccccc1Cl,0,train,42
8535,CCOC(=O)C1=CC(OC(CC)CC)C(NC(C)=O)C(N)C1,0,train,42
8536,CCOC(=O)C=C(C)C=CC=C(C)C=Cc1c(C)cc(OC)c(C)c1C,0,val,42
8537,CCOC(=O)C=C1SC(N2CCCCC2)C(=O)N1C,0,train,42
8538,CCOC(=O)OC(C)OC(=O)C1N2C(=O)C(NC(=O)C(N)c3ccccc3)C2SC1(C)C,0,train,42
8539,CCOC(=O)c1c(CSc2ccccc2)n(C)c2cc(Br)c(O)c(CN(C)C)c12,0,test,42
8540,CCOc1cc(CC(=O)NC(CC(C)C)c2ccccc2N2CCCCC2)ccc1C(=O)O,0,train,42
8541,CCOc1ccc2ccccc2c1NC(=O)C1C(=O)N2C1SC(C)(C)C2C(=O)O,0,val,42
8542,CCOc1ccccc1OCCNC(C)Cc1ccc(OC)c(S(N)(=O)=O)c1,0,train,42
8543,CCOc1nc2cccc(C(=O)OC(C)OC(=O)OC3CCCCC3)c2n1Cc1ccc(-c2ccccc2-c2nn[nH]n2)cc1,0,train,42
8544,CC[C@H]1OC(=O)[C@H](C)C(=O)[C@H](C)[C@@H](O[C@@H]2O[C@H](C)C[C@H](N(C)C)[C@H]2O)[C@](C)(OC)C[C@@H](C)C(=O)[C@H](C)[C@H]2N(CCCCn3cnc(-c4cccnc4)c3)C(=O)O[C@]12C,0,train,42
8545,CC[N+](C)(CC)CCOC(=O)C(O)(c1ccccc1)C1CCCCC1,0,train,42
8546,CC[N+](CC)(CC)CCC(O)(c1ccccc1)C1CCCCC1,0,train,42
8547,CC[N+]1(CC)CCC(=C(c2ccccc2)c2ccccc2)C1C,0,train,42
8548,CCc1ccc(CCOc2ccc(CC3SC(=O)NC3=O)cc2)nc1,0,train,42
8549,CCn1cc(C(=O)O)c(=O)c2cc3c(cc21)OCO3,0,train,42
8550,CCn1cc(C(=O)O)c(=O)c2ccc(-c3ccncc3)cc21,0,train,42
8551,CCn1cc(C(=O)O)c(=O)c2cnc(N3CCNCC3)nc21,0,train,42
8552,CN(C)C=Nc1c(I)cc(I)c(CCC(=O)O)c1I,0,train,42
8553,CN(C)CCC=C1C=c2ccccc2=Cc2ccccc21,0,train,42
8554,CN(CCCCCCN(C)C(=O)Oc1ccc[n+](C)c1)C(=O)Oc1ccc[n+](C)c1,0,train,42
8555,CN(CCOc1ccc(CC2SC(=O)NC2=O)cc1)c1ccccn1,0,train,42
8556,CN1C(C(=O)Nc2ccccn2)=C(OC(=O)C(C)(C)C)c2ccccc2S1(=O)=O,0,val,42
8557,CN1CCCN=C1C=Cc1cccs1,0,train,42
8558,CN1CCCN=C1COC(=O)C(O)(c1ccccc1)C1CCCCC1,0,train,42
8559,CN=C(NC)NCc1ccccc1,0,train,42
8560,CNC(=C[N+](=O)[O-])NCCSCc1csc(CN(C)C)n1,0,train,42
8561,CNC(=O)C(NC(=O)C(CC(C)C)C(O)C(=O)NO)C(C)(C)C,0,train,42
8562,CNC(CC(C)C)C(=O)NC1C(=O)NC(CC(N)=O)C(=O)NC2C(=O)NC3C(=O)CC(C(=O)NC(C(=O)O)c4cc(O)cc(O)c4-c4cc3ccc4O)C(O)c3ccc(c(Cl)c3)Oc3cc2cc(c3OC2OC(CO)C(O)C(O)C2OC2CC(C)(N)C(O)C(C)O2)Oc2ccc(cc2Cl)C1O,0,test,42
8563,CNc1ccc(C(=O)CC(O)CCC(C)C2OC(=O)CC(O)CC(=O)CC(O)CC(O)CC(O)CC(O)CC3(O)CC(O)C(C(=O)OC)C(O3)C(OC3O[C@H](C)[C@@H](O)[C@H](N)[C@@H]3O)C/C=C/C=C/C=C/C=C\C=C/C=C/C=C/C2C)cc1,0,test,42
8564,COC(=O)C(Cc1ccccc1)NC(=O)C(N)CC(=O)O,0,train,42
8565,COC(=O)C(c1ccccc1Cl)N1CCc2sccc2C1,0,train,42
8566,COC(=O)C1=C(C)NC(C)=C(C(=O)OC(C)(C)CN(C)CCC(c2ccccc2)c2ccccc2)C1c1cccc([N+](=O)[O-])c1,0,train,42
8567,COC(=O)C1C2CC3c4[nH]c5cc(OC)ccc5c4CCN3CC2CC(OC(=O)C=Cc2cc(OC)c(OC)c(OC)c2)C1OC,0,train,42
8568,COC(=O)C1CC2=CC(=O)CCC2(C)C23OC2CC2(C)C(CCC24CCC(=O)O4)C13,0,train,42
8569,COC(=O)N[C@H](C(=O)N[C@@H](Cc1ccccc1)[C@@H](O)CN(Cc1ccc(-c2ccccn2)cc1)NC(=O)[C@@H](NC(=O)OC)C(C)(C)C)C(C)(C)C,0,train,42
8570,COC1C(OC(C)=O)CC(=O)OC(C)CC=CC=CC(O)C(C)CC(CC=O)C1OC1OC(C)C(OC2CC(C)(OC(=O)CC(C)C)C(O)C(C)O2)C(N(C)C)C1O,0,train,42
8571,COC1CC2CCC(C)C(O)(O2)C(=O)C(=O)N2CCCCC2C(=O)OC(C(C)CC2CCC(O)C(OC)C2)CC(=O)C(C)C=C(C)C(O)C(OC)C(=O)C(C)CC(C)C=CC=CC=C1C,0,train,42
8572,CON=C(C(=O)NC1C(=O)N2C(C(=O)OCOC(=O)C(C)(C)C)=C(C=Cc3scnc3C)CSC12)c1csc(N)n1,0,train,42
8573,CON=C1CN(c2nc3c(cc2F)c(=O)c(C(=O)O)cn3C2CC2)CC1CN,0,train,42
8574,CO[C@H]1/C=C/O[C@@]2(C)Oc3c(C)c(O)c4c(O)c(c5c(c4c3C2=O)=NC2(CCN(CC(C)C)CC2)N=5)NC(=O)/C(C)=C\C=C\[C@H](C)[C@H](O)[C@@H](C)[C@@H](O)[C@@H](C)[C@H](OC(C)=O)[C@@H]1C,0,train,42
8575,COc1c(C)c2c(c(O)c1CC=C(C)CCC(=O)OCCN1CCOCC1)C(=O)OC2,0,train,42
8576,COc1c(N2CC3CCCNC3C2)c(F)cc2c(=O)c(C(=O)O)cn(C3CC3)c12,0,train,42
8577,COc1c(N2CCNC(C)C2)c(F)cc2c(=O)c(C(=O)O)cn(C3CC3)c12,0,train,42
8578,COc1c2occc2cc2ccc(=O)oc12,0,train,42
8579,COc1cc(Br)c(C[N+]2(CCOCCC3CCC4CC3C4(C)C)CCOCC2)cc1OC,0,test,42
8580,COc1cc(C(=O)NS(=O)(=O)c2ccccc2C)ccc1Cc1cn(C)c2ccc(NC(=O)OC3CCCC3)cc12,0,train,42
8581,COc1cc(C)c(C=CC(C)=CC=CC(C)=CC(=O)O)c(C)c1C,0,train,42
8582,COc1ccc(C(=C(C#N)CCC(=O)O)c2ccc(OC)cc2)cc1,0,train,42
8583,COc1ccc(C(=O)Nc2ccccc2C(C)CN2CCCCC2)cc1,0,val,42
8584,COc1ccc(C(Cl)=C(c2ccc(OC)cc2)c2ccc(OC)cc2)cc1,0,train,42
8585,COc1ccc(C2C(=O)c3ccccc3C2=O)cc1,0,train,42
8586,COc1ccc(CC(C)NCC(O)c2ccc(O)c(NC=O)c2)cc1,0,train,42
8587,COc1ccc(CCNCC(O)COc2cccc(C)c2)cc1OC,0,val,42
8588,COc1ccc(OC)c(C(O)CNC(=O)CN)c1,0,train,42
8589,COc1ccc(OC)c(Cc2cnc3nc(N)nc(N)c3c2C)c1,0,train,42
8590,COc1ccc2c(c1)c(CC(=O)OCC(=O)O)c(C)n2C(=O)c1ccc(Cl)cc1,0,train,42
8591,COc1ccc2c(c1)c(CC(=O)OCC=C(C)CCC=C(C)CCC=C(C)C)c(C)n2C(=O)c1ccc(Cl)cc1,0,train,42
8592,COc1ccccc1OC(=O)CNC(=O)Cc1ccc(C(=O)c2ccc(C)cc2)n1C,0,train,42
8593,COc1ccccc1OCCNCC(O)COc1cccc2[nH]c3ccccc3c12,0,train,42
8594,COc1ccccc1Oc1c(NS(=O)(=O)c2ccc(C(C)(C)C)cc2)nc(-c2ncccn2)nc1OCCO,0,train,42
8595,COc1cnc(NS(=O)(=O)c2ccc(N)cc2)nc1,0,train,42
8596,CS(=O)(=O)Nc1ccc([N+](=O)[O-])cc1Oc1ccccc1,0,train,42
8597,CS(=O)(=O)OCC(O)C(O)COS(C)(=O)=O,0,val,42
8598,C[C@@H]1[C@H](O)[C@@H](C)/C=C/C=C/C=C/C=C/C=C/C=C/C=C/[C@H](O[C@@H]2O[C@H](C)[C@@H](O)[C@H](N)[C@@H]2O)C[C@@H]2O[C@](O)(C[C@@H](O)C[C@@H](O)[C@H](O)CC[C@@H](O)C[C@@H](O)CC(=O)O[C@H]1C)C[C@H](O)[C@H]2C(=O)O,0,train,42
8599,C[N+](C)(C)CC(O)CC(=O)O,0,train,42
8600,C[N+]1(C)C2CCC1CC(OC(=O)C(O)c1ccccc1)C2,0,test,42
8601,C[N+]1(C)CCC(=C(c2ccccc2)c2ccccc2)CC1,0,train,42
8602,C[N+]1(C)CCN(CC(O)(c2ccccc2)C2CCCCC2)CC1,0,train,42
8603,Cc1c(-c2ccc(-c3ccccc3F)cc2)nc2ccc(F)cc2c1C(=O)O,0,train,42
8604,Cc1c(-c2ccccc2)oc2c(C(=O)OCCN3CCCCC3)cccc2c1=O,0,train,42
8605,Cc1c(C(C)C)c(=O)n(-c2ccccc2)n1C,0,train,42
8606,Cc1c(Cl)cccc1Nc1ncccc1C(=O)O,0,train,42
8607,Cc1c(N(C)CS(=O)(=O)O)c(=O)n(-c2ccccc2)n1C,0,train,42
8608,Cc1c(OCC(F)(F)F)ccnc1C[S+]([O-])c1nc2ccccc2[nH]1,0,train,42
8609,Cc1cc(C(=O)NCCc2ccc(S(=O)(=O)NC(=O)NC3CCCCC3)cc2)no1,0,train,42
8610,Cc1cc(C(=O)NCCc2ccc(S(=O)(=O)NC(=O)NN3CCCCCC3)cc2)no1,0,test,42
8611,Cc1cc(C=Cc2ccc3cc(N(C)C)ccc3[n+]2C)c(C)n1-c1ccccc1,0,train,42
8612,Cc1cc(O)c2ccccc2c1O,0,train,42
8613,Cc1cc2cc3c(C)cc(=O)oc3c(C)c2o1,0,train,42
8614,Cc1cc2nc3c(=O)[nH]c(=O)nc-3n(CC(O)C(O)C(O)CO)c2cc1C,0,train,42
8615,Cc1ccc(-c2ncc(Cl)cc2-c2ccc(S(C)(=O)=O)cc2)cn1,0,test,42
8616,Cc1ccccc1N1C(=O)c2cc(S(N)(=O)=O)c(Cl)cc2NC1C,0,train,42
8617,Cc1ncc2c(c1O)COC2c1ccc(Cl)cc1,0,train,42
8618,Cc1oncc1C(=O)Nc1ccc(C(F)(F)F)cc1,0,train,42
8619,Clc1ccc(C(c2ccccc2Cl)C(Cl)Cl)cc1,0,train,42
8620,Cn1c(=O)c2c(ncn2CC(O)CO)n(C)c1=O,0,train,42
8621,Cn1c([N+](=O)[O-])cnc1C=Cc1ccnc(N)n1,0,val,42
8622,Cn1cnc([N+](=O)[O-])c1Sc1ncnc2nc[nH]c12,0,train,42
8623,FC(F)(F)C(F)(F)C(F)(F)C(F)(F)C(F)(F)C(F)(F)C(F)(F)C(F)(F)Br,0,train,42
8624,NC(=O)CCC1NC(=O)C(Cc2ccccc2)NC(=O)C(Cc2ccc(O)cc2)NC(=O)CCSSCC(C(=O)N2CCCC2C(=O)NC(CCCN=C(N)N)C(=O)NCC(N)=O)NC(=O)C(CC(N)=O)NC1=O,0,val,42
8625,NC(=O)c1ncn(C2OC(CO)C(O)C2O)c1O,0,train,42
8626,NC(CCC(=O)O)C(=O)O,0,test,42
8627,NC(CSCC(=O)O)C(=O)O,0,train,42
8628,NC(Cc1cc(I)c(Oc2cc(I)c(O)c(I)c2)c(I)c1)C(=O)O,0,train,42
8629,NC(Cc1cc(I)c(Oc2ccc(O)c(I)c2)c(I)c1)C(=O)O,0,test,42
8630,NC(N)=NC(N)=NCCc1ccccc1,0,train,42
8631,NC1C(O)OC(CO)C(O)C1O,0,test,42
8632,NCC1OC(OC2C(CO)OC(OC3C(O)C(N)CC(N)C3OC3OC(CO)C(O)C(O)C3N)C2O)C(N)C(O)C1O,0,train,42
8633,NCCC(O)(P(=O)(O)O)P(=O)(O)O,0,train,42
8634,NCCCC(O)(P(=O)(O)O)P(=O)(O)O,0,train,42
8635,NCCCCC(NC(CCc1ccccc1)C(=O)O)C(=O)N1CCCC1C(=O)O,0,test,42
8636,NCCCCCC(=O)O,0,train,42
8637,NCCNCCNCCN,0,train,42
8638,NCCS,0,train,42
8639,NC[C@@H]1O[C@H](O[C@H]2[C@@H](O)[C@H](O[C@@H]3[C@@H](O)[C@H](N)C[C@H](N)[C@H]3O[C@H]3O[C@H](CN)[C@@H](O)[C@H](O)[C@H]3N)O[C@@H]2CO)[C@H](N)[C@@H](O)[C@@H]1O,0,train,42
8640,NS(=O)(=O)c1cc(Cl)c(Cl)c(S(N)(=O)=O)c1,0,train,42
8641,NS(=O)(=O)c1cc2c(cc1C(F)(F)F)NC(Cc1ccccc1)NS2(=O)=O,0,train,42
8642,NS(=O)(=O)c1cc2c(cc1Cl)NC(C1CC3C=CC1C3)NS2(=O)=O,0,train,42
8643,NS(=O)(=O)c1cc2c(cc1Cl)NC(CSCc1ccccc1)=NS2(=O)=O,0,train,42
8644,NS(=O)(=O)c1cc2c(cc1Cl)NC(c1ccccc1)NC2=O,0,train,42
8645,Nc1c(Br)cc(Br)cc1CNC1CCC(O)CC1,0,train,42
8646,Nc1c(CC(=O)O)cccc1C(=O)c1ccc(Br)cc1,0,train,42
8647,Nc1ccc(C(=O)Oc2ccccc2)c(O)c1,0,train,42
8648,Nc1ccc(S(=O)(=O)Nc2ccccn2)cc1,0,train,42
8649,Nc1ccc(S(=O)(=O)Nc2ccnn2-c2ccccc2)cc1,0,train,42
8650,Nc1ccn(C2CSC(CO)O2)c(=O)n1,0,train,42
8651,Nc1nc(=O)n(C2CSC(CO)O2)cc1F,0,train,42
8652,Nc1ncn(C2OC(CO)C(O)C2O)c(=O)n1,0,train,42
8653,Nc1ncnc2c1ncn2CCOCP(=O)(O)O,0,train,42
8654,O=C(CCBr)N1CCN(C(=O)CCBr)CC1,0,train,42
8655,O=C(CO)C(O)C(OC1OC(CO)C(O)C(O)C1O)C(O)CO,0,test,42
8656,O=C(Cn1ccnc1[N+](=O)[O-])NCc1ccccc1,0,train,42
8657,O=C(NC(Cc1cc(=O)[nH]c2ccccc12)C(=O)O)c1ccc(Cl)cc1,0,train,42
8658,O=C(NCC1CCCCN1)c1cc(OCC(F)(F)F)ccc1OCC(F)(F)F,0,test,42
8659,O=C(Nc1ccc([N+](=O)[O-])cc1Cl)c1cc(Cl)ccc1O,0,train,42
8660,O=C(O)C(S)C(S)C(=O)O,0,train,42
8661,O=C(O)CCC(=O)c1ccc(-c2ccccc2)cc1,0,test,42
8662,O=C(O)CCCN1CCC(OC(c2ccc(Cl)cc2)c2ccccn2)CC1,0,train,42
8663,O=C(O)CCCc1ccccc1,0,train,42
8664,O=C(O)CCNC(=O)c1ccc(N=Nc2ccc(O)c(C(=O)O)c2)cc1,0,val,42
8665,O=C(O)CN(CCN(CC(=O)O)CC(=O)O)CC(=O)O,0,test,42
8666,O=C(O)COC(=O)Cc1ccccc1Nc1c(Cl)cccc1Cl,0,train,42
8667,O=C(O)COc1ccc(C(=O)c2cccs2)c(Cl)c1Cl,0,val,42
8668,O=C(O)Cc1ccc(-c2ccccc2)cc1,0,train,42
8669,O=C(O)Cc1nn(-c2ccc(F)cc2)cc1-c1ccc(Cl)cc1,0,train,42
8670,O=C(O)c1ccc(NC(=O)C(Cc2ccc(O)cc2)NC(=O)c2ccccc2)cc1,0,train,42
8671,O=C(O)c1ccccc1Nc1cccc(C(F)(F)F)c1,0,train,42
8672,O=C(O)c1cccnc1Nc1cccc(C(F)(F)F)c1,0,train,42
8673,O=C(OCC(O)CO)c1ccccc1Nc1ccnc2c(C(F)(F)F)cccc12,0,train,42
8674,O=C(OCCN1CCOCC1)c1cccnc1Nc1cccc(C(F)(F)F)c1,0,train,42
8675,O=C1C(c2[nH]c3ccc(S(=O)(=O)O)cc3c2O)=Nc2ccc(S(=O)(=O)O)cc21,0,train,42
8676,O=C1CCCC(=O)C1C(=O)c1ccc(C(F)(F)F)cc1[N+](=O)[O-],0,val,42
8677,O=C1CCc2cc(OCCCCc3nnnn3C3CCCCC3)ccc2N1,0,train,42
8678,O=C1CN(N=Cc2ccc([N+](=O)[O-])o2)C(=O)N1,0,train,42
8679,O=C1NC(=O)C2(CCOc3ccc(F)cc32)N1,0,train,42
8680,O=C1OCCN1N=Cc1ccc([N+](=O)[O-])o1,0,train,42
8681,O=CC(O)C(O)C(O)CO,0,val,42
8682,O=Cc1cc(=O)c2c(OCC(O)COc3cccc4oc(C(=O)O)cc(=O)c34)cccc2o1,0,train,42
8683,O=P(O)(O)C(Sc1ccc(Cl)cc1)P(=O)(O)O,0,train,42
8684,O=P1(N(CCCl)CCCl)NCCCO1,0,train,42
8685,O=P1(N(CCCl)CCCl)OCCCN1CCCl,0,test,42
8686,O=S(=O)(O)OCC1OC(OC2(COS(=O)(=O)O)OC(OS(=O)(=O)O)C(OS(=O)(=O)O)C2OS(=O)(=O)O)C(OS(=O)(=O)O)C(OS(=O)(=O)O)C1OS(=O)(=O)O,0,train,42
8687,O=S(O)CNc1ccc(S(=O)(=O)c2ccc(NCS(=O)O)cc2)cc1,0,train,42
8688,O=[N+]([O-])OC1COC2C(O)COC12,0,test,42
8689,O=[N+]([O-])OCC(CO[N+](=O)[O-])(CO[N+](=O)[O-])CO[N+](=O)[O-],0,train,42
8690,O=[N+]([O-])OCC(CO[N+](=O)[O-])O[N+](=O)[O-],0,train,42
8691,O=[N+]([O-])OCC(O[N+](=O)[O-])C(CO[N+](=O)[O-])O[N+](=O)[O-],0,train,42
8692,O=c1[nH]c(=O)n(C2CC(O)C(CO)O2)cc1C=CBr,0,train,42
8693,O=c1[nH]c(=O)n(C2CCCO2)cc1F,0,val,42
8694,O=c1[nH]c(=O)n(C2OC(CO)C(O)C2O)cc1C=CBr,0,train,42
8695,O=c1[nH]cc(N(CCCl)CCCl)c(=O)[nH]1,0,train,42
8696,OC(CBr)C(O)C(O)C(O)CBr,0,train,42
8697,OCC(CO)NC1CC(O)(CO)C(O)C(O)C1O,0,test,42
8698,OCC(O)C(O)C(OC1OC(CO)C(O)C(O)C1O)C(O)CO,0,train,42
8699,OCC(O)CN1CCN(c2ccccc2)CC1,0,train,42
8700,OCCN1CC(O)C(O)C(O)C1CO,0,test,42
8701,Oc1c(Cl)cc(Cl)cc1Sc1cc(Cl)cc(Cl)c1O,0,train,42
8702,Oc1c(I)cc(I)c2cccnc12,0,train,42
8703,Oc1ccc(C(O)CNCCCCCCNCC(O)c2ccc(O)c(O)c2)cc1O,0,train,42
8704,C#C[C@]1(O)CC[C@H]2[C@@H]3CCC4=CC(=O)CC[C@@H]4[C@H]3CC[C@@]21CC,0,train,42
8705,C/C(=C\C(=O)OCCCCCCCCC(=O)O)C[C@@H]1OC[C@H](C[C@@H]2O[C@H]2[C@@H](C)[C@H](C)O)[C@@H](O)[C@H]1O,0,train,42
8706,C=C1/C(=C\C=C2/CCC[C@]3(C)[C@@H]([C@H](C)CCCC(C)(C)O)CC[C@@H]23)C[C@@H](O)C[C@@H]1O,0,train,42
8707,C=C1CC[C@H](O)C/C1=C/C=C1\CCC[C@]2(C)[C@@H]([C@H](C)CCCC(C)C)CC[C@@H]12,0,train,42
8708,CC(=O)NS(=O)(=O)c1ccc(N)cc1,0,train,42
8709,CC(=O)N[C@@H](CS)C(=O)O,0,test,42
8710,CC(=O)N[C@H]1[C@H]([C@H](O)[C@H](O)CO)OC(C(=O)O)=C[C@@H]1N=C(N)N,0,train,42
8711,CC(=O)O[C@H]1C[C@@H]2CC[C@@H]3[C@H](CC[C@@]4(C)[C@H]3C[C@H](N3CC[N+](C)(C)CC3)[C@@H]4OC(C)=O)[C@@]2(C)C[C@@H]1N1CC[N+](C)(C)CC1,0,train,42
8712,CC(=O)O[C@H]1C[C@@H]2CC[C@@H]3[C@H](CC[C@@]4(C)[C@H]3C[C@H]([N+]3(C)CCCCC3)[C@@H]4OC(C)=O)[C@@]2(C)C[C@@H]1N1CCCCC1,0,train,42
8713,CC(=O)O[C@H]1C[C@@H]2CC[C@@H]3[C@H](CC[C@@]4(C)[C@H]3C[C@H]([N+]3(C)CCCCC3)[C@@H]4OC(C)=O)[C@@]2(C)C[C@@H]1[N+]1(C)CCCCC1,0,test,42
8714,CC(=O)O[C@]1(C(C)=O)CC[C@H]2[C@@H]3C=C(C)C4=CC(=O)CC[C@]4(C)[C@H]3CC[C@@]21C,0,train,42
8715,CC(=O)[C@@]1(O)CC[C@H]2[C@@H]3C[C@H](C)C4=CC(=O)CC[C@]4(C)[C@H]3CC[C@@]21C,0,val,42
8716,CC(C)(CO)[C@@H](O)C(=O)NCCCO,0,train,42
8717,CC(C)C[C@H](NC(=O)CNC(=O)[C@H](Cc1ccc(O)cc1)NC(=O)[C@H](CO)NC(=O)[C@H](Cc1c[nH]c2ccccc12)NC(=O)[C@H](Cc1cnc[nH]1)NC(=O)[C@@H]1CCC(=O)N1)C(=O)N[C@@H](CCCN=C(N)N)C(=O)N1CCC[C@H]1C(=O)NCC(N)=O,0,train,42
8718,CC(C)C[C@H](NC(=O)[C@@H](COC(C)(C)C)NC(=O)[C@H](Cc1ccc(O)cc1)NC(=O)[C@H](CO)NC(=O)[C@H](Cc1c[nH]c2ccccc12)NC(=O)[C@H](Cc1cnc[nH]1)NC(=O)[C@@H]1CCC(=O)N1)C(=O)N[C@@H](CCCN=C(N)N)C(=O)N1CCC[C@H]1C(=O)NNC(N)=O,0,train,42
8719,CC(C)Cn1cnc2c(N)nc3ccccc3c21,0,train,42
8720,CC(O)C(CO)NC(=O)C1CSSCC(NC(=O)C(N)Cc2ccccc2)C(=O)NC(Cc2ccccc2)C(=O)NC(Cc2c[nH]c3ccccc23)C(=O)NC(CCCCN)C(=O)NC(C(C)O)C(=O)N1,0,val,42
8721,CC(c1cc2ccccc2s1)N(O)C(N)=O,0,train,42
8722,CC1(C)C(C=C(Cl)Cl)C1C(=O)OCc1cccc(Oc2ccccc2)c1,0,train,42
8723,CC1CNc2c(cccc2S(=O)(=O)N[C@@H](CCCN=C(N)N)C(=O)N2CC[C@@H](C)C[C@@H]2C(=O)O)C1,0,val,42
8724,CCC(NC(C)C)C(O)c1ccc(O)c(O)c1,0,train,42
8725,CCC1=C[C@@H]2CN(C1)Cc1c([nH]c3ccccc13)[C@@](C(=O)OC)(c1cc3c(cc1OC)N(C)[C@H]1[C@@](O)(C(=O)OC)[C@H](OC(C)=O)[C@]4(CC)C=CCN5CC[C@]31[C@@H]54)C2,0,train,42
8726,CCCCCCCN(CC)CCCC(O)c1ccc(NS(C)(=O)=O)cc1,0,val,42
8727,CCCCC[C@H](O)/C=C/[C@H]1[C@H](O)CC(=O)[C@@H]1C/C=C\CCCC(=O)O,0,train,42
8728,CCCCN1CCCCC1C(=O)Nc1c(C)cccc1C,0,train,42
8729,CCCCOc1cc(C(=O)NCCN(CC)CC)c2ccccc2n1,0,train,42
8730,CCCCc1ncc(/C=C(\Cc2cccs2)C(=O)O)n1Cc1ccc(C(=O)O)cc1,0,train,42
8731,CCC[C@@H]1C[C@@H](C(=O)N[C@@H]([C@H]2O[C@H](SC)[C@H](O)[C@@H](O)[C@H]2O)[C@H](C)Cl)N(C)C1,0,train,42
8732,CCC[C@H](N[C@@H](C)C(=O)N1[C@H](C(=O)O)C[C@@H]2CCCC[C@@H]21)C(=O)OCC,0,val,42
8733,CCCc1c2oc(C(=O)O)cc(=O)c2cc2c(=O)cc(C(=O)O)n(CC)c12,0,val,42
8734,CCNC(=O)[C@@H]1CCCN1C(=O)[C@H](CCCN=C(N)N)NC(=O)[C@H](CC(C)C)NC(=O)[C@@H](CC(C)C)NC(=O)[C@H](Cc1ccc(O)cc1)NC(=O)[C@H](CO)NC(=O)[C@H](Cc1c[nH]c2ccccc12)NC(=O)[C@H](Cc1cnc[nH]1)NC(=O)[C@@H]1CCC(=O)N1,0,test,42
8735,CCN[C@H]1CN(CCCOC)S(=O)(=O)c2sc(S(N)(=O)=O)cc21,0,train,42
8736,CCN[C@H]1C[C@H](C)S(=O)(=O)c2sc(S(N)(=O)=O)cc21,0,train,42
8737,CCOC(=O)C1=C[C@@H](OC(CC)CC)[C@H](NC(C)=O)[C@@H](N)C1,0,train,42
8738,CCOC(=O)[C@H](CCc1ccccc1)N[C@@H](C)C(=O)N1Cc2cc(OC)c(OC)cc2C[C@H]1C(=O)O,0,train,42
8739,CCOC(=O)[C@H](CCc1ccccc1)N[C@@H](C)C(=O)N1Cc2ccccc2C[C@H]1C(=O)O,0,test,42
8740,CCOC(=O)[C@H](CCc1ccccc1)N[C@@H](C)C(=O)N1[C@H](C(=O)O)C[C@@H]2CCC[C@@H]21,0,val,42
8741,CCOC(=O)[C@H](CCc1ccccc1)N[C@@H](C)C(=O)N1[C@H](C(=O)O)C[C@H]2CCCC[C@@H]21,0,train,42
8742,CCOC(=O)[C@H](CCc1ccccc1)N[C@H]1CCc2ccccc2N(CC(=O)O)C1=O,0,train,42
8743,CCOC(=O)c1ccc(C#Cc2ccc3c(c2)C(C)(C)CCS3)nc1,0,train,42
8744,CCOc1cc(CC(=O)N[C@@H](CC(C)C)c2ccccc2N2CCCCC2)ccc1C(=O)O,0,train,42
8745,CCOc1ccccc1OCCN[C@H](C)Cc1ccc(OC)c(S(N)(=O)=O)c1,0,train,42
8746,CCOc1nc2cccc(C(=O)O)c2n1Cc1ccc(-c2ccccc2-c2nn[nH]n2)cc1,0,val,42
8747,CC[C@@H](CO)NC(=O)[C@@H]1C=C2c3cccc4[nH]cc(c34)C[C@H]2N(C)C1,0,train,42
8748,CC[C@H](C)[C@@H]1NC(=O)[C@H](Cc2ccc(O)cc2)NC(=O)[C@@H](N)CSSC[C@@H](C(=O)N2CCC[C@H]2C(=O)N[C@@H](CC(C)C)C(=O)NCC(N)=O)NC(=O)[C@H](CC(N)=O)NC(=O)[C@H](CCC(N)=O)NC1=O,0,val,42
8749,CC[N+](C)(C)c1cccc(O)c1,0,train,42
8750,CCc1c2c(nc3ccc(OC(=O)N4CCC(N5CCCCC5)CC4)cc13)-c1cc3c(c(=O)n1C2)COC(=O)[C@]3(O)CC,0,train,42
8751,CCc1ccc(C(C)CCc2ccc([N+](C)(C)C)cc2)cc1,0,val,42
8752,CN(C)CC/C=C1/c2ccccc2COc2ccc(CC(=O)O)cc21,0,train,42
8753,CN(C)CCOC(=O)C(c1ccccc1)C1(O)CCCC1,0,test,42
8754,CN(C/C=C/c1ccccc1)Cc1cccc2ccccc12,0,train,42
8755,CN(CCCl)CCCl,0,train,42
8756,CO/N=C(\C(=O)N[C@@H]1C(=O)N2C(C(=O)O)=C(/C=C\c3scnc3C)CS[C@H]12)c1csc(N)n1,0,train,42
8757,CO/N=C(\C(=O)N[C@@H]1C(=O)N2C(C(=O)O)=C(COC(C)=O)CS[C@H]12)c1csc(N)n1,0,train,42
8758,COC(=O)C1=C(C)NC(C)=C(C(=O)OCC(C)C)C1c1ccccc1[N+](=O)[O-],0,train,42
8759,COC(=O)[C@H](c1ccccc1Cl)N1CCc2sccc2C1,0,train,42
8760,COCC1=C(C(=O)O)N2C(=O)[C@@H](NC(=O)/C(=N\OC)c3csc(N)n3)[C@H]2SC1,0,train,42
8761,CO[C@H](C(=O)[C@@H](O)[C@@H](C)O)[C@@H]1Cc2cc3cc(O[C@H]4C[C@@H](O[C@H]5C[C@@H](O)[C@H](O)[C@@H](C)O5)[C@H](O)[C@@H](C)O4)c(C)c(O)c3c(O)c2C(=O)[C@H]1O[C@H]1C[C@@H](O[C@H]2C[C@@H](O[C@H]3C[C@](C)(O)[C@H](O)[C@@H](C)O3)[C@@H](O)[C@@H](C)O2)[C@H](O)[C@@H](C)O1,0,train,42
8762,CO[C@H]1/C=C/O[C@@]2(C)Oc3c(C)c(O)c4c(O)c(c(/C=N/N5CCN(C)CC5)c(O)c4c3C2=O)NC(=O)/C(C)=C\C=C\[C@H](C)[C@H](O)[C@@H](C)[C@@H](O)[C@@H](C)[C@H](OC(C)=O)[C@@H]1C,0,train,42
8763,CO[C@H]1/C=C/O[C@@]2(C)Oc3c(C)c(O)c4c(O)c(c(/C=N/N5CCN(C6CCCC6)CC5)c(O)c4c3C2=O)NC(=O)/C(C)=C\C=C\[C@H](C)[C@H](O)[C@@H](C)[C@@H](O)[C@@H](C)[C@H](OC(C)=O)[C@@H]1C,0,train,42
8764,CO[C@H]1C[C@@H]2CC[C@@H](C)[C@@](O)(O2)C(=O)C(=O)N2CCCC[C@H]2C(=O)O[C@H]([C@H](C)C[C@@H]2CC[C@@H](O)[C@H](OC)C2)CC(=O)[C@H](C)/C=C(\C)[C@@H](O)[C@@H](OC)C(=O)[C@H](C)C[C@H](C)/C=C/C=C/C=C/1C,0,train,42
8765,COc1c(C)c2c(c(O)c1C/C=C(\C)CCC(=O)O)C(=O)OC2,0,train,42
8766,COc1c(N2C[C@@H]3CCCN[C@@H]3C2)c(F)cc2c(=O)c(C(=O)O)cn(C3CC3)c12,0,train,42
8767,COc1cc(CNC(=O)CCCC/C=C/C(C)C)ccc1O,0,train,42
8768,C[C@@H](O)[C@H]1C(=O)N2C(C(=O)O)=C(S[C@@H]3CN[C@H](C(=O)N(C)C)C3)[C@H](C)[C@H]12,0,train,42
8769,C[C@@H](c1ncncc1F)[C@](O)(Cn1cncn1)c1ccc(F)cc1F,0,test,42
8770,C[C@H](CS)C(=O)N1CCC[C@H]1C(=O)O,0,train,42
8771,C[C@H]1[C@H](NC(=O)/C(=N\OC(C)(C)C(=O)O)c2csc(N)n2)C(=O)N1S(=O)(=O)O,0,train,42
8772,C[C@](N)(Cc1ccc(O)cc1)C(=O)O,0,train,42
8773,C[C@]1(O)CC[C@H]2[C@@H]3CCC4=CC(=O)CC[C@]4(C)[C@@]3(F)[C@@H](O)C[C@@]21C,0,val,42
8774,C[C@]12CC[C@@H]3c4ccc(OC(=O)N(CCCl)CCCl)cc4CC[C@H]3[C@@H]1CC[C@@H]2O,0,val,42
8775,C[N+](C)(C)CCOC(=O)CCC(=O)OCC[N+](C)(C)C,0,train,42
8776,Cc1cc(Br)cnc1NC(=O)C(C)(C)C,0,train,42
8777,Cc1cc(C(C)(C(=O)OCCOCCOCCO)c2cc(C)c(O)c(C(C)(C)C)c2)cc(C(C)(C)C)c1O,0,train,42
8778,Cc1cc(C2CCCCC2)n(O)c(=O)c1,0,test,42
8779,Cc1ccc(O)c([C@H](CCN(C(C)C)C(C)C)c2ccccc2)c1,0,test,42
8780,Cc1cccc(C)c1OCC(=O)N[C@@H](Cc1ccccc1)[C@@H](O)C[C@H](Cc1ccccc1)NC(=O)[C@H](C(C)C)N1CCCNC1=O,0,train,42
8781,Cc1cccc(N(C)C(=S)Oc2ccc3ccccc3c2)c1,0,train,42
8782,Cc1ncc(CO)c(CO)c1O,0,train,42
8783,Cc1ncc(C[n+]2csc(CCO)c2C)c(N)n1,0,train,42
8784,ClC1C(Cl)C(Cl)C(Cl)C(Cl)C1Cl,0,train,42
8785,ClCC1CO1.NCCNCCNCCNCCN,0,train,42
8786,Clc1ccc(CO/N=C(\Cn2ccnc2)c2ccc(Cl)cc2Cl)c(Cl)c1,0,train,42
8787,N#Cc1cc(NC(=O)C(=O)O)c(Cl)c(NC(=O)C(=O)O)c1,0,train,42
8788,N=C(N)c1ccc(OCCCCCOc2ccc(C(=N)N)cc2)cc1,0,test,42
8789,NC(=O)CC[C@@H]1NC(=O)[C@H](Cc2ccccc2)NC(=O)[C@H](Cc2ccc(O)cc2)NC(=O)CCSSC[C@@H](C(=O)N2CCC[C@H]2C(=O)N[C@H](CCCN=C(N)N)C(=O)NCC(N)=O)NC(=O)[C@H](CC(N)=O)NC1=O,0,train,42
8790,NC(=O)CC[C@@H]1NC(=O)[C@H](Cc2ccccc2)NC(=O)[C@H](Cc2ccc(O)cc2)NC(=O)[C@@H](N)CSSC[C@@H](C(=O)N2CCC[C@H]2C(=O)N[C@@H](CCCN=C(N)N)C(=O)NCC(N)=O)NC(=O)[C@H](CC(N)=O)NC1=O,0,test,42
8791,NCCCC[C@H](N[C@@H](CCc1ccccc1)C(=O)O)C(=O)N1CCC[C@H]1C(=O)O,0,train,42
8792,N[C@@H](Cc1cc(I)c(Oc2cc(I)c(O)c(I)c2)c(I)c1)C(=O)O,0,train,42
8793,N[C@@H](Cc1cc(I)c(Oc2ccc(O)c(I)c2)c(I)c1)C(=O)O,0,train,42
8794,Nc1cc(Br)c([N+](=O)[O-])c(C(=O)O)c1,0,train,42
8795,Nc1ccn(C[C@@H](CO)OCP(=O)(O)O)c(=O)n1,0,train,42
8796,Nc1ccn([C@@H]2CS[C@H](CO)O2)c(=O)n1,0,train,42
8797,Nc1ccn([C@@H]2O[C@H](CO)[C@@H](O)C2(F)F)c(=O)n1,0,train,42
8798,O=C1CN(/N=C/c2ccc(-c3ccc([N+](=O)[O-])cc3)o2)C(=O)N1,0,train,42
8799,O=C1c2c(O)cccc2Cc2cccc(O)c21,0,train,42
8800,O=P1(NCCCl)OCCCN1CCCl,0,train,42
8801,O=[N+]([O-])O[C@@H]1CO[C@H]2[C@@H]1OC[C@@H]2O,0,train,42
8802,O=[N+]([O-])O[C@H]1CO[C@H]2[C@@H]1OC[C@H]2O[N+](=O)[O-],0,val,42
8803,OCc1cc(C(O)CNCCCCCCOCCCCc2ccccc2)ccc1O,0,val,42
8804,Oc1ccc(C2CNCCc3c2cc(O)c(O)c3Cl)cc1,0,val,42
8805,S=c1[nH]c(-c2ccc(Br)cc2)cs1,0,train,42
8806,c1ccc2c(CC3=NCCN3)cccc2c1,0,train,42
8807,C#CC1(O)C=CC2C3CCC4=CC(=O)CCC4C3CCC21CC,0,train,42
8808,C#CC1(O)CCC2C3CCC4=C/C(=N\O)CCC4C3CCC21CC,0,train,42
8809,C#CC1(O)CCC2C3CCC4=CC(=O)CCC4=C3C=CC21CC,0,test,42
8810,C#CC1(O)CCC2C3CCC4=CC(=O)CCC4C3C(=C)CC21CC,0,test,42
8811,C#CC1(O)CCC2C3CCC4=CCCCC4C3C(=C)CC21CC,0,test,42
8812,C#CC1(O)CCC2C3CCc4cc(OC)ccc4C3CCC21C,0,val,42
8813,C#CC1(OC(C)=O)CCC2C3CCC4=C/C(=N\O)CCC4C3CCC21CC,0,train,42
8814,C#CCC(Cc1cnc2nc(N)nc(N)c2n1)c1ccc(C(=O)NC(CCC(=O)O)C(=O)O)cc1,0,train,42
8815,C(=N\NC1=NCCN1)\c1c2ccccc2c(/C=N\NC2=NCCN2)c2ccccc12,0,train,42
8816,C/C(=C\C(=O)OCCCCCCCCC(=O)O)CC1OCC(CC2OC2C(C)C(C)O)C(O)C1O,0,train,42
8817,C/C(=C\c1csc(C)n1)C1CC2OC2(C)CCCC(C)C(O)C(C)C(=O)C(C)(C)C(O)CC(=O)N1,0,train,42
8818,C/C=C(C(=C/C)\c1ccc(O)cc1)/c1ccc(O)cc1,0,train,42
8819,C/C=C(\C)C(=O)OC1C(C)=CC23C(=O)C(C=C(CO)C(O)C12O)C1C(CC3C)C1(C)C,0,train,42
8820,C/C=C/C(=O)N(CC)c1ccccc1C,0,val,42
8821,C/C=C/C/C=C/CCC(=O)C1OC1C(N)=O,0,train,42
8822,C/C=C/C1=C(C(=O)O)N2C(=O)C(NC(=O)C(N)c3ccc(O)cc3)C2SC1,0,train,42
8823,C/C=C1/CN(C)C2Cc3c([nH]c4ccccc34)C(c3cc4[nH]c5c(c4cc3OC)CCN3CC4CC(CC)C3C5(C(=O)OC)C4)CC1C2C(=O)OC,0,train,42
8824,C1CCC(C(CC2CCCCN2)C2CCCCC2)CC1,0,val,42
8825,C=C1/C(=C/C=C2\CCCC3(C)C2CCC3C(C)/C=C/C(C)C(C)C)CC(O)CC1O,0,test,42
8826,C=C1/C(=C/C=C2\CCCC3(C)C2CCC3C(C)/C=C/C(O)C2CC2)CC(O)CC1O,0,train,42
8827,C=C1/C(=C/C=C2\CCCC3(C)C2CCC3C(C)CCCC(C)(C)O)CC(O)C(OCCCO)C1O,0,train,42
8828,C=C1/C(=C/C=C2\CCCC3(C)C2CCC3C(C)CCCC(C)(C)O)CC(O)CC1O,0,train,42
8829,C=C1/C(=C/C=C2\CCCC3(C)C2CCC3C(C)CCCC(C)C)CC(O)CC1O,0,train,42
8830,C=C1C(=O)OC2C1CCC1(C)OC13CC=C(C)C23,0,train,42
8831,C=C1C(CO)C(O)CC1n1cnc2c(=O)[nH]c(N)nc21,0,train,42
8832,C=C1CC2C(CCC3(C)C(=O)CCC23)C2(C)C=CC(=O)C=C12,0,train,42
8833,C=C1CCC(O)C/C1=C\C=C1/CCCC2(C)C1CCC2C(C)/C=C/C(C)C(C)C,0,train,42
8834,C=C1CCC(O)C/C1=C\C=C1/CCCC2(C)C1CCC2C(C)CCCC(C)(C)O,0,train,42
8835,C=C1CCC(O)C/C1=C\C=C1/CCCC2(C)C1CCC2C(C)CCCC(C)C,0,val,42
8836,C=C1C[C@@H]2CC[C@@]34C[C@H]5O[C@H]6[C@@H](O3)[C@H]3OC(CC[C@@H]3O[C@H]6[C@H]5O4)CC(=O)C[C@@H]3[C@@H](OC)[C@@H](C[C@H](O)CN)O[C@H]3C[C@H]3O[C@@H](CC[C@@H]1O2)C[C@@H](C)C3=C,0,train,42
8837,C=CC1(C)CC(OC(=O)CSC2CC3CCC(C2)N3C)C2(C)C(C)CCC3(CCC(=O)C32)C(C)C1O,0,train,42
8838,C=CC1=C(C(=O)O)N2C(=O)C(NC(=O)/C(=N/O)c3csc(N)n3)C2SC1,0,train,42
8839,C=CC1=C(C(=O)O)N2C(=O)C(NC(=O)/C(=N/OCC(=O)O)c3csc(N)n3)C2SC1,0,val,42
8840,C=CCC1(O)CCC2C3CCC4=CCCCC4C3CCC21C,0,train,42
8841,C=CC[N+]1(C2CC3C4CCC5CC(O)C(N6CCOCC6)CC5(C)C4CCC3(C)C2OC(C)=O)CCCC1,0,test,42
8842,C=Cc1c2[nH]c(c1C)C=C1N=C(C=c3[nH]c(c(CCC(=O)O)c3C)=Cc3[nH]c(c(C)c3CCC(=O)OC)C2)C2(C)C1=CC=C(C(=O)OC)C2C(=O)OC,0,train,42
8843,CC#CC(=O)N1CCC[C@H]1c1nc(-c2ccc(C(=O)Nc3ccccn3)cc2)c2c(N)nccn12,0,train,42
8844,CC#CCC(C)C(O)/C=C/C1C(O)CC2C/C(=C/CCCC(=O)OCC(=O)c3ccccc3)CC21,0,test,42
8845,CC#CCn1c(N2CCCC(N)C2)nc2c1c(=O)n(Cc1nc(C)c3ccccc3n1)c(=O)n2C,0,train,42
8846,CC(/C=C/C(C)C(C)(C)O)C1CCC2/C(=C/C=C3CC(O)CC(O)C3)CCCC21C,0,test,42
8847,CC(/C=C1\SC(=S)N(CC(=O)O)C1=O)=C\c1ccccc1,0,train,42
8848,CC(=O)N(O)CCCCCNC(=O)CCC(=O)N(O)CCCCCNC(=O)CCC(=O)N(O)CCCCCN,0,train,42
8849,CC(=O)NC(C=O)C(O)C(O)C(O)CO,0,train,42
8850,CC(=O)NC1C(N=C(N)N)C=C(C(=O)O)OC1C(O)C(O)CO,0,train,42
8851,CC(=O)Nc1c(I)c(C(=O)NC2C(O)OC(CO)C(O)C2O)c(I)c(N(C)C(C)=O)c1I,0,test,42
8852,CC(=O)Nc1cc(C(=O)O)c(I)c(NC(C)=O)c1I,0,train,42
8853,CC(=O)OC(C)C[N+](C)(C)C,0,train,42
8854,CC(=O)OC1(C(C)=O)CCC2C3C=C(Cl)C4=CC(=O)C5CC5C4(C)C3CCC21C,0,test,42
8855,CC(=O)OC1(C(C)=O)CCC2C3C=CC4=CC(=O)CCC4(C)C3CCC21C,0,train,42
8856,CC(=O)OC1(C(C)=O)CCC2C3CC(C)C4=CC(=O)CCC4(C)C3CCC21C,0,train,42
8857,CC(=O)OC1CC2(C)C(CC(O)C3C4(C)CCC(O)C(C)C4CCC32C)/C1=C(/CCC=C(C)C)C(=O)O,0,train,42
8858,CC(=O)OC1CC2CCC3C(CCC4(C)C3CC(N3CC[N+](C)(C)CC3)C4OC(C)=O)C2(C)CC1N1CC[N+](C)(C)CC1,0,train,42
8859,CC(=O)OC1CC2CCC3C(CCC4(C)C3CC([N+]3(C)CCCCC3)C4OC(C)=O)C2(C)CC1N1CCCCC1,0,train,42
8860,CC(=O)OCC(=O)NCCCOc1cccc(CN2CCCCC2)c1,0,train,42
8861,CC(=O)Oc1cc2c(s1)CCN(C(C(=O)C1CC1)c1ccccc1F)C2,0,train,42
8862,CC(C)(C)NC(=O)NC(C(=O)N1CC2C(C1C(=O)NC(CC1CCC1)C(=O)C(N)=O)C2(C)C)C(C)(C)C,0,train,42
8863,CC(C)(C)S(=O)(=O)CC(Cc1ccccc1)C(=O)NC(Cc1cnc[nH]1)C(=O)NC(CC1CCCCC1)C(O)C(O)C1CC1,0,train,42
8864,CC(C)(C)c1cc(C(C)(C)C)c(NC(=O)c2c[nH]c3ccccc3c2=O)cc1O,0,test,42
8865,CC(C)(O/N=C(/C(=O)NC1C(=O)N2C(C(=O)O)=C(C[n+]3ccccc3)CSC12)c1csc(N)n1)C(=O)O,0,train,42
8866,CC(C)C(=O)c1c(C(C)C)nn2ccccc12,0,train,42
8867,CC(C)CC(NC(=O)C(CCc1ccccc1)NC(=O)CN1CCOCC1)C(=O)NC(Cc1ccccc1)C(=O)NC(CC(C)C)C(=O)C1(C)CO1,0,train,42
8868,CC(C)CN(CC(O)C(Cc1ccccc1)NC(=O)OC1COC2OCCC12)S(=O)(=O)c1ccc(N)cc1,0,train,42
8869,CC(C)COC(=O)OCN1C(=O)CN(CCN2CC(=O)N(COC(=O)OCC(C)C)C(=O)C2)CC1=O,0,train,42
8870,CC(C)N(CCCCOCC(=O)NS(C)(=O)=O)c1cnc(-c2ccccc2)c(-c2ccccc2)n1,0,train,42
8871,CC(C)OC(=O)C(C)NP(=O)(OCC1OC(n2ccc(=O)[nH]c2=O)C(C)(F)C1O)Oc1ccccc1,0,test,42
8872,CC(C)OC(=O)CCC/C=C/CC1C(O)CC(O)C1/C=C/C(F)(F)COc1ccccc1,0,train,42
8873,CC(C)OC(=O)CCC/C=C/CC1C(O)CC(O)C1/C=C/C(O)COc1cccc(C(F)(F)F)c1,0,test,42
8874,CC(C)OP(=O)(F)OC(C)C,0,train,42
8875,CC(C)c1c(C(=O)Nc2ccccc2)c(-c2ccccc2)c(-c2ccc(F)cc2)n1CCC(O)CC(O)CC(=O)O,0,test,42
8876,CC(C)c1cn(C2CC(O)C(CO)O2)c(=O)[nH]c1=O,0,train,42
8877,CC(C)c1nc(CN(C)C(=O)NC(CCN2CCOCC2)C(=O)NC(CCC(Cc2ccccc2)NC(=O)OCc2cncs2)Cc2ccccc2)cs1,0,train,42
8878,CC(C)c1nc(N(C)S(C)(=O)=O)nc(-c2ccc(F)cc2)c1/C=C/C(O)CC(O)CC(=O)O,0,train,42
8879,CC(C)n1c(/C=C/C(O)CC(O)CC(=O)O)c(-c2ccc(F)cc2)c2ccccc21,0,train,42
8880,CC(CCC(=O)NCCS(=O)(=O)O)C1CCC2C3C(O)CC4CC(O)CCC4(C)C3CCC12C,0,train,42
8881,CC(Cc1cc2c(c(C(N)=O)c1)N(CCCO)CC2)NCCOc1ccccc1OCC(F)(F)F,0,train,42
8882,CC(O)C1C(=O)N2C(C(=O)OCOC(=O)C(C)(C)C)=C(SC3CN(C4=NCCS4)C3)C(C)C12,0,train,42
8883,CC(Oc1cc(-c2cnn(C3CCNCC3)c2)cnc1N)c1c(Cl)ccc(F)c1Cl,0,train,42
8884,CC(SC(=O)c1cccs1)C(=O)NCC(=O)O,0,train,42
8885,CC/C=C/C/C=C/C/C=C/C/C=C/C/C=C/CCCC(=O)OCC,0,train,42
8886,CC1(C)C(C(=O)O)N2C(=O)CC2S1(=O)=O,0,train,42
8887,CC1(C)CC1C(=O)N/C(=C/CCCCSCC(N)C(=O)O)C(=O)O,0,train,42
8888,CC1(C)CCC(C)(C)c2cc(NC(=O)c3ccc(C(=O)O)cc3)ccc21,0,train,42
8889,CC1(C)N=C(N)N=C(N)N1c1ccc(Cl)cc1,0,test,42
8890,CC1(C)SC2C(NC(=O)C(NC(=O)N3CCNC3=O)c3ccccc3)C(=O)N2C1C(=O)O,0,train,42
8891,CC12CCC3=C4CCC(=O)C=C4CCC3C1CCC2(O)CC#N,0,train,42
8892,CC12CCC3C(CCC45OC4C(=O)C(C#N)CC35C)C1CCC2O,0,train,42
8893,CC12CCC3C4C=CC(=O)NC4CCC3C1CCC2C(=O)Nc1cc(C(F)(F)F)ccc1C(F)(F)F,0,train,42
8894,CC12CCC3C4CCC(=O)C=C4CCC3C1CCC2OC(=O)CCc1ccccc1,0,test,42
8895,CC12CCC3c4ccc(O)cc4CC(CCCCCCCCC[S+]([O-])CCCC(F)(F)C(F)(F)F)C3C1CCC2O,0,train,42
8896,CC12CCC3c4ccc(O)cc4CCC3C1CC(O)C2O,0,train,42
8897,CC1=CC(=O)c2ccccc2C1=O,0,train,42
8898,CC1=CC(O)CC(C)(C)C1/C=C/C(C)=C/C=C/C(C)=C/C=C/C=C(C)/C=C/C=C(C)/C=C/C1=C(C)CC(O)CC1(C)C,0,train,42
8899,CC1C/C=C\C=C\C=C/C=C\C(OC2OC(C)C(O)C(N)C2O)CC2OC(O)(CC(O)CC3OC3/C=C\C(=O)O1)CC(O)C2C(=O)O,0,train,42
8900,CC1CC(=O)NN=C1c1ccc(NN=C(C#N)C#N)cc1,0,train,42
8901,CC1CC(O)CC(OC2C(O)CC(OC3C(O)CC(OC4CCC5(C)C(CCC6C5CC(O)C5(C)C(C7=CC(=O)OC7)CCC65O)C4)OC3C)OC2C)O1,0,train,42
8902,CC1CC(OC(=O)C(OC(=O)c2cccnc2)c2ccccc2)CC(C)(C)C1,0,test,42
8903,CC1CC2(C)C(CCC3C4CCC(O)C4(C)CCC32)CC1=O,0,train,42
8904,CC1CCC(C(C)C)C(O)C1,0,train,42
8905,CC1CCC(O)C/C1=C\C=C1/CCCC2(C)C1CCC2C(C)/C=C/C(C)C(C)C,0,train,42
8906,CC1CCc2c(N3CCC(O)CC3)c(F)cc3c(=O)c(C(=O)O)cn1c23,0,test,42
8907,CC1CNc2c(cccc2S(=O)(=O)NC(CCCN=C(N)N)C(=O)N2CCC(C)CC2C(=O)O)C1,0,train,42
8908,CC1OC(OC2C(CO)OC(OC3C(CO)OC(O)C(O)C3O)C(O)C2O)C(O)C(O)C1NC1C=C(CO)C(O)C(O)C1O,0,train,42
8909,CC1OC(OC2CC(O)C3(CO)C4C(O)CC5(C)C(C6=CC(=O)OC6)CCC5(O)C4CCC3(O)C2)C(O)C(O)C1O,0,train,42
8910,CC1OC2(CS1)CN1CCC2CC1,0,train,42
8911,CCC(C(C)O)n1ncn(-c2ccc(N3CCN(c4ccc(OCC5COC(Cn6cncn6)(c6ccc(F)cc6F)C5)cc4)CC3)cc2)c1=O,0,train,42
8912,CCC(C)(Oc1ccc(C2(c3ccc(OC(C)(CC)C(=O)O)cc3)CCCCC2)cc1)C(=O)O,0,test,42
8913,CCC(CC)(CC(=O)Nc1cccc(/C=C/c2nc(C3CCC3)cs2)c1)C(=O)O,0,train,42
8914,CCC(NC(C)C)C(O)c1ccc(O)c2[nH]c(=O)ccc12,0,train,42
8915,CCC12C=CCN3CCC4(c5cc(C6(C(=O)OC)CC7C=C(C)CN(C7)c7c6[nH]c6ccccc76)c(OC)cc5N(C)C4C(O)(C(=O)OC)C1OC(C)=O)C32,0,train,42
8916,CCC1C(=O)OCC1Cc1cncn1C,0,train,42
8917,CCC1C2CC3C4N(C)c5ccccc5C45CC(C2C5O)N3C1O,0,train,42
8918,CCC1CCCC(OC2CCC(N(C)C)C(C)O2)C(C)C(=O)C2=CC3C(C=C(C)C4CC(OC5OC(C)C(OC)C(OC)C5OC)CC43)C2CC(=O)O1,0,train,42
8919,CCCC(=O)OCOC(=O)C1=C(C)NC(C)=C(C(=O)OC)C1c1cccc(Cl)c1Cl,0,train,42
8920,CCCC(NC(=O)C1C2CCCC2CN1C(=O)C(NC(=O)C(NC(=O)c1cnccn1)C1CCCCC1)C(C)(C)C)C(=O)C(=O)NC1CC1,0,train,42
8921,CCCC1C(=O)N(c2ccccc2)N(c2ccccc2)C1=O,0,train,42
8922,CCCCC(=O)OCC(=O)C1(O)Cc2c(O)c3c(c(O)c2C(OC2CC(NC(=O)C(F)(F)F)C(O)C(C)O2)C1)C(=O)c1c(OC)cccc1C3=O,0,train,42
8923,CCCCC(CC)COC(=O)C(C#N)=C(c1ccccc1)c1ccccc1,0,train,42
8924,CCCCC(F)(F)C1(O)CCC2C(CC(=O)C2CCCCCCC(=O)O)O1,0,train,42
8925,CCCCCC(O)CCC1C(O)CC2Cc3c(cccc3OCC(=O)O)CC21,0,train,42
8926,CCCCCCCC(=O)OC(O)C(O)CO,0,train,42
8927,CCCCCCCC(=O)OCC(O)C(OC)C1OC(C(=O)O)=CC(N=C(N)N)C1NC(C)=O,0,val,42
8928,CCCCCCCC/C=C/CCCCCCC(N)(C=O)CO,0,test,42
8929,CCCCCCCCCC(=O)OC1CCC2C3CCC4=CC(=O)CCC4C3CCC12C,0,train,42
8930,CCCCCCCCCCCCCCCC(=O)O[C@@H]1[C@@H](O)[C@@H](O)[C@@H]([C@H](NC(=O)[C@@H]2C[C@@H](CCC)CN2C)[C@H](C)Cl)O[C@@H]1SC,0,train,42
8931,CCCCCCCCCCCCCCCCCCCCCCO,0,test,42
8932,CCCCCCCCCCCCCCCCO,0,train,42
8933,CCCCCCCCCCCCCCCC[N+](C)(C)CCN(Cc1ccc(OC)cc1)c1ncccn1,0,train,42
8934,CCCCCCCCCCCCCCOS(=O)(=O)O,0,train,42
8935,CCCCCCOC(=O)NC(=N)c1ccc(NCc2nc3cc(C(=O)N(CCC(=O)OCC)c4ccccn4)ccc3n2C)cc1,0,train,42
8936,CCCCCN(C)CCC(O)([P+](=O)O)P(=O)(O)O,0,train,42
8937,CCCCCN=C(N)N/N=C\c1c[nH]c2ccc(OC)cc12,0,val,42
8938,CCCCCON=O,0,train,42
8939,CCCCCOc1ccccc1/C(=C\SC)n1ccnc1,0,train,42
8940,CCCCOc1cc(C(=O)OCCN(CC)CC)ccc1N,0,train,42
8941,CCCCS(=O)(=O)NC(Cc1ccc(OCCCCC2CCNCC2)cc1)C(=O)O,0,val,42
8942,CCCC[C@H](NC(C)=O)C(=O)N[C@H]1CC(=O)NCCCC[C@@H](C(=O)O)NC(=O)[C@H](CC2=CNC3C=CC=CC23)NC(=O)[C@H](CCCN=C(N)N)NC(=O)[C@@H](Cc2ccccc2)NC(=O)[C@H](Cc2c[nH]cn2)NC1=O,0,train,42
8943,CCCCc1nc(C)c(CC(=S)N(C)C)c(=O)n1Cc1ccc(-c2ccccc2-c2nn[nH]n2)cc1,0,train,42
8944,CCCCc1nc(CCCC)n(Cc2ccc(-c3ccccc3-c3nn[nH]n3)nc2)n1,0,train,42
8945,CCCCc1ncc(/C=C(/Cc2cccs2)C(=O)O)n1Cc1ccc(C(=O)O)cc1,0,train,42
8946,CCCCc1oc2ccc(NS(C)(=O)=O)cc2c1C(=O)c1ccc(OCCCN(CCCC)CCCC)cc1,0,train,42
8947,CCCOC(=O)Cn1cc(I)c(=O)c(I)c1,0,train,42
8948,CCCOc1ccc(S(=O)(=O)NCCC2CCCN2C)cc1-c1nc2c(CCC)nn(C)c2c(=O)[nH]1,0,train,42
8949,CCCS(=O)(=O)Nc1ccc(F)c(C(=O)c2c[nH]c3ncc(-c4ccc(Cl)cc4)cc23)c1F,0,train,42
8950,CCCSc1nc(NC2CC2c2ccc(F)c(F)c2)c2nnn(C3CC(OCCO)C(O)C3O)c2n1,0,test,42
8951,CCN(CC)CCNc1ccc(C)c2sc3ccccc3c(=O)c12,0,train,42
8952,CCN(CC)CCOc1ccc(/C(=C(/Cl)c2ccccc2)c2ccccc2)cc1,0,train,42
8953,CCN(CC)CCS(=O)(=O)C1CCN2C(=O)c3coc(n3)CC(=O)CC(O)/C=C(C)\C=C/CNC(=O)/C=C\C(C)C(C(C)C)OC(=O)C12,0,train,42
8954,CCN(CC)c1ccc(C(=C2C=CC(=[N+](CC)CC)C=C2)c2cc(S(=O)(=O)O)ccc2S(=O)(=O)O)cc1,0,train,42
8955,CCN(CCO)CCCC(C)Nc1ccnc2cc(Cl)ccc12,0,train,42
8956,CCN(Cc1ccncc1)C(=O)C(CO)c1ccccc1,0,test,42
8957,CCNC1CC(C)S(=O)(=O)c2sc(S(N)(=O)=O)cc21,0,train,42
8958,CCNC1CC(N)C(OC2OC(CN)=CCC2N)C(O)C1OC1OCC(O)C(NC)C1(C)O,0,train,42
8959,CCNC1CN(CCCOC)S(=O)(=O)c2sc(S(N)(=O)=O)cc21,0,train,42
8960,CCOC(=O)/C=C(C)/C=C/C=C(C)/C=C/c1c(C)cc(OC)c(C)c1C,0,train,42
8961,CCOC(=O)/C=C1\SC(N2CCCCC2)C(=O)N1C,0,val,42
8962,CCOC(=O)C(CCc1ccccc1)NC(C)C(=O)N(CC(=O)O)C1Cc2ccccc2C1,0,train,42
8963,CCOC(=O)C(CCc1ccccc1)NC(C)C(=O)N1C(=O)N(C)CC1C(=O)O,0,train,42
8964,CCOC(=O)C(CCc1ccccc1)NC1CSC(c2cccs2)CN(CC(=O)O)C1=O,0,val,42
8965,CCOC(=O)CC(SP(=S)(OC)OC)C(=O)OCC,0,train,42
8966,CCOC(=O)CCCCCCCCC(C)c1ccccc1I,0,train,42
8967,CCOC(=O)CNC(C(=O)N1CCC1C(=O)NCc1ccc(/C(N)=N\O)cc1)C1CCCCC1,0,train,42
8968,CCOC(=O)NNc1ccc(N(CC)CC(C)O)nn1,0,train,42
8969,CCOC(=O)Oc1ccc(CCNC(=O)C(CCSC)NC(C)=O)cc1OC(=O)OCC,0,train,42
8970,CCOCC(O)COc1ccc(NC(=O)CC[S+](C)C)cc1,0,train,42
8971,CCOCCn1c(C2CCN(CCc3ccc(C(C)(C)C(=O)O)cc3)CC2)nc2ccccc21,0,train,42
8972,CCOP(=O)(OCC)SCC[N+](C)(C)C,0,train,42
8973,CCOc1ccc(CC2=NCCc3cc(OCC)c(OCC)cc32)cc1OCC,0,val,42
8974,CCOc1ccc(Cc2cc(C3OC(CO)C(O)C(O)C3O)ccc2Cl)cc1,0,train,42
8975,CCOc1ccc(Cc2cc([C@]34OC[C@](CO)(O3)[C@@H](O)[C@H](O)[C@H]4O)ccc2Cl)cc1,0,train,42
8976,CC[N+](CC)(CC)CCOc1cccc(OCC[N+](CC)(CC)CC)c1OCC[N+](CC)(CC)CC,0,train,42
8977,CCc1cc2c(cc1CC)CC(NCC(O)c1ccc(O)c3[nH]c(=O)ccc13)C2,0,train,42
8978,CCc1nc(C2CC2)c(C(N)=O)n1Cc1ccc2oc(-c3ccccc3NS(=O)(=O)C(F)(F)F)c(Br)c2c1,0,train,42
8979,CN(C)C(=O)Oc1cc(OC(=O)N(C)C)cc(C(O)CNC(C)(C)C)c1,0,test,42
8980,CN(C)C1C=C(C(=O)NCO)C(=O)C2(O)C(O)=C3C(=O)c4c(O)ccc(Cl)c4C(C)(O)C3CC12,0,train,42
8981,CN(C)c1cc(CNCC(C)(C)C)c(O)c2c1C[C@H]1C[C@H]3[C@H](N(C)C)C(=O)C(C(N)=O)=C(O)[C@@]3(O)C(=O)C1=C2O,0,train,42
8982,CN(C)c1cc(NC(=O)CNC(C)(C)C)c(O)c2c1CC1CC3C(N(C)C)C(=O)C(C(N)=O)=C(O)C3(O)C(=O)C1=C2O,0,test,42
8983,CN(C)c1ccc(C(=C2C=CC(=[N+](C)C)C=C2)c2ccc(N(C)C)cc2)cc1,0,train,42
8984,CN(CC(=O)N1CCOCC1)Cc1c(Cl)cccc1NC(=O)c1ccccc1,0,train,42
8985,CN(N=O)C(=O)NC1COC(CO)C(O)C1O,0,train,42
8986,CN(c1nccc(=O)[nH]1)C1CCN(c2nc3ccccc3n2Cc2ccc(F)cc2)CC1,0,train,42
8987,CN1CCC2(C)c3cc(OC(N)=O)ccc3N(C)C12,0,test,42
8988,CN1CCc2nc(C(=O)NC3CC(C(=O)N(C)C)CCC3NC(=O)C(=O)Nc3ccc(Cl)cn3)sc2C1,0,train,42
8989,CN=C(N)NC(=O)Nc1c(C)cccc1C,0,train,42
8990,CNC(=O)CN(CCN(CCN(CC(=O)O)CC(=O)NC)CC(=O)O)CC(=O)O,0,test,42
8991,CNC(=O)c1cc(Oc2ccc(NC(=O)Nc3ccc(Cl)c(C(F)(F)F)c3)c(F)c2)ccn1,0,val,42
8992,CNC(=O)c1ccccc1Sc1ccc2c(/C=C/c3ccccn3)n[nH]c2c1,0,train,42
8993,CNC(=O)c1cnn(-c2nc(N)c3ncn(C4OC(CO)C(O)C4O)c3n2)c1,0,train,42
8994,CNC1(C)C2CCC(C2)C1(C)C,0,train,42
8995,CNC1C(O)C(NC)C2OC3(O)C(=O)CC(C)OC3OC2C1O,0,train,42
8996,CO/N=C(/C(=O)NC1C(=O)N2C(C(=O)O)=C(/C=C/c3scnc3C)CSC12)c1csc(N)n1,0,train,42
8997,CO/N=C(/C(=O)NC1C(=O)N2C(C(=O)O)=C(COC(C)=O)CSC12)c1csc(N)n1,0,train,42
8998,CO/N=C(/C(=O)NC1C(=O)N2C(C(=O)O)=C(COC(N)=O)CSC12)c1ccco1,0,train,42
8999,CO/N=C(/C(=O)NC1C(=O)N2C(C(=O)O)=C(CSc3nnnn3C)CSC12)c1csc(N)n1,0,train,42
9000,CO/N=C(/C(=O)NC1C(=O)N2C(C(=O)O)=CCSC12)c1csc(N)n1,0,train,42
9001,CO/N=C(/C(=O)NC1C(=O)N2C(C(=O)OC(C)OC(C)=O)=C(COC(N)=O)CSC12)c1ccco1,0,train,42
9002,CO/N=C(/C(=O)NC1C(=O)N2C(C(=O)OCOC(=O)C(C)(C)C)=C(/C=C/c3scnc3C)CSC12)c1csc(N)n1,0,train,42
9003,CO/N=C(/C(=O)N[C@@H]1C(=O)N2C(C(=O)OCOC(=O)C(C)(C)C)=C(C)CS[C@H]12)c1csc(N)n1,0,train,42
9004,CO/N=C(\C(=O)NC1C(=O)N2C(C(=O)O)=C(CSc3[nH]c(=O)c(=O)[nH][n+]3C)CSC12)c1csc(N)n1,0,train,42
9005,CO/N=C1/CN(c2nc3c(cc2F)c(=O)c(C(=O)O)cn3C2CC2)CC1CN,0,train,42
9006,COC(=O)C1C2CC3c4[nH]c5cc(OC)ccc5c4CCN3CC2CC(OC(=O)/C=C/c2cc(OC)c(OC)c(OC)c2)C1OC,0,train,42
9007,COC(=O)CCC(=O)CN,0,train,42
9008,COC(=O)NC(C(=O)NC(Cc1ccccc1)C(O)CN(Cc1ccc(-c2ccccn2)cc1)NC(=O)C(NC(=O)OC)C(C)(C)C)C(C)(C)C,0,train,42
9009,COC(=O)N[C@H](C(=O)N1CCC[C@H]1c1nc2cc(F)c([C@H]3CC[C@H](c4cc5[nH]c([C@@H]6CCCN6C(=O)[C@@H](NC(=O)OC)[C@@H](C)OC)nc5cc4F)N3c3cc(F)c(N4CCC(c5ccc(F)cc5)CC4)c(F)c3)cc2[nH]1)[C@@H](C)OC,0,test,42
9010,COC(=O)c1ccc2c(C(=Nc3ccc(N(C)C(=O)CN4CCN(C)CC4)cc3)c3ccccc3)c(O)[nH]c2c1,0,val,42
9011,COC1/C=C\OC2(C)Oc3c(C)c(O)c4c(O)c(c5c(nc6cc(C)ccn65)c4c3C2=O)NC(=O)/C(C)=C\C=C/C(C)C(O)C(C)C(O)C(C)C(OC(C)=O)C1C,0,train,42
9012,COC1=CC(=O)CC(C)C12Oc1c(Cl)c(OC)cc(OC)c1C2=O,0,train,42
9013,COCC1=C(C(=O)O)N2C(=O)C(NC(=O)/C(=N/OC)c3csc(N)n3)C2SC1,0,train,42
9014,COCCCOc1cc(CC(CC(N)C(O)CC(C(=O)NCC(C)(C)C(N)=O)C(C)C)C(C)C)ccc1OC,0,val,42
9015,COCCOCC(CC1(C(=O)NC2CCC(C(=O)O)CC2)CCCC1)C(=O)Oc1ccc2c(c1)CCC2,0,test,42
9016,CON(C)Cc1ccc(O)c2c1C[C@H]1C[C@H]3[C@H](N(C)C)C(=O)C(C(N)=O)=C(O)[C@@]3(O)C(=O)C1=C2O,0,train,42
9017,COc1c(C)c2c(c(O)c1C/C=C(\C)CCC(=O)OCCN1CCOCC1)C(=O)OC2,0,train,42
9018,COc1cc(C(=O)NC2CCCNC2)cc(OC)c1OC,0,train,42
9019,COc1cc(C)c(/C=C/C(C)=C/C=C/C(C)=C/C(=O)O)c(C)c1C,0,train,42
9020,COc1cc(C)c2c(Oc3cccc(C(F)(F)F)c3)c(OC)cc(NC(C)CCCN)c2n1,0,train,42
9021,COc1cc(C2c3cc4c(cc3C(O)C3COC(=O)C23)OCO4)cc(OC)c1OC,0,val,42
9022,COc1cc(NS(=O)(=O)c2ccc(N)cc2)nc(OC)n1,0,val,42
9023,COc1cc(NS(C)(=O)=O)ccc1Nc1c2ccccc2nc2ccccc12,0,train,42
9024,COc1cc(Nc2c(C#N)cnc3cc(OCCCN4CCN(C)CC4)c(OC)cc23)c(Cl)cc1Cl,0,train,42
9025,COc1cc(Nc2ncc(F)c(Nc3ccc4c(n3)N(COP(=O)(O)O)C(=O)C(C)(C)O4)n2)cc(OC)c1OC,0,train,42
9026,COc1cc(OC)cc(N(CCNC(C)C)c2ccc3ncc(-c4cnn(C)c4)nc3c2)c1,0,train,42
9027,COc1cc2c3cc1Oc1cc(ccc1O)CC1c4c(cc(OC)c(O)c4Oc4ccc(cc4)CC3N(C)CC2)CC[N+]1(C)C,0,train,42
9028,COc1cc2nc(N(C)CCCNC(=O)C3CCCO3)nc(N)c2cc1OC,0,val,42
9029,COc1ccc(-c2ccc3cc(C(=O)O)ccc3c2)cc1C12CC3CC(CC(C3)C1)C2,0,val,42
9030,COc1ccc(-n2nc(C(N)=O)c3c2C(=O)N(c2ccc(N4CCCCC4=O)cc2)CC3)cc1,0,test,42
9031,COc1ccc(C(=O)N2CCN(c3ccc4c(c3)CCC(=O)N4)CC2)cc1OC,0,train,42
9032,COc1ccc(C2CC(=O)c3c(O)cc(O)cc3O2)cc1O,0,train,42
9033,COc1ccc(CCNC[C@@H](O)c2ccc(O)cc2)cc1OC,0,train,42
9034,COc1ccc(CCOC2CCCCC2N2CCC(O)C2)cc1OC,0,train,42
9035,COc1ccc(CNc2nc(N3CCCC3CO)ncc2C(=O)NCc2ncccn2)cc1Cl,0,val,42
9036,COc1ccc(O)cc1,0,test,42
9037,COc1ccc2cc1Oc1cc3c(cc1OC)CC[N+](C)(C)C3Cc1ccc(cc1)Oc1c(OC)c(OC)cc3c1C(C2)[N+](C)(C)CC3,0,train,42
9038,COc1cccc(CCc2ccccc2OCC(CN(C)C)OC(=O)CCC(=O)O)c1,0,train,42
9039,COc1cccc(N2CCN(C3=Nc4c(F)cccc4[C@H](CC(=O)O)N3c3cc(C(F)(F)F)ccc3OC)CC2)c1,0,train,42
9040,COc1cccc(OC)c1C(=O)NC1C(=O)N2C1SC(C)(C)C2C(=O)O,0,train,42
9041,COc1ccnc(C[S+]([O-])c2nc3ccc(-n4cccc4)cc3[nH]2)c1C,0,train,42
9042,COc1nc(N)nc2c1ncn2[C@@H]1O[C@H](CO)[C@@H](O)[C@@H]1O,0,test,42
9043,COc1nccnc1NS(=O)(=O)c1ccc(N)cc1,0,test,42
9044,COc1ncnc(NS(=O)(=O)c2ccc(N)cc2)c1OC,0,test,42
9045,CS(=O)(=O)Nc1cc2occ(NC=O)c(=O)c2cc1Oc1ccccc1,0,train,42
9046,CSCCC(NC(=O)C(Cc1c[nH]c2ccccc12)NC(=O)CCNC(=O)OC(C)(C)C)C(=O)NC(CC(=O)O)C(=O)NC(Cc1ccccc1)C(N)=O,0,train,42
9047,CSc1nc2cc(Oc3cccc(Cl)c3Cl)c(Cl)cc2[nH]1,0,train,42
9048,C[C@H](N[C@@H](CCc1ccccc1)C(=O)O)C(=O)N1CCC[C@H]1C(=O)O,0,train,42
9049,C[C@H](O)C(=O)Nc1c(I)c(C(=O)NC(CO)CO)c(I)c(C(=O)NC(CO)CO)c1I,0,train,42
9050,C[C@]12CC[C@H]3C(=CCc4cc(O)ccc43)[C@@H]1CCC2=O,0,train,42
9051,C[N+](C)(C)CCCCCCCCCC[N+](C)(C)C,0,train,42
9052,C[N+](C)(C)CCOC(N)=O,0,train,42
9053,C[N+](C)(CCCCCC[N+](C)(C)C1c2ccccc2-c2ccccc21)C1c2ccccc2-c2ccccc21,0,train,42
9054,C[N+]1(CCCCC[N+]2(C)CCCC2)CCCC1,0,train,42
9055,Cc1c2cc[n+](C)cc2c(C)c2c1[nH]c1ccc(O)cc12,0,train,42
9056,Cc1cc(/C=C/C#N)cc(C)c1Nc1ccnc(Nc2ccc(C#N)cc2)n1,0,test,42
9057,Cc1cc(C#N)cc(C)c1Oc1nc(Nc2ccc(C#N)cc2)nc(N)c1Br,0,train,42
9058,Cc1cc(C(C)(C)C)c(O)c(C)c1CC1=NCCN1,0,train,42
9059,Cc1cc(C(C)(C)C)cc(C)c1CC1=NCCN1,0,test,42
9060,Cc1cc(O)[n+]([O-])c(C2CCCCC2)c1,0,test,42
9061,Cc1cc2c(OCC(CNC(C)(C)C)OC(=O)c3ccccc3)cccc2[nH]1,0,train,42
9062,Cc1cc2c(cc1CC(=O)c1sccc1S(=O)(=O)Nc1onc(C)c1Cl)OCO2,0,train,42
9063,Cc1ccc(-n2[nH]c(C)c(N=Nc3cccc(-c4cccc(C(=O)O)c4)c3O)c2=O)cc1C,0,train,42
9064,Cc1ccc(C(=O)Nc2ccc(CN3CCN(C)CC3)c(C(F)(F)F)c2)cc1C#Cc1cnc2cccnn12,0,train,42
9065,Cc1ccc(N(CC2=NCCN2)c2cccc(O)c2)cc1,0,val,42
9066,Cc1ccccc1C(=O)Nc1ccc(C(=O)N2CCCC(O)c3cc(Cl)ccc32)c(C)c1,0,test,42
9067,Cc1ccccc1N1CCN(CCc2nnc3n2CCCC3)CC1,0,val,42
9068,Cc1ccn(-c2cc(Cl)ccc2[C@@H](Oc2cc(-c3ccc(C[C@H](N)C(=O)O)cc3)nc(N)n2)C(F)(F)F)n1,0,train,42
9069,Cc1ccnc(NS(=O)(=O)c2ccc(N)cc2)n1,0,train,42
9070,Cc1cn(-c2cc(NC(=O)c3ccc(C)c(Nc4nccc(-c5cccnc5)n4)c3)cc(C(F)(F)F)c2)cn1,0,train,42
9071,Cc1cn(C2CC(O)C(CO)O2)c(=O)[nH]c1=O,0,val,42
9072,Cc1cn(C2OC(CO)C(O)C2F)c(=O)[nH]c1=O,0,train,42
9073,Cc1cn[nH]c1,0,test,42
9074,Cc1nc(-c2ccc(OCC(C)C)c(C#N)c2)sc1C(=O)O,0,train,42
9075,Cc1nc(NC(=O)N2CCC[C@H]2C(N)=O)sc1-c1ccnc(C(C)(C)C(F)(F)F)c1,0,train,42
9076,Cc1nc(Nc2ncc(C(=O)Nc3c(C)cccc3Cl)s2)cc(N2CCN(CCO)CC2)n1,0,train,42
9077,Cc1nc2c([nH]1)CCN(C(=O)c1ccc(NC(=O)c3ccccc3-c3ccccc3)cc1)c1ccccc1-2,0,train,42
9078,Cc1nc2ccc(CN(C)c3ccc(C(=O)NC(CCC(=O)O)C(=O)O)s3)cc2c(=O)[nH]1,0,train,42
9079,Cc1ncc(CO)c(C=O)c1O,0,train,42
9080,Cc1nccn1CCC(C(N)=O)(c1ccccc1)c1ccccc1,0,val,42
9081,Cc1nnc(C(C)C)n1C1CC2CCC(C1)N2CCC(NC(=O)C1CCC(F)(F)CC1)c1ccccc1,0,train,42
9082,Cc1oc(=O)oc1CN1CCN(c2cc3c(cc2F)c(=O)c(C(=O)O)c2n3C(C)S2)CC1,0,train,42
9083,Clc1cc(Cl)c(OCC#CI)cc1Cl,0,test,42
9084,Clc1cc(Cl)c2c(c1)CCc1ccccc1C2n1ccnc1,0,val,42
9085,Clc1ccc(C(Cn2ccnc2)OCc2ccc(Sc3ccccc3)cc2)c(Cl)c1,0,train,42
9086,Clc1ccc(CCC(Cn2ccnc2)Sc2c(Cl)cccc2Cl)cc1,0,train,42
9087,Clc1ccc(CSC(Cn2ccnc2)c2ccc(Cl)cc2Cl)cc1,0,train,42
9088,Cn1c(=O)cc(N2CCCC(N)C2)n(Cc2ccccc2C#N)c1=O,0,train,42
9089,Cn1c(NCCN(CCO)CCCc2ccc([N+](=O)[O-])cc2)cc(=O)n(C)c1=O,0,train,42
9090,Cn1ncnc1[C@H]1c2n[nH]c(=O)c3cc(F)cc(c23)N[C@@H]1c1ccc(F)cc1,0,train,42
9091,Cn1nnnc1SCC1=C(C(=O)O)N2C(=O)[C@@H](NC(=O)[C@H](OC=O)c3ccccc3)[C@H]2SC1,0,train,42
9092,FC(F)(F)C(F)(F)C(F)(F)F,0,train,42
9093,Fc1ccc(C(c2ccccc2)(c2ccccc2F)n2ccnc2)cc1,0,train,42
9094,N#CC(CCN1CCC(C(=O)O)(c2ccccc2)CC1)(c1ccccc1)c1ccccc1,0,train,42
9095,N#CC1CCCN1C(=O)CNC12CC3CC(CC(O)(C3)C1)C2,0,train,42
9096,N#CCC(C1CCCC1)n1cc(-c2ncnc3[nH]ccc23)cn1,0,train,42
9097,N=C(N)N,0,val,42
9098,N=C(N)c1ccc(C=Cc2ccc(C(=N)N)cc2O)cc1,0,train,42
9099,NC(=NCCCCCCN=C(N)N=C(N)Nc1ccc(Cl)cc1)N=C(N)Nc1ccc(Cl)cc1,0,train,42
9100,NC(=O)N/N=C\c1ccc([N+](=O)[O-])o1,0,train,42
9101,NC(CC(=O)N1CCn2c(nnc2C(F)(F)F)C1)Cc1cc(F)c(F)cc1F,0,train,42
9102,NC(CCC(=O)NC(CS)C(=O)NCC(=O)O)C(=O)O,0,test,42
9103,NC(CSSCC(N)C(=O)O)C(=O)O,0,train,42
9104,NC(Cn1ccc(=O)c(O)c1)C(=O)O,0,train,42
9105,NC1CCCCC1N,0,test,42
9106,NC1CCCCN(c2c(F)cc3c(=O)c(C(=O)O)cn(C4CC4)c3c2Cl)C1,0,test,42
9107,NC1CCN(c2nc3c(cc2F)c(=O)c(C(=O)O)cn3-c2ccc(F)cc2F)C1,0,train,42
9108,NCCCNCCCCNCCCN,0,test,42
9109,NCCNCCNCCNCCN,0,train,42
9110,NCCc1ccn[nH]1,0,train,42
9111,NCCc1cnc[nH]1,0,train,42
9112,NCc1ccc(S(N)(=O)=O)cc1,0,train,42
9113,Nc1ccc(C(=O)NCC(=O)O)cc1,0,test,42
9114,Nc1ccc(S(=O)(=O)Nc2nccs2)cc1,0,train,42
9115,Nc1ccc(S(N)(=O)=O)cc1,0,train,42
9116,Nc1ccc2cc3ccc(N)cc3nc2c1,0,train,42
9117,Nc1ccn(C2OC(CO)C(O)C2(F)F)c(=O)n1,0,train,42
9118,Nc1nc(/C(=C/CC(=O)O)C(=O)NC2C(=O)N3C(C(=O)O)=CCSC23)cs1,0,train,42
9119,Nc1nc(Cl)nc2c1ncn2C1OC(CO)C(O)C1F,0,train,42
9120,Nc1nc(F)nc2c1ncn2C1OC(COP(=O)(O)O)C(O)C1O,0,val,42
9121,Nc1nc2[nH]cc(CCc3ccc(C(=O)NC(CCC(=O)O)C(=O)O)cc3)c2c(=O)[nH]1,0,train,42
9122,Nc1ncnc2c1ncn2C1OC(COP(=O)(O)O)C(O)C1O,0,train,42
9123,Nc1ncnc2c1ncn2C1OC(COP(=O)(O)OP(=O)(O)OP(=O)(O)O)C(O)C1O,0,train,42
9124,Nc1ncnc2nc[nH]c12,0,train,42
9125,O=C(/C=C\n1cnc(-c2cc(C(F)(F)F)cc(C(F)(F)F)c2)n1)NNc1cnccn1,0,train,42
9126,O=C(CCCc1ccccc1)OCC(COC(=O)CCCc1ccccc1)OC(=O)CCCc1ccccc1,0,train,42
9127,O=C(C[S+]([O-])Cc1ccco1)NC/C=C/COc1cc(CN2CCCCC2)ccn1,0,train,42
9128,O=C(NCC(O)CO)c1c(I)c(C(=O)NCC(O)CO)c(I)c(N(CCO)C(=O)CO)c1I,0,train,42
9129,O=C(NCC1CN(c2ccc(N3CCOCC3=O)cc2)C(=O)O1)c1ccc(Cl)s1,0,train,42
9130,O=C(NCCS(=O)(=O)O)c1cccs1,0,train,42
9131,O=C(Nc1c(Cl)cncc1Cl)c1ccc(OC(F)F)c(OCC2CC2)c1,0,train,42
9132,O=C(Nc1ccc2c(=O)cc(-c3nn[nH]n3)oc2c1)c1ccc(OCCCCc2ccccc2)cc1,0,train,42
9133,O=C(O)/C=C/c1ccc(Cn2ccnc2)cc1,0,train,42
9134,O=C(O)C(CC(=O)N1CC2CCCCC2C1)Cc1ccccc1,0,train,42
9135,O=C(O)CN(CCN(CC(=O)O)CC(=O)O)CCN(CC(=O)O)C(COCc1ccccc1)C(=O)O,0,train,42
9136,O=C(O)CN(CCN(CC(=O)O)CC(=O)O)CCN(CC(=O)O)CC(=O)O,0,train,42
9137,O=C(O)c1ccc(-n2nc(-c3ccccc3O)nc2-c2ccccc2O)cc1,0,train,42
9138,O=C(O)c1ccc2nc(-c3cc(Cl)cc(Cl)c3)oc2c1,0,train,42
9139,O=C(OC1C[N+]2(CCCOc3ccccc3)CCC1CC2)C(O)(c1cccs1)c1cccs1,0,train,42
9140,O=C(OCCN1CCN(c2cccc(C(F)(F)F)c2)CC1)c1ccccc1Nc1ccnc2cc(C(F)(F)F)ccc12,0,test,42
9141,O=C(OCc1ccccc1)c1ccccc1,0,train,42
9142,O=C(OOC(=O)c1ccccc1)c1ccccc1,0,train,42
9143,O=C1C(CCC(O)c2ccc(F)cc2)C(c2ccc(O)cc2)N1c1ccc(F)cc1,0,train,42
9144,O=C1N(Cc2ccccc2)C2C[S+]3CCCC3C2N1Cc1ccccc1,0,train,42
9145,O=C1OC(CO)C(O)C(O)C1O,0,train,42
9146,O=C1OCCN1/N=C\c1ccc([N+](=O)[O-])o1,0,train,42
9147,O=C1c2c(O)ccc(O)c2C(=O)c2c(NCCNCCO)ccc(NCCNCCO)c21,0,train,42
9148,O=P(O)(O)C(Cl)(Cl)P(=O)(O)O,0,train,42
9149,O=P(O)(O)C(O)(Cc1cccnc1)P(=O)(O)O,0,train,42
9150,O=P(O)(O)C(O)(Cn1ccnc1)P(=O)(O)O,0,train,42
9151,O=S(=O)(O)OC1C(O)COC(OC2COC(O)C(OS(=O)(=O)O)C2OS(=O)(=O)O)C1OS(=O)(=O)O,0,train,42
9152,O=S1(=O)CCN(CN2CCS(=O)(=O)NC2)CN1,0,train,42
9153,O=[N+]([O-])OC1COC2C(O[N+](=O)[O-])COC12,0,train,42
9154,O=c1[nH]c(=O)n(C2CC(O)C(CO)O2)cc1C(F)(F)F,0,train,42
9155,O=c1[nH]c(=O)n(C2CC(O)C(CO)O2)cc1F,0,train,42
9156,O=c1[nH]c(=O)n(C2CC(O)C(CO)O2)cc1I,0,train,42
9157,OC1COC(O)C(O)C1O,0,train,42
9158,OC1COC2C(O)COC12,0,train,42
9159,OCC(S)CS,0,test,42
9160,OCC1OC(OC2C(CO)OC(O)(CO)C2O)C(O)C(O)C1O,0,train,42
9161,Oc1c(Cl)cc(Cl)c2cccnc12,0,test,42
9162,Oc1c(Cl)cc(Cl)cc1Cc1c(O)c(Cl)cc(Cl)c1Cl,0,train,42
9163,Oc1cccc(-c2c3nc(c(-c4cccc(O)c4)c4ccc([nH]4)c(-c4cccc(O)c4)c4nc(c(-c5cccc(O)c5)c5ccc2[nH]5)CC4)C=C3)c1,0,train,42
9164,Oc1ccccc1,0,train,42
9165,On1ccccc1=S,0,train,42
9166,c1cc(CN2CCCNCCNCCCNCC2)ccc1CN1CCCNCCNCCCNCC1,0,train,42
9167,c1ccc(-c2ccc(C(c3ccccc3)n3ccnc3)cc2)cc1,0,train,42
9168,C=CC1=C(C(=O)O)N2C(=O)[C@@H](NC(=O)/C(=N\O)c3csc(N)n3)[C@@H]2SC1,0,train,42
9169,C=CC1=C(C(=O)O)N2C(=O)[C@H](NC(=O)/C(=N\OCC(=O)O)c3csc(N)n3)[C@H]2SC1,0,train,42
9170,CC(=O)C1=C(O)[C@]2(O)C(=O)c3c(c(C)c4ccc(C)c(O)c4c3O)C[C@H]2[C@H](N)C1=O,0,train,42
9171,CC(=O)N1CCN(C(=O)Cc2ccc([S@+](C)[O-])cc2)[C@@H](CN2CC[C@H](O)C2)C1,0,train,42
9172,CC(C)(C)C(=O)OCOC(=O)[C@H]1N2C(=O)[C@H](N=CN3CCCCCC3)[C@@H]2SC1(C)C,0,train,42
9173,CC1(C)S[C@@H]2[C@@H](N=CN3CCCCCC3)C(=O)N2[C@H]1C(=O)O,0,train,42
9174,CCC[C@H]1C[C@@H](C(=O)N[C@H]([C@H]2O[C@@H](SC)[C@H](OP(=O)(O)O)[C@@H](O)[C@@H]2O)[C@H](C)Cl)N(C)C1,0,train,42
9175,CC[C@@H](C)[C@@H](C(=O)OC1CC[N+](C)(C)CC1)c1ccccc1,0,train,42
9176,CC[C@@]1(O)C[C@@H]2CN(CCc3c([nH]c4ccccc34)[C@@](C(=O)OC)(c3cc4c(cc3OC)N(C)[C@@H]3[C@@](O)(C(N)=O)[C@H](O)[C@]5(CC)C=CCN6CC[C@@]43[C@H]65)C2)C1,0,train,42
9177,CC[C@@]1(O)C[C@H]2CN(CCc3c([nH]c4ccccc34)[C@](C(=O)OC)(c3cc4c(cc3OC)N(C)[C@H]3[C@](O)(C(=O)OC)[C@@H](OC(C)=O)[C@@]5(CC)C=CCN6CC[C@]43[C@H]65)C2)C1,0,val,42
9178,CC[C@@]1(O)C[C@H]2CN(CCc3c([nH]c4ccccc34)[C@](C(=O)OC)(c3cc4c(cc3OC)N(C=O)[C@H]3[C@](O)(C(=O)OC)[C@@H](OC(C)=O)[C@@]5(CC)C=CCN6CC[C@]43[C@H]65)C2)C1,0,test,42
9179,CC[N+](C)(CC=CC1=C(C(=O)O)N2C(=O)[C@@H](NC(=O)C(=NOCF)c3nsc(N)n3)[C@H]2SC1)CC(N)=O,0,test,42
9180,CN(C)[C@@H]1C(=O)C(C(N)=O)=C(O)[C@@]2(O)C(=O)C3=C(O)c4c(O)ccc(Cl)c4[C@@](C)(O)[C@@H]3C[C@H]12,0,train,42
9181,CN(C)[C@@H]1C(=O)C(C(N)=O)=C(O)[C@]2(O)C(=O)C3=C(O)c4c(O)ccc(Cl)c4[C@@H](O)[C@H]3C[C@@H]12,0,train,42
9182,CN(C)[C@@H]1C(=O)C(C(N)=O)=C(O)[C@]2(O)C(=O)C3=C(O)c4c(O)cccc4[C@](C)(O)[C@@H]3[C@H](O)[C@H]12,0,test,42
9183,CN(C)[C@@H]1C(=O)C(C(N)=O)=C(O)[C@]2(O)C(=O)C3=C(O)c4c(ccc(N)c4O)C[C@H]3C[C@@H]12,0,train,42
9184,CN(C)[C@H]1C(=O)C(C(=O)NCN2CCCC2)=C(O)[C@]2(O)C(=O)C3=C(O)c4c(O)cccc4[C@](C)(O)[C@@H]3C[C@H]12,0,train,42
9185,CN(C)[C@H]1C(=O)C(C(N)=O)=C(O)[C@]2(O)C(=O)C3=C(O)c4c(O)cccc4[C@](C)(O)[C@@H]3C[C@H]12,0,train,42
9186,CN(C)c1ccc(O)c2c1C[C@H]1C[C@H]3[C@@H](N(C)C)C(=O)C(C(N)=O)=C(O)[C@]3(O)C(=O)C1=C2O,0,train,42
9187,CN[C@@H](CC(C)C)C(=O)N[C@H]1C(=O)N[C@@H](CC(N)=O)C(=O)N[C@@H]2C(=O)N[C@H]3C(=O)N[C@H](C(=O)N[C@@H](C(=O)O)c4cc(O)cc(O)c4-c4cc3ccc4O)[C@@H](O)c3ccc(c(Cl)c3)Oc3cc2cc(c3O[C@@H]2O[C@H](CO)[C@@H](O)[C@H](O)[C@H]2O[C@@H]2C[C@@](C)(N)[C@@H](O)[C@H](C)O2)Oc2ccc(cc2Cl)[C@@H]1O,0,train,42
9188,CO/N=C(/C(=O)N[C@H]1C(=O)N2C(C(=O)O)=C(COC(C)=O)C[S@@+]([O-])[C@H]12)c1csc(N)n1,0,val,42
9189,CO/N=C(\C(=O)N[C@@H]1C(=O)N2C(C(=O)O)=C(C)CS[C@@H]12)c1csc(N)n1,0,train,42
9190,CO/N=C(\C(=O)N[C@@H]1C(=O)N2C(C(=O)O)=C(COC(C)=O)CS[C@@H]12)c1csc(N)n1,0,train,42
9191,CO/N=C(\C(=O)N[C@@H]1C(=O)N2C(C(=O)O[C@@H](C)OC(C)=O)=C(COC(N)=O)CS[C@@H]12)c1ccco1,0,test,42
9192,CO/N=C(\C(=O)N[C@H]1C(=O)N2C(C(=O)O)=C(/C=C/c3scnc3C)CS[C@@H]12)c1csc(N)n1,0,train,42
9193,CO/N=C(\C(=O)N[C@H]1C(=O)N2C(C(=O)O)=C(COC(C)=O)CS[C@H]12)c1ccco1,0,val,42
9194,CO/N=C(\C(=O)N[C@H]1C(=O)N2C(C(=O)O)=C(COC(N)=O)CS[C@@H]12)c1ccco1,0,train,42
9195,CO/N=C(\C(=O)N[C@H]1C(=O)N2C(C(=O)O)=C(CSC(=O)c3ccco3)CS[C@H]12)c1csc(N)n1,0,train,42
9196,CO/N=C(\C(=O)N[C@H]1C(=O)N2C(C(=O)O)=C(CSc3nc(=O)c(=O)[nH]n3C)CS[C@H]12)c1csc(N)n1,0,test,42
9197,CO/N=C(\C(=O)N[C@H]1C(=O)N2C(C(=O)O)=C(CSc3nc(C)c(CC(=O)O)s3)CS[C@H]12)c1csc(N)n1,0,train,42
9198,CO/N=C(\C(=O)N[C@H]1C(=O)N2C(C(=O)O)=C(CSc3nnnn3C)CS[C@H]12)c1csc(N)n1,0,test,42
9199,COC(=O)[C@H]1NC(=O)[C@H]2NC(=O)[C@@H](NC(=O)[C@H]3NC(=O)[C@H]4NC(=O)[C@H](NC(=O)[C@H](N)c5ccc(O)c(c5)Oc5cc4cc(O)c5C)[C@@H](O)c4ccc(c(Cl)c4)Oc4cc3cc(c4O)Oc3ccc(cc3Cl)[C@@H]2O[C@@H]2O[C@@H](CO)[C@@H](O)[C@@H](O)[C@H]2NC(C)=O)c2ccc(O)c(c2)-c2c(O)cc(O)cc21,0,test,42
9200,COCC1=C(C(=O)O)N2C(=O)[C@@H](NC(=O)/C(=N\O)c3csc(N)n3)[C@@H]2SC1,0,train,42
9201,CO[C@@]1(NC(=O)[C@H]2SC3=S2OC(N)=C3C(=O)O)C(=O)N2C(C(=O)O)=C(CSc3nnnn3C)CS[C@@H]21,0,train,42
9202,C[C@@H]1[C@H](NC(=O)/C(=N/OC(C)(C)C(=O)O)c2csc(N)n2)C(=O)N1S(=O)(=O)O,0,train,42
9203,C[C@H]1c2cccc(O)c2C(O)=C2C(=O)[C@@]3(O)C(O)=C(C(N)=O)C(=O)[C@@H](N(C)C)[C@H]3[C@@H](O)[C@H]21,0,train,42
9204,Cc1cc(=O)c(C(=O)N[C@@H](C(=O)N[C@@H]2C(=O)N3C(C(=O)O)=C(CSc4nnnn4C)CS[C@@H]23)c2ccc(O)cc2)c[nH]1,0,train,42
9205,Cc1ccc(C(=O)N[C@@H]2C(=O)N[C@H](C(C)C)C(=O)N3CCC[C@@H]3C(=O)N(C)CC(=O)N(C)[C@@H](C(C)C)C(=O)O[C@H]2C)c2c1OC1=C(N2)C(C(=O)N[C@H]2C(=O)N[C@@H](C(C)C)C(=O)N3CCC[C@H]3C(=O)N(C)CC(=O)N(C)[C@H](C(C)C)C(=O)O[C@@H]2C)=C(N)C(=O)[C@@H]1C,0,train,42
9206,NC(=O)OC[C@H]1[C@@H](NC(=O)/C(=N/OCC(=O)O)c2csc(N)n2)C(=O)N1S(=O)(=O)O,0,train,42
9207,N[C@@H](C(=O)N[C@@H]1C(=O)N2C(C(=O)O)=C(CSc3cn[nH]n3)CS[C@@H]12)c1ccc(O)cc1,0,train,42
9208,C/C=C/C=C[C@@H]1O[C@](O)([C@@H](CC)C(=O)NC/C=C/C=C(/C)[C@@H](OC)[C@H](C)[C@H]2O[C@@H](C=C/C=C/C=C(/C)C(=O)c3c(O)ccn(C)c3=O)[C@H](O)[C@@H]2O)[C@@H](O)[C@H](O[C@H]2O[C@H](C)[C@@H](O[C@H]3O[C@H](C)[C@@H](OC)[C@H](O)[C@H]3OC)[C@@H](OC)[C@@H]2O)C1(C)C,0,train,42
9209,C=C(N[C@@H]1C(=O)N2C(C(=O)O)=C(COC(C)=O)CS[C@@H]12)C(=NOC)c1csc(N)n1,0,train,42
9210,C=C1c2c(Cl)ccc(O)c2C(O)=C2C(=O)[C@]3(O)C(O)=C(C(N)=O)C(=O)[C@H](N(C)C)[C@@H]3[C@@H](O)[C@H]12,0,train,42
9211,C=C1c2cccc(O)c2C(O)=C2C(=O)[C@]3(O)C(O)=C(C(N)=O)C(=O)[C@H](N(C)C)[C@@H]3[C@@H](O)[C@H]12,0,train,42
9212,C=CC1=C(C(=O)O)N2C(=O)[C@H](NC(=O)C(=NO)c3csc(N)n3)[C@@H]2SC1,0,train,42
9213,C=CC1=C(C(=O)O)N2C(=O)[C@H](NC(=O)C(=NOCC(=O)O)c3csc(N)n3)[C@@H]2SC1,0,train,42
9214,C=CC[N@+]12CC[C@]34c5ccccc5N5C=C6[C@H]7C[C@H]8[C@]9(CC[N@@+]8(CC=C)C/C7=C\CO)c7ccccc7N(C=C([C@H](C[C@H]31)/C(=C/CO)C2)[C@@H]54)[C@@H]69,0,train,42
9215,CC#Cc1cn([C@@H]2O[C@H](CO)[C@@H](O)[C@H]2O)c(=O)[nH]c1=O,0,train,42
9216,CC(=O)N(C[C@H](O)CO)c1c(I)c(C(=O)NC[C@H](O)CO)c(I)c(C(=O)NC[C@H](O)CO)c1I,0,train,42
9217,CC(=O)NC[C@@H]1O[C@@H](O[C@@H]2[C@@H](O)[C@@H](O[C@@H]3O[C@@H](CO)[C@@H](O)[C@H](N)[C@@H]3O)[C@@H](N)C[C@@H]2N)[C@@H](O)[C@@H](O)[C@@H]1O,0,train,42
9218,CC(=O)N[C@H]1[C@@H]([C@@H](O)[C@H](O)CO)OC(C(=O)O)=C[C@H]1N=C(N)N,0,train,42
9219,CC(=O)O[C@@H]1[C@H]([N+]2(C)CCCCC2)C[C@@H]2[C@@H]3CC[C@@H]4C[C@@H](OC(C)=O)[C@@H](N5CCCCC5)C[C@]4(C)[C@@H]3CC[C@]21C,0,test,42
9220,CC(=O)O[C@@H]1[C@H]([N+]2(C)CCCCC2)C[C@@H]2[C@@H]3CC[C@@H]4C[C@@H](OC(C)=O)[C@@H]([N+]5(C)CCCCC5)C[C@]4(C)[C@@H]3CC[C@]21C,0,val,42
9221,CC(=O)O[C@H](CC(=O)O)C[N+](C)(C)C,0,train,42
9222,CC(=O)O[C@H]1C(=O)[C@@]2(C)[C@H](O)C[C@H]3OC[C@@]3(OC(C)=O)[C@H]2[C@@H](OC(=O)c2ccccc2)[C@@]2(O)C[C@@H](OC(=O)[C@H](O)[C@@H](NC(=O)c3ccccc3)c3ccccc3)C(C)=C1C2(C)C,0,train,42
9223,CC(=O)O[C@H]1C=CC(C)=CC[C@H](O)C=CC(C)=C[C@@H](NC(=O)C(C)=O)[C@]2(C)C(=O)O[C@@H](C1)[C@@H](C)C2=O,0,val,42
9224,CC(=O)[C@]1(O)Cc2c(O)c3c(c(O)c2[C@@H](O[C@@H]2C[C@H](N)[C@H](O)[C@@H](C)O2)C1)C(=O)c1c(O)cccc1C3=O,0,train,42
9225,CC(C)(C(=O)O)c1ccc([C@H](O)CCCN2CCC(C(O)(c3ccccc3)c3ccccc3)CC2)cc1,0,val,42
9226,CC(C)(C)NC[C@H](O)c1ccc(O)c(NC(N)=O)c1,0,train,42
9227,CC(C)(O/N=C(/C(=O)N[C@@H]1C(=O)N2C(C(=O)O)=C(C[n+]3ccccc3)CS[C@@H]12)c1csc(N)n1)C(=O)O,0,train,42
9228,CC(C)COC[C@@H](CN(Cc1ccccc1)c1ccccc1)N1CCCC1,0,train,42
9229,CC(C)[C@@H]1NC(=O)[C@H](C)OC(=O)[C@H](C(C)C)NC(=O)[C@H](C(C)C)OC(=O)[C@H](C(C)C)NC(=O)[C@H](C)OC(=O)[C@H](C(C)C)NC(=O)[C@H](C)COC(=O)[C@@H](C(C)C)NC(=O)[C@H](C)OC(=O)[C@H](C(C)C)NC(=O)[C@H](C)COC1=O,0,train,42
9230,CC(C)[N+]1(C)[C@@H]2CC[C@@H]1CC(OC(=O)[C@@H](CO)c1ccccc1)C2,0,train,42
9231,CC1(C)S[C@@H]2[C@H](NC(=O)C34C[C@H]5C[C@@H](CC(N)(C5)C3)C4)C(=O)N2[C@H]1C(=O)O,0,test,42
9232,CC1(C)S[C@@H]2[C@H](NC(=O)[C@@H](NC(=O)CN=C(N)c3ccncc3)c3ccccc3)C(=O)N2[C@H]1C(=O)O,0,train,42
9233,CC1(C)S[C@@H]2[C@H](NC(=O)[C@@H](NC(=O)N3CCN(S(C)(=O)=O)C3=O)c3ccccc3)C(=O)N2[C@H]1C(=O)O,0,train,42
9234,CC1(C)S[C@@H]2[C@H](NC(=O)[C@@H](NC(=O)Nc3cnc(Nc4ccc(S(N)(=O)=O)cc4)[nH]c3=O)c3ccc(O)cc3)C(=O)N2[C@H]1C(=O)O,0,val,42
9235,CC1(C)S[C@@H]2[C@H](NC(=O)[C@@H](NC(=O)c3c[nH]c4cccnc4c3=O)c3ccccc3)C(=O)N2[C@H]1C(=O)O,0,val,42
9236,CC1(C)S[C@@H]2[C@H](NC(=O)[C@@H](c3ccccc3)S(=O)(=O)O)C(=O)N2[C@H]1C(=O)O,0,train,42
9237,CC1(C)S[C@H]2[C@@H](NC(=O)[C@@H](C(=O)O)c3ccsc3)C(=O)N2[C@@H]1C(=O)O,0,train,42
9238,CC1(C)S[C@H]2[C@@H](NC(=O)[C@@H](NC(=O)N3CCN(S(C)(=O)=O)C3=O)c3ccccc3)C(=O)N2[C@@H]1C(=O)O,0,train,42
9239,CC1(C)S[C@H]2[C@@H](NC(=O)[C@@H](NC(=O)N3CCNC3=O)c3ccccc3)C(=O)N2[C@@H]1C(=O)O,0,train,42
9240,CC1(C)[C@H](C(=O)O)N2C(=O)C[C@@H]2S1(=O)=O,0,train,42
9241,CC1(C)[C@H](NC/C(=N/OCC(=O)O)c2csc(N)n2)C(=O)N1OS(=O)(=O)O,0,train,42
9242,CCC(=O)O[C@H]1CC(=O)O[C@H](C)CC=CC=C[C@H](O)[C@H](C)C[C@@H](CC=O)[C@@H](O[C@H]2O[C@H](C)[C@@H](O[C@H]3C[C@@](C)(O)[C@@H](OC(=O)CC)[C@H](C)O3)[C@@H](N(C)C)[C@@H]2O)[C@H]1OC,0,train,42
9243,CCC(=O)O[C@H]1[C@H](C)O[C@@H](O[C@H]2[C@H](C)[C@@H](O[C@H]3O[C@H](C)C[C@@H](N(C)C)[C@@H]3O)[C@H](C)C[C@@]3(CO3)C(=O)[C@H](C)[C@@H](OC(=O)CC)[C@H](C)[C@H](C)OC(=O)[C@@H]2C)C[C@H]1OC,0,val,42
9244,CCCCC[C@H]1CN[C@H](C(=O)N[C@H]([C@H]2O[C@@H](SC)[C@H](O)[C@H](O)[C@@H]2O)[C@@H](C)Cl)C1,0,train,42
9245,CCCC[N+]1(C)[C@@H]2CC(OC(=O)[C@@H](CO)c3ccccc3)C[C@@H]1[C@H]1O[C@H]12,0,train,42
9246,CCC[C@@H]1C[C@H](C(=O)N[C@H]([C@@H]2O[C@@H](SC)[C@@H](O)[C@@H](O)[C@@H]2O)[C@H](C)O)N(C)C1,0,train,42
9247,CCC[C@H]1C[C@H](C(=O)N[C@H]([C@H]2O[C@@H](SC)[C@@H](OP(=O)(O)O)[C@H](O)[C@@H]2O)[C@@H](C)Cl)N(C)C1,0,train,42
9248,CCC[C@H]1C[C@H](C(=O)N[C@H]([C@H]2O[C@@H](SC)[C@H](O)[C@H](O)[C@@H]2O)[C@@H](C)Cl)N(C)C1,0,train,42
9249,CCN(CC)C(=O)Nc1ccc(OC[C@H](O)CNC(C)(C)C)c(C(C)=O)c1,0,train,42
9250,CCN(CC)C(C)=N/N=C/c1c2c(O)c3c(O)c(C)c4c(c3c1O)C(=O)[C@@](C)(OC=C[C@@H](OC)[C@H](C)[C@@H](OC(C)=O)[C@H](C)[C@H](O)[C@H](C)[C@H](O)[C@H](C)C=C/C=C(/C)C(=O)N2)O4,0,train,42
9251,CCN1CCN(C(=O)N[C@@H](C(=O)N[C@H]2C(=O)N3C(C(=O)O)=C(CSc4nnnn4C)CS[C@@H]23)c2ccc(O)cc2)C(=O)C1=O,0,train,42
9252,CCN[C@@H]1C[C@H](N)[C@H](O[C@@H]2C[C@@H](N)C=C(CN)O2)[C@H](O)[C@@H]1O[C@@H]1OC[C@@](C)(O)[C@@H](NC)[C@@H]1O,0,train,42
9253,CCOC(=O)C1=C(C)NC(C)=C(C(=O)OC)[C@H]1c1cccc(Cl)c1Cl,0,train,42
9254,CCOC(=O)C1=C(C)NC(C)=C(C(=O)OC)[C@H]1c1cccc([N+](=O)[O-])c1,0,train,42
9255,CC[C@@H]1CC[C@H](N)[C@H](O[C@H]2[C@H](O)[C@@H](O[C@@H]3OC[C@@](C)(O)[C@H](NC)[C@@H]3O)[C@@H](N)C[C@@H]2N)O1,0,val,42
9256,CC[C@@H]1C[C@H](OC(=O)C(O)(c2ccccc2)c2ccccc2)C[C@H](C)[N+]12CCCC2,0,test,42
9257,CC[C@@]1(O)C[C@H]2CN(CCc3c([nH]c4ccccc34)[C@@](C(=O)OC)(c3cc4c(cc3OC)N(C)[C@H]3[C@@](O)(C(=O)OC)[C@@H](OC(C)=O)[C@@]5(CC)C=CCN6CC[C@@]43[C@H]65)C2)C1,0,train,42
9258,CC[C@@]1(O)C[C@H]2CN(CCc3c([nH]c4ccccc34)[C@@](C(=O)OC)(c3cc4c(cc3OC)N(C)[C@H]3[C@@](O)(C(N)=O)[C@H](O)[C@@]5(CC)C=CCN6CC[C@@]43[C@H]65)C2)C1,0,train,42
9259,CC[C@@]1(O)C[C@H]2CN(CCc3c([nH]c4ccccc34)[C@@](C(=O)OC)(c3cc4c(cc3OC)N(C=O)[C@H]3[C@@](O)(C(=O)OC)[C@@H](OC(C)=O)[C@@]5(CC)C=CCN6CC[C@@]43[C@H]65)C2)C1,0,train,42
9260,CC[C@H](C)n1ncn(-c2ccc(N3CCN(c4ccc(OC[C@H]5CO[C@](Cn6cncn6)(c6ccc(Cl)cc6Cl)O5)cc4)CC3)cc2)c1=O,0,train,42
9261,CC[C@H]1OC(=O)[C@H](C)[C@@H](O[C@H]2C[C@@](C)(OC)[C@H](O)[C@H](C)O2)[C@H](C)[C@@H](O[C@H]2O[C@H](C)C[C@@H](N(C)C)[C@@H]2O)[C@@](C)(O)C[C@H](C)C(=NOC)[C@H](C)[C@H](O)[C@@]1(C)O,0,train,42
9262,CC[C@H]1OC(=O)[C@H](C)[C@@H](O[C@H]2C[C@@](C)(OC)[C@H](O)[C@H](C)O2)[C@H](C)[C@@H](O[C@H]2O[C@H](C)C[C@@H](N(C)C)[C@@H]2O)[C@@](C)(O)C[C@H](C)C(=NOCOCCOC)[C@H](C)[C@H](O)[C@@]1(C)O,0,val,42
9263,CC[C@H]1OC(=O)[C@H](C)[C@@H](O[C@H]2C[C@@](C)(OC)[C@H](O)[C@H](C)O2)[C@H](C)[C@@H](O[C@H]2O[C@H](C)C[C@@H](N(C)C)[C@@H]2O)[C@@](C)(O)C[C@H](C)[C@H]2N[C@@H](COCCOC)O[C@@H]([C@@H]2C)[C@@]1(C)O,0,train,42
9264,CC[N+]1(C)[C@@H]2C[C@@H](OC(=O)[C@@H](CO)c3ccccc3)C[C@@H]1[C@H]1O[C@H]12,0,train,42
9265,CN(C)[C@H]1C(=O)C(C(=O)NCN2CCCC2)=C(O)[C@@]2(O)C(=O)C3=C(O)c4c(O)cccc4[C@@](C)(O)[C@H]3C[C@@H]12,0,train,42
9266,CN(C)[C@H]1C(=O)C(C(N)=O)=C(O)[C@@]2(O)C(=O)C3=C(O)c4c(O)ccc(Cl)c4[C@@](C)(O)[C@H]3C[C@@H]12,0,val,42
9267,CN(C)[C@H]1C(=O)C(C(N)=O)=C(O)[C@@]2(O)C(=O)C3=C(O)c4c(O)ccc(Cl)c4[C@H](O)[C@H]3C[C@@H]12,0,train,42
9268,CN(C)[C@H]1C(=O)C(C(N)=O)=C(O)[C@@]2(O)C(=O)C3=C(O)c4c(O)cccc4[C@@](C)(O)[C@H]3C[C@@H]12,0,train,42
9269,CN(C)[C@H]1C(=O)C(C(N)=O)=C(O)[C@@]2(O)C(=O)C3=C(O)c4c(O)cccc4[C@@](C)(O)[C@H]3[C@H](O)[C@@H]12,0,train,42
9270,CN(C)[C@H]1C(O)=C(C(=O)NCNCCCC[C@H](N)C(=O)O)C(=O)[C@@]2(O)C(O)=C3C(=O)c4c(O)cccc4[C@@](C)(O)[C@H]3C[C@@H]12,0,val,42
9271,CN(N=O)C(=O)N[C@@H]1[C@H](O)[C@H](O)[C@H](CO)O[C@@H]1O,0,train,42
9272,CN[C@@H](C)[C@H]1CC[C@H](N)[C@H](O[C@@H]2[C@H](O)[C@@H](O[C@@H]3OC[C@@](C)(O)[C@@H](NC)[C@@H]3O)[C@@H](N)C[C@@H]2N)O1,0,train,42
9273,CN[C@@H](CC(C)C)C(=O)N[C@H]1C(=O)N[C@@H](CC(N)=O)C(=O)N[C@@H]2C(=O)N[C@@H]3C(=O)N[C@@H](C(=O)N[C@@H](C(=O)O)c4cc(O)cc(O)c4-c4cc3ccc4O)[C@@H](O)c3ccc(c(Cl)c3)Oc3cc2cc(c3O[C@H]2O[C@@H](CO)[C@H](O)[C@H](O)[C@H]2O[C@H]2C[C@@](C)(N)[C@H](O)[C@H](C)O2)Oc2ccc(cc2Cl)[C@@H]1O,0,train,42
9274,CN[C@@H]1[C@H](O[C@H]2[C@@H](O[C@H]3[C@@H](O)[C@@H](O)[C@@H](NC(=N)N)[C@@H](O)[C@@H]3NC(=N)N)O[C@@H](C)[C@@]2(O)C=O)O[C@@H](CO)[C@@H](O)[C@H]1O,0,train,42
9275,CN[C@H](C)C(=O)c1ccc(OC)cc1,0,train,42
9276,CN[C@H](C)[C@H](O)c1ccc(O)cc1,0,train,42
9277,CN[C@H](CC(C)C)C(=O)N[C@@H]1C(=O)N[C@H](CC(N)=O)C(=O)N[C@H]2C(=O)N[C@@H]3C(=O)N[C@H](C(=O)N[C@@H](C(=O)O)c4cc(O)cc(O)c4-c4cc3ccc4O)[C@H](O)c3ccc(c(Cl)c3)Oc3cc2cc(c3O[C@@H]2O[C@@H](CO)[C@@H](O)[C@H](O)[C@H]2O[C@@H]2C[C@@](C)(N)[C@H](O)[C@H](C)O2)Oc2ccc(cc2Cl)[C@@H]1O,0,train,42
9278,CN[C@H]1[C@H](O)[C@H](O[C@@H]2[C@@H](O)[C@H](O[C@H]3O[C@@H](CN)CC[C@@H]3N)[C@@H](N)C[C@H]2N)OC[C@@]1(C)O,0,train,42
9279,CN[C@H]1[C@H](O)[C@H](O[C@@H]2[C@@H](O)[C@H](O[C@H]3O[C@@H](CN)[C@H](O)[C@H](O)[C@@H]3O)[C@@H](N)C[C@H]2NC(=O)[C@H](O)CN)OC[C@@]1(C)O,0,train,42
9280,CO/N=C(/C(=O)N[C@H]1C(=O)N(OCC(=O)O)[C@@H]1C)c1csc(N)n1,0,train,42
9281,CO/N=C(/C(=O)N[C@H]1C(=O)N2C(C(=O)O)=C(C=CSc3n[nH]c(=O)c(=O)n3CC=O)CS[C@@H]12)c1csc(N)n1,0,train,42
9282,CO/N=C(/C(=O)N[C@H]1C(=O)N2C(C(=O)O)=C(C=Cc3scnc3C)CS[C@@H]12)c1csc(N)n1,0,train,42
9283,CO/N=C(/C(=O)N[C@H]1C(=O)N2C(C(=O)O)=C(COC(C)=O)C[S+]([O-])[C@@H]12)c1csc(N)n1,0,train,42
9284,CO/N=C(/C(=O)N[C@H]1C(=O)N2C(C(=O)OCOC(=O)C(C)(C)C)=CCS[C@@H]12)c1csc(NC(=O)[C@@H](C)N)n1,0,train,42
9285,CO/N=C(\C(=O)N[C@@H]1C(=O)N2C(C(=O)O)=C(C[n+]3ccccc3)CS[C@@H]12)c1csc(N)n1,0,val,42
9286,CO/N=C(\C(=O)N[C@H]1C(=O)N(OCC(=O)OCC(=O)OC(C)(C)C)[C@@H]1C)c1csc(N)n1,0,train,42
9287,CO/N=C(\C(=O)N[C@H]1C(=O)N2C(C(=O)O)=C(CSC(=O)c3ccco3)CS[C@@H]12)c1csc(N)n1,0,train,42
9288,CO/N=C(\C(=O)N[C@H]1C(=O)N2C(C(=O)O)=C(CSc3nc(=O)c(=O)[nH]n3C)CS[C@@H]12)c1csc(N)n1,0,train,42
9289,CO/N=C(\C(=O)N[C@H]1C(=O)N2C(C(=O)O)=C(CSc3nc(C)c(CC(=O)O)s3)CS[C@@H]12)c1csc(N)n1,0,train,42
9290,CO/N=C(\C(=O)N[C@H]1C(=O)N2C(C(=O)O)=C(CSc3nnnn3C)CS[C@@H]12)c1csc(N)n1,0,train,42
9291,CO/N=C(\C(=O)N[C@H]1C(=O)N2C(C(=O)O)=CCS[C@@H]12)c1csc(N)n1,0,test,42
9292,CO/N=C(\C(=O)N[C@H]1C(=O)N2C(C(=O)O[C@H](C)OC(C)=O)=C(COC(N)=O)CS[C@@H]12)c1ccco1,0,train,42
9293,COC(=O)[C@H]1NC(=O)[C@H]2NC(=O)[C@@H](NC(=O)[C@H]3NC(=O)[C@H]4NC(=O)[C@@H](NC(=O)[C@H](N)c5ccc(O)c(c5)Oc5cc4cc(O)c5C)[C@H](O)c4ccc(c(Cl)c4)Oc4cc3cc(c4O)Oc3ccc(cc3Cl)[C@H]2O[C@H]2O[C@@H](CO)[C@H](O)[C@H](O)[C@H]2NC(C)=O)c2ccc(O)c(c2)-c2c(O)cc(O)cc21,0,train,42
9294,COCC1=C(C(=O)O)N2C(=O)[C@@H](NC(=O)C(=NOC)c3csc(N)n3)[C@H]2SC1,0,train,42
9295,COCOC(=O)[C@H]1N2C(=O)[C@@H](N3C(=O)[C@H](c4ccc(O)cc4)NC3(C)C)[C@H]2SC1(C)C,0,train,42
9296,CON=C(C(=O)N[C@H]1C(=O)N2C(C(=O)O)=C(CSc3nc(=O)c(=O)[nH]n3C)CS[C@@H]12)c1csc(N)n1,0,test,42
9297,CON=C(C(=O)N[C@H]1C(=O)N2C(C(=O)O)=C(CSc3nc(C)c(CC(=O)O)s3)CS[C@@H]12)c1csc(N)n1,0,train,42
9298,CO[C@H]1C=CO[C@@]2(C)Oc3c(C)c(O)c4c(O)c(c(/C=N/N5CCN(C)CC5)c(O)c4c3C2=O)NC(=O)C(C)=CC=C[C@H](C)[C@H](O)[C@H](C)[C@H](O)[C@H](C)[C@@H](OC(C)=O)[C@@H]1C,0,train,42
9299,CO[C@H]1C=CO[C@@]2(C)Oc3c(C)c(O)c4c(O)c(c(/C=N/N5CCN(C6CCCC6)CC5)c(O)c4c3C2=O)NC(=O)C(C)=CC=C[C@H](C)[C@H](O)[C@H](C)[C@H](O)[C@H](C)[C@@H](OC(C)=O)[C@@H]1C,0,train,42
9300,CO[C@H]1C=CO[C@@]2(C)Oc3c(C)c(O)c4c(O)c(c5c(nc6cc(C)ccn65)c4c3C2=O)NC(=O)C(C)=CC=C[C@H](C)[C@H](O)[C@H](C)[C@H](O)[C@H](C)[C@@H](OC(C)=O)[C@@H]1C,0,train,42
9301,CO[C@H]1C=CO[C@@]2(C)Oc3c(C)c(O)c4c(c3C2=O)C2=NC3(CCN(CC(C)C)CC3)NC2=C(NC(=O)C(C)=CC=C[C@H](C)[C@H](O)[C@H](C)[C@H](O)[C@H](C)[C@@H](OC(C)=O)[C@@H]1C)C4=O,0,train,42
9302,CO[C@H]1C[C@H](O[C@H]2[C@H](C)[C@@H](O[C@H]3O[C@H](C)C[C@@H](N(C)C)[C@@H]3O)[C@H](C)C[C@@]3(CO3)C(=O)[C@H](C)[C@H](O)[C@H](C)[C@H](C)OC(=O)[C@@H]2C)O[C@H](C)[C@@H]1O,0,train,42
9303,CO[C@H]1C[C@H](O[C@H]2[C@H](C)[C@@H](O[C@H]3O[C@H](C)C[C@@H](N(C)C)[C@H]3OC(C)=O)[C@H](C)C[C@@]3(CO3)C(=O)[C@H](C)[C@@H](OC(C)=O)[C@H](C)[C@H](C)OC(=O)[C@@H]2C)O[C@H](C)[C@H]1OC(C)=O,0,train,42
9304,CO[C@@H]1[C@H](O[C@H]2O[C@H](C)[C@@H](O[C@H]3C[C@@](C)(O)[C@H](O)[C@H](C)O3)[C@@H](N(C)C)[C@@H]2O)[C@H](CC=O)C[C@@H](C)[C@H](O[C@H]2CC[C@@H](N(C)C)[C@H](C)O2)C=CC=CC[C@@H](C)OC(=O)C[C@H]1O,0,train,42
9305,CO[C@@H]1[C@H](O[C@H]2O[C@H](C)[C@@H](O[C@H]3C[C@@](C)(O)[C@@H](OC(=O)CC(C)C)[C@H](C)O3)[C@@H](N(C)C)[C@@H]2O)[C@H](CC=O)C[C@@H](C)[C@@H](O)C=CC=CC[C@@H](C)OC(=O)C[C@H]1OC(C)=O,0,train,42
9306,COc1cc([C@H]2c3cc4c(cc3[C@@H](O[C@H]3O[C@H]5CO[C@H](c6cccs6)O[C@H]5[C@H](O)[C@@H]3O)[C@H]3COC(=O)[C@@H]23)OCO4)cc(OC)c1OC,0,train,42
9307,COc1cc2c(cc1OC)CN(C(=O)[C@@H](C)N[C@H](CCc1ccccc1)C(=O)O)[C@@H](C(=O)O)C2,0,train,42
9308,COc1cc2c(cc1OC)[C@H](Cc1cc(OC)c(OC)c(OC)c1)[N@+](C)(CCCOC(=O)CC/C=C/CCC(=O)OCCC[N@+]1(C)CCc3cc(OC)c(OC)cc3[C@@H]1Cc1cc(OC)c(OC)c(OC)c1)CC2,0,test,42
9309,COc1cc2c3cc1Oc1cc(ccc1O)C[C@@H]1c4c(cc(OC)c(O)c4Oc4ccc(cc4)C[C@@H]3[N+](C)(C)CC2)CC[N+]1(C)C,0,train,42
9310,COc1ccc(C[C@H]2c3cc(OC)c(OC)cc3CC[N@@+]2(C)CCC(=O)OCCCCCOC(=O)CC[N@+]2(C)CCc3cc(OC)c(OC)cc3[C@@H]2Cc2ccc(OC)c(OC)c2)cc1OC,0,train,42
9311,COc1ccc([C@H]2Sc3ccccc3N(CCN(C)C)C(=O)[C@H]2OC(C)=O)cc1,0,train,42
9312,COc1cccc2c1C(=O)c1c(O)c3c(c(O)c1C2=O)C[C@](O)(C(=O)CO)C[C@H]3O[C@H]1C[C@H](N)[C@@H](O[C@H]2CCCCO2)[C@H](C)O1,0,train,42
9313,COc1cccc2c1C(=O)c1c(O)c3c(c(O)c1C2=O)C[C@](O)(C(C)=NNC(=O)c1ccccc1)C[C@H]3O[C@H]1C[C@H](N)[C@H](O)[C@H](C)O1,0,train,42
9314,C[C@@H](CN(C)C)O[C@@](C)(c1ccccc1)c1ccc(Cl)cc1,0,val,42
9315,C[C@@H]1NC(=O)[C@@H](NC(=O)c2ncccc2O)[C@@H](C)OC(=O)[C@H](c2ccccc2)NC(=O)[C@H]2CC(=O)CCN2C(=O)[C@@H](Cc2ccc(N(C)C)cc2)N(C)C(=O)[C@H]2CCCN2C1=O,0,train,42
9316,C[C@H]1[C@@H](O)[C@H](C)C=CC=CC=CC=CC=CC=CC=C[C@](O)(O[C@@H]2O[C@@H](C)[C@@H](O)[C@H](N)[C@@H]2O)C[C@@H]2O[C@@](O)(C[C@@H](O)C[C@@H](O)[C@H](O)CC[C@@H](O)C[C@@H](O)CC(=O)O[C@H]1C)C[C@@H](O)[C@H]2C(=O)O,0,train,42
9317,C[C@@H]1O[C@@H](O[C@H]2[C@@H](O)[C@H](O)[C@H](O[C@H]3[C@@H](O)[C@H](O)[C@@H](O)O[C@@H]3CO)O[C@@H]2CO)[C@@H](O)[C@@H](O)[C@@H]1N[C@@H]1C=C(CO)[C@H](O)[C@H](O)[C@H]1O,0,train,42
9318,C[C@@H]1[C@@H](NC(=O)/C(=N/OC(C)(C)C(=O)O)c2csc(N)n2)C(=O)N1S(=O)(=O)O,0,train,42
9319,C[C@@H]1[C@H](NC(=O)C(=NOC(C)(C)C(=O)O)c2csc(N)n2)C(=O)N1S(=O)(=O)O,0,train,42
9320,C[C@H](O)[C@@H]1C(=O)N2C(C(=O)O)=C(SCCN=CN)C[C@@H]12,0,train,42
9321,C[C@H](O)[C@H]1C(=O)N2C(C(=O)O)=C(F)S[C@@H]12,0,train,42
9322,C[C@H](O)[C@H]1C(=O)N2C(C(=O)O)=C(SCCN=CN)C[C@@H]12,0,train,42
9323,C[C@H](O)[C@H]1C(=O)N2C(C(=O)O)=C(S[C@@H]3CC[C@H](C(=O)N(C)C)N3)[C@@H](C)[C@H]12,0,train,42
9324,C[C@H]1c2cccc(O)c2C(O)=C2C(=O)[C@@]3(O)C(O)=C(C(N)=O)C(=O)[C@@H](N(C)C)[C@H]3[C@H](O)[C@H]21,0,train,42
9325,C[N+](C)(CCOc1ccccc1)Cc1ccccc1,0,val,42
9326,C[N+]1(C)CCC[C@@H]1COC(=O)C(O)(c1ccccc1)c1ccccc1,0,val,42
9327,C[N+]1(C)CC[C@H](OC(=O)[C@@](O)(c2ccccc2)C2CCCC2)C1,0,train,42
9328,Cc1c2oc3c(C)ccc(C(=O)N[C@@H]4C(=O)N[C@H](C(C)C)C(=O)N5CCC[C@@H]5C(=O)N(C)CC(=O)N(C)[C@@H](C(C)C)C(=O)O[C@H]4C)c3nc-2c(C(=O)N[C@H]2C(=O)N[C@H](C(C)C)C(=O)N3CCC[C@H]3C(=O)N(C)CC(=O)N(C)[C@H](C(C)C)C(=O)O[C@@H]2C)c(N)c1=O,0,train,42
9329,Cc1cnn(-c2c(Cl)cccc2Cl)c1C(=O)N[C@H]1C(=O)N2[C@H]1SC(C)(C)[C@H]2C(=O)O,0,train,42
9330,Cc1nnc(SCC2=C(C(=O)OCc3oc(=O)oc3C)N3C(=O)[C@H](NC(=O)[C@H](OC(=O)[C@H](C)N)c4ccccc4)[C@@H]3SC2)s1,0,train,42
9331,Cc1onc(-c2c(F)cccc2Cl)c1C(=O)N[C@H]1C(=O)N2[C@H]1SC(C)(C)[C@H]2C(=O)O,0,train,42
9332,Cc1onc(-c2ccccc2)c1C(=O)N[C@H]1C(=O)N2[C@@H]1SC(C)(C)[C@@H]2C(=O)O,0,train,42
9333,N#CC(=Cc1ccc(O)cc1)/C(C#N)=C\c1ccc(O)cc1,0,train,42
9334,N#C[C@H](O[C@@H]1O[C@@H](CO[C@@H]2O[C@@H](CO)[C@@H](O)[C@H](O)[C@@H]2O)[C@@H](O)[C@H](O)[C@@H]1O)c1ccccc1,0,train,42
9335,N=C(NCCCCNC(=N)NC(=N)Nc1ccc(Cl)cc1)NC(=N)Nc1ccc(Cl)cc1,0,train,42
9336,NCC[C@@H](O)C(=O)N[C@@H]1C[C@H](N)[C@H](O[C@@H]2O[C@@H](CN)CC[C@@H]2N)[C@H](O)[C@@H]1O[C@@H]1O[C@@H](CO)[C@@H](O)[C@H](N)[C@@H]1O,0,train,42
9337,NCC[C@@H](O)C(=O)N[C@@H]1C[C@H](N)[C@H](O[C@@H]2O[C@@H](CN)[C@@H](O)[C@H](O)[C@@H]2O)[C@H](O)[C@@H]1O[C@@H]1O[C@@H](CO)[C@@H](O)[C@H](N)[C@@H]1O,0,train,42
9338,NC[C@@H]1O[C@@H](O[C@H]2[C@H](O)[C@@H](O[C@@H]3O[C@@H](CO)[C@@H](O)[C@H](N)[C@@H]3O)[C@@H](N)C[C@@H]2N)[C@@H](N)C[C@@H]1O,0,train,42
9339,NC[C@@H]1O[C@@H](O[C@@H]2[C@H](O[C@@H]3O[C@H](CO)[C@H](OC[C@@H]4O[C@@H](CN)[C@@H](O)[C@@H](O)[C@@H]4N)[C@H]3O)[C@@H](O)[C@@H](N)C[C@@H]2N)[C@@H](N)[C@H](O)[C@@H]1O,0,train,42
9340,NNC(=O)NNN1C(=O)c2cc(S(=O)(=O)O)cc3c(N)c(S(=O)(=O)O)cc(c23)C1=O,0,train,42
9341,N[C@@H](C(=O)N[C@H]1C(=O)N2C(C(=O)O)=C(CSc3cn[nH]n3)CS[C@@H]12)c1ccc(O)cc1,0,train,42
9342,O=C(COCCOCCOCC(=O)Nc1c(I)cc(I)c(C(=O)O)c1I)Nc1c(I)cc(I)c(C(=O)O)c1I,0,train,42
9343,O=C(O)CCC(=O)Nc1ccc(S(=O)(=O)Nc2nccs2)cc1,0,train,42
9344,O=C(O)[C@H](CCc1ccccc1)N[C@@H]1CCCN2CCC[C@@H](C(=O)O)N2C1=O,0,train,42
9345,O=C(O)c1ccccc1C(=O)Nc1ccc(S(=O)(=O)Nc2nccs2)cc1,0,train,42
9346,O=CN(O)CCCP(=O)(O)O,0,train,42
9347,O=P(O)(O)C(Cc1ccc(Cl)cc1)P(=O)(O)O,0,train,42
9348,OC[C@@H]1O[C@@H](OC[C@@H]2O[C@@H](O[C@]3(CO)O[C@@H](CO)[C@H](O)[C@@H]3O)[C@@H](O)[C@@H](O)[C@@H]2O)[C@@H](O)[C@@H](O)[C@@H]1O,0,train,42
9349,OC[C@@H]1O[C@@H](O[C@@H]2[C@H](CO)O[C@@](O)(CO)[C@H]2O)[C@@H](O)[C@@H](O)[C@@H]1O,0,train,42
9350,ON=Cc1cc[n+](COC[n+]2ccc(/C=N/O)cc2)cc1,0,train,42
9351,C[N+]1(CC2CC2)CC[C@]23c4c5ccc(O)c4O[C@H]2C(=O)CC[C@@]3(O)[C@H]1C5,0,val,42
9352,COc1cccc(CC(=O)N2CCN(C(C)=O)CC2CN2CCC(O)C2)c1,0,val,42
9353,C[N+]12CCC(CC1)C(OC(=O)C(O)(c1ccccc1)[C+]1CCCCC1)C2,0,train,42
9354,O=C(N/N=C/c1ccc([N+](=O)[O-])o1)c1ccc(O)cc1,0,train,42
9355,c1ccc2[nH]c(-c3cscn3)nc2c1,0,train,42
9356,CC(=O)CCCCn1c(=O)c2c(ncn2C)n(C)c1=O,0,train,42
9357,CC(C)(C(=O)c1cccnc1)c1cccnc1,0,train,42
9358,CC(C)C(=O)Nc1ccc([N+](=O)[O-])c(C(F)(F)F)c1,0,train,42
9359,CC(C)NCC(O)COc1ccc(COCCOC(C)C)cc1,0,train,42
9360,CC1(C)NC(=O)N(c2ccc([N+](=O)[O-])c(C(F)(F)F)c2)C1=O,0,train,42
9361,CC1=Nc2ccc(Cl)cc2S(=O)(=O)N1,0,train,42
9362,CCC1=C(C)CN(C(=O)NCCc2ccc(S(=O)(=O)NC(=O)NC3CCC(C)CC3)cc2)C1=O,0,train,42
9363,CCCCC1=NC2(CCCC2)C(=O)N1Cc1ccc(-c2ccccc2-c2nn[nH]n2)cc1,0,val,42
9364,CCCCNc1cc(C(=O)O)cc(S(N)(=O)=O)c1Oc1ccccc1,0,val,42
9365,CCCc1cc(=O)[nH]c(=S)[nH]1,0,train,42
9366,CCCc1nc2c(C)cc(-c3nc4ccccc4n3C)cc2n1Cc1ccc(-c2ccccc2C(=O)O)cc1,0,train,42
9367,CCN(CC)CC#CCOC(=O)C(O)(c1ccccc1)C1CCCCC1,0,train,42
9368,CCOC(=O)Nc1ccc2c(c1)N(C(=O)CCN1CCOCC1)c1ccccc1S2,0,val,42
9369,CCOC(=O)n1ccn(C)c1=S,0,train,42
9370,CCn1nc(C(=O)O)c(=O)c2cc3c(cc21)OCO3,0,train,42
9371,CN(C(=O)C(Cl)Cl)c1ccc(O)cc1,0,train,42
9372,CN(CCOc1ccc(NS(C)(=O)=O)cc1)CCc1ccc(NS(C)(=O)=O)cc1,0,train,42
9373,CN(Cc1cc(Br)cc(Br)c1N)C1CCCCC1,0,train,42
9374,COC(=O)Nc1nc2ccc(C(=O)c3ccccc3)cc2[nH]1,0,train,42
9375,COc1cc2nc(N3CCN(C(=O)C4COc5ccccc5O4)CC3)nc(N)c2cc1OC,0,test,42
9376,COc1ccc2c(c1)C(=O)N(CCc1ccc(S(=O)(=O)NC(=O)NC3CCCCC3)cc1)C(=O)C2(C)C,0,train,42
9377,COc1ccnc(C[S+]([O-])c2nc3ccc(OC(F)F)cc3[nH]2)c1OC,0,train,42
9378,CSc1ccc(C(=O)c2[nH]c(=O)[nH]c2C)cc1,0,val,42
9379,Cc1[nH]cnc1CN1CCc2c(c3ccccc3n2C)C1=O,0,train,42
9380,Cc1ccc(C)c(OCCCC(C)(C)C(=O)O)c1,0,val,42
9381,Cc1ccc(S(=O)(=O)NC(=O)NN2CC3CCCC3C2)cc1,0,train,42
9382,Cc1cccc(Nc2ccncc2S(=O)(=O)NC(=O)NC(C)C)c1,0,train,42
9383,Cc1cnc(C(=O)NCCc2ccc(S(=O)(=O)NC(=O)NC3CCCCC3)cc2)cn1,0,val,42
9384,Clc1ccc2c(c1)CCc1cccnc1C2=C1CCNCC1,0,train,42
9385,Clc1ccccc1CN1CCc2sccc2C1,0,train,42
9386,Cn1cc[nH]c1=S,0,test,42
9387,N#Cc1ccc(C(c2ccc(C#N)cc2)n2cncn2)cc1,0,train,42
9388,Nc1ccc(O)c(C(=O)O)c1,0,train,42
9389,O=C(NCCO[N+](=O)[O-])c1cccnc1,0,train,42
9390,O=C(O)c1cccnc1,0,train,42
9391,O=C1C(CC[S+]([O-])c2ccccc2)C(=O)N(c2ccccc2)N1c1ccccc1,0,train,42
9392,O=C1CN2Cc3c(ccc(Cl)c3Cl)N=C2N1,0,train,42
9393,O=C1OC2(c3ccc(O)cc3Oc3cc(O)ccc32)c2ccccc21,0,train,42
9394,c1ccc(CN(CC2=NCCN2)c2ccccc2)cc1,0,train,42
9395,Cc1[nH]c(=O)c(C#N)cc1-c1ccncc1,0,train,42
9396,Nc1cc(-c2ccncc2)c[nH]c1=O,0,train,42
9397,CC1=CC(O)CC(=O)Cc2nc(co2)C(=O)N2CCC=C2C(=O)OC(C(C)C)C(C)/C=C\C(=O)NCC=C1,0,train,42
9398,COc1cc(C2c3cc4c(cc3C(OC3OC5COC(c6cccs6)OC5C(O)C3O)C3COC(=O)C23)OCO4)cc(OC)c1O,0,train,42
9399,OCC1CCC(n2cnc3c(O)ncnc32)O1,0,test,42
9400,CC(C)NC[C@H](O)COc1ccc(CC(N)=O)cc1,0,train,42
9401,O=C1C(O)=C([C@H]2CC[C@H](c3ccc(Cl)cc3)CC2)C(=O)c2ccccc21,0,train,42
9402,O=C(c1ccccc1)c1ccc2n1CC[C@@H]2C(=O)O,0,train,42
9403,C/N=C(/C[N+](=O)[O-])NCCSCc1ccc(CN(C)C)o1,0,train,42
9404,CN1C(C(=O)/N=c2\cccc[nH]2)=C(O)c2ccccc2S1(=O)=O,0,train,42
9405,CN1C(C(=O)/N=c2/cccc[nH]2)=C(O)c2sccc2S1(=O)=O,0,train,42
9406,CO/N=C(\C(=O)NC1C(=O)N2C(C(=O)O)=C(COC(C)=O)CS(=O)[C@@H]12)c1csc(N)n1,0,train,42
9407,C[C@H](O)C1C(=O)N2C(C(=O)O)=C(SCC/N=C/N)C[C@@H]12,0,train,42
9408,COCC1=C(C(=O)O)N2C(=O)[C@H](NC(=O)/C(=N/O)c3csc(N)n3)[C@@H]2SC1,0,val,42
9409,C=CC1=C(C(=O)O)N2C(=O)C(NC(=O)/C(=N/O)c3csc(N)n3)[C@@H]2SC1,0,train,42
9410,CO/N=C(/C(=O)NC1C(=O)N2C(C(=O)O)=C(C)CS[C@@H]12)c1csc(N)n1,0,train,42
9411,C=CC1=C(C(=O)O)N2C(=O)C(NC(=O)/C(=N/OCC(=O)O)c3csc(N)n3)[C@@H]2SC1,0,val,42
9412,CO/N=C(/C(=O)NC1C(=O)N2C(C(=O)O)=C(COC(C)=O)CS[C@@H]12)c1csc(N)n1,0,train,42
9413,COCC1=C(C(=O)O)N2C(=O)C(NC(=O)/C(=N/OC)c3csc(N)n3)[C@@H]2SC1,0,train,42
9414,CO/N=C(/C(=O)NC1C(=O)N2C(C(=O)O)=C(COC(C)=O)CS(=O)[C@@H]12)c1csc(N)n1,0,train,42
9415,CO/N=C(/C(=O)NC1C(=O)N2C(C(=O)O)=C(CSc3nc(=O)c(O)nn3C)CS[C@@H]12)c1csc(N)n1,0,train,42
9416,CO/N=C(/C(=O)NC1C(=O)N2C(C(=O)O)=C(CSc3cnns3)CS[C@@H]12)c1csc(N)n1,0,train,42
9417,CN/C(=N\C#N)NCCSCc1nc[nH]c1C,0,val,42
9418,CC(C)/N=c1\cc2n(-c3ccc(Cl)cc3)c3ccccc3nc-2cc1Nc1ccc(Cl)cc1,0,train,42
9419,CN(C)[C@@H]1C(O)=C(C(N)=O)C(=O)C2(O)C(O)=C3C(=O)c4c(O)cccc4[C@@H](O)[C@H]3C[C@@H]12,0,train,42
9420,CN(C)[C@@H]1C(O)=C(C(N)=O)C(=O)C2(O)C(O)=C3C(=O)c4c(O)ccc(Cl)c4C(C)(O)[C@H]3C[C@@H]12,0,train,42
9421,CC(C(=O)O)c1ccc(-c2ccccc2)c(F)c1,0,train,42
9422,C=CCc1cccc(/C=N\NC(=O)CN2CCN(Cc3ccc(S(N)(=O)=O)cc3)CC2)c1O,0,val,42
9423,CC(O)Nc1cccc(-c2csc(NC(N)N)n2)c1,0,val,42
9424,O=C(O)c1nc2ccc(C(F)(F)F)cc2nc1NCc1ccc(C(F)(F)F)cc1,0,train,42
9425,CN=C(NC#N)Nc1cccc(-c2csc(N=C(N)N)n2)c1,0,train,42
9426,CN/C(=N/C#N)Nc1cccc(-c2csc(N=C(N)N)n2)c1,0,test,42
9427,CNC(NC#N)Nc1cccc(-c2csc(NC(N)N)n2)c1,0,train,42
9428,CC(=O)NC1C(O)OC(COS(=O)(=O)O)C(OC2OC(COS(=O)(=O)O)C(O)C(O)C2O)C1O,0,train,42
9429,NC(N)=Nc1nc(-c2ccc(O)c(O)c2)cs1,0,val,42
9430,CC(=O)NC1C(O)OC(COS(=O)(=O)[O-])C(OC2OC(COS(=O)(=O)[O-])C(O)C(O)C2O)C1O,0,train,42
9431,CN(Cc1cnc2nc(N)nc(N)c2n1)c1ccc(C(=O)N[C@H](CCC(=O)[O-])C(=O)[O-])cc1,0,train,42
9432,CN(Cc1cnc2nc(N)nc(N)c2n1)c1ccc(C(=O)NC(CCC(=O)[O-])C(=O)[O-])cc1,0,train,42
9433,NCC(CC(=O)O)c1ccc(Cl)cc1,0,train,42
9434,CC(C)CC(=O)c1ccc(OCCCCO)cc1O,0,train,42
9435,CC(C)CC(=O)c1ccc(OCCCCOc2ccc(CCC(=O)O)c(O)c2)cc1O,0,train,42
9436,CC(C)CC(=O)c1ccc(OCCCCOc2ccc3ccc(=O)oc3c2)cc1O,0,test,42
9437,CCNc1cccnc1N1CCN(C(=O)c2cc3cc(NS(C)(=O)=O)ccc3[nH]2)CC1,0,train,42
9438,CO[C@H]1/C=C/O[C@@]2(C)Oc3c(C)c(O)c4c(O)c(c(/C=N/N5CCN(C)CC5)c(O)c4c3C2=O)NC(=O)C/C(C)=C\C=C\[C@@H](C)C(O)[C@@H](C)[C@H](O)[C@H](C)[C@H](OC(C)=O)[C@@H]1C,0,train,42
9439,Nc1ccn([C@@H]2CC[C@@H](CO)O2)c(=O)n1,0,train,42
9440,Cc1ccc(NC(=O)c2ccc(CN3CCN(C)CC3)cc2)cc1Nc1nccc(-c2cccnc2)n1,0,train,42
9441,Cc1nnc2n1-c1ccc(Cl)cc1C(c1ccccc1)=NC2O,0,train,42
9442,CN[C@H]1C(=O)N[C@@H]2Cc3ccc(cc3)Oc3cc4cc(c3O[C@@H]3O[C@H](CO)[C@@H](O)[C@H](O)[C@H]3NC(=O)CCCCCCCCC(C)C)Oc3ccc(cc3Cl)[C@@H](O)[C@@H]3NC(=O)[C@H](NC(=O)[C@@H]4NC(=O)[C@@H](NC2=O)c2cc(cc(O)c2Cl)Oc2cc1ccc2O)c1ccc(O)c(c1)-c1c(O[C@H]2O[C@H](CO)[C@@H](O)[C@H](O)[C@@H]2O)cc(O)cc1[C@@H](C(=O)NCCCN(C)C)NC3=O,0,train,42
9443,CCc1cccc2c3c([nH]c12)[C@](CC)(CC(=O)[O-])OCC3,0,train,42
9444,CCc1cccc2c3c([nH]c12)C(CC)(CC(=O)[O-])OCC3,0,train,42
9445,CNC(NC#N)NCCSCc1nc[nH]c1C,0,train,42
9446,CNC(=NCCSCc1nc[nH]c1C)NC#N,0,train,42
9447,CNC(=NCCSCc1[nH]cnc1C)NC#N,0,train,42
9448,CC(C)NC(O)COc1ccc(CC(N)=O)cc1,0,train,42
9449,CN=C(NC#N)NCCSCC1=NC=NC1C,0,train,42
9450,CNC(=NC#N)NCCSCC1=NC=NC1C,0,test,42
9451,CC1(C(=O)O)CCC2(C)CCC3(C)C(=CC(=O)C4C5(C)CCC(O)C(C)(C)C5CCC43C)C2C1,0,train,42
9452,CCCn1c(=O)c2[nH]c(C3CCC(=O)C3)nc2n(CCC)c1=O,0,train,42
9453,CCCn1c(=O)c2[nH]c([C@@H]3CCC(=O)C3)nc2n(CCC)c1=O,0,train,42
9454,CCCn1c(=O)c2nc(C3CCC(=O)C3)[nH]c2n(CCC)c1=O,0,val,42
9455,COC(=O)Nc1nc2cc(C(=O)N3CCN(c4ccccn4)CC3)ccc2[nH]1,0,train,42
9456,CCCc1nc(C)c2c(=O)[nH]c(-c3cc(S(=O)(=O)N4CCN(CC)CC4)ccc3OCC)nn12,0,train,42
9457,COC(=O)Nc1nc2ccc(C(=O)N3CCN(c4ccccn4)CC3)cc2[nH]1,0,train,42
9458,COc1nccc(-c2c(-c3ccc(F)cc3)ncn2C2CCC(O)CC2)n1,0,train,42
9459,NCc1c[n+]2ccccc2[nH]1,0,train,42
9460,Nc1ccc(C(=O)O)cc1,0,train,42
9461,C/N=C(\NC#N)NCCSCc1nc[nH]c1C,0,train,42
9462,CC1(C)[C@H](O)CC[C@]2(C)[C@H]1CC[C@@]1(C)[C@H]2C(=O)C=C2[C@H]3C[C@@](C)(C(=O)[O-])CC[C@]3(C)CC[C@@]21C,0,train,42
9463,CC1(C(=O)[O-])CCC2(C)CCC3(C)C(=CC(=O)C4C5(C)CCC(O)C(C)(C)C5CCC43C)C2C1,0,val,42
9464,Cc1ccccc1NC1=[NH+]CCN1,0,train,42
9465,CCOc1ccc(C(=O)c2cccc3ccccc23)c2ccccc12,0,train,42
9466,Cc1ccccc1N=C1N(C)CCN1C,0,train,42
9467,Cc1ccccc1NC1=NCCN1,0,train,42
9468,CC(C)c1c(C(=O)Nc2ccccc2)c(-c2ccccc2)c(-c2ccc(F)cc2)n1CC[C@@H](O)C[C@@H](O)CC(=O)O,0,train,42
9469,CN1[C@H]2CC[C@H]1[C@@H](CC(=O)O)[C@@H](OC(=O)c1ccccc1)C2,0,train,42
9470,CN1Cc2c(-c3noc(C(C)(C)O)n3)ncn2-c2cccc(Cl)c2C1O,0,train,42
9471,CN1Cc2c(-c3noc(CC(C)(C)O)n3)ncn2-c2cccc(Cl)c2C1=O,0,train,42
9472,CN1Cc2c(-c3noc(C(C)(C)O)n3)ncn2-c2cccc(O)c2C1=O,0,train,42
9473,OCC1CCC(n2cnc3c2NCNC3O)O1,0,train,42
9474,O=c1nc[nH]c2c1ncn2C1CCC(CO)O1,0,train,42
9475,Cc1ccc(NC2=[NH+]CCN2)c(C)c1,0,train,42
9476,CN(C)Cc1ccc(CSCCNc2ncc(Cc3ccc4ccccc4c3)c(=O)[nH]2)o1,0,train,42
9477,N#CC(c1ccc(Cl)cc1)c1c(Cl)cc(-n2ncc(=O)[nH]c2=O)cc1Cl,0,train,42
9478,Cc1ccc(NC2=NCCN2)c(C)c1,0,train,42
9479,CN(C)Cc1ccc(CSCCNC2NCC(Cc3ccc4ccccc4c3)C(O)N2)o1,0,train,42
9480,OC[C@@H]1CCC(n2cnc3c(O)ncnc32)O1,0,train,42
9481,CCCc1nn(C)c2c(=O)[nH]c(-c3cc(S(=O)(=O)N4CCN(C)CC4)ccc3OCC)nc12,0,train,42
9482,COc1ccc(NS(=O)(=O)c2sc3ccc(Cl)cc3c2C)cc1N1CCNCC1,0,train,42
9483,COc1cccnc1CCCCNc1ncc(Cc2cccc(C)n2)c(=O)[nH]1,0,train,42
9484,Cc1ccc(N=C2N(C)CCN2C)c(C)c1,0,train,42
9485,Cc1nc(Nc2ncc(C(=O)Nc3c(Cl)cccc3Cl)s2)cc(N2CCN(CCO)CC2)n1,0,train,42
9486,NCC1(Cc2noc(=O)[nH]2)CCCCC1,0,train,42
9487,Nc1nc(NCCc2ccc(O)cc2)nc2nc(-c3ccco3)nn12,0,train,42
9488,O=C(O)Cc1ccccc1Nc1c(Cl)cccc1Cl,0,train,42
9489,O=c1[nH]cnc2c1ncn2[C@@H]1CC[C@H](CO)O1,0,train,42
9490,OC[C@@H]1CC[C@H](n2cnc3c(O)ncnc32)O1,0,test,42
9491,COc1ccc2c(c1)c(CC(=O)[O-])c(C)n2C(=O)c1ccc(Cl)cc1,0,train,42
9492,O=C([O-])c1ccc(-c2ccccc2)cc1,0,train,42
9493,COc1ccc2c(c1)C(CC(=O)O)C(C)N2C(=O)c1ccc(Cl)cc1,0,train,42
9494,COc1ccc2c(c1)c(CC(O)O)c(C)n2C(O)c1ccc(Cl)cc1,0,train,42
9495,COc1ccc2c(c1)[C@@H](CC(=O)O)[C@H](C)N2C(=O)c1ccc(Cl)cc1,0,train,42
9496,C[C@@H]1O[C@@H](O[C@@H]2CC[C@]3(C)[C@H](CC[C@@H]4[C@@H]3C[C@H](O)[C@@]3(C)[C@@H](C5=CC(=O)OC5)CC[C@@]43O)C2)C[C@@H](O)[C@@H]1O[C@@H]1C[C@@H](O)[C@H](O[C@@H]2C[C@@H](O)[C@H](O)[C@@H](C)O2)[C@@H](C)O1,0,train,42
9497,CN/C(=C\[N+](=O)[O-])NCCSCc1ccc(C[NH+](C)C)o1,0,train,42
9498,CN=C(C[N+](=O)[O-])NCCSCc1ccc(CN(C)C)o1,0,train,42
9499,CNC(C[N+](=O)[O-])=NCCSc1ccc(CN(C)C)o1,0,train,42
9500,CN/C(=C/[N+](=O)[O-])NCCSc1ccc(CN(C)C)o1,0,train,42
9501,CN/C(=N\C[N+](=O)[O-])NCCSCc1coc(CN(C)C)c1,0,test,42
9502,CN=C(C[N+](=O)[O-])NCCCSc1ccc(CN(C)C)o1,0,train,42
9503,C[C@H]1O[C@@H](O[C@H]2[C@@H](O)C[C@H](O[C@H]3[C@@H](O)C[C@H](O[C@H]4CC[C@@]5(C)[C@H](CC[C@@H]6[C@@H]5C[C@@H](O)[C@]5(C)C(C7=CC(=O)OC7)CC[C@]65O)C4)O[C@@H]3C)O[C@@H]2C)C[C@H](O)[C@@H]1O,0,train,42
9504,CO[C@H]1CN(CC2Cc3ccc(NC(=O)C(C)C)cc3C2)CCC1n1c(C)nc2cc(C)ccc21,0,train,42
9505,Nc1nc(=O)n([C@@H]2CS[C@H](CO)O2)cc1F,0,train,42
9506,CC(C)(C)[NH2+]C[C@@H](O)c1ccc(O)c(CO)c1,0,train,42
9507,CC(C)(C)[NH2+]CC(O)c1ccc(O)c(CO)c1,0,train,42
9508,CN(C)c1cc(-c2n[nH]c(N)n2)cc[nH+]1,0,train,42
9509,CC(=O)Oc1ccc(/C=C/C(=O)NCCc2ccccc2)cc1OC(C)=O,0,train,42
9510,CCS(=O)(=O)n1c2c(c3cc(C(=O)N4CCC(C)CC4)ccc31)CN(C1CCOCC1)CC2,0,train,42
9511,Nc1cccc(-c2csc(NC(N)N)n2)c1,0,train,42
9512,NC(N)=Nc1nc(-c2cccc(N)c2)c[sH+]1,0,val,42
9513,O=C([O-])c1ccccc1O,0,test,42
9514,CCCCCCCCCCCCCCCCOP(=O)(O)OCC[N+](C)(C)C,0,train,42
9515,Cc1ccc(/C(=C\CN2CCCC2)c2cccc(/C=C/C(=O)O)n2)cc1,0,train,42
9516,CCCCCCCCCCCCCCCCOP(=O)([O-])OCC[N+](C)(C)C,0,train,42
9517,C[NH+](C)Cc1ccc(CSCCNc2[nH]ccc2[N+](=O)[O-])o1,0,test,42
9518,CN(C)Cc1ccc(SCCNc2[nH]ccc2[N+](=O)[O-])o1,0,train,42
9519,CC(C)C[C@H]1C(=O)N2CCC[C@H]2[C@]2(O)O[C@](NC(=O)[C@@H]3C=C4c5cccc6[nH]c(Br)c(c56)C[C@H]4[N@H+](C)C3)(C(C)C)C(=O)N12,0,train,42
9520,CC(C)CC1C(=O)N2CCCC2C2(O)OC(NC(=O)C3C=C4c5cccc6[nH]c(Br)c(c56)CC4[NH+](C)C3)(C(C)C)C(=O)N12,0,train,42
9521,CN1CC(C(=O)NC2(C)OC3(O)C4CCCN4C(=O)C(Cc4ccccc4)N3C2=O)CC2C3=CC=CC4NC=CC(=C34)CC21,0,train,42
9522,Oc1ccccc1C(O)O,0,train,42
9523,Cc1ccc(Cc2cnc(NCCSCc3ccc(CN(C)C)o3)[nH]c2=O)cn1,0,train,42
9524,O=c1cccc2n1CC1CNCC2C1,0,train,42
9525,Cc1ccc(CC2CNC(NCCSCc3ccc(CN(C)C)o3)NC2O)cn1,0,train,42
9526,Cc1ccc(Cc2cnc(NCCSCc3ccc(C[NH+](C)C)o3)[nH]c2=O)cn1,0,test,42
9527,CNC(=NC#N)NCCSCc1[nH]cnc1C,0,train,42
9528,CN(C)CCc1c[nH]c2ccc(C[C@H]3COC(=O)N3)cc12,0,train,42
9529,CC[C@]1(O)C[C@H]2C[N@@H+](CCc3c([nH]c4ccccc34)[C@@](C(=O)OC)(c3cc4c(cc3OC)N(C=O)[C@H]3[C@@](O)(C(=O)OC)[C@H](OC(C)=O)[C@]5(CC)C=CC[N@@H+]6CC[C@]43[C@@H]65)C2)C1,0,train,42
9530,CCC1(O)CC2C[NH+](CCc3c([nH]c4ccccc34)C(C(=O)OC)(c3cc4c(cc3OC)N(C=O)C3C(O)(C(=O)OC)C(OC(C)=O)C5(CC)C=CC[NH+]6CCC43C65)C2)C1,0,train,42
9531,CN(C)CCc1c[nH]c2ccc(CC3COC(=O)N3)cc12,0,train,42
9532,CN(C)C(=O)Cn1nc(-c2c(-c3ccccc3)nn3ccccc23)ccc1=O,0,train,42
9533,COC(=O)[C@H]1C(=O)C=C(Nc2cccc([N+](=O)[O-])c2)C[C@H]1C,0,train,42
9534,COc1cc2c(cc1C[NH2+][C@@H]1[C@@H]3CC[N@@H+](C3)[C@@H]1C(c1ccccc1)c1ccccc1)N(S(C)(=O)=O)CC2,0,train,42
9535,COC(=O)C1C(=O)C=C(Nc2cccc([N+](=O)[O-])c2)CC1C,0,train,42
9536,COc1cc2c(cc1C[NH2+]C1C3CC[NH+](C3)C1C(c1ccccc1)c1ccccc1)N(S(C)(=O)=O)CC2,0,train,42
9537,COc1cc2c(cc1CNC1C3CCN(C3)C1C(c1ccccc1)c1ccccc1)N(S(C)(=O)=O)CC2,0,train,42
9538,Clc1cccc(C(c2ccc3[nH]cnc3c2)n2ccnc2)c1,0,train,42
9539,O=C(O)CCCCO/N=C(/c1cccnc1)c1cccc(C(F)(F)F)c1,0,train,42
9540,CCC(C)C1OC2(CCC1C)CC1CC(CC=C(C)C(OC3CC(OC)C(OC4CC(OC)C(O)C(C)O4)C(C)O3)C(C)C=CC=C3COC4C(O)C(C)=CC(C(=O)O1)C34O)O2,0,train,42
9541,CN1CC(=O)N2C(Cc3c([nH]c4ccccc34)C2c2ccc3c(c2)OCO3)C1=O,0,train,42
9542,COC(=O)[C@@H]1C(=O)C=C(Nc2cccc([N+](=O)[O-])c2)C[C@H]1C,0,train,42
9543,Cc1cc2ccccc2n1CCNC(=O)/C=C/c1ccc(OCCO)c(OCCO)c1,0,train,42
9544,CC(C)(C)c1ccc(C(=O)N2CCN(c3ccc(OCCCN4CCCCC4)cc3)C(=O)C2)cc1,0,train,42
9545,CCOC(=O)C1=C[C@@H](OC(CC)CC)[C@@H](NCOC)[C@@H](N)C1,0,train,42
9546,CCOC(=O)NNc1ccc(N(CC(C)O)C(C)C)nn1,0,train,42
9547,COc1cc(N)cn[n+]1-c1ccccc1,0,train,42
9548,CSc1nn2c(N3CCNCC3)c3c(nc2c1S(=O)(=O)c1ccccc1)CCC3,0,train,42
9549,Cc1ccc(-c2cc(C(F)(F)F)nn2-c2ccc(S(N)(=O)=O)cc2)cc1,0,test,42
9550,Clc1cccc(C(c2ccc3nc[nH]c3c2)n2ccnc2)c1,0,train,42
9551,O=C(O)CCCCO/N=C(\c1cccnc1)c1cccc(C(F)(F)F)c1,0,train,42
9552,O=C(c1ccc(C(=O)N2CCN(c3ccc(OC4CCN(C5CCC5)CC4)cc3)C(=O)C2)cc1)N1CCC1,0,test,42
9553,Oc1cc(-c2nc(-c3ccccc3)[nH]c2-c2ccncc2)ccc1Cl,0,val,42
9554,C=C1c2c(Cl)ccc(O)c2C(=O)C2=C(O)[C@]3(O)C(=O)C(C(N)=O)=C(O)[C@@H](N(C)C)[C@@H]3[C@@H](O)[C@H]12,0,train,42
9555,C=C1c2cccc(O)c2C(=O)C2=C(O)[C@]3(O)C(=O)C(C(N)=O)=C(O)[C@@H](N(C)C)[C@@H]3[C@@H](O)[C@H]12,0,train,42
9556,C=CCNc1nc(NCC=C)nc(N2CCN(C(c3ccc(F)cc3)c3ccc(F)cc3)CC2)n1,1,train,42
9557,C=C[C@H]1CN2CC[C@H]1C[C@H]2[C@H](O)c1ccnc2ccc(OC)cc12,0,train,42
9558,CC(=O)C1=C(O)[C@H](N)[C@@H]2Cc3c(c(O)c4c(O)c(C)ccc4c3C)C(=O)[C@]2(O)C1=O,0,val,42
9559,CC(=O)NCCCS(=O)(=O)O,0,test,42
9560,CC(=O)NC[C@H]1CN(c2ccc(N3CCOCC3)c(F)c2)C(=O)O1,1,train,42
9561,CC(=O)N[C@H]1[C@@H]([C@@H](O)[C@H](O)CO)OC(C(=O)O)=C[C@H]1NC(=N)N,0,train,42
9562,CC(=O)O[C@H]1C(=O)[C@@]2(C)[C@H]([C@H](OC(=O)c3ccccc3)[C@]3(O)C[C@H](OC(=O)[C@H](O)[C@@H](NC(=O)c4ccccc4)c4ccccc4)C(C)=C1C3(C)C)[C@]1(OC(C)=O)CO[C@@H]1C[C@@H]2O,0,train,42
9563,CC(=O)Oc1cc(C(C)C)c(OCCN(C)C)cc1C,1,train,42
9564,CC(=O)c1ccc(S(=O)(=O)N=C(O)NC2CCCCC2)cc1,1,train,42
9565,CC(C)(C)C(=O)OCOC(=O)C1N2C(=O)C(/N=C/N3CCCCCC3)C2SC1(C)C,0,test,42
9566,CC(C)(C)NC(=O)[C@@H]1CN(Cc2cccnc2)CCN1C[C@@H](O)C[C@H](Cc1ccccc1)C(=O)N[C@H]1c2ccccc2C[C@H]1O,0,train,42
9567,CC(C)(C)NC[C@H](O)COc1ccccc1C1CCCC1,1,train,42
9568,CC(C)(O/N=C(\C(=O)N[C@@H]1C(=O)N2C(C(=O)O)=C(C[n+]3ccccc3)CS[C@@H]12)c1csc(N)n1)C(=O)O,0,train,42
9569,CC(C)=CCCC(C)(OC1OC(CO)C(O)C(O)C1O)C1CCC2(C)C1C(O)CC1C3(C)CCC(O)C(C)(C)C3C(OC3OC(CO)C(O)C(O)C3O)CC12C,0,train,42
9570,CC(C)=CCCC(C)(OC1OC(CO)C(O)C(O)C1O)C1CCC2(C)C1C(O)CC1C3(C)CCC(O)C(C)(C)C3C(OC3OC(CO)C(O)C(O)C3OC3OCC(O)C(O)C3O)CC12C,0,train,42
9571,CC(C)COc1cccc(CC(=O)N2CCNc3nc(C(F)(F)F)ccc3C2CC(=O)O)c1,0,train,42
9572,CC(C)N1CCCC1CNC(=O)c1cn(C2CCCC2)c(=O)c2c1c1ccccc1n2C,1,train,42
9573,CC(C)NC(=N)NC(=N)Nc1ccc(Cl)cc1,1,train,42
9574,CC(C)[C@H]1CC[C@@H](C(=O)N[C@H](Cc2ccccc2)C(=O)O)CC1,1,train,42
9575,CC(C)c1cc(CNC(=O)c2ccc(Cl)c(OC3CCN(C)CC3)c2)on1,1,train,42
9576,CC(C)c1csc(NC(=O)C2c3ccccc3Oc3ccccc32)n1,1,train,42
9577,CC(C)n1c(/C=C/[C@@H](O)C[C@@H](O)CC(=O)O)c(-c2ccc(F)cc2)c2ccccc21,1,train,42
9578,CC(Cc1ccccc1)[n+]1c/c(=N\C(=O)Nc2ccccc2)o[n-]1,1,train,42
9579,CC(NC(=O)C(C)(Cc1c[nH]c2ccccc12)NC(=O)OCc1cc2ccccc2o1)c1ccccc1,1,train,42
9580,CC(NC(=O)C(Cc1c[nH]c2ccccc12)(CN(C)C)NC(=O)OCc1cc2ccccc2o1)c1ccccc1,1,train,42
9581,CC1(C(=O)O)CCC2(C)CCC3(C)C(=CC(=O)C4C5(C)CCC(OC6OC(C(=O)O)C(O)C(O)C6OC6OC(C(=O)O)C(O)C(O)C6O)C(C)(C)C5CCC43C)C2C1,1,train,42
9582,CC1(C)CCC(Nc2ncnc3c2nn2ccccc32)CC1,1,train,42
9583,CC1(C)S[C@@H]2[C@H](/N=C/N3CCCCCC3)C(=O)N2[C@H]1C(=O)O,0,val,42
9584,CC1(C)S[C@@H]2[C@H](NC(=O)C(/N=C/c3ccco3)c3ccc(O)cc3)C(=O)N2[C@H]1C(=O)O,0,train,42
9585,CC1(C)S[C@@H]2[C@H](NC(=O)[C@H](C(=O)O)c3ccsc3)C(=O)N2[C@H]1C(=O)O,0,val,42
9586,CC1(C)S[C@@H]2[C@H](NC(=O)[C@H](NC(=O)CNC(=N)c3ccncc3)c3ccccc3)C(=O)N2[C@H]1C(=O)O,0,train,42
9587,CC1(C)S[C@@H]2[C@H](NC(=O)[C@H](NC(=O)c3cnc4cccnc4c3O)c3ccccc3)C(=O)N2[C@H]1C(=O)O,0,train,42
9588,CC1(c2cc(NC(=O)c3ccc(C#N)cn3)ccc2F)N=C(N)COC1F,1,train,42
9589,CC1(c2cc(NC(=O)c3ccc(Cl)cn3)ccc2F)COCC(N)=N1,1,train,42
9590,CC1=C(CC(=O)O)c2cc(F)ccc2/C1=C/c1ccc(S(C)=O)cc1,1,train,42
9591,CC1=CCCC1NC(=O)Nc1ccc(C#N)c(S(=O)(=O)C(C)(C)C)c1O,0,train,42
9592,CC1=CCCC1NC(=O)Nc1ccc(Cl)c(S(=O)(=O)C(C)(C)C(F)(F)F)c1O,1,test,42
9593,CC1=CCCC1NC(=O)Nc1ccc(Cl)c(S(=O)(=O)C(C)(C)C2CCOC2)c1O,1,train,42
9594,CC1=CCCC1NC(=O)Nc1ccc(Cl)c(S(=O)(=O)C(C)(C)CF)c1O,1,train,42
9595,CC1=CCCC1NC(=O)Nc1ccc(Cl)c(S(=O)(=O)C(C)(F)F)c1O,0,train,42
9596,CC1=CCCC1NC(=O)Nc1ccc(Cl)c(S(=O)(=O)C2(C)CCOC2)c1O,0,train,42
9597,CC1=CCCC1NC(=O)Nc1ccc(Cl)c(S(=O)(=O)C2CC(N(C)C)C2)c1O,0,test,42
9598,CC1=CCCC1NC(=O)Nc1ccc(Cl)c(S(=O)(=O)C2CC(N3CCCC3)C2)c1O,0,train,42
9599,CC1CCC2(OC1)OC1CC3C4CC=C5CC(O)CC(O)C5(C)C4CCC3(C)C1C2C,0,train,42
9600,CC1CCC2(OC1)OC1CC3C4CC=C5CC(O)CC(OC6OC(C)C(O)C(OC7OCC(O)C(O)C7O)C6OC6OC(C)C(O)C(O)C6O)C5(C)C4CCC3(C)C1C2C,0,train,42
9601,CC1CCC2(OC1)OC1CC3C4CC=C5CC(O)CCC5(C)C4CCC3(C)C1C2C,0,test,42
9602,CC=CC#CC#CC(O)C(C=CCCCO)OC1OC(CO)C(O)C(O)C1O,0,train,42
9603,CCC(=C(CC)c1ccc(O)cc1)c1ccc(O)cc1,1,train,42
9604,CCC(C(N)=O)(C(N)=O)c1ccccc1,1,train,42
9605,CCC(NC(=O)c1cnn2cc(C)cnc12)c1ccc(OC(F)(F)F)cc1,1,train,42
9606,CCC1=C(C)CN(C(=O)NCCc2ccc(S(=O)(=O)NC(=O)N[C@H]3CC[C@H](C)CC3)cc2)C1=O,1,train,42
9607,CCCC(=O)Nc1ccc(OC[CH]CNC(C)C)c(C(C)=O)c1,1,train,42
9608,CCCCC(=O)N(Cc1ccc(-c2ccccc2-c2nnn[nH]2)cc1)[C@H](C(=O)O)C(C)C,1,train,42
9609,CCCCN(c1ccc(C)nc1)C1CCN(c2ncnc3sc(C)c(C)c23)CC1,1,train,42
9610,CCCCOC(=O)COC(=O)c1ccccc1C(=O)OCCCC,1,train,42
9611,CCCCOC[C@H](CN1C(=O)N(C[C@H](COCCCC)OC(N)=O)C(=O)[C@@](CC)(c2ccccc2)C1=O)OC(N)=O,1,train,42
9612,CCCC[N+]1(C)[C@@H]2C[C@@H](OC(=O)[C@@H](CO)c3ccccc3)C[C@@H]1[C@H]1O[C@H]12,0,train,42
9613,CCCN(CCC)Cc1cn(-c2cc(NC(=S)NCC)ncn2)cn1,1,train,42
9614,CCCN(c1ccc(C)nc1)C1CCN(c2ncnc3sc(C)c(C)c23)CC1,1,train,42
9615,CCCOC(C(=O)OC1CCN(C)CC1)(c1ccccc1)c1ccccc1,1,val,42
9616,CCN(CC)c1cc(C)nc2ncnn12,1,train,42
9617,CCOC(=O)N1CCC(CN2CCC3(CC2)CN(C(=O)N(C)C)c2ncccc23)CC1,1,train,42
9618,CCOC(=O)OC(C)OC(=O)[C@@H]1N2C(=O)[C@@H](/N=C/N3CCCCCC3)[C@H]2SC1(C)C,0,train,42
9619,CCOc1ccc(CC2CC(C(=O)NO)C2)cc1-c1nc2c(CC)nn(C)c2c(=O)[nH]1,0,test,42
9620,CCOc1ccc(OC2CCN(c3ncc(C(=O)NO)cn3)CC2)cc1-c1nc2c(CC)nn(C)c2c(=O)[nH]1,0,train,42
9621,CC[C@H]1OC(=O)[C@H](C)[C@@H](O[C@H]2C[C@@](C)(OC)[C@@H](O)[C@H](C)O2)[C@H](C)[C@@H](O[C@@H]2O[C@H](C)C[C@H](N(C)C)[C@H]2O)[C@](C)(O)C[C@@H](C)/C(=N\OC)[C@H](C)[C@@H](O)[C@]1(C)O,0,train,42
9622,CC[C@]1(CCC(C)C)C(=O)N=C(O)N=C1O,1,train,42
9623,CC[N+](C)(C/C=C/C1=C(C(=O)[O-])N2C(=O)[C@@H](NC(=O)/C(=N\OCF)c3nsc(N)n3)[C@H]2SC1)CC(N)=O,0,train,42
9624,CCc1ccc(Oc2cc(N3CCC(C(=O)N4CCc5ccccc5C4)CC3)ncn2)cc1,1,train,42
9625,CCc1cnc(Oc2ccc(NC(=O)c3ncccc3N)cc2Cl)nc1,1,train,42
9626,CCc1oc2ccccc2c1C(=O)c1cc(Br)c(O)c(Br)c1,1,train,42
9627,CCn1cc(C(=O)O)c(=O)c2cc(F)c(N3CCN[C@@H](C)C3)c(F)c21,1,val,42
9628,CN(C(=O)Cc1ccc(Cl)c(Cl)c1)[C@@H]1[CH]CCCC1,1,val,42
9629,CN(C)C(=N)NC(=N)N,1,train,42
9630,CN(C)C(=O)Oc1cccc([N+](C)(C)C)c1,0,train,42
9631,CN(C)C1C(O)=C(C(=O)NCNC(C(=O)NC2C(=O)N3C2SC(C)(C)C3C(=O)O)c2ccccc2)C(=O)[C@@]2(O)C(O)=C3C(=O)c4c(O)cccc4C(C)(O)C3CC12,0,train,42
9632,CN(C)CCOc1ccc(C(=C(CCCl)c2ccccc2)c2ccccc2)cc1,1,train,42
9633,CN(C)Cc1ccc(CSCCNc2ncc(Cc3ccc4ccccc4c3)c(O)n2)o1,0,val,42
9634,CN(C)[C@@H]1C(O)=C(C(=O)NC(C(=O)O)N2CCN(CCO)CC2)C(=O)[C@@]2(O)C(O)=C3C(=O)c4c(O)cccc4[C@@](C)(O)[C@H]3C[C@@H]12,0,train,42
9635,CN(C)[C@@H]1C(O)=C(C(=O)NCN2CCCC(C(=O)O)C2)C(=O)[C@@]2(O)C(O)=C3C(=O)c4c(O)cccc4[C@@](C)(O)[C@H]3C[C@@H]12,0,train,42
9636,CN(C)[C@@H]1C(O)=C(C(=O)NCN2CCCC2)C(=O)[C@@]2(O)C(O)=C3C(=O)c4c(O)cccc4[C@@](C)(O)[C@H]3C[C@@H]12,0,val,42
9637,CN(C)[C@@H]1C(O)=C(C(=O)NCN2CCN(C(=N)NC(=N)N)CC2)C(=O)[C@@]2(O)C(O)=C3C(=O)c4c(O)cccc4[C@@](C)(O)[C@H]3C[C@@H]12,0,train,42
9638,CN(C)[C@@H]1C(O)=C(C(=O)NCN2CCN(CCO)CC2)C(=O)[C@@]2(O)C(O)=C3C(=O)c4c(O)cccc4[C@@](C)(O)[C@H]3C[C@@H]12,0,train,42
9639,CN(C)[C@@H]1C(O)=C(C(=O)NCNCCCCC(N)C(=O)O)C(=O)[C@@]2(O)C(O)=C3C(=O)c4c(O)cccc4[C@@](C)(O)[C@H]3C[C@@H]12,0,train,42
9640,CN(C)[C@@H]1C(O)=C(C(=O)NCO)C(=O)[C@@]2(O)C(O)=C3C(=O)c4c(O)ccc(Cl)c4[C@@](C)(O)[C@H]3C[C@@H]12,0,train,42
9641,CN(C)[C@@H]1C(O)=C(C(N)=O)C(=O)[C@@]2(O)C(O)=C3C(=O)c4c(O)ccc(Cl)c4[C@@H](O)[C@H]3C[C@@H]12,0,val,42
9642,CN(C)[C@@H]1C(O)=C(C(N)=O)C(=O)[C@@]2(O)C(O)=C3C(=O)c4c(O)ccc(Cl)c4[C@@](C)(O)[C@H]3C[C@@H]12,0,train,42
9643,CN(C)[C@@H]1C(O)=C(C(N)=O)C(=O)[C@@]2(O)C(O)=C3C(=O)c4c(O)ccc([N+](=O)[O-])c4C[C@H]3C[C@@H]12,0,train,42
9644,CN(C)[C@@H]1C(O)=C(C(N)=O)C(=O)[C@@]2(O)C(O)=C3C(=O)c4c(O)cccc4[C@@H](O)[C@H]3C[C@@H]12,0,train,42
9645,CN(C)[C@@H]1C(O)=C(C(N)=O)C(=O)[C@@]2(O)C(O)=C3C(=O)c4c(O)cccc4[C@@](C)(O)C3[C@H](O)[C@@H]12,0,train,42
9646,CN(C)[C@@H]1C(O)=C(C(N)=O)C(=O)[C@@]2(O)C(O)=C3C(=O)c4c(O)cccc4[C@@](C)(O)[C@H]3C[C@@H]12,0,train,42
9647,CN(C)[C@@H]1C(O)=C(C(N)=O)C(=O)[C@@]2(O)C(O)=C3C(=O)c4c(ccc(N)c4O)C[C@H]3C[C@@H]12,0,val,42
9648,CN(C)[C@H]1C(O)=C(C(N)=O)C(=O)[C@@]2(O)C(=O)C3=C(O)c4c(O)cccc4[C@@](C)(O)[C@@H]3[C@H](O)[C@@H]12,1,train,42
9649,CN(CCN(C)CNC(=O)C1=C(O)[C@@H](N(C)C)[C@@H]2C[C@H]3C(=C(O)[C@]2(O)C1=O)C(=O)c1c(O)cccc1[C@@]3(C)O)CNC(=O)C1=C(O)[C@@H](N(C)C)[C@@H]2C[C@H]3C(=C(O)[C@]2(O)C1=O)C(=O)c1c(O)cccc1[C@@]3(C)O,0,train,42
9650,CN/C(=C\[N+](=O)[O-])NCCSCc1csc(CN(C)C)n1,1,train,42
9651,CN1C(=O)C(N2CCc3c(nn(Cc4ccccc4)c3Cl)C2=O)COc2cc(C#N)ccc21,1,train,42
9652,CN1C(=O)[C@@](C)(C2=CCCCC2)C(=O)N=C1O,1,train,42
9653,CN1CCC23c4c5ccc(O)c4OC2C(OC2OC(C(=O)O)C(O)C(O)C2O)C=CC3C1C5,0,train,42
9654,CN1CCC23c4c5ccc(OC6OC(C(=O)O)C(O)C(O)C6O)c4OC2C(O)C=CC3C1C5,0,train,42
9655,CN1CCN(CCCCN2C(=O)CN(/N=C/c3ccc(-c4ccc(Cl)cc4)o3)C2=O)CC1,1,train,42
9656,CN1[C@@H]2CCC[C@H]1C[C@@H](NC(=O)c1nn(C)c3ccccc13)C2,1,train,42
9657,CN1[C@@H]2CC[C@H]1C[C@H](NC(=O)N1CC(C)(C)c3ccccc31)C2,1,train,42
9658,CN1[C@@H]2CC[C@H]1C[C@H](NC(=O)c1cn(C3CCCCC3)c3ccccc3c1=O)C2,1,train,42
9659,CN1[C@@H]2CC[C@H]1C[C@H](OC(=O)[C@@H](CO)c1ccccc1)C2,1,train,42
9660,CN1[C@@H]2C[C@@H](OC(=O)[C@@H](CO)c3ccccc3)C[C@H]1[C@@H]1O[C@H]12,1,train,42
9661,CN1c2ccccc2C(=O)N2CCc3c([nH]c4ccccc34)C21,0,test,42
9662,CNC(=C[N+](=O)[O-])NCCS[CH]c1ccc(CN(C)C)o1,0,train,42
9663,CNC(=NC#N)NCCSCc1csc(NC(=N)N)n1,1,train,42
9664,CNCCC[C@]12CC[C@H](c3ccccc31)c1ccccc12,1,train,42
9665,CNC[C@]12CC[C@H](c3ccccc31)c1ccccc12,1,train,42
9666,CN[C@@H]1[C@H](O[C@H]2[C@H](O[C@H]3[C@H](O)[C@@H](O)[C@H](NC(=N)N)[C@@H](O)[C@@H]3NC(=N)N)O[C@@H](C)[C@]2(O)C=O)O[C@@H](CO)[C@H](O)[C@H]1O,0,train,42
9667,CN[C@@H]1[C@H](O[C@H]2[C@H](O[C@H]3[C@H](O)[C@@H](O)[C@H](NC(=N)N)[C@@H](O)[C@@H]3NC(=N)N)O[C@@H](C)[C@]2(O)CO)O[C@@H](CO)[C@H](O)[C@H]1O,0,train,42
9668,CO/N=C(/C(=O)N[C@@H]1C(=O)N2C(C(=O)[O-])=C(C[N+]3(C)CCCC3)CS[C@H]12)c1csc(N)n1,0,test,42
9669,CO/N=C(/C(=O)N[C@@H]1C(=O)N2C(C(=O)[O-])=C(C[N+]34CCC(C(N)=O)(CC3)CC4)CS[C@H]12)c1nsc(N)n1,0,train,42
9670,CO/N=C(/C(=O)N[C@@H]1C(=O)N2C(C(=O)[O-])=C(C[n+]3ccc(N)n3CCO)CS[C@H]12)c1csc(N)n1,0,train,42
9671,CO/N=C(/C(=O)N[C@@H]1C(=O)N2C(C(=O)[O-])=C(C[n+]3cccc4c3CCCC4)CS[C@H]12)c1csc(N)n1,0,train,42
9672,CO/N=C(/C(=O)N[C@H]1C(=O)N(OCC(=O)OCC(=O)OC(C)(C)C)[C@@H]1C)c1csc(N)n1,0,train,42
9673,CO/N=C(/C(=O)N[C@H]1C(=O)N2C(C(=O)O)=C(C)CS[C@@H]12)c1csc(N)n1,0,train,42
9674,CO/N=C(/C(=O)N[C@H]1C(=O)N2C(C(=O)O)=C(COC(C)=O)CS(=O)[C@@H]12)c1csc(N)n1,0,train,42
9675,CO/N=C(/C(=O)N[C@H]1C(=O)N2C(C(=O)O)=C(CSC(=O)c3ccco3)CS[C@@H]12)c1csc(N)n1,0,test,42
9676,CO/N=C(/C(=O)N[C@H]1C(=O)N2C(C(=O)O)=C(CSc3nc(=O)c(=O)[nH]n3C)CS[C@@H]12)c1csc(N)n1,0,train,42
9677,CO/N=C(/C(=O)N[C@H]1C(=O)N2C(C(=O)O)=C(CSc3nc(C)c(CC(=O)O)s3)CS[C@@H]12)c1csc(N)n1,0,train,42
9678,CO/N=C(/C(=O)N[C@H]1C(=O)N2C(C(=O)O)=C(CSc3nnnn3C)CS[C@@H]12)c1csc(N)n1,0,train,42
9679,CO/N=C(/C(=O)N[C@H]1C(=O)N2C(C(=O)O)=C(Cn3nnc(C)n3)CS[C@@H]12)c1csc(N)n1,0,train,42
9680,CO/N=C(/C(=O)N[C@H]1C(=O)N2C(C(=O)O)=CCS[C@@H]12)c1csc(=N)[nH]1,0,train,42
9681,CO/N=C(\C(=O)N[C@@H]1C(=O)N(OCC(=O)O)[C@H]1C)c1csc(N)n1,0,train,42
9682,CO/N=C(\C(=O)N[C@@H]1C(=O)N2C(C(=O)O)=CCS[C@@H]12)c1csc(N)n1,1,train,42
9683,CO/N=C(\C(=O)N[C@@H]1C(=O)N2C(C(=O)OC(C)OC(=O)C(C)(C)OC)=C(COC(N)=O)CS[C@H]12)c1ccco1,0,val,42
9684,CO/N=C(\C(=O)N[C@@H]1C(=O)N2C(C(=O)OCOC(=O)C(C)(C)C)=CCS[C@H]12)c1csc(NC(=O)[C@H](C)N)n1,0,train,42
9685,CO/N=C(\C(=O)N[C@@H]1C(=O)N2C(C(=O)[O-])=C(C[n+]3cccc4c3CCC4)CS[C@H]12)c1csc(N)n1,0,train,42
9686,CO/N=C(\C(=O)N[C@@H]1C(=O)N2C(C(=O)[O-])=C(C[n+]3ccn4ncccc43)CS[C@H]12)c1nsc(N)n1,0,train,42
9687,COCC(NC(=O)N1CC(=O)Nc2cc(OC)cnc21)c1ccc(OC(F)(F)F)c(F)c1,1,train,42
9688,COCCCOc1ccnc(CS(=O)c2nc3ccccc3[nH]2)c1C,1,train,42
9689,COCCOc1cnc(NS(=O)(=O)c2ccccc2)nc1,1,train,42
9690,CON=C(C(=O)N[C@H]1C(=O)N2C(C(=O)O)=C(CSc3nc(=O)c(O)nn3C)CS[C@@H]12)c1csc(N)n1,0,train,42
9691,CO[C@@]1(NC(=O)CSC[C@@H]([NH3+])C(=O)[O-])C(=O)N2C(C(=O)O)=C(CSc3nnnn3C)CS[C@@H]21,0,train,42
9692,CO[C@H]1C=CO[C@@]2(C)Oc3c(C)c(O)c4c(O)c(c(/C=N/N5CCN(C)CC5)c(O)c4c3C2=O)NC(=O)C(C)=CC=C[C@H](C)[C@H](O)[C@@H](C)[C@@H](O)[C@@H](C)[C@H](OC(C)=O)[C@@H]1C,0,train,42
9693,CO[C@H]1C=CO[C@@]2(C)Oc3c(C)c(O)c4c(O)c(c(/C=N/N5CCN(C6CCCC6)CC5)c(O)c4c3C2=O)NC(=O)C(C)=CC=C[C@H](C)[C@H](O)[C@@H](C)[C@@H](O)[C@@H](C)[C@H](OC(C)=O)[C@@H]1C,0,train,42
9694,CO[C@H]1C=CO[C@@]2(C)Oc3c(C)c(O)c4c(c3C2=O)C2=NC3(CCN(CC(C)C)CC3)NC2=C(NC(=O)C(C)=CC=C[C@H](C)[C@H](O)[C@@H](C)[C@@H](O)[C@@H](C)[C@H](OC(C)=O)[C@@H]1C)C4=O,0,train,42
9695,COc1cc(C)c(S(C)=O)cc1OC,1,train,42
9696,COc1cc(N)c(Cl)cc1C(=O)N[C@@H]1CCN(CCCOc2ccc(F)cc2)C[C@@H]1OC,1,train,42
9697,COc1cc2c3c(c1)OC1C(=O)CCC4(O)C(C2)N(C)CCC314,1,train,42
9698,COc1cc2c3c(c1OC)-c1ccccc1CC3N(C)CC2,1,train,42
9699,COc1cc2nc(N3CCN(C(=O)C4CCCO4)CC3)nc(N)c2cc1OC,0,test,42
9700,COc1ccc(-c2coc3cc(O)ccc3c2=O)cc1,1,train,42
9701,COc1ccc(-c2coc3cc(O)ccc3c2=O)cc1O,1,val,42
9702,COc1ccc(-n2nc3c4ccc(OC)cc4[nH]cc-3c2=O)cc1,1,train,42
9703,COc1ccc(C(=O)NCc2cc(C(C)C)no2)cc1OC1CCN(C)CC1,1,test,42
9704,COc1ccc(C23c4ccccc4C(=O)N2CCN3C(=O)c2cc(F)c(F)c(F)c2)cc1C,1,train,42
9705,COc1ccc(C=CC(=O)O)cc1O,0,train,42
9706,COc1ccc(CCN(C)CCCN2CCc3cc(OC)c(OC)cc3CC2=O)cc1OC,1,train,42
9707,COc1ccc(CN2CCOC(COc3ccccc3)C2)cc1F,1,test,42
9708,COc1ccc(CNC(=O)C2CCN(c3c(C#N)cnc4ccc(F)cc34)CC2)cc1F,1,train,42
9709,COc1ccc(N2CCN(c3c(C)c(C)c4c(c3C)C(=O)C(C)(C)O4)CC2)cc1,1,train,42
9710,COc1ccc(N2CCN(c3c(C)c(C)c4c(c3C)CC(C)(C)O4)CC2)cc1,1,train,42
9711,COc1ccc(N2CCN(c3nc(-c4ccncn4)cc(=O)n3C)C(C)C2)cc1,1,train,42
9712,COc1ccc([C@]2(C#N)CC[C@H](C(=O)O)CC2)cc1OC1CCCC1,1,train,42
9713,COc1ccc2[nH]c([S@](=O)Cc3ncc(C)c(OC)c3C)nc2c1,0,train,42
9714,COc1ccc2c(CN3CCC(F)(F)C(CCc4ccc(F)cc4)C3)c[nH]c2c1,1,val,42
9715,COc1ccc2c(CN3CCC(F)(F)C(CCc4cccc(F)c4)C3)c[nH]c2c1,1,train,42
9716,COc1ccc2c(c1)CCN(C(=O)C1CCN(c3c(C#N)cnc4ccc(F)cc34)CC1)C2,1,train,42
9717,COc1ccc2cc(CCC(C)=O)ccc2c1,1,val,42
9718,COc1ccc2cc3[n+](cc2c1OC)CCc1cc2c(cc1-3)OCO2,1,test,42
9719,COc1cccc(C(=O)N[C@@H]2C[C@H]3CC[C@@H](C2)N3Cc2ccccc2)c1OC,1,train,42
9720,COc1cccc(C(=O)N[C@H]2C[C@H]3CC[C@@H](C2)N3Cc2ccccc2)c1OC,1,train,42
9721,COc1cccc(C2=NC(C(F)(F)F)(C(F)(F)F)c3c(n(-c4ccc(Cl)cc4)c(=O)[nH]c3=O)N2)c1,0,train,42
9722,COc1cccc2c1C(=O)c1c(O)c3c(c(O)c1C2=O)C[C@@](O)(/C(C)=N\NC(=O)c1ccccc1)C[C@@H]3O[C@H]1C[C@H](N)[C@H](O)[C@H](C)O1,0,train,42
9723,COc1ccccc1-n1nc2c3cc(Cl)ccc3[nH]cc-2c1=O,1,train,42
9724,COc1ccccc1N1CCN(CCCNc2cc(=O)n(C)c(=O)n2C)CC1,1,train,42
9725,COc1cccnc1CCCCNc1ncc(Cc2ccc(C)nc2)c(O)n1,0,train,42
9726,COc1ccnc(CS(=O)c2nc3cc(OC(F)F)ccc3[nH]2)c1OC,1,train,42
9727,COc1cnc(C(=O)Nc2ccc(F)c(C3(C)N=C(N)COC3F)c2)cn1,1,train,42
9728,COc1cncc(N2CC(NC(=O)c3sc4nnc(C)c(C)c4c3N)C2)c1,0,val,42
9729,COc1nn(-c2ccc(C)cc2)c2cc(-c3ccc(C4CC4C(=O)O)cc3)cc(F)c12,1,train,42
9730,COc1nn(-c2ccccn2)c2cc(-c3ccc(C4CC4C(=O)O)cc3)cc(F)c12,1,train,42
9731,COc1nn(-c2ccccn2)c2cc(-c3ccc(C4CC4C(=O)O)cc3)ccc12,1,val,42
9732,CSc1ccc(CNC(=O)c2sc3nnc(C)c(C)c3c2N)cc1,1,train,42
9733,CSc1ccc2ncn(/C=C/C(=O)O)c(=O)c2c1,1,test,42
9734,C[C@@H](C(=O)O)c1ccc(-c2ccccc2)c(F)c1,0,train,42
9735,C[C@@H](O)[C@H]1C(=O)N2C(C(=O)[O-])=C(SC3Cn4cnc[n+]4C3)[C@H](C)[C@H]12,0,train,42
9736,C[C@@H]1[C@@H](NC(=O)/C(=N\OC(C)(C)C(=O)O)c2csc(N)n2)C(=O)N1S(=O)(=O)O,0,train,42
9737,C[C@H](O)[C@@H]1C(=O)N2C(C(=O)O)=C(SCC/N=C/N)C[C@@H]12,0,train,42
9738,C[C@H](O)[C@H]1C(=O)N2C(C(=O)O)=C(SCCNC=N)C[C@@H]12,0,train,42
9739,C[C@H]1CN(c2c(F)c(N)c3c(=O)c(C(=O)O)cn(C4CC4)c3c2F)C[C@H](C)N1,1,train,42
9740,C[C@]12C=CC(=O)C=C1CC[C@@H]1[C@@H]2[C@@H](O)C[C@@]2(C)[C@H]1CC[C@]2(O)C(=O)COC(=O)CCC(=O)O,1,train,42
9741,C[C@]12C[C@@H]3CC(N)(C1)C[C@@](C)(C3)C2,1,train,42
9742,C[N+](C)(C)CCCCCC[N+](C)(C)C,0,train,42
9743,C[N+]1(CCCS(=O)(=O)[O-])C2CCC1CC(OC(=O)C(CO)c1ccccc1)C2,0,train,42
9744,Cc1cc(C)nc(NS(=O)(=O)c2ccc(N)cc2)n1,1,test,42
9745,Cc1cc(C23c4ccccc4C(=O)N2CCN3C(=O)c2ccc(F)c(F)c2)ccc1Cl,1,train,42
9746,Cc1cc(CC(=O)O)n(C)c1C(=O)c1ccc(Cl)cc1,1,train,42
9747,Cc1cc(O)c(C(=O)N[C@@H](C(=O)N[C@@H]2C(=O)N3C(C(=O)O)=C(CSc4nnnn4C)CS[C@H]23)c2ccc(O)cc2)cn1,0,val,42
9748,Cc1ccc(-n2nc(C)c3ccc(-c4ccc(C5CC5C(=O)O)cc4)cc32)cc1,1,train,42
9749,Cc1ccc(-n2nc(C)c3cnc(-c4ccc(C5CC5C(=O)O)cc4F)cc32)nc1,1,train,42
9750,Cc1ccc(C(=O)c2ccc(CC(=O)O)n2C)cc1,1,val,42
9751,Cc1ccc(CN2CCC(F)(F)C(CCc3ccccc3)C2)cc1C,1,val,42
9752,Cc1ccc(CN2CCOC(CSc3ccccc3)C2)cc1C,1,train,42
9753,Cc1ccc(OC2CCN(c3c(C#N)cnc4ccc(F)cc34)CC2)cn1,1,train,42
9754,Cc1ccc(OC2CCN(c3cc(C)nc4ccc(F)cc34)CC2)cn1,1,train,42
9755,Cc1ccc(OC2CCN(c3nc(C)nn4ccc(C)c34)CC2)cn1,1,train,42
9756,Cc1ccc(OC2CCN(c3ncnc4ccc(F)cc34)CC2)cn1,1,train,42
9757,Cc1ccc(OC2CCN(c3ncnc4sc(C)c(C)c34)CC2)cn1,1,val,42
9758,Cc1ccc(Oc2cccc(CC(=O)N3CCNc4nc(C(F)(F)F)ccc4C3CC(=O)O)c2)cn1,0,train,42
9759,Cc1ccc2ncnc(N3CCC(Oc4ccc(C)nc4)CC3)c2c1,1,train,42
9760,Cc1cccc(C)c1NC(=O)NCCCNC(C)C,1,train,42
9761,Cc1cnc(CS(=O)c2nc3ccccc3[nH]2)cc1OCC(F)(F)F,1,val,42
9762,Cc1coc2c1C(=O)C(=O)c1c-2ccc2c1CCCC2(C)C,1,train,42
9763,Cc1ncc(OC2CCN(c3ncnc4sc(C)c(C)c34)CC2)cn1,1,test,42
9764,Cc1nn(CC(F)CN2C3CCC2CC(OCc2cccc(F)c2)C3)c(=O)n1C,1,train,42
9765,Cc1nnc2sc(C(=O)NC3CN(C(=O)c4ccncc4)C3)c(N)c2c1C,0,train,42
9766,Cc1nnc2sc(C(=O)NC3CN(c4ccc(C(F)(F)F)nc4)C3)c(N)c2c1C,1,train,42
9767,Cc1nnc2sc(C(=O)NC3CN(c4cccc(F)c4F)C3)c(N)c2c1C,1,val,42
9768,Cc1nnc2sc(C(=O)NC3CN(c4ccccc4)C3)c(N)c2c1C,1,train,42
9769,Cc1nnc2sc(C(=O)NC3CN(c4cccnc4)C3)c(N)c2c1C,0,train,42
9770,Cc1nnc2sc(C(=O)NC3CN(c4ccncn4)C3)c(N)c2c1C,0,train,42
9771,Cc1nnc2sc(C(=O)NC3CN(c4cnccn4)C3)c(N)c2c1C,0,val,42
9772,Cc1nnc2sc(C(=O)NC3CN(c4cncnc4)C3)c(N)c2c1C,0,train,42
9773,Cc1nnc2sc(C(=O)NC3CN(c4nc5cccnc5s4)C3)c(N)c2c1C,1,train,42
9774,Cc1nnc2sc(C(=O)NCc3ccc(-c4ccc(F)nc4)cc3)c(N)c2c1C,1,train,42
9775,Cc1nnc2sc(C(=O)NCc3ccc(-c4cccnc4F)cc3)c(N)c2c1C,1,train,42
9776,Cc1nnc2sc(C(=O)NCc3ccc(-c4ccnc(F)c4)cc3)c(N)c2c1C,1,train,42
9777,Cc1nnc2sc(C(=O)NCc3ccc(-c4ccncc4)cc3)c(N)c2c1C,1,train,42
9778,Cc1nnc2sc(C(=O)NCc3ccc(S(=O)(=O)C(C)(C)C)cc3)c(N)c2c1C,1,train,42
9779,Cc1nnc2sc(C(=O)NCc3ccc(S(=O)(=O)C(C)C)cc3)c(N)c2c1C,0,train,42
9780,Cc1nnc2sc(C(=O)NCc3ccc(S(=O)(=O)C(F)(F)F)cc3)c(N)c2c1C,1,train,42
9781,Cc1nnc2sc(C(=O)NCc3ccc(S(=O)(=O)C(F)F)cc3)c(N)c2c1C,1,test,42
9782,Cc1nnc2sc(C(=O)NCc3ccc(S(=O)(=O)C4CC4)cc3)c(N)c2c1C,0,train,42
9783,Cc1nnc2sc(C(=O)NCc3ccc(S(C)(=O)=O)c(F)c3)c(N)c2c1C,1,val,42
9784,Cc1nnc2sc(C(=O)NCc3ccc(S(C)(=O)=O)cc3)c(N)c2c1C,0,train,42
9785,Cc1nnc2sc(C(=O)NCc3ccc(S(F)(F)(F)(F)F)cc3)c(N)c2c1C,1,train,42
9786,Cc1noc(C)c1S(=O)(=O)N1CCN(c2ccc(N3CCCC(C)(C)C3)nn2)CC1,1,val,42
9787,Cc1sc2ncnc(N3CCC(C(=O)N4CCC(F)C4)CC3)c2c1C,1,train,42
9788,Cc1sc2ncnc(N3CCC(C(=O)N4CCCC4)CC3)c2c1C,1,train,42
9789,Cc1sc2ncnc(N3CCC(Oc4ccc(Cl)nc4)CC3)c2c1C,1,train,42
9790,Cc1sc2ncnc(N3CCC(Oc4ccc(F)nc4)CC3)c2c1C,1,train,42
9791,Cc1sc2ncnc(N3CCC(Oc4ccc5c(c4)CCO5)CC3)c2c1C,1,train,42
9792,Clc1ccc(CN2CCOC(COc3ccccc3)C2)cc1,1,train,42
9793,Clc1ccc(CN2CCOC(CSc3ccccc3)C2)cc1,1,train,42
9794,Clc1ccc(N2CCN(Cc3c[nH]c4ncccc34)CC2)cc1,1,train,42
9795,Clc1ccc2c(CN3CCOC(COc4ccccc4)C3)c[nH]c2c1,1,train,42
9796,Cn1c(NCC(=O)c2ccccc2)nc(-c2ccncc2)cc1=O,1,test,42
9797,Cn1c2c(c(=O)n(C)c1=O)C(C(F)(F)F)(C(F)(F)F)N=C(c1cccc([N+](=O)[O-])c1)N2,0,train,42
9798,Cn1c2c(c(=O)n(C)c1=O)C(C(F)(F)F)(C(F)(F)F)NC(c1ccc(Cl)cc1)=N2,1,train,42
9799,Cn1cc(-c2ccc(CN3Cc4ncccc4C3=O)c(F)c2)cn1,1,train,42
9800,Cn1cc2c(-c3cc(F)c(CN4C=CC5=NCCN5C4=O)c(F)c3)cccc2n1,1,train,42
9801,Cn1cc2c(-c3cc(F)c(CN4CCc5ncccc5C4=O)c(F)c3)cccc2n1,1,val,42
9802,Cn1cc2c(-c3cc(F)c(Cn4c(=O)cnc5ccccc54)c(F)c3)cccc2n1,1,test,42
9803,Cn1cc2c(-c3cc(F)c(Cn4cnc5ccccc5c4=O)c(F)c3)cccc2n1,1,val,42
9804,Cn1cc2c(-c3cc(F)c(Cn4cnc5cnccc5c4=O)c(F)c3)cccc2n1,1,train,42
9805,Cn1cc2cc(-c3cc(F)c(CN4CCn5nccc5C4=O)c(F)c3)ccc2n1,1,train,42
9806,Cn1cc2cc(-c3cc(F)c(Cn4c(=O)cnc5ncccc54)c(F)c3)ccc2n1,1,train,42
9807,Cn1cnc(S(=O)(=O)N2CC3C(C2)C3(CNC(=O)c2c(Cl)cccc2Cl)CC2CC2)c1,1,train,42
9808,Cn1cnc(S(=O)(=O)N2CC3C(C2)C3(CNC(=O)c2cc(Cl)cc(Cl)c2)CC2CC2)c1,1,val,42
9809,Cn1cnc(S(=O)(=O)N2CC3C(C2)C3(CNC(=O)c2ccc(Cl)c(Cl)c2)CC2CC2)c1,1,val,42
9810,Cn1cnc(S(=O)(=O)N2CC3C(C2)C3(CNC(=O)c2ccc(Cl)cc2)CC2CC2)c1,1,train,42
9811,Cn1cnc(S(=O)(=O)N2CC3C(C2)C3(CNC(=O)c2ccc(Cl)cc2Cl)CC2CC2)c1,1,train,42
9812,Cn1cnc(S(=O)(=O)N2CC3C(C2)C3(CNC(=O)c2ccc(Cl)cc2Cl)c2ccccn2)c1,1,train,42
9813,Cn1cnc(S(=O)(=O)N2CC3C(C2)C3(CNC(=O)c2cccc(C(F)(F)F)c2)CC2CC2)c1,1,val,42
9814,Cn1cnc(S(=O)(=O)N2CC3C(C2)C3(CNC(=O)c2ccccc2C(F)(F)F)CC2CC2)c1,1,train,42
9815,Cn1cnc(S(=O)(=O)N2CC3C(C2)C3(CNC(=O)c2ccccc2C(F)(F)F)c2ccccn2)c1,1,train,42
9816,Cn1cnc(S(=O)(=O)N2CC3C(C2)C3(CNC(=O)c2ccccc2Cl)CC2CC2)c1,1,train,42
9817,Cn1ncc2cc(CN3CCOC(COc4ccccc4)C3)ccc21,1,train,42
9818,Fc1ccc(CCC2CN(Cc3c[nH]c4cc(Cl)ccc34)CCC2(F)F)cc1,1,train,42
9819,Fc1ccc(CCC2CN(Cc3c[nH]c4cc(F)ccc34)CCC2(F)F)cc1,1,train,42
9820,Fc1ccc2c(CN3CCC(F)(F)C(CCc4ccccc4)C3)c[nH]c2c1,1,train,42
9821,Fc1ccc2c(CN3CCC(F)(F)C(CCc4ccccc4F)C3)c[nH]c2c1,1,test,42
9822,Fc1ccccc1CCC1CN(Cc2c[nH]c3cc(Cl)ccc23)CCC1(F)F,1,train,42
9823,N#Cc1ccc2c(c1)CCN(CC[C@H]1CC[C@H](NC(=O)c3ccnc4ccccc34)CC1)C2,1,val,42
9824,N#Cc1cnc2ccc(F)cc2c1N1CCC(C(=O)Nc2ccc(S(N)(=O)=O)cc2)CC1,1,train,42
9825,N#Cc1csc(NC(=O)C2c3ccccc3Oc3ccccc32)n1,1,train,42
9826,N/C(=N/O)C1=NNc2ccccc2N(Cc2ccccc2)C1=O,1,test,42
9827,N=C(N)N/N=C/c1c(Cl)cccc1Cl,1,train,42
9828,N=C(N)NC[C@@H]1COC2(CCCCC2)O1,1,train,42
9829,N=C(N)NC[C@@H]1COc2ccccc2O1,1,train,42
9830,N=C(N)Nc1nc(-c2cccc(N)c2)cs1,0,train,42
9831,NC(=O)CCC/N=C(\c1ccc(Cl)cc1)c1cc(F)ccc1O,1,val,42
9832,NC(=O)OC[C@@H]1[C@H](NC(=O)/C(=N/OCC(=O)O)c2csc(N)n2)C(=O)N1S(=O)(=O)O,0,train,42
9833,NC(=O)c1cc[n+](CC2=C(C(=O)[O-])N3C(=O)[C@@H](NC(=O)Cc4cccs4)[C@H]3SC2)cc1,0,train,42
9834,NC(=O)c1cc[n+](CC2=C(C(=O)[O-])N3C(=O)[C@@H](NC(=O)[C@@H](c4ccccc4)S(=O)(=O)O)[C@H]3SC2)cc1,0,train,42
9835,NC(N)=NC(=O)Cc1c(Cl)cccc1Cl,1,train,42
9836,NC[C@H]1CC[C@@H](C(=O)O)CC1,1,train,42
9837,N[C@@H](C(=O)N[C@@H]1C(=O)N2C(C(=O)O)=C(CSc3c[nH]nn3)CS[C@H]12)c1ccc(O)cc1,0,test,42
9838,N[C@@H]1[C@H]2CN(c3nc4c(cc3F)c(=O)c(C(=O)O)cn4-c3ccc(F)cc3F)C[C@@H]12,1,train,42
9839,N[C@]12CC3C[C@H](C[C@H](C3)C1)C2,1,train,42
9840,Nc1cccnc1C(=O)Nc1ccc(N2C(=O)c3ccccc3C2=O)c(Cl)c1,1,train,42
9841,Nc1nc(N2CCCCC2)cc[n+]1[O-],1,train,42
9842,Nc1nc(O)c2c(n1)NCC(CNc1ccc(C(=O)NC(CCC(=O)O)C(=O)O)cc1)N2C=O,1,train,42
9843,Nc1ncc(/C(=N/OC2CCNC2=O)C(=O)N[C@@H]2C(=O)N3C(C(=O)[O-])=C(C[n+]4ccccc4)CS[C@H]23)s1,0,train,42
9844,O=C(C1CCN(c2cc(Oc3ccc(F)cc3F)ncn2)CC1)N1Cc2ccccc2C1,1,train,42
9845,O=C(C1CCN(c2cc(Oc3ccccc3F)ncn2)CC1)N1CCc2ccccc2C1,1,train,42
9846,O=C(C=Cc1ccc(O)c2c1C(C(=O)OC(Cc1ccc(O)c(O)c1)C(=O)O)C(c1ccc(O)c(O)c1)O2)OC(Cc1ccc(O)c(O)c1)C(=O)O,0,val,42
9847,O=C(C=Cc1ccc(O)cc1)c1ccc(O)cc1O,1,test,42
9848,O=C(COc1ccc(Cl)cc1)OCCN[C@]12CC3C[C@H](C[C@H](C3)C1)C2,1,train,42
9849,O=C(Cc1cccc(Oc2ccccc2)c1)N1CCNc2nc(C(F)(F)F)ccc2C1,1,train,42
9850,O=C(Cc1cccs1)N[C@@H]1C(=O)N2C(C(=O)[O-])=C(C[n+]3ccccc3)CS[C@H]12,0,val,42
9851,O=C(NCCc1ccc(O)c(O)c1)[C@]12CC3C[C@H](C[C@H](C3)C1)C2,1,train,42
9852,O=C(Nc1ccc(F)cn1)c1cc(Oc2cncc(F)c2)cn2cnnc12,1,test,42
9853,O=C(Nc1ccc(F)cn1)c1cc(Oc2cncc(F)c2)cn2ncnc12,1,train,42
9854,O=C(Nc1nc(C(F)(F)F)co1)C1c2ccccc2Oc2ccccc21,1,train,42
9855,O=C(O)C1OC(Oc2cc3oc(-c4ccccc4)cc(=O)c3c(O)c2O)C(O)C(O)C1O,0,train,42
9856,O=C(O)[C@H]1CCN1[C@]12CC3C[C@H](C[C@H](C3)C1)C2,1,train,42
9857,O=C(O)c1cc(-c2ccc(F)cc2F)ccc1O,1,train,42
9858,O=C(O[C@H]1C[C@@H]2C[C@H]3C[C@H](C1)N2CC3=O)c1c[nH]c2ccccc12,1,train,42
9859,O=C([O-])C1=C(C[n+]2ccc(CCS(=O)(=O)O)cc2)CS[C@@H]2[C@H](NC(=O)[C@H](NC(=O)c3nc[nH]c3C(=O)O)c3ccccc3)C(=O)N12,0,train,42
9860,O=C(c1ccc(F)cc1)N1CCc2nc(COc3cccc(F)c3)oc2C1,1,train,42
9861,O=C(c1n[nH]c2ncccc12)N1CCc2nc(COc3ccccc3)oc2C1,1,train,42
9862,O=C1C(CCS(=O)c2ccccc2)C(=O)N(c2ccccc2)N1c1ccccc1,1,train,42
9863,O=C1C=CCC2C3CCC[N+]4([O-])CCCC(CN12)C34,0,train,42
9864,O=C1CC(c2c[nH]c3ccc(F)cc23)C(=O)N1,1,train,42
9865,O=C1CCCC2C3CCCN4CCCC(CN12)C34,0,train,42
9866,O=C1CCCC2C3CCC[N+]4([O-])CCCC(CN12)C34,0,train,42
9867,O=C1c2ccccc2C(=O)C1c1ccccc1,1,train,42
9868,O=Cc1ccc(O)c(O)c1,0,train,42
9869,O=S(=O)(O)CC[S],1,train,42
9870,O=[N+]([O-])C1C(NCCSCc2ccccn2)=NCC1Cc1ccccc1,1,train,42
9871,O=[N+]([O-])c1ccc(O)c2ncccc12,1,train,42
9872,O=c1c(-c2ccc(O)cc2)coc2c(C3OC(CO)C(O)C(O)C3O)c(O)ccc12,0,train,42
9873,O=c1c2ccncc2ncn1Cc1c(F)cc(-c2ccc3cnccc3c2)cc1F,1,train,42
9874,O=c1ccc2cc3ccoc3cc2o1,1,train,42
9875,O=c1ccc2ccc3occc3c2o1,1,val,42
9876,OCC1OC(OCCc2ccc(O)cc2)C(O)C(O)C1O,0,train,42
9877,CC(=O)O[C@@H](CC(=O)[O-])C[N+](C)(C)C,1,val,42
9878,COc1ccc2[nH]cc(CCNC(C)=O)c2c1,1,val,42
9879,CC(=O)N[C@@H](CC(C)C)C(=O)O,1,train,42
9880,N[C@]12C[C@H]3C[C@H](C[C@H](C3)C1)C2,1,train,42
9881,CCN1CCC[C@@H]1CNC(=O)c1cc(S(=O)(=O)CC)c(N)cc1OC,1,train,42
9882,O[C@](CCN1CCCCC1)(c1ccccc1)[C@@H]1C[C@@H]2C=C[C@H]1C2,1,train,42
9883,CCCCN1CCCC[C@H]1C(=O)Nc1c(C)cccc1C,1,train,42
9884,C[C@@H]1O[C@]2(CS1)CN1CCC2CC1,1,train,42
9885,C/N=C1/CN(O)C(c2ccccc2)=c2cc(Cl)ccc2=N1,1,train,42
9886,O=C1CN2CCO[C@]2(c2ccccc2Cl)c2cc(Cl)ccc2N1,1,train,42
9887,C[C@H](CN1c2ccccc2Sc2ccc(S(=O)(=O)N(C)C)cc21)N(C)C,1,test,42
9888,CCN[C@H](C)Cc1cccc(C(F)(F)F)c1,1,train,42
9889,O=C(OC[C@H](O)CO)c1ccccc1Nc1ccnc2c(C(F)(F)F)cccc12,1,test,42
9890,O=C(OC[C@H](O)CO)c1ccccc1Nc1ccnc2cc(Cl)ccc12,1,test,42
9891,CN1[C@@H]2CCC(C)(C)[C@H]1C[C@H](OC(=O)C(O)(c1cccs1)c1cccs1)C2,1,test,42
9892,C[C@]12C[C@@H]3C[C@](C)(C1)C[C@@](N)(C3)C2,1,train,42
9893,Cc1cccc(C)c1NC(=O)[C@H]1CCCCN1C,1,train,42
9894,CCC(=O)C(C[C@@H](C)N(C)C)(c1ccccc1)c1ccccc1,1,train,42
9895,CN1CCC[C@H](CC2c3ccccc3Sc3ccccc32)C1,1,test,42
9896,NC(=O)C[S@](=O)C(c1ccccc1)c1ccccc1,1,train,42
9897,O=C1N[C@H]2CCCCN2C12CCN(CCCN1c3ccccc3CCc3ccc(Cl)cc31)CC2,1,val,42
9898,Cc1c(NC(=O)c2cccnc2)c(=O)n(-c2ccccc2)n1C,1,train,42
9899,CCCN[C@H](C)C(=O)Nc1ccccc1C,1,train,42
9900,CCCn1cnc2c1c(=O)n(CCCCC(C)=O)c(=O)n2C,1,train,42
9901,CN1[C@@H]2C[C@H](OC(=O)[C@@H](CO)c3ccccc3)C[C@H]1[C@@H]1O[C@@H]12,1,train,42
9902,CCCCNc1ccc(C(=O)OCCN(C)C)cc1,1,train,42
9903,O[C@@](CCN1CCCCC1)(c1ccccc1)C1CCCCC1,1,train,42
9904,CC[C@@H]1C(=O)OC[C@@H]1Cc1cncn1C,1,test,42
9905,Nc1ccncc1N,1,train,42
9906,CC[C@@H](C)C(C)(COC(N)=O)COC(N)=O,1,train,42
9907,CC[C@H](N)C(=O)O,1,train,42
9908,CC[C@]1(C)OC(=O)N(C)C1=O,1,train,42
9909,CCN(CC)CCOC(=O)c1ccc(N)cc1Cl,1,train,42
9910,CC[C@@H](CO)NC(=O)[C@@H]1C=C2c3cccc4c3c(cn4C)C[C@H]2N(C)C1,1,val,42
9911,O=c1cccc2n1C[C@@H]1CNC[C@H]2C1,1,train,42
9912,CCCCSc1ccc([C@H](SCCN(C)C)c2ccccc2)cc1,1,train,42
9913,CCN1C(=O)OC(C)(C)C1=O,1,train,42
9914,C=CC[C@H](C(=O)NC(N)=O)C(C)C,1,train,42
9915,CC(C)CNCCOC(=O)c1cccc(N)c1,1,train,42
9916,CCOC(=O)C1(c2ccccc2)CCN(CC[C@H](O)c2ccccc2)CC1,1,train,42
9917,C[N+](C)(C)CCO[P@](=O)([O-])O[P@@](=O)(O)OC[C@H]1O[C@@H](n2ccc(N)nc2=O)[C@H](O)[C@@H]1O,1,train,42
9918,C[N+](C)(C)CCO[P@@](=O)(O)O[P@@](=O)(O)OC[C@H]1O[C@@H](n2ccc(N)nc2=O)[C@H](O)[C@@H]1O,1,val,42
9919,NC[C@H](CC(=O)O)c1ccccc1,1,train,42
9920,CCOc1ccc(NC(=O)C[C@@H](C)O)cc1,1,train,42
9921,CCN[C@H]1[C@H]2CC[C@H](C2)[C@@H]1c1ccccc1,1,train,42
9922,C[C@@H]1[C@@H]2Cc3ccc(O)cc3[C@@]1(C)CCN2CCc1ccccc1,1,train,42
9923,C[C@H](CN1CCN(CCOCCO)CC1)CN1c2ccccc2Sc2ccccc21,1,train,42
9924,C=CCC1(C[C@@H](C)O)C(=O)NC(=O)NC1=O,1,train,42
9925,C=C(Br)C[C@]1(C(C)C)C(=O)NC(=O)N(C)C1=O,1,train,42
9926,CCC1(C2=C[C@@H]3CC[C@H](C2)C3)C(=O)NC(=O)NC1=O,1,train,42
9927,C[C@H](Cc1ccccc1)NCCn1cnc2c1c(=O)n(C)c(=O)n2C,1,test,42
9928,CC[C@@H](C)[C@@H](CC)C(N)=O,1,train,42
9929,C[C@H](CC1c2ccccc2CCc2ccccc21)CN(C)C,1,train,42
9930,CCCCNCC(=O)Nc1c(C)cccc1Cl,1,train,42
9931,COC(=O)[C@@H](N)Cc1ccc(O)c(O)c1,1,train,42
9932,N[C@H]1C[C@@H]1c1ccccc1,1,train,42
9933,CCN(CC)CCCOC(=O)[C@@]1(c2ccccc2)C[C@@H]2CC[C@H]1C2,1,train,42
9934,C[C@@H](Oc1c(Cl)cccc1Cl)C1=NCCN1,1,train,42
9935,O=C1CC[C@@](c2ccccc2)(C2CCN(Cc3ccccc3)CC2)C(=O)N1,1,val,42
9936,C[C@H]1O[C@@H](C)O[C@@H](C)O1,1,train,42
9937,CCCN[C@@H](C)C(=O)Nc1c(C)csc1C(=O)OC,1,train,42
9938,CN(C)CCC=C1c2ccccc2OCc2c1oc1ccccc21,1,test,42
9939,CCCN(CC)[C@@H](CC)C(=O)Nc1c(C)cccc1C,1,train,42
9940,O=C1[C@@H](O)N=C(c2ccccc2F)c2cc(Cl)ccc2N1CCO,1,train,42
9941,C=CCC1(CC)C(=O)NC(=O)NC1=O,1,train,42
9942,CCCN(CCc1cccs1)[C@H]1CCc2c(O)cccc2C1,1,test,42
9943,CCC(=O)n1c(=O)n(C2CCN(CCC(C#N)(c3ccccc3)c3ccccc3)CC2)c2ccccc21,1,test,42
9944,CC(C)N1C[C@@H](O)c2cc(/N=N/C(N)=O)c(O)cc21,1,train,42
9945,CC[C@@H](C)N(C[C@H](O)c1cccn1Cc1ccccc1Cl)[C@H](C)CC,1,train,42
9946,CCN(CC)CCCN1c2ccccc2Sc2ccc(Cl)cc21,1,train,42
9947,CC(=O)Oc1cccc(C(=O)O)c1OC(C)=O,1,train,42
9948,COc1ccccc1OC(=O)c1ccccc1OC(C)=O,1,test,42
9949,C[C@H](CCN1CCN(c2ccc(F)cc2)CC1)NC(=O)c1cccnc1,1,train,42
9950,CCOC(=O)c1c[n+](C)c2n(c1=O)[C@@H](C)CCC2,1,test,42
9951,CN[C@@H]1CCc2[nH]c3ccc(C(N)=O)cc3c2C1,1,train,42
9952,COc1ccc2cccc(CCNC(C)=O)c2c1,1,train,42
9953,C[C@@H]1O[C@@]2(CS1)CN1CCC2CC1,1,train,42
9954,c1ccc2c(c1)CCc1ccccc1N2[C@H]1CN2CCC1CC2,1,train,42
9955,C[C@@H]1C[C@H]2[C@@H]3CCC4=CC(=O)C=C[C@]4(C)C3=CC[C@]2(C)[C@H]1C(=O)CN1CCN(c2cc(N3CCCC3)nc(N3CCCC3)n2)CC1,1,train,42
9956,CN1C(=O)N(C)[C@H]2[C@@H]1N(C)C(=O)N2C,1,train,42
9957,CN(C)C[C@@H](c1ccc(O)cc1)C1(O)CCCCC1,1,val,42
9958,C[C@H](NCc1ccc(OCc2cccc(F)c2)cc1)C(N)=O,1,train,42
9959,CN1[C@@H]2C[C@H](OC(=O)[C@H](CO)c3ccccc3)C[C@H]1[C@@H]1O[C@@H]12,1,train,42
9960,c1cnc2cc3c(cc2n1)[C@@H]1CNC[C@H]3C1,1,test,42
9961,CCCN1CCCC[C@H]1C(=O)Nc1c(C)cccc1C,1,train,42
9962,CN1[C@@H]2CC[C@H]1CC(=C1c3ccccc3CSc3ccccc31)C2,1,train,42
9963,O=C1[C@@H]2[C@H]3CC[C@H](C3)[C@@H]2C(=O)N1C[C@@H]1CCCC[C@H]1CN1CCN(c2nsc3ccccc23)CC1,1,train,42
9964,COC[C@@H](NC(C)=O)C(=O)NCc1ccccc1,1,train,42
9965,C[C@H]1[C@H]2Cc3ccc(O)cc3[C@]1(C)CCN2CCc1ccccc1,1,train,42
9966,COC(=O)[C@H]1[C@@H](OC(=O)c2ccccc2)C[C@@H]2CC[C@H]1N2C,1,train,42
9967,Nc1c2c(nc3c1CCC3)CCCC2,1,train,42
9968,CN1[C@@H]2C[C@H](OC(=O)[C@@H](CO)c3ccccc3)C[C@H]1[C@H]1O[C@H]12,1,train,42
9969,C=C(C)[C@@H]1CCC(C)=C[C@H]1c1c(O)cc(CCCCC)cc1O,1,train,42
9970,C[N+](C)(C)CCO[P@](=O)([O-])OC[C@H](O)CO,1,train,42
9971,O=c1cccc2n1C[C@H]1CNC[C@@H]2C1,1,test,42
9972,CN1[C@@H]2CC[C@H]1C[C@H](OC(c1ccccc1)c1ccccc1)C2,1,train,42
9973,O=C(C[S@@](=O)C(c1ccccc1)c1ccccc1)NO,1,train,42
9974,CN1C[C@H]2c3ccccc3Oc3ccc(Cl)cc3[C@@H]2C1,1,train,42
9975,N[C@@H](CCCN1C(=O)NC(c2ccccc2)(c2ccccc2)C1=O)C(=O)O,1,train,42
9976,CCn1c(=O)c2c(nc(/C=C/c3ccc(OC)c(OC)c3)n2C)n(CC)c1=O,1,train,42
9977,Cc1cccc([C@H](C)c2cnc[nH]2)c1C,1,train,42
9978,CC(C)(C)[C@H](O)/C=C/c1ccc2c(c1)OCO2,1,val,42
9979,CN(C)CC/C=C1\c2ccccc2OCc2c1oc1ccccc21,1,train,42
9980,CN(C)CC/C=C1/c2ccccc2OCc2c1oc1ccccc21,1,test,42
9981,NC(=O)OC[C@@H](O)c1ccccc1Cl,1,train,42
9982,CC(=O)O[C@H](CC(=O)[O-])C[N+](C)(C)C,1,test,42
9983,CCC[C@@H]1CC(=O)N([C@@H](CC)C(N)=O)C1,1,test,42
9984,CC[C@@H](c1cccc(O)c1)[C@@H](C)CN(C)C,1,train,42
9985,CCOc1ccc2nc(SCCN3CCOCC3)[nH]c2c1,1,train,42
9986,COC(=O)CC[C@@H]1N=C(c2ccccn2)c2cc(Br)ccc2-n2c(C)cnc21,1,train,42
9987,NC(=O)N1c2ccccc2C[C@H](O)c2ccccc21,1,train,42
9988,CN1[C@@H]2C[C@H](OC(=O)[C@H](CO)c3ccccc3)C[C@H]1[C@H]1O[C@H]12,1,train,42
9989,Clc1ccc(CCCOCCCN2CCCCC2)cc1,1,train,42
9990,Cc1ccc(Sc2ccccc2N2CCNCC2)c(C)c1,1,train,42
9991,CC(C)COc1ccc(CNC(=O)N(Cc2ccc(F)cc2)C2CCN(C)CC2)cc1,1,train,42
9992,NC(=O)OC[C@H](N)Cc1ccccc1,1,val,42
9993,CCC(=O)NC[C@@H]1C[C@H]1c1cccc2c1CCO2,1,train,42
9994,CN(C)C(=O)N[C@H]1CC[C@@H](CCN2CCN(c3cccc(Cl)c3Cl)CC2)CC1,1,train,42
9995,C[C@@H](Cc1ccccc1)NC(=O)[C@@H](N)CCCCN,1,test,42
9996,NC(=O)O[C@@H](Cn1ncnn1)c1ccccc1Cl,1,train,42
9997,O=c1ccc2ccc(OCCCCN3CCN(c4cccc5sccc45)CC3)cc2[nH]1,1,train,42
9998,CCOC(=O)[C@@]1(c2ccccc2)CCC=C[C@@H]1N(C)C,1,train,42
9999,C[C@H]1O[C@]2(CS1)CN1CCC2CC1,1,train,42
10000,CCN1[C@@H]2CC[C@H]1C[C@H](OC(c1ccccc1)c1ccccc1)C2,1,train,42
10001,CC(=O)[C@@]1(O)CC[C@H]2[C@@H]3C[C@H](C(F)(F)F)C4=CC(=O)CC[C@]4(C)[C@H]3CC[C@@]21C,1,train,42
10002,COc1cc2c(cc1OC)[C@H]1C[C@@H](OC(=O)[C@@H](N)C(C)C)[C@H](CC(C)C)CN1CC2,1,train,42
10003,Cc1ccc(-n2nccn2)c(C(=O)N2CCN(c3nc4cc(Cl)ccc4o3)CC[C@H]2C)c1,1,train,42
10004,C[N+](C)(C)CCO[P+]([O-])([O-])O[P+]([O-])([O-])OC[C@H]1O[C@@H](n2ccc(N)nc2=O)[C@H](O)[C@@H]1O,1,train,42
10005,CCN(C(=O)c1c(O)c2c(Cl)cccc2n(C)c1=O)c1ccccc1,1,train,42
10006,CCC1=C[C@@H]2[C@H](C1)C[C@]2(CN)CC(=O)O,1,train,42
10007,CN1[C@H]2CCC(C)(C)[C@@H]1C[C@@H](OC(=O)C(O)(c1cccs1)c1cccs1)C2,1,test,42
10008,CN1[C@@H]2CCC(C)(C)[C@@H]1C[C@H](OC(=O)C(O)(c1cccs1)c1cccs1)C2,1,train,42
10009,CC/N=C1\Nc2ccc(Cl)cc2[C@@](C)(c2ccccc2)O1,1,train,42
10010,CN(C)CCO[C@@H](c1ccc(Cl)cc1)c1ccccn1,1,train,42
10011,Cc1cccc(CN2CCN([C@H](c3ccccc3)c3ccc(Cl)cc3)CC2)c1,1,test,42
10012,CN(C)CC[C@@H](c1ccc(Br)cc1)c1ccccn1,1,train,42
10013,CN(C)CCN(Cc1ccc(Cl)cc1)c1ccccn1,1,train,42
10014,CN(C)CCO[C@](C)(c1ccccc1)c1ccccn1,1,test,42
10015,CN(C)CC[C@@H](c1ccc(Cl)cc1)c1ccccn1,1,train,42
10016,CN(C)CCO[C@H](c1ccccc1)c1ccc(Br)cc1,1,test,42
10017,Cc1ccc(/C(=C\CN2CCCC2)c2ccccn2)cc1,1,test,42
